"Plate File","Setup Time","Position","Plate Type","Field 1","Field 2","Field 3","Field 4","Hour","A01","A02","A03","A04","A05","A06","A07","A08","A09","A10","A11","A12","B01","B02","B03","B04","B05","B06","B07","B08","B09","B10","B11","B12","C01","C02","C03","C04","C05","C06","C07","C08","C09","C10","C11","C12","D01","D02","D03","D04","D05","D06","D07","D08","D09","D10","D11","D12","E01","E02","E03","E04","E05","E06","E07","E08","E09","E10","E11","E12","F01","F02","F03","F04","F05","F06","F07","F08","F09","F10","F11","F12","G01","G02","G03","G04","G05","G06","G07","G08","G09","G10","G11","G12","H01","H02","H03","H04","H05","H06","H07","H08","H09","H10","H11","H12"
"C:\Users\cfg364\Sommerlab Dropbox\Casper van der Luijt\Casper\Data\BioLog\OmniLog\CL2\DATA_2024\07\_NRRL 3488_Aspergillus oryzae__1_30_CL2_769_7#24#2024_A_ 9A_7.OKA","7/24/2024 10:32:48 PM"," 9-A","PM01","","NRRL 3488","Aspergillus oryzae","",0.0000,"11.0000","11.0000","11.0000","11.0000","11.0000","11.0000","11.0000","11.0000","11.0000","11.0000","11.0000","13.1895","11.0000","11.0000","11.0000","11.0000","11.0000","11.0000","11.0000","11.0000","11.0000","11.0000","11.0000","11.0000","11.0000","11.0000","11.0000","11.0000","11.0000","11.0000","11.0000","11.0000","11.0000","11.0000","11.0000","19.3680","11.0301","11.0000","11.0000","11.0000","11.0000","11.0000","11.0000","11.0000","11.0000","11.0000","11.0000","14.5052","14.6667","11.0000","11.0000","11.0000","11.0000","11.0000","11.0000","11.0000","11.0000","11.0000","20.0345","12.0498","13.0155","11.0000","11.0000","11.0000","11.0613","11.0000","11.0000","11.0000","11.0000","11.0000","13.8010","12.4949","17.6064","11.0000","11.0000","11.0000","11.0000","11.0000","11.0000","11.0000","11.0000","11.0000","13.3506","19.3195","21.4953","13.0607","11.0000","13.5078","12.9911","21.4527","11.5476","19.1546","12.6398","15.0272","16.6440","20.1315"
"C:\Users\cfg364\Sommerlab Dropbox\Casper van der Luijt\Casper\Data\BioLog\OmniLog\CL2\DATA_2024\07\_NRRL 3488_Aspergillus oryzae__1_30_CL2_769_7#24#2024_A_ 9A_7.OKA","7/24/2024 10:32:48 PM"," 9-A","PM01","","NRRL 3488","Aspergillus oryzae","",0.2500,"11.0000","11.0000","11.0000","11.0000","11.0000","11.0000","11.0000","11.0000","11.0000","11.0000","11.0000","11.0927","11.0000","11.0000","11.0000","11.0000","11.0000","11.0000","11.0000","11.0000","11.0000","11.0000","11.0000","14.7032","11.0000","11.0000","11.0000","11.0000","11.0000","11.0000","11.0000","11.0000","11.0000","11.0000","11.0000","13.2620","11.0000","11.0000","11.0000","11.0000","11.0000","11.0000","11.0000","11.0000","11.0000","11.0000","11.0000","11.0000","13.4212","11.0000","11.0000","11.0000","11.0000","11.0000","11.0000","11.0000","11.0000","11.0000","12.8633","14.6514","11.2758","11.0000","11.0000","11.0000","11.0000","11.0000","11.0000","11.0000","11.0000","11.0000","13.3425","14.4036","13.3288","11.0000","11.0000","11.0000","11.0000","11.0000","11.0000","11.0000","11.0000","11.0000","11.0000","18.4397","26.7173","11.0000","11.0000","13.2046","11.0000","24.7467","12.2912","12.6247","13.8085","11.0000","19.0367","20.4658"
"C:\Users\cfg364\Sommerlab Dropbox\Casper van der Luijt\Casper\Data\BioLog\OmniLog\CL2\DATA_2024\07\_NRRL 3488_Aspergillus oryzae__1_30_CL2_769_7#24#2024_A_ 9A_7.OKA","7/24/2024 10:32:48 PM"," 9-A","PM01","","NRRL 3488","Aspergillus oryzae","",0.5000,"12.5193","11.0000","11.0000","11.0000","11.0000","11.0000","11.0000","11.0000","11.0000","11.0000","11.0000","11.0000","11.0000","11.0000","11.0000","11.0000","11.0000","11.0000","11.0000","11.0000","11.0000","11.3468","11.0000","11.2771","11.0000","11.0000","11.0000","11.0000","11.0000","11.0000","11.0000","12.6674","11.0000","11.0000","11.0000","11.6809","11.0000","11.0000","11.0000","11.0000","11.0000","11.0000","11.0000","11.0000","11.0000","11.0000","11.0000","11.0000","13.9800","11.0000","11.0000","11.0000","11.0000","11.0000","11.0000","11.0000","11.0000","11.0000","12.4252","22.3159","11.0000","11.0000","11.0000","11.0000","12.8140","11.0000","12.5140","12.6019","11.0000","11.0000","16.8194","12.9065","14.4663","11.0000","11.0000","11.0000","11.0000","11.0000","11.0000","11.0000","11.4464","11.0000","12.1608","22.4639","23.1946","11.0000","11.0000","17.5065","14.3092","26.8813","11.8396","22.7939","14.5251","14.4571","16.0123","19.4802"
"C:\Users\cfg364\Sommerlab Dropbox\Casper van der Luijt\Casper\Data\BioLog\OmniLog\CL2\DATA_2024\07\_NRRL 3488_Aspergillus oryzae__1_30_CL2_769_7#24#2024_A_ 9A_7.OKA","7/24/2024 10:32:48 PM"," 9-A","PM01","","NRRL 3488","Aspergillus oryzae","",0.7500,"12.8642","11.0000","11.0000","11.0000","11.0000","11.0000","11.0000","11.0000","11.0000","11.0000","11.0000","13.3266","11.0000","11.0000","11.0000","11.0000","11.0000","11.0000","11.0000","11.0000","11.0000","13.6515","11.0000","12.8238","11.0000","11.0000","11.0000","11.0000","11.0000","11.0000","11.0000","20.8779","11.0000","11.0000","11.0000","11.5614","11.0000","11.0000","11.0000","11.0000","11.0000","11.0000","11.0000","11.0000","11.0000","11.0000","11.0000","12.2445","14.6343","11.0000","11.0000","11.0000","11.0000","11.0000","11.0000","11.0000","11.0000","11.0000","15.7335","15.9719","12.5023","11.0000","11.0000","11.0000","14.3290","11.0000","11.0000","11.0316","11.0000","11.0000","12.8937","15.7910","14.7466","11.0000","11.0000","11.0000","11.0000","11.0000","17.8636","11.0000","11.0000","11.0000","11.7436","21.7415","28.2686","15.1688","11.0000","19.2968","12.4606","27.1303","13.0748","20.8354","15.6384","13.1803","13.9988","20.4708"
"C:\Users\cfg364\Sommerlab Dropbox\Casper van der Luijt\Casper\Data\BioLog\OmniLog\CL2\DATA_2024\07\_NRRL 3488_Aspergillus oryzae__1_30_CL2_769_7#24#2024_A_ 9A_7.OKA","7/24/2024 10:32:48 PM"," 9-A","PM01","","NRRL 3488","Aspergillus oryzae","",1.0000,"14.6675","11.0000","11.0000","11.0000","11.0000","11.0000","11.0000","11.0000","11.0000","11.0000","11.0000","12.6729","11.5181","11.0000","11.0000","11.0000","11.0000","11.0000","11.0000","11.0000","11.0000","11.4755","11.0000","16.5115","11.0000","11.0000","11.0000","11.0000","11.0000","11.0000","11.0000","18.9581","11.0000","11.0000","11.0000","13.9447","11.0000","12.8113","11.0000","11.0000","11.0000","11.0000","11.2859","11.0000","11.0000","11.0000","11.0000","11.0000","21.5512","11.0000","11.0000","11.0000","11.0000","11.0000","11.0000","11.0000","11.0000","11.0000","12.4841","14.3634","12.0118","11.0000","11.0000","11.0000","14.3797","12.9937","14.4013","11.5989","11.0000","11.0000","15.6869","13.9549","15.9208","11.0000","11.0000","11.0000","11.0000","11.0000","11.0000","11.0000","11.0000","11.0000","11.0000","20.2808","28.5948","18.4769","11.0000","22.2201","14.3359","24.9260","17.2126","22.9586","14.5400","11.0000","16.1873","22.2238"
"C:\Users\cfg364\Sommerlab Dropbox\Casper van der Luijt\Casper\Data\BioLog\OmniLog\CL2\DATA_2024\07\_NRRL 3488_Aspergillus oryzae__1_30_CL2_769_7#24#2024_A_ 9A_7.OKA","7/24/2024 10:32:48 PM"," 9-A","PM01","","NRRL 3488","Aspergillus oryzae","",1.2500,"14.3169","11.0000","11.0000","11.0000","11.0000","11.0000","11.0000","11.0000","11.0000","11.0000","11.0000","14.8338","11.8521","11.0000","11.7003","11.0000","11.0000","11.0000","11.0000","11.9779","11.0000","12.8116","11.0000","11.9918","11.0000","11.0000","11.0000","11.0000","11.0000","11.0000","11.0000","23.5352","11.0000","11.0000","11.0000","13.0827","11.0000","11.0000","11.0000","11.0000","11.0000","11.0000","11.0000","11.0000","11.0000","11.0000","11.0000","11.6537","21.4020","11.0000","11.0000","11.0000","11.0000","11.0000","11.0000","11.0000","11.0000","11.0000","11.1907","16.3201","11.0000","11.0000","11.0000","11.0000","15.1238","12.0231","16.5609","15.0929","11.0000","11.0000","14.0001","15.8220","15.0660","11.0000","11.0000","11.0000","11.0000","11.0000","11.0000","11.0000","11.5146","11.0000","13.0727","22.3096","32.5003","14.8406","11.0000","21.9579","17.7940","30.2818","17.4806","12.8848","18.3281","12.4390","16.2816","19.2008"
"C:\Users\cfg364\Sommerlab Dropbox\Casper van der Luijt\Casper\Data\BioLog\OmniLog\CL2\DATA_2024\07\_NRRL 3488_Aspergillus oryzae__1_30_CL2_769_7#24#2024_A_ 9A_7.OKA","7/24/2024 10:32:48 PM"," 9-A","PM01","","NRRL 3488","Aspergillus oryzae","",1.5000,"21.2608","11.0000","11.0000","11.0000","11.0000","11.0000","11.0000","11.2213","11.0000","11.0000","11.0000","12.1440","12.5520","11.0000","12.4311","11.0000","11.0000","11.0000","11.0000","11.0000","11.0000","14.4008","11.0000","13.6655","11.0000","11.0000","11.0000","11.6789","11.0000","11.0000","11.0000","25.4879","11.0000","11.0000","11.0000","14.6681","11.0000","11.0000","11.0000","11.0000","11.0000","11.0000","11.0000","11.0000","11.0000","11.0000","11.0000","12.7121","22.4514","11.0000","11.0000","11.0000","11.0000","11.0000","11.0000","11.0000","11.0000","11.0000","17.3888","13.9485","12.0718","11.0000","11.0000","11.0000","15.2788","15.7126","18.4883","12.3538","11.0000","11.0000","12.6737","17.7888","18.7404","11.0000","11.0000","11.0000","11.0000","11.0000","11.0000","11.0000","11.0000","11.0000","14.6272","21.7263","31.7766","17.5884","11.0000","24.3482","16.8591","30.3138","18.8740","12.3974","18.6553","12.0466","11.1650","19.3930"
"C:\Users\cfg364\Sommerlab Dropbox\Casper van der Luijt\Casper\Data\BioLog\OmniLog\CL2\DATA_2024\07\_NRRL 3488_Aspergillus oryzae__1_30_CL2_769_7#24#2024_A_ 9A_7.OKA","7/24/2024 10:32:48 PM"," 9-A","PM01","","NRRL 3488","Aspergillus oryzae","",1.7500,"11.1240","11.0000","11.0000","11.0000","11.0000","11.0000","11.0000","11.0000","11.0000","11.0000","11.0000","15.4831","12.3694","11.0000","14.6843","11.0000","11.0000","11.0000","11.0000","11.0000","11.0000","11.8264","11.0000","11.8679","11.0000","11.0000","11.0000","12.6664","11.0000","11.0000","11.0000","25.0470","11.0000","11.0000","11.0000","14.0464","11.0000","11.0000","11.0000","11.0000","11.0000","11.0000","11.0000","11.0000","11.0000","11.0000","11.0000","11.5914","21.1242","11.0000","11.0000","11.0000","11.0000","11.0000","11.0000","11.0000","11.0000","11.0000","13.2250","16.8649","13.3273","11.0000","11.0000","11.0000","16.5501","15.1235","11.0000","12.3853","11.0000","11.0000","11.6948","17.9157","16.2105","11.0000","11.0000","11.0000","11.0000","11.0000","11.0000","11.0000","11.0000","11.0000","12.7488","23.7354","33.9779","16.8703","11.0000","23.5100","15.3631","31.5289","11.0000","11.0000","16.1362","11.0327","19.4175","19.4891"
"C:\Users\cfg364\Sommerlab Dropbox\Casper van der Luijt\Casper\Data\BioLog\OmniLog\CL2\DATA_2024\07\_NRRL 3488_Aspergillus oryzae__1_30_CL2_769_7#24#2024_A_ 9A_7.OKA","7/24/2024 10:32:48 PM"," 9-A","PM01","","NRRL 3488","Aspergillus oryzae","",2.0000,"11.0000","11.0000","11.0000","11.0000","11.0000","11.0000","11.0000","11.0000","11.0000","11.0000","11.9743","11.1554","11.0000","11.0000","16.8340","11.0000","11.0000","11.0000","11.0000","11.0000","11.0000","15.7923","11.0000","14.4094","11.0000","11.0000","11.9978","14.7348","11.0000","11.0000","11.0000","26.8166","11.0000","11.0000","11.0000","11.0000","11.9082","11.0000","11.0000","11.0000","11.0000","11.0000","11.0000","11.0000","11.0000","11.0000","11.0000","11.0000","26.4405","11.0000","11.0000","11.0000","11.0000","11.0000","11.0000","11.0000","11.0000","11.0000","15.6898","20.7796","11.0307","11.0000","11.0000","11.0000","12.4514","15.0618","11.0000","17.3009","11.0000","11.0000","11.0951","17.2281","18.6769","11.0000","11.0000","11.0000","11.0000","11.0000","11.0000","11.0000","11.1287","11.0000","16.5739","23.6615","33.0576","17.4684","11.8298","25.6016","17.4333","27.7412","15.2003","11.0000","18.0675","11.0000","13.6988","22.4640"
"C:\Users\cfg364\Sommerlab Dropbox\Casper van der Luijt\Casper\Data\BioLog\OmniLog\CL2\DATA_2024\07\_NRRL 3488_Aspergillus oryzae__1_30_CL2_769_7#24#2024_A_ 9A_7.OKA","7/24/2024 10:32:48 PM"," 9-A","PM01","","NRRL 3488","Aspergillus oryzae","",2.2500,"11.0000","11.0000","11.0000","11.0306","11.0000","11.0000","11.0000","11.0000","11.0000","11.0000","11.0000","13.1586","11.0000","11.0000","17.4001","11.0000","11.0000","11.0000","11.0000","12.1050","11.0000","14.8858","11.0000","18.9114","11.0000","11.4362","11.0000","15.1122","11.0000","11.0000","11.0000","11.0000","11.0000","11.0000","11.0000","12.0223","11.0000","11.0000","11.0000","11.0000","11.0000","11.0000","11.0000","11.0000","11.0000","11.0000","11.0000","11.0000","25.4474","11.0000","11.0000","11.0000","11.0000","11.0000","11.0000","11.0000","11.0000","11.0000","16.3351","20.0696","13.4245","11.0000","11.0000","11.0000","11.0000","11.0000","11.0000","14.1853","11.0000","11.0000","15.3850","16.8767","15.3537","11.0000","11.0000","11.0000","11.0000","11.0000","11.0000","11.0000","11.0000","13.9220","17.2410","20.4466","27.8425","13.9209","11.0000","25.8552","16.0201","31.9457","12.4792","11.0000","20.2540","11.7166","13.6794","22.0878"
"C:\Users\cfg364\Sommerlab Dropbox\Casper van der Luijt\Casper\Data\BioLog\OmniLog\CL2\DATA_2024\07\_NRRL 3488_Aspergillus oryzae__1_30_CL2_769_7#24#2024_A_ 9A_7.OKA","7/24/2024 10:32:48 PM"," 9-A","PM01","","NRRL 3488","Aspergillus oryzae","",2.5000,"11.0000","11.0000","11.0000","12.9602","11.0000","11.0000","11.0000","11.0000","11.0000","11.0000","12.6083","11.4964","11.3054","11.0000","19.6971","11.0000","11.0000","11.0000","11.0000","13.9683","11.0000","17.1398","11.0000","14.8594","11.0000","11.0000","11.0000","13.9535","11.0000","11.0000","11.0000","11.0000","11.0000","11.0000","11.0000","12.8304","11.0000","11.0000","11.0000","11.0000","11.0000","11.0000","11.0000","11.0000","11.0000","11.0000","11.0000","11.4354","24.5315","11.0000","11.0000","11.0000","11.0000","11.0000","11.0000","11.0000","11.0000","11.0000","15.2782","15.8397","12.1067","11.0000","11.0000","11.0000","11.0000","12.3078","11.0000","16.8314","11.0000","11.0000","13.5721","18.7100","14.8351","11.0000","11.0000","11.0000","11.0000","12.1994","11.0000","11.0000","11.9277","11.0000","17.0963","23.3552","34.4908","11.4711","11.0000","26.4427","13.4938","31.6049","11.8740","13.9843","18.3248","11.0000","15.8472","16.5349"
"C:\Users\cfg364\Sommerlab Dropbox\Casper van der Luijt\Casper\Data\BioLog\OmniLog\CL2\DATA_2024\07\_NRRL 3488_Aspergillus oryzae__1_30_CL2_769_7#24#2024_A_ 9A_7.OKA","7/24/2024 10:32:48 PM"," 9-A","PM01","","NRRL 3488","Aspergillus oryzae","",2.7500,"14.4834","11.0000","11.0000","11.0000","11.0000","11.0000","11.0000","11.0000","11.0000","11.0000","11.0000","11.1858","11.0000","11.0000","19.0712","11.0000","11.0000","11.0000","11.0000","15.1596","11.0000","13.4400","11.0000","18.1198","11.0000","11.0000","12.4161","12.6570","11.0000","11.0000","11.0000","11.0000","11.0000","11.0000","11.0000","13.0126","11.0000","11.0000","11.0000","11.0000","11.0000","11.0000","11.0000","11.0000","11.0000","11.0000","11.0000","11.1560","27.3023","11.0000","11.0000","11.0000","11.0000","11.0000","11.0000","11.0000","11.0000","11.0000","17.7636","18.0387","11.7968","11.0000","11.0000","11.0000","11.0000","15.3215","11.0000","12.9934","11.0000","11.0000","16.9377","13.6812","13.6939","11.0000","17.1192","11.0000","11.0000","11.0000","11.0000","11.0000","14.5814","11.0000","18.2127","25.5095","33.3906","13.4391","11.0000","24.6665","15.3753","33.7092","14.4062","13.2997","18.9631","11.0000","15.7683","20.3827"
"C:\Users\cfg364\Sommerlab Dropbox\Casper van der Luijt\Casper\Data\BioLog\OmniLog\CL2\DATA_2024\07\_NRRL 3488_Aspergillus oryzae__1_30_CL2_769_7#24#2024_A_ 9A_7.OKA","7/24/2024 10:32:48 PM"," 9-A","PM01","","NRRL 3488","Aspergillus oryzae","",3.0000,"12.2395","11.0000","11.0000","16.6821","11.0000","11.0000","11.0000","11.0000","11.0000","11.0000","11.5957","11.0000","11.3955","11.0000","20.0896","11.0000","11.0000","11.0000","11.0000","16.4269","11.0000","16.0877","11.0000","26.5161","11.0000","11.0000","11.2721","16.0231","11.0000","11.0000","11.0000","11.0000","11.0000","11.0000","11.0000","11.0000","13.6840","11.0000","11.0000","11.0000","11.0000","11.0000","11.0000","11.0000","11.0000","11.0000","11.0000","11.0000","11.0000","11.0000","11.0000","11.0000","11.0000","11.0000","11.0000","11.0000","11.0000","11.0000","21.9632","11.0000","16.2797","11.0000","11.0000","11.0000","11.0000","13.4052","11.0000","16.2975","11.0000","11.0000","16.7009","20.0236","15.6643","11.0000","13.3069","11.0000","11.0000","11.0000","11.0000","11.0000","11.0000","11.0000","20.0316","22.4321","36.3960","14.5093","11.0000","28.0481","16.9532","38.1684","13.3001","12.7770","18.8269","14.5471","15.5433","14.6596"
"C:\Users\cfg364\Sommerlab Dropbox\Casper van der Luijt\Casper\Data\BioLog\OmniLog\CL2\DATA_2024\07\_NRRL 3488_Aspergillus oryzae__1_30_CL2_769_7#24#2024_A_ 9A_7.OKA","7/24/2024 10:32:48 PM"," 9-A","PM01","","NRRL 3488","Aspergillus oryzae","",3.2500,"11.0000","11.0000","11.0000","13.8716","11.0000","11.0000","11.0000","11.0000","11.0000","11.0000","12.6304","11.0000","11.0000","11.0000","23.6952","11.0000","11.0000","11.0000","11.0000","13.1771","11.0000","16.6250","11.0000","27.6552","11.0000","11.0000","11.0000","16.6050","11.0000","11.0000","11.0000","11.0000","11.0000","11.0000","11.0000","11.9368","14.4680","11.0000","11.0000","11.0000","11.0000","11.0000","11.0000","11.0000","11.0000","11.0000","11.0000","11.4682","11.0000","11.0000","11.0000","11.0000","11.0000","11.0000","11.0000","11.0000","11.0000","11.0000","23.6743","11.0000","14.6012","11.0000","11.0000","11.0000","11.0000","12.9991","11.0000","15.5092","11.0000","11.0000","16.8889","16.5603","18.3600","11.0000","16.0877","11.0000","11.0000","11.0000","11.0000","11.0000","12.5687","11.0000","18.5801","23.7636","37.4479","13.6320","11.0000","30.0519","16.8291","35.3304","11.0000","12.3570","20.0009","11.4556","19.5928","17.7093"
"C:\Users\cfg364\Sommerlab Dropbox\Casper van der Luijt\Casper\Data\BioLog\OmniLog\CL2\DATA_2024\07\_NRRL 3488_Aspergillus oryzae__1_30_CL2_769_7#24#2024_A_ 9A_7.OKA","7/24/2024 10:32:48 PM"," 9-A","PM01","","NRRL 3488","Aspergillus oryzae","",3.5000,"11.0000","11.0000","11.0000","13.9424","11.0000","11.0000","11.0000","11.0000","11.0000","11.0000","14.6438","11.0000","11.1222","11.0000","18.8113","11.0000","11.0000","11.0000","11.0000","16.2609","11.0000","17.6263","11.0000","24.5405","11.0000","11.0000","11.6639","14.1668","11.0000","11.0000","11.0000","11.0000","11.0000","11.0000","11.0000","12.8049","11.0000","11.0000","11.0000","11.0000","11.0000","11.0000","11.0000","11.0000","11.0000","11.0000","11.0000","17.5599","11.0000","11.0000","11.0000","11.0000","11.0000","11.0000","11.0000","11.0000","11.0000","11.0000","24.1067","11.0000","17.4802","11.0000","11.0000","11.0000","11.0000","15.5986","11.0000","16.7960","11.0000","11.0000","14.3368","18.4628","18.4694","11.0000","24.2655","11.0000","11.0000","11.0000","11.0000","11.0000","12.4740","11.0000","17.3004","25.2326","36.3628","11.5962","11.0000","13.0341","16.8309","34.5135","15.1086","14.9520","21.8445","12.5627","19.7342","17.5702"
"C:\Users\cfg364\Sommerlab Dropbox\Casper van der Luijt\Casper\Data\BioLog\OmniLog\CL2\DATA_2024\07\_NRRL 3488_Aspergillus oryzae__1_30_CL2_769_7#24#2024_A_ 9A_7.OKA","7/24/2024 10:32:48 PM"," 9-A","PM01","","NRRL 3488","Aspergillus oryzae","",3.7500,"11.0000","11.0000","11.0000","13.0229","11.0000","11.0000","11.0000","11.0000","11.0000","11.0000","13.1046","11.0000","11.0000","11.0000","23.4312","11.0000","11.0000","11.0000","11.0000","15.9144","11.0000","19.0847","11.0000","26.3295","11.0000","11.0000","11.0000","13.0292","11.0000","11.0000","11.0000","11.0000","11.0000","11.0000","11.0000","11.0000","12.4563","11.0000","11.0000","11.0000","11.0000","11.0000","11.0000","11.0000","11.0000","11.0000","11.0000","15.3011","11.0000","11.0000","11.0000","11.0000","11.0000","11.0000","11.0000","11.0000","11.0000","11.0000","24.7731","13.5125","12.9563","11.0000","11.0000","11.0000","11.0000","13.9829","11.0000","17.3315","11.0000","11.0000","15.6274","18.0817","16.8128","11.0000","19.8018","11.0000","11.1536","11.0000","11.0000","11.0000","12.6983","11.0000","19.3036","23.4819","23.9371","14.9849","11.0000","16.4859","13.4010","35.6956","11.0000","11.0000","18.8959","14.1580","19.7996","15.9276"
"C:\Users\cfg364\Sommerlab Dropbox\Casper van der Luijt\Casper\Data\BioLog\OmniLog\CL2\DATA_2024\07\_NRRL 3488_Aspergillus oryzae__1_30_CL2_769_7#24#2024_A_ 9A_7.OKA","7/24/2024 10:32:48 PM"," 9-A","PM01","","NRRL 3488","Aspergillus oryzae","",4.0000,"11.0000","11.0000","11.0000","11.6430","11.0000","11.0000","11.0000","11.0000","11.0000","11.0000","11.0000","13.5660","11.0000","11.0000","21.7734","11.0000","11.0000","11.0000","11.0000","17.5686","11.0000","14.8354","11.0000","27.2607","11.0000","11.0000","11.0000","17.6382","11.0000","11.0000","11.0000","11.0000","11.0000","11.0000","11.0000","11.3115","12.2155","11.0000","11.0000","11.0000","11.0000","11.0000","11.0000","11.0000","11.0000","11.0000","11.0000","15.5716","12.5327","11.0000","11.0000","11.0000","11.0000","11.0000","11.0000","11.0000","11.0000","11.0000","25.9206","11.0000","17.2527","11.0000","11.0000","11.0000","11.0000","15.6891","11.0000","17.2876","11.0000","11.0000","14.4642","15.4301","17.6402","11.0000","18.0865","11.0000","11.0000","11.0000","11.0000","11.0000","14.7323","11.0000","17.1125","24.5167","21.1910","17.5173","11.0000","11.5258","18.1426","27.8778","11.0000","11.0000","24.5354","11.0000","17.0279","19.0134"
"C:\Users\cfg364\Sommerlab Dropbox\Casper van der Luijt\Casper\Data\BioLog\OmniLog\CL2\DATA_2024\07\_NRRL 3488_Aspergillus oryzae__1_30_CL2_769_7#24#2024_A_ 9A_7.OKA","7/24/2024 10:32:48 PM"," 9-A","PM01","","NRRL 3488","Aspergillus oryzae","",4.2500,"11.0000","11.0000","11.0000","13.4134","11.0000","11.0000","11.0000","11.0000","11.0000","11.0000","11.0000","11.0000","11.0000","11.0000","21.6830","11.0000","11.0000","11.0000","11.0000","16.8137","11.0000","15.6536","11.0000","28.1257","11.0000","11.0000","11.0000","14.5978","11.0000","11.0000","11.0000","11.0000","11.0000","11.0000","11.0000","11.0000","16.8413","11.0000","11.0000","11.0000","11.0000","11.0000","11.0000","11.0000","11.0000","11.0000","11.0000","11.0000","13.4003","11.0000","11.0000","11.0000","11.0000","11.0000","11.0000","11.0000","11.0000","11.0000","27.7559","11.0000","15.0444","11.0000","11.0000","11.0000","11.0000","12.4962","11.6321","16.1768","11.0000","11.0000","15.4254","18.3221","17.5343","11.0000","20.9860","11.0000","11.0000","11.0000","11.0000","11.0000","12.3503","11.0000","19.2104","26.0924","21.3468","15.2853","11.0000","11.0000","15.2951","31.0396","11.0000","13.1861","23.1121","11.3258","15.5437","18.2451"
"C:\Users\cfg364\Sommerlab Dropbox\Casper van der Luijt\Casper\Data\BioLog\OmniLog\CL2\DATA_2024\07\_NRRL 3488_Aspergillus oryzae__1_30_CL2_769_7#24#2024_A_ 9A_7.OKA","7/24/2024 10:32:48 PM"," 9-A","PM01","","NRRL 3488","Aspergillus oryzae","",4.5000,"13.9615","11.0000","11.0000","16.2008","11.0000","11.0000","11.0000","11.0000","11.0000","11.0000","11.0000","11.0310","11.0000","11.0000","20.8333","11.0000","11.0000","11.0000","11.0000","17.2834","11.0000","14.4745","11.0000","25.9426","11.0000","11.0000","11.0000","16.5243","11.0000","11.0000","11.0000","11.0000","11.0000","11.0000","11.0000","13.1734","13.8174","11.0000","11.0000","11.0000","11.0000","11.0000","11.0000","11.0000","11.0000","11.0000","11.0000","12.0551","11.0000","11.0000","11.0000","11.0000","11.0000","11.0000","11.0000","11.0000","11.0000","11.0000","27.7901","11.0000","13.2686","11.0000","11.0000","11.0000","11.0000","13.4651","12.6722","16.5684","11.0000","11.0000","16.6369","13.9649","17.0106","11.0000","16.9779","11.0000","11.0000","11.0000","11.0000","11.0000","13.1838","11.8073","18.9829","21.5415","21.6295","15.8940","11.0000","11.0000","18.6319","32.8048","11.3860","16.1550","26.0630","11.0000","13.2103","19.9805"
"C:\Users\cfg364\Sommerlab Dropbox\Casper van der Luijt\Casper\Data\BioLog\OmniLog\CL2\DATA_2024\07\_NRRL 3488_Aspergillus oryzae__1_30_CL2_769_7#24#2024_A_ 9A_7.OKA","7/24/2024 10:32:48 PM"," 9-A","PM01","","NRRL 3488","Aspergillus oryzae","",4.7500,"11.1549","11.0000","11.0000","13.5804","11.0000","11.0000","11.0000","11.0000","11.0000","11.0000","11.8515","12.2703","11.0000","11.0000","29.3591","11.0000","11.0000","11.0000","11.0000","17.9615","11.0000","12.4701","11.0000","28.5559","11.0000","11.0000","11.0000","17.4956","11.0000","11.0000","11.0000","11.0000","11.0000","11.0000","11.0000","15.8783","15.5139","11.0000","11.0000","11.0000","11.0000","11.0000","11.0000","11.0000","11.0000","11.0000","11.0000","11.0000","11.5539","11.0000","11.0000","11.0000","11.0000","11.0000","11.0000","11.0000","11.0000","11.0000","32.8403","11.0000","15.3305","11.0000","11.0000","11.0000","11.0000","14.7286","12.1381","17.5114","11.0000","11.0000","22.3187","20.5215","19.0576","11.0000","17.3693","11.0000","11.0000","11.0000","11.0000","11.0000","15.9989","12.3146","17.8005","25.4956","21.7287","14.9982","12.6544","13.5038","20.8019","36.7847","11.0000","11.0000","12.6641","14.1544","15.2869","20.3407"
"C:\Users\cfg364\Sommerlab Dropbox\Casper van der Luijt\Casper\Data\BioLog\OmniLog\CL2\DATA_2024\07\_NRRL 3488_Aspergillus oryzae__1_30_CL2_769_7#24#2024_A_ 9A_7.OKA","7/24/2024 10:32:48 PM"," 9-A","PM01","","NRRL 3488","Aspergillus oryzae","",5.0000,"11.0000","11.0000","11.0000","13.2428","11.0000","11.0000","11.0000","11.0000","11.0000","11.0000","11.0000","11.0000","11.0000","11.0000","25.7253","11.0000","11.0000","11.0000","11.0000","19.1888","11.0000","16.7394","11.0000","27.7043","11.4851","11.0000","11.6953","11.0000","11.0000","11.0000","11.0000","11.0000","11.0000","11.0000","11.0000","12.4300","13.5196","11.0000","11.0000","11.0000","11.0000","11.0000","11.0000","11.0000","11.0000","11.0000","11.0000","16.5315","12.8500","11.0000","11.0000","11.0000","11.0000","11.0000","11.0000","11.0000","11.0000","11.0000","29.5345","11.4474","15.0730","11.0000","11.0000","11.0000","11.0000","11.0000","11.0000","15.8517","11.0000","11.0000","13.2013","16.1335","21.4738","11.0000","21.0208","11.0000","11.0000","11.0000","11.0000","11.0000","16.9945","11.0000","19.9279","24.1670","23.9135","14.4680","11.0000","11.0000","17.3311","34.2254","11.7401","11.0000","11.0000","11.0000","15.7087","24.8868"
"C:\Users\cfg364\Sommerlab Dropbox\Casper van der Luijt\Casper\Data\BioLog\OmniLog\CL2\DATA_2024\07\_NRRL 3488_Aspergillus oryzae__1_30_CL2_769_7#24#2024_A_ 9A_7.OKA","7/24/2024 10:32:48 PM"," 9-A","PM01","","NRRL 3488","Aspergillus oryzae","",5.2500,"11.0000","11.0000","11.0000","14.3143","11.0000","11.0000","11.0000","11.0000","11.0000","11.0000","12.1662","11.0000","11.0000","11.0000","24.8470","11.0000","11.0000","11.0000","11.0000","18.4556","11.0000","16.4211","11.0000","27.8007","11.0000","11.0000","11.0000","17.5894","11.0000","11.0000","11.0000","11.0000","11.0000","11.0000","11.0000","14.3206","14.6317","11.0000","11.0000","11.0000","11.0000","11.0000","11.0000","11.0000","11.0000","11.0000","11.0000","15.2791","11.7078","11.0000","11.0000","11.0000","11.0000","11.0000","11.0000","11.0000","11.0000","11.0000","32.5502","11.0000","19.4714","11.0000","11.0000","11.0000","11.0000","11.9356","11.0000","19.3179","11.0000","11.0000","20.0000","16.5670","20.1651","11.0000","21.6400","11.0000","11.0000","11.0000","11.0000","11.0000","16.9751","11.1290","24.7554","28.1698","21.3356","18.2362","11.0000","11.0000","21.3575","36.8031","11.1938","13.2610","12.5991","12.4052","13.4690","17.2941"
"C:\Users\cfg364\Sommerlab Dropbox\Casper van der Luijt\Casper\Data\BioLog\OmniLog\CL2\DATA_2024\07\_NRRL 3488_Aspergillus oryzae__1_30_CL2_769_7#24#2024_A_ 9A_7.OKA","7/24/2024 10:32:48 PM"," 9-A","PM01","","NRRL 3488","Aspergillus oryzae","",5.5000,"11.0000","13.3762","11.0000","14.6932","11.0000","11.0000","11.0000","11.0000","11.0000","11.0000","13.3947","11.8677","11.0000","11.0000","28.6118","11.0000","11.0000","11.0000","11.0000","14.2498","11.0000","16.1644","11.0000","27.1044","11.0000","11.0000","11.2417","15.7445","11.0000","11.0000","11.0000","11.0000","11.0000","11.0000","11.0000","14.0736","13.1803","11.0000","11.0000","11.0000","11.0000","11.0000","11.0000","11.0000","11.0000","11.0000","11.0000","11.0000","12.8165","11.0000","11.0000","11.0000","11.0000","11.0000","11.0000","11.0000","11.0000","11.0000","32.6150","11.7002","15.9504","11.0000","11.0000","11.0000","11.0000","11.9340","12.1701","14.8406","11.0000","11.0000","15.1626","18.0579","16.4452","11.0000","18.2029","13.6708","11.0000","11.0000","11.0000","11.0000","17.6120","11.0000","22.4926","28.0646","23.1282","14.7003","11.0000","11.0000","16.0450","36.9655","11.0000","11.7104","11.0000","11.1307","15.8854","19.7768"
"C:\Users\cfg364\Sommerlab Dropbox\Casper van der Luijt\Casper\Data\BioLog\OmniLog\CL2\DATA_2024\07\_NRRL 3488_Aspergillus oryzae__1_30_CL2_769_7#24#2024_A_ 9A_7.OKA","7/24/2024 10:32:48 PM"," 9-A","PM01","","NRRL 3488","Aspergillus oryzae","",5.7500,"12.2374","11.0000","11.0000","15.4507","11.0000","11.0000","11.0000","11.0000","11.0000","11.0000","13.8193","12.0811","11.0000","11.0000","27.1763","11.0000","11.0000","11.0000","11.0000","16.8328","11.7233","13.8299","11.0000","30.3196","13.9298","11.0000","12.7206","15.1040","11.0000","11.0000","11.0000","11.0000","11.0000","11.0000","11.0000","16.4889","16.1208","11.0000","11.0000","11.0000","11.0000","11.0000","11.0000","11.0000","11.0000","11.0000","11.0000","11.4343","11.0000","11.0000","11.0000","11.0000","11.0000","11.0000","11.0000","11.0000","11.0000","11.0000","31.2214","11.0000","18.4882","11.0000","11.0000","11.0000","11.0000","11.6868","11.0000","14.6371","11.0000","11.0000","14.0895","15.8477","12.9580","11.0000","18.3003","15.7939","11.0000","11.0000","11.0000","11.0000","16.8162","11.0000","22.0808","30.1491","25.5919","16.1871","11.0000","13.9014","18.3935","33.4312","11.0000","15.2766","11.0000","11.0000","17.4210","21.1860"
"C:\Users\cfg364\Sommerlab Dropbox\Casper van der Luijt\Casper\Data\BioLog\OmniLog\CL2\DATA_2024\07\_NRRL 3488_Aspergillus oryzae__1_30_CL2_769_7#24#2024_A_ 9A_7.OKA","7/24/2024 10:32:48 PM"," 9-A","PM01","","NRRL 3488","Aspergillus oryzae","",6.0000,"11.0000","11.4390","11.0000","15.1745","11.0000","11.0000","11.0000","11.0000","11.0000","11.0000","15.9495","14.8611","11.0000","11.0000","27.7551","11.0000","11.0000","11.0000","11.0000","18.0691","11.6918","14.4023","11.0000","28.9617","11.6645","11.0000","12.1169","14.9189","11.0000","11.0000","11.0000","11.0000","11.0000","11.0000","11.0000","18.1634","16.8784","12.7530","11.0000","11.0000","11.0000","11.0000","11.0000","11.0000","11.0000","11.0000","11.0000","11.6515","12.6673","11.0000","11.0000","11.0000","11.0000","11.0000","11.0000","11.0000","11.0000","11.0000","33.0655","11.0000","20.0711","11.0000","11.0000","11.0000","11.0000","11.0937","11.0000","16.7244","11.0000","11.0000","14.2156","14.8271","16.1811","11.0000","19.8489","12.2533","11.0000","11.0000","11.0000","11.0000","20.2996","11.0000","23.8524","25.8794","22.7036","14.6467","11.0000","16.8029","20.8165","33.8179","11.0000","12.9439","11.0000","11.0000","14.8330","19.6533"
"C:\Users\cfg364\Sommerlab Dropbox\Casper van der Luijt\Casper\Data\BioLog\OmniLog\CL2\DATA_2024\07\_NRRL 3488_Aspergillus oryzae__1_30_CL2_769_7#24#2024_A_ 9A_7.OKA","7/24/2024 10:32:48 PM"," 9-A","PM01","","NRRL 3488","Aspergillus oryzae","",6.2500,"11.0310","13.4314","11.0000","17.3178","11.0000","11.0000","11.0000","11.0000","11.0000","11.0000","11.0000","11.5870","11.0000","11.0000","30.6861","11.0000","11.0000","11.0000","11.0000","17.5220","11.0000","15.9231","11.0000","31.9762","13.2980","11.0000","12.7578","17.9949","11.0000","11.0000","11.0000","11.0000","11.0000","11.0000","11.0000","18.3479","18.2696","13.6227","11.0000","11.0000","11.0000","11.0000","11.0000","11.0000","11.0000","11.0000","11.0000","11.1560","11.0000","17.0317","11.0000","11.0000","11.0000","11.0000","11.0000","11.0000","11.0000","11.0000","35.0822","11.0000","16.9287","11.0000","11.0000","11.0000","11.0000","14.4340","11.6347","18.2034","11.0000","11.0000","18.8721","16.0075","21.0382","11.5727","20.6311","13.7224","11.0000","11.0000","11.0000","11.0000","19.7966","11.0000","25.3801","27.5253","24.0760","16.8498","14.5247","13.8609","21.8562","38.6491","13.3599","15.0707","12.0788","11.0000","15.2144","25.0212"
"C:\Users\cfg364\Sommerlab Dropbox\Casper van der Luijt\Casper\Data\BioLog\OmniLog\CL2\DATA_2024\07\_NRRL 3488_Aspergillus oryzae__1_30_CL2_769_7#24#2024_A_ 9A_7.OKA","7/24/2024 10:32:48 PM"," 9-A","PM01","","NRRL 3488","Aspergillus oryzae","",6.5000,"11.0000","11.5611","11.0000","20.9497","11.0000","11.0000","11.0000","11.0000","11.0000","11.0000","11.0000","11.6179","11.0000","11.0000","29.4994","11.0000","11.0000","11.0000","11.0000","18.0576","11.0000","15.5444","11.0000","26.1598","13.6003","11.0000","12.4548","16.4916","11.0000","11.0000","11.0000","11.0000","11.0000","11.0000","11.0000","19.3710","17.3609","12.4362","11.0000","11.0000","11.0000","11.0000","11.0000","11.5964","11.0000","11.0000","11.0000","11.0000","11.0000","11.0000","11.0000","11.0000","11.0000","11.0000","11.0000","11.0000","11.0000","11.0000","31.4257","11.0000","16.4397","11.0000","11.0000","11.0000","11.0000","11.0000","11.7616","21.4748","11.0000","11.0000","16.6453","14.9231","18.9043","11.0000","22.0521","15.5998","11.0000","11.0000","11.0000","11.0000","18.0951","11.0000","22.8386","31.6970","22.4792","17.7882","14.3342","11.0000","23.9285","34.3189","12.2607","11.5815","11.0000","11.0000","14.9181","17.9625"
"C:\Users\cfg364\Sommerlab Dropbox\Casper van der Luijt\Casper\Data\BioLog\OmniLog\CL2\DATA_2024\07\_NRRL 3488_Aspergillus oryzae__1_30_CL2_769_7#24#2024_A_ 9A_7.OKA","7/24/2024 10:32:48 PM"," 9-A","PM01","","NRRL 3488","Aspergillus oryzae","",6.7500,"11.0000","11.2505","11.0000","18.9548","11.0000","11.0000","11.0000","11.0000","11.0000","11.0000","11.0000","11.0000","11.0000","11.0000","29.6200","11.0000","11.0000","11.0000","11.0000","18.6056","11.0000","14.5239","11.0000","26.7499","11.0605","11.0000","12.2736","17.0486","11.0000","11.0000","11.0000","11.0000","11.0000","11.0000","11.0000","15.1316","18.0566","11.0000","11.0000","11.0000","11.0000","11.0000","11.0000","11.0000","11.0000","11.0000","11.0000","12.9183","11.4649","11.0000","11.0000","11.0000","11.0000","11.0000","11.0000","11.0000","11.0000","11.0000","28.4519","11.0000","16.3534","11.0000","11.0000","11.0000","11.0000","11.0000","12.0497","21.0567","11.0000","11.0000","17.2384","15.1213","18.3593","11.0000","21.0739","14.6689","11.0000","11.0000","11.0000","11.0000","17.6016","11.0000","22.4515","32.3126","20.7183","19.9914","13.1038","17.2840","25.1253","38.2399","13.1864","17.7845","15.3308","11.0000","12.0583","18.5480"
"C:\Users\cfg364\Sommerlab Dropbox\Casper van der Luijt\Casper\Data\BioLog\OmniLog\CL2\DATA_2024\07\_NRRL 3488_Aspergillus oryzae__1_30_CL2_769_7#24#2024_A_ 9A_7.OKA","7/24/2024 10:32:48 PM"," 9-A","PM01","","NRRL 3488","Aspergillus oryzae","",7.0000,"11.0000","13.3367","11.0000","19.2370","11.0000","11.0000","11.0000","11.0000","11.0000","11.0000","11.0000","15.7209","11.0000","11.0000","24.9650","11.0000","11.0000","11.0000","11.0000","12.9810","11.9122","11.0636","11.0000","25.2738","11.0000","11.0000","13.9294","16.5103","11.0000","11.0000","11.0000","11.0000","11.0000","11.0000","11.0000","16.0237","19.7791","11.0000","11.0000","11.0000","11.0000","11.0000","11.0000","11.2530","11.0000","11.0000","11.0000","13.4197","16.5015","11.0000","11.0000","11.0000","11.0000","11.0000","11.0000","11.0000","11.0000","11.0000","25.0687","11.0000","18.5751","11.0000","11.0000","11.0000","11.0000","11.0000","11.3799","21.9250","11.0000","11.0000","20.9801","15.6082","17.3649","11.0000","22.0619","12.6048","11.0000","11.0000","11.0000","11.0000","17.1098","11.0000","19.6312","30.9209","21.7189","18.6628","12.9184","14.3411","20.5467","40.4640","11.0000","12.2940","16.3736","11.4858","12.6737","19.7454"
"C:\Users\cfg364\Sommerlab Dropbox\Casper van der Luijt\Casper\Data\BioLog\OmniLog\CL2\DATA_2024\07\_NRRL 3488_Aspergillus oryzae__1_30_CL2_769_7#24#2024_A_ 9A_7.OKA","7/24/2024 10:32:48 PM"," 9-A","PM01","","NRRL 3488","Aspergillus oryzae","",7.2500,"11.0000","11.0000","11.0000","20.3353","11.0000","11.0000","11.0000","11.0000","11.0000","11.0000","11.0000","17.3562","11.0000","11.0000","21.8786","11.0000","11.0000","11.0000","11.0000","11.0000","11.5033","11.0000","11.0954","20.1760","11.0000","11.0000","11.0000","14.8878","11.0000","11.0000","11.0000","11.0000","11.0000","11.0000","11.0000","18.2255","19.6883","11.8163","11.0000","11.0000","11.0000","11.0000","11.0000","11.0000","11.0000","11.0000","11.0000","14.4745","12.6289","11.0000","11.0000","11.0000","11.0000","11.0000","11.0000","11.0000","11.0000","11.0000","19.2515","11.0000","19.9496","11.0000","11.0000","11.0000","11.0000","11.0000","11.0000","23.4767","11.0000","11.0000","19.3167","11.5720","15.7661","11.0000","24.9697","14.7761","11.0000","11.0000","11.0000","11.0000","15.0625","11.0000","15.2348","30.0109","16.6319","18.7570","11.0000","13.9389","18.4943","36.3923","11.0000","12.0675","11.0000","11.0000","12.2799","19.6813"
"C:\Users\cfg364\Sommerlab Dropbox\Casper van der Luijt\Casper\Data\BioLog\OmniLog\CL2\DATA_2024\07\_NRRL 3488_Aspergillus oryzae__1_30_CL2_769_7#24#2024_A_ 9A_7.OKA","7/24/2024 10:32:48 PM"," 9-A","PM01","","NRRL 3488","Aspergillus oryzae","",7.5000,"11.0000","13.7729","11.0000","11.0000","11.0000","11.0000","11.0000","11.0000","11.0000","11.0000","11.0000","14.9186","11.0000","11.0000","20.6869","11.0000","11.0000","11.0000","11.0000","11.0000","11.6920","11.0000","13.3839","20.3614","12.5467","11.0000","11.0000","14.7348","11.0000","11.0000","11.0000","11.0000","11.0000","11.0000","11.0000","17.3262","19.0223","12.1302","11.0000","11.0000","11.0000","11.0000","11.0000","11.0000","11.0000","11.0000","11.0000","15.1569","12.8748","11.0000","11.0000","11.0000","11.0000","11.0000","11.0000","11.0000","11.0000","11.0000","18.7457","11.0000","15.4595","11.0000","11.0000","11.0000","11.0000","11.0000","11.0000","22.1467","11.0000","11.0000","18.8773","12.2077","17.1839","11.0000","25.0329","14.0838","11.0000","11.0000","11.0000","11.0000","14.2948","11.0000","18.7584","31.6683","18.8423","16.6214","11.0000","12.8252","18.4943","34.1801","11.0000","12.6498","13.7356","11.0000","11.0000","21.6034"
"C:\Users\cfg364\Sommerlab Dropbox\Casper van der Luijt\Casper\Data\BioLog\OmniLog\CL2\DATA_2024\07\_NRRL 3488_Aspergillus oryzae__1_30_CL2_769_7#24#2024_A_ 9A_7.OKA","7/24/2024 10:32:48 PM"," 9-A","PM01","","NRRL 3488","Aspergillus oryzae","",7.7500,"11.0000","13.5236","11.0000","11.0000","11.0000","11.0000","11.0000","11.0000","11.0000","11.0000","11.0000","17.0476","11.0000","11.0000","21.4508","11.0000","11.0000","11.0000","11.0000","11.0000","12.1638","11.0000","11.0000","18.5076","11.0000","11.0000","11.4228","17.3675","11.0000","11.0000","11.0000","11.0000","11.0000","11.0000","11.0000","15.8377","19.3856","13.5116","11.0000","11.0000","11.0000","11.0000","11.0000","11.0000","11.0000","11.0000","11.0000","16.0566","12.1065","11.0000","11.0000","11.0000","11.0000","11.0000","11.0000","11.0000","11.0000","11.0000","17.2598","11.0000","17.8726","11.0000","11.0000","11.0000","11.0000","11.0000","11.0000","21.6084","11.0000","11.0000","18.5635","12.7479","12.5686","11.0000","27.8774","13.4545","11.0000","11.0000","11.0000","11.0000","11.0000","11.0000","15.8490","30.7909","17.9037","16.1190","11.0000","11.0000","19.5516","34.5969","11.0000","11.0000","11.8142","11.0000","11.0000","23.3012"
"C:\Users\cfg364\Sommerlab Dropbox\Casper van der Luijt\Casper\Data\BioLog\OmniLog\CL2\DATA_2024\07\_NRRL 3488_Aspergillus oryzae__1_30_CL2_769_7#24#2024_A_ 9A_7.OKA","7/24/2024 10:32:48 PM"," 9-A","PM01","","NRRL 3488","Aspergillus oryzae","",8.0000,"11.0000","12.4955","11.0000","11.0000","11.0000","11.0000","11.0000","11.0000","11.0000","11.0000","11.0000","18.0967","11.0000","11.0000","23.1926","11.0000","11.0000","11.0000","11.0000","11.0000","14.9317","11.0000","11.0000","19.7126","11.0000","11.0000","11.0000","17.5206","11.0000","11.0000","11.0000","11.0000","11.0000","11.0000","11.0000","15.2795","21.0203","12.1616","11.0000","11.0000","11.0000","11.0000","11.0000","11.0000","11.0000","11.0000","11.0000","14.2573","12.0142","11.0000","11.0000","11.0000","11.0000","11.0000","11.0000","11.0000","11.0000","11.0000","15.5842","11.0000","18.6667","11.0000","11.0000","11.0000","11.0000","11.0000","11.0000","21.3867","11.0000","11.0000","18.2497","11.0000","18.1492","11.0000","11.0000","14.7446","11.0000","11.0000","11.0000","11.0000","11.9277","11.0000","19.4373","29.1660","15.5116","17.5950","11.0000","11.0000","18.9297","36.0717","11.0000","12.4557","11.0000","11.8421","11.0000","20.3220"
"C:\Users\cfg364\Sommerlab Dropbox\Casper van der Luijt\Casper\Data\BioLog\OmniLog\CL2\DATA_2024\07\_NRRL 3488_Aspergillus oryzae__1_30_CL2_769_7#24#2024_A_ 9A_7.OKA","7/24/2024 10:32:48 PM"," 9-A","PM01","","NRRL 3488","Aspergillus oryzae","",8.2500,"11.0000","11.0628","11.0000","11.0000","11.0000","11.0000","11.0000","11.0000","11.0000","11.0000","11.0000","15.9527","11.0000","11.0000","22.1039","11.0000","11.0000","11.0000","11.0000","11.0000","13.1366","11.0000","11.0000","19.2521","11.0000","11.0000","11.0000","11.3073","11.0000","11.0000","11.0000","11.0000","11.0000","11.0000","11.0000","18.4540","20.4876","11.0000","11.0000","11.0000","11.0000","11.0000","11.0000","11.0000","11.0000","11.0000","11.0000","11.0000","11.0000","11.0000","11.0000","11.0000","11.0000","11.0000","11.0000","11.0000","11.0000","11.0000","16.3817","11.0000","13.7950","11.0000","11.0000","11.0000","11.0000","11.0000","11.0000","23.2248","11.0000","11.0000","15.5509","13.2961","16.6329","11.0000","11.0000","11.6305","11.0000","11.0000","11.0000","11.0000","11.0000","11.0000","15.1575","26.9748","20.3728","19.4749","11.0000","11.0000","18.9699","38.4711","11.0000","14.2996","11.0000","11.0000","11.0000","17.0407"
"C:\Users\cfg364\Sommerlab Dropbox\Casper van der Luijt\Casper\Data\BioLog\OmniLog\CL2\DATA_2024\07\_NRRL 3488_Aspergillus oryzae__1_30_CL2_769_7#24#2024_A_ 9A_7.OKA","7/24/2024 10:32:48 PM"," 9-A","PM01","","NRRL 3488","Aspergillus oryzae","",8.5000,"11.0000","11.1560","11.0000","11.0000","11.0000","11.0000","11.0000","11.0000","11.0000","11.0000","11.0000","14.8380","11.0000","11.0000","25.3593","11.0000","11.0000","11.0000","11.0000","11.0000","11.0000","11.0000","11.0000","18.1264","11.0000","11.0000","11.0000","17.0784","11.0000","11.0000","11.0000","11.0000","11.0000","11.0000","11.0000","15.8398","17.0871","13.3567","11.0000","11.0000","11.0000","11.0000","11.0000","11.0000","11.0000","11.0000","11.0000","13.9666","11.0000","11.0000","11.0000","11.0000","11.0000","11.0000","11.0000","11.0000","11.0000","11.0000","15.2440","11.0000","18.2142","11.0000","11.0000","11.0000","11.0000","11.0000","11.0000","23.5371","11.0000","11.0000","13.8697","12.8987","18.7611","11.0000","11.0000","12.5706","11.0000","11.0000","11.0000","11.0000","11.0000","11.0000","14.4587","33.4794","17.5083","25.2404","11.7977","11.0000","15.1407","35.7067","11.0000","13.1979","11.0000","11.0000","11.0000","20.6642"
"C:\Users\cfg364\Sommerlab Dropbox\Casper van der Luijt\Casper\Data\BioLog\OmniLog\CL2\DATA_2024\07\_NRRL 3488_Aspergillus oryzae__1_30_CL2_769_7#24#2024_A_ 9A_7.OKA","7/24/2024 10:32:48 PM"," 9-A","PM01","","NRRL 3488","Aspergillus oryzae","",8.7500,"11.0000","11.9985","11.0000","11.0000","11.0000","11.0000","11.0000","11.0000","11.0000","11.0000","11.0000","11.6522","11.0000","11.0000","23.1767","11.0000","11.0000","11.0000","11.0000","11.0000","11.8563","11.0000","11.0000","21.2651","11.0000","11.0000","11.0000","17.9587","11.0000","11.0000","11.0000","11.0000","11.0000","11.0000","11.0000","17.9103","19.7310","11.0000","11.0000","11.0000","11.0000","11.0000","11.0000","11.0000","11.0000","11.0000","11.0000","15.0053","15.0585","11.0000","11.0000","11.0000","11.0000","11.0000","11.0000","11.0000","11.0000","11.0000","12.5517","11.0000","18.1239","11.0000","11.0000","11.0000","11.0000","11.0000","11.0000","22.6024","11.0000","11.0000","17.3250","11.9866","16.5778","11.0000","11.0000","14.0180","11.0000","11.0000","11.0000","11.0000","11.0000","11.0000","20.4025","33.7084","20.4371","22.5329","12.8158","11.0000","20.9502","36.7362","12.1899","13.8697","11.0000","11.0000","13.3838","23.8817"
"C:\Users\cfg364\Sommerlab Dropbox\Casper van der Luijt\Casper\Data\BioLog\OmniLog\CL2\DATA_2024\07\_NRRL 3488_Aspergillus oryzae__1_30_CL2_769_7#24#2024_A_ 9A_7.OKA","7/24/2024 10:32:48 PM"," 9-A","PM01","","NRRL 3488","Aspergillus oryzae","",9.0000,"11.0000","11.0000","11.0000","11.0000","11.0000","11.0000","11.0000","11.0000","11.0000","11.0000","11.0000","16.6234","11.0000","11.0000","22.4047","11.0000","11.0000","11.0000","11.0000","11.0000","14.2554","11.3478","12.5281","19.9983","11.0000","11.0000","11.0000","15.9783","11.0000","11.0000","11.0000","11.0000","11.0000","11.0000","11.0000","19.0669","11.0000","11.0000","11.0000","11.0000","11.0000","11.0000","11.0000","11.0000","11.0000","11.0000","11.0000","13.2734","12.1697","11.0000","11.0000","11.0000","11.0000","11.0000","11.0000","11.0000","11.0000","11.0000","12.0477","11.0957","14.2501","11.0000","11.0000","11.0000","11.0000","11.0000","11.0000","23.4267","11.0000","11.0000","16.8198","13.6334","11.0000","11.0000","11.0000","12.0729","11.0000","11.0000","11.0000","11.0000","11.0000","11.0000","15.9411","36.8385","16.3432","20.0419","15.4456","11.0000","17.5313","34.3766","11.0000","12.8045","11.0000","11.0000","11.0000","20.6335"
"C:\Users\cfg364\Sommerlab Dropbox\Casper van der Luijt\Casper\Data\BioLog\OmniLog\CL2\DATA_2024\07\_NRRL 3488_Aspergillus oryzae__1_30_CL2_769_7#24#2024_A_ 9A_7.OKA","7/24/2024 10:32:48 PM"," 9-A","PM01","","NRRL 3488","Aspergillus oryzae","",9.2500,"11.0000","11.0000","11.0000","11.0000","11.0000","11.0000","11.0000","11.0000","11.0000","11.0000","11.0000","13.8135","11.0000","11.0000","20.6737","11.0000","11.0000","11.0000","11.0000","11.0000","14.9358","11.0000","11.0000","22.1648","11.0000","11.0000","11.0000","13.8530","11.0000","11.0000","11.0000","11.0000","11.0000","11.0000","11.0000","14.7106","15.3562","11.0000","11.0000","11.0000","11.0000","11.0000","11.0000","11.0000","11.0000","11.0000","11.0000","14.8792","13.1522","11.0000","11.0000","11.0000","11.0000","11.0000","11.0000","11.0000","11.0000","11.0000","11.0000","11.0000","14.4939","11.0000","11.0000","11.0000","11.0000","11.0000","11.0000","29.0210","11.0000","11.0000","18.2379","11.0000","14.2831","11.0000","11.0000","16.1058","11.0000","11.0000","11.0000","11.0000","11.0000","11.0000","16.0464","32.3696","17.0089","19.0011","11.0000","11.6819","16.6162","35.1171","11.0000","11.2584","12.5017","11.0000","11.0000","19.7507"
"C:\Users\cfg364\Sommerlab Dropbox\Casper van der Luijt\Casper\Data\BioLog\OmniLog\CL2\DATA_2024\07\_NRRL 3488_Aspergillus oryzae__1_30_CL2_769_7#24#2024_A_ 9A_7.OKA","7/24/2024 10:32:48 PM"," 9-A","PM01","","NRRL 3488","Aspergillus oryzae","",9.5000,"11.0000","17.2601","11.0000","11.0000","11.0000","11.0000","11.0000","11.0000","11.0000","11.0000","11.0000","14.5482","11.0000","11.0000","23.8408","11.0000","11.0000","11.0000","11.0000","11.0000","15.6048","11.0000","11.1595","21.2205","11.0000","11.0000","11.0000","18.1815","11.0000","11.0000","11.0000","11.0000","11.0000","11.0000","11.0000","16.9184","17.0292","12.3794","11.0000","11.0000","11.0000","11.0000","11.0000","11.1265","11.0000","11.0000","11.0000","15.7522","11.7105","11.0000","11.0000","11.0000","11.0000","11.0000","11.0000","11.0000","11.0000","11.0000","13.0573","11.0000","15.6939","11.0000","11.0000","11.0000","11.0000","11.0000","11.0632","29.5507","11.0000","11.0000","19.4918","12.8055","15.4682","11.0000","11.0000","16.9124","11.0000","11.0000","11.0000","11.0000","11.0000","11.0000","17.7790","36.1485","20.0920","21.4989","15.3019","13.7257","17.0469","38.2111","11.0000","11.0000","11.2933","11.0000","11.0000","18.5766"
"C:\Users\cfg364\Sommerlab Dropbox\Casper van der Luijt\Casper\Data\BioLog\OmniLog\CL2\DATA_2024\07\_NRRL 3488_Aspergillus oryzae__1_30_CL2_769_7#24#2024_A_ 9A_7.OKA","7/24/2024 10:32:48 PM"," 9-A","PM01","","NRRL 3488","Aspergillus oryzae","",9.7500,"11.0000","16.3880","11.0000","11.0000","11.0000","11.0000","11.0000","11.0000","11.0000","11.0000","11.0000","16.9136","11.0000","11.0000","23.3822","11.0000","11.0000","11.0000","11.0000","11.0000","13.1447","11.0000","14.6685","23.5672","11.9711","11.0000","11.0000","20.0537","11.0000","11.0000","11.0000","11.0000","11.0000","11.0000","11.0000","17.0429","16.7881","11.0000","11.0000","11.0000","11.0000","11.0000","11.0000","11.0000","11.0000","11.0000","11.0000","15.8454","11.0000","11.0000","11.0000","11.0000","11.0000","11.0000","11.0000","11.0000","11.0000","11.0000","13.5953","11.0000","19.6822","11.0000","11.0000","11.0000","11.0000","11.0000","11.0000","11.0000","11.0000","11.0000","18.1709","14.7695","12.1855","11.0000","11.0000","14.4908","11.0000","11.0000","11.0000","11.0000","11.0000","11.0000","14.8922","34.5949","21.6628","20.7737","15.4294","14.2833","17.0158","38.1789","11.0000","11.1947","11.9775","11.0000","11.6571","21.7685"
"C:\Users\cfg364\Sommerlab Dropbox\Casper van der Luijt\Casper\Data\BioLog\OmniLog\CL2\DATA_2024\07\_NRRL 3488_Aspergillus oryzae__1_30_CL2_769_7#24#2024_A_ 9A_7.OKA","7/24/2024 10:32:48 PM"," 9-A","PM01","","NRRL 3488","Aspergillus oryzae","",10.0000,"11.0000","13.3410","11.0000","11.0000","11.0000","11.0000","11.0000","11.0000","11.0000","11.0000","11.0000","18.6941","11.0000","11.0000","25.9776","11.0000","11.0000","11.0000","11.0000","11.0000","15.5458","11.0000","12.1449","19.8948","11.0000","11.0000","11.0000","14.8636","11.0000","11.0000","11.0000","11.0000","11.0000","11.0000","11.0000","20.3818","13.3581","11.0000","11.0000","11.0000","11.0000","11.0000","11.0000","11.0000","11.0000","11.0000","11.0000","12.3683","11.6793","11.0000","11.0000","11.0000","11.0000","11.0000","11.0000","11.0000","11.0000","11.0000","11.0000","11.0000","16.5877","11.0000","11.0000","11.0000","11.0000","11.0000","11.0000","11.0000","11.0000","11.0000","21.1474","11.5098","15.1643","11.0000","11.0000","11.0000","11.0000","11.0000","11.0000","11.0000","11.0000","11.0000","14.7303","29.9387","19.4994","21.2293","11.0000","11.0000","14.2690","38.3563","11.0000","12.8505","11.0000","11.0000","11.0000","20.5408"
"C:\Users\cfg364\Sommerlab Dropbox\Casper van der Luijt\Casper\Data\BioLog\OmniLog\CL2\DATA_2024\07\_NRRL 3488_Aspergillus oryzae__1_30_CL2_769_7#24#2024_A_ 9A_7.OKA","7/24/2024 10:32:48 PM"," 9-A","PM01","","NRRL 3488","Aspergillus oryzae","",10.2500,"11.0000","11.8115","11.0000","11.0000","11.0000","11.0000","11.0000","11.0000","11.0000","11.0000","11.0000","14.3681","11.0000","11.0000","25.4935","11.0000","11.0000","11.0000","11.0000","11.0000","11.9155","11.0000","12.3675","17.6944","11.0000","11.0000","11.0000","12.1127","11.0000","11.0000","11.0000","11.0000","11.0000","11.0000","11.0000","18.2763","13.5697","12.7589","11.0000","11.0000","11.0000","11.0000","11.0000","11.0000","11.0000","11.0000","11.0000","14.2341","11.6484","11.0000","11.0000","11.0000","11.0000","11.0000","11.0000","11.0000","11.0000","11.0000","11.0000","11.0000","16.7719","11.0000","11.0000","11.0000","11.0000","11.0000","11.5383","11.0000","11.0000","11.0000","18.5166","12.1790","17.6086","11.0000","11.0000","11.0000","11.0000","11.0000","11.0000","11.0000","11.0000","11.0000","16.5469","31.7254","15.8093","21.3857","12.4072","11.0000","17.1644","38.0355","11.0000","11.1948","11.0000","11.0000","11.0000","19.7377"
"C:\Users\cfg364\Sommerlab Dropbox\Casper van der Luijt\Casper\Data\BioLog\OmniLog\CL2\DATA_2024\07\_NRRL 3488_Aspergillus oryzae__1_30_CL2_769_7#24#2024_A_ 9A_7.OKA","7/24/2024 10:32:48 PM"," 9-A","PM01","","NRRL 3488","Aspergillus oryzae","",10.5000,"11.0000","11.2185","11.0000","11.0000","11.0000","11.0000","11.0000","11.0000","11.0000","11.0000","11.0000","21.1043","11.0000","11.0000","27.6115","11.0000","11.0000","11.0000","11.0000","11.0000","15.3248","11.0000","12.2085","21.5684","11.0000","11.0000","11.0000","13.8436","11.0000","11.0000","11.0000","11.0000","11.0000","11.0000","11.0000","18.0596","14.1743","11.5968","11.0000","11.0000","11.0000","11.0000","11.0000","11.0000","11.0000","11.0000","11.0000","17.3748","11.0000","11.0000","11.0000","11.0000","11.0000","11.0000","11.0000","11.0000","11.0000","11.0000","11.0000","11.0000","18.4912","11.0000","11.0000","11.0000","11.0000","11.0000","11.0000","11.0000","11.0000","11.0000","19.7380","11.0000","13.7762","11.0000","11.0000","11.0000","11.0000","11.0000","11.0000","11.0000","11.0000","11.0000","18.1039","31.4005","19.1364","23.2939","11.0000","11.0000","16.6974","37.2979","11.5475","11.8441","11.0000","11.0000","11.0000","22.0185"
"C:\Users\cfg364\Sommerlab Dropbox\Casper van der Luijt\Casper\Data\BioLog\OmniLog\CL2\DATA_2024\07\_NRRL 3488_Aspergillus oryzae__1_30_CL2_769_7#24#2024_A_ 9A_7.OKA","7/24/2024 10:32:48 PM"," 9-A","PM01","","NRRL 3488","Aspergillus oryzae","",10.7500,"11.0000","11.0000","11.0000","11.0000","11.0000","11.0000","11.0000","11.0000","11.0000","11.0000","11.0000","11.0000","11.0000","11.0000","22.6664","11.0000","11.0000","11.0000","11.0000","11.0000","13.3409","11.0000","12.4302","22.4523","11.0000","11.0000","11.0000","18.0060","11.0000","11.0000","11.0000","11.0000","11.0000","11.0000","11.0000","15.1174","12.3692","11.0000","11.0000","11.0000","11.0000","11.0000","11.0000","11.0000","11.0000","11.0000","11.0000","13.6488","11.2777","11.0000","11.0000","11.0000","11.0000","11.0000","11.0000","11.0000","11.0000","11.0000","11.0000","11.0000","17.5497","11.0000","11.0000","11.0000","11.0000","11.0000","11.0000","11.0000","11.0000","11.0000","18.5457","11.0319","11.8772","11.0000","11.0000","11.0000","11.0000","11.0000","11.0000","11.0000","11.0000","11.0000","15.7385","35.0205","17.2207","26.5621","13.5252","11.3409","20.3376","38.8657","11.0000","12.6154","11.0000","11.0000","11.0000","17.0373"
"C:\Users\cfg364\Sommerlab Dropbox\Casper van der Luijt\Casper\Data\BioLog\OmniLog\CL2\DATA_2024\07\_NRRL 3488_Aspergillus oryzae__1_30_CL2_769_7#24#2024_A_ 9A_7.OKA","7/24/2024 10:32:48 PM"," 9-A","PM01","","NRRL 3488","Aspergillus oryzae","",11.0000,"11.0000","13.8369","11.0000","11.0000","11.0000","11.0000","11.0000","11.0000","11.0000","11.0000","11.0000","15.7519","11.0000","11.0000","20.4309","11.0000","11.0000","11.0000","11.0000","11.0000","16.1783","11.0000","11.0000","23.8498","11.0000","11.0000","11.0000","16.6257","11.0000","11.0000","11.0000","11.0000","11.0000","11.0000","11.0000","13.0636","11.8202","11.9446","11.0000","11.0000","11.0000","11.0000","11.0000","11.0000","11.0000","11.0000","11.0000","17.9968","12.0780","11.0000","11.0000","11.0000","11.0000","11.0000","11.0000","11.0000","11.0000","11.0000","11.0000","11.0000","19.6965","11.0000","11.0000","11.0000","11.0000","11.0000","13.7915","11.0000","11.0000","11.0000","16.7979","13.3514","15.3805","11.0000","11.0000","11.0000","11.0000","11.0000","11.0000","11.0000","14.8724","11.0000","21.7391","34.6723","19.0412","21.7908","12.5951","11.0000","17.6172","36.7576","11.0000","14.7539","12.0097","11.0000","11.0000","25.7988"
"C:\Users\cfg364\Sommerlab Dropbox\Casper van der Luijt\Casper\Data\BioLog\OmniLog\CL2\DATA_2024\07\_NRRL 3488_Aspergillus oryzae__1_30_CL2_769_7#24#2024_A_ 9A_7.OKA","7/24/2024 10:32:48 PM"," 9-A","PM01","","NRRL 3488","Aspergillus oryzae","",11.2500,"11.0000","13.2757","11.0000","11.0000","11.0000","11.0000","11.0000","11.0000","11.0000","11.0000","11.0000","13.2362","11.0000","11.0000","23.2998","11.0000","11.0000","11.0000","11.0000","11.0000","17.8518","11.0000","11.0000","22.0273","12.3039","11.0000","11.0000","16.1646","11.0000","11.0000","11.0000","11.0000","11.0000","11.0000","11.0000","12.0005","12.8531","11.0000","11.0000","11.0000","11.0000","11.0000","11.0000","11.0000","11.0000","11.0000","11.0000","15.8200","15.0655","11.0000","11.0000","11.0000","11.0000","11.0000","11.0000","11.0000","11.0000","11.0000","11.0000","13.6668","22.1071","11.0000","11.0000","11.0000","11.0000","11.0000","11.0000","11.0000","11.0000","11.0000","17.9575","12.4617","17.1327","11.0000","11.0000","11.0000","11.0000","11.0000","11.0000","11.0000","11.0000","11.0000","20.1958","34.5104","18.3433","24.1053","13.2970","11.0000","18.3039","39.1984","11.0000","11.0000","11.2931","11.0000","11.0000","23.7167"
"C:\Users\cfg364\Sommerlab Dropbox\Casper van der Luijt\Casper\Data\BioLog\OmniLog\CL2\DATA_2024\07\_NRRL 3488_Aspergillus oryzae__1_30_CL2_769_7#24#2024_A_ 9A_7.OKA","7/24/2024 10:32:48 PM"," 9-A","PM01","","NRRL 3488","Aspergillus oryzae","",11.5000,"11.0000","13.8285","11.0000","11.0000","11.0000","11.0000","11.0000","11.0000","11.0000","11.0000","11.0000","13.4825","11.0000","11.0000","24.1776","11.0000","11.0000","11.0000","11.0000","11.0000","13.2470","11.0000","11.0000","21.0617","11.0000","11.0000","11.0000","18.5876","11.0000","11.0000","11.0000","11.0000","11.0000","11.0000","11.0000","20.7439","11.0000","12.9458","11.0000","11.0000","11.0000","11.0000","11.0000","11.0000","11.0000","11.0000","11.0000","12.8366","11.0000","11.0000","11.0000","11.0000","11.0000","11.0000","11.0000","11.0000","11.0000","11.0000","11.0000","11.0000","19.6728","11.0000","11.0000","11.0000","11.0000","11.0000","11.9801","11.0000","11.0000","11.0000","18.7068","14.1234","14.9912","11.0000","11.0000","11.0000","11.0000","11.0000","11.0000","11.0000","11.0000","11.0000","21.5872","37.4396","21.6010","25.1906","17.7184","11.0000","18.2002","39.1108","11.0000","11.0000","11.0000","11.0000","11.0000","19.3049"
"C:\Users\cfg364\Sommerlab Dropbox\Casper van der Luijt\Casper\Data\BioLog\OmniLog\CL2\DATA_2024\07\_NRRL 3488_Aspergillus oryzae__1_30_CL2_769_7#24#2024_A_ 9A_7.OKA","7/24/2024 10:32:48 PM"," 9-A","PM01","","NRRL 3488","Aspergillus oryzae","",11.7500,"11.0000","16.3117","11.0000","11.0000","11.0000","11.0000","11.0000","11.0000","11.0000","11.0000","11.0000","15.6826","11.0000","11.0000","25.2568","11.0000","11.0000","11.0000","11.0000","11.0000","16.0670","11.0000","11.0000","22.7083","11.0000","11.0000","11.0000","16.1209","11.0000","11.0000","11.0000","11.0000","11.0000","11.0000","11.0000","15.0355","15.2004","12.1614","11.0000","11.0000","11.0000","11.0000","11.0000","11.0000","11.0000","11.0000","11.0000","12.6856","11.0000","11.0000","11.0000","11.0000","11.0000","11.0000","11.0000","11.0000","11.0000","11.0000","11.0000","11.0000","20.3849","11.0000","11.0000","11.0000","11.0000","11.0000","11.0000","11.0000","11.0000","11.0000","21.1347","11.0000","19.1783","11.0000","11.0000","11.0000","11.0000","11.0000","11.0000","11.0000","12.6967","11.0000","20.3101","33.1354","20.6180","24.0389","11.0000","11.3102","17.9825","37.6689","11.0000","11.0000","11.9124","11.0000","11.0000","21.2054"
"C:\Users\cfg364\Sommerlab Dropbox\Casper van der Luijt\Casper\Data\BioLog\OmniLog\CL2\DATA_2024\07\_NRRL 3488_Aspergillus oryzae__1_30_CL2_769_7#24#2024_A_ 9A_7.OKA","7/24/2024 10:32:48 PM"," 9-A","PM01","","NRRL 3488","Aspergillus oryzae","",12.0000,"11.0000","15.0085","11.0000","11.0000","11.0000","11.0000","11.0000","11.0000","11.0000","11.0000","11.0000","14.0528","11.0000","11.0000","19.4086","11.0000","11.0000","11.0000","11.0000","11.0000","13.6307","11.0000","11.0000","23.6195","11.0000","11.0000","11.0000","16.7595","11.0000","11.0000","11.0000","11.0000","11.0000","11.0000","11.0000","15.4802","11.0000","11.4730","11.0000","11.0000","11.0000","11.0000","11.0000","11.0000","11.0000","11.0000","11.0000","17.0345","12.6616","11.0000","11.0000","11.0000","11.0000","11.0000","11.0000","11.0000","11.0000","11.0000","11.0000","15.7881","19.5818","11.0000","11.0000","11.0000","11.0000","11.0000","12.5248","11.0000","11.0000","11.0000","21.6125","13.0646","14.8672","11.0000","11.0000","11.0000","11.0000","11.0000","11.0000","11.0000","16.2670","11.0000","20.7594","33.2812","21.3268","21.5569","13.0422","15.3776","15.4294","38.7585","11.0000","15.5501","11.7804","11.0000","11.0000","25.6156"
"C:\Users\cfg364\Sommerlab Dropbox\Casper van der Luijt\Casper\Data\BioLog\OmniLog\CL2\DATA_2024\07\_NRRL 3488_Aspergillus oryzae__1_30_CL2_769_7#24#2024_A_ 9A_7.OKA","7/24/2024 10:32:48 PM"," 9-A","PM01","","NRRL 3488","Aspergillus oryzae","",12.2500,"11.0000","11.5322","11.0000","11.0000","11.0000","11.0000","11.0000","11.0000","11.0000","11.0000","11.0000","16.5717","11.0000","11.0000","22.3967","11.0000","11.0000","11.0000","11.0000","12.2297","14.9378","11.2846","11.0000","25.1945","11.0000","11.0000","11.0000","20.2358","11.0000","11.0000","11.0000","11.0000","11.0000","11.0000","11.0000","19.9789","11.0000","14.6182","11.0000","11.0000","11.0000","11.0000","11.0000","11.0000","11.0000","11.0000","11.0000","15.3168","15.8107","11.0000","11.0000","11.0000","11.0000","11.0000","11.0000","11.0000","11.0000","11.0000","13.1796","12.9078","17.0199","11.0000","11.0000","11.0000","11.0000","11.0000","13.8487","11.0000","11.0000","11.0000","19.3917","15.1426","18.6777","11.0000","11.0000","11.0000","11.0000","11.0000","11.0000","11.0000","11.0000","11.0000","17.6406","38.0811","19.1696","24.1289","11.7978","11.5574","18.6176","40.7490","11.7734","14.0327","12.7912","11.0000","11.0000","23.2572"
"C:\Users\cfg364\Sommerlab Dropbox\Casper van der Luijt\Casper\Data\BioLog\OmniLog\CL2\DATA_2024\07\_NRRL 3488_Aspergillus oryzae__1_30_CL2_769_7#24#2024_A_ 9A_7.OKA","7/24/2024 10:32:48 PM"," 9-A","PM01","","NRRL 3488","Aspergillus oryzae","",12.5000,"11.0000","11.0000","11.0000","11.0000","11.0000","11.0000","11.0000","11.0000","11.0000","11.0000","11.0000","17.0794","11.0000","11.0000","18.2241","11.0000","11.0000","11.0000","11.0000","11.0000","15.5997","11.0000","11.0000","24.7405","12.0878","11.0000","11.0000","20.2737","11.0000","11.0000","11.0000","11.0000","11.0000","11.0000","11.0000","20.9898","11.2127","11.0000","11.0000","11.0000","11.0000","11.0000","11.0000","11.0000","11.0000","11.0000","11.0000","11.9952","12.8745","11.0000","11.0000","11.0000","11.0000","11.0000","11.0000","11.0000","11.0000","11.0000","11.0000","11.0000","19.4330","11.0000","11.0000","11.0000","11.0000","11.0000","11.0000","11.0000","11.0000","11.0000","19.0928","11.7035","17.6656","11.0000","11.0000","11.0000","11.0000","11.0000","11.0000","11.0000","11.0000","11.0000","16.1415","32.9682","18.4095","22.6741","17.0497","12.4184","15.8405","40.1030","11.0000","11.2267","11.4928","11.0000","11.0000","22.0019"
"C:\Users\cfg364\Sommerlab Dropbox\Casper van der Luijt\Casper\Data\BioLog\OmniLog\CL2\DATA_2024\07\_NRRL 3488_Aspergillus oryzae__1_30_CL2_769_7#24#2024_A_ 9A_7.OKA","7/24/2024 10:32:48 PM"," 9-A","PM01","","NRRL 3488","Aspergillus oryzae","",12.7500,"11.0000","12.4754","11.0000","11.0000","11.0000","11.0000","11.0000","11.0000","11.0000","11.0000","11.0000","14.3452","11.0000","11.0000","20.3560","11.0000","11.0000","11.0000","11.0000","11.0000","19.1737","11.0000","11.0000","22.6226","11.0000","11.0000","11.0000","19.5270","11.0000","11.0000","11.0000","11.0000","11.0000","11.0000","11.0000","15.3386","15.1884","11.4719","11.0000","11.0000","11.0000","11.0000","11.0000","11.0000","11.0000","11.0000","11.0000","11.7170","12.0147","11.0000","11.0000","11.0000","11.0000","11.0000","11.0000","11.0000","11.0000","11.0000","11.0000","11.0000","21.3487","11.0000","11.0000","11.0000","11.0000","11.0000","11.0000","11.0000","11.0000","11.0000","16.9190","11.3820","14.4304","11.0000","11.0000","11.0000","11.0000","11.0000","11.0000","11.0000","11.0000","11.0000","21.2843","33.2769","20.9671","22.2498","11.3839","12.7688","15.4040","41.6211","11.0000","11.0000","12.0428","11.0000","11.0000","19.3371"
"C:\Users\cfg364\Sommerlab Dropbox\Casper van der Luijt\Casper\Data\BioLog\OmniLog\CL2\DATA_2024\07\_NRRL 3488_Aspergillus oryzae__1_30_CL2_769_7#24#2024_A_ 9A_7.OKA","7/24/2024 10:32:48 PM"," 9-A","PM01","","NRRL 3488","Aspergillus oryzae","",13.0000,"11.0000","14.7093","11.0000","11.0000","11.0000","11.0000","11.0000","11.0000","11.0000","11.0000","11.0000","14.4477","11.0000","11.0000","21.2744","11.0000","11.0000","11.0000","11.0000","11.0000","14.0962","11.0000","11.0000","23.4054","11.0000","11.0000","11.0000","18.2871","11.0000","11.0000","11.0000","11.0000","11.0000","11.0000","11.0000","15.9919","16.7739","12.8022","11.0000","11.0000","11.0000","11.0000","11.0000","11.0000","11.0000","11.0000","11.0000","15.4750","15.0016","11.0000","11.0000","11.0000","11.0000","11.0000","11.0000","11.0000","11.0000","11.0000","11.4742","14.8420","13.8685","11.0000","11.0000","11.0000","11.0000","11.0000","11.8547","11.0000","11.0000","11.0000","17.6769","14.3545","20.5648","11.0000","11.0000","11.0000","11.0000","11.0000","11.0000","11.0000","11.0000","11.0000","17.4316","35.8060","20.7174","22.8082","12.9163","11.7773","17.7945","40.4404","11.0000","13.9059","11.0000","11.0000","11.1640","25.3997"
"C:\Users\cfg364\Sommerlab Dropbox\Casper van der Luijt\Casper\Data\BioLog\OmniLog\CL2\DATA_2024\07\_NRRL 3488_Aspergillus oryzae__1_30_CL2_769_7#24#2024_A_ 9A_7.OKA","7/24/2024 10:32:48 PM"," 9-A","PM01","","NRRL 3488","Aspergillus oryzae","",13.2500,"11.0000","11.7865","11.0000","11.0000","11.0000","11.0000","11.0000","11.0000","11.0000","11.0000","11.0000","15.5966","11.0000","11.0000","12.5658","11.0000","11.0000","11.0000","11.0000","11.0000","17.1334","11.0000","11.0000","25.3849","11.0304","11.0000","11.0000","23.3676","11.0000","11.0000","11.0000","11.0000","11.0000","11.0000","11.0000","15.6006","11.0000","14.2075","11.0000","11.0000","11.0000","11.0000","11.0000","11.0000","11.0000","11.0000","11.0000","13.9349","12.2401","11.0000","11.0000","11.0000","11.0000","11.0000","11.0000","11.0000","11.0000","11.0000","11.6647","13.4831","21.5807","11.0000","11.0000","11.0000","11.0000","11.0000","11.0000","11.0000","11.0000","11.0000","19.7073","12.6274","12.3652","11.0000","11.0000","11.0000","11.0000","11.0000","11.0000","11.0000","11.0000","11.0000","16.5477","32.7824","21.3769","24.0509","11.2240","11.9001","15.9361","41.5468","11.0000","11.2591","11.0000","11.0000","11.0000","22.3017"
"C:\Users\cfg364\Sommerlab Dropbox\Casper van der Luijt\Casper\Data\BioLog\OmniLog\CL2\DATA_2024\07\_NRRL 3488_Aspergillus oryzae__1_30_CL2_769_7#24#2024_A_ 9A_7.OKA","7/24/2024 10:32:48 PM"," 9-A","PM01","","NRRL 3488","Aspergillus oryzae","",13.5000,"11.0000","11.0000","11.0000","11.0000","11.0000","11.0000","11.0000","11.0000","11.0000","11.0000","11.0000","16.5284","11.0000","11.0000","17.3552","11.0000","11.0000","11.0000","11.0000","13.1411","15.4035","11.0000","11.0000","25.1390","11.0000","11.0000","11.0000","18.7757","11.0000","11.0000","11.0000","11.0000","11.0000","11.0000","11.0000","18.4294","11.0000","14.6164","11.0000","11.0000","11.0000","11.0000","11.0000","11.0000","11.0000","11.0000","11.0000","15.6834","11.0000","11.0000","11.0000","11.0000","11.0000","11.0000","11.0000","11.0000","11.0000","11.0000","12.2977","12.8464","18.8285","11.0000","11.0000","11.0000","11.0000","11.0000","11.0000","11.0000","11.0000","11.0000","18.0786","14.2547","16.1877","11.0000","11.0000","11.0000","11.0000","11.0000","11.0000","11.0000","11.0000","11.0000","16.2882","31.7111","19.6273","20.6940","11.0000","12.1794","22.1140","44.4255","11.0000","14.4013","11.1964","11.0000","11.0000","26.1866"
"C:\Users\cfg364\Sommerlab Dropbox\Casper van der Luijt\Casper\Data\BioLog\OmniLog\CL2\DATA_2024\07\_NRRL 3488_Aspergillus oryzae__1_30_CL2_769_7#24#2024_A_ 9A_7.OKA","7/24/2024 10:32:48 PM"," 9-A","PM01","","NRRL 3488","Aspergillus oryzae","",13.7500,"11.0000","12.6044","11.0000","11.0000","11.0000","11.0000","11.0000","11.0000","11.0000","11.0000","11.0000","14.2300","11.0000","11.0000","14.8070","11.0000","11.0000","11.0000","11.0000","14.5264","15.5608","11.0000","11.0000","25.9689","11.3653","11.0000","11.0000","23.5819","11.0000","11.0000","11.0000","11.0000","11.0000","11.0000","11.0000","18.7403","12.1864","11.9120","11.0000","11.0000","11.0000","11.0000","11.0000","11.0000","11.0000","11.0000","11.0000","16.5576","11.0000","11.0000","11.0000","11.0000","11.0000","11.0000","11.0000","11.0000","11.0000","11.0000","12.2977","13.7697","21.5501","11.0000","11.0000","11.0000","11.0000","11.0000","12.2706","11.0000","11.0000","11.0000","19.5821","13.2656","15.7023","11.0000","11.0000","11.0000","11.0000","11.0000","11.0000","11.0000","11.0000","11.0000","18.2672","30.5425","22.8550","23.9567","12.9196","15.3142","19.2268","44.7454","11.0000","13.2675","11.0000","11.0000","11.0000","22.4622"
"C:\Users\cfg364\Sommerlab Dropbox\Casper van der Luijt\Casper\Data\BioLog\OmniLog\CL2\DATA_2024\07\_NRRL 3488_Aspergillus oryzae__1_30_CL2_769_7#24#2024_A_ 9A_7.OKA","7/24/2024 10:32:48 PM"," 9-A","PM01","","NRRL 3488","Aspergillus oryzae","",14.0000,"11.0000","11.7853","11.0000","11.0000","11.0000","11.0000","11.0000","11.0000","11.0000","11.0000","11.0000","17.7141","11.0000","11.0000","18.2819","11.0000","11.0000","11.0000","11.0000","12.8580","11.0000","11.0000","11.0000","22.5015","11.2127","11.0000","11.0000","22.4915","11.0000","11.0000","11.0000","11.0000","11.0000","11.0000","11.0000","21.1464","13.1023","15.9291","11.0000","11.0000","11.0000","11.0000","11.0000","11.0000","11.0000","11.0000","11.0000","18.7413","13.4602","11.0000","11.0000","11.0000","11.0000","11.0000","11.0000","11.0000","11.0000","11.0000","11.9785","11.2876","19.6841","11.0000","11.0000","11.0000","11.0000","11.0000","11.0000","11.0000","11.0000","11.0000","21.7366","14.2455","18.8095","11.0000","11.0000","11.0000","11.0000","11.0000","11.0000","11.0000","11.0000","11.0000","18.5116","31.8597","23.2899","20.7792","16.0531","14.4828","15.9810","46.2025","11.0000","11.0000","11.0000","11.0000","11.0000","25.3570"
"C:\Users\cfg364\Sommerlab Dropbox\Casper van der Luijt\Casper\Data\BioLog\OmniLog\CL2\DATA_2024\07\_NRRL 3488_Aspergillus oryzae__1_30_CL2_769_7#24#2024_A_ 9A_7.OKA","7/24/2024 10:32:48 PM"," 9-A","PM01","","NRRL 3488","Aspergillus oryzae","",14.2500,"11.0000","11.0000","11.0000","11.0000","11.0000","11.0000","11.0000","11.0000","11.0000","11.0000","11.0000","14.2315","11.0000","11.0000","17.2268","11.0000","11.0000","11.0000","11.0000","11.7875","13.2422","11.0000","11.0000","17.5265","11.4545","11.0000","11.0000","19.8062","11.0000","11.0000","11.0000","11.0000","11.0000","11.0000","11.0000","17.5007","14.4513","14.0153","11.0000","11.0000","11.0000","11.0000","11.0000","11.0000","11.0000","11.0000","11.0000","13.3044","12.3004","11.0000","11.0000","11.0000","11.0000","11.0000","11.0000","11.0000","11.0000","11.0000","14.7653","15.9223","19.1872","11.0000","11.0000","11.0000","11.0000","11.0000","11.0000","11.0000","11.0000","11.0000","15.9284","15.8964","19.4203","11.0000","11.0000","11.0000","11.0000","11.0000","11.0000","11.0000","11.0000","11.0000","17.9064","35.8000","23.8194","24.9698","11.0000","11.0000","15.0265","45.7856","11.0000","13.2380","12.0740","11.0000","11.0000","21.5798"
"C:\Users\cfg364\Sommerlab Dropbox\Casper van der Luijt\Casper\Data\BioLog\OmniLog\CL2\DATA_2024\07\_NRRL 3488_Aspergillus oryzae__1_30_CL2_769_7#24#2024_A_ 9A_7.OKA","7/24/2024 10:32:48 PM"," 9-A","PM01","","NRRL 3488","Aspergillus oryzae","",14.5000,"11.0000","11.2208","11.0000","11.0000","11.0000","11.0000","11.0000","11.0000","11.0000","11.0000","11.0000","13.1752","11.0000","11.0000","19.8371","11.0000","11.0000","11.0000","11.0000","13.3678","11.6033","11.0000","11.0000","20.0162","12.4882","11.0000","11.0000","19.6503","11.0000","11.0000","11.0000","11.0000","11.0000","11.0000","11.0000","21.5359","16.4038","11.0000","11.0000","11.0000","11.0000","11.0000","11.0000","11.0000","11.0000","11.0000","11.0000","16.1712","13.5495","11.0000","11.0000","11.0000","11.0000","11.0000","11.0000","11.0000","11.0000","11.0000","13.7499","15.8382","18.1956","11.0000","11.0000","11.0000","11.0000","11.0000","11.0000","11.0000","11.0000","11.0000","17.1371","19.6994","14.7161","11.0000","11.0000","11.0000","11.0000","11.0000","11.0000","11.0000","11.0000","11.2248","17.1379","32.2822","24.1499","19.8483","16.1296","13.6074","15.8628","44.7013","11.0000","13.0372","13.5134","11.0000","11.0000","22.4934"
"C:\Users\cfg364\Sommerlab Dropbox\Casper van der Luijt\Casper\Data\BioLog\OmniLog\CL2\DATA_2024\07\_NRRL 3488_Aspergillus oryzae__1_30_CL2_769_7#24#2024_A_ 9A_7.OKA","7/24/2024 10:32:48 PM"," 9-A","PM01","","NRRL 3488","Aspergillus oryzae","",14.7500,"11.0000","13.3098","11.0000","11.0000","11.0000","11.0000","11.0000","11.0000","11.0000","11.0000","11.0000","17.8378","11.0000","11.0000","15.8299","11.0000","11.0000","11.0000","11.0000","13.6460","16.0056","11.0000","11.0000","25.0486","12.6061","11.0000","11.0000","22.2159","11.0000","11.0000","11.0000","11.0000","11.0000","11.0000","11.0000","21.4439","14.2268","11.0000","11.0000","11.0000","11.0000","11.0000","11.0000","11.0000","11.0000","11.0000","11.0000","17.9956","11.3706","11.0000","11.0000","11.0000","11.0000","11.0000","11.0000","11.0000","11.0000","11.0000","15.3854","16.6315","20.6605","11.0000","11.0000","11.0000","11.0000","11.0000","11.0000","11.0000","11.0000","11.0000","16.9469","17.4968","20.2299","11.0000","11.0000","11.0000","11.0000","11.0000","11.0000","11.0000","11.0000","11.8043","16.4247","30.9518","22.9238","22.3375","12.6604","17.0874","16.4118","45.6398","11.6443","13.8679","14.7844","11.0000","14.4780","21.0645"
"C:\Users\cfg364\Sommerlab Dropbox\Casper van der Luijt\Casper\Data\BioLog\OmniLog\CL2\DATA_2024\07\_NRRL 3488_Aspergillus oryzae__1_30_CL2_769_7#24#2024_A_ 9A_7.OKA","7/24/2024 10:32:48 PM"," 9-A","PM01","","NRRL 3488","Aspergillus oryzae","",15.0000,"11.0000","11.0000","11.0000","11.0000","11.0000","11.0000","11.0000","11.0000","11.0000","11.0000","11.0000","18.1134","11.0000","11.0000","14.5463","11.0000","11.0000","11.0000","11.0000","14.3475","12.0425","11.0000","11.0000","22.4102","14.6925","11.0000","11.0000","21.2862","11.0000","11.0000","11.0000","11.0000","11.0000","11.0000","11.0000","20.6117","15.2226","11.0000","11.0000","11.0000","11.0000","11.0000","11.0000","11.0000","11.0000","11.0000","11.0000","19.3504","15.5507","11.0000","11.0000","11.0000","11.0000","11.0000","11.0000","11.0000","11.0000","11.0000","11.0000","11.0000","17.5958","11.0000","11.0000","11.0000","11.0000","11.0000","11.0000","11.0000","11.0000","11.0000","15.0413","16.7592","19.6969","11.0000","11.0000","11.0000","11.0000","11.0000","11.0000","11.0000","11.0000","11.7077","12.2012","31.6364","23.0701","19.6350","11.0000","12.0312","16.3434","44.9449","11.0000","12.0750","12.3707","11.0000","11.0000","24.9898"
"C:\Users\cfg364\Sommerlab Dropbox\Casper van der Luijt\Casper\Data\BioLog\OmniLog\CL2\DATA_2024\07\_NRRL 3488_Aspergillus oryzae__1_30_CL2_769_7#24#2024_A_ 9A_7.OKA","7/24/2024 10:32:48 PM"," 9-A","PM01","","NRRL 3488","Aspergillus oryzae","",15.2500,"11.0000","16.1871","11.0000","11.0000","11.0000","11.0000","11.0000","11.0000","11.0000","11.0000","11.0000","18.1882","11.0000","11.0000","17.6558","11.0000","11.0000","11.0000","11.0000","11.0000","11.5997","11.0000","11.0000","21.6436","11.4260","11.0000","11.0000","25.7533","11.0000","11.0000","11.0000","11.0000","11.0000","11.0000","11.0000","19.4361","14.2181","13.3262","11.0000","11.0000","11.0000","11.0000","11.0000","11.0000","11.0000","11.0000","11.0000","16.1525","11.8332","11.0000","11.0000","11.0000","11.0000","11.0000","11.0000","11.0000","11.0000","11.0000","14.7712","14.6431","20.5740","11.0000","11.0000","11.0000","11.0000","11.0000","11.0000","11.0000","11.0000","11.0000","18.0362","18.7620","17.2198","11.0000","11.0000","11.0000","11.0000","11.0000","11.0000","11.0000","11.0000","11.0000","13.9521","31.0576","25.3000","21.7484","11.3502","16.0270","19.1965","45.4958","11.0000","17.1782","15.9240","11.0000","11.0000","25.7167"
"C:\Users\cfg364\Sommerlab Dropbox\Casper van der Luijt\Casper\Data\BioLog\OmniLog\CL2\DATA_2024\07\_NRRL 3488_Aspergillus oryzae__1_30_CL2_769_7#24#2024_A_ 9A_7.OKA","7/24/2024 10:32:48 PM"," 9-A","PM01","","NRRL 3488","Aspergillus oryzae","",15.5000,"11.0000","13.5899","11.0000","11.0000","11.0000","11.0000","11.0000","11.0000","11.0000","11.0000","12.3875","16.5929","11.0000","11.0000","13.0487","11.0000","11.0000","11.0000","11.0000","13.7782","11.0000","11.0000","11.0000","23.8218","14.0385","11.0000","11.0000","27.0418","11.0000","11.0000","11.0000","11.0000","11.0000","11.0000","11.0000","17.5260","13.0345","11.0000","11.0000","11.0000","11.0000","11.0000","11.0000","11.0000","11.0000","11.0000","11.0000","15.0080","14.0786","11.0000","11.0000","11.0000","11.0000","11.0000","11.0000","11.0000","11.0000","11.0000","11.0000","12.9551","23.1054","11.0000","11.0000","11.0000","11.0000","11.0000","11.0000","11.0000","11.0000","11.0000","13.4610","16.1266","16.5869","11.0000","11.0000","11.0000","11.0000","11.0000","11.0000","11.0000","11.0000","13.2905","12.7192","33.6649","22.6783","20.7748","11.0000","14.0669","17.8292","47.6247","12.6913","13.4979","14.3930","11.0000","11.0000","20.5067"
"C:\Users\cfg364\Sommerlab Dropbox\Casper van der Luijt\Casper\Data\BioLog\OmniLog\CL2\DATA_2024\07\_NRRL 3488_Aspergillus oryzae__1_30_CL2_769_7#24#2024_A_ 9A_7.OKA","7/24/2024 10:32:48 PM"," 9-A","PM01","","NRRL 3488","Aspergillus oryzae","",15.7500,"11.8345","15.8951","11.0000","11.0000","11.0000","11.0000","11.0000","11.0000","11.0000","11.0000","11.0000","14.7215","11.0000","11.0000","12.5614","11.0000","11.0000","11.0000","11.0000","13.5243","11.0000","11.0000","11.0000","21.8594","13.5826","11.0000","11.0000","28.6494","11.0000","11.0000","11.0000","11.0000","11.0000","11.0000","11.0000","20.3823","12.1207","14.8702","11.0000","11.0000","11.0000","11.0000","11.0000","11.0000","11.0000","11.0000","11.0000","14.2133","11.6189","11.0000","11.0000","11.0000","11.0000","11.0000","11.0000","11.0000","11.0000","11.0000","15.4100","11.8976","22.6819","11.0000","11.0000","11.0000","11.0000","11.0000","11.0000","11.0000","11.0000","11.0000","11.8523","20.7101","19.7616","11.0000","11.0000","11.0000","11.0000","11.0000","11.0000","11.0000","11.0000","11.0000","12.7503","31.3878","21.0909","17.0755","11.1276","16.1950","16.0420","47.9174","11.0000","14.3097","16.9708","11.0000","11.0000","25.1058"
"C:\Users\cfg364\Sommerlab Dropbox\Casper van der Luijt\Casper\Data\BioLog\OmniLog\CL2\DATA_2024\07\_NRRL 3488_Aspergillus oryzae__1_30_CL2_769_7#24#2024_A_ 9A_7.OKA","7/24/2024 10:32:48 PM"," 9-A","PM01","","NRRL 3488","Aspergillus oryzae","",16.0000,"11.7731","14.9988","11.0000","11.0000","11.0000","11.0000","11.0000","11.0000","11.0000","11.0000","11.0000","14.5938","11.0000","11.0000","13.0070","11.0000","11.0000","11.0000","11.0000","13.7474","11.0000","11.0000","11.0000","23.2125","13.6625","11.0000","11.0000","28.4636","11.0000","11.0000","11.0000","11.0000","11.0000","11.0000","11.0000","15.6365","11.0000","12.5734","11.0000","11.0000","11.0000","11.0000","11.0000","11.0000","11.0000","11.0000","11.0000","17.2001","15.9540","11.0000","11.0000","11.0000","11.0000","11.0000","11.0000","11.0000","11.0000","11.0000","16.9041","14.4400","24.1390","11.0000","11.0000","11.0000","11.0000","11.0000","11.0000","11.0000","11.0000","11.0000","17.7510","18.2908","21.0715","11.0000","11.0000","11.0000","11.0000","11.0000","11.0000","11.0000","11.0000","11.0000","14.0059","30.8810","26.7318","17.6465","11.7943","16.6592","13.9351","47.8880","11.0000","12.8511","17.8130","12.6281","11.0000","22.8706"
"C:\Users\cfg364\Sommerlab Dropbox\Casper van der Luijt\Casper\Data\BioLog\OmniLog\CL2\DATA_2024\07\_NRRL 3488_Aspergillus oryzae__1_30_CL2_769_7#24#2024_A_ 9A_7.OKA","7/24/2024 10:32:48 PM"," 9-A","PM01","","NRRL 3488","Aspergillus oryzae","",16.2500,"12.7873","15.6607","11.0000","11.0000","11.0000","11.0000","11.0000","11.0000","11.0000","11.0000","11.0000","14.7952","11.0000","11.0000","11.0000","11.0000","11.0000","11.0000","11.0000","14.3597","11.0000","11.0000","11.0000","23.9265","15.2184","11.0000","11.0000","30.9098","11.0000","11.0000","11.0000","11.0000","11.0000","11.0000","11.0000","17.2459","14.1682","11.0000","11.0000","11.0000","11.0000","11.0000","11.0000","11.0000","11.0000","11.0000","11.0000","14.9962","14.0300","11.0000","11.0000","11.0000","11.0000","12.0795","11.0000","11.0000","11.0000","11.0000","19.3526","17.0256","21.3278","11.0000","11.0000","11.0000","11.0000","11.0000","11.0000","11.0000","11.0000","11.0000","15.6845","19.3664","17.2438","11.0000","11.0000","11.0000","11.0000","11.0000","11.0000","11.0000","11.0000","15.7294","13.2670","37.4035","28.6317","17.1230","12.3683","16.4929","21.0939","49.0899","11.9025","17.5917","13.5985","11.0000","11.0000","26.0541"
"C:\Users\cfg364\Sommerlab Dropbox\Casper van der Luijt\Casper\Data\BioLog\OmniLog\CL2\DATA_2024\07\_NRRL 3488_Aspergillus oryzae__1_30_CL2_769_7#24#2024_A_ 9A_7.OKA","7/24/2024 10:32:48 PM"," 9-A","PM01","","NRRL 3488","Aspergillus oryzae","",16.5000,"11.0000","15.4014","11.0000","11.0000","11.0000","11.0000","11.0000","11.0000","11.0000","11.0000","12.1035","19.6526","11.0000","11.0000","13.4809","11.0000","11.0000","11.0000","11.0000","16.0685","11.0000","11.0000","11.0000","22.6565","14.0711","11.0000","11.0000","33.3148","11.0000","11.0000","11.0000","11.0000","11.0000","11.0000","11.0000","18.2575","12.4820","12.9457","11.0000","11.0000","11.0000","11.0000","11.0000","11.0000","11.0000","11.0000","11.0000","12.4431","14.2628","11.0000","11.0000","11.0000","11.0000","11.0000","11.0000","11.0000","11.0000","11.0000","14.3839","19.0652","25.2174","11.0000","11.0000","11.0000","11.0000","11.0000","11.0000","11.0000","11.0000","11.0000","14.7563","19.7704","20.0309","11.0000","11.0000","11.0000","11.0000","11.0000","11.0000","11.0000","11.0000","13.5459","14.0675","30.7276","28.6958","16.8849","11.0000","14.9740","15.5166","54.5148","11.0000","14.7321","18.5319","12.7263","12.2143","25.5868"
"C:\Users\cfg364\Sommerlab Dropbox\Casper van der Luijt\Casper\Data\BioLog\OmniLog\CL2\DATA_2024\07\_NRRL 3488_Aspergillus oryzae__1_30_CL2_769_7#24#2024_A_ 9A_7.OKA","7/24/2024 10:32:48 PM"," 9-A","PM01","","NRRL 3488","Aspergillus oryzae","",16.7500,"13.3553","12.1977","11.0000","11.0000","11.0000","11.0000","11.0000","11.0000","11.0000","11.0000","15.4465","15.2983","11.0000","11.0000","12.7078","11.0000","11.0000","11.0000","11.0000","14.9375","11.0000","11.0000","11.0000","26.0811","13.1329","11.0000","11.0000","36.5301","11.0000","11.0000","11.0000","11.0000","11.0000","11.0000","11.0000","19.5012","14.4152","13.5455","11.0000","11.0000","11.0000","11.0000","11.0000","11.0000","11.0000","11.0000","11.0644","17.4243","13.8278","11.0000","11.0000","11.0000","11.0000","11.0000","11.0000","11.0000","11.0000","11.0000","11.8576","17.6901","22.0577","11.0000","11.0000","11.0000","11.0000","11.0000","11.0000","11.0000","11.0000","11.0000","15.7138","25.6159","20.5587","11.0000","11.0000","11.0000","11.0000","11.0000","11.0000","11.0000","11.0000","12.2891","14.4708","33.7990","25.6541","16.8023","14.1220","16.2780","14.6951","56.1415","11.0000","13.5013","12.8603","11.4895","11.0000","25.5138"
"C:\Users\cfg364\Sommerlab Dropbox\Casper van der Luijt\Casper\Data\BioLog\OmniLog\CL2\DATA_2024\07\_NRRL 3488_Aspergillus oryzae__1_30_CL2_769_7#24#2024_A_ 9A_7.OKA","7/24/2024 10:32:48 PM"," 9-A","PM01","","NRRL 3488","Aspergillus oryzae","",17.0000,"15.2457","11.4413","11.0000","11.0000","11.0000","11.0000","11.0000","11.0000","11.0000","11.0000","15.3203","15.4540","11.0000","11.0000","13.2567","11.0000","11.0000","11.0000","11.0000","19.2215","11.0000","11.0000","11.0000","24.8244","14.8393","11.0000","11.0000","40.9902","11.0000","11.0000","11.0000","11.0000","11.0000","11.0000","11.0000","24.0764","15.2313","14.8025","11.0000","11.0000","11.0000","11.0000","11.0000","11.0000","11.0000","11.0000","11.0000","19.9072","18.5613","11.0000","11.0000","11.0000","11.0000","11.0000","11.0000","11.0000","11.0000","11.0000","14.6528","16.5698","20.1586","11.0000","11.0000","11.0000","11.0000","11.0000","11.0000","11.0000","11.0000","11.0000","16.2795","22.2941","19.9537","11.0000","11.0000","11.0000","11.0000","11.0000","11.0000","11.0000","11.0000","12.5146","14.2438","32.0204","28.2580","23.3844","12.0194","19.0722","14.0688","61.1501","11.0000","16.1326","16.2546","13.7085","12.9075","25.7380"
"C:\Users\cfg364\Sommerlab Dropbox\Casper van der Luijt\Casper\Data\BioLog\OmniLog\CL2\DATA_2024\07\_NRRL 3488_Aspergillus oryzae__1_30_CL2_769_7#24#2024_A_ 9A_7.OKA","7/24/2024 10:32:48 PM"," 9-A","PM01","","NRRL 3488","Aspergillus oryzae","",17.2500,"15.4936","15.6018","11.0000","11.0000","11.0000","11.0000","11.0000","11.0000","11.0000","11.0000","16.0456","16.8556","11.0000","11.0000","13.0433","11.0000","11.0000","11.0000","11.0000","19.6310","11.0000","11.0000","12.0193","28.8705","16.3018","11.0000","11.0000","47.0190","11.0000","11.0000","11.0000","11.0000","11.0000","11.0000","13.2413","26.4259","14.0223","12.4142","11.0000","11.0000","11.0000","11.0000","11.0000","11.0000","11.0000","11.0000","14.9286","19.8141","18.3769","11.0000","11.0000","11.0000","11.0000","13.4736","11.0000","11.0000","11.0000","11.0000","14.4623","20.1549","20.5568","11.0000","11.0000","11.0000","11.0000","11.0000","11.0000","11.0000","11.0000","11.0000","14.0797","24.7617","24.4306","11.0000","11.0000","11.0000","11.9879","11.0000","11.7603","11.0000","11.0000","17.4775","15.8657","33.7667","27.0772","19.1731","12.6565","22.0527","13.3486","59.7783","11.0000","21.0378","17.0705","13.4800","13.3350","25.2574"
"C:\Users\cfg364\Sommerlab Dropbox\Casper van der Luijt\Casper\Data\BioLog\OmniLog\CL2\DATA_2024\07\_NRRL 3488_Aspergillus oryzae__1_30_CL2_769_7#24#2024_A_ 9A_7.OKA","7/24/2024 10:32:48 PM"," 9-A","PM01","","NRRL 3488","Aspergillus oryzae","",17.5000,"14.2258","14.2625","11.0000","11.0000","11.0000","11.0000","11.0000","11.0000","11.0000","11.0000","12.9010","22.2119","11.0000","11.0000","13.1360","11.0000","11.0000","11.0000","11.0000","19.1427","11.0000","11.0000","11.0000","24.5737","16.2529","11.0000","11.0000","46.8360","11.0000","11.0000","11.2852","11.0000","12.1703","11.5688","11.8522","22.4286","15.0326","12.0456","11.0000","11.0000","11.0000","11.0000","11.0000","11.0000","11.0000","11.0000","15.6112","15.6659","16.8257","11.0000","11.0000","11.0000","11.0000","11.0000","11.0000","11.0000","11.0000","12.0245","16.9649","19.6487","19.4065","11.0000","11.0000","11.0000","11.0000","11.0000","11.0000","11.0000","11.0000","11.0000","16.8120","21.9154","24.6465","11.0000","11.0000","11.0000","11.0000","11.0000","11.0000","11.0000","11.0000","17.1370","16.4031","31.3614","31.5982","18.0305","15.5500","20.2888","16.6431","63.4284","11.0000","16.1135","16.2909","11.0000","11.9878","26.5586"
"C:\Users\cfg364\Sommerlab Dropbox\Casper van der Luijt\Casper\Data\BioLog\OmniLog\CL2\DATA_2024\07\_NRRL 3488_Aspergillus oryzae__1_30_CL2_769_7#24#2024_A_ 9A_7.OKA","7/24/2024 10:32:48 PM"," 9-A","PM01","","NRRL 3488","Aspergillus oryzae","",17.7500,"15.5466","18.2877","11.0000","11.0000","11.0000","11.0000","11.0000","11.0000","11.0000","11.0000","16.3809","19.5025","11.0000","11.0000","16.5466","11.0000","11.0000","11.0000","11.0000","21.0287","11.0000","11.0000","11.0000","23.1694","17.8822","11.0000","11.0000","44.9901","11.0000","11.0000","14.1631","11.0000","12.8124","11.0000","12.1416","22.1957","19.3545","13.3171","11.0000","11.0000","11.0000","11.0000","11.0000","11.0000","11.0000","11.0000","17.3058","19.3755","19.6534","11.0000","11.0000","11.0000","12.1244","11.0000","11.0000","11.0000","11.0000","12.4741","16.6768","19.3471","23.8667","11.0000","11.8945","11.0000","11.0000","11.0000","11.0000","11.3765","11.0000","11.0000","14.8339","25.9367","24.7848","11.5423","11.0000","11.0000","11.0000","11.0000","11.0000","11.0000","12.8301","16.7049","15.9668","31.5110","29.2393","16.7547","11.5760","17.5380","18.5164","68.8908","11.0000","19.4030","17.8770","12.0450","11.0000","28.2905"
"C:\Users\cfg364\Sommerlab Dropbox\Casper van der Luijt\Casper\Data\BioLog\OmniLog\CL2\DATA_2024\07\_NRRL 3488_Aspergillus oryzae__1_30_CL2_769_7#24#2024_A_ 9A_7.OKA","7/24/2024 10:32:48 PM"," 9-A","PM01","","NRRL 3488","Aspergillus oryzae","",18.0000,"16.6068","21.0231","11.0000","11.0000","11.0000","11.0000","11.0000","11.0000","11.0000","11.0000","16.5702","20.7449","11.2448","11.0000","16.0121","11.0000","11.0000","11.0000","11.0000","20.6705","11.0000","11.0000","12.5910","25.4697","19.5511","11.0000","11.0000","52.8663","11.0000","11.0000","11.0000","11.0000","13.1514","11.4749","11.0000","24.7147","16.7625","13.1703","11.0000","11.0000","11.0000","11.0000","11.0000","11.0000","11.0000","11.0000","14.5073","19.8062","20.6123","11.0000","11.0000","11.0000","17.9555","11.0000","11.0000","12.2588","11.8161","13.0793","19.0564","21.6648","23.1018","11.0000","13.1823","11.0000","11.0000","11.0000","11.0000","11.0000","11.0000","11.0000","14.5738","27.1504","22.5747","11.3183","11.0000","11.0000","11.0000","11.0000","11.0000","14.4025","12.5977","16.7511","16.2781","32.4653","32.5529","17.9795","13.2666","22.5974","18.9633","65.6378","13.3838","18.2724","18.1840","13.3276","14.9449","28.9987"
"C:\Users\cfg364\Sommerlab Dropbox\Casper van der Luijt\Casper\Data\BioLog\OmniLog\CL2\DATA_2024\07\_NRRL 3488_Aspergillus oryzae__1_30_CL2_769_7#24#2024_A_ 9A_7.OKA","7/24/2024 10:32:48 PM"," 9-A","PM01","","NRRL 3488","Aspergillus oryzae","",18.2500,"14.6450","17.9641","11.0000","11.0000","11.0000","11.0000","11.0000","12.0699","11.0000","11.0000","15.3625","21.6683","11.4276","11.0000","12.4973","11.0000","11.0000","11.0000","11.0000","20.6634","11.0000","11.0000","12.0818","22.5636","19.2030","11.0000","11.0000","53.2732","11.0000","11.0000","12.1437","11.0000","14.8570","11.0000","15.0091","26.5128","16.2630","14.1111","11.0000","11.0000","11.0000","11.0000","11.0000","11.0000","11.0000","11.0000","21.1588","19.6563","23.1979","11.0000","11.0000","11.0000","15.9554","11.5584","11.0000","12.8575","12.6075","13.4361","20.9922","20.9445","22.8438","11.0000","13.5898","11.0000","11.0000","11.0000","11.0000","11.4408","11.0000","12.6644","20.3077","25.4003","28.4608","11.0000","11.2521","11.0000","11.0000","11.0000","11.0000","12.8843","12.9205","17.7496","19.9170","32.7583","30.9398","19.2020","17.1222","19.5385","21.1242","65.0029","11.5827","22.2852","18.6289","18.7575","12.8091","28.9325"
"C:\Users\cfg364\Sommerlab Dropbox\Casper van der Luijt\Casper\Data\BioLog\OmniLog\CL2\DATA_2024\07\_NRRL 3488_Aspergillus oryzae__1_30_CL2_769_7#24#2024_A_ 9A_7.OKA","7/24/2024 10:32:48 PM"," 9-A","PM01","","NRRL 3488","Aspergillus oryzae","",18.5000,"20.5513","22.6520","11.0000","11.0000","11.0000","11.0000","11.0000","11.0000","11.0000","11.0000","18.6044","23.3777","11.0000","11.0000","11.0000","11.0000","11.0000","11.0000","11.0000","22.3540","11.0000","11.0000","12.5947","21.7972","21.1457","11.4682","11.0000","51.1977","11.0000","11.0000","11.0000","11.0000","13.7460","11.8583","11.9505","26.4663","17.4862","14.5134","11.0000","11.0000","11.0000","11.0000","11.0000","11.0000","11.0000","11.0000","18.6245","25.2826","18.4194","11.0000","11.0000","11.0000","20.9619","11.0000","11.0000","13.9341","13.9804","12.1468","16.0546","23.8029","24.0259","11.0000","12.5126","11.0000","11.0000","11.0000","11.0000","11.0000","11.0000","11.2824","22.1447","24.6525","27.3369","14.4982","11.0000","11.0000","11.0000","11.0000","11.0000","11.0000","11.0000","17.9857","19.3850","30.9840","34.3961","19.6010","14.7741","17.3790","14.4022","67.4458","11.0000","15.0297","14.8898","13.0271","11.0000","27.6938"
"C:\Users\cfg364\Sommerlab Dropbox\Casper van der Luijt\Casper\Data\BioLog\OmniLog\CL2\DATA_2024\07\_NRRL 3488_Aspergillus oryzae__1_30_CL2_769_7#24#2024_A_ 9A_7.OKA","7/24/2024 10:32:48 PM"," 9-A","PM01","","NRRL 3488","Aspergillus oryzae","",18.7500,"19.1026","23.6628","11.0000","11.0000","11.0000","11.0000","11.0000","11.0000","11.0000","11.0000","20.0593","23.3175","11.0000","11.4361","14.3771","11.0000","11.0000","11.0000","11.0000","22.3287","11.0000","11.0000","11.0000","23.0603","19.3721","11.0000","11.0000","57.2619","11.0000","11.0000","12.9020","11.0000","13.3884","14.2936","11.0000","28.1539","17.6805","15.9575","11.0000","11.0000","11.0000","11.0000","11.0000","11.0000","11.0000","11.0000","18.0806","22.4511","21.3659","11.0000","12.5260","11.0629","15.9049","11.0000","11.0000","11.0000","12.5412","13.3429","16.9868","22.4468","20.6779","11.0000","15.2746","11.0000","12.1116","14.0950","11.0000","11.0000","11.0000","11.0000","19.0633","25.3269","29.4011","11.0000","12.1658","11.0000","12.9713","11.0000","11.0000","11.0000","12.8264","22.4490","17.3312","29.9709","29.9165","18.6123","15.3267","19.4832","17.1250","71.1121","15.0140","20.9130","15.8794","14.1734","11.0000","25.6883"
"C:\Users\cfg364\Sommerlab Dropbox\Casper van der Luijt\Casper\Data\BioLog\OmniLog\CL2\DATA_2024\07\_NRRL 3488_Aspergillus oryzae__1_30_CL2_769_7#24#2024_A_ 9A_7.OKA","7/24/2024 10:32:48 PM"," 9-A","PM01","","NRRL 3488","Aspergillus oryzae","",19.0000,"19.4067","24.7269","11.8543","11.0000","11.0000","11.0000","11.0000","11.0000","11.0000","11.0000","21.9428","19.8064","14.2706","11.0000","14.3875","11.0000","11.0000","11.0000","11.0000","26.5868","11.0000","11.0000","11.0000","25.0679","19.4914","11.0000","12.7169","65.1126","11.0000","11.0000","13.3761","11.0000","16.3347","13.8677","11.0000","23.4678","20.8332","18.1000","11.0000","11.0000","12.2968","11.0000","12.5103","11.0000","11.0000","11.0000","18.3198","24.0755","22.2408","11.0000","11.0000","11.0000","17.1812","11.0000","11.0000","12.5176","11.3157","17.9191","19.1896","24.9689","22.3987","11.9064","13.3443","11.0000","12.6006","11.4364","11.0000","12.3794","11.0000","11.0000","19.1210","23.4641","27.6861","13.8061","12.5411","11.0000","14.8863","11.0000","11.0000","14.6147","11.0000","18.1870","18.5230","33.8377","34.5255","20.2412","15.1673","23.3014","15.7813","75.2125","11.8066","22.8845","17.0583","14.5876","11.8882","28.1976"
"C:\Users\cfg364\Sommerlab Dropbox\Casper van der Luijt\Casper\Data\BioLog\OmniLog\CL2\DATA_2024\07\_NRRL 3488_Aspergillus oryzae__1_30_CL2_769_7#24#2024_A_ 9A_7.OKA","7/24/2024 10:32:48 PM"," 9-A","PM01","","NRRL 3488","Aspergillus oryzae","",19.2500,"16.7470","27.5629","12.8923","11.0000","11.0000","11.0000","11.0000","11.0000","11.0000","11.0000","16.2939","18.7882","11.8543","12.4316","12.8934","11.0000","11.0000","11.0000","11.0000","27.1281","11.0000","11.0000","14.7128","25.6998","22.5307","11.0000","11.2114","62.9301","11.0000","11.0000","15.3964","11.0000","15.5172","12.4319","12.7718","27.0214","16.7424","12.4464","11.4861","11.0000","11.0000","11.0000","11.0000","11.0000","11.0000","11.0000","24.0043","18.6501","19.6076","11.0000","11.0000","12.1274","20.0214","14.5758","11.0000","13.9341","13.4812","15.0443","15.8712","24.5301","26.7554","11.7533","15.5755","11.0000","11.0000","12.6806","11.0000","11.0316","11.0000","11.0000","19.1484","24.8276","27.3299","11.0000","12.6608","11.0000","11.6790","11.0000","11.0000","13.4940","11.0000","20.7422","21.6049","31.2458","30.3662","17.3620","18.3041","23.3969","15.4083","76.8695","11.0000","22.2840","16.2809","14.0167","13.0775","27.9384"
"C:\Users\cfg364\Sommerlab Dropbox\Casper van der Luijt\Casper\Data\BioLog\OmniLog\CL2\DATA_2024\07\_NRRL 3488_Aspergillus oryzae__1_30_CL2_769_7#24#2024_A_ 9A_7.OKA","7/24/2024 10:32:48 PM"," 9-A","PM01","","NRRL 3488","Aspergillus oryzae","",19.5000,"14.7597","24.4061","13.7999","11.0000","11.0000","11.0000","11.0000","11.0000","11.0000","11.0000","16.9904","20.2973","11.0000","12.4017","12.6741","11.0000","11.0000","11.0000","11.0000","27.9673","11.0000","11.0000","11.0000","22.4789","21.6769","11.1565","11.0000","67.5004","11.0000","11.0000","14.1688","11.0000","16.5150","11.8244","11.0000","25.0879","20.3988","11.0000","11.0000","11.0000","11.0000","11.0000","11.0000","11.0000","11.0000","11.0000","20.3289","22.7978","17.7716","11.0000","11.0614","11.0000","21.0693","11.0000","11.0000","11.0634","13.6541","16.1155","17.4096","20.8338","21.8683","11.0000","12.3922","11.0000","11.6488","11.0000","11.0000","13.8568","11.0000","11.6611","19.8502","21.5859","24.7515","11.0000","11.0000","11.0000","13.8362","13.0902","11.0000","11.0000","11.1605","17.5006","15.9806","33.1655","32.2545","17.8204","13.0736","20.8671","13.6780","78.5066","11.0000","18.3337","18.5846","12.1112","11.0000","27.3782"
"C:\Users\cfg364\Sommerlab Dropbox\Casper van der Luijt\Casper\Data\BioLog\OmniLog\CL2\DATA_2024\07\_NRRL 3488_Aspergillus oryzae__1_30_CL2_769_7#24#2024_A_ 9A_7.OKA","7/24/2024 10:32:48 PM"," 9-A","PM01","","NRRL 3488","Aspergillus oryzae","",19.7500,"17.7766","23.3271","15.2351","11.0000","11.0000","11.0000","11.0000","11.0000","11.0000","11.0000","23.6213","19.0828","11.8304","19.8986","11.0000","11.0000","11.0000","11.0000","11.0000","33.5157","11.0000","11.0000","11.0000","24.5240","22.7042","11.0000","11.6345","72.2582","11.0000","11.0000","11.0000","11.0000","17.9755","16.3882","16.6886","21.5077","23.0292","16.2388","11.0000","11.0000","11.0000","11.1548","11.0000","11.0000","11.0000","11.0000","25.5371","22.9147","21.0297","11.0000","12.4135","11.0000","21.1376","12.2971","11.0000","14.1020","14.2481","18.7773","16.8997","24.3843","22.2471","11.0000","13.2224","11.0000","11.9827","11.0000","11.0000","12.5445","12.3779","11.0000","23.7006","24.0431","28.2713","12.4413","11.0000","11.0000","11.9259","11.0000","11.0000","11.0000","14.2013","24.0181","18.3376","29.0499","35.3924","21.0121","14.1902","20.2223","17.1012","79.0785","11.0000","22.7132","17.2111","20.4928","11.2958","29.1859"
"C:\Users\cfg364\Sommerlab Dropbox\Casper van der Luijt\Casper\Data\BioLog\OmniLog\CL2\DATA_2024\07\_NRRL 3488_Aspergillus oryzae__1_30_CL2_769_7#24#2024_A_ 9A_7.OKA","7/24/2024 10:32:48 PM"," 9-A","PM01","","NRRL 3488","Aspergillus oryzae","",20.0000,"23.2489","26.5703","14.0244","11.4250","11.0000","11.0000","11.0000","11.0000","11.0000","11.0000","22.1759","22.5232","11.0000","15.7402","13.6787","11.0000","11.0000","11.0000","11.0000","38.5078","11.0000","11.0000","16.3922","23.6916","26.4391","11.0000","11.0000","74.5747","11.0000","11.0000","15.7054","11.0000","15.7878","15.2595","15.6353","28.3857","20.8051","11.8176","11.0000","11.0000","11.0000","11.0000","11.0000","11.0000","11.0000","11.0000","28.8930","23.0778","20.5554","11.0000","12.6585","11.8823","22.6789","14.8807","11.0000","13.7778","18.0034","17.8118","18.9975","25.4365","24.3966","12.0918","14.5190","11.0000","15.9682","14.6603","11.0000","14.0619","11.0000","11.9741","22.8921","27.8424","29.0800","13.6179","11.9455","11.0000","13.7170","15.8145","11.0000","15.6476","12.7918","20.6445","19.6873","37.4115","34.3995","21.1429","15.9356","25.1039","18.1514","84.7529","13.1959","24.9053","17.8823","11.7247","11.0000","29.0003"
"C:\Users\cfg364\Sommerlab Dropbox\Casper van der Luijt\Casper\Data\BioLog\OmniLog\CL2\DATA_2024\07\_NRRL 3488_Aspergillus oryzae__1_30_CL2_769_7#24#2024_A_ 9A_7.OKA","7/24/2024 10:32:48 PM"," 9-A","PM01","","NRRL 3488","Aspergillus oryzae","",20.2500,"20.5579","28.8397","13.1690","13.2464","11.0000","11.0000","11.0000","11.0000","11.0000","11.0000","24.7331","24.7167","12.5386","15.1477","12.7655","11.0000","11.0000","11.0000","11.0000","34.4431","11.0000","11.0000","14.4891","24.1548","22.6705","11.0000","11.0000","77.4043","11.0000","11.0000","16.3370","11.0000","20.0011","16.3085","15.8561","28.6034","21.0767","12.6667","11.0000","11.0000","11.0000","11.0000","11.0000","11.0000","11.0000","11.0000","27.5117","25.1375","19.7232","11.0000","11.0000","11.7563","19.0566","11.6776","11.0000","15.0088","15.6374","17.6512","21.0756","26.7431","24.5492","11.0000","15.4142","11.0000","12.1654","14.4122","11.0000","11.9470","11.0000","14.0795","23.4898","24.4103","28.8690","15.0227","12.6704","11.0000","12.7599","13.8006","11.0000","15.7749","14.5195","19.2300","17.0391","33.0955","34.7623","17.8558","15.0440","24.1781","19.6375","86.0019","11.9688","20.8079","19.6848","13.0423","11.0000","25.6574"
"C:\Users\cfg364\Sommerlab Dropbox\Casper van der Luijt\Casper\Data\BioLog\OmniLog\CL2\DATA_2024\07\_NRRL 3488_Aspergillus oryzae__1_30_CL2_769_7#24#2024_A_ 9A_7.OKA","7/24/2024 10:32:48 PM"," 9-A","PM01","","NRRL 3488","Aspergillus oryzae","",20.5000,"20.0307","29.7925","11.0000","11.0000","11.0000","11.0000","11.0000","11.0000","11.0000","11.0000","20.8114","20.9764","13.6361","11.0000","12.7374","11.0000","11.0000","11.0000","11.0000","36.6013","11.0000","11.0000","12.1136","20.5610","24.0273","11.0000","11.0000","79.7446","11.0000","11.0000","11.7937","11.0000","19.4656","17.4610","12.3981","26.5385","18.8648","11.0000","11.0000","11.0000","11.0000","11.0000","11.0000","11.0000","11.0000","11.0000","27.0572","23.7354","17.1940","11.0000","11.0000","11.5053","17.2916","11.0000","11.0000","14.0765","15.8138","18.5687","16.0891","23.8101","20.7211","12.0940","16.2986","11.0000","11.5552","13.2131","11.0000","12.7056","11.0000","14.6790","19.2488","25.1943","23.6884","11.0000","14.1625","11.0000","12.6053","11.0000","11.0000","11.9874","15.5489","17.0396","16.8259","27.3862","32.9503","18.4501","13.5224","24.8974","17.2642","86.1742","11.0000","25.3718","21.8841","12.1755","11.0000","29.3027"
"C:\Users\cfg364\Sommerlab Dropbox\Casper van der Luijt\Casper\Data\BioLog\OmniLog\CL2\DATA_2024\07\_NRRL 3488_Aspergillus oryzae__1_30_CL2_769_7#24#2024_A_ 9A_7.OKA","7/24/2024 10:32:48 PM"," 9-A","PM01","","NRRL 3488","Aspergillus oryzae","",20.7500,"14.2317","33.5622","15.6020","11.0000","11.0000","11.0000","11.0000","11.0000","11.0000","11.7339","25.9643","20.4963","12.1612","18.9512","12.5815","11.0000","11.0000","11.0000","11.0000","38.9555","11.0000","11.0000","15.1831","26.9999","23.3775","11.0000","13.4687","85.6514","11.0000","11.0000","14.8665","11.0000","22.4419","15.1773","17.8834","32.1002","19.4872","14.2337","11.0000","13.4369","11.0000","11.0000","11.0000","11.0000","11.0000","11.0000","29.6870","23.7472","21.5397","11.0000","11.0000","11.2520","17.4394","11.0000","11.0000","14.4725","15.7349","21.8426","18.2728","26.0567","22.3125","11.0000","18.4092","11.0000","12.8760","13.7480","11.0000","16.4270","11.0000","15.2026","24.4335","26.0378","26.0677","17.5723","14.7190","11.0000","15.9776","12.6722","11.0000","13.1046","15.1914","16.1497","19.0608","28.8167","37.5681","20.9279","17.3438","22.4164","15.6049","90.3180","14.1198","24.8576","19.0158","14.8628","11.0000","27.1782"
"C:\Users\cfg364\Sommerlab Dropbox\Casper van der Luijt\Casper\Data\BioLog\OmniLog\CL2\DATA_2024\07\_NRRL 3488_Aspergillus oryzae__1_30_CL2_769_7#24#2024_A_ 9A_7.OKA","7/24/2024 10:32:48 PM"," 9-A","PM01","","NRRL 3488","Aspergillus oryzae","",21.0000,"18.8847","34.2581","14.7646","11.0000","11.0000","11.0000","11.0000","12.3885","11.0000","11.0000","26.0665","24.1377","14.9095","17.3246","11.0000","11.0000","11.0000","11.0000","11.0000","40.1322","11.0000","11.0000","12.7234","25.7149","22.6571","11.0000","12.1485","84.0387","11.0317","11.0000","11.0000","11.0000","23.8145","16.2990","13.7597","33.0711","20.7011","13.8515","11.0000","11.0000","11.0000","11.0000","11.0000","11.0000","11.0000","11.0000","28.7097","24.2074","22.8755","11.0000","11.0000","11.1572","25.6391","11.3097","11.0000","15.5804","17.9817","20.7598","18.7227","26.9724","27.9501","11.0000","16.1157","11.0000","13.9550","12.4052","11.0000","12.0756","11.0000","12.5754","23.3452","26.3699","28.8326","11.8332","11.0000","11.0000","15.9691","13.6857","11.0000","11.0000","15.8288","17.7286","16.4570","30.9799","32.7987","19.4931","19.1810","20.6077","16.7546","90.9236","15.5196","21.0883","16.6291","17.5646","12.3842","23.7006"
"C:\Users\cfg364\Sommerlab Dropbox\Casper van der Luijt\Casper\Data\BioLog\OmniLog\CL2\DATA_2024\07\_NRRL 3488_Aspergillus oryzae__1_30_CL2_769_7#24#2024_A_ 9A_7.OKA","7/24/2024 10:32:48 PM"," 9-A","PM01","","NRRL 3488","Aspergillus oryzae","",21.2500,"15.9548","34.5272","15.0034","11.0000","11.0000","11.0000","11.0000","12.6766","11.0000","11.0000","26.3850","24.5721","13.4188","16.5382","11.0000","11.0000","11.0000","11.0000","11.0000","49.0240","11.0000","11.0000","11.3518","25.3456","27.3485","11.0000","11.0000","87.8966","11.0000","11.0000","11.0000","11.0000","22.6153","17.6822","13.3098","31.0208","19.8136","14.4085","11.0000","11.0000","11.0000","11.0000","11.0000","11.0000","11.0000","11.0000","29.9536","23.7047","22.0958","11.0000","11.0000","11.0000","21.7009","11.0000","11.0000","12.1101","20.4803","20.8889","18.2628","24.9622","21.1388","11.0000","20.3187","11.0000","11.0000","14.8991","11.0000","11.0000","11.0000","11.0000","22.3401","26.8007","28.9731","13.3645","11.5356","11.0000","12.7304","13.8456","11.0000","12.3785","11.4504","15.5368","17.7476","27.8314","36.9512","20.8474","17.8369","21.3333","18.3067","94.7533","11.2262","21.1631","19.4615","16.5513","11.0000","22.8163"
"C:\Users\cfg364\Sommerlab Dropbox\Casper van der Luijt\Casper\Data\BioLog\OmniLog\CL2\DATA_2024\07\_NRRL 3488_Aspergillus oryzae__1_30_CL2_769_7#24#2024_A_ 9A_7.OKA","7/24/2024 10:32:48 PM"," 9-A","PM01","","NRRL 3488","Aspergillus oryzae","",21.5000,"22.0466","34.7595","18.5767","11.0000","11.0000","11.0000","11.0000","13.3430","11.0000","11.0000","25.5790","22.6990","11.4907","18.3432","11.0000","11.0000","11.0000","11.0000","11.0000","44.2675","11.0000","11.0000","11.0000","21.6034","26.6382","11.0000","13.8465","90.8608","12.0486","11.0000","13.9441","11.0000","20.8133","19.4841","13.5186","32.3991","20.5577","12.1006","11.0000","11.0000","11.0000","11.0000","11.0000","11.0000","11.0000","11.0000","32.9295","28.0236","18.2065","11.3186","11.0000","11.0951","23.5871","11.0000","11.0000","17.1622","17.7052","24.7552","15.6853","22.5030","25.0506","11.0000","20.0863","11.0000","12.9792","14.8384","11.0000","11.9169","11.1891","11.0000","22.1119","25.8787","26.4655","11.0000","11.9470","11.0000","18.4103","11.9187","11.0000","12.1538","13.9454","19.2694","20.0734","29.2217","36.5120","18.1627","17.5958","20.8686","18.2700","95.9678","11.0000","23.1983","20.1802","16.8791","11.4289","23.7800"
"C:\Users\cfg364\Sommerlab Dropbox\Casper van der Luijt\Casper\Data\BioLog\OmniLog\CL2\DATA_2024\07\_NRRL 3488_Aspergillus oryzae__1_30_CL2_769_7#24#2024_A_ 9A_7.OKA","7/24/2024 10:32:48 PM"," 9-A","PM01","","NRRL 3488","Aspergillus oryzae","",21.7500,"20.4115","35.1025","18.5996","11.7027","11.0000","11.0000","11.0000","14.0043","11.0000","11.0000","27.5030","25.6926","13.9616","19.2899","11.0914","11.0000","11.0000","11.0000","11.0000","50.7618","11.0000","11.0000","16.0963","24.8772","25.3282","11.8104","11.7237","90.4349","11.0000","11.0000","14.7650","11.0000","29.5375","22.6386","15.4953","26.9430","21.5276","11.0314","11.0000","11.0000","11.0000","11.0000","11.0000","11.0000","11.0000","11.0000","36.7858","27.8403","20.8300","11.1912","11.0000","12.6979","21.4064","12.5172","11.0000","17.8559","23.9598","21.5287","18.3652","27.4845","19.9260","11.0000","15.9859","11.0000","11.3085","12.4964","11.0000","14.5674","11.0000","11.5048","24.2075","24.6592","30.0614","13.9790","13.8623","11.0000","14.9175","11.0000","13.2178","14.0610","15.9061","18.1564","18.9358","27.9792","34.8210","19.1024","15.6836","23.5201","18.1729","100.0170","11.4208","20.1780","23.2574","16.2856","12.6158","22.1469"
"C:\Users\cfg364\Sommerlab Dropbox\Casper van der Luijt\Casper\Data\BioLog\OmniLog\CL2\DATA_2024\07\_NRRL 3488_Aspergillus oryzae__1_30_CL2_769_7#24#2024_A_ 9A_7.OKA","7/24/2024 10:32:48 PM"," 9-A","PM01","","NRRL 3488","Aspergillus oryzae","",22.0000,"19.7967","40.9720","17.0649","11.0000","11.0000","11.0000","11.0000","11.0000","11.0000","11.0000","31.0209","23.4461","14.9751","24.2131","11.0000","11.0000","11.0000","11.0000","11.0000","49.8256","11.0000","11.0000","13.2120","21.3484","26.3732","11.0000","11.0000","94.9559","11.0000","11.0622","15.3396","11.0000","23.7841","17.2231","16.4820","27.6274","25.2404","11.0000","11.0000","11.0000","11.5362","11.0000","11.0000","11.0000","11.0000","11.0000","32.6293","25.8386","21.0226","11.0000","11.0000","11.0000","18.9695","11.0000","11.0000","14.7314","24.8280","26.0895","18.6668","26.5149","24.4130","11.0000","16.2074","11.0000","12.2344","11.0000","11.0000","12.2623","11.0000","14.1512","24.4632","26.9794","27.3555","12.5033","14.7286","11.0000","15.3786","12.4851","11.0000","15.1760","13.9284","20.2630","18.7343","28.7731","34.8527","20.1910","13.9465","19.7998","16.0469","99.7044","11.0000","20.8988","20.1216","17.4921","15.2050","22.0659"
"C:\Users\cfg364\Sommerlab Dropbox\Casper van der Luijt\Casper\Data\BioLog\OmniLog\CL2\DATA_2024\07\_NRRL 3488_Aspergillus oryzae__1_30_CL2_769_7#24#2024_A_ 9A_7.OKA","7/24/2024 10:32:48 PM"," 9-A","PM01","","NRRL 3488","Aspergillus oryzae","",22.2500,"19.6557","43.9701","17.5771","12.2575","11.0000","11.0000","11.0000","12.2959","11.0000","11.0000","30.7968","25.5783","13.6104","21.9191","12.2501","11.0000","11.0000","11.0000","11.0000","49.4981","11.0000","11.0000","18.6164","25.2758","25.5527","11.0000","12.1540","96.5213","11.0000","11.0000","11.0000","11.0000","26.6323","21.1764","14.6041","28.6463","25.1143","12.0952","11.0000","11.0000","11.2546","11.0000","11.0000","11.0000","11.0000","11.0000","38.5773","25.4517","26.1029","11.0000","12.8408","11.0000","23.0436","11.0000","11.0000","15.9047","18.1303","23.9984","17.3404","24.0804","22.4117","11.0000","21.5980","11.0000","11.9615","12.1919","11.0000","11.2531","11.0000","11.0000","25.5286","25.2474","30.7423","11.9937","13.1759","11.0000","14.3032","11.0000","11.0638","12.0218","14.6937","17.4149","18.6974","29.6760","32.3976","19.6326","18.3364","24.4552","16.3336","102.4300","11.0000","22.5651","22.9962","15.9308","12.5900","27.7421"
"C:\Users\cfg364\Sommerlab Dropbox\Casper van der Luijt\Casper\Data\BioLog\OmniLog\CL2\DATA_2024\07\_NRRL 3488_Aspergillus oryzae__1_30_CL2_769_7#24#2024_A_ 9A_7.OKA","7/24/2024 10:32:48 PM"," 9-A","PM01","","NRRL 3488","Aspergillus oryzae","",22.5000,"18.9660","42.8391","16.5860","11.0000","11.0000","11.0000","11.0000","15.5343","11.0000","11.0000","33.4714","22.5712","12.4751","24.0245","11.0000","11.0000","11.0000","11.0000","11.0000","52.8943","11.0000","11.0000","15.5429","21.4675","28.4173","11.0000","12.2088","96.3458","11.9257","11.0000","14.3462","11.0000","28.5772","22.5696","16.1814","26.8399","22.2757","11.0000","11.0000","11.2173","14.5813","11.3733","11.0000","11.0000","11.0000","11.0000","35.1962","25.1146","22.0837","11.0000","12.0457","11.0000","24.6482","11.0000","11.0000","20.9065","24.1326","24.7914","17.4418","27.1935","25.7964","11.0000","17.8499","11.9436","12.8490","12.9075","11.0000","12.4162","11.0000","11.1264","23.7431","28.1090","25.9367","13.7958","14.5244","11.0000","14.5349","12.9919","13.1651","11.0000","15.9430","18.0117","20.2279","26.7527","35.7564","24.8879","19.0686","24.2977","18.1135","102.9771","14.7451","23.1540","18.5117","17.0658","15.0426","25.7204"
"C:\Users\cfg364\Sommerlab Dropbox\Casper van der Luijt\Casper\Data\BioLog\OmniLog\CL2\DATA_2024\07\_NRRL 3488_Aspergillus oryzae__1_30_CL2_769_7#24#2024_A_ 9A_7.OKA","7/24/2024 10:32:48 PM"," 9-A","PM01","","NRRL 3488","Aspergillus oryzae","",22.7500,"20.3025","47.8071","16.4124","12.0118","11.0000","11.0000","11.0000","14.5213","11.0000","11.0000","35.3847","21.4600","17.7543","21.2651","13.5182","11.0000","11.0000","11.0000","11.0000","52.2868","11.0000","11.0000","19.1388","27.6358","27.2043","13.4103","13.1849","102.2289","11.0000","11.0000","16.1841","11.0000","31.7031","23.8248","17.1930","30.0039","26.6299","13.5838","11.0000","11.0000","16.7420","11.0000","11.0000","11.0000","12.1679","11.0000","36.7693","25.1116","21.6358","11.0000","13.0257","11.0000","23.2876","13.2279","11.0000","16.2951","27.6134","29.7627","18.9289","25.3715","23.9260","11.0000","20.6017","13.7020","12.7010","16.7622","11.0000","14.2173","12.2810","12.9889","23.4352","27.9058","32.5837","12.8278","12.7687","11.0000","18.8177","15.8378","11.0000","14.2238","18.9159","16.9180","19.3232","29.5526","40.5051","20.1411","18.3534","26.0957","18.8375","112.7642","17.6286","21.6804","21.4176","20.3748","14.7410","27.0656"
"C:\Users\cfg364\Sommerlab Dropbox\Casper van der Luijt\Casper\Data\BioLog\OmniLog\CL2\DATA_2024\07\_NRRL 3488_Aspergillus oryzae__1_30_CL2_769_7#24#2024_A_ 9A_7.OKA","7/24/2024 10:32:48 PM"," 9-A","PM01","","NRRL 3488","Aspergillus oryzae","",23.0000,"21.9914","45.6875","21.8841","14.4924","11.0000","11.0000","11.0000","14.1960","11.0000","11.0000","37.7183","22.7308","13.4593","20.9656","11.0000","11.0000","11.0000","11.0000","11.0000","54.8580","12.4818","11.0000","15.5125","22.7651","27.5040","12.7490","12.9375","103.5254","11.0000","11.0000","13.2213","11.0000","31.2321","24.9225","16.9463","29.9657","26.6937","11.0000","11.0000","12.5193","11.4769","11.0000","11.0000","11.0000","11.0000","11.0000","38.8387","30.0618","25.2467","11.0000","11.0000","14.3296","24.9632","11.0000","11.0000","21.2825","26.5499","28.0244","23.0816","24.4698","25.7226","11.7528","19.0288","11.3798","13.3695","13.7112","11.0000","17.4593","13.6621","14.0184","27.1452","27.6773","28.9663","15.7137","16.1914","11.0000","21.1961","11.1909","11.0000","12.2179","18.5139","21.4540","15.3791","27.8001","38.7449","20.7723","17.1405","23.3296","19.6887","113.4936","12.5192","19.6357","26.0916","17.6986","12.7176","26.8870"
"C:\Users\cfg364\Sommerlab Dropbox\Casper van der Luijt\Casper\Data\BioLog\OmniLog\CL2\DATA_2024\07\_NRRL 3488_Aspergillus oryzae__1_30_CL2_769_7#24#2024_A_ 9A_7.OKA","7/24/2024 10:32:48 PM"," 9-A","PM01","","NRRL 3488","Aspergillus oryzae","",23.2500,"19.2280","45.8125","22.4344","14.8600","11.0000","11.0000","11.0000","14.2909","11.0000","11.3529","36.9927","26.7235","15.4575","19.7396","12.7956","11.0000","11.0000","11.0000","11.0000","56.9253","11.0000","11.0000","19.6754","19.8548","27.6863","13.8733","12.7861","104.0497","11.0000","11.0000","14.5224","11.0000","33.9508","30.5420","17.8003","29.3429","28.2661","12.7610","11.0000","13.7905","14.0521","11.0000","11.0000","11.0000","11.5989","12.1610","40.3548","31.1776","26.5390","11.0000","12.2320","14.3296","25.6832","11.1864","11.0000","22.2857","28.3091","31.9358","20.6842","24.0867","28.6854","12.1292","20.9124","11.0000","13.5541","14.1163","11.0000","18.1492","13.4429","14.5844","28.6471","28.9847","30.2948","12.9560","18.3308","11.0000","17.2840","12.2726","11.0000","13.2115","17.6186","18.4856","15.2494","28.5095","38.6545","16.3590","19.1767","24.6927","20.6506","117.5217","15.7840","21.6485","24.3715","18.0598","14.1709","29.4224"
"C:\Users\cfg364\Sommerlab Dropbox\Casper van der Luijt\Casper\Data\BioLog\OmniLog\CL2\DATA_2024\07\_NRRL 3488_Aspergillus oryzae__1_30_CL2_769_7#24#2024_A_ 9A_7.OKA","7/24/2024 10:32:48 PM"," 9-A","PM01","","NRRL 3488","Aspergillus oryzae","",23.5000,"21.5436","48.6034","22.6179","14.4356","11.0000","11.0000","11.0000","15.5428","11.0000","11.0000","34.4581","25.7012","17.0894","23.7475","11.0000","11.0000","11.0000","11.0000","11.0000","64.3848","11.5355","11.0000","14.2228","22.5333","26.6308","14.1351","12.0006","106.5222","11.6017","11.2192","16.7381","11.0000","32.5335","26.3848","13.2868","28.7978","23.4947","11.0000","11.0000","11.0000","15.4730","11.0000","11.0000","11.0000","11.0000","11.0000","40.0421","29.2939","25.5641","12.0733","13.9196","15.1497","25.9842","11.0000","11.0000","18.1766","25.1814","29.7906","20.7792","29.0736","24.1769","12.1887","18.8189","11.0000","12.0812","11.5639","11.0000","15.3085","11.0000","12.6387","27.7404","30.4307","28.6983","11.1925","13.8950","11.0000","23.1936","11.0000","11.3193","16.7205","14.3143","18.6545","17.4507","21.5528","35.5059","19.3131","12.3467","24.9085","19.9526","110.8888","14.6735","19.0535","24.1851","16.1953","14.4437","23.3958"
"C:\Users\cfg364\Sommerlab Dropbox\Casper van der Luijt\Casper\Data\BioLog\OmniLog\CL2\DATA_2024\07\_NRRL 3488_Aspergillus oryzae__1_30_CL2_769_7#24#2024_A_ 9A_7.OKA","7/24/2024 10:32:48 PM"," 9-A","PM01","","NRRL 3488","Aspergillus oryzae","",23.7500,"19.7980","47.4662","20.6270","12.6927","15.3047","11.0000","11.0000","14.4236","11.0000","11.0000","36.2169","25.7770","12.3820","26.8341","11.0000","11.0000","11.0000","11.0000","11.0000","62.9113","11.0000","11.0000","18.0253","21.7884","26.4435","11.2199","11.0000","110.1389","11.0000","11.0000","11.7649","11.0000","35.1038","28.5869","15.7053","30.1659","25.6719","11.0000","11.3364","11.0000","15.0914","11.0000","11.0000","11.0000","11.9128","11.0000","40.6504","25.8593","27.9237","11.0000","12.8193","15.2770","26.1830","11.0000","11.0000","21.2254","29.7802","31.4269","19.7261","25.8304","24.4746","11.5625","22.9147","11.0000","15.1884","16.3632","11.2528","16.8460","11.0000","14.1185","25.5996","26.8373","31.0184","13.4711","16.9427","11.0000","22.3567","15.7247","14.2790","15.1349","16.0645","20.6892","19.0346","25.2119","37.1478","20.6755","18.5489","24.8428","19.4396","118.0723","13.4824","19.2670","19.4489","18.7147","13.7169","28.9348"
"C:\Users\cfg364\Sommerlab Dropbox\Casper van der Luijt\Casper\Data\BioLog\OmniLog\CL2\DATA_2024\07\_NRRL 3488_Aspergillus oryzae__1_30_CL2_769_7#24#2024_A_ 9A_7.OKA","7/24/2024 10:32:48 PM"," 9-A","PM01","","NRRL 3488","Aspergillus oryzae","",24.0000,"19.1426","50.7378","24.1056","16.0497","11.0000","11.0320","11.0000","16.9578","11.0000","11.0000","37.5982","21.8125","15.5021","22.5189","11.0000","11.0000","11.0000","11.2546","11.0000","67.1991","11.0000","11.0000","16.4442","23.5254","23.7439","13.2866","15.1159","114.0807","11.0000","11.0000","11.0000","11.0000","32.7589","27.3437","17.3585","28.1431","24.3427","12.6861","11.0000","11.0000","13.5794","12.1177","11.0000","11.0000","11.0316","11.0000","46.7235","29.4972","22.4005","11.5408","11.1238","11.0000","28.5116","11.0000","11.0000","21.8294","25.7675","33.4140","20.4557","26.7384","22.1866","11.0000","20.0314","11.0632","15.0726","13.0655","11.0000","12.9692","11.0000","11.0000","26.0253","27.7453","30.6158","11.5155","13.6574","11.0000","17.3725","19.0266","14.7884","17.9173","16.6230","17.6724","15.8568","26.8188","35.0767","19.4574","15.4341","25.7194","20.2973","118.0729","13.0360","21.3477","21.2378","21.4417","20.3417","26.7039"
"C:\Users\cfg364\Sommerlab Dropbox\Casper van der Luijt\Casper\Data\BioLog\OmniLog\CL2\DATA_2024\07\_NRRL 3488_Aspergillus oryzae__1_30_CL2_769_7#24#2024_A_ 9A_7.OKA","7/24/2024 10:32:48 PM"," 9-A","PM01","","NRRL 3488","Aspergillus oryzae","",24.2500,"20.5198","52.9792","25.1718","12.6958","11.0000","11.0000","12.8851","14.1463","11.0000","13.3597","43.9048","26.2052","16.0774","27.2428","11.2744","11.0000","11.0000","12.5833","11.0000","69.7582","11.0000","11.0000","19.5025","17.1495","26.8183","11.0314","16.5973","114.0081","14.3687","11.0000","13.4831","11.0000","38.5136","31.0415","19.9807","31.1213","30.0199","11.8815","11.0000","14.7792","16.0019","13.8024","11.0000","11.0000","11.0000","13.0389","49.2941","23.8626","26.8890","11.0000","12.0754","12.7086","30.1427","11.0000","11.0000","18.0828","30.7214","32.0993","17.2116","29.7786","28.5887","11.0000","23.4494","11.0000","16.5231","16.5458","11.0000","13.0680","11.0000","13.2368","28.3611","30.0701","28.1732","13.8833","16.6477","11.0000","18.3639","15.2293","17.4881","15.4501","16.2049","18.9560","20.2167","28.6235","36.7457","21.5201","17.4854","22.3308","19.4097","118.4938","11.0000","27.2445","22.2309","19.0541","22.5078","26.8692"
"C:\Users\cfg364\Sommerlab Dropbox\Casper van der Luijt\Casper\Data\BioLog\OmniLog\CL2\DATA_2024\07\_NRRL 3488_Aspergillus oryzae__1_30_CL2_769_7#24#2024_A_ 9A_7.OKA","7/24/2024 10:32:48 PM"," 9-A","PM01","","NRRL 3488","Aspergillus oryzae","",24.5000,"22.5109","54.7362","24.5902","13.2816","11.0000","11.0000","12.6338","16.5298","11.0000","11.1913","47.1074","27.3843","16.3526","28.3986","11.6098","11.0000","11.0000","11.9500","11.0000","71.2028","11.0000","11.0000","21.8820","22.0503","27.0916","12.2542","15.5988","115.1397","13.9556","11.0000","13.2921","11.0000","38.4501","32.4072","20.8661","31.3076","28.6894","11.0000","11.0000","15.2438","17.8497","12.1832","11.0000","11.0000","11.0000","11.0000","48.3287","27.9410","26.3039","11.0000","12.6285","12.3289","27.5281","11.0000","11.5997","20.7705","31.4133","34.7928","15.2366","30.2241","27.7032","11.0000","25.2015","11.0000","14.7026","14.1468","11.0000","13.8953","11.6934","16.1038","27.7635","30.4826","29.7482","15.4211","14.5653","11.0000","18.3020","14.6569","16.6294","14.3296","16.5904","20.4761","20.6357","24.4844","37.0784","21.9271","19.8815","23.6071","17.8835","122.1529","13.8898","26.1164","24.2340","19.6761","18.0161","29.6961"
"C:\Users\cfg364\Sommerlab Dropbox\Casper van der Luijt\Casper\Data\BioLog\OmniLog\CL2\DATA_2024\07\_NRRL 3488_Aspergillus oryzae__1_30_CL2_769_7#24#2024_A_ 9A_7.OKA","7/24/2024 10:32:48 PM"," 9-A","PM01","","NRRL 3488","Aspergillus oryzae","",24.7500,"19.2572","55.0564","27.0609","15.0295","12.9239","11.0000","11.0000","18.3632","11.0000","11.0000","42.3081","26.1786","13.5471","28.9415","11.0000","11.0000","11.0000","11.0000","11.7562","69.6787","11.0000","11.0000","15.9144","23.4918","26.6261","11.7525","16.2506","118.2723","11.0000","11.0000","11.0000","11.0000","38.0112","30.6789","20.5562","31.2499","26.3271","11.0000","11.0000","11.0000","17.6103","11.8099","11.0000","11.0000","12.3893","11.0000","44.5193","30.4725","27.7066","12.7124","13.1614","15.9323","28.5325","11.0000","11.0000","25.3496","29.7528","34.5203","18.3423","24.1761","26.2081","12.5355","22.1176","11.0000","14.6428","16.7420","11.0000","14.1898","12.9542","14.0213","29.9777","32.1692","33.6463","11.0000","15.7813","11.0000","20.6178","16.6932","15.8924","14.1174","18.7529","20.1815","16.6351","29.4515","36.0574","19.3155","19.8296","25.3652","20.8787","123.7766","18.8889","23.4477","26.9843","19.8997","14.2400","27.6016"
"C:\Users\cfg364\Sommerlab Dropbox\Casper van der Luijt\Casper\Data\BioLog\OmniLog\CL2\DATA_2024\07\_NRRL 3488_Aspergillus oryzae__1_30_CL2_769_7#24#2024_A_ 9A_7.OKA","7/24/2024 10:32:48 PM"," 9-A","PM01","","NRRL 3488","Aspergillus oryzae","",25.0000,"21.0548","56.7324","25.6943","16.8131","11.0000","11.0000","11.0000","21.6440","11.0000","11.0000","42.1857","26.0539","15.4565","29.4091","11.0000","11.0000","11.0000","12.1998","11.0000","71.7460","11.6307","11.0000","17.5439","20.2493","25.1596","11.0000","17.2753","122.0244","11.0000","11.0000","13.1051","11.0000","38.4970","30.2150","20.3073","31.5213","26.3377","11.0000","11.0000","11.0000","20.1299","11.0312","11.0000","11.0000","11.0000","11.0000","47.0390","31.3520","27.5037","11.0000","11.0000","13.1162","32.2516","11.0000","11.0000","22.8328","33.5960","37.4506","23.9672","26.5051","24.2199","12.3776","21.5431","11.0000","20.8364","11.0000","11.0000","15.4310","12.1008","14.2850","28.0480","28.0332","31.3229","11.0000","12.1442","11.0000","20.2566","18.4933","14.4719","13.5000","13.6823","19.4251","24.3356","26.3004","42.2549","25.8413","21.9741","24.5246","16.3999","125.3286","15.1603","25.3222","24.8790","19.3875","21.2632","29.3948"
"C:\Users\cfg364\Sommerlab Dropbox\Casper van der Luijt\Casper\Data\BioLog\OmniLog\CL2\DATA_2024\07\_NRRL 3488_Aspergillus oryzae__1_30_CL2_769_7#24#2024_A_ 9A_7.OKA","7/24/2024 10:32:48 PM"," 9-A","PM01","","NRRL 3488","Aspergillus oryzae","",25.2500,"21.4582","61.2018","25.3569","15.9564","11.0000","11.0000","11.0000","15.9903","11.0000","11.0000","43.9288","22.0021","11.6147","30.9380","11.0000","11.0000","11.0000","11.0000","11.0000","75.7366","11.0000","11.0951","18.0546","19.1319","25.0073","13.8133","15.6461","123.7438","11.0000","11.0000","13.2645","11.0000","40.5561","30.4388","17.9330","28.4696","24.9434","11.0000","11.0000","11.0000","20.2889","11.0000","11.0000","11.0000","11.0000","11.0000","45.0260","31.4452","29.1355","11.0000","11.0000","13.5583","29.1978","11.0000","11.0000","23.8136","33.0595","40.5210","19.6236","24.9386","26.0603","12.4403","21.1721","11.0000","15.6561","11.0000","11.0000","12.2344","12.4153","11.5686","25.9643","27.6823","28.1220","11.0000","15.7674","11.0000","19.3588","16.8176","16.3830","12.3782","12.4866","20.1353","20.3092","24.1889","37.7038","19.5659","18.9204","24.2144","19.1155","126.6212","14.7088","23.7993","26.0930","18.5323","18.9276","30.2586"
"C:\Users\cfg364\Sommerlab Dropbox\Casper van der Luijt\Casper\Data\BioLog\OmniLog\CL2\DATA_2024\07\_NRRL 3488_Aspergillus oryzae__1_30_CL2_769_7#24#2024_A_ 9A_7.OKA","7/24/2024 10:32:48 PM"," 9-A","PM01","","NRRL 3488","Aspergillus oryzae","",25.5000,"22.2340","59.0301","29.3449","17.3944","11.0000","11.0000","11.0000","20.0963","11.0000","11.0000","41.7420","25.2747","14.4423","31.1252","11.0000","11.0000","11.0000","12.7049","11.0000","76.5284","11.4415","11.0000","18.2781","21.4287","24.9464","11.9065","17.8787","122.3622","11.0000","11.0000","11.0000","11.0000","42.0133","29.9592","17.8063","30.0889","24.6706","11.0000","11.0000","11.0000","23.9472","11.0000","11.0000","11.0000","11.9181","11.0000","49.0195","31.6627","28.1503","11.0000","12.0770","11.0000","31.2544","11.0000","11.0000","24.5096","35.5526","37.3226","20.2577","28.1355","25.2014","12.6594","24.5730","11.0000","15.2861","11.0000","11.0000","12.7091","12.5411","11.0632","28.4900","29.1815","31.6853","11.0000","14.0829","11.0000","17.3156","18.2404","13.4844","14.5256","14.0701","19.3283","19.6971","26.2679","39.7834","20.5700","21.8787","24.3384","19.5837","129.3356","18.2564","21.9847","24.9775","14.6510","21.9539","31.3782"
"C:\Users\cfg364\Sommerlab Dropbox\Casper van der Luijt\Casper\Data\BioLog\OmniLog\CL2\DATA_2024\07\_NRRL 3488_Aspergillus oryzae__1_30_CL2_769_7#24#2024_A_ 9A_7.OKA","7/24/2024 10:32:48 PM"," 9-A","PM01","","NRRL 3488","Aspergillus oryzae","",25.7500,"20.4714","63.6942","30.5220","19.3435","11.0000","11.8974","11.0000","17.4216","11.0000","14.6212","46.8715","29.7101","12.4162","32.9440","15.2412","11.0000","11.0000","17.6845","11.0000","82.9753","12.7641","11.5081","21.0925","23.1049","28.3803","13.9041","14.3844","126.1952","14.0624","16.5454","16.4050","11.0000","45.3048","38.7456","19.9314","30.6125","26.7890","11.0000","11.0305","11.0000","23.7649","13.6755","11.0000","12.5062","14.4864","11.0000","53.0927","33.9185","26.7750","15.9963","16.1504","15.9601","31.0657","13.9287","11.0000","25.7898","39.5474","39.2328","21.8415","30.2820","31.0727","13.9908","24.7057","11.0000","19.0667","13.0320","12.8855","19.4773","13.0990","14.9410","33.9586","29.5502","33.1640","17.0496","16.5043","11.0000","25.4395","14.5591","11.5732","17.9505","21.9622","21.4621","18.8716","29.4783","37.5228","22.5695","18.2012","26.6243","16.3184","133.7247","19.2202","23.1068","27.4438","23.8709","21.3130","30.7125"
"C:\Users\cfg364\Sommerlab Dropbox\Casper van der Luijt\Casper\Data\BioLog\OmniLog\CL2\DATA_2024\07\_NRRL 3488_Aspergillus oryzae__1_30_CL2_769_7#24#2024_A_ 9A_7.OKA","7/24/2024 10:32:48 PM"," 9-A","PM01","","NRRL 3488","Aspergillus oryzae","",26.0000,"20.7801","65.9207","31.7429","15.7725","11.0000","11.0000","11.0000","22.0765","12.8887","16.0169","49.6651","26.6149","14.6871","33.9502","11.0000","11.0000","11.0000","11.1907","11.0000","85.0638","11.0000","11.0000","20.6779","22.8564","25.7380","13.3698","16.3303","124.6606","11.7379","11.0000","15.6777","11.0000","44.6281","32.9458","20.2653","29.4242","25.7710","11.0000","11.0000","11.0000","19.6409","12.7755","11.0000","13.3745","11.8219","11.3242","54.7638","32.5954","26.4826","15.2076","14.4235","14.7825","29.2335","11.0000","13.1113","24.9448","40.4023","40.2340","17.2453","26.9996","26.3932","12.4721","22.7120","11.0000","15.5403","11.1563","11.0000","15.2082","11.0000","13.6203","30.0036","28.0612","30.9925","13.5635","16.0974","11.0000","20.5900","13.0729","12.7253","16.6863","15.6185","20.5303","16.6233","24.5563","34.6229","22.7367","18.1402","29.9911","17.3884","136.5696","18.7308","26.2271","26.2651","20.1687","20.9807","31.7200"
"C:\Users\cfg364\Sommerlab Dropbox\Casper van der Luijt\Casper\Data\BioLog\OmniLog\CL2\DATA_2024\07\_NRRL 3488_Aspergillus oryzae__1_30_CL2_769_7#24#2024_A_ 9A_7.OKA","7/24/2024 10:32:48 PM"," 9-A","PM01","","NRRL 3488","Aspergillus oryzae","",26.2500,"19.6411","66.3531","33.7700","16.8766","11.0000","11.0000","11.0000","22.9799","12.0546","11.0000","50.3873","32.7426","15.5066","34.3441","11.7321","12.1017","11.0000","12.7374","11.0000","86.6691","11.0000","12.3903","19.3190","23.2486","26.8881","15.8750","17.8290","130.3665","11.8634","12.7613","12.9147","13.1052","46.0731","40.7048","19.4180","31.0551","27.4045","11.0000","12.8898","11.0000","22.4770","14.0482","11.0000","11.6613","11.0000","11.0971","55.5757","30.4451","30.9391","13.7608","13.7320","14.5749","31.3877","11.7163","13.0153","26.7126","38.3349","39.5709","22.2218","31.0352","27.3520","11.0000","23.6622","13.5466","17.7857","12.8497","11.0000","15.0383","11.2833","15.9382","34.9556","29.2648","31.1158","15.6338","16.3405","11.0000","23.6774","17.6327","17.9860","14.1924","16.6453","19.8992","23.1034","26.8058","39.6591","23.5028","18.6496","24.1993","21.2395","135.2008","14.7730","23.7467","27.5211","18.7901","22.2453","29.7008"
"C:\Users\cfg364\Sommerlab Dropbox\Casper van der Luijt\Casper\Data\BioLog\OmniLog\CL2\DATA_2024\07\_NRRL 3488_Aspergillus oryzae__1_30_CL2_769_7#24#2024_A_ 9A_7.OKA","7/24/2024 10:32:48 PM"," 9-A","PM01","","NRRL 3488","Aspergillus oryzae","",26.5000,"21.7548","70.0809","34.5668","16.2580","11.0000","11.0000","11.0000","22.0291","12.0865","12.7643","53.6853","28.9129","15.2920","37.1841","13.9893","11.5509","11.0000","13.1481","11.0000","89.6770","11.0000","11.0000","20.4621","22.3539","28.4071","14.8750","19.8233","133.3085","16.5639","11.6919","13.1062","11.6913","45.0583","39.9148","25.9759","34.2478","25.1909","11.0000","11.8230","13.3391","22.5406","13.6438","11.0000","11.0000","11.0000","14.2680","57.4129","33.3913","33.5119","16.9975","14.5609","12.7716","32.6128","11.0000","12.8893","24.9422","38.9655","41.3365","19.5273","31.1942","27.4745","13.4746","25.0486","14.2068","20.5000","13.8530","11.0000","16.5211","15.0608","14.2083","35.4253","28.3086","31.6293","15.5379","17.4150","11.7810","24.6313","16.7168","18.5575","17.4167","18.9226","21.5113","20.9203","27.7164","38.2111","21.7167","21.4226","26.4460","23.7218","136.8312","17.0627","23.4866","27.2920","25.6349","25.4816","26.7395"
"C:\Users\cfg364\Sommerlab Dropbox\Casper van der Luijt\Casper\Data\BioLog\OmniLog\CL2\DATA_2024\07\_NRRL 3488_Aspergillus oryzae__1_30_CL2_769_7#24#2024_A_ 9A_7.OKA","7/24/2024 10:32:48 PM"," 9-A","PM01","","NRRL 3488","Aspergillus oryzae","",26.7500,"21.0215","67.2121","32.8876","17.6108","11.0000","13.9808","11.0000","22.2459","11.0000","16.1151","50.2596","30.4249","16.8023","36.9227","11.0000","11.0000","11.0000","12.5240","11.9788","86.8171","11.0000","11.0000","18.6086","18.5460","30.2702","11.5321","15.6980","131.0785","16.5854","11.8184","11.3505","11.4401","48.0933","40.8357","19.9564","29.4647","25.7882","11.0000","15.2448","11.0624","21.3760","11.0000","11.0000","11.0000","12.4495","11.0000","59.3908","32.0590","28.3482","11.6033","13.3340","15.2821","33.1468","11.0000","11.0000","29.0636","43.2626","41.9866","17.4876","29.8174","24.6155","11.3459","24.2803","11.0317","18.4967","14.8316","11.0000","15.6735","14.9526","13.7792","31.0728","32.8315","30.3387","18.5125","18.6534","11.0000","24.6228","16.4426","14.7901","14.0605","20.6904","22.2180","22.3557","25.3251","36.5641","21.9087","18.5009","28.4860","18.5287","135.9340","20.1083","26.0565","29.2495","18.8217","21.6916","31.5427"
"C:\Users\cfg364\Sommerlab Dropbox\Casper van der Luijt\Casper\Data\BioLog\OmniLog\CL2\DATA_2024\07\_NRRL 3488_Aspergillus oryzae__1_30_CL2_769_7#24#2024_A_ 9A_7.OKA","7/24/2024 10:32:48 PM"," 9-A","PM01","","NRRL 3488","Aspergillus oryzae","",27.0000,"20.4327","71.2239","35.4299","20.7856","11.0000","13.3745","11.0000","22.8857","12.9848","11.0000","52.5533","33.3440","16.1353","40.3060","13.9778","11.0000","11.0000","14.6430","11.0000","88.1841","14.0530","11.0000","21.0105","23.8027","29.3503","13.3156","19.1064","135.8518","19.5871","15.8530","15.9518","11.0000","49.5266","46.5067","22.7609","30.6751","27.6720","11.2505","15.6687","11.0000","22.5536","11.3436","11.0000","11.0315","11.0000","14.2665","55.4343","30.2305","31.5849","14.4818","14.2858","16.4001","32.6968","14.6699","11.0000","30.0068","45.5309","47.1176","22.4188","30.2907","30.6525","14.5003","23.8293","11.0000","17.7151","19.0576","11.0000","17.2777","14.9723","17.0683","33.5856","31.9720","34.3592","15.4730","13.9865","11.0000","25.0684","19.6644","16.9801","18.0743","22.8420","21.5446","22.0293","29.9206","38.0726","23.1303","21.2214","28.3539","17.6723","140.6774","16.6473","24.1811","28.6549","25.1808","23.8288","33.2115"
"C:\Users\cfg364\Sommerlab Dropbox\Casper van der Luijt\Casper\Data\BioLog\OmniLog\CL2\DATA_2024\07\_NRRL 3488_Aspergillus oryzae__1_30_CL2_769_7#24#2024_A_ 9A_7.OKA","7/24/2024 10:32:48 PM"," 9-A","PM01","","NRRL 3488","Aspergillus oryzae","",27.2500,"18.6271","71.9416","32.6608","19.8376","11.8541","11.1925","11.0000","21.9348","11.0000","11.0000","49.7577","29.4756","12.2915","39.4954","14.4943","11.0000","11.0000","11.0000","11.0000","92.4319","11.0000","11.0000","17.9818","22.9657","27.4395","13.8788","19.4681","136.6813","17.0428","13.1604","14.0790","11.0000","49.7807","43.1055","22.5402","32.2578","26.9761","12.7222","13.3950","11.0000","26.1502","11.6560","11.0000","11.0000","11.0000","12.0996","62.1511","34.7114","30.1653","13.4689","16.5582","13.2737","30.9723","13.2513","11.8496","30.5119","41.4740","44.1319","23.4972","31.0852","29.7065","14.8128","24.6311","11.0000","14.5277","15.4799","11.0317","20.5421","11.0000","18.6949","32.3886","32.7028","33.1582","14.7382","13.6370","11.0000","25.7441","13.6342","14.9125","16.4173","16.8890","23.0877","16.1750","26.6807","41.0237","23.6945","21.1577","23.6041","21.5697","140.0672","14.9692","25.7680","27.5371","22.6380","20.7618","28.5321"
"C:\Users\cfg364\Sommerlab Dropbox\Casper van der Luijt\Casper\Data\BioLog\OmniLog\CL2\DATA_2024\07\_NRRL 3488_Aspergillus oryzae__1_30_CL2_769_7#24#2024_A_ 9A_7.OKA","7/24/2024 10:32:48 PM"," 9-A","PM01","","NRRL 3488","Aspergillus oryzae","",27.5000,"19.2048","75.3863","37.1906","23.3436","15.1642","11.0000","11.0000","30.3367","11.0000","12.3846","54.0492","29.2187","17.4371","37.5958","13.6186","11.0000","11.0000","11.0000","11.0000","92.7138","11.4418","11.0000","20.0060","22.5450","29.3331","14.0546","18.8636","138.4293","17.1895","12.8300","16.7484","11.0000","48.5365","40.8756","23.5773","31.3494","26.4435","11.0000","13.8895","14.9659","25.6037","13.5665","11.0000","11.0000","11.0000","12.2274","55.7623","29.5678","30.7682","11.0000","12.6930","12.9051","35.2152","11.0000","11.0000","30.0444","43.4905","44.3643","22.0406","29.8903","25.6584","11.0000","23.5291","11.0000","17.8494","14.2776","11.0000","12.1122","11.4118","14.2462","32.7665","26.4023","27.3299","13.4029","16.2660","11.0000","23.5743","16.3757","13.6796","16.1729","21.7999","21.4312","21.3453","28.7880","37.5398","21.2380","25.4897","25.8263","19.8199","141.5327","19.9240","23.0685","31.7499","18.4157","23.1981","32.0412"
"C:\Users\cfg364\Sommerlab Dropbox\Casper van der Luijt\Casper\Data\BioLog\OmniLog\CL2\DATA_2024\07\_NRRL 3488_Aspergillus oryzae__1_30_CL2_769_7#24#2024_A_ 9A_7.OKA","7/24/2024 10:32:48 PM"," 9-A","PM01","","NRRL 3488","Aspergillus oryzae","",27.7500,"22.5452","75.2233","35.9783","25.3788","11.0000","12.9182","11.0000","26.6459","11.0000","11.0000","54.9633","29.4456","19.0719","40.6788","12.8278","11.0000","11.0000","11.0000","11.1895","93.8505","11.0000","11.0000","20.1975","22.0988","29.1401","15.0643","15.2004","139.9695","19.3290","15.1229","14.6268","11.0000","52.0616","45.1643","19.2811","32.3571","29.3169","12.3212","11.4286","11.5943","28.4797","13.6863","11.0000","11.0000","14.0263","13.4619","61.1839","26.6640","34.2395","14.4105","14.3424","17.1106","35.3519","11.0000","11.0000","30.8793","42.0018","44.7782","17.6891","30.1727","28.1032","14.4057","28.6787","11.0000","14.2948","18.7797","11.0000","17.6194","12.1676","17.1823","35.8481","30.8765","30.8930","14.4997","18.5037","11.0000","23.5910","16.3914","15.9872","12.4446","21.9729","22.0415","20.0357","26.1149","38.7987","25.1093","19.6507","28.2251","19.1641","145.8404","15.5500","26.1532","28.5612","22.7947","20.9183","30.2948"
"C:\Users\cfg364\Sommerlab Dropbox\Casper van der Luijt\Casper\Data\BioLog\OmniLog\CL2\DATA_2024\07\_NRRL 3488_Aspergillus oryzae__1_30_CL2_769_7#24#2024_A_ 9A_7.OKA","7/24/2024 10:32:48 PM"," 9-A","PM01","","NRRL 3488","Aspergillus oryzae","",28.0000,"18.4425","77.6507","39.0345","21.2616","11.0000","12.3185","11.0000","27.8876","11.0000","14.2396","57.5577","30.2008","21.1824","39.6862","14.8085","11.0000","11.0000","12.5924","11.0000","93.9885","11.2219","11.0000","21.6928","26.7282","31.6734","11.0000","15.7057","138.8927","24.5338","15.5564","11.0000","11.0000","55.4205","46.9016","20.7081","28.7538","26.8362","11.0000","12.1913","16.7771","30.6991","11.0000","11.0000","11.0000","11.7289","11.0000","59.7705","29.0671","31.1189","14.4005","13.7748","16.2465","37.0509","12.4569","11.0000","28.7720","44.4818","49.7269","21.2127","31.0694","27.7663","13.2174","26.0795","11.0000","19.2009","17.3340","11.0000","14.6057","17.4603","16.9717","35.6130","29.5200","33.5509","17.0632","17.7149","11.0000","27.4361","18.5017","15.3309","12.0865","19.9834","25.1421","16.6949","26.6097","37.6625","24.0514","21.8689","26.7869","19.2906","142.2576","18.1946","23.2609","29.3800","22.9525","19.0776","28.6307"
"C:\Users\cfg364\Sommerlab Dropbox\Casper van der Luijt\Casper\Data\BioLog\OmniLog\CL2\DATA_2024\07\_NRRL 3488_Aspergillus oryzae__1_30_CL2_769_7#24#2024_A_ 9A_7.OKA","7/24/2024 10:32:48 PM"," 9-A","PM01","","NRRL 3488","Aspergillus oryzae","",28.2500,"19.0846","79.7283","37.1794","21.8374","11.0000","11.0000","11.0000","26.5766","11.0000","11.1933","58.4402","28.5774","16.5877","40.4965","14.6880","11.0000","11.0000","13.8866","11.0000","93.2437","12.9854","11.8883","23.1929","22.4044","27.1116","13.2907","16.0964","144.7559","23.0328","11.9809","14.5893","11.0000","53.7314","42.5818","17.5712","27.9988","26.0916","12.8450","13.0717","11.0000","27.6107","12.4395","11.0000","11.0000","11.0000","11.0000","57.7950","30.1952","31.9466","11.7308","12.8879","11.0000","30.0350","11.5868","11.0000","30.5093","43.6119","49.6627","15.5095","28.8445","27.7775","11.4397","25.2582","11.0000","20.1514","14.2488","11.0000","14.0389","11.0000","12.2641","36.9093","29.9553","30.8400","14.2921","15.8669","11.0000","24.6329","16.3838","16.1124","19.9695","19.7549","23.0040","22.0474","24.7286","37.7502","22.2771","20.7540","28.3526","22.1302","146.7038","15.2102","22.6767","30.8173","21.8051","26.4970","30.0236"
"C:\Users\cfg364\Sommerlab Dropbox\Casper van der Luijt\Casper\Data\BioLog\OmniLog\CL2\DATA_2024\07\_NRRL 3488_Aspergillus oryzae__1_30_CL2_769_7#24#2024_A_ 9A_7.OKA","7/24/2024 10:32:48 PM"," 9-A","PM01","","NRRL 3488","Aspergillus oryzae","",28.5000,"19.2645","79.3389","43.3690","23.9105","12.0428","11.2559","11.0000","27.3964","11.3530","13.3196","56.8374","27.9664","22.6384","45.3375","11.0000","11.7959","11.0000","14.3387","11.0000","99.7030","11.3155","13.8093","25.4471","22.7460","25.9493","16.3675","15.8033","147.4053","21.6728","11.0000","16.1559","13.1355","54.2101","49.6855","22.2692","32.3727","26.6980","11.0000","15.3271","11.0000","25.4908","12.1243","11.0000","11.0000","11.0000","11.8134","63.3396","31.1414","34.6540","11.0000","13.3385","16.5983","34.6772","11.0621","11.0000","36.3443","47.7949","50.8588","21.9113","26.4978","28.1465","11.0000","30.1528","13.9947","20.1593","14.9369","11.0000","17.4599","11.0632","14.6948","34.9294","28.0808","33.4017","13.7687","19.7128","11.0000","27.5135","17.4212","19.8462","14.4928","19.5564","19.8953","16.2761","31.2381","34.4692","23.2363","19.6591","25.3682","20.8562","147.9326","18.4658","25.3651","31.0790","24.0484","23.9509","31.1814"
"C:\Users\cfg364\Sommerlab Dropbox\Casper van der Luijt\Casper\Data\BioLog\OmniLog\CL2\DATA_2024\07\_NRRL 3488_Aspergillus oryzae__1_30_CL2_769_7#24#2024_A_ 9A_7.OKA","7/24/2024 10:32:48 PM"," 9-A","PM01","","NRRL 3488","Aspergillus oryzae","",28.7500,"25.6829","82.1059","40.5199","26.6558","11.0000","16.0690","11.5380","31.5375","11.0642","12.9267","62.6143","30.3126","18.8049","39.2123","15.2254","11.0000","11.3819","13.1633","11.1582","98.3664","12.2929","11.3177","21.2020","24.4031","30.6731","11.0000","20.4451","146.6214","23.5655","18.5915","16.7604","14.0930","54.6522","48.8594","21.7611","31.0267","26.7296","14.2565","15.8264","11.0000","28.4183","13.5242","11.0000","13.6682","11.0000","11.3902","65.9511","29.6672","34.3371","15.6641","13.2961","14.0978","35.1272","13.7117","11.0000","34.8958","47.5131","50.0168","23.4648","29.0355","28.8305","11.4067","25.3130","11.0000","17.4971","19.8606","11.0000","17.9305","16.2597","14.2190","42.5680","33.5905","34.9982","13.8433","21.0996","11.0000","26.8354","18.5474","16.8737","18.9902","21.1183","25.0234","24.0427","30.2651","37.9190","19.9143","22.2894","34.1852","21.1421","153.0275","14.9813","24.3187","33.5352","27.3112","22.9091","27.6420"
"C:\Users\cfg364\Sommerlab Dropbox\Casper van der Luijt\Casper\Data\BioLog\OmniLog\CL2\DATA_2024\07\_NRRL 3488_Aspergillus oryzae__1_30_CL2_769_7#24#2024_A_ 9A_7.OKA","7/24/2024 10:32:48 PM"," 9-A","PM01","","NRRL 3488","Aspergillus oryzae","",29.0000,"22.9009","77.7659","40.7653","23.2923","11.0000","18.1094","11.0000","27.4616","11.8670","16.4590","61.3240","32.4756","17.8598","38.7113","16.9581","12.6485","11.0000","15.5812","11.7279","99.3129","14.9104","12.3344","21.5538","26.8176","30.0073","12.5396","19.7209","145.7329","24.1381","18.5915","18.0897","13.8089","55.7918","47.7198","22.0143","32.4549","27.0013","13.4423","14.6730","11.0000","26.2251","12.4023","11.0000","11.4709","11.0000","13.3412","64.5966","28.0100","31.4700","11.6346","18.0109","14.2559","35.1895","11.5239","12.2627","37.3797","46.8836","51.6264","20.4745","30.8870","30.7845","12.5955","27.2605","11.0000","17.9921","17.2802","11.0000","15.3473","17.8877","15.4813","43.7834","34.8279","30.9134","16.9742","19.7196","12.2504","25.9420","16.6130","17.4134","18.9902","21.3753","18.3348","22.8190","29.7786","37.7077","23.2729","20.4025","32.9228","17.3973","153.9826","15.7582","24.1567","32.2288","26.1414","24.3606","26.7695"
"C:\Users\cfg364\Sommerlab Dropbox\Casper van der Luijt\Casper\Data\BioLog\OmniLog\CL2\DATA_2024\07\_NRRL 3488_Aspergillus oryzae__1_30_CL2_769_7#24#2024_A_ 9A_7.OKA","7/24/2024 10:32:48 PM"," 9-A","PM01","","NRRL 3488","Aspergillus oryzae","",29.2500,"20.8916","82.9550","42.8520","25.8914","11.0000","17.8224","11.0000","30.3684","13.6972","12.3166","60.0966","31.6104","19.6890","37.1770","13.8878","12.9232","11.0000","13.6724","11.0000","100.1964","11.2207","11.0000","24.1443","23.8460","27.4649","11.6284","17.9707","145.0896","21.1160","17.7793","15.1778","13.0515","55.6335","47.3399","20.8749","28.2943","29.8392","11.0000","13.9444","11.0000","26.1298","13.3372","11.0000","11.2197","11.0000","11.0650","65.1126","30.3239","31.5317","14.2046","14.0003","14.5403","39.7718","12.2634","11.0000","35.3675","47.8279","52.9141","24.0944","31.9084","28.8610","11.0313","27.7861","11.3180","16.8473","13.3317","11.0000","15.8199","14.5691","13.3985","41.7890","32.2579","30.8233","12.7891","21.1937","12.1253","27.2976","16.9301","19.0644","17.8804","22.8207","18.5610","22.4325","27.8326","38.7338","22.5823","18.2278","28.7045","20.2683","153.7598","15.4669","23.2493","31.1183","25.7515","24.6905","27.0603"
"C:\Users\cfg364\Sommerlab Dropbox\Casper van der Luijt\Casper\Data\BioLog\OmniLog\CL2\DATA_2024\07\_NRRL 3488_Aspergillus oryzae__1_30_CL2_769_7#24#2024_A_ 9A_7.OKA","7/24/2024 10:32:48 PM"," 9-A","PM01","","NRRL 3488","Aspergillus oryzae","",29.5000,"21.7712","84.1503","48.2051","25.6488","12.6473","14.9082","13.9168","31.5282","11.0000","17.0030","60.5944","31.5725","21.1707","43.7984","14.3966","11.7975","11.0000","17.5166","11.0000","104.9777","13.1403","12.0796","22.3936","22.7254","26.0061","11.0000","21.9893","145.6199","18.3807","17.0361","17.2911","14.0305","55.8087","51.6079","23.7643","30.0452","28.6919","11.0000","12.2830","12.1505","29.4631","11.0000","11.0000","11.0000","11.9480","11.0000","68.3026","29.0379","32.6468","14.3467","12.9991","13.8927","36.4341","11.0000","12.8274","32.4704","48.1074","57.4779","19.9108","34.1360","30.1870","14.1351","28.8808","13.5004","17.8394","16.4467","11.0000","18.7307","12.7305","11.0000","41.1627","28.8427","29.9729","17.8734","22.2547","11.0000","25.8159","17.7375","16.2497","16.3169","23.2851","18.8386","22.7966","30.8746","37.9601","25.0938","20.8220","32.5569","20.6824","157.7273","20.4709","25.0699","33.8214","20.9044","28.7467","36.5620"
"C:\Users\cfg364\Sommerlab Dropbox\Casper van der Luijt\Casper\Data\BioLog\OmniLog\CL2\DATA_2024\07\_NRRL 3488_Aspergillus oryzae__1_30_CL2_769_7#24#2024_A_ 9A_7.OKA","7/24/2024 10:32:48 PM"," 9-A","PM01","","NRRL 3488","Aspergillus oryzae","",29.7500,"19.6482","87.6991","47.1351","28.0318","11.0000","18.2584","13.1500","32.6981","11.0000","19.2636","62.4154","32.4181","16.8917","42.3548","14.4684","11.0000","11.0000","13.4861","11.0000","101.6236","13.3031","11.7609","26.4349","24.2222","27.9392","15.6301","15.9479","151.5401","25.2071","18.5107","16.1767","13.9945","56.9323","50.4327","21.9651","32.5099","29.8754","11.0000","11.0000","12.5290","31.2290","13.9433","11.0000","11.0000","11.0000","14.3640","68.0609","32.3524","33.7458","13.2300","13.2419","17.6426","35.5355","11.0000","11.1897","38.0558","52.5857","56.9511","20.6936","29.7232","30.4591","14.5323","26.4793","12.0368","18.5115","17.1409","12.5456","19.3383","15.0575","13.5180","41.4921","33.1478","31.9308","15.2694","19.7378","11.0000","26.6595","20.3225","18.3281","11.6438","22.8751","26.1522","22.8809","32.7236","34.7405","27.7734","20.5448","33.8415","23.9136","156.7873","15.3073","21.0233","35.2260","23.3866","25.4180","33.1488"
"C:\Users\cfg364\Sommerlab Dropbox\Casper van der Luijt\Casper\Data\BioLog\OmniLog\CL2\DATA_2024\07\_NRRL 3488_Aspergillus oryzae__1_30_CL2_769_7#24#2024_A_ 9A_7.OKA","7/24/2024 10:32:48 PM"," 9-A","PM01","","NRRL 3488","Aspergillus oryzae","",30.0000,"24.0807","84.9990","49.1528","26.7781","11.0000","17.0701","12.1382","33.4528","11.6755","17.9504","60.9274","29.3984","18.2726","45.4653","18.3627","11.0000","11.0000","11.0000","11.0000","106.3099","14.2496","11.4756","29.7696","25.4918","27.1485","14.7854","15.3711","152.3082","27.2504","14.8968","18.2728","14.9717","61.1079","50.9423","23.6496","32.8523","29.3007","13.0821","11.0000","11.9361","31.1338","13.4737","11.0000","11.0000","11.0000","12.3262","65.9488","35.2077","34.0239","12.7521","13.0576","14.9223","38.0423","11.0000","11.3795","37.7717","49.9688","57.9417","20.4402","31.7075","28.3720","13.6570","27.7486","15.7128","19.8406","16.6733","14.5012","16.9872","15.4035","16.7598","41.9016","27.9949","33.4968","18.3600","19.1385","11.0000","27.2773","20.2908","17.8821","13.6396","19.6335","24.4187","22.4935","30.6870","37.2204","23.4549","23.8537","30.2773","24.7828","159.4386","16.3437","24.6888","35.9443","21.9812","24.5582","31.5438"
"C:\Users\cfg364\Sommerlab Dropbox\Casper van der Luijt\Casper\Data\BioLog\OmniLog\CL2\DATA_2024\07\_NRRL 3488_Aspergillus oryzae__1_30_CL2_769_7#24#2024_A_ 9A_7.OKA","7/24/2024 10:32:48 PM"," 9-A","PM01","","NRRL 3488","Aspergillus oryzae","",30.2500,"25.9873","87.1025","47.9698","26.6748","11.0000","14.1817","11.0000","32.9246","11.0000","14.0215","61.8231","32.7718","15.3512","45.9691","12.7691","11.0000","11.0000","16.4861","11.0000","105.2863","11.9764","14.7723","25.9363","28.5582","28.0352","12.6640","17.3650","150.4982","25.1221","20.9507","15.9463","12.2296","57.7089","55.7753","23.7187","30.1816","29.7290","11.0000","13.5682","13.1763","33.9233","12.5003","11.0000","11.0000","13.1229","11.0000","63.5011","28.7330","31.5520","11.0000","11.7397","18.4909","37.5136","12.2705","11.0000","37.9471","54.1547","55.2501","22.2857","33.4893","31.3124","13.0345","26.6447","11.0000","18.4286","18.4332","12.0127","18.5544","11.1898","14.5043","41.5440","32.7884","28.6756","12.5390","19.2708","11.0000","30.4442","14.4687","15.5713","16.2394","21.2584","19.9335","21.0106","27.5314","38.7581","26.5112","22.9079","28.7639","17.7401","159.4006","16.8794","26.2455","35.3359","21.4821","31.2036","31.0648"
"C:\Users\cfg364\Sommerlab Dropbox\Casper van der Luijt\Casper\Data\BioLog\OmniLog\CL2\DATA_2024\07\_NRRL 3488_Aspergillus oryzae__1_30_CL2_769_7#24#2024_A_ 9A_7.OKA","7/24/2024 10:32:48 PM"," 9-A","PM01","","NRRL 3488","Aspergillus oryzae","",30.5000,"23.5864","88.2215","48.0525","30.5772","11.0000","17.3600","11.9812","33.6296","11.0000","17.4641","61.9263","33.6799","16.3825","43.3118","14.2322","11.0000","11.0000","17.1374","13.4902","106.4418","11.0000","11.1259","28.1103","28.1201","26.9809","11.0000","14.2042","155.7129","24.4093","19.7558","17.6133","17.4460","58.1868","51.2853","23.8903","30.4185","30.6880","11.0000","11.2738","14.4747","31.5349","13.9282","11.2209","11.0000","12.1073","13.8894","66.8328","26.3494","35.9495","11.7023","15.4705","15.5522","33.6491","13.9995","11.0000","36.8858","53.5095","58.2470","18.2868","28.2427","32.7149","14.3865","29.4258","11.1264","21.6889","21.5763","11.0000","17.5341","15.6264","17.8635","40.4090","31.4934","32.2061","17.1284","23.4344","11.0000","29.3067","23.4009","17.9326","16.7008","21.7226","24.6259","22.2080","27.8625","35.6719","26.3254","18.5201","31.5043","21.0102","159.1590","17.3028","25.2400","36.5639","22.9760","26.0550","31.7964"
"C:\Users\cfg364\Sommerlab Dropbox\Casper van der Luijt\Casper\Data\BioLog\OmniLog\CL2\DATA_2024\07\_NRRL 3488_Aspergillus oryzae__1_30_CL2_769_7#24#2024_A_ 9A_7.OKA","7/24/2024 10:32:48 PM"," 9-A","PM01","","NRRL 3488","Aspergillus oryzae","",30.7500,"22.1034","90.4463","51.2716","29.7252","12.3284","16.1790","16.1814","34.4487","12.0560","16.6158","69.7652","32.2236","16.7950","46.5679","12.1291","12.9249","11.0000","18.0997","11.8228","107.0820","11.0000","15.1945","27.2690","29.0051","30.1595","14.9606","16.4892","152.6974","28.7176","22.4941","15.2360","14.6014","62.7191","56.7228","21.8520","31.8636","29.4021","11.0000","13.8309","12.9250","30.7564","11.0000","11.0000","11.0000","12.9312","14.5167","70.8220","32.2267","34.8272","13.4489","14.9854","18.8186","38.0551","17.0666","11.0000","38.9439","57.0665","55.8284","19.1367","29.0708","31.9639","11.0000","33.6577","11.0950","21.6242","18.7539","11.0000","16.8470","13.7110","17.4690","47.6535","30.0479","30.8235","14.1181","18.9688","11.0000","26.6111","19.6147","15.9590","16.2359","21.4820","24.6085","22.8127","34.0490","39.0672","26.8032","22.8772","32.6264","22.3192","160.1752","19.8186","25.8755","35.2792","29.0038","26.8395","35.7706"
"C:\Users\cfg364\Sommerlab Dropbox\Casper van der Luijt\Casper\Data\BioLog\OmniLog\CL2\DATA_2024\07\_NRRL 3488_Aspergillus oryzae__1_30_CL2_769_7#24#2024_A_ 9A_7.OKA","7/24/2024 10:32:48 PM"," 9-A","PM01","","NRRL 3488","Aspergillus oryzae","",31.0000,"23.3233","92.7272","53.1485","27.8943","11.2852","16.5182","11.1905","37.9540","15.0130","18.4359","65.2090","32.9431","19.6753","46.4037","12.4395","11.7302","11.0000","14.6254","11.0000","110.6404","11.0948","17.0214","25.6321","25.0809","26.9250","14.6886","16.4077","158.5477","26.3018","21.7109","17.0878","13.2129","57.6970","53.6683","21.9178","26.1451","31.5008","11.0000","12.9427","11.0000","32.2643","15.3609","11.0000","11.0000","13.7462","14.1305","72.4275","31.6329","38.3946","11.0000","17.3794","15.7558","42.2348","11.1236","12.8354","34.1455","53.0465","63.8821","17.1243","28.3300","34.0192","11.0000","30.0956","15.5333","20.6661","15.8051","11.0000","14.9133","15.0302","17.4108","43.2466","29.4175","34.9237","16.3393","18.5655","11.0000","28.6685","20.3289","16.7419","13.9478","19.9352","19.6761","20.2955","29.4107","40.5712","24.9852","21.6474","31.2896","21.0472","159.7001","15.8306","26.2941","38.2235","25.9083","34.5040","28.8073"
"C:\Users\cfg364\Sommerlab Dropbox\Casper van der Luijt\Casper\Data\BioLog\OmniLog\CL2\DATA_2024\07\_NRRL 3488_Aspergillus oryzae__1_30_CL2_769_7#24#2024_A_ 9A_7.OKA","7/24/2024 10:32:48 PM"," 9-A","PM01","","NRRL 3488","Aspergillus oryzae","",31.2500,"21.8032","94.4519","54.6581","34.4443","11.0000","17.1437","13.7973","37.8963","11.0000","14.7374","69.5241","33.7617","16.2234","47.3812","16.2015","11.0000","11.0000","13.9885","11.0000","110.8717","15.1232","11.0000","27.8965","23.7670","32.0907","11.1256","15.8403","158.5400","29.3828","21.6610","16.7498","16.8128","60.3979","55.2742","23.2355","32.0795","26.4313","13.1065","11.0612","11.0000","30.1753","13.5227","11.0000","12.2667","16.1691","14.2354","72.2052","26.5075","35.4540","14.2516","13.4684","18.7828","40.3728","11.0000","11.0000","41.7584","52.9370","62.8013","21.1878","33.3986","33.3250","13.6003","32.3023","11.1271","22.4632","18.0636","11.0000","11.0000","15.9561","14.8904","40.7941","29.7145","29.7469","15.4747","19.0676","11.0000","27.2556","16.2008","16.5618","13.6276","23.1593","21.9255","21.6686","35.3292","38.2900","27.4048","19.6984","35.7675","23.9928","162.4940","16.3691","23.4275","39.3574","21.8696","33.9455","34.5508"
"C:\Users\cfg364\Sommerlab Dropbox\Casper van der Luijt\Casper\Data\BioLog\OmniLog\CL2\DATA_2024\07\_NRRL 3488_Aspergillus oryzae__1_30_CL2_769_7#24#2024_A_ 9A_7.OKA","7/24/2024 10:32:48 PM"," 9-A","PM01","","NRRL 3488","Aspergillus oryzae","",31.5000,"22.6311","93.3218","55.7595","30.9656","13.7558","16.6692","13.0333","39.8450","12.3842","20.8554","63.3921","31.3170","18.5827","48.5339","14.5768","11.0000","11.0000","15.1287","11.0000","112.4788","15.4537","12.3659","25.7815","28.5251","30.9779","11.0628","19.6450","157.5443","24.7159","19.4242","19.3995","15.2390","62.0370","58.3498","24.4464","28.7499","29.3874","14.0380","11.0000","15.1535","29.7003","13.0913","11.0000","11.0000","13.5620","11.0000","67.7727","33.2653","36.5105","12.1202","13.8033","15.2926","38.8032","11.0000","11.0000","36.2315","53.9875","56.5380","19.1865","29.8932","31.9529","11.0000","32.8138","11.0000","21.7376","15.1356","11.0000","13.9734","16.9447","17.4194","46.0200","29.1340","29.3423","16.1143","17.5589","11.0000","28.8866","22.0102","18.6321","17.7136","20.2426","22.2502","22.3747","33.6112","36.5728","21.7277","22.5842","32.1505","21.8862","163.7163","17.1933","25.2524","37.9706","29.6352","32.6894","33.0470"
"C:\Users\cfg364\Sommerlab Dropbox\Casper van der Luijt\Casper\Data\BioLog\OmniLog\CL2\DATA_2024\07\_NRRL 3488_Aspergillus oryzae__1_30_CL2_769_7#24#2024_A_ 9A_7.OKA","7/24/2024 10:32:48 PM"," 9-A","PM01","","NRRL 3488","Aspergillus oryzae","",31.7500,"25.4215","100.7118","54.0574","29.1028","11.1904","15.2744","11.8881","37.3328","15.3682","18.7016","69.0879","33.7369","19.0646","50.5131","14.3980","11.0000","11.0000","17.6258","11.0000","112.2284","11.0000","15.7001","26.0120","26.1075","29.0277","15.2999","20.9588","159.6856","31.8064","18.3080","20.9465","11.6333","61.1176","59.4951","24.4769","31.8020","28.3000","11.0000","13.0148","13.8286","34.1305","11.8429","12.7757","11.0000","13.0838","12.2308","75.9055","32.5075","37.7226","11.9261","11.9252","15.6606","38.3641","11.0000","11.0000","36.8427","56.8423","61.8938","18.1652","29.8220","33.1472","11.1569","31.1719","11.0000","19.5310","14.3120","11.0000","16.4329","18.0076","13.4965","45.2205","32.7281","33.8797","14.9612","18.0881","15.0265","30.8121","19.0374","15.2471","18.5258","20.4216","18.2744","21.2815","29.0238","43.5092","25.7254","23.1782","32.7573","21.1963","165.7820","19.0719","24.5383","37.3237","30.2885","35.1205","36.0773"
"C:\Users\cfg364\Sommerlab Dropbox\Casper van der Luijt\Casper\Data\BioLog\OmniLog\CL2\DATA_2024\07\_NRRL 3488_Aspergillus oryzae__1_30_CL2_769_7#24#2024_A_ 9A_7.OKA","7/24/2024 10:32:48 PM"," 9-A","PM01","","NRRL 3488","Aspergillus oryzae","",32.0000,"22.9386","97.2935","57.2016","33.5911","13.6482","17.2816","14.3164","40.0944","15.0076","23.0601","67.8796","30.6742","19.3916","52.3121","17.0845","13.5290","11.0000","20.2412","11.0000","115.6028","15.8702","13.3784","28.3702","25.8030","29.2355","14.9132","19.4728","159.5720","27.0654","23.8769","18.2351","18.0634","65.2781","60.4459","21.3759","30.8653","26.3442","15.0449","13.9718","11.0000","33.9901","14.1707","12.5793","11.5400","14.0930","12.7522","69.4083","33.2366","39.6458","11.0000","14.0201","15.3866","39.9247","11.0000","14.4908","39.8333","57.8551","63.3692","18.8194","36.2232","31.5132","11.0000","31.8394","15.9324","24.5968","18.2525","11.8243","15.4004","14.6276","20.2268","48.8322","32.8902","32.3778","17.7122","23.7421","11.0000","31.6672","19.9621","17.1096","18.5966","20.4687","21.1928","22.2147","34.4978","37.5304","24.3693","18.1773","32.9015","22.3681","164.6600","17.5016","28.0335","41.4903","30.5984","36.2573","33.6709"
"C:\Users\cfg364\Sommerlab Dropbox\Casper van der Luijt\Casper\Data\BioLog\OmniLog\CL2\DATA_2024\07\_NRRL 3488_Aspergillus oryzae__1_30_CL2_769_7#24#2024_A_ 9A_7.OKA","7/24/2024 10:32:48 PM"," 9-A","PM01","","NRRL 3488","Aspergillus oryzae","",32.2500,"22.7098","99.9418","56.7721","30.4784","14.9475","18.9587","11.0000","38.3713","12.7958","21.0940","67.6751","34.1385","18.4594","50.4855","17.7971","11.0000","12.8078","12.9463","11.0000","112.6373","13.2790","11.3834","25.7288","28.3173","29.2972","14.0641","17.1555","164.0957","31.0424","21.8886","20.8349","18.4318","59.9687","58.3107","25.1551","26.5779","28.9334","15.3303","12.4616","13.1217","34.5442","15.0336","11.0000","11.0000","13.2797","12.6189","75.4183","29.2870","40.6003","14.3015","13.1550","17.8300","43.0154","11.0000","11.0000","40.5284","57.7835","62.8410","19.4842","33.8464","30.5314","13.4173","33.3830","11.8543","19.7151","16.2673","11.0000","16.5929","19.2412","16.0742","48.2697","29.8577","33.2586","13.5000","20.4220","11.0000","28.8561","21.9104","18.0525","14.1453","19.6394","19.1849","19.6138","28.2183","41.5504","24.2245","25.5763","31.0900","22.0786","168.6259","16.9536","25.5827","42.6099","28.5531","33.8161","30.7510"
"C:\Users\cfg364\Sommerlab Dropbox\Casper van der Luijt\Casper\Data\BioLog\OmniLog\CL2\DATA_2024\07\_NRRL 3488_Aspergillus oryzae__1_30_CL2_769_7#24#2024_A_ 9A_7.OKA","7/24/2024 10:32:48 PM"," 9-A","PM01","","NRRL 3488","Aspergillus oryzae","",32.5000,"22.8281","101.6658","58.7256","34.8926","13.0950","18.0527","12.8064","41.0097","12.8569","18.9481","70.5927","33.7767","21.2413","53.5776","19.8237","11.0000","11.1589","18.0562","11.0000","116.0219","16.0879","15.1744","27.5145","28.5935","27.6821","16.3379","22.4116","159.2594","25.5337","19.6395","23.6456","16.5473","62.9021","59.5651","26.4994","31.3471","27.5814","11.0000","11.0000","11.2185","34.4142","15.0709","11.0000","11.0000","15.0029","16.5917","78.4020","33.6413","40.4719","15.2227","13.6126","14.7159","39.7866","11.0000","14.4121","41.3864","60.7089","64.7091","17.6757","26.2660","32.9392","11.2501","36.0036","12.1366","22.7867","21.0146","11.0000","20.0995","19.2363","18.7444","51.2500","25.3280","34.8788","14.7446","21.5367","11.4719","33.1766","21.7503","19.5643","14.7149","23.8263","22.5263","22.0189","29.6181","38.0820","27.9101","22.6110","34.4489","23.9307","168.9002","15.6970","24.8130","42.1590","27.3361","34.3117","37.3286"
"C:\Users\cfg364\Sommerlab Dropbox\Casper van der Luijt\Casper\Data\BioLog\OmniLog\CL2\DATA_2024\07\_NRRL 3488_Aspergillus oryzae__1_30_CL2_769_7#24#2024_A_ 9A_7.OKA","7/24/2024 10:32:48 PM"," 9-A","PM01","","NRRL 3488","Aspergillus oryzae","",32.7500,"26.7544","102.3016","59.6960","36.4945","14.7336","17.9894","14.2992","36.8184","11.0000","20.5333","71.6062","32.7278","20.0112","53.9208","20.4330","11.0000","11.0000","18.9674","11.0950","111.8888","11.9516","16.4932","28.9032","29.4595","25.0647","16.3133","19.6766","162.5172","29.1327","23.9769","21.1667","19.6792","65.2132","62.6703","26.2114","31.4991","30.0882","14.7994","11.0000","11.0934","34.0874","15.2995","11.0000","14.6861","15.5166","13.6621","74.3344","31.0578","40.8749","13.3542","11.2161","14.9281","41.2096","11.0000","11.0000","44.0605","59.3277","62.8669","19.5279","35.4684","29.8590","13.4788","31.3032","12.4575","18.5284","20.0538","11.0000","19.7045","21.5778","20.0292","49.2886","30.4532","34.6027","13.9226","20.6850","11.0000","33.3878","22.2268","15.5185","16.8731","21.2906","20.5067","22.1005","33.3650","41.5465","22.3097","23.0042","35.4669","24.9035","168.5547","16.8436","25.8466","46.7225","26.8061","35.2283","34.2577"
"C:\Users\cfg364\Sommerlab Dropbox\Casper van der Luijt\Casper\Data\BioLog\OmniLog\CL2\DATA_2024\07\_NRRL 3488_Aspergillus oryzae__1_30_CL2_769_7#24#2024_A_ 9A_7.OKA","7/24/2024 10:32:48 PM"," 9-A","PM01","","NRRL 3488","Aspergillus oryzae","",33.0000,"24.2541","104.6372","57.3575","35.9529","11.0000","21.3588","11.0000","42.6405","12.4414","24.2613","73.4343","34.2466","22.5524","53.7598","18.5065","11.0000","11.0000","22.7950","11.1900","118.6860","11.3798","15.0199","28.7003","28.1423","28.4133","15.1019","20.9302","163.5366","31.9707","23.3665","22.8364","15.5689","64.5600","66.3147","23.9902","33.9303","27.4913","12.4100","13.7776","14.1323","37.1928","13.1234","11.0000","12.2286","12.4574","13.6601","74.2103","32.5697","39.9639","13.5976","11.0000","14.1742","40.2480","11.3401","11.0000","47.1635","58.7099","65.0542","16.9212","30.6380","30.1805","13.5924","32.9764","14.0535","22.6748","19.8199","12.9347","16.8124","16.5187","20.6199","52.7868","29.7720","33.3954","16.4242","19.8805","12.2188","33.5231","18.6364","16.1116","13.3341","24.3402","20.3275","24.5912","32.4008","35.3404","25.5870","24.7734","33.2770","22.4437","169.9827","19.1495","27.3710","44.4111","28.4582","36.4178","32.8286"
"C:\Users\cfg364\Sommerlab Dropbox\Casper van der Luijt\Casper\Data\BioLog\OmniLog\CL2\DATA_2024\07\_NRRL 3488_Aspergillus oryzae__1_30_CL2_769_7#24#2024_A_ 9A_7.OKA","7/24/2024 10:32:48 PM"," 9-A","PM01","","NRRL 3488","Aspergillus oryzae","",33.2500,"23.5802","104.8775","62.1978","41.1034","15.7271","20.7392","14.8325","40.2983","11.8716","20.4909","67.6983","33.8342","18.9428","54.4056","18.3255","12.8620","11.2550","18.9404","11.0000","113.0712","11.5371","14.4437","27.7562","30.6822","27.4630","11.0000","22.2453","165.0491","33.5655","20.5630","25.2975","19.2346","62.5103","62.6423","27.1516","28.5187","32.2893","14.0697","15.3688","12.5552","32.7176","15.3604","11.0000","11.0000","17.0800","13.1787","78.8442","31.1102","41.6929","13.5041","16.2159","16.2110","41.0110","13.5930","11.0000","41.5765","57.7287","65.8626","15.8924","31.1862","30.7925","13.9863","35.7273","11.0000","19.5884","19.3741","11.0000","16.5738","21.2058","15.0103","52.5208","33.4486","32.5728","11.5795","21.8377","11.0000","32.6243","21.0190","19.1016","18.0551","21.6740","21.2398","22.4865","30.0439","35.1053","21.3007","22.0630","29.6428","26.5382","172.1273","17.5962","26.9850","44.8153","26.0730","37.0184","33.1934"
"C:\Users\cfg364\Sommerlab Dropbox\Casper van der Luijt\Casper\Data\BioLog\OmniLog\CL2\DATA_2024\07\_NRRL 3488_Aspergillus oryzae__1_30_CL2_769_7#24#2024_A_ 9A_7.OKA","7/24/2024 10:32:48 PM"," 9-A","PM01","","NRRL 3488","Aspergillus oryzae","",33.5000,"24.9774","104.0538","63.3016","38.7814","13.4770","21.5372","13.0533","40.4665","17.3237","16.2617","71.9038","34.5076","19.1577","53.0083","18.3823","11.0000","11.0000","15.2846","12.3282","119.3004","16.2136","14.3592","28.5570","28.8270","26.7824","14.5935","20.2807","169.4662","34.6234","21.7325","25.0756","21.1385","62.9067","64.4143","25.6661","30.3280","30.8110","12.0653","13.7676","12.9029","34.2452","15.3514","11.0000","11.0000","16.6903","14.9484","76.5333","31.3913","40.0488","11.0000","11.8333","15.1806","35.9779","12.1466","11.0000","39.3651","61.6214","65.0610","12.7768","27.8842","30.2945","11.0947","38.1559","11.9485","22.4315","16.8518","14.9478","18.1746","13.3770","15.1063","53.3744","31.1423","28.2432","18.0993","20.3144","11.0000","35.1593","21.8673","14.2742","15.5250","24.6590","19.4695","26.1246","32.5227","39.6069","27.9429","22.4199","35.3720","26.7373","172.6057","18.3137","27.3076","48.3702","28.0523","32.9702","33.0950"
"C:\Users\cfg364\Sommerlab Dropbox\Casper van der Luijt\Casper\Data\BioLog\OmniLog\CL2\DATA_2024\07\_NRRL 3488_Aspergillus oryzae__1_30_CL2_769_7#24#2024_A_ 9A_7.OKA","7/24/2024 10:32:48 PM"," 9-A","PM01","","NRRL 3488","Aspergillus oryzae","",33.7500,"27.6855","105.2568","63.0633","43.0651","11.4137","20.0609","14.4699","41.6861","13.8342","21.8991","74.4861","39.6933","18.3022","57.0787","20.9664","11.0000","11.0000","19.7514","11.0000","119.5684","13.1252","13.1692","29.7821","27.6576","29.7231","16.1585","21.6703","168.2491","34.5916","21.3743","24.2664","18.3418","65.8685","67.3038","28.3120","32.7472","30.7816","11.0000","11.7641","13.7901","39.9051","12.1259","11.0000","12.5708","14.9802","18.7985","77.8452","35.8487","41.8783","11.0000","16.9637","17.8756","38.9202","11.0000","11.5692","46.1091","64.8946","69.6670","18.6830","34.2347","34.0667","13.0665","40.1994","13.5876","24.6057","21.1471","14.8048","15.9195","20.8705","14.7717","52.6568","31.4969","31.8242","15.3626","23.0060","11.0000","37.4369","24.0662","19.4682","19.8449","23.8301","20.7913","28.5182","30.6309","39.2366","26.8420","24.4592","40.5100","21.8154","173.7653","19.2452","26.8257","49.2595","30.7659","40.8228","30.4487"
"C:\Users\cfg364\Sommerlab Dropbox\Casper van der Luijt\Casper\Data\BioLog\OmniLog\CL2\DATA_2024\07\_NRRL 3488_Aspergillus oryzae__1_30_CL2_769_7#24#2024_A_ 9A_7.OKA","7/24/2024 10:32:48 PM"," 9-A","PM01","","NRRL 3488","Aspergillus oryzae","",34.0000,"26.8151","111.8760","64.1480","40.9468","12.4556","24.3614","17.5909","42.0143","13.1500","18.8578","75.5597","41.5862","22.4626","55.1818","20.4126","11.3066","11.0000","19.6235","12.5228","122.1066","13.8735","14.3883","33.8311","27.9528","31.1153","13.7006","23.4301","168.3812","36.7759","24.3804","23.1046","23.8702","67.7727","65.2479","31.2006","26.4909","30.0384","13.2636","14.7511","12.0878","38.4776","17.6777","11.0000","15.1158","17.2347","17.4448","77.3689","32.9171","44.8784","15.6137","13.8816","16.2899","40.8032","13.7816","12.5533","43.4701","61.6223","69.5240","19.6161","30.7236","32.4876","12.2537","43.4397","14.3166","22.0310","20.2006","13.0861","16.6692","20.3306","17.9295","53.8159","30.9522","34.6546","14.0753","21.0093","11.3756","37.1401","23.0543","21.1909","16.5732","26.8401","24.8629","25.8109","28.9991","41.6913","26.0184","21.4104","35.1681","22.2447","174.2270","23.0280","25.3175","49.9657","30.5555","41.1342","33.7009"
"C:\Users\cfg364\Sommerlab Dropbox\Casper van der Luijt\Casper\Data\BioLog\OmniLog\CL2\DATA_2024\07\_NRRL 3488_Aspergillus oryzae__1_30_CL2_769_7#24#2024_A_ 9A_7.OKA","7/24/2024 10:32:48 PM"," 9-A","PM01","","NRRL 3488","Aspergillus oryzae","",34.2500,"25.2235","108.0544","65.2109","39.6955","14.0355","22.4770","11.0318","42.9313","13.1239","23.4624","75.6424","38.3483","21.3077","57.2720","16.4933","11.0000","11.0000","21.5079","11.0000","125.1233","11.0950","17.0452","31.4723","30.1281","34.0235","12.8809","20.1577","171.5848","35.5523","23.1213","24.6738","23.1375","63.5213","65.7055","23.7579","30.5713","31.8589","13.5779","13.4711","11.0000","35.1720","18.1476","11.0000","12.7341","15.1394","14.6256","76.8433","29.4430","43.8975","12.4385","13.1564","15.3564","43.1970","11.4946","15.3788","50.2230","62.3344","71.9065","19.9773","34.3104","34.8046","15.1004","42.6789","14.4440","19.6539","17.6114","13.9639","15.7282","20.3027","17.3569","58.2884","32.3676","31.6208","19.6125","23.1754","11.0000","36.6069","26.4976","16.7782","15.9700","23.6986","22.5622","24.1968","32.9777","42.6665","26.7141","24.4281","36.9196","24.2451","177.2260","22.4527","29.2428","50.0009","36.0689","41.4488","38.0484"
"C:\Users\cfg364\Sommerlab Dropbox\Casper van der Luijt\Casper\Data\BioLog\OmniLog\CL2\DATA_2024\07\_NRRL 3488_Aspergillus oryzae__1_30_CL2_769_7#24#2024_A_ 9A_7.OKA","7/24/2024 10:32:48 PM"," 9-A","PM01","","NRRL 3488","Aspergillus oryzae","",34.5000,"22.8599","112.7667","67.6870","41.1924","14.8240","20.8027","14.9740","42.8148","13.7618","19.2403","74.8858","35.9196","16.4999","54.9041","21.0025","11.0000","12.8401","20.8955","11.0000","124.6404","15.3955","17.1915","36.0187","32.2623","32.3255","16.7906","19.1643","173.4910","36.6553","31.0077","25.5150","20.0218","67.6667","64.9153","29.2383","30.0094","30.6154","17.1090","14.1617","12.2497","40.3082","12.8529","11.0000","11.0000","17.8813","12.4309","78.8914","33.0156","44.8436","13.8564","16.8261","14.2690","42.3499","13.0525","11.5702","45.2005","63.0337","68.9604","21.7116","31.6422","31.9338","13.3183","40.9927","16.4920","22.4466","18.1570","12.6772","20.6877","20.4884","17.0674","57.6448","31.0478","31.3507","16.2457","24.4956","11.0000","35.1832","25.6563","17.6841","13.6575","24.9044","23.6559","24.9255","34.8472","37.8399","30.7718","25.3965","39.9484","23.4495","176.5114","19.8953","23.6434","53.2043","32.1637","42.2041","34.8267"
"C:\Users\cfg364\Sommerlab Dropbox\Casper van der Luijt\Casper\Data\BioLog\OmniLog\CL2\DATA_2024\07\_NRRL 3488_Aspergillus oryzae__1_30_CL2_769_7#24#2024_A_ 9A_7.OKA","7/24/2024 10:32:48 PM"," 9-A","PM01","","NRRL 3488","Aspergillus oryzae","",34.7500,"26.1465","107.7475","71.3171","41.2763","13.1214","21.5361","17.4275","47.6292","13.6195","17.5191","72.1654","38.8648","21.6785","61.1024","20.0303","11.0000","11.7029","21.4084","11.3158","123.0143","13.9892","14.7336","31.8788","31.0381","28.5380","11.0000","18.8687","175.9697","36.3750","23.5240","23.5000","22.5231","68.5960","62.8006","30.5344","30.3493","27.5719","14.0135","11.0000","11.0000","38.3968","19.8800","11.3475","16.8727","16.9939","14.8598","80.9045","33.0933","43.4413","11.0000","15.8250","16.6062","39.2895","14.1765","13.3348","47.5714","65.5042","66.9849","13.9332","34.8056","32.2178","13.2844","39.2036","11.0000","21.5011","16.8266","14.2416","18.3645","22.7568","15.7534","56.2715","28.2297","31.5114","13.5666","22.6929","11.0000","36.6128","26.0308","18.1359","19.8891","23.3619","21.2258","25.0060","33.9487","41.2047","29.1965","23.8207","40.1904","20.8585","179.0753","22.5229","26.2970","51.9686","30.7948","45.2604","36.8606"
"C:\Users\cfg364\Sommerlab Dropbox\Casper van der Luijt\Casper\Data\BioLog\OmniLog\CL2\DATA_2024\07\_NRRL 3488_Aspergillus oryzae__1_30_CL2_769_7#24#2024_A_ 9A_7.OKA","7/24/2024 10:32:48 PM"," 9-A","PM01","","NRRL 3488","Aspergillus oryzae","",35.0000,"24.5048","113.6650","69.7587","44.3345","14.3245","23.7138","16.2932","49.7394","18.2516","21.1982","76.5862","37.5954","18.8330","61.2267","21.3073","11.0000","11.0000","19.5362","12.6424","123.8951","15.4051","14.7969","34.5759","31.7792","32.5060","14.5815","21.4109","174.1929","34.8130","26.2548","26.1718","23.4361","67.0753","65.6006","30.1563","29.4146","29.6700","11.4081","13.5061","13.4604","41.6386","19.8179","13.5903","12.6644","16.9308","13.5624","80.4213","35.9872","44.1185","11.0000","14.9338","14.5275","40.5413","14.0223","11.0000","48.1408","62.8247","65.7552","16.6114","34.0100","32.0338","14.6614","40.2539","12.6109","24.5805","17.0136","11.0000","19.7807","23.9168","18.2087","57.1180","32.0905","30.9979","13.1175","28.0993","11.0000","38.0614","26.4413","14.2812","20.7748","23.3300","25.1935","24.7169","37.9984","43.2785","31.3152","23.4370","37.1161","24.3927","178.9154","21.1106","27.9717","50.4634","30.6641","43.2219","35.4810"
"C:\Users\cfg364\Sommerlab Dropbox\Casper van der Luijt\Casper\Data\BioLog\OmniLog\CL2\DATA_2024\07\_NRRL 3488_Aspergillus oryzae__1_30_CL2_769_7#24#2024_A_ 9A_7.OKA","7/24/2024 10:32:48 PM"," 9-A","PM01","","NRRL 3488","Aspergillus oryzae","",35.2500,"23.5493","114.4924","70.5024","48.3210","12.9269","27.2872","15.7054","50.3291","15.2839","24.2041","78.1947","37.3348","22.1241","59.8996","21.5893","12.3411","11.0959","22.0497","11.0000","126.8661","15.9025","11.1905","32.6534","32.5698","29.7027","11.0000","23.8824","177.6727","35.9041","28.6417","24.2078","18.6764","69.9961","65.5755","29.1508","32.4418","30.9095","12.7033","13.7347","11.0000","41.6538","16.1593","13.5976","15.0551","17.0389","14.0064","79.1268","29.6947","48.1422","17.1204","13.7940","16.0238","41.4842","11.0000","13.9058","49.6939","66.9878","69.2881","18.9824","32.4546","33.1646","13.5721","39.9850","13.5857","21.4155","18.3409","12.9609","18.7571","24.3156","17.4758","59.6689","30.4238","34.7733","13.0548","25.5583","11.0000","39.0918","25.3440","18.6416","16.2638","25.2465","23.4212","22.5091","33.2523","41.8451","26.4990","29.7463","37.1424","21.1466","180.2418","17.9253","27.9272","51.4575","29.4084","46.8877","34.5665"
"C:\Users\cfg364\Sommerlab Dropbox\Casper van der Luijt\Casper\Data\BioLog\OmniLog\CL2\DATA_2024\07\_NRRL 3488_Aspergillus oryzae__1_30_CL2_769_7#24#2024_A_ 9A_7.OKA","7/24/2024 10:32:48 PM"," 9-A","PM01","","NRRL 3488","Aspergillus oryzae","",35.5000,"24.1555","112.8971","68.0969","46.3403","12.6826","27.0625","15.5186","49.6565","19.0297","23.1144","76.0912","38.4424","18.7384","59.5866","18.4535","11.0000","11.0000","24.7148","11.0000","125.9323","14.7170","15.2948","35.5369","30.3533","30.3953","12.7665","21.7759","175.6114","35.6252","26.3845","29.5167","26.4340","67.7490","66.3614","31.8732","27.6350","32.8870","11.9471","15.0392","11.0000","40.5161","16.8219","11.0000","12.1067","17.7495","14.2810","80.6037","33.0550","48.5647","16.6338","11.6488","11.4766","43.2513","11.0000","12.2341","50.0116","66.6010","72.8969","16.5339","33.6006","31.6457","16.0066","40.8888","12.9508","23.1084","18.2836","11.0000","19.5638","22.7848","19.4975","60.4120","28.0972","33.4320","11.0000","24.1473","11.0000","37.0761","28.5925","15.3048","18.6582","26.1260","21.0729","23.0002","27.7866","40.5794","29.6428","25.8352","44.0130","21.1740","185.1359","19.1525","27.4245","56.2447","31.2179","45.7073","35.2250"
"C:\Users\cfg364\Sommerlab Dropbox\Casper van der Luijt\Casper\Data\BioLog\OmniLog\CL2\DATA_2024\07\_NRRL 3488_Aspergillus oryzae__1_30_CL2_769_7#24#2024_A_ 9A_7.OKA","7/24/2024 10:32:48 PM"," 9-A","PM01","","NRRL 3488","Aspergillus oryzae","",35.7500,"23.4918","112.8081","67.2174","47.7242","14.9404","22.3423","13.5656","48.3564","17.4307","24.8931","79.6742","38.9809","20.6269","62.8460","18.3260","13.3818","11.0000","21.2394","11.9807","124.1739","15.6134","17.4948","31.9147","32.1109","29.3897","11.9105","20.3400","178.7494","35.1259","30.5161","28.7241","25.8619","72.9270","64.2045","30.2480","29.2357","31.3131","15.6906","14.8816","11.0000","38.8495","18.4148","11.0000","16.7827","15.7756","17.0664","83.2134","34.5750","45.9519","16.4066","12.8735","18.0454","40.6743","13.2815","12.2051","50.0471","68.4469","73.6410","16.9116","30.8312","33.5912","15.6920","44.4452","13.9985","20.6900","17.7366","13.0217","17.7231","19.7811","19.2698","61.6371","33.3000","34.1999","14.5031","23.9131","14.6552","38.7695","26.8855","16.7342","17.9281","25.2838","22.0987","27.0584","33.1638","39.5281","28.9965","28.9519","43.3969","22.2815","183.5699","18.1445","30.0703","56.7612","33.6905","48.2208","33.0671"
"C:\Users\cfg364\Sommerlab Dropbox\Casper van der Luijt\Casper\Data\BioLog\OmniLog\CL2\DATA_2024\07\_NRRL 3488_Aspergillus oryzae__1_30_CL2_769_7#24#2024_A_ 9A_7.OKA","7/24/2024 10:32:48 PM"," 9-A","PM01","","NRRL 3488","Aspergillus oryzae","",36.0000,"24.3227","113.4233","71.1884","45.1250","13.8905","23.4868","12.5235","45.0407","14.7923","20.7088","82.7899","39.2099","23.6241","61.5325","20.2816","11.5507","11.6962","27.9698","13.2699","122.1241","14.8084","15.0208","30.7749","29.0983","29.2091","13.5746","22.0008","177.7636","35.9042","30.9681","27.2216","22.1651","72.0131","72.2294","27.6473","31.3340","30.4575","11.5344","15.0074","17.6165","41.4617","16.1852","11.6357","13.0840","18.1932","15.2256","82.7457","33.9159","46.2546","13.0353","18.8687","17.0570","43.5655","11.1864","12.2058","50.2937","68.1764","72.8861","17.0583","29.5325","32.7218","12.8833","40.6346","12.8311","22.4540","14.4110","11.3486","20.3355","22.3283","16.6423","59.3040","29.2857","32.9942","11.0000","23.0825","11.0000","42.0138","27.9392","17.7298","16.5808","28.2989","22.9755","22.7688","32.4839","38.9208","26.8147","26.7549","42.5939","21.4060","181.7172","20.0804","27.6641","52.5967","34.0302","49.7466","36.8263"
"C:\Users\cfg364\Sommerlab Dropbox\Casper van der Luijt\Casper\Data\BioLog\OmniLog\CL2\DATA_2024\07\_NRRL 3488_Aspergillus oryzae__1_30_CL2_769_7#24#2024_A_ 9A_7.OKA","7/24/2024 10:32:48 PM"," 9-A","PM01","","NRRL 3488","Aspergillus oryzae","",36.2500,"29.5468","120.0041","75.2620","48.3613","16.7612","25.2546","16.5100","54.4009","16.4368","25.7119","79.8761","37.4479","21.5400","63.0656","22.8794","12.7762","12.8228","26.9505","13.6875","129.8142","15.9613","13.8338","36.6496","32.8900","30.1636","18.7729","23.1723","182.2746","39.8727","30.3353","27.3265","22.9384","74.5437","67.9151","32.6914","30.1458","32.9932","15.3669","16.2544","14.9199","45.3696","19.9074","11.0000","13.2088","19.2380","15.6009","83.9658","36.9888","49.8853","17.4902","16.0254","18.7707","44.4063","14.0216","14.0603","52.4788","68.2913","73.6881","20.0769","33.4895","34.4360","13.4407","44.9102","11.2217","25.3552","20.9641","13.9521","23.6880","23.4665","18.3781","66.2038","33.4053","35.4834","17.5409","23.3358","13.6039","39.2051","29.0441","22.0626","20.4213","27.3412","26.5993","29.0879","34.7479","41.6530","31.6042","31.4945","41.1416","25.2155","185.9362","21.0990","27.0163","58.0330","34.0067","51.3710","35.2728"
"C:\Users\cfg364\Sommerlab Dropbox\Casper van der Luijt\Casper\Data\BioLog\OmniLog\CL2\DATA_2024\07\_NRRL 3488_Aspergillus oryzae__1_30_CL2_769_7#24#2024_A_ 9A_7.OKA","7/24/2024 10:32:48 PM"," 9-A","PM01","","NRRL 3488","Aspergillus oryzae","",36.5000,"28.0124","120.8149","78.1197","49.0665","14.6439","29.4491","17.3707","54.9916","17.1227","24.2963","80.9335","39.2961","22.5013","62.7995","22.8776","11.6737","13.7428","22.7711","12.7402","128.5377","17.0176","18.6176","36.6726","36.4360","34.0566","15.0399","23.3281","182.6948","38.8168","34.9336","26.1922","26.5611","70.9269","73.8670","34.1589","33.3733","33.9779","12.7532","17.4528","13.7770","42.5266","17.5792","11.2860","16.0655","17.4221","19.1352","83.7568","35.1474","49.1564","11.7030","16.6638","20.4592","45.6907","14.4117","11.8890","54.9056","71.3995","73.8881","21.4384","33.8450","38.5713","14.2982","49.0252","15.5498","22.1614","23.0178","15.0419","23.2751","25.2363","22.9380","62.8247","33.3718","40.4083","18.7209","28.2616","11.0000","40.3072","27.9302","23.2816","20.3645","28.1216","26.5700","27.3000","36.2884","44.0012","26.6746","26.8034","42.0673","24.0745","185.6084","19.2010","27.3025","61.8152","31.8625","54.1730","37.4420"
"C:\Users\cfg364\Sommerlab Dropbox\Casper van der Luijt\Casper\Data\BioLog\OmniLog\CL2\DATA_2024\07\_NRRL 3488_Aspergillus oryzae__1_30_CL2_769_7#24#2024_A_ 9A_7.OKA","7/24/2024 10:32:48 PM"," 9-A","PM01","","NRRL 3488","Aspergillus oryzae","",36.7500,"27.2641","121.2635","79.5848","51.9065","16.8154","23.9859","15.3335","53.8265","16.9384","24.6267","82.2382","39.9345","20.4124","64.1094","21.2027","14.1810","12.9776","26.0164","13.1258","126.9062","16.8749","15.6707","37.7804","30.7250","30.7038","14.8500","23.0106","181.5882","40.2213","28.7228","34.1280","21.3907","69.0682","70.8744","27.5336","29.1698","32.1548","12.9876","11.9186","13.3367","46.2847","14.3812","14.5454","12.4857","13.1256","14.0559","80.6642","36.9218","48.0453","12.6334","17.2979","17.8982","45.3258","13.1402","12.4561","50.2663","72.2857","74.0844","21.1371","37.5625","33.7301","16.7919","48.9701","13.4306","23.0900","20.0392","15.4897","23.8979","20.9471","19.2028","60.9722","37.8478","33.0920","13.6911","25.9381","13.2452","41.0975","29.5182","19.1275","17.5223","27.3660","22.2420","26.5362","35.6193","41.6530","29.0138","25.3738","41.6784","23.4056","185.3235","19.0134","27.9214","60.4019","33.0873","55.3294","40.3170"
"C:\Users\cfg364\Sommerlab Dropbox\Casper van der Luijt\Casper\Data\BioLog\OmniLog\CL2\DATA_2024\07\_NRRL 3488_Aspergillus oryzae__1_30_CL2_769_7#24#2024_A_ 9A_7.OKA","7/24/2024 10:32:48 PM"," 9-A","PM01","","NRRL 3488","Aspergillus oryzae","",37.0000,"28.2719","124.8705","77.2805","49.6587","16.1354","26.5889","14.9428","52.9023","14.0984","26.1148","80.9391","37.4695","19.4174","66.7775","23.6180","11.0000","11.0000","26.5438","11.6041","130.8686","16.4572","18.5135","36.5870","33.3587","29.8482","15.4192","23.3851","184.0289","37.3683","29.8114","27.7717","27.8534","68.6531","71.9504","30.8344","31.1552","30.8740","13.5853","15.5456","11.0000","45.7782","19.4507","12.7200","14.4640","16.8865","18.2711","80.2388","33.6737","53.9284","12.1805","13.9439","17.4580","43.2107","12.8262","13.1595","53.9003","69.9495","74.1296","15.8913","33.2053","35.7442","12.9798","47.3668","13.5913","21.4059","19.6874","17.5424","20.0057","24.1291","19.1294","67.4151","33.0758","35.9059","17.4069","26.0821","11.0000","40.8888","30.1107","18.9105","17.2335","25.4551","22.4064","28.1496","37.0072","45.2587","29.6307","26.8980","45.5215","25.0879","186.5010","21.4294","28.5764","59.3319","33.7749","57.7947","37.4545"
"C:\Users\cfg364\Sommerlab Dropbox\Casper van der Luijt\Casper\Data\BioLog\OmniLog\CL2\DATA_2024\07\_NRRL 3488_Aspergillus oryzae__1_30_CL2_769_7#24#2024_A_ 9A_7.OKA","7/24/2024 10:32:48 PM"," 9-A","PM01","","NRRL 3488","Aspergillus oryzae","",37.2500,"27.3414","124.0602","77.3719","50.7874","17.2752","31.5532","11.9232","55.1579","20.1367","24.4298","83.3377","38.0673","24.4410","65.5826","24.9899","13.3263","13.6132","30.5558","13.1146","127.8790","20.2063","19.1132","42.1903","32.9828","32.3138","13.1396","21.5848","184.4449","38.8798","34.2167","30.9258","23.4719","77.4280","73.0565","33.5431","30.3238","33.2857","15.8613","14.1448","14.3933","47.0593","18.7523","14.5382","14.1264","18.9620","17.2438","81.0731","33.6928","53.3615","18.4955","14.8244","18.3820","43.1321","13.1422","11.0000","57.7632","74.4711","75.8485","21.0441","35.5868","32.4507","13.9588","47.2578","11.5396","26.5312","20.7962","12.5215","20.4521","26.6931","22.0913","69.2076","34.9540","37.8744","18.6121","28.2603","11.0000","46.2530","24.2971","18.4477","15.7897","27.0577","22.2180","26.2166","35.5796","42.0564","29.5096","27.0184","48.8609","24.8978","191.4869","17.4997","30.1800","62.4963","38.3302","56.5662","40.5719"
"C:\Users\cfg364\Sommerlab Dropbox\Casper van der Luijt\Casper\Data\BioLog\OmniLog\CL2\DATA_2024\07\_NRRL 3488_Aspergillus oryzae__1_30_CL2_769_7#24#2024_A_ 9A_7.OKA","7/24/2024 10:32:48 PM"," 9-A","PM01","","NRRL 3488","Aspergillus oryzae","",37.5000,"28.3647","125.7113","80.2479","54.3006","17.5312","30.7682","16.2415","60.4421","21.9690","27.1080","82.8713","40.6368","23.2779","66.8207","22.7412","15.2143","13.0089","27.7460","12.6521","129.2182","15.7068","19.8660","41.5603","37.6760","34.0449","14.0191","26.5235","187.7019","42.4099","37.1954","30.1761","28.8659","71.3733","74.2508","32.8699","35.4157","36.0622","13.4516","13.3825","15.0976","46.3375","20.1140","13.5922","14.4086","20.0184","22.9582","87.2482","37.9822","56.2912","17.0487","13.6119","18.4148","42.7522","15.5529","12.0160","54.8023","76.0703","77.6805","18.6482","35.4377","36.7529","16.5847","49.6981","14.2498","24.4989","20.7036","15.4471","23.5028","27.8559","22.1586","69.5374","34.8949","34.0814","14.6976","28.4299","15.8430","45.1667","29.9430","21.1949","16.4975","29.5212","25.2374","25.5980","39.4552","42.0939","32.1451","29.8697","49.6223","28.9543","190.0548","22.8092","29.8500","65.7873","34.2133","60.2982","37.0073"
"C:\Users\cfg364\Sommerlab Dropbox\Casper van der Luijt\Casper\Data\BioLog\OmniLog\CL2\DATA_2024\07\_NRRL 3488_Aspergillus oryzae__1_30_CL2_769_7#24#2024_A_ 9A_7.OKA","7/24/2024 10:32:48 PM"," 9-A","PM01","","NRRL 3488","Aspergillus oryzae","",37.7500,"25.6003","127.5469","79.7280","54.3848","19.4345","30.3371","16.1563","59.7071","20.8577","27.6799","81.9543","40.7584","24.6743","67.3032","20.4227","12.6253","13.3910","25.2015","13.3346","130.0632","19.5979","18.7532","37.6383","34.0632","33.3366","15.3106","26.5705","187.5083","40.8870","36.1359","28.6699","26.6799","75.8412","71.8274","31.1230","31.3444","30.1597","19.3260","15.2369","14.4492","46.7560","20.5124","11.0000","17.3096","21.8224","19.2594","86.0963","33.3536","51.9015","13.6431","16.4389","18.2531","41.7481","11.0000","15.4757","60.1192","73.4806","77.7257","21.8094","37.3652","33.7379","16.3924","52.2382","15.3551","26.7997","21.5115","13.9845","22.5145","28.1666","20.2412","71.0187","34.9817","35.5111","17.9515","28.4817","11.2192","43.1501","28.0582","17.8148","15.7817","25.9740","20.5404","25.1278","35.2608","40.7623","34.7875","25.8137","43.5481","22.2047","189.8276","19.4561","31.2626","62.7920","36.7150","59.7516","43.6702"
"C:\Users\cfg364\Sommerlab Dropbox\Casper van der Luijt\Casper\Data\BioLog\OmniLog\CL2\DATA_2024\07\_NRRL 3488_Aspergillus oryzae__1_30_CL2_769_7#24#2024_A_ 9A_7.OKA","7/24/2024 10:32:48 PM"," 9-A","PM01","","NRRL 3488","Aspergillus oryzae","",38.0000,"27.9901","123.9850","79.9123","52.0063","17.5671","32.0190","17.6820","58.1274","16.2445","28.4552","82.4043","38.1329","23.7460","68.1672","21.3591","12.9632","13.9231","22.4512","11.0000","131.0152","16.8708","16.7711","39.1565","34.6043","27.9206","15.0635","25.3577","184.8201","41.8224","34.9066","30.3903","27.9735","73.7091","74.7993","34.0355","33.4206","34.1670","13.9619","15.6133","11.4366","48.0763","21.0318","11.0000","16.1960","17.5190","18.5089","85.7182","30.3552","57.4216","13.4226","14.0544","20.6569","43.3546","13.0161","15.5801","61.0185","76.8868","75.0715","23.6828","33.8175","33.6638","14.5021","52.4806","14.5106","26.4305","20.5673","15.0905","22.9435","30.0729","19.0895","70.3001","39.3944","33.6586","16.4285","24.7636","12.3790","44.0487","36.1423","19.4777","15.0498","24.2111","25.3171","24.9339","35.1714","45.8858","32.2890","25.9661","51.4438","22.3673","192.9598","21.7820","28.2005","60.7159","35.2513","62.6700","38.6082"
"C:\Users\cfg364\Sommerlab Dropbox\Casper van der Luijt\Casper\Data\BioLog\OmniLog\CL2\DATA_2024\07\_NRRL 3488_Aspergillus oryzae__1_30_CL2_769_7#24#2024_A_ 9A_7.OKA","7/24/2024 10:32:48 PM"," 9-A","PM01","","NRRL 3488","Aspergillus oryzae","",38.2500,"27.4236","133.3203","83.8248","57.6180","20.6138","31.5221","17.4413","62.4100","19.7427","28.6589","87.4318","43.1151","21.6258","68.6724","22.8684","11.5510","15.1302","27.9593","11.0000","129.2366","19.2118","17.2724","44.0966","37.1249","36.3044","17.5289","28.0192","188.4263","46.9885","35.7005","30.8684","25.8601","73.1680","73.5562","35.6778","33.8150","31.3876","15.3339","17.1749","13.3932","47.1729","21.9293","15.2123","16.5109","18.6708","17.2217","88.9204","35.0360","54.3962","11.0000","19.0803","18.8651","43.7236","15.9258","15.8055","60.7448","77.0929","78.7462","21.4739","34.6591","34.3305","13.6954","51.3057","17.0489","26.7956","21.6375","13.8110","23.7148","32.5562","18.7956","68.8605","36.7730","37.3843","15.4592","28.4105","11.0000","44.7773","30.8441","21.8551","18.0301","31.3186","27.6528","26.0155","40.3259","46.6574","34.0761","29.4810","52.1628","23.2778","192.2043","25.4937","32.5377","62.5440","40.7944","68.9739","41.4027"
"C:\Users\cfg364\Sommerlab Dropbox\Casper van der Luijt\Casper\Data\BioLog\OmniLog\CL2\DATA_2024\07\_NRRL 3488_Aspergillus oryzae__1_30_CL2_769_7#24#2024_A_ 9A_7.OKA","7/24/2024 10:32:48 PM"," 9-A","PM01","","NRRL 3488","Aspergillus oryzae","",38.5000,"28.2594","126.7265","83.5543","57.9222","16.8050","28.1337","16.0149","60.4414","19.8904","30.8410","87.4488","38.0853","21.3883","66.6652","25.1013","11.0000","11.0000","29.4506","15.6037","134.2525","17.6604","15.2849","41.9190","33.1215","31.4541","15.5878","26.2089","188.2782","44.4223","35.2803","29.9405","29.0292","72.9719","75.6959","34.5211","30.6946","31.4353","15.4909","13.7238","13.8807","48.0573","21.0128","11.0000","18.2526","19.2083","24.4997","88.1789","37.1816","56.1806","16.8119","14.3215","21.0215","39.8221","14.6900","11.7303","56.7298","78.8564","78.0429","20.2908","33.8858","38.2636","15.6604","52.7700","14.8489","26.3827","19.7890","11.3491","23.7824","29.4372","18.1905","67.9230","35.0230","35.7152","15.5723","28.3579","14.6298","44.9789","30.8029","19.2608","18.0449","26.7455","24.0412","29.6018","34.3374","42.1529","33.3931","26.8663","52.3722","25.0449","188.2844","22.2984","27.4146","67.9409","39.5067","64.5290","39.2372"
"C:\Users\cfg364\Sommerlab Dropbox\Casper van der Luijt\Casper\Data\BioLog\OmniLog\CL2\DATA_2024\07\_NRRL 3488_Aspergillus oryzae__1_30_CL2_769_7#24#2024_A_ 9A_7.OKA","7/24/2024 10:32:48 PM"," 9-A","PM01","","NRRL 3488","Aspergillus oryzae","",38.7500,"31.7797","130.0538","83.9330","50.5199","19.7759","31.5873","16.4247","63.2736","19.5732","27.4264","81.2215","41.4681","23.1673","68.2872","24.7774","15.0695","11.4777","25.4713","15.8663","133.8149","17.3931","15.5470","42.1756","34.9877","31.1935","13.9490","23.4473","190.6830","41.7943","37.3141","31.3442","29.6450","78.1404","74.2756","33.5388","29.2752","34.7469","14.8847","14.4075","13.9306","47.8943","18.6055","11.0000","11.3492","15.1611","22.4839","84.9565","36.9925","56.7768","13.4852","16.3229","19.3296","44.7569","13.5051","12.7190","62.6580","79.5045","83.0078","19.2018","32.5324","35.1540","12.6322","46.9194","13.5415","24.0774","20.7177","14.0825","19.7288","29.7093","20.9548","72.1362","34.0854","33.1518","14.9747","28.4441","12.2509","46.6013","31.4922","19.7616","17.4820","25.4035","23.4981","30.4107","36.9794","43.5783","30.4848","28.3881","54.2685","25.9112","192.6026","18.5476","27.4904","69.0078","34.4334","70.7508","35.9849"
"C:\Users\cfg364\Sommerlab Dropbox\Casper van der Luijt\Casper\Data\BioLog\OmniLog\CL2\DATA_2024\07\_NRRL 3488_Aspergillus oryzae__1_30_CL2_769_7#24#2024_A_ 9A_7.OKA","7/24/2024 10:32:48 PM"," 9-A","PM01","","NRRL 3488","Aspergillus oryzae","",39.0000,"30.9805","132.4957","86.5257","53.7491","20.0284","31.7804","15.6951","64.3507","21.7888","30.8592","87.5823","39.6356","26.6741","70.7861","24.7470","15.5590","12.3376","26.8042","14.5477","132.8382","18.2201","17.2640","42.1116","36.8139","34.6397","15.2666","22.8401","194.7507","42.8782","37.5332","32.0446","29.7708","74.7707","75.8940","33.0309","31.8593","36.4668","17.5789","16.9024","14.0241","49.2290","17.1658","11.0000","13.0633","18.5916","19.7097","89.2139","36.8679","57.7016","15.3332","16.1690","21.6644","43.9465","16.1339","13.4830","61.7090","77.7026","79.2601","22.8894","33.1742","39.9787","14.9863","50.5392","13.1603","23.7357","24.5054","14.4003","24.8337","31.1872","22.9709","73.9583","34.5617","36.2991","15.7119","28.1918","12.0320","45.4012","35.0918","18.5145","15.3107","26.5238","26.4294","26.8580","38.7934","39.5552","29.6703","29.4128","52.0464","27.5199","191.4167","18.5152","29.0748","67.9661","40.8303","69.9978","39.3847"
"C:\Users\cfg364\Sommerlab Dropbox\Casper van der Luijt\Casper\Data\BioLog\OmniLog\CL2\DATA_2024\07\_NRRL 3488_Aspergillus oryzae__1_30_CL2_769_7#24#2024_A_ 9A_7.OKA","7/24/2024 10:32:48 PM"," 9-A","PM01","","NRRL 3488","Aspergillus oryzae","",39.2500,"25.8432","132.8718","87.5937","59.4770","16.1504","33.5979","12.3710","67.2048","21.9049","31.5377","84.9432","41.4124","24.3147","68.7095","24.0180","11.0000","14.3738","26.9462","12.6722","133.3269","17.4519","21.3220","42.5254","33.1328","31.9116","16.5797","27.3636","192.1571","42.7566","37.4998","36.5618","25.8878","73.9795","77.1648","37.9841","31.0498","33.2615","12.9869","16.3655","18.1520","47.5259","20.7089","11.1915","13.7946","19.0177","24.2317","88.8545","38.0409","56.0417","16.4316","15.0611","21.2265","45.3337","12.5479","14.7147","58.7147","77.6438","79.0590","19.8101","31.7231","37.0671","14.7997","56.3103","13.6847","25.2241","18.9641","14.8354","22.4703","27.2235","21.2675","71.3325","35.2157","33.9738","19.4262","28.1931","12.7222","51.3738","33.7521","20.4183","17.8867","24.6317","23.9906","26.9068","36.2694","42.2074","32.1410","31.1452","53.5374","26.9643","195.6414","20.7267","28.6218","64.8830","37.9265","71.7847","39.5450"
"C:\Users\cfg364\Sommerlab Dropbox\Casper van der Luijt\Casper\Data\BioLog\OmniLog\CL2\DATA_2024\07\_NRRL 3488_Aspergillus oryzae__1_30_CL2_769_7#24#2024_A_ 9A_7.OKA","7/24/2024 10:32:48 PM"," 9-A","PM01","","NRRL 3488","Aspergillus oryzae","",39.5000,"24.9441","133.7049","81.8179","56.0846","15.3542","32.9386","15.3765","67.5908","18.8953","27.3067","87.7950","41.0364","23.0468","73.2401","25.0435","11.0000","13.8992","28.4819","11.6031","133.3867","17.5857","18.5210","43.4090","36.3362","29.9159","17.4014","25.3003","191.6350","42.5773","41.1469","31.6705","29.1133","74.6959","72.2472","34.2355","30.0131","31.8792","17.5664","12.6448","12.5923","48.0989","22.6289","13.7948","11.0000","21.5082","18.9053","88.3754","36.4981","58.6681","15.9522","16.9868","21.5983","48.9609","13.4466","13.0058","63.6565","74.7246","82.0904","20.8506","33.9289","36.8372","15.5571","54.3472","14.2440","25.0491","19.2715","12.3639","22.1909","31.8166","20.9774","74.9489","34.1412","33.9836","15.3577","29.7111","11.8805","48.2899","31.1899","23.4365","19.4130","28.3255","28.0869","25.5650","36.7832","43.7573","31.8447","29.1687","55.2682","23.6842","197.2103","19.6281","29.2862","68.5487","38.2553","70.9588","38.1229"
"C:\Users\cfg364\Sommerlab Dropbox\Casper van der Luijt\Casper\Data\BioLog\OmniLog\CL2\DATA_2024\07\_NRRL 3488_Aspergillus oryzae__1_30_CL2_769_7#24#2024_A_ 9A_7.OKA","7/24/2024 10:32:48 PM"," 9-A","PM01","","NRRL 3488","Aspergillus oryzae","",39.7500,"27.8314","132.9167","85.8140","59.5487","18.2960","31.7341","13.6054","64.8079","21.5433","31.0290","88.3504","44.8938","23.4039","69.4989","26.7205","11.5815","17.2819","28.2246","12.0472","135.5265","17.0913","14.6270","42.6306","36.0853","29.6449","13.0727","27.6417","194.2490","41.4393","42.4111","36.5164","27.7709","78.0584","75.0541","38.5405","32.9136","35.4907","17.4513","16.4760","16.9759","51.4913","20.7468","11.9895","14.0967","26.0181","21.0092","89.8882","37.4126","56.6203","16.5988","17.3887","20.9636","46.7190","13.2108","14.9408","58.5992","79.7704","77.5837","23.0615","29.5369","34.5789","16.9714","54.9358","13.5625","25.7958","19.8542","16.2923","24.3254","32.6177","20.3500","75.6000","35.5965","33.0552","17.3122","32.9519","11.0000","50.3252","31.6209","17.8976","16.9693","24.9471","22.9400","28.9659","31.9695","42.6938","34.9889","28.3947","55.6126","23.4167","197.4074","19.0647","27.3387","70.0350","40.5275","74.3307","39.6614"
"C:\Users\cfg364\Sommerlab Dropbox\Casper van der Luijt\Casper\Data\BioLog\OmniLog\CL2\DATA_2024\07\_NRRL 3488_Aspergillus oryzae__1_30_CL2_769_7#24#2024_A_ 9A_7.OKA","7/24/2024 10:32:48 PM"," 9-A","PM01","","NRRL 3488","Aspergillus oryzae","",40.0000,"26.1542","137.1430","91.1553","60.1127","15.8653","31.9133","21.3068","62.9441","20.6056","32.3571","87.4816","41.1352","22.0955","73.0424","29.3158","11.9780","14.0246","29.1061","11.4765","131.2033","21.0920","15.1027","42.8055","34.5217","29.2933","14.7963","29.1186","191.8042","46.0909","38.3719","32.2786","27.6413","76.2725","79.1431","34.8619","32.4471","34.4733","13.8062","15.4423","13.8708","50.0885","20.8932","12.7797","15.6866","21.6984","19.1125","88.1613","35.0138","59.9317","17.8441","15.6538","19.8739","49.9007","12.9225","14.1425","58.8506","79.0931","79.9748","21.3977","37.7212","34.7848","15.2516","58.3177","13.0283","24.3679","22.1760","17.2621","19.3806","34.5621","18.1229","77.4258","33.5113","33.7981","14.2245","29.7625","13.3096","47.5154","34.2187","16.4705","13.0840","29.1205","20.8268","26.1092","39.4566","41.0917","35.7716","30.4732","55.4825","26.7569","195.7380","19.6814","29.2569","71.4474","38.1694","73.9326","41.4488"
"C:\Users\cfg364\Sommerlab Dropbox\Casper van der Luijt\Casper\Data\BioLog\OmniLog\CL2\DATA_2024\07\_NRRL 3488_Aspergillus oryzae__1_30_CL2_769_7#24#2024_A_ 9A_7.OKA","7/24/2024 10:32:48 PM"," 9-A","PM01","","NRRL 3488","Aspergillus oryzae","",40.2500,"26.9926","133.5389","89.6279","59.6835","15.7381","34.0078","23.1294","62.9441","18.0269","32.3251","87.3234","39.5819","22.2794","72.1033","25.3368","11.9169","15.9348","24.0466","13.1599","137.1118","21.5966","16.0251","46.8930","34.8931","30.4176","14.2943","28.7550","197.7758","45.7730","38.6222","34.0253","29.4728","78.9024","75.5982","38.9967","31.9505","33.9591","15.1305","15.4727","11.0000","52.5275","23.6083","12.8433","13.5163","21.2250","18.9503","89.5161","36.3202","59.6851","17.6857","17.1541","18.1054","49.3379","11.7752","12.3649","60.1216","81.9538","79.4254","19.3626","38.0385","36.0721","16.1581","57.3971","14.5179","27.2940","23.7904","18.8118","19.2219","33.8691","18.3128","77.5512","35.2355","34.8261","17.8003","31.3024","12.7166","47.1742","36.4994","15.6707","15.3282","29.7928","25.3696","27.4681","36.9906","42.1794","32.5146","34.0109","56.4428","23.9231","193.7802","17.9322","30.3919","70.2017","36.7962","77.9705","38.3366"
"C:\Users\cfg364\Sommerlab Dropbox\Casper van der Luijt\Casper\Data\BioLog\OmniLog\CL2\DATA_2024\07\_NRRL 3488_Aspergillus oryzae__1_30_CL2_769_7#24#2024_A_ 9A_7.OKA","7/24/2024 10:32:48 PM"," 9-A","PM01","","NRRL 3488","Aspergillus oryzae","",40.5000,"29.4313","139.2252","91.7631","62.0061","16.5703","39.4270","16.9226","67.9267","17.6649","29.6190","88.3559","44.4736","25.4161","69.3573","24.6821","13.3038","12.7599","30.9989","12.4871","138.4589","16.6264","20.3535","43.3622","36.9184","32.1012","15.7563","27.5028","195.5876","46.8357","42.3468","31.4309","29.5953","78.5920","79.0341","39.1613","33.5489","35.4295","17.2426","16.1197","11.9672","49.7637","20.6662","11.7323","14.9817","21.9541","15.6979","92.4944","37.1171","62.4239","12.1493","15.1259","19.5731","50.8477","14.7397","13.4119","62.0926","80.5455","79.9311","26.1379","32.0237","35.8867","12.1969","54.4881","11.4119","28.0541","21.1606","14.5890","23.5567","34.9618","20.9926","76.3580","35.1976","35.9681","18.9293","32.8598","11.0000","48.9750","29.3815","22.1842","20.2792","24.7149","24.4936","28.9596","35.7165","43.0618","32.7644","33.4543","57.6845","28.5459","201.9573","20.9357","28.4742","71.4789","39.6329","80.8292","39.7244"
"C:\Users\cfg364\Sommerlab Dropbox\Casper van der Luijt\Casper\Data\BioLog\OmniLog\CL2\DATA_2024\07\_NRRL 3488_Aspergillus oryzae__1_30_CL2_769_7#24#2024_A_ 9A_7.OKA","7/24/2024 10:32:48 PM"," 9-A","PM01","","NRRL 3488","Aspergillus oryzae","",40.7500,"25.4331","141.7189","92.3334","61.5887","22.1343","37.0603","17.6322","69.3520","18.2023","34.3183","89.2269","45.8589","29.4796","73.5395","29.4783","15.0045","15.6511","27.7621","13.5343","135.8066","18.2763","14.0924","49.7846","37.3729","32.4545","12.3167","29.4547","199.2900","40.6103","42.8436","36.0280","32.3552","80.0534","82.1326","37.3316","33.5700","35.2563","12.9845","13.0496","12.8094","52.3817","20.1839","13.8600","14.8214","22.5445","21.1160","94.4930","38.1138","60.7058","15.3910","15.5617","20.1150","55.9068","12.5459","14.9793","62.7413","83.7523","85.7123","19.7997","30.2950","36.1041","15.6556","58.4729","15.9870","26.6665","24.1725","19.5208","26.3558","33.3469","19.0854","78.7060","32.0453","35.4750","17.8739","32.5309","15.2095","53.6786","37.4973","22.2294","16.6441","32.5395","23.0077","27.1483","37.6821","46.8485","39.4438","33.1168","59.1348","24.4679","196.6381","26.0102","29.1312","73.8023","41.0532","81.6581","41.4414"
"C:\Users\cfg364\Sommerlab Dropbox\Casper van der Luijt\Casper\Data\BioLog\OmniLog\CL2\DATA_2024\07\_NRRL 3488_Aspergillus oryzae__1_30_CL2_769_7#24#2024_A_ 9A_7.OKA","7/24/2024 10:32:48 PM"," 9-A","PM01","","NRRL 3488","Aspergillus oryzae","",41.0000,"30.6799","139.4701","91.2285","59.7281","18.6463","39.3803","19.4406","72.6717","25.9387","33.5948","90.9580","44.9554","25.0443","74.3304","25.5237","11.0000","13.7740","27.8568","11.0000","135.7648","19.2552","21.4052","43.7121","37.4625","34.8017","11.9073","28.2840","197.5154","47.4984","43.9159","36.7412","33.4315","78.7573","78.4689","37.0676","34.9769","37.7320","11.2827","13.6854","13.2423","51.9597","22.6165","13.5364","15.6203","16.4520","20.5502","90.5324","36.4651","60.3312","17.3632","15.3846","19.6328","52.4894","11.0000","17.1594","65.7544","85.5664","83.2567","22.2773","38.9693","39.6280","13.0478","56.5644","19.3290","23.7980","18.5160","16.5892","22.6067","37.4684","19.9758","79.9010","35.2930","37.7172","16.6594","29.8176","12.8236","48.6759","34.9027","20.4501","14.1099","29.7137","24.4339","29.8224","36.9324","43.6830","34.1716","32.9740","62.1269","25.8089","199.2454","26.7241","29.1016","80.6087","37.8198","77.2889","39.7352"
"C:\Users\cfg364\Sommerlab Dropbox\Casper van der Luijt\Casper\Data\BioLog\OmniLog\CL2\DATA_2024\07\_NRRL 3488_Aspergillus oryzae__1_30_CL2_769_7#24#2024_A_ 9A_7.OKA","7/24/2024 10:32:48 PM"," 9-A","PM01","","NRRL 3488","Aspergillus oryzae","",41.2500,"23.3112","141.9443","94.6691","60.6191","19.9766","38.9365","17.4864","68.9748","24.2983","35.5057","90.0229","43.9565","25.2043","75.2489","26.5439","14.6670","14.2027","30.7144","15.4287","137.0729","20.0981","20.7465","44.6418","37.7298","35.9680","15.9390","26.9360","198.7357","44.9707","42.6001","35.3092","33.9040","78.9697","80.3619","39.1965","36.8833","36.6512","11.0000","15.7661","13.9941","50.6459","23.1393","13.4188","17.1818","21.5639","24.7763","93.9629","37.8110","62.2030","20.0951","12.2009","18.3789","54.6682","15.8092","16.4674","67.4959","89.4350","86.3578","24.9614","36.2024","37.0554","14.9192","61.0921","12.9629","26.8370","20.0133","14.9481","25.2899","38.9263","20.5456","78.9298","36.3627","35.5396","17.0220","34.0732","14.5709","48.6331","38.4347","24.9842","18.4271","29.7213","21.7538","25.8459","37.8725","46.5999","35.9521","28.4934","58.3292","24.0343","200.8671","22.9587","31.0716","80.6631","42.1843","87.7985","37.6328"
"C:\Users\cfg364\Sommerlab Dropbox\Casper van der Luijt\Casper\Data\BioLog\OmniLog\CL2\DATA_2024\07\_NRRL 3488_Aspergillus oryzae__1_30_CL2_769_7#24#2024_A_ 9A_7.OKA","7/24/2024 10:32:48 PM"," 9-A","PM01","","NRRL 3488","Aspergillus oryzae","",41.5000,"24.0280","145.2794","96.9890","62.4603","22.1576","40.6006","19.2899","73.9995","25.0673","36.3364","95.0248","44.7611","25.5700","75.9996","27.0631","14.6058","11.0000","32.2674","15.5544","140.0972","25.6704","18.7909","47.3920","40.5904","37.0272","17.5957","28.6326","201.8063","44.8750","44.2650","36.1322","33.3054","81.1174","78.9380","37.5230","33.4776","40.7651","13.0538","16.3732","17.0193","55.9914","22.6413","11.0000","17.5603","21.8494","24.2923","92.4206","37.0654","65.0322","19.0177","17.9283","22.5909","54.4808","19.3853","14.6344","67.3695","89.3093","86.2617","24.4560","36.0112","38.8312","15.0133","61.8907","16.9837","26.2183","20.2949","18.4539","27.6716","40.4291","24.6590","80.9038","38.5875","37.8364","15.2603","31.6842","12.5035","47.8271","37.2955","22.1051","17.2795","29.6894","21.4622","28.8862","37.8401","46.5396","34.7311","33.7478","58.7640","26.2430","200.3869","23.7967","29.7767","81.2807","43.9457","89.7669","46.8852"
"C:\Users\cfg364\Sommerlab Dropbox\Casper van der Luijt\Casper\Data\BioLog\OmniLog\CL2\DATA_2024\07\_NRRL 3488_Aspergillus oryzae__1_30_CL2_769_7#24#2024_A_ 9A_7.OKA","7/24/2024 10:32:48 PM"," 9-A","PM01","","NRRL 3488","Aspergillus oryzae","",41.7500,"25.1044","141.7909","92.0543","59.6937","20.8999","39.1706","21.5207","76.6491","26.2599","31.1618","90.7525","42.8937","21.4070","79.6065","31.8345","13.4483","17.0842","31.8653","14.6940","136.2153","17.7972","17.5628","45.4223","33.9671","31.0718","14.9375","26.0955","201.9060","45.5761","42.2789","34.5422","35.0067","79.9873","79.5197","37.4048","33.8498","38.9402","15.1128","12.9850","11.9655","50.8438","22.8557","11.8608","13.3620","20.1708","20.7519","93.2050","35.0825","65.6581","15.2494","16.3794","19.6993","51.5760","12.6378","15.5760","68.6213","84.2532","86.2428","20.6959","33.0259","36.2293","15.9590","58.9029","13.7819","25.2119","19.6716","15.0549","23.1167","38.6607","20.3400","79.0717","36.7499","33.6771","16.7947","32.2091","12.2186","49.3999","34.0355","16.6535","17.9573","28.4272","25.0110","28.2027","35.3238","44.0050","34.9803","32.3044","56.5001","28.1401","203.9226","23.2351","29.9836","81.3298","38.2638","89.7731","39.5644"
"C:\Users\cfg364\Sommerlab Dropbox\Casper van der Luijt\Casper\Data\BioLog\OmniLog\CL2\DATA_2024\07\_NRRL 3488_Aspergillus oryzae__1_30_CL2_769_7#24#2024_A_ 9A_7.OKA","7/24/2024 10:32:48 PM"," 9-A","PM01","","NRRL 3488","Aspergillus oryzae","",42.0000,"29.0124","146.7085","98.1505","62.5225","19.9744","39.4360","20.3100","76.3700","26.2783","31.9722","93.7224","46.0739","22.0843","77.5315","29.8611","11.0000","15.0403","32.9040","11.0000","142.9324","21.8083","18.5474","45.0103","35.4210","30.9732","18.8594","27.7759","206.5452","48.1100","46.5084","38.1519","30.8563","76.8186","79.9558","36.5449","35.0584","36.3081","17.1640","11.1833","11.1251","50.9060","26.5091","11.0000","13.7217","20.7836","24.5504","93.6550","40.5992","62.7233","14.8747","16.0526","21.3011","55.9630","14.7517","14.2602","67.3977","88.4952","89.9623","21.9405","34.6945","34.4633","14.4213","63.0087","13.6815","28.1205","22.0236","14.6458","26.2937","41.9490","20.1530","81.6970","36.9123","34.4073","17.0111","29.8811","11.0000","51.3068","34.3338","23.9882","12.9842","31.7645","27.2808","29.6601","38.2345","47.5630","36.3293","32.3694","60.6854","26.2353","203.4892","22.0440","27.7712","78.0088","44.0468","89.9811","40.7336"
"C:\Users\cfg364\Sommerlab Dropbox\Casper van der Luijt\Casper\Data\BioLog\OmniLog\CL2\DATA_2024\07\_NRRL 3488_Aspergillus oryzae__1_30_CL2_769_7#24#2024_A_ 9A_7.OKA","7/24/2024 10:32:48 PM"," 9-A","PM01","","NRRL 3488","Aspergillus oryzae","",42.2500,"27.6879","144.4412","97.7710","60.1733","19.3190","39.2647","14.9619","76.1552","26.1545","34.2780","94.4466","46.6778","26.9097","81.6416","28.0865","13.8519","17.8774","29.2508","11.0000","141.3916","20.9639","21.8707","49.2676","41.5244","31.9215","17.0419","31.3416","206.1597","45.6984","44.6394","37.9741","32.3813","81.0322","79.6590","43.7479","31.5430","40.1925","17.5017","15.5689","11.0000","50.9361","23.9800","11.3494","15.0461","21.5933","21.4694","92.6435","38.3196","65.9332","14.0307","15.4335","20.5314","54.1359","15.9975","11.0000","68.8290","90.1427","89.3021","25.7999","36.6293","36.7223","15.2802","61.6262","16.8914","28.4047","22.2317","15.3406","24.4655","41.3324","21.8626","78.5670","33.7508","33.8504","18.8401","33.7106","11.0000","52.5965","38.8907","21.7832","19.5330","28.1582","22.3226","30.2094","34.9619","44.7604","33.2705","32.6426","65.2954","27.1934","203.6804","25.3266","27.5707","83.0223","43.2278","90.8744","42.7427"
"C:\Users\cfg364\Sommerlab Dropbox\Casper van der Luijt\Casper\Data\BioLog\OmniLog\CL2\DATA_2024\07\_NRRL 3488_Aspergillus oryzae__1_30_CL2_769_7#24#2024_A_ 9A_7.OKA","7/24/2024 10:32:48 PM"," 9-A","PM01","","NRRL 3488","Aspergillus oryzae","",42.5000,"28.1536","146.3427","97.7378","65.1182","18.1802","42.3370","20.5307","80.7185","27.4163","37.3855","93.4428","46.4477","25.1422","78.5251","29.0305","12.3783","15.8701","32.8533","13.9778","139.5418","27.2645","21.1332","51.3348","39.6096","33.5993","15.2033","29.2988","201.4227","44.9465","44.1752","41.5325","37.7709","78.7050","80.7870","38.5792","32.2935","38.3069","17.9282","16.0305","13.5246","53.9319","27.0648","12.2095","14.7195","24.3158","23.1493","97.9245","38.5379","63.8121","15.7713","17.4338","19.6908","53.1132","14.4359","15.4903","72.1638","88.3699","89.5722","23.1969","35.5168","38.6348","17.1390","61.7988","13.6933","29.0095","24.3591","12.6180","25.3785","42.3237","18.6699","82.8912","33.9059","36.7832","16.0493","32.9964","12.7558","57.7478","40.2799","22.8859","20.3198","30.3848","23.0977","28.4022","39.9641","49.1560","38.4879","34.3562","65.7501","27.4346","210.3163","23.8739","29.3047","80.0045","43.2583","92.6040","45.1449"
"C:\Users\cfg364\Sommerlab Dropbox\Casper van der Luijt\Casper\Data\BioLog\OmniLog\CL2\DATA_2024\07\_NRRL 3488_Aspergillus oryzae__1_30_CL2_769_7#24#2024_A_ 9A_7.OKA","7/24/2024 10:32:48 PM"," 9-A","PM01","","NRRL 3488","Aspergillus oryzae","",42.7500,"27.5115","145.3429","97.1942","63.3800","22.5651","44.4693","21.2345","80.0479","24.8162","36.6606","94.5306","48.8251","25.1064","78.5117","26.4773","11.9821","18.7845","31.4800","13.8154","143.5758","20.5623","18.7342","46.8279","37.8639","33.1047","13.6753","27.6673","203.9393","46.0853","44.9899","38.5830","32.4487","76.6147","82.2558","38.6019","32.2608","36.2021","14.9337","15.8033","15.1642","51.6063","25.2324","15.1763","15.3619","21.5448","19.2404","96.7881","35.5845","65.8944","18.5000","15.9411","20.6225","54.7330","13.6058","12.9987","67.1285","90.1972","89.3309","23.9783","34.9094","38.5605","17.3032","60.2875","12.9635","28.3815","22.3723","17.4600","17.9672","44.6272","18.5819","85.0535","35.4124","39.2812","17.9002","35.5041","13.7804","56.2947","40.2492","22.1132","19.2149","27.8368","28.0192","30.5288","40.6392","47.1200","35.0448","34.8967","66.2908","26.0819","202.2500","25.1977","31.1688","81.0704","45.6471","94.8876","40.2481"
"C:\Users\cfg364\Sommerlab Dropbox\Casper van der Luijt\Casper\Data\BioLog\OmniLog\CL2\DATA_2024\07\_NRRL 3488_Aspergillus oryzae__1_30_CL2_769_7#24#2024_A_ 9A_7.OKA","7/24/2024 10:32:48 PM"," 9-A","PM01","","NRRL 3488","Aspergillus oryzae","",43.0000,"28.0865","149.4368","99.1764","66.7532","20.4101","39.8256","16.4211","84.6872","31.4973","37.2742","97.1486","47.3913","25.1117","82.7630","30.8536","14.9791","16.0285","32.2895","14.2365","143.2743","21.5998","19.5172","50.2573","38.1975","34.8000","15.1624","29.7850","204.9690","47.0180","47.2672","40.6858","35.3707","76.8734","83.5857","39.1331","35.4991","36.0482","11.4109","13.8380","16.2795","53.7537","25.9716","13.0235","17.0542","25.2823","28.1191","97.1652","40.8311","69.7985","19.1456","17.4422","21.3373","62.8798","15.5570","17.1201","70.9036","92.1074","91.2412","22.9700","36.1402","38.4006","18.1088","64.3951","16.7266","28.3318","22.9898","20.0882","25.1426","45.2005","20.2755","82.3280","35.3748","39.2005","13.2115","39.7977","12.5627","54.3661","38.0576","18.6752","17.2684","28.7043","26.1337","28.7985","41.6134","47.4080","36.3881","36.8737","64.5015","26.0253","207.9145","21.3138","30.3197","85.7745","43.8844","97.2762","44.4928"
"C:\Users\cfg364\Sommerlab Dropbox\Casper van der Luijt\Casper\Data\BioLog\OmniLog\CL2\DATA_2024\07\_NRRL 3488_Aspergillus oryzae__1_30_CL2_769_7#24#2024_A_ 9A_7.OKA","7/24/2024 10:32:48 PM"," 9-A","PM01","","NRRL 3488","Aspergillus oryzae","",43.2500,"25.3788","146.5867","104.0491","63.2425","18.9315","42.5196","21.2132","83.4382","24.2501","31.8638","91.6725","45.6762","23.6793","80.8861","29.8484","12.4981","13.5558","30.9149","13.1558","145.4965","25.6855","19.8338","50.3038","41.6970","31.9667","15.8214","29.9064","203.8161","45.3827","49.1583","35.1839","35.2325","74.0280","80.4091","37.6979","35.4363","38.4545","11.9720","14.8001","12.6809","50.9437","24.4649","12.7176","12.7760","22.3131","26.7156","96.6222","37.8783","66.0508","17.2374","14.9708","21.1093","52.9498","11.0000","17.1370","72.1062","92.5176","90.5499","23.1429","34.2899","34.3830","17.5707","64.8528","18.6890","25.7381","22.5657","16.0075","27.8791","44.5127","18.6882","81.4614","39.1117","38.5619","17.4550","34.9650","11.0000","58.0649","42.1510","21.0366","20.1589","29.8739","24.0923","31.3297","34.7252","43.9116","40.6135","36.2878","65.8057","24.0286","209.8383","22.6624","28.1486","88.0067","46.1213","96.9939","44.6536"
"C:\Users\cfg364\Sommerlab Dropbox\Casper van der Luijt\Casper\Data\BioLog\OmniLog\CL2\DATA_2024\07\_NRRL 3488_Aspergillus oryzae__1_30_CL2_769_7#24#2024_A_ 9A_7.OKA","7/24/2024 10:32:48 PM"," 9-A","PM01","","NRRL 3488","Aspergillus oryzae","",43.5000,"28.2276","146.8771","103.3581","63.1053","23.1293","42.9407","16.9174","87.2360","25.3114","36.3909","93.0264","50.8351","23.7267","82.1967","32.6256","11.2753","15.1742","30.6251","11.9509","144.4232","22.8415","17.5106","53.4166","38.4581","35.5029","11.9763","27.0223","204.4812","45.2824","49.6877","39.7389","35.2424","76.2864","88.4848","42.6121","31.7635","38.8550","14.0685","14.9080","13.0558","53.9876","23.7952","11.7936","16.3701","25.1772","24.6667","98.4715","41.8996","66.3411","21.1544","19.3621","23.4009","57.3937","16.3063","11.5088","71.4975","92.7187","90.1965","23.2272","31.5733","35.9910","11.1265","67.9721","12.8689","29.5226","23.5503","19.9915","24.0682","46.0967","16.3577","87.0407","37.3703","39.0850","19.1902","35.0120","12.4105","55.2412","42.5306","17.9205","17.5889","36.0635","21.0959","30.0870","40.5152","51.4206","35.0453","35.1940","69.1937","24.1033","209.2479","22.8163","26.8201","87.3054","48.0187","99.1009","43.0155"
"C:\Users\cfg364\Sommerlab Dropbox\Casper van der Luijt\Casper\Data\BioLog\OmniLog\CL2\DATA_2024\07\_NRRL 3488_Aspergillus oryzae__1_30_CL2_769_7#24#2024_A_ 9A_7.OKA","7/24/2024 10:32:48 PM"," 9-A","PM01","","NRRL 3488","Aspergillus oryzae","",43.7500,"29.2028","154.8529","104.9144","67.4506","18.3265","45.4003","19.4234","84.6600","26.9026","37.9154","98.8601","47.5581","24.8102","81.6101","28.7261","14.0294","12.9538","31.6703","14.4430","146.3979","18.8186","19.5660","53.9912","41.4716","33.0204","12.7899","24.6154","208.3489","43.1068","48.3905","36.1203","35.9814","79.1973","81.1159","40.6659","28.6264","39.7596","14.2073","11.5509","11.3440","51.1015","27.0236","11.9893","19.6125","25.9139","23.3714","99.9475","35.6700","72.0841","19.2352","18.7742","20.8631","56.7519","14.0135","16.7377","69.8612","96.3139","89.7763","23.6422","36.1356","36.0397","13.5206","65.1866","18.6710","28.1848","17.7809","20.6033","22.9433","52.1563","19.3123","89.8602","37.0645","37.2510","17.9467","37.3410","11.5341","57.0751","41.9361","22.1859","16.0245","28.6174","23.6977","27.7206","39.7285","49.9820","33.2538","36.5797","69.9547","27.9975","211.0245","25.2399","28.0221","85.2405","47.6475","101.7953","43.2310"
"C:\Users\cfg364\Sommerlab Dropbox\Casper van der Luijt\Casper\Data\BioLog\OmniLog\CL2\DATA_2024\07\_NRRL 3488_Aspergillus oryzae__1_30_CL2_769_7#24#2024_A_ 9A_7.OKA","7/24/2024 10:32:48 PM"," 9-A","PM01","","NRRL 3488","Aspergillus oryzae","",44.0000,"28.6361","152.6981","101.8259","65.0025","20.1793","45.2928","21.3188","85.6446","28.3791","39.4438","97.6600","47.0589","27.0590","86.6525","30.2545","12.9904","20.1656","33.9017","15.7419","149.8258","26.2079","18.6328","53.5672","41.7010","33.8683","13.9826","31.8280","209.6606","48.9817","51.5417","41.9120","37.1159","78.5287","85.9627","43.6020","33.2131","43.4741","13.0141","17.5018","16.5146","46.3498","23.5880","11.0000","19.2094","26.4838","26.2836","97.9621","36.3685","70.2830","17.2775","16.2799","20.7566","57.3733","15.4970","11.0635","71.8366","93.6169","91.2152","25.6291","35.4971","35.7692","16.1504","69.6239","19.8911","28.2702","23.9334","16.8176","27.7370","51.1501","22.1330","81.6861","40.4489","37.0978","15.9489","34.8562","11.0000","62.5885","42.1906","23.1274","20.1487","28.1542","26.0611","31.8311","39.0323","47.9815","36.2540","37.2326","72.2074","25.2051","212.3528","18.7791","29.4600","88.9482","50.7759","108.0850","47.3937"
"C:\Users\cfg364\Sommerlab Dropbox\Casper van der Luijt\Casper\Data\BioLog\OmniLog\CL2\DATA_2024\07\_NRRL 3488_Aspergillus oryzae__1_30_CL2_769_7#24#2024_A_ 9A_7.OKA","7/24/2024 10:32:48 PM"," 9-A","PM01","","NRRL 3488","Aspergillus oryzae","",44.2500,"26.7511","152.6667","105.7997","63.9864","25.1719","48.0859","18.3894","85.7849","30.6208","38.1726","101.8963","50.8611","23.3840","85.9502","35.7157","14.8907","19.4553","33.9807","16.3626","149.1686","26.5303","18.3538","53.4807","40.5980","32.4619","13.6576","28.0619","209.8487","47.4386","47.6970","40.9127","38.5390","81.7220","87.0359","41.8031","31.6804","41.2858","16.2516","14.8845","13.4215","54.5468","30.0410","13.1046","20.5184","20.8378","26.9706","101.5822","42.7529","69.7254","15.0142","15.9673","23.2499","58.2222","14.3730","14.9320","74.1104","93.5811","93.7589","27.5900","40.6460","39.6654","17.7545","70.0771","16.5680","27.3639","22.2622","17.7284","29.7279","48.8092","23.0532","86.0148","36.3522","40.6133","14.2005","33.0755","16.2073","55.6375","42.9081","18.2879","19.5682","31.7854","27.2656","30.5188","38.6274","47.4865","37.8190","39.0104","73.4191","29.1120","212.0997","23.8856","30.8408","89.2217","52.1762","102.0011","46.6941"
"C:\Users\cfg364\Sommerlab Dropbox\Casper van der Luijt\Casper\Data\BioLog\OmniLog\CL2\DATA_2024\07\_NRRL 3488_Aspergillus oryzae__1_30_CL2_769_7#24#2024_A_ 9A_7.OKA","7/24/2024 10:32:48 PM"," 9-A","PM01","","NRRL 3488","Aspergillus oryzae","",44.5000,"26.3853","150.9509","103.5018","62.8811","21.6912","48.9709","23.3618","88.8804","29.8291","39.7767","100.6638","44.6575","22.9774","84.7580","29.4664","13.5287","16.8075","33.7560","14.4733","146.4458","22.1992","18.9104","52.3842","39.6186","34.8434","15.6989","27.1182","207.7917","50.6814","49.2560","35.6427","36.7929","83.0773","87.1766","40.4514","32.3168","40.2267","14.1211","14.0026","11.5618","53.2301","24.2519","11.0000","16.6882","25.0065","23.2609","104.6708","37.6986","67.9693","18.2593","16.3689","23.0268","58.7581","15.3484","13.0163","76.1146","97.2666","92.5450","21.9503","34.3506","38.6065","14.9215","68.1683","18.0404","29.1831","23.5960","14.8365","28.8574","51.9865","20.9027","90.2256","33.8214","38.4865","14.0144","34.4409","16.9054","58.4927","41.3708","21.7318","15.1479","26.3545","27.0910","27.8911","39.3075","50.1570","41.1137","34.1546","70.6122","28.0136","208.6055","19.2799","30.2844","86.7033","46.5969","108.6440","46.7188"
"C:\Users\cfg364\Sommerlab Dropbox\Casper van der Luijt\Casper\Data\BioLog\OmniLog\CL2\DATA_2024\07\_NRRL 3488_Aspergillus oryzae__1_30_CL2_769_7#24#2024_A_ 9A_7.OKA","7/24/2024 10:32:48 PM"," 9-A","PM01","","NRRL 3488","Aspergillus oryzae","",44.7500,"26.0445","154.4082","102.5224","64.0218","23.5242","50.2421","15.5361","90.1912","28.0269","40.3292","100.7803","47.6497","24.2410","86.5549","33.6439","13.8419","17.8378","35.5496","13.9463","144.6159","23.2275","18.6740","58.2824","40.8316","33.4259","14.5064","29.5229","210.2865","44.9578","49.7958","39.8163","35.9554","83.6710","86.8837","42.5318","31.7030","45.8932","13.4590","14.3611","14.7368","50.4907","26.1039","13.5171","13.7548","23.8625","25.2650","107.7317","36.3470","72.0269","17.6184","17.6866","20.9452","59.9941","13.6313","11.1268","78.4365","93.6021","93.2197","23.9440","34.2372","38.3254","14.0433","69.7288","16.5457","30.9224","20.2847","15.9056","24.6254","51.7237","21.5928","89.4649","36.6622","38.4466","12.4461","38.9931","15.2825","57.7169","46.7010","20.7114","16.1397","30.9822","27.9012","30.9118","42.5759","49.8525","38.3067","39.2632","72.7817","27.0143","212.8910","21.9867","26.6675","88.7096","49.6660","108.0659","43.4484"
"C:\Users\cfg364\Sommerlab Dropbox\Casper van der Luijt\Casper\Data\BioLog\OmniLog\CL2\DATA_2024\07\_NRRL 3488_Aspergillus oryzae__1_30_CL2_769_7#24#2024_A_ 9A_7.OKA","7/24/2024 10:32:48 PM"," 9-A","PM01","","NRRL 3488","Aspergillus oryzae","",45.0000,"31.4786","155.3497","105.6324","66.7674","22.6573","44.9433","23.7270","89.6580","27.0529","35.2480","96.9217","53.7105","21.4368","88.6774","32.1860","13.9616","17.3740","30.3269","11.0000","149.3147","25.5550","22.4609","53.1638","38.5577","35.2606","14.2810","25.5471","211.4850","48.1449","56.6303","40.0585","37.9179","80.6742","84.4718","42.2435","34.3149","37.3568","15.4054","15.6683","14.3533","51.6851","26.2476","13.1244","17.9213","24.1036","27.4261","103.2806","39.2125","68.2294","15.5121","18.0481","20.6980","55.9141","11.8370","13.7173","78.5083","97.6520","94.2703","25.2447","40.2422","40.4111","12.9211","69.8159","13.9175","31.3860","24.7437","12.4005","26.7850","49.4027","20.5368","88.3157","39.8367","36.6627","16.6880","40.5274","12.0733","62.9868","41.1344","20.9734","17.6979","31.1100","24.9523","29.7671","42.5125","51.2775","40.9572","39.5053","72.2092","28.5854","209.0542","27.9008","28.3965","87.9520","53.2555","106.9709","44.4345"
"C:\Users\cfg364\Sommerlab Dropbox\Casper van der Luijt\Casper\Data\BioLog\OmniLog\CL2\DATA_2024\07\_NRRL 3488_Aspergillus oryzae__1_30_CL2_769_7#24#2024_A_ 9A_7.OKA","7/24/2024 10:32:48 PM"," 9-A","PM01","","NRRL 3488","Aspergillus oryzae","",45.2500,"27.4579","156.2081","107.3889","66.7658","22.3831","50.7342","19.9847","90.1527","30.7271","37.8975","98.1212","50.3645","27.3051","90.4533","33.6419","11.0000","20.3860","32.9285","15.1188","155.8319","23.3376","20.3005","57.2663","40.5502","33.8772","17.3568","32.9646","210.2092","47.9455","55.2055","41.5817","40.9941","83.2241","88.1916","44.3816","35.9037","41.7901","19.5207","17.7137","12.2809","54.2606","28.7936","13.9144","18.0522","25.0632","28.4450","102.9883","38.4334","73.1374","15.9981","18.2616","25.7224","60.0636","15.1645","15.1468","77.1370","98.9593","98.4793","25.2532","34.6307","38.6669","15.8865","71.7847","16.4904","27.3095","19.2448","19.7437","24.5110","55.1493","20.7292","90.1820","34.7974","38.5837","15.9385","39.8125","12.6616","64.3433","44.9606","24.2693","15.4367","27.5722","26.0762","33.4854","41.2693","48.9988","39.1768","39.2422","76.3584","26.6731","213.3855","23.3993","31.2366","91.0393","50.5890","113.5556","45.2094"
"C:\Users\cfg364\Sommerlab Dropbox\Casper van der Luijt\Casper\Data\BioLog\OmniLog\CL2\DATA_2024\07\_NRRL 3488_Aspergillus oryzae__1_30_CL2_769_7#24#2024_A_ 9A_7.OKA","7/24/2024 10:32:48 PM"," 9-A","PM01","","NRRL 3488","Aspergillus oryzae","",45.5000,"28.3311","154.4072","105.5669","67.8820","22.9094","51.1537","21.1010","95.3246","29.2129","40.8735","101.3578","54.2245","25.2796","90.7423","31.7033","13.3004","18.8178","33.1404","12.7732","149.5581","25.9788","23.7827","59.9138","40.7386","32.6524","14.3815","31.9592","213.7998","44.3228","56.5458","40.3455","41.1743","82.0135","86.4534","44.5868","36.0604","39.8429","13.2418","13.4392","11.0000","53.1409","30.0081","11.0000","21.7264","23.9192","26.5247","105.4049","37.5878","75.6012","18.2904","16.9630","21.4498","60.7457","12.4312","14.3843","75.8611","96.7804","95.1387","21.6345","35.0017","34.5770","18.9413","72.8333","16.4763","27.8973","21.8399","19.2800","26.8575","53.9984","20.1089","87.8667","37.1107","37.8450","14.4459","38.0317","11.0000","59.0945","43.6850","19.9014","16.4520","29.4894","23.7890","32.4751","43.8269","52.4113","42.0755","38.5226","78.1248","26.2052","213.4207","23.9766","29.6505","91.9896","50.7319","110.2229","47.8604"
"C:\Users\cfg364\Sommerlab Dropbox\Casper van der Luijt\Casper\Data\BioLog\OmniLog\CL2\DATA_2024\07\_NRRL 3488_Aspergillus oryzae__1_30_CL2_769_7#24#2024_A_ 9A_7.OKA","7/24/2024 10:32:48 PM"," 9-A","PM01","","NRRL 3488","Aspergillus oryzae","",45.7500,"27.1878","156.9802","106.5205","67.6769","25.6649","55.1194","21.6044","95.0329","30.3445","36.3943","103.1100","52.9688","25.5544","89.1312","33.1237","14.3236","17.5463","34.3068","11.0000","154.9659","23.0065","21.6313","54.1425","39.4218","32.6493","16.1013","30.3485","215.4323","45.3338","56.5435","42.5226","40.1036","81.4680","85.8046","44.2324","33.8784","42.1101","13.3972","13.7074","11.0000","54.9295","26.8598","16.3657","16.3725","22.6382","25.6978","107.7263","38.7598","74.6901","19.9993","12.7534","20.4979","59.3505","11.1551","14.7927","76.4236","98.2101","93.8829","18.9761","35.5340","36.2731","14.3860","73.9880","15.3429","25.2761","21.6704","16.0508","26.3675","56.7446","17.4629","88.2239","33.2067","42.2549","16.3716","34.7873","14.0317","59.7664","45.3409","21.6870","15.4121","30.5145","26.2727","30.6651","41.2579","50.9331","40.9477","37.1105","74.9539","25.6412","215.0090","24.0740","28.1126","93.7549","51.2972","115.4652","42.6465"
"C:\Users\cfg364\Sommerlab Dropbox\Casper van der Luijt\Casper\Data\BioLog\OmniLog\CL2\DATA_2024\07\_NRRL 3488_Aspergillus oryzae__1_30_CL2_769_7#24#2024_A_ 9A_7.OKA","7/24/2024 10:32:48 PM"," 9-A","PM01","","NRRL 3488","Aspergillus oryzae","",46.0000,"28.5796","159.8360","107.9631","67.7991","23.8788","50.1967","20.2522","94.8215","32.3983","42.4910","104.1657","50.3130","26.2939","93.7017","33.0893","16.0150","14.7098","35.7827","13.6289","153.3404","26.6800","21.5262","56.5392","39.5623","35.3343","13.0029","28.9411","215.8528","45.7979","50.6926","39.3822","37.6554","82.1607","90.9847","40.0809","35.2919","42.4445","16.1492","11.0000","17.5882","51.9098","26.3995","11.2545","18.0996","26.2960","27.2120","111.4469","39.5803","76.7569","19.8331","19.1477","21.6960","56.8505","14.5831","16.6070","78.2885","98.2931","98.3638","25.8215","35.8893","39.1156","17.1345","72.7693","15.7511","27.4030","20.7615","13.6076","25.9581","58.1349","20.5300","91.6717","41.5327","39.2153","14.8049","40.5113","11.0000","62.2814","46.1763","18.3977","14.8141","28.8947","23.5828","29.4670","42.8113","48.5978","39.0919","38.4689","80.8130","27.7225","217.5439","24.0814","31.5239","93.3790","49.4486","118.6916","45.5807"
"C:\Users\cfg364\Sommerlab Dropbox\Casper van der Luijt\Casper\Data\BioLog\OmniLog\CL2\DATA_2024\07\_NRRL 3488_Aspergillus oryzae__1_30_CL2_769_7#24#2024_A_ 9A_7.OKA","7/24/2024 10:32:48 PM"," 9-A","PM01","","NRRL 3488","Aspergillus oryzae","",46.2500,"27.3223","159.7516","112.1338","65.9895","20.5663","53.3879","21.7527","100.2749","31.3923","43.0706","103.8172","53.9118","26.5413","89.7747","33.2513","15.3227","19.5830","35.8159","12.8658","158.8766","27.9120","22.7283","60.6674","43.3004","33.7603","11.7235","29.4136","219.1030","48.0064","52.6636","41.0793","42.1553","79.5412","88.7859","41.5321","37.5702","44.0397","15.5468","16.3273","15.2239","52.2392","27.3462","16.8662","20.4171","25.1191","29.5625","110.4996","36.5468","75.2489","15.7190","17.4998","22.2583","64.0862","16.7865","13.5706","85.0329","106.6524","102.9014","25.5776","35.5783","41.9867","19.1035","73.4955","13.5052","28.9660","22.0580","17.8145","29.0047","59.6378","24.9241","95.7430","40.7089","39.1037","17.0554","36.1670","13.6279","64.8416","49.0951","22.0670","14.3090","29.8389","24.1923","30.3606","38.9332","48.6540","35.4336","38.5150","80.7886","24.9819","216.2544","24.9943","30.0880","94.0773","53.9102","121.4726","44.3716"
"C:\Users\cfg364\Sommerlab Dropbox\Casper van der Luijt\Casper\Data\BioLog\OmniLog\CL2\DATA_2024\07\_NRRL 3488_Aspergillus oryzae__1_30_CL2_769_7#24#2024_A_ 9A_7.OKA","7/24/2024 10:32:48 PM"," 9-A","PM01","","NRRL 3488","Aspergillus oryzae","",46.5000,"26.8122","162.9404","116.6778","66.7897","21.4895","54.1894","20.6274","99.2296","32.5825","41.5695","104.7495","56.3782","25.6320","95.1510","34.2529","14.3846","19.8575","29.6813","16.9806","156.6711","28.8140","22.6573","63.7057","41.6844","34.6415","20.0127","33.8012","215.2796","49.9359","57.2645","42.6632","37.1850","85.3299","94.7863","47.9579","32.9034","41.8249","15.3559","12.2286","16.1643","53.6556","31.9765","13.1720","20.7084","26.9399","29.9312","112.4729","37.6483","76.3255","16.7450","17.1244","21.3881","54.8995","15.7982","12.4330","81.9280","102.6580","100.5391","25.3468","35.6140","38.9666","17.2076","76.0915","19.7557","28.7546","23.0930","23.9027","28.2097","60.5786","24.5775","94.2516","38.0620","39.5924","18.0930","37.3595","13.2269","64.4566","48.5093","22.5460","16.9369","31.0629","23.4256","32.7725","39.6229","52.1601","42.0235","45.7243","78.0010","25.9002","217.0567","21.2480","31.0630","95.1751","55.9541","119.2675","47.2482"
"C:\Users\cfg364\Sommerlab Dropbox\Casper van der Luijt\Casper\Data\BioLog\OmniLog\CL2\DATA_2024\07\_NRRL 3488_Aspergillus oryzae__1_30_CL2_769_7#24#2024_A_ 9A_7.OKA","7/24/2024 10:32:48 PM"," 9-A","PM01","","NRRL 3488","Aspergillus oryzae","",46.7500,"29.4420","156.1695","109.9571","69.4222","27.1018","54.1262","18.9090","100.4770","33.9721","44.7052","100.5989","56.8467","22.8327","92.7597","36.3081","11.0000","15.6910","33.2648","16.7403","158.1215","24.1580","23.1556","58.3111","41.9851","33.2045","13.3622","31.6202","218.0781","44.3308","57.4018","41.1119","39.8721","81.9286","94.3495","43.7337","32.0997","40.0471","15.6548","11.7980","11.9055","51.1255","29.3074","11.0000","18.5221","22.9562","24.4683","110.9697","38.9613","74.8081","16.6996","14.6330","20.6418","55.3745","13.7907","13.6386","81.1331","98.4879","100.4855","19.6254","40.0120","39.1358","17.5500","78.5786","16.2198","26.5119","21.8958","18.8089","25.3035","63.8780","20.6941","94.0521","36.2696","36.8632","16.4746","38.1889","12.1275","60.6375","48.9984","17.3495","12.4719","31.8550","27.2744","30.1529","40.6913","50.5265","44.8026","37.7130","82.8073","23.5239","215.6046","22.2735","25.2996","94.9060","52.9692","118.8727","43.5786"
"C:\Users\cfg364\Sommerlab Dropbox\Casper van der Luijt\Casper\Data\BioLog\OmniLog\CL2\DATA_2024\07\_NRRL 3488_Aspergillus oryzae__1_30_CL2_769_7#24#2024_A_ 9A_7.OKA","7/24/2024 10:32:48 PM"," 9-A","PM01","","NRRL 3488","Aspergillus oryzae","",47.0000,"28.7315","162.7138","114.9004","69.3610","26.8502","55.1269","20.5858","101.0429","34.7410","46.2752","101.5821","56.4762","24.4838","94.4833","35.0290","13.3616","17.4781","33.9635","14.5955","161.3122","24.7260","18.5734","61.7042","41.1493","32.7769","12.1023","31.8019","215.3672","48.5131","62.5332","42.9561","39.9989","84.6908","92.9529","45.0633","32.5335","42.2979","13.9564","11.0000","12.1553","51.1255","28.7772","11.0000","17.6372","26.5082","27.3637","110.2611","38.1509","78.3258","19.2011","15.8030","21.6567","59.8182","13.6357","13.0346","81.6069","100.2876","103.9457","21.3759","40.1392","35.3782","18.5169","78.3938","11.0637","28.6749","23.0788","20.1367","26.7875","65.4775","23.0862","92.7368","38.4656","37.7425","18.2994","38.2205","13.6621","60.4827","49.4726","18.3436","18.5196","31.8550","25.6341","31.0294","41.5061","51.8781","43.2405","35.4334","78.7041","22.6473","219.8584","21.4659","27.8288","94.1571","57.4250","121.4756","46.9200"
"C:\Users\cfg364\Sommerlab Dropbox\Casper van der Luijt\Casper\Data\BioLog\OmniLog\CL2\DATA_2024\07\_NRRL 3488_Aspergillus oryzae__1_30_CL2_769_7#24#2024_A_ 9A_7.OKA","7/24/2024 10:32:48 PM"," 9-A","PM01","","NRRL 3488","Aspergillus oryzae","",47.2500,"29.8379","163.4525","110.4075","68.8866","28.9931","56.2407","22.0542","102.1733","35.6456","42.6977","103.4036","56.5169","25.7957","96.8029","35.2944","11.0000","20.4515","38.2342","16.1406","158.9100","27.3182","19.3688","60.9432","42.6289","29.2992","14.1761","32.5891","221.8648","48.1180","57.1369","44.1243","42.4838","83.4976","92.8027","46.6200","34.4386","49.2246","19.0854","14.3834","14.1955","54.8485","31.0778","16.9041","19.7120","26.5241","27.3698","116.5574","40.9616","80.7839","17.5419","15.9329","22.8852","58.3056","11.0000","12.5637","83.0360","107.4212","102.1952","25.3280","38.5088","37.9599","15.5453","79.2231","15.8665","29.5732","21.5362","21.6392","24.3466","65.3378","22.0815","95.7185","39.3482","39.3193","17.2084","39.0014","11.3154","61.3037","49.1244","23.4906","18.7192","34.8929","23.2860","29.6261","43.4000","50.8986","45.8514","40.4383","87.1757","26.9847","220.0770","22.6726","29.1277","93.5650","58.3057","125.9013","45.1504"
"C:\Users\cfg364\Sommerlab Dropbox\Casper van der Luijt\Casper\Data\BioLog\OmniLog\CL2\DATA_2024\07\_NRRL 3488_Aspergillus oryzae__1_30_CL2_769_7#24#2024_A_ 9A_7.OKA","7/24/2024 10:32:48 PM"," 9-A","PM01","","NRRL 3488","Aspergillus oryzae","",47.5000,"27.2538","164.1498","113.3086","70.9327","23.4606","59.5384","22.1325","100.7539","35.6791","44.8698","104.0779","52.5991","24.0306","98.5964","38.2662","12.9618","17.9038","38.9605","13.6881","160.6443","28.2877","21.9136","56.8624","39.4904","33.6610","18.2666","29.8929","220.6486","46.4407","61.7327","39.7584","41.8839","82.4219","92.8568","46.4956","37.4228","42.7422","14.8696","15.9145","11.0000","54.3745","32.6783","14.1043","16.3657","27.0055","25.2811","117.0636","42.2135","79.7071","16.2947","17.7011","21.7727","56.3908","18.0916","15.8295","83.2608","102.4128","102.1196","23.8432","39.7685","37.8382","14.8656","76.9376","19.7872","28.4294","23.3450","18.3216","23.6671","65.3907","18.7842","96.3755","37.1700","38.6550","17.4127","39.8072","11.0000","67.1561","48.5373","21.8272","15.8515","28.0618","23.0164","35.1605","42.8206","50.2457","43.2868","42.5356","83.6093","24.8155","218.7842","25.8028","30.4681","95.2625","58.2622","127.6705","46.1629"
"C:\Users\cfg364\Sommerlab Dropbox\Casper van der Luijt\Casper\Data\BioLog\OmniLog\CL2\DATA_2024\07\_NRRL 3488_Aspergillus oryzae__1_30_CL2_769_7#24#2024_A_ 9A_7.OKA","7/24/2024 10:32:48 PM"," 9-A","PM01","","NRRL 3488","Aspergillus oryzae","",47.7500,"29.5870","165.5683","115.8503","70.7656","24.0047","62.4695","21.3256","108.3998","35.0263","43.7834","104.5183","54.1638","22.9917","102.2289","36.3162","12.3828","17.3204","37.5268","17.9285","162.9731","27.8868","22.8417","65.5898","42.2950","33.1541","16.6219","29.9125","221.3585","46.9110","62.4981","40.1780","44.7222","81.9873","95.5948","46.1750","33.7031","41.8416","13.1753","12.3465","15.4766","51.0328","32.6340","13.3871","19.1015","28.4157","25.3013","113.8582","35.6915","79.3489","16.4532","13.7072","22.8886","61.2409","12.4295","19.0296","77.8872","103.5202","102.2231","25.7972","35.5709","37.3247","14.4315","81.6592","13.4802","33.5554","23.7890","20.3594","22.6177","68.3231","19.3811","93.3577","39.1189","40.0219","13.8378","43.9785","17.3079","69.0298","52.9726","18.9137","17.4709","31.2427","27.0863","32.6129","42.9351","49.6916","43.7331","45.8043","84.5637","25.9216","223.7717","16.1961","28.9514","94.3218","53.4803","127.4546","48.4953"
"C:\Users\cfg364\Sommerlab Dropbox\Casper van der Luijt\Casper\Data\BioLog\OmniLog\CL2\DATA_2024\07\_NRRL 3488_Aspergillus oryzae__1_30_CL2_769_7#24#2024_A_ 9A_7.OKA","7/24/2024 10:32:48 PM"," 9-A","PM01","","NRRL 3488","Aspergillus oryzae","",48.0000,"26.0376","164.8533","112.6125","68.8598","23.2318","57.6322","20.0170","106.2347","29.3115","45.6926","102.6003","57.3990","25.0708","99.6837","35.7937","11.0000","14.1073","38.4439","12.9343","166.2824","27.3644","22.1693","63.5053","42.4256","34.0559","12.5351","30.5357","217.4619","47.5712","59.2405","43.6144","41.9022","85.4011","95.4095","46.1644","33.2393","46.1479","14.8725","13.5853","13.0201","51.7421","29.0645","14.7487","21.2534","28.4775","30.0666","115.6114","40.2277","76.6212","18.6342","13.5847","20.1697","62.3369","12.4599","13.0029","84.7541","105.1500","103.7133","23.2904","40.2104","37.6601","16.2886","82.5395","14.2125","31.7362","23.8826","19.6215","27.4573","67.4321","19.6017","99.5769","36.3094","40.2220","16.5984","36.9069","13.3519","66.5511","52.9273","20.1394","13.4020","31.3005","25.4992","35.8864","42.2034","55.1802","46.4713","43.4496","84.2919","20.4923","220.0899","20.8717","28.0400","99.0390","61.1188","128.3275","48.1403"
"C:\Users\cfg364\Sommerlab Dropbox\Casper van der Luijt\Casper\Data\BioLog\OmniLog\CL2\DATA_2024\07\_NRRL 3488_Aspergillus oryzae__1_30_CL2_769_7#24#2024_A_ 9A_7.OKA","7/24/2024 10:32:48 PM"," 9-A","PM01","","NRRL 3488","Aspergillus oryzae","",48.2500,"30.6063","167.3502","118.2877","69.3707","24.2990","57.1088","22.3530","106.7224","32.0115","47.9997","105.0938","59.5891","20.6982","103.1420","34.5737","11.0000","18.8467","40.1338","12.0805","163.1811","30.6057","21.9137","59.8117","40.7205","33.6032","13.5033","31.0286","222.7306","44.9172","59.3426","44.1778","45.8712","86.6758","98.2088","47.2051","31.0095","44.3399","16.0118","15.4455","14.3030","52.9391","34.8161","15.2211","18.9922","28.4296","25.0992","119.0015","39.3789","79.2882","18.8780","15.0327","24.7076","59.2261","11.0000","16.6375","84.3752","106.4216","109.2046","23.1149","35.9226","37.8260","16.1936","78.6255","15.8101","31.5576","25.1729","19.0570","27.4323","69.4926","23.1554","96.7625","39.4686","39.6517","14.5055","43.2869","12.7897","67.6913","50.8764","21.7401","14.7978","30.2729","22.8083","30.4020","43.7593","52.6767","40.0108","43.4437","90.4200","27.3521","218.5154","21.6072","31.5057","92.8545","53.4045","125.1124","49.7795"
"C:\Users\cfg364\Sommerlab Dropbox\Casper van der Luijt\Casper\Data\BioLog\OmniLog\CL2\DATA_2024\07\_NRRL 3488_Aspergillus oryzae__1_30_CL2_769_7#24#2024_A_ 9A_7.OKA","7/24/2024 10:32:48 PM"," 9-A","PM01","","NRRL 3488","Aspergillus oryzae","",48.5000,"31.2867","165.7245","118.3483","70.1080","25.4046","60.8465","22.0386","107.1027","36.2654","49.2811","107.2395","58.9694","25.6393","102.9862","35.6439","11.0000","18.9105","37.2268","14.2414","166.0115","29.7560","23.2106","64.0002","41.2795","34.2100","11.4694","33.3045","224.0540","47.1147","60.5676","44.7805","44.1717","84.7135","95.0987","48.0566","31.4459","46.4065","14.1324","13.8013","12.8385","50.7083","34.4440","13.1899","21.9184","31.7585","26.6005","121.4328","36.6776","80.6121","19.7322","16.5719","24.1103","62.7153","11.6211","16.4475","85.7041","108.9972","109.1408","25.2287","33.4849","39.7203","16.6003","83.4295","14.5127","31.2498","25.1110","18.9306","29.0724","69.0833","21.2395","97.1090","37.4714","39.6215","13.7015","44.0443","12.7269","65.1004","55.2438","20.0460","14.3829","29.1487","21.8054","31.4691","40.3382","53.7925","43.3980","40.8521","89.3114","23.8014","219.4510","21.4779","31.1827","94.0037","58.0137","128.6215","48.6550"
"C:\Users\cfg364\Sommerlab Dropbox\Casper van der Luijt\Casper\Data\BioLog\OmniLog\CL2\DATA_2024\07\_NRRL 3488_Aspergillus oryzae__1_30_CL2_769_7#24#2024_A_ 9A_7.OKA","7/24/2024 10:32:48 PM"," 9-A","PM01","","NRRL 3488","Aspergillus oryzae","",48.7500,"31.2689","166.2963","115.6969","71.1743","24.1145","61.7031","22.1417","107.9109","35.7451","50.9202","105.2269","58.7869","22.2851","104.6292","37.0111","16.1535","20.7954","38.0535","11.6324","165.9051","28.6611","21.5079","59.6912","42.7422","35.6759","15.0787","33.6389","223.6843","47.9468","63.8502","44.8400","45.1250","82.2354","95.4828","48.1145","32.5501","47.0133","15.7983","13.8712","18.0533","58.4448","31.7256","11.0000","19.7045","29.6952","27.5420","119.4489","39.5346","80.2196","16.2906","13.4130","22.3788","65.5278","16.7536","14.9963","84.9227","111.9143","108.9282","26.9284","40.7147","36.3287","17.8316","82.4547","16.0456","29.3251","26.2008","17.8076","24.5031","73.6193","21.4833","97.1716","38.3742","37.4712","14.4642","47.4411","15.4470","68.2750","52.4665","21.0093","16.6382","36.2318","28.8056","36.7127","44.2724","53.3179","46.4219","44.4280","89.3736","24.0663","221.9088","23.4829","31.5108","100.5389","59.7203","130.8221","52.6522"
"C:\Users\cfg364\Sommerlab Dropbox\Casper van der Luijt\Casper\Data\BioLog\OmniLog\CL2\DATA_2024\07\_NRRL 3488_Aspergillus oryzae__1_30_CL2_769_7#24#2024_A_ 9A_7.OKA","7/24/2024 10:32:48 PM"," 9-A","PM01","","NRRL 3488","Aspergillus oryzae","",49.0000,"27.2807","167.1600","116.5511","72.4384","21.5606","64.7065","20.2398","108.8780","35.4356","50.6157","107.2725","58.9074","26.2985","104.0810","37.1144","11.3069","20.7974","37.1808","14.8231","167.7037","25.8337","24.3995","64.2899","45.9699","34.7879","15.0249","35.3867","222.8834","47.0294","61.7481","45.3631","45.7902","89.6226","101.8956","46.0799","31.8848","51.9551","13.5273","16.7749","12.2787","55.6204","32.5686","14.2736","18.1738","30.5370","27.6686","122.9930","40.8529","82.0797","14.2793","19.3285","18.5218","61.9863","14.9826","16.5022","89.2305","108.9993","110.5964","24.8034","40.3961","38.7752","18.3604","83.7877","18.9416","29.2912","23.8646","19.9784","28.7910","74.0706","19.5900","103.1482","40.7928","40.3582","19.4079","45.6070","11.0000","69.5696","53.2297","18.6053","17.4253","34.2387","25.0004","34.9654","41.1398","53.6057","47.3026","46.0745","90.5307","27.7342","226.6655","23.0164","30.1986","100.8887","62.7082","136.2341","50.1948"
"C:\Users\cfg364\Sommerlab Dropbox\Casper van der Luijt\Casper\Data\BioLog\OmniLog\CL2\DATA_2024\07\_NRRL 3488_Aspergillus oryzae__1_30_CL2_769_7#24#2024_A_ 9A_7.OKA","7/24/2024 10:32:48 PM"," 9-A","PM01","","NRRL 3488","Aspergillus oryzae","",49.2500,"27.2684","170.5157","118.9225","71.1716","27.5012","60.0855","23.5678","105.0641","35.0106","46.4837","107.3751","58.0186","25.1952","105.6557","39.8909","12.9604","21.4087","38.0455","15.9021","169.7101","27.9911","21.5231","66.0038","41.5884","34.0303","11.9102","33.9509","222.5328","46.5200","61.1607","47.2021","49.6020","87.6191","98.2697","49.2886","33.1017","49.7659","14.7792","16.8948","12.5518","52.0613","31.7902","11.1280","21.3236","31.5820","28.2394","124.0004","41.4885","82.8370","17.4249","19.3831","22.0771","61.1502","14.3440","17.5545","85.3031","109.8827","112.0840","24.5272","39.4440","38.1727","16.9797","82.5874","19.9130","31.4674","25.3862","22.5674","26.4378","72.6415","18.9008","100.3811","39.0108","43.4615","15.0998","42.7042","15.0192","66.7175","54.0163","18.9260","15.9366","28.3305","26.2452","34.5482","44.4164","54.3926","47.8936","44.6072","92.6999","30.7208","226.0969","24.3899","27.9845","98.4837","59.0019","135.4946","47.5612"
"C:\Users\cfg364\Sommerlab Dropbox\Casper van der Luijt\Casper\Data\BioLog\OmniLog\CL2\DATA_2024\07\_NRRL 3488_Aspergillus oryzae__1_30_CL2_769_7#24#2024_A_ 9A_7.OKA","7/24/2024 10:32:48 PM"," 9-A","PM01","","NRRL 3488","Aspergillus oryzae","",49.5000,"30.7024","169.6008","116.9043","70.4865","27.9608","66.2926","24.3534","112.3600","36.5403","48.6526","107.9348","59.9543","25.7194","109.4616","37.7288","12.3798","22.0889","38.2342","16.0881","171.7886","29.1422","25.4554","67.3851","43.7209","34.1890","12.6034","34.4663","224.3754","45.8026","63.6787","43.2466","43.5584","85.7967","96.7071","48.9233","34.9157","47.0339","13.3644","15.0740","11.0000","54.8485","33.1102","15.5412","18.9666","31.3327","34.2270","121.6905","41.6077","82.9424","15.0786","17.6612","20.0029","61.7099","11.0000","11.4450","87.1308","109.0672","114.8896","17.9557","39.1491","40.7233","16.0251","82.6573","15.9235","27.6752","25.3657","17.3471","29.3094","76.5459","19.1883","100.1312","38.1046","39.2872","15.8976","42.5119","12.3500","66.9405","56.5638","23.8267","16.1751","33.5284","27.2582","30.4800","38.8198","54.6299","46.8807","45.4750","94.9403","25.8288","226.3372","26.6667","31.5025","100.7453","60.9211","137.7573","52.4845"
"C:\Users\cfg364\Sommerlab Dropbox\Casper van der Luijt\Casper\Data\BioLog\OmniLog\CL2\DATA_2024\07\_NRRL 3488_Aspergillus oryzae__1_30_CL2_769_7#24#2024_A_ 9A_7.OKA","7/24/2024 10:32:48 PM"," 9-A","PM01","","NRRL 3488","Aspergillus oryzae","",49.7500,"30.7192","171.9568","120.1791","70.4927","27.1002","64.5973","23.0289","109.0915","36.4128","48.8334","106.7102","59.1021","24.0642","111.8132","35.6479","12.6230","22.7958","42.3879","13.6897","172.6282","32.1855","18.9062","63.9285","46.8702","34.2740","16.8322","35.9788","226.4068","44.7297","63.4493","49.2111","47.1582","83.4656","101.2274","47.0272","33.9118","48.5731","17.9141","12.5845","17.0603","51.7003","30.1326","11.0000","17.7661","32.6869","31.7924","119.7690","38.4504","81.4679","19.2389","13.5270","22.8266","59.9760","14.7378","15.0893","87.9078","112.3102","110.0263","26.7384","41.0415","41.2030","21.9358","87.6908","18.0996","28.0794","27.4526","17.0178","29.4041","80.6434","21.7409","99.8568","35.4451","41.6953","14.9462","39.9013","12.0661","65.8347","55.3090","20.9186","17.8610","34.0605","24.9107","35.4776","40.0507","54.4229","48.3014","44.2071","95.6306","26.6925","224.5266","23.9601","29.2014","95.3639","62.6672","137.3611","53.5896"
"C:\Users\cfg364\Sommerlab Dropbox\Casper van der Luijt\Casper\Data\BioLog\OmniLog\CL2\DATA_2024\07\_NRRL 3488_Aspergillus oryzae__1_30_CL2_769_7#24#2024_A_ 9A_7.OKA","7/24/2024 10:32:48 PM"," 9-A","PM01","","NRRL 3488","Aspergillus oryzae","",50.0000,"30.5954","171.9254","118.0683","72.0808","29.7783","68.5354","24.0735","111.9691","39.2650","48.2232","109.8027","61.8862","24.2784","110.9744","33.5300","12.9904","23.7522","39.8617","13.0568","169.6608","30.7689","21.3511","65.4362","43.8707","32.0588","16.0837","33.1498","226.1620","47.8858","64.7064","48.3894","48.8560","85.7868","99.4849","45.0292","32.5476","49.6942","15.9342","13.4681","15.4753","53.6399","34.2147","11.0000","19.4102","30.1225","29.8199","125.8727","38.4815","79.4916","18.4467","14.7597","24.0599","60.4135","13.5949","16.5158","84.1145","113.5667","112.7904","23.2304","37.8625","42.2969","18.0413","85.1980","21.0211","30.0322","25.1200","18.2277","26.7840","80.2676","22.7429","98.0292","38.2178","39.5846","15.2991","41.6997","11.1254","71.8419","59.4521","16.8044","15.5315","33.2266","24.5895","32.9588","43.8638","55.7241","48.3637","47.9357","98.2474","29.0185","227.7667","23.0228","27.2939","99.2985","63.5142","141.1247","50.6138"
"C:\Users\cfg364\Sommerlab Dropbox\Casper van der Luijt\Casper\Data\BioLog\OmniLog\CL2\DATA_2024\07\_NRRL 3488_Aspergillus oryzae__1_30_CL2_769_7#24#2024_A_ 9A_7.OKA","7/24/2024 10:32:48 PM"," 9-A","PM01","","NRRL 3488","Aspergillus oryzae","",50.2500,"26.9798","170.8291","121.9227","72.6526","28.8415","62.1520","22.8717","112.1677","34.1409","48.9349","110.2572","59.5049","23.4721","108.5877","37.4461","14.4565","20.8726","37.9031","11.8250","174.2948","29.6608","21.7471","69.9185","46.5629","34.9134","15.4929","30.4999","225.0727","44.4555","67.0384","43.1772","49.4213","87.2567","102.6629","47.1770","33.7540","49.5895","12.7751","13.3825","11.0000","55.8340","34.3256","14.2545","19.3631","32.1209","34.3072","125.7787","41.6376","84.2609","13.3234","17.2162","22.0467","64.3439","11.0620","18.5129","88.7844","111.2338","112.3773","29.8791","36.2453","38.2958","16.9758","87.0885","21.4709","32.0178","25.3978","20.4865","32.1544","79.0201","21.7507","99.7760","38.8777","39.5124","14.8823","45.4654","11.0000","69.7323","60.6185","20.8933","16.9527","33.3448","29.0387","36.4535","38.9524","55.5642","49.4494","48.3853","95.2223","28.0519","226.0895","25.7901","27.4121","100.6759","62.0886","141.7642","52.5423"
"C:\Users\cfg364\Sommerlab Dropbox\Casper van der Luijt\Casper\Data\BioLog\OmniLog\CL2\DATA_2024\07\_NRRL 3488_Aspergillus oryzae__1_30_CL2_769_7#24#2024_A_ 9A_7.OKA","7/24/2024 10:32:48 PM"," 9-A","PM01","","NRRL 3488","Aspergillus oryzae","",50.5000,"27.1778","172.7069","119.7958","70.8084","25.6661","68.5842","17.5845","115.5433","35.6778","49.6276","108.2370","60.0277","27.2312","109.9443","37.8199","11.0000","20.0473","36.4298","15.7604","170.7668","29.3669","19.3015","68.8948","46.5738","34.2375","15.3047","32.0267","226.6351","47.4194","67.4370","46.2655","46.5793","85.1790","100.1593","47.4694","28.3150","47.5094","12.1059","13.2240","16.0677","54.1966","31.5939","11.0000","16.9993","29.3160","29.3894","122.1469","38.5703","85.2614","11.0958","14.0181","20.4564","60.9945","13.2357","11.8281","93.1757","112.1062","113.7413","24.7128","38.7139","37.6199","13.2645","83.2753","15.0389","28.7717","25.9008","15.9825","28.8441","80.0530","22.6038","100.3574","34.2714","41.7475","15.1368","42.2259","11.0000","67.4836","60.9351","17.6824","17.6779","29.3483","22.5430","34.8575","41.4010","54.0119","45.0239","51.5594","96.8714","24.8842","227.6005","24.7658","32.5259","100.0262","61.7723","141.8704","50.1839"
"C:\Users\cfg364\Sommerlab Dropbox\Casper van der Luijt\Casper\Data\BioLog\OmniLog\CL2\DATA_2024\07\_NRRL 3488_Aspergillus oryzae__1_30_CL2_769_7#24#2024_A_ 9A_7.OKA","7/24/2024 10:32:48 PM"," 9-A","PM01","","NRRL 3488","Aspergillus oryzae","",50.7500,"27.5504","170.9570","118.7836","69.4848","27.3766","67.9426","21.2743","115.5747","36.4510","49.6919","110.6530","61.2705","28.2380","110.2575","39.5286","11.0000","20.7163","35.0578","15.6974","172.1600","28.4818","20.5738","70.3366","42.9577","34.3283","14.7705","33.3940","228.8679","48.4755","66.9046","45.9472","50.2003","83.9045","102.0760","47.0250","32.9720","50.0651","14.6020","13.9552","13.0830","53.7831","31.2800","13.5552","22.1460","31.3089","26.7299","126.2263","39.5059","84.4632","18.0610","15.8967","22.0061","61.2128","12.5526","11.0000","91.1899","109.7358","115.0902","24.0128","37.8809","35.9064","15.3717","85.3765","16.6482","30.0433","26.8341","16.8393","26.4396","79.6422","23.2013","102.0624","34.5275","44.7201","13.7579","45.1248","11.0000","69.5505","61.5344","22.5192","16.7875","30.5694","25.3081","36.0876","45.7624","53.9210","47.0031","51.1147","97.7675","27.6986","230.0768","22.7670","30.6218","99.4724","63.0556","143.1199","49.9917"
"C:\Users\cfg364\Sommerlab Dropbox\Casper van der Luijt\Casper\Data\BioLog\OmniLog\CL2\DATA_2024\07\_NRRL 3488_Aspergillus oryzae__1_30_CL2_769_7#24#2024_A_ 9A_7.OKA","7/24/2024 10:32:48 PM"," 9-A","PM01","","NRRL 3488","Aspergillus oryzae","",51.0000,"26.3198","174.6658","121.6081","72.8733","29.7653","70.2247","26.4608","114.9776","38.8224","55.4202","104.9333","63.5455","27.9317","112.0684","40.5025","11.4620","23.9907","41.0840","15.5183","177.7733","35.5993","22.3916","69.8801","47.0274","34.1427","17.6576","30.1400","229.1411","44.5425","68.2266","50.0019","50.8173","86.6997","104.2287","49.1418","30.0815","54.0629","16.1473","12.4932","13.3788","58.8571","34.6354","11.0320","22.2882","34.0155","27.6404","126.8711","43.6302","84.0579","18.6868","15.0593","23.6505","60.2270","11.4659","17.6525","95.4333","111.7859","118.3478","26.5287","38.7801","40.3727","16.6337","87.6090","17.7160","30.5821","24.2822","20.3424","27.1671","85.2347","21.4242","102.5003","38.4122","40.6498","16.4664","49.6678","13.6233","68.2091","58.8244","21.0979","15.4061","35.2666","27.4456","37.5726","41.5725","58.0784","49.4694","49.8559","100.1259","30.5328","229.6492","25.8851","28.4759","102.3846","62.9542","145.1914","54.8365"
"C:\Users\cfg364\Sommerlab Dropbox\Casper van der Luijt\Casper\Data\BioLog\OmniLog\CL2\DATA_2024\07\_NRRL 3488_Aspergillus oryzae__1_30_CL2_769_7#24#2024_A_ 9A_7.OKA","7/24/2024 10:32:48 PM"," 9-A","PM01","","NRRL 3488","Aspergillus oryzae","",51.2500,"27.6587","172.6043","123.2872","74.2204","33.8829","72.7593","26.8999","116.1811","34.3785","55.4842","109.3112","65.0600","26.7114","115.1008","41.8726","11.2772","22.5898","39.7884","14.5388","176.6097","31.7202","23.7522","74.3626","46.4731","36.4478","17.6265","31.9933","227.9729","45.9521","67.5058","51.4264","49.4367","88.2583","104.9876","51.3557","35.5066","55.2734","19.5684","14.1996","11.6260","57.0893","34.2612","12.0249","17.8615","35.2417","28.0327","129.0573","42.2939","84.9477","18.2739","15.4899","25.5653","61.4131","11.1864","13.9144","95.4018","112.1965","118.4440","24.9474","38.3956","36.6972","15.3505","95.4948","17.4007","31.3543","26.2108","22.1159","28.7712","85.6109","21.4872","104.1033","38.6669","44.4010","13.5724","46.3067","14.0605","69.2651","62.6592","21.7627","17.0345","33.6403","23.4715","38.1545","42.5775","57.4764","51.6170","46.8694","97.7372","30.6562","230.4499","26.2718","30.0236","106.5089","68.1431","145.1914","56.2754"
"C:\Users\cfg364\Sommerlab Dropbox\Casper van der Luijt\Casper\Data\BioLog\OmniLog\CL2\DATA_2024\07\_NRRL 3488_Aspergillus oryzae__1_30_CL2_769_7#24#2024_A_ 9A_7.OKA","7/24/2024 10:32:48 PM"," 9-A","PM01","","NRRL 3488","Aspergillus oryzae","",51.5000,"29.9007","177.0395","123.8673","72.5671","33.4429","72.8555","28.1543","116.4028","35.2480","56.9563","109.4381","66.4818","25.2470","116.6013","42.7251","11.0000","25.3917","44.5601","17.5404","177.5218","34.8424","23.3725","73.7222","50.1374","37.3274","20.7065","32.3275","230.2785","46.5608","71.4860","50.4451","49.0602","88.5763","104.7346","51.2608","31.7652","58.6627","19.2859","14.5653","13.3475","55.6687","33.9806","11.6085","21.5610","33.0093","28.4904","131.5008","40.3050","86.9422","18.9092","18.4729","25.0945","61.3507","13.7025","15.9735","94.3000","116.1445","119.5659","24.1251","37.0498","38.9331","20.2956","90.8434","15.7611","31.1381","27.1440","21.6092","29.4318","87.3665","21.8966","106.2407","37.9983","46.3516","16.0163","49.8248","16.4651","71.9672","63.1980","24.1685","15.7893","35.4260","25.3454","36.7968","46.3059","55.6703","52.0527","50.7455","99.5365","30.4711","233.2683","25.4663","29.1853","104.6254","69.3180","148.1266","54.3249"
"C:\Users\cfg364\Sommerlab Dropbox\Casper van der Luijt\Casper\Data\BioLog\OmniLog\CL2\DATA_2024\07\_NRRL 3488_Aspergillus oryzae__1_30_CL2_769_7#24#2024_A_ 9A_7.OKA","7/24/2024 10:32:48 PM"," 9-A","PM01","","NRRL 3488","Aspergillus oryzae","",51.7500,"29.8072","175.1343","122.7071","73.4244","31.7455","73.5613","27.5271","115.3576","36.8259","54.7481","109.0257","65.1218","26.2537","117.5704","45.4957","11.4620","24.7867","43.9281","13.7805","181.2956","32.1302","22.2333","73.9784","48.9365","34.6886","19.3687","33.8161","228.6799","47.8103","69.0414","48.6406","50.9742","87.4949","108.5296","53.0952","32.7941","57.9062","17.9991","13.8035","12.7528","53.6484","37.1299","11.3203","22.8890","36.6251","31.6288","135.3267","42.6979","85.2852","15.8281","16.7815","24.9061","61.9126","13.3608","16.8922","94.8667","114.4390","121.1686","27.4459","35.2555","36.2991","21.5788","94.1087","16.3602","30.8601","28.0149","22.8443","34.3700","89.5609","21.5502","106.6179","39.0171","41.9102","15.8876","52.0551","16.1528","71.5013","64.4974","25.3397","14.3525","35.2028","22.4699","38.8333","42.9342","60.1253","53.1110","49.6652","103.1661","29.5762","234.1010","26.0462","32.1517","107.9703","65.2060","147.3021","55.0603"
"C:\Users\cfg364\Sommerlab Dropbox\Casper van der Luijt\Casper\Data\BioLog\OmniLog\CL2\DATA_2024\07\_NRRL 3488_Aspergillus oryzae__1_30_CL2_769_7#24#2024_A_ 9A_7.OKA","7/24/2024 10:32:48 PM"," 9-A","PM01","","NRRL 3488","Aspergillus oryzae","",52.0000,"29.8972","179.0211","127.3469","70.8969","28.4201","73.5361","24.4514","117.6523","39.5118","56.3432","111.7751","67.1028","28.0475","118.8796","42.2844","15.2920","23.6515","43.3641","14.3562","177.6425","27.9414","23.3464","73.2397","47.4277","33.7195","16.2299","36.1014","231.5510","47.9095","72.3086","49.1577","50.3916","87.3139","107.7265","51.0818","33.7047","53.7092","17.3582","16.4086","16.9758","55.3655","34.9454","18.8804","20.2811","36.5277","33.6122","128.1354","40.9033","83.2395","15.6151","16.5339","24.9996","60.3345","11.0000","15.8880","93.8078","116.9651","118.1162","25.6020","40.8357","37.8408","17.3014","92.7758","13.3463","30.5740","24.3387","19.8542","30.3413","89.4586","22.5901","113.2251","37.5565","40.8913","15.4371","53.3302","11.5642","77.5674","64.5188","19.9578","17.1002","33.9443","27.2981","38.9124","39.9980","59.4162","50.8046","51.8984","105.0309","26.9821","230.8565","24.7472","30.6179","104.0809","69.8270","149.3513","54.6749"
"C:\Users\cfg364\Sommerlab Dropbox\Casper van der Luijt\Casper\Data\BioLog\OmniLog\CL2\DATA_2024\07\_NRRL 3488_Aspergillus oryzae__1_30_CL2_769_7#24#2024_A_ 9A_7.OKA","7/24/2024 10:32:48 PM"," 9-A","PM01","","NRRL 3488","Aspergillus oryzae","",52.2500,"29.5858","175.1356","121.8122","74.0673","28.9680","75.6490","24.2595","117.4323","38.4359","57.2973","105.9219","65.8197","25.8709","120.1225","40.4054","11.0000","19.3239","43.0964","14.7208","179.5486","31.2231","27.5568","73.3094","50.5048","39.5923","14.1229","33.9189","233.1890","46.9177","70.5856","47.8983","48.1835","91.3249","102.8335","50.6646","33.8175","55.5469","19.1093","15.8264","15.9978","56.1541","37.5237","14.7599","21.2493","34.4917","34.3584","131.6539","39.9052","85.7639","15.3508","14.9760","23.3591","60.2250","14.0093","13.3241","96.6722","117.0527","117.2661","24.2634","40.0171","35.1272","19.7075","92.2813","19.4529","32.8646","24.4361","20.2647","32.6926","89.2745","20.6713","105.5837","39.3629","43.1368","16.5378","45.2154","13.6296","70.8461","64.6243","18.3668","16.1568","35.2326","25.8653","36.6605","43.6948","57.9839","51.8113","47.7684","104.7527","27.7352","232.0592","23.1744","28.5218","103.0413","68.4085","150.0301","51.7825"
"C:\Users\cfg364\Sommerlab Dropbox\Casper van der Luijt\Casper\Data\BioLog\OmniLog\CL2\DATA_2024\07\_NRRL 3488_Aspergillus oryzae__1_30_CL2_769_7#24#2024_A_ 9A_7.OKA","7/24/2024 10:32:48 PM"," 9-A","PM01","","NRRL 3488","Aspergillus oryzae","",52.5000,"29.0153","175.5424","125.1463","74.9772","30.8175","77.2371","22.2068","118.6536","36.6998","53.3679","108.5607","63.3460","24.8356","121.0999","43.5382","13.5715","23.6304","42.9869","16.5800","179.3225","35.2525","21.2925","75.4114","45.1025","37.1249","12.3184","38.0009","231.3057","44.3396","72.0069","48.3860","50.5356","86.7617","108.3978","52.0412","35.1527","56.2315","16.0393","14.9360","15.7522","53.5286","38.6295","15.3125","22.4031","38.1243","37.3949","132.6583","39.6994","88.3675","16.0218","16.5598","24.0166","63.8626","11.0000","16.2716","95.2397","119.8407","122.8590","24.0524","43.8486","37.2770","21.1675","91.2271","17.1035","33.3167","27.3270","18.3960","29.6072","93.1133","20.6856","110.3311","41.6789","41.1671","15.2564","48.3132","11.0000","75.3611","63.1536","20.5867","16.1205","33.2775","25.7295","40.5633","50.7283","61.2555","56.8018","48.9168","108.5004","26.4602","236.3259","27.5568","32.1387","105.8846","69.9170","150.5636","54.2274"
"C:\Users\cfg364\Sommerlab Dropbox\Casper van der Luijt\Casper\Data\BioLog\OmniLog\CL2\DATA_2024\07\_NRRL 3488_Aspergillus oryzae__1_30_CL2_769_7#24#2024_A_ 9A_7.OKA","7/24/2024 10:32:48 PM"," 9-A","PM01","","NRRL 3488","Aspergillus oryzae","",52.7500,"31.0291","175.4435","126.1485","73.6164","27.1705","79.9042","23.5874","120.7040","39.7089","58.5509","114.1774","66.8065","26.6658","123.5101","42.9046","16.8461","24.9683","41.0607","15.3080","182.5498","34.6024","27.7390","73.7265","47.8137","37.5568","15.1268","34.6820","231.1818","46.2009","72.0544","47.1499","51.9252","91.7645","106.3700","50.5061","35.4578","54.4970","16.1914","13.4068","11.9982","59.5741","36.0587","18.0622","21.6611","36.5088","32.3521","133.5532","40.9843","84.5559","15.8584","15.2389","21.9897","62.6501","15.1256","16.9252","97.0624","121.9421","120.3750","25.2860","38.6826","39.6840","15.7658","95.4829","18.9950","33.9755","25.0372","20.8609","30.3553","94.0341","17.7843","107.8630","43.4099","40.1316","15.5782","49.6679","11.0000","78.8564","62.8610","18.2589","15.9031","29.6136","24.2239","39.3463","45.7866","58.7297","52.4344","50.3813","108.1676","31.3945","234.7583","25.0544","28.0884","108.5965","70.0460","153.9279","56.8174"
"C:\Users\cfg364\Sommerlab Dropbox\Casper van der Luijt\Casper\Data\BioLog\OmniLog\CL2\DATA_2024\07\_NRRL 3488_Aspergillus oryzae__1_30_CL2_769_7#24#2024_A_ 9A_7.OKA","7/24/2024 10:32:48 PM"," 9-A","PM01","","NRRL 3488","Aspergillus oryzae","",53.0000,"31.8940","176.3963","122.5111","74.2087","31.9193","78.9013","22.9812","119.6827","38.8873","59.4004","112.0626","68.5302","24.0647","119.8053","43.2210","14.5089","27.3547","41.5228","16.9828","185.5502","36.2132","24.1460","75.5444","48.2191","34.3241","15.7535","38.5864","231.3829","50.1729","74.5849","51.9654","50.8919","90.1198","106.8302","47.8251","34.4451","59.4936","14.6129","14.9512","13.0569","54.4113","35.5540","17.2416","22.4805","38.2440","31.0114","134.2413","38.7554","87.8716","14.3490","14.7286","27.0443","64.0705","13.7153","16.6079","101.0710","117.8506","123.5691","26.0532","40.1140","40.1159","18.5921","92.4170","13.5004","36.2033","26.7602","19.6566","32.2626","89.0786","19.1374","112.6072","39.7184","44.9891","13.5053","47.8866","14.1303","78.3526","63.7923","22.9727","19.6663","38.4070","24.4486","40.6879","43.0419","58.8208","54.5346","55.1530","107.3073","29.0171","233.7823","26.5311","29.6554","104.1018","71.9880","153.4129","52.8897"
"C:\Users\cfg364\Sommerlab Dropbox\Casper van der Luijt\Casper\Data\BioLog\OmniLog\CL2\DATA_2024\07\_NRRL 3488_Aspergillus oryzae__1_30_CL2_769_7#24#2024_A_ 9A_7.OKA","7/24/2024 10:32:48 PM"," 9-A","PM01","","NRRL 3488","Aspergillus oryzae","",53.2500,"27.9034","177.5859","124.2863","74.6090","30.7387","77.8756","26.0891","117.8946","40.2684","60.0656","105.5539","68.1418","27.4918","124.8699","40.6795","17.5211","24.6911","40.4946","17.2268","182.9538","35.7848","20.1101","77.3793","50.3415","34.1780","13.5079","36.8911","233.0145","48.0161","74.6702","50.5157","51.0621","85.9533","105.1716","51.0739","35.4553","56.0905","12.1365","13.5905","16.9002","54.9001","39.5369","13.9343","24.9122","34.8722","29.7788","136.1102","40.8990","85.4671","19.6813","13.1309","19.5335","58.0626","11.1242","15.8342","99.7830","120.8435","123.8615","28.4787","37.6890","37.3689","16.2659","96.8885","18.2728","30.1592","25.7929","21.8113","30.8442","95.4845","24.5742","110.4580","38.1364","44.0465","14.8797","53.6592","12.4424","76.5483","65.9143","21.2629","15.3185","34.1789","24.1992","36.3273","42.1636","59.7447","51.6679","52.5820","108.1235","29.4325","234.0319","23.4877","28.9518","104.8881","69.4946","154.5265","54.1900"
"C:\Users\cfg364\Sommerlab Dropbox\Casper van der Luijt\Casper\Data\BioLog\OmniLog\CL2\DATA_2024\07\_NRRL 3488_Aspergillus oryzae__1_30_CL2_769_7#24#2024_A_ 9A_7.OKA","7/24/2024 10:32:48 PM"," 9-A","PM01","","NRRL 3488","Aspergillus oryzae","",53.5000,"29.7696","177.9487","124.6549","75.7730","31.2034","79.0678","25.1129","122.5941","41.8863","59.3429","110.3666","66.4739","24.2131","123.7189","43.2090","18.0608","22.3112","42.0914","16.3093","187.9995","33.3020","23.5425","78.1474","53.3307","33.7440","18.5373","34.1461","230.3687","52.2640","77.1340","53.2748","48.1943","90.2540","108.5093","55.4328","35.5192","62.3753","17.2868","17.4969","13.1853","50.1305","40.4391","16.8619","19.3631","35.4725","35.1289","136.7238","43.1777","86.6241","17.5004","17.2346","25.9415","61.8913","14.9685","18.1474","99.3454","122.3329","122.8185","27.4522","41.5393","39.5776","16.9189","97.9745","18.9788","34.1449","26.9371","23.9458","34.6983","95.3876","21.9288","107.6324","39.9498","45.4993","17.3777","51.1784","13.0118","77.2088","66.1473","21.0948","15.7265","31.6847","25.8125","40.7201","44.6352","61.6168","56.2938","48.5358","109.1365","28.0882","238.2527","26.2362","28.3522","105.1249","66.7028","154.9054","57.0350"
"C:\Users\cfg364\Sommerlab Dropbox\Casper van der Luijt\Casper\Data\BioLog\OmniLog\CL2\DATA_2024\07\_NRRL 3488_Aspergillus oryzae__1_30_CL2_769_7#24#2024_A_ 9A_7.OKA","7/24/2024 10:32:48 PM"," 9-A","PM01","","NRRL 3488","Aspergillus oryzae","",53.7500,"26.4919","181.1194","126.5812","73.4448","34.6076","79.4436","20.3617","119.1329","40.6586","59.2823","110.8221","68.0303","26.0662","127.4396","44.6600","11.0000","25.2871","46.4616","18.3770","186.5874","31.8753","22.4839","80.4890","50.9818","36.0926","16.0994","38.0049","234.8552","45.3840","74.8424","52.1065","51.4882","89.9172","109.8998","53.7307","35.2981","60.8263","18.1084","16.9188","12.4362","54.2532","38.5581","16.4471","21.7519","37.2036","37.3987","135.3493","41.5484","92.0910","18.2023","13.8849","22.9168","64.9096","11.8706","15.4027","98.6804","123.0038","123.9824","28.2459","40.0912","44.0775","19.6831","98.1582","20.2028","31.1090","22.0475","24.5662","33.8095","96.4594","21.2315","111.6984","40.6844","44.9976","16.1728","55.1990","14.0411","78.1994","68.3253","21.0910","15.9560","32.2420","23.1475","36.5336","41.3966","64.7301","54.7357","52.8310","111.2715","24.1443","232.0361","26.7240","29.7362","107.3850","73.2960","156.6692","58.0410"
"C:\Users\cfg364\Sommerlab Dropbox\Casper van der Luijt\Casper\Data\BioLog\OmniLog\CL2\DATA_2024\07\_NRRL 3488_Aspergillus oryzae__1_30_CL2_769_7#24#2024_A_ 9A_7.OKA","7/24/2024 10:32:48 PM"," 9-A","PM01","","NRRL 3488","Aspergillus oryzae","",54.0000,"29.4160","179.9570","124.6859","71.7846","33.8481","79.2186","24.3419","121.4114","42.4279","60.8564","110.9796","68.5573","25.6078","126.0352","47.2797","11.0000","25.9902","44.0848","18.9760","184.6913","36.0630","21.8795","80.1049","51.1981","37.0612","13.8782","36.5772","234.2422","46.8287","74.1846","52.9973","51.4251","89.6306","111.2606","55.7219","34.3660","59.3349","18.9539","17.1009","12.9046","53.0773","38.3399","19.6140","24.6842","39.3375","36.6870","139.2191","42.2335","93.5002","14.6012","14.0690","23.1059","64.9717","11.0000","17.8732","100.8297","122.3140","125.1379","28.5297","41.4005","40.0718","18.2411","99.2035","18.6270","33.8806","22.8299","22.6732","31.8877","96.4909","26.0188","111.9811","40.9063","43.4605","19.2701","54.6348","12.6616","76.7499","67.7590","21.5048","16.4995","32.4351","24.2136","39.3097","44.6765","66.4740","59.5223","51.5885","111.7052","25.2084","233.7789","24.1463","30.1900","103.5075","73.1657","159.0049","55.7065"
"C:\Users\cfg364\Sommerlab Dropbox\Casper van der Luijt\Casper\Data\BioLog\OmniLog\CL2\DATA_2024\07\_NRRL 3488_Aspergillus oryzae__1_30_CL2_769_7#24#2024_A_ 9A_7.OKA","7/24/2024 10:32:48 PM"," 9-A","PM01","","NRRL 3488","Aspergillus oryzae","",54.2500,"27.5625","183.4917","125.7862","73.8974","38.7427","83.3199","26.5526","124.0025","42.4364","58.3475","112.0918","65.9440","23.1455","127.4706","46.9357","11.0000","22.4242","43.3138","14.4408","187.2673","34.8421","22.6369","76.6374","47.9444","36.1416","16.4318","37.1576","230.0188","46.8214","82.2491","57.5500","54.4419","92.6526","110.0393","53.9986","36.6537","61.2760","11.1897","14.1744","13.0549","52.9796","37.8566","18.6205","21.4583","36.9162","34.6527","139.0370","42.8478","86.9964","18.9765","15.0975","21.7924","61.3479","12.7984","13.3916","96.6263","120.1131","124.4426","29.2646","41.5120","38.3628","17.1394","101.4590","16.0780","31.8783","30.1078","21.5369","32.2626","93.5624","23.1510","114.2399","41.4228","44.5606","15.5257","53.1423","11.2199","76.0236","69.7840","23.1854","18.6126","34.3323","27.5351","39.4774","45.8414","63.1914","58.7436","52.7602","110.4919","27.0307","234.9874","30.1896","29.3838","106.5648","76.0640","162.0455","55.5115"
"C:\Users\cfg364\Sommerlab Dropbox\Casper van der Luijt\Casper\Data\BioLog\OmniLog\CL2\DATA_2024\07\_NRRL 3488_Aspergillus oryzae__1_30_CL2_769_7#24#2024_A_ 9A_7.OKA","7/24/2024 10:32:48 PM"," 9-A","PM01","","NRRL 3488","Aspergillus oryzae","",54.5000,"32.1395","184.0762","126.4575","72.6401","34.1922","85.7087","25.8562","125.2453","42.8718","65.6938","115.2512","74.0697","28.5407","129.9725","49.3317","17.8790","26.8989","45.1677","17.5700","191.4466","38.3858","23.7116","80.6674","53.6792","41.9874","16.2078","37.9439","235.2297","49.9815","80.7743","55.6597","55.3954","89.8486","116.1635","59.5705","37.0609","61.5088","16.6373","14.7802","16.1570","56.8800","43.5220","20.0931","24.1261","39.8584","36.0692","138.3324","42.2269","91.5389","18.9787","17.9486","24.4127","63.8632","17.4980","20.0486","102.0557","124.8359","130.4352","31.5493","44.3190","41.0877","20.3904","102.0297","15.6724","37.6163","25.0079","23.3780","34.8948","101.3772","23.8521","115.6091","44.7493","45.0869","19.6891","55.4035","15.3211","81.8590","75.0077","24.1351","19.4376","34.9886","24.0994","48.1787","45.1437","60.9556","60.2767","55.7133","117.1655","27.5892","238.8136","29.2300","34.2246","106.6878","77.2430","161.7766","62.1686"
"C:\Users\cfg364\Sommerlab Dropbox\Casper van der Luijt\Casper\Data\BioLog\OmniLog\CL2\DATA_2024\07\_NRRL 3488_Aspergillus oryzae__1_30_CL2_769_7#24#2024_A_ 9A_7.OKA","7/24/2024 10:32:48 PM"," 9-A","PM01","","NRRL 3488","Aspergillus oryzae","",54.7500,"31.9180","182.0301","129.8284","73.6358","35.1322","84.7703","28.3934","122.8237","41.8447","65.5260","115.8779","72.7648","29.8848","133.3735","46.5032","13.6670","29.2443","44.7473","13.8321","188.1757","37.3691","24.7107","81.6141","51.5822","39.5391","17.4408","37.7557","235.4617","46.2428","78.8352","51.9386","54.9405","93.4731","115.2507","52.0439","38.1329","62.3388","18.9380","17.7383","15.5799","54.3473","38.3921","17.7324","23.9056","38.8627","40.0043","140.1974","41.8558","90.7202","16.2801","17.1416","25.2632","57.3671","16.1590","18.0743","102.2483","122.0605","129.7566","27.8455","40.3886","42.5087","20.5329","99.6520","20.3372","36.9218","25.6552","21.6544","36.2665","103.5613","27.4877","118.5735","40.9073","45.7612","17.0017","53.2945","11.6615","83.0266","69.8028","22.2922","19.8985","35.8109","24.9582","45.5091","46.1135","65.8726","61.9787","55.1997","117.2500","27.0165","240.6146","26.5916","34.0463","104.0400","73.3956","157.4338","58.7133"
"C:\Users\cfg364\Sommerlab Dropbox\Casper van der Luijt\Casper\Data\BioLog\OmniLog\CL2\DATA_2024\07\_NRRL 3488_Aspergillus oryzae__1_30_CL2_769_7#24#2024_A_ 9A_7.OKA","7/24/2024 10:32:48 PM"," 9-A","PM01","","NRRL 3488","Aspergillus oryzae","",55.0000,"33.9587","183.9925","129.5014","75.6852","34.5829","84.3878","26.8134","122.3269","44.3051","65.4913","110.3334","72.6372","27.2331","135.0441","47.2682","14.0837","23.9671","48.0471","20.5025","189.0961","34.4665","23.1528","85.9551","53.2441","35.2944","15.3682","37.9525","236.4538","50.6259","79.0439","55.5587","55.3574","92.9323","113.3013","56.8476","38.3612","63.3500","15.0189","14.7551","11.0000","55.4907","43.1082","18.7336","23.2721","35.8582","40.4462","141.2170","44.1651","90.2545","18.6625","15.3505","22.9277","60.6169","13.6206","17.6674","103.5123","125.7006","131.3633","26.6185","42.3299","39.7546","13.9961","103.7557","17.5735","35.2319","25.3272","23.1619","32.9180","101.5897","20.4073","113.6994","37.0354","43.0338","19.2304","54.7265","15.1946","79.4018","72.6149","22.3999","17.3233","35.6640","28.3089","44.5729","50.2442","59.6720","61.3248","56.7951","117.5688","29.6423","238.4454","23.7374","25.5575","104.4576","74.9880","164.1127","57.8806"
"C:\Users\cfg364\Sommerlab Dropbox\Casper van der Luijt\Casper\Data\BioLog\OmniLog\CL2\DATA_2024\07\_NRRL 3488_Aspergillus oryzae__1_30_CL2_769_7#24#2024_A_ 9A_7.OKA","7/24/2024 10:32:48 PM"," 9-A","PM01","","NRRL 3488","Aspergillus oryzae","",55.2500,"34.6145","183.4261","129.3533","77.1963","35.5436","85.5366","27.0138","126.5146","48.4220","67.6112","112.9936","74.3546","28.0930","134.5661","48.4318","17.1546","25.1250","47.6379","20.4933","192.2796","41.2359","23.8692","84.0228","52.9306","42.0533","19.6396","37.9702","237.5459","52.8158","81.6762","51.5306","59.1884","93.6874","115.8718","61.8152","39.6973","63.6779","20.4842","16.5957","13.8950","53.2444","41.7930","19.9230","24.1496","35.8692","42.2971","142.3525","41.6627","88.0558","18.6155","17.5286","26.9202","65.5080","17.1055","19.2432","107.7053","126.2601","134.3459","27.7475","46.3317","40.1311","20.7766","102.1221","19.0213","35.6850","30.4569","24.1675","33.1384","99.0052","23.7142","117.4624","42.6665","45.5913","18.5739","56.7016","16.0118","85.3544","73.2929","24.2232","14.1057","34.9020","29.6516","42.3564","48.9603","65.8182","61.7013","57.1866","119.6812","27.7472","237.1833","27.2093","35.9468","106.3836","81.1731","165.3157","57.9656"
"C:\Users\cfg364\Sommerlab Dropbox\Casper van der Luijt\Casper\Data\BioLog\OmniLog\CL2\DATA_2024\07\_NRRL 3488_Aspergillus oryzae__1_30_CL2_769_7#24#2024_A_ 9A_7.OKA","7/24/2024 10:32:48 PM"," 9-A","PM01","","NRRL 3488","Aspergillus oryzae","",55.5000,"31.4614","186.4967","129.0028","75.6366","35.4827","86.6590","26.0602","123.8709","45.4037","69.1106","114.2265","72.1166","27.0799","133.3509","50.3698","13.2968","25.5925","46.9164","12.8815","188.1018","36.7605","23.2117","83.8140","48.8829","36.7052","15.8088","36.2858","235.4740","48.8934","82.3566","56.5042","55.8630","96.4681","115.9426","54.4244","36.4279","61.3576","14.9693","18.2101","13.7126","54.3403","40.2374","16.4900","26.0930","38.2399","38.2734","141.3554","41.1208","86.2723","17.5110","14.7256","23.5473","60.1075","16.3942","17.3608","104.6988","124.8893","132.2918","28.0811","41.5508","41.6839","21.7508","104.1237","18.4152","35.7222","25.1013","23.3547","33.5880","103.1175","19.4792","117.6890","41.2069","43.4621","15.4278","58.1065","12.4731","82.5575","69.1197","22.7589","17.7719","35.4696","25.2514","39.1861","46.4113","58.0769","63.0255","62.6777","118.0242","26.1352","235.5180","27.2743","37.2154","104.2273","73.8475","159.8262","59.0454"
"C:\Users\cfg364\Sommerlab Dropbox\Casper van der Luijt\Casper\Data\BioLog\OmniLog\CL2\DATA_2024\07\_NRRL 3488_Aspergillus oryzae__1_30_CL2_769_7#24#2024_A_ 9A_7.OKA","7/24/2024 10:32:48 PM"," 9-A","PM01","","NRRL 3488","Aspergillus oryzae","",55.7500,"35.1600","184.1830","129.4863","75.3939","36.1643","86.6184","24.6811","125.2170","46.0227","68.4263","111.7647","71.9584","29.4716","134.2984","47.1650","14.1374","28.0612","44.9937","19.1142","194.5827","36.3401","27.8791","86.9477","51.9691","37.1897","17.5817","39.0652","237.4561","49.9159","81.4313","56.4825","56.5131","96.9174","115.4666","60.6408","40.2070","65.2315","21.1579","17.1581","16.1059","56.8868","44.4563","18.3593","21.3286","38.9838","42.2543","144.4810","42.7638","89.0833","20.6114","20.5147","21.8665","64.3358","17.0851","19.0807","107.2055","125.6680","132.5294","26.7220","44.8780","39.2575","19.9921","105.8041","19.0678","36.4482","31.1553","24.3598","33.0204","106.9150","22.7042","118.2618","45.8522","45.9972","19.3190","55.3058","14.1102","83.0250","74.2153","21.8811","19.1859","35.5873","25.0227","46.2367","52.9205","66.8711","63.8939","58.3349","120.6834","29.0461","237.5085","29.9919","33.3803","107.6397","76.2795","167.4407","63.3317"
"C:\Users\cfg364\Sommerlab Dropbox\Casper van der Luijt\Casper\Data\BioLog\OmniLog\CL2\DATA_2024\07\_NRRL 3488_Aspergillus oryzae__1_30_CL2_769_7#24#2024_A_ 9A_7.OKA","7/24/2024 10:32:48 PM"," 9-A","PM01","","NRRL 3488","Aspergillus oryzae","",56.0000,"33.8901","186.1253","130.1912","73.8571","36.0056","87.9688","26.2329","127.4683","46.1513","67.1388","111.5427","74.4440","27.2660","135.6729","49.2726","13.1224","27.3915","47.1124","18.2617","193.3896","36.6877","25.2024","85.5093","54.9570","39.5211","18.7670","40.7890","237.2107","45.3036","85.1283","56.1022","54.8989","96.3163","115.1813","58.2046","41.4432","68.4039","17.5838","17.1581","16.0747","56.1574","45.0149","17.1539","21.9643","37.4993","43.0292","139.5049","44.3504","88.1269","15.9330","16.7702","22.9150","62.3685","14.9229","14.7222","106.2564","129.0415","134.8727","25.7730","45.1004","38.3350","23.5202","107.1299","20.2701","35.7079","32.8944","27.9434","34.0645","105.9090","24.6234","119.0461","44.1744","45.8163","18.6177","53.9143","15.0213","83.3640","77.8745","24.6809","16.6378","36.3597","26.1832","46.6558","55.2386","64.3096","59.8830","63.6894","121.1463","29.3567","240.4577","26.8373","31.8969","102.5380","77.0930","165.4708","61.8648"
"C:\Users\cfg364\Sommerlab Dropbox\Casper van der Luijt\Casper\Data\BioLog\OmniLog\CL2\DATA_2024\07\_NRRL 3488_Aspergillus oryzae__1_30_CL2_769_7#24#2024_A_ 9A_7.OKA","7/24/2024 10:32:48 PM"," 9-A","PM01","","NRRL 3488","Aspergillus oryzae","",56.2500,"33.6509","185.3743","130.5303","77.7224","37.3608","87.6016","27.9608","130.8153","44.7542","71.9707","116.1251","74.6239","29.1417","138.5374","52.4783","12.5401","27.2610","49.9433","18.2959","194.3526","38.5966","24.4407","87.0381","53.5463","38.0112","16.0483","37.0856","238.1182","55.8269","85.7705","53.9861","58.5393","97.0414","119.3888","61.6916","37.9153","66.9547","17.9476","15.9012","18.4496","57.1070","43.5673","22.3346","23.9008","41.4361","38.6008","148.4244","43.1918","87.7690","20.1001","16.7084","25.6116","63.6739","16.9186","21.3212","107.6153","127.8419","133.1803","29.1377","42.4032","41.5698","24.5895","106.1788","21.6966","35.3086","28.0999","24.4810","36.0912","103.6843","23.2445","121.5376","45.2737","44.5279","17.6985","60.6590","16.1163","88.4074","77.7410","24.4217","19.9719","36.3875","27.8804","47.2640","45.1341","65.6024","66.6294","59.9870","122.9418","28.9063","243.0540","25.8766","34.7676","103.3630","78.2322","171.2459","62.3652"
"C:\Users\cfg364\Sommerlab Dropbox\Casper van der Luijt\Casper\Data\BioLog\OmniLog\CL2\DATA_2024\07\_NRRL 3488_Aspergillus oryzae__1_30_CL2_769_7#24#2024_A_ 9A_7.OKA","7/24/2024 10:32:48 PM"," 9-A","PM01","","NRRL 3488","Aspergillus oryzae","",56.5000,"30.7963","185.8844","131.6609","73.4603","36.0131","92.9663","29.8594","125.9754","44.8717","72.7770","109.6794","72.5491","26.1458","139.1628","51.7443","17.4135","23.6104","45.1620","15.4109","192.1947","36.9227","20.0906","88.0498","53.0401","38.6403","21.3757","38.9800","238.4782","49.6015","86.9018","52.1229","56.7683","97.1966","116.9315","60.7879","39.0666","68.4374","17.1011","18.4823","14.4908","55.7118","42.4780","19.9099","25.4528","40.1304","41.1471","142.7710","41.9912","88.0842","18.6788","17.2419","21.2302","63.0364","12.1469","17.7964","108.2503","127.9112","134.6619","26.3645","42.4483","41.3659","17.8076","110.3022","20.7437","38.7100","28.5293","23.9065","35.2093","107.5952","25.6876","120.5079","43.6116","44.7249","18.6591","61.0943","11.6314","85.4361","76.7019","19.8927","17.1483","36.2181","27.6149","40.8917","51.7317","67.8717","67.4190","54.8383","121.3326","29.2103","243.6128","27.2653","29.8007","102.7558","75.6796","166.8806","63.5839"
"C:\Users\cfg364\Sommerlab Dropbox\Casper van der Luijt\Casper\Data\BioLog\OmniLog\CL2\DATA_2024\07\_NRRL 3488_Aspergillus oryzae__1_30_CL2_769_7#24#2024_A_ 9A_7.OKA","7/24/2024 10:32:48 PM"," 9-A","PM01","","NRRL 3488","Aspergillus oryzae","",56.7500,"31.5775","189.5788","132.6026","78.9289","42.2314","90.6433","27.0042","128.0629","44.7071","76.1998","116.1799","79.2281","30.0513","137.4717","52.5860","14.0074","30.2001","47.7167","22.2960","195.4328","41.2537","25.8101","89.8183","57.1283","36.9683","18.9888","42.6223","240.8979","52.5695","87.0652","58.9468","53.4905","95.8288","119.6280","59.5372","39.7578","67.5495","16.1745","16.9417","18.0911","54.2494","48.3790","15.6338","23.9036","41.6343","44.1186","151.1586","44.3902","83.7383","19.1074","21.0151","27.8173","67.0395","17.3676","17.4936","107.6383","129.7189","138.1381","31.5584","40.2053","41.6012","18.3222","108.2747","21.1513","37.7435","29.2792","25.2594","35.5126","107.2831","24.8618","117.0214","42.2318","48.1751","16.2761","66.2835","13.0458","90.8089","76.0037","22.8848","19.3915","35.0366","27.3722","47.0497","50.7278","68.7287","65.9000","62.9342","123.7304","28.9003","242.4718","29.5034","37.0217","106.7719","78.1708","169.4779","61.1024"
"C:\Users\cfg364\Sommerlab Dropbox\Casper van der Luijt\Casper\Data\BioLog\OmniLog\CL2\DATA_2024\07\_NRRL 3488_Aspergillus oryzae__1_30_CL2_769_7#24#2024_A_ 9A_7.OKA","7/24/2024 10:32:48 PM"," 9-A","PM01","","NRRL 3488","Aspergillus oryzae","",57.0000,"33.1186","188.6437","128.8367","75.9366","36.3722","92.5306","27.4680","130.6844","44.5940","73.8272","117.0377","80.9800","26.0494","139.3336","53.0477","15.4296","26.7669","47.4675","20.4494","199.3315","38.2988","22.9999","87.2886","54.2968","35.4670","18.4539","43.3163","239.7109","48.4115","87.6811","56.6785","60.7427","96.4240","122.2289","60.1150","37.7878","66.8274","19.1949","18.7749","14.2808","57.1737","43.3999","16.5108","24.5823","38.2399","40.9970","148.2958","41.4617","87.9530","22.3548","21.1402","24.8286","63.6039","11.0000","18.0997","108.2492","128.4110","131.6742","29.5306","46.2052","38.6640","18.2258","109.2659","19.3761","35.5939","28.5860","23.9183","37.8143","108.1887","24.7461","126.6218","48.7588","43.5295","16.9679","60.5691","13.7847","86.5911","76.7655","25.1029","16.5643","34.8417","25.2066","42.3750","50.6442","65.0865","68.4358","60.9042","122.3650","32.4484","240.1506","27.6337","32.1690","103.4865","78.5609","168.7479","63.7449"
"C:\Users\cfg364\Sommerlab Dropbox\Casper van der Luijt\Casper\Data\BioLog\OmniLog\CL2\DATA_2024\07\_NRRL 3488_Aspergillus oryzae__1_30_CL2_769_7#24#2024_A_ 9A_7.OKA","7/24/2024 10:32:48 PM"," 9-A","PM01","","NRRL 3488","Aspergillus oryzae","",57.2500,"30.0596","187.2332","132.5293","75.3019","37.0887","91.9509","23.1255","129.6266","49.4731","77.6591","115.7607","76.9718","26.6387","140.6324","54.3667","12.4422","28.4010","49.2532","17.9698","196.8570","41.7267","25.2267","85.6695","57.0658","37.1315","13.8845","38.0135","239.7633","48.7707","87.9616","53.8882","57.8778","94.5378","117.5506","60.1738","39.6677","68.9931","15.3769","17.6929","15.9300","51.6096","42.9449","17.5938","25.1372","38.2383","41.1923","145.4230","42.7430","83.6994","20.0194","15.9878","24.2605","64.5977","15.1877","18.4622","106.1516","130.6229","136.7969","26.4034","42.3522","38.8835","15.5162","109.7386","17.0088","33.8043","28.7719","24.2477","33.8921","108.2155","22.2447","121.5132","43.2147","42.9958","17.9693","58.9757","11.1260","85.9090","76.2382","21.7463","17.4341","36.5731","25.1175","42.8128","49.0307","64.6058","66.9227","60.0014","127.2385","24.4777","241.4349","30.6649","31.0652","102.4168","74.7221","166.9317","62.5403"
"C:\Users\cfg364\Sommerlab Dropbox\Casper van der Luijt\Casper\Data\BioLog\OmniLog\CL2\DATA_2024\07\_NRRL 3488_Aspergillus oryzae__1_30_CL2_769_7#24#2024_A_ 9A_7.OKA","7/24/2024 10:32:48 PM"," 9-A","PM01","","NRRL 3488","Aspergillus oryzae","",57.5000,"32.2516","186.0166","131.7390","80.7258","39.4306","92.9618","28.0468","131.4455","45.1093","78.5693","112.9899","75.0774","28.8433","140.0775","52.1615","13.1144","30.3952","48.1954","17.7405","194.6295","41.3864","24.7729","93.2292","57.1722","42.1824","15.5359","42.2096","240.9518","50.8707","92.0748","57.9687","57.1490","97.3785","120.7449","62.0801","38.2097","70.2509","19.2457","14.9703","15.8797","52.9271","45.3406","20.6801","27.4225","44.2367","46.1080","143.8226","45.1055","89.7186","20.3680","16.1042","26.3607","66.1534","13.1788","15.4483","107.1498","130.9833","140.5580","28.1381","45.7315","41.4772","17.9652","108.8145","23.3977","39.5854","29.0013","21.0918","42.1489","109.1229","24.3856","124.9960","42.7938","48.5301","18.9839","62.1685","16.0573","89.2407","77.3475","26.0513","19.4580","39.6924","27.3993","48.2173","49.6128","64.9912","67.7811","64.8083","128.0592","29.5513","243.1536","30.6100","36.4342","104.9477","80.8626","169.5092","64.0324"
"C:\Users\cfg364\Sommerlab Dropbox\Casper van der Luijt\Casper\Data\BioLog\OmniLog\CL2\DATA_2024\07\_NRRL 3488_Aspergillus oryzae__1_30_CL2_769_7#24#2024_A_ 9A_7.OKA","7/24/2024 10:32:48 PM"," 9-A","PM01","","NRRL 3488","Aspergillus oryzae","",57.7500,"29.4229","189.7584","134.0367","76.0357","38.7560","90.7217","31.2426","128.9802","47.7454","79.5774","111.4608","80.2583","25.3917","142.6906","55.9429","12.0121","29.9080","48.7011","18.9814","198.8090","40.1371","26.4494","86.7419","54.9952","36.8045","16.2727","39.4786","239.8083","53.4968","90.6194","56.8585","55.8535","93.6221","118.4435","60.8322","40.3210","69.2033","17.0840","17.2589","15.9625","56.9682","42.7868","20.4388","26.0588","41.5934","41.1395","145.4733","46.1881","87.5954","17.2037","17.6234","26.5176","63.4803","14.0642","17.5649","108.1211","130.0619","136.9342","30.4596","40.6830","43.8991","19.9196","112.8456","18.2998","38.2133","28.7475","29.5537","40.3572","108.3441","22.3258","118.4470","44.3608","47.7852","15.3871","59.4428","15.1615","86.9411","79.4924","26.9169","15.9805","36.6917","24.8159","46.0402","51.4346","66.9703","65.4261","65.6397","129.5448","29.2271","244.8296","26.1164","28.7491","101.7245","77.3878","170.3874","65.0752"
"C:\Users\cfg364\Sommerlab Dropbox\Casper van der Luijt\Casper\Data\BioLog\OmniLog\CL2\DATA_2024\07\_NRRL 3488_Aspergillus oryzae__1_30_CL2_769_7#24#2024_A_ 9A_7.OKA","7/24/2024 10:32:48 PM"," 9-A","PM01","","NRRL 3488","Aspergillus oryzae","",58.0000,"31.9210","186.6261","134.4770","79.5336","41.0566","96.2359","28.9014","130.3022","45.8117","77.8996","113.7175","81.9932","32.4893","145.8435","53.1912","18.0594","31.7069","48.9532","21.3528","197.9748","38.4183","23.3805","89.2090","55.6605","38.4233","20.1909","39.4021","243.6747","54.4586","90.7955","60.0543","58.5261","94.8217","116.5834","61.1246","39.7103","70.5495","18.7159","17.5950","16.3861","62.6402","48.1535","20.5538","28.1787","40.4990","43.1042","148.8674","48.9686","87.4945","22.1993","19.5362","26.4459","62.2753","17.9181","19.6067","112.9356","135.1566","141.1171","36.0852","45.9454","44.4027","24.6314","113.4408","20.5619","36.6444","25.1416","26.9907","39.7327","115.3053","22.0112","120.1670","48.0419","48.1909","15.0082","64.0225","12.7303","91.9334","76.3554","23.4132","19.3315","41.5845","26.9927","49.8178","48.6455","70.3290","69.3566","64.5778","129.9727","27.8530","242.5905","30.5961","28.2635","105.2017","79.5800","172.4544","66.6510"
"C:\Users\cfg364\Sommerlab Dropbox\Casper van der Luijt\Casper\Data\BioLog\OmniLog\CL2\DATA_2024\07\_NRRL 3488_Aspergillus oryzae__1_30_CL2_769_7#24#2024_A_ 9A_7.OKA","7/24/2024 10:32:48 PM"," 9-A","PM01","","NRRL 3488","Aspergillus oryzae","",58.2500,"32.2048","187.3803","133.1324","76.8239","44.1185","94.6985","30.0983","130.2189","48.1955","80.1429","113.8614","80.0660","27.9742","144.9884","55.7240","13.3201","32.0547","47.7276","15.1188","198.6780","40.5121","24.7372","90.1993","58.8179","39.2544","17.3596","35.3300","243.1385","52.2655","94.6369","58.3741","60.1293","96.0634","119.2595","64.8549","40.8969","72.2864","19.8373","16.9205","17.9718","57.9770","49.6731","23.0850","26.6963","44.5850","41.3548","144.2624","41.1894","88.4605","21.5934","17.5210","22.5037","67.4082","13.3522","15.0022","110.9963","128.5647","137.1286","28.9110","45.2076","39.9550","20.6070","114.0331","18.2319","39.1565","27.3414","29.2409","36.5573","110.3511","21.8118","126.3084","43.1188","46.6842","16.0305","61.9684","15.5739","90.2331","76.2508","25.0722","23.9757","39.4359","28.3535","49.9935","51.4286","68.1454","68.6991","66.5235","135.9345","32.5049","242.8065","23.6557","33.4637","104.7476","73.8389","173.0648","66.1021"
"C:\Users\cfg364\Sommerlab Dropbox\Casper van der Luijt\Casper\Data\BioLog\OmniLog\CL2\DATA_2024\07\_NRRL 3488_Aspergillus oryzae__1_30_CL2_769_7#24#2024_A_ 9A_7.OKA","7/24/2024 10:32:48 PM"," 9-A","PM01","","NRRL 3488","Aspergillus oryzae","",58.5000,"31.6444","187.3491","132.1837","76.4248","42.6621","98.6414","28.2960","131.1362","50.0923","77.8072","112.4363","83.6522","26.1632","144.7072","57.0053","15.8844","33.0392","49.0597","15.9743","195.7950","40.1326","20.7174","92.8564","54.1347","39.4365","17.9236","40.3114","242.0049","50.5156","92.0930","57.4839","58.9011","97.9016","118.8130","60.9197","38.3564","73.2269","17.9012","18.6511","16.2366","59.9318","45.6660","22.1043","23.6328","43.0713","43.0466","150.7512","44.1018","89.7551","23.3642","16.9673","21.1690","64.8964","17.1899","16.5269","111.7869","129.0714","136.6135","30.7116","43.5420","39.7410","19.7593","111.9965","16.8363","38.0463","29.5555","25.6116","36.9979","108.1383","24.3650","125.5255","45.3174","44.5941","14.1401","60.3569","15.8246","93.2086","81.1217","22.1113","20.4944","37.7368","28.3856","49.9613","53.5548","65.9127","72.1648","64.2605","134.7600","32.2886","240.7540","30.3064","31.0719","101.8556","75.1194","172.9330","65.3337"
"C:\Users\cfg364\Sommerlab Dropbox\Casper van der Luijt\Casper\Data\BioLog\OmniLog\CL2\DATA_2024\07\_NRRL 3488_Aspergillus oryzae__1_30_CL2_769_7#24#2024_A_ 9A_7.OKA","7/24/2024 10:32:48 PM"," 9-A","PM01","","NRRL 3488","Aspergillus oryzae","",58.7500,"31.0839","194.0668","131.3881","74.3064","39.2742","95.6282","31.0469","128.0047","49.2243","82.7346","114.9382","81.3954","27.6366","145.7073","55.3579","17.1360","30.4033","50.2649","17.0515","198.0760","41.9039","25.6552","91.9920","57.4622","39.8917","16.8897","38.2155","241.0551","52.6473","92.1244","57.7700","59.8459","101.2927","123.2148","61.0784","39.5337","73.2876","17.2454","19.0762","17.8478","59.6480","47.8404","21.8512","26.0962","44.4273","39.2726","147.8458","41.6278","86.4877","18.9371","18.4130","21.7410","60.6479","16.4781","14.7799","113.2416","128.6280","137.8369","30.6484","42.0046","41.3309","19.8535","111.4411","17.5975","37.5529","30.0233","26.0535","37.2497","109.4660","22.6313","124.7112","42.5452","45.7755","13.4031","60.4201","17.5476","89.6810","79.4453","22.0476","20.8109","36.4545","28.1285","50.3155","52.5561","65.3696","70.1041","67.3522","134.5746","30.8055","246.5588","28.8536","31.5567","105.0726","76.5311","176.0306","67.9271"
"C:\Users\cfg364\Sommerlab Dropbox\Casper van der Luijt\Casper\Data\BioLog\OmniLog\CL2\DATA_2024\07\_NRRL 3488_Aspergillus oryzae__1_30_CL2_769_7#24#2024_A_ 9A_7.OKA","7/24/2024 10:32:48 PM"," 9-A","PM01","","NRRL 3488","Aspergillus oryzae","",59.0000,"32.0233","191.1920","132.4680","77.6930","43.1018","96.4986","30.7976","130.8322","49.9543","81.8014","114.9147","82.1166","28.6918","141.8247","56.8793","17.8420","33.8809","57.4966","18.4854","200.2854","41.8391","24.4926","91.4739","55.1314","36.9410","22.1067","40.6575","243.3469","53.6803","95.8057","61.7245","58.8011","98.9931","119.7254","63.9590","39.4658","74.5661","18.6937","17.1269","17.0608","53.4588","47.8159","21.5875","26.4814","45.2240","43.8242","149.8175","44.7321","89.2143","16.8651","18.4288","26.1548","60.5152","16.4467","23.5436","116.2483","128.9905","138.5933","32.2626","45.2561","40.2249","22.0968","115.7710","22.6679","42.1836","26.1964","27.7467","40.7352","114.3962","23.4536","126.4403","45.5782","48.8719","17.9134","65.3320","16.6152","91.4338","82.0811","24.0441","16.7238","42.6721","29.4406","48.4609","53.6037","65.8690","72.5933","71.1298","136.1242","30.9694","247.5385","27.1778","37.9539","98.3279","77.4288","178.3166","69.7790"
"C:\Users\cfg364\Sommerlab Dropbox\Casper van der Luijt\Casper\Data\BioLog\OmniLog\CL2\DATA_2024\07\_NRRL 3488_Aspergillus oryzae__1_30_CL2_769_7#24#2024_A_ 9A_7.OKA","7/24/2024 10:32:48 PM"," 9-A","PM01","","NRRL 3488","Aspergillus oryzae","",59.2500,"32.3164","192.5704","133.7098","72.9779","41.5717","99.4749","28.1540","132.6277","52.6447","81.5877","115.4700","83.1184","27.6805","146.8415","56.3940","12.5938","31.4453","51.6868","15.8935","199.0534","42.0598","26.5784","95.9356","57.5808","36.4872","17.1325","39.8403","242.6478","51.7477","91.2177","58.3669","58.4080","96.7437","125.5894","59.4880","39.8793","74.3256","17.3723","16.9594","13.8986","54.1483","47.0275","22.8170","23.3620","39.3988","44.0887","151.6797","46.3417","86.0237","17.8414","15.0640","24.6679","63.8762","15.2854","21.7162","113.8971","132.3383","142.1919","28.8311","39.5730","42.4225","21.6774","112.4528","17.3566","31.9184","33.1344","22.1272","39.0452","111.4500","24.6884","127.9840","49.4068","44.0559","18.2429","64.0068","15.3469","90.0712","84.0926","19.0785","18.3574","37.7577","28.5503","49.8476","50.7680","69.7450","73.2012","69.0353","133.3948","32.5024","245.7583","32.2452","34.5283","102.2486","77.7829","177.4663","66.0318"
"C:\Users\cfg364\Sommerlab Dropbox\Casper van der Luijt\Casper\Data\BioLog\OmniLog\CL2\DATA_2024\07\_NRRL 3488_Aspergillus oryzae__1_30_CL2_769_7#24#2024_A_ 9A_7.OKA","7/24/2024 10:32:48 PM"," 9-A","PM01","","NRRL 3488","Aspergillus oryzae","",59.5000,"34.2060","190.9295","132.8003","77.1772","43.9384","96.9237","26.7548","127.1105","50.0901","80.9856","116.1400","80.1615","23.7004","146.3322","59.1178","13.5741","31.7877","52.1147","18.1991","198.3666","39.2511","30.3239","96.0385","58.5746","40.0014","14.9802","40.3041","239.6514","54.2377","99.0805","57.6708","57.4398","96.7914","121.6615","64.4647","38.1741","77.5225","19.8424","11.0000","13.3417","51.2962","48.5441","20.8077","27.9070","40.5495","43.9164","148.1792","46.5253","87.9004","19.2127","15.4559","26.9178","62.2436","13.9133","19.6003","116.3863","131.0085","139.4473","28.4718","44.0662","40.0546","18.9463","110.3474","17.9792","38.2369","26.6899","23.7769","37.4719","107.0787","22.4071","123.1139","45.2450","47.0723","11.0966","64.7967","12.7895","89.5467","81.8756","24.8456","18.6617","36.3007","27.9936","46.0292","48.7749","67.9401","70.3925","69.0993","135.6827","32.9501","244.2407","29.9870","32.7130","103.8840","80.7026","177.0238","67.3446"
"C:\Users\cfg364\Sommerlab Dropbox\Casper van der Luijt\Casper\Data\BioLog\OmniLog\CL2\DATA_2024\07\_NRRL 3488_Aspergillus oryzae__1_30_CL2_769_7#24#2024_A_ 9A_7.OKA","7/24/2024 10:32:48 PM"," 9-A","PM01","","NRRL 3488","Aspergillus oryzae","",59.7500,"31.3033","188.6068","134.1174","77.3653","43.1175","96.5334","29.7239","130.5598","51.9153","80.4958","112.3785","84.3517","26.8502","148.9279","59.4304","16.6944","33.9730","47.5485","19.3786","200.0293","38.7755","25.0674","91.8377","56.7802","41.5195","20.3596","39.2609","246.5681","49.9064","95.9311","63.0635","59.0028","100.3104","119.8089","64.8439","41.5214","76.2337","16.2787","16.3597","12.6526","55.5944","49.4607","19.8928","24.9178","46.0347","46.2281","146.5834","44.3989","84.8421","18.5791","15.2796","25.2770","65.8297","19.4629","24.4280","114.0779","133.3914","142.3420","30.9541","44.2297","42.6376","23.8977","117.9872","22.1917","37.9650","29.7142","25.5646","39.5013","113.0742","21.4997","123.7570","45.6078","49.4029","15.0055","65.2097","15.1833","94.3919","81.8070","24.7498","14.8727","39.2480","26.8195","46.6162","51.0685","64.6657","71.3508","67.8394","135.7883","28.4606","248.5028","31.9428","35.3245","103.2281","76.2739","180.3567","66.1218"
"C:\Users\cfg364\Sommerlab Dropbox\Casper van der Luijt\Casper\Data\BioLog\OmniLog\CL2\DATA_2024\07\_NRRL 3488_Aspergillus oryzae__1_30_CL2_769_7#24#2024_A_ 9A_7.OKA","7/24/2024 10:32:48 PM"," 9-A","PM01","","NRRL 3488","Aspergillus oryzae","",60.0000,"32.4587","192.9787","133.3573","73.8949","44.9492","97.6265","32.7133","132.3970","50.4842","83.1849","113.2200","82.9708","28.2202","150.0655","61.1517","15.8942","32.9998","52.2825","16.2528","199.7307","41.6785","22.1565","94.1898","56.2286","44.1416","19.0548","44.0226","244.5732","48.3531","95.3916","59.5741","59.5154","101.5794","122.8655","62.7823","37.4617","77.1158","14.8062","13.8352","18.6042","56.9348","49.1598","20.0432","26.6157","45.0882","47.8128","150.8964","42.9355","86.6239","22.8126","17.8165","26.9505","64.3929","18.2668","19.9945","110.7821","135.6997","138.9943","27.6934","45.5663","45.6709","24.0010","116.4121","17.1760","39.7303","29.5136","26.0948","39.6634","115.5831","23.9852","127.1662","44.9847","43.5213","19.6226","63.8256","14.9899","86.9150","81.5431","22.2329","17.0372","38.4885","27.3796","48.6004","51.6643","69.6571","70.3409","70.1047","140.7492","28.4688","247.5181","28.2572","29.4684","100.6469","77.1532","179.2553","67.6880"
"C:\Users\cfg364\Sommerlab Dropbox\Casper van der Luijt\Casper\Data\BioLog\OmniLog\CL2\DATA_2024\07\_NRRL 3488_Aspergillus oryzae__1_30_CL2_769_7#24#2024_A_ 9A_7.OKA","7/24/2024 10:32:48 PM"," 9-A","PM01","","NRRL 3488","Aspergillus oryzae","",60.2500,"30.8401","193.2682","136.9486","74.8191","43.8556","100.4449","30.9614","133.2202","50.1705","80.8498","117.3683","80.5364","29.6004","152.5837","60.7448","16.5659","33.1124","51.0583","17.3612","204.5486","42.2193","24.9137","94.0541","55.8649","38.9657","16.8155","41.8970","246.1703","48.1799","96.7955","58.1869","60.4604","100.4100","120.6415","63.5377","40.8685","75.0370","17.8279","17.8214","15.0182","58.6397","49.1047","19.8654","25.8443","46.5713","47.6893","154.1582","43.4547","86.1629","19.4262","19.1119","25.5802","60.7384","18.2450","20.7730","115.5752","134.0039","142.3240","25.5031","43.7829","38.7374","20.8399","118.0135","18.7630","39.0742","30.7943","25.1043","38.6803","113.4660","27.6900","125.6705","44.0880","46.2504","20.6352","65.6054","12.1950","88.1234","83.2326","23.4466","17.9254","41.2999","27.5180","51.0355","55.8301","70.5609","74.4389","70.0375","136.0932","32.1613","245.2525","28.7271","37.8817","101.6749","79.5368","182.4225","70.0518"
"C:\Users\cfg364\Sommerlab Dropbox\Casper van der Luijt\Casper\Data\BioLog\OmniLog\CL2\DATA_2024\07\_NRRL 3488_Aspergillus oryzae__1_30_CL2_769_7#24#2024_A_ 9A_7.OKA","7/24/2024 10:32:48 PM"," 9-A","PM01","","NRRL 3488","Aspergillus oryzae","",60.5000,"35.5346","194.0875","131.7709","77.6487","42.5520","100.4670","30.6222","130.5748","51.1428","84.9047","112.7915","81.7972","28.6459","149.4572","57.2183","15.9777","32.3345","51.7721","16.9485","200.3640","41.3751","22.6873","95.6911","60.6382","39.3699","18.3416","41.6592","243.6647","56.4586","101.3698","62.3740","61.7627","94.9067","119.2715","62.2542","40.1639","79.5795","17.9369","15.5977","14.3159","54.9063","49.5739","22.7729","25.1403","46.1826","44.4157","153.8996","48.2362","90.0541","22.0826","18.3751","23.4665","59.9044","13.8821","22.5546","118.6202","136.8038","142.1204","25.2780","45.1611","40.3252","20.8830","116.6016","18.7152","39.9647","30.3210","26.4368","42.2704","117.6803","21.6258","126.1383","47.1534","47.3062","17.6811","63.1092","13.6054","91.2657","85.3302","25.2884","16.9236","43.7120","27.6541","48.4277","51.8517","69.4735","76.7954","70.1659","139.3628","31.7582","245.3064","26.7419","32.5264","101.3137","78.6697","178.9398","70.9133"
"C:\Users\cfg364\Sommerlab Dropbox\Casper van der Luijt\Casper\Data\BioLog\OmniLog\CL2\DATA_2024\07\_NRRL 3488_Aspergillus oryzae__1_30_CL2_769_7#24#2024_A_ 9A_7.OKA","7/24/2024 10:32:48 PM"," 9-A","PM01","","NRRL 3488","Aspergillus oryzae","",60.7500,"34.6454","193.1294","133.7648","74.4892","45.1410","104.0608","28.3567","133.0610","50.2701","81.5548","117.7601","83.6933","28.6357","151.5249","57.2826","14.3716","33.3130","52.6468","19.5655","201.6909","39.9923","20.6331","101.1564","56.2187","39.3960","15.9764","41.7504","244.7960","51.1765","97.8229","55.2489","63.0421","98.0590","120.9298","63.4064","39.2052","77.2243","17.0913","14.5531","13.8918","52.2204","48.8152","18.7273","26.7571","43.7385","46.8359","152.3663","45.1476","88.4154","18.8568","14.7996","24.2409","61.3528","11.0000","17.1935","114.9846","136.2370","144.7921","29.0243","40.2170","43.3579","18.1601","119.2771","18.9942","43.5011","28.1686","25.0569","37.9237","113.3230","19.7322","126.4991","43.5679","46.8376","15.1041","68.6362","15.3915","91.9582","82.3677","23.7901","15.6036","38.6407","24.0277","47.4424","53.8053","67.7756","72.6096","74.1873","144.0298","29.4513","245.1333","26.3939","32.8147","104.4413","78.3796","178.8837","71.3662"
"C:\Users\cfg364\Sommerlab Dropbox\Casper van der Luijt\Casper\Data\BioLog\OmniLog\CL2\DATA_2024\07\_NRRL 3488_Aspergillus oryzae__1_30_CL2_769_7#24#2024_A_ 9A_7.OKA","7/24/2024 10:32:48 PM"," 9-A","PM01","","NRRL 3488","Aspergillus oryzae","",61.0000,"29.9552","190.5938","132.9021","76.6763","45.4851","102.1539","31.1206","134.6564","49.6073","83.9808","114.1777","87.0160","27.5446","149.6888","58.9873","11.0000","32.8219","51.8000","20.0446","203.1259","40.8329","24.9676","97.4521","54.8023","38.8823","16.8709","39.9221","243.3772","50.3743","99.6122","62.2751","63.1457","97.4805","121.5727","69.6446","41.9822","75.6561","14.3462","14.9885","12.0592","58.0245","51.8481","19.0786","28.0832","46.5452","46.8632","151.2762","46.6131","90.8856","17.1419","17.6919","26.9687","60.3120","19.7842","15.6766","117.1393","133.2156","146.8793","26.2024","42.9126","43.3522","20.8246","119.9594","16.8725","38.1695","30.7993","28.3832","40.6650","116.7019","22.5322","129.8277","45.0507","47.7667","11.0000","64.9848","12.2865","89.6454","85.8869","19.1553","17.0860","40.2739","28.2263","51.4486","53.5840","67.9544","73.4476","68.4947","142.9724","33.9680","247.1501","32.5726","34.6684","100.8818","75.9573","177.7085","73.1041"
"C:\Users\cfg364\Sommerlab Dropbox\Casper van der Luijt\Casper\Data\BioLog\OmniLog\CL2\DATA_2024\07\_NRRL 3488_Aspergillus oryzae__1_30_CL2_769_7#24#2024_A_ 9A_7.OKA","7/24/2024 10:32:48 PM"," 9-A","PM01","","NRRL 3488","Aspergillus oryzae","",61.2500,"34.5323","195.2906","134.5731","76.1867","44.1107","100.9174","29.9458","132.7656","50.9921","85.6617","114.2481","87.1318","29.3098","152.6045","60.7227","14.0979","32.6709","52.0636","16.6312","202.0759","41.3368","24.1679","100.6052","58.2872","40.8150","13.7884","42.0673","246.2318","57.1174","103.3737","60.2938","64.7588","97.2934","123.6166","68.3591","37.7104","79.4997","17.6108","12.8940","13.9505","53.4236","45.7348","20.1555","25.6400","44.2790","48.4098","152.9900","45.5528","88.2643","18.1168","17.8558","28.2739","62.4289","13.9645","17.4082","112.6766","134.7098","143.1167","30.0063","40.7551","39.4768","21.8406","120.6625","18.3123","37.6223","29.5027","28.6174","42.0040","116.2922","25.1614","127.6105","43.4841","45.7124","18.2870","71.5983","13.2615","94.2267","85.3955","22.9382","17.4466","34.0393","26.6252","46.8986","57.3409","70.7619","73.8554","71.9105","146.8833","31.0260","246.6850","29.7296","28.4831","104.4163","73.9654","179.2360","74.9589"
"C:\Users\cfg364\Sommerlab Dropbox\Casper van der Luijt\Casper\Data\BioLog\OmniLog\CL2\DATA_2024\07\_NRRL 3488_Aspergillus oryzae__1_30_CL2_769_7#24#2024_A_ 9A_7.OKA","7/24/2024 10:32:48 PM"," 9-A","PM01","","NRRL 3488","Aspergillus oryzae","",61.5000,"32.9165","194.0726","137.3588","79.3188","43.3491","107.1793","30.0497","131.6149","47.4672","88.1043","119.6551","84.1012","28.6561","151.6567","57.8239","17.2231","33.5928","53.0403","16.1331","200.9293","43.8961","25.6128","98.8736","58.0007","43.7831","17.3433","42.5407","243.4276","47.7687","99.3464","62.8254","59.6185","100.8655","125.6532","65.2943","37.9807","74.6589","14.9865","15.3113","16.4879","56.0608","49.0987","25.3444","24.1962","46.5976","46.1242","155.4839","47.3219","92.5001","18.4696","17.6948","27.6945","63.0871","12.4864","22.8879","113.0824","133.9620","141.7397","27.7190","46.0631","41.6245","23.1616","122.2109","22.5019","38.0883","27.5325","28.1305","33.7667","115.5319","21.2227","129.1671","41.1685","48.6999","18.6476","69.5817","13.4128","91.5403","87.0032","23.7350","19.9103","37.7833","27.7007","56.4362","51.8604","69.3102","80.6599","73.2549","144.3951","28.5229","248.6485","29.6717","34.4819","101.1308","78.3426","179.8144","73.2084"
"C:\Users\cfg364\Sommerlab Dropbox\Casper van der Luijt\Casper\Data\BioLog\OmniLog\CL2\DATA_2024\07\_NRRL 3488_Aspergillus oryzae__1_30_CL2_769_7#24#2024_A_ 9A_7.OKA","7/24/2024 10:32:48 PM"," 9-A","PM01","","NRRL 3488","Aspergillus oryzae","",61.7500,"31.1660","198.9140","136.3143","76.4693","48.8606","108.8424","32.5984","133.7932","56.2969","86.8352","115.6941","84.0912","27.9766","155.4060","60.8316","12.3145","32.2452","56.1900","17.6792","202.8337","44.8194","21.0774","96.3325","58.0854","40.0810","17.7704","42.8245","245.1606","55.3509","103.8719","61.6992","62.7389","100.6388","123.0278","69.1337","37.4052","77.5425","16.0037","18.2543","17.0701","58.4968","53.8376","24.1640","26.9877","46.1177","49.4450","154.4004","47.4161","88.2055","20.9221","14.9711","29.1305","63.9146","14.6020","24.4410","118.6137","134.8024","147.2503","28.9127","42.1186","39.6759","20.3759","121.8132","22.4993","40.5177","28.0112","25.4728","41.2310","114.3792","20.4444","131.8727","47.3129","46.6130","20.5373","68.4010","16.3881","89.7757","86.7821","23.0802","18.1014","37.8772","26.1278","50.9294","56.5979","68.5342","76.9569","71.4043","147.5161","30.0544","246.6477","29.4740","29.6557","104.3022","75.5412","184.1190","72.4858"
"C:\Users\cfg364\Sommerlab Dropbox\Casper van der Luijt\Casper\Data\BioLog\OmniLog\CL2\DATA_2024\07\_NRRL 3488_Aspergillus oryzae__1_30_CL2_769_7#24#2024_A_ 9A_7.OKA","7/24/2024 10:32:48 PM"," 9-A","PM01","","NRRL 3488","Aspergillus oryzae","",62.0000,"32.1523","195.6537","137.5840","78.3524","43.7192","101.5527","32.4950","134.9504","53.0954","88.8241","115.6715","85.6857","31.0183","153.7905","65.6801","15.8226","35.6256","54.8522","17.7314","203.6713","43.4182","25.0812","101.9984","58.3836","36.0821","17.3116","42.3507","246.5921","49.2170","102.8070","65.0090","59.4685","99.9799","124.4963","69.3060","37.1778","78.3932","15.2243","16.2699","14.0506","53.9270","52.1431","20.8771","26.0518","43.1562","48.3502","156.4387","45.5201","89.9978","21.1017","18.8812","25.2804","65.7552","13.1154","20.7168","120.8748","137.3479","145.4961","29.1449","45.2256","43.1603","22.3157","120.3096","21.6289","39.7112","29.0135","27.0192","37.9926","117.5888","22.6308","130.5126","43.0365","49.5214","16.3753","71.7411","14.0276","93.2441","86.2058","20.7870","16.3141","36.8326","24.2356","51.6901","52.0576","70.2496","78.6698","75.3872","144.3600","29.6338","248.4726","27.8505","34.3520","100.7434","78.6493","183.1980","69.7393"
"C:\Users\cfg364\Sommerlab Dropbox\Casper van der Luijt\Casper\Data\BioLog\OmniLog\CL2\DATA_2024\07\_NRRL 3488_Aspergillus oryzae__1_30_CL2_769_7#24#2024_A_ 9A_7.OKA","7/24/2024 10:32:48 PM"," 9-A","PM01","","NRRL 3488","Aspergillus oryzae","",62.2500,"33.0334","198.0888","135.3003","78.6748","48.9628","100.5821","31.3119","132.9697","49.1302","87.2073","116.6150","84.9862","27.5600","154.9838","61.9368","18.4898","35.6780","52.0334","19.1834","207.1757","46.0228","27.4262","102.0600","57.7370","45.0891","17.5317","42.2215","243.6105","56.5641","104.5967","62.0979","60.8607","99.1722","125.8270","64.7694","38.6587","77.9504","17.0315","15.0241","16.7819","58.6976","52.6263","22.6073","28.1452","44.6265","49.1140","156.3278","44.0052","89.9003","20.3930","18.9945","28.4783","68.3513","11.4370","20.6612","118.5427","138.2190","146.5801","25.6694","41.5765","42.2442","20.8137","120.1446","18.7319","38.4074","27.8606","27.9075","41.5500","116.0067","20.0766","129.4411","47.8766","49.1317","19.2778","72.1621","15.4108","93.2324","86.0241","22.6961","20.3539","40.4580","28.5098","51.4240","54.8448","69.5605","76.1025","74.9122","149.3371","30.4394","249.0128","26.8957","33.4446","105.3174","77.7834","184.4271","75.1179"
"C:\Users\cfg364\Sommerlab Dropbox\Casper van der Luijt\Casper\Data\BioLog\OmniLog\CL2\DATA_2024\07\_NRRL 3488_Aspergillus oryzae__1_30_CL2_769_7#24#2024_A_ 9A_7.OKA","7/24/2024 10:32:48 PM"," 9-A","PM01","","NRRL 3488","Aspergillus oryzae","",62.5000,"31.9483","195.2355","135.0934","74.7821","47.1991","105.2657","30.8236","131.9365","55.1234","89.8888","114.5305","86.1403","29.3915","156.1501","64.8616","14.3431","30.4954","53.4523","20.6505","205.6423","45.0735","25.7705","100.8617","61.2920","41.9394","20.5233","42.8251","243.7103","52.4688","104.2896","63.6045","63.8013","97.4816","126.0706","66.6849","38.4324","81.3139","16.8366","15.3361","13.5212","62.1271","53.7667","21.0161","30.0097","46.4510","45.6886","150.8333","47.1504","90.3280","18.9973","18.7658","26.8754","61.2455","12.2988","15.2852","117.7006","132.7720","146.1632","26.5082","45.9740","39.9870","20.7600","124.5445","24.9664","41.4645","28.4469","23.6562","40.3824","114.8449","21.9732","129.6324","43.5574","47.2036","18.2472","64.9854","11.0000","92.8790","88.5257","25.0368","18.4046","39.9309","26.6691","52.7218","54.9454","71.7488","76.0497","72.3106","145.6085","29.9124","250.4565","29.6455","33.9616","103.5285","76.2480","180.4003","76.0154"
"C:\Users\cfg364\Sommerlab Dropbox\Casper van der Luijt\Casper\Data\BioLog\OmniLog\CL2\DATA_2024\07\_NRRL 3488_Aspergillus oryzae__1_30_CL2_769_7#24#2024_A_ 9A_7.OKA","7/24/2024 10:32:48 PM"," 9-A","PM01","","NRRL 3488","Aspergillus oryzae","",62.7500,"31.8452","196.2644","133.9502","73.6026","51.0604","104.0641","30.8923","133.1403","54.6697","90.9060","119.2571","89.5719","26.9897","154.3118","64.2010","17.0117","34.5559","49.9599","20.1207","205.0013","45.2605","24.2096","100.4433","55.6895","37.2248","18.0119","39.7101","246.7545","52.8947","104.6377","62.4177","61.8674","102.6487","126.4364","69.1879","42.9309","77.3563","16.1921","12.4398","16.2809","56.0825","53.3323","24.3696","27.1333","48.7778","47.9453","159.4920","48.6954","92.5039","19.8528","17.8380","26.5165","59.7263","17.9136","20.8690","121.0638","137.0112","147.3763","29.7677","45.1110","38.5994","20.9413","126.6456","19.3930","40.7724","28.7914","28.2782","40.7365","116.2847","21.9347","131.8790","47.6761","50.1158","17.1241","66.9102","12.7905","92.0855","86.0112","23.2816","14.3715","38.1392","25.8181","47.9579","54.3152","73.6818","80.3500","77.8973","146.0244","25.9551","252.0357","25.0955","33.7233","104.6540","78.4216","180.3876","74.3026"
"C:\Users\cfg364\Sommerlab Dropbox\Casper van der Luijt\Casper\Data\BioLog\OmniLog\CL2\DATA_2024\07\_NRRL 3488_Aspergillus oryzae__1_30_CL2_769_7#24#2024_A_ 9A_7.OKA","7/24/2024 10:32:48 PM"," 9-A","PM01","","NRRL 3488","Aspergillus oryzae","",63.0000,"33.4681","196.3306","135.4089","74.8601","44.4485","103.1902","34.1532","130.9566","50.9852","87.0290","119.6083","88.6329","27.5052","157.0432","65.1541","14.7763","39.0840","51.3640","20.2034","205.0903","44.7171","19.3383","104.8566","60.9637","37.5170","17.9990","39.4874","248.0122","53.9961","108.0625","61.9328","63.5812","101.6945","125.1416","65.8662","38.5124","81.0533","17.4133","13.7744","15.0710","55.9102","52.2609","18.1779","26.3059","48.0689","52.3283","155.2569","46.1739","88.5386","20.0851","17.6497","24.7087","61.9488","13.8808","22.4109","118.9949","136.1129","146.9550","27.6990","43.1254","39.9093","20.1391","123.2577","25.1960","37.7366","32.2190","30.0683","41.2695","114.5590","22.4014","133.8069","46.5173","47.1413","12.8945","65.2082","13.0089","90.9238","89.8370","21.1442","14.8167","39.5426","22.5900","51.9125","52.7061","72.9440","75.9602","78.7762","146.9115","32.1675","250.0765","32.9138","32.3179","102.0831","78.7635","183.8709","72.9231"
"C:\Users\cfg364\Sommerlab Dropbox\Casper van der Luijt\Casper\Data\BioLog\OmniLog\CL2\DATA_2024\07\_NRRL 3488_Aspergillus oryzae__1_30_CL2_769_7#24#2024_A_ 9A_7.OKA","7/24/2024 10:32:48 PM"," 9-A","PM01","","NRRL 3488","Aspergillus oryzae","",63.2500,"33.3260","196.6520","137.7555","75.1185","42.6683","107.1780","34.5864","132.5007","57.7276","88.8589","118.1054","88.7435","30.0175","161.4651","61.3422","16.6328","36.7508","52.1372","20.1561","203.2664","47.8757","21.3007","103.4760","59.4212","40.5232","15.8537","41.3442","248.7103","54.2431","108.7619","68.2340","62.5600","100.1897","128.5377","69.3812","38.4104","75.5084","17.5409","15.5558","13.9644","53.1604","55.6175","25.4319","31.1468","47.4510","49.6305","156.2931","49.3131","90.4485","21.3117","14.5376","27.9106","66.7164","15.8373","23.8147","122.8206","140.9083","145.7936","31.4285","42.6251","42.9132","25.7361","125.5682","18.1210","41.8895","34.3111","27.9418","43.0951","120.8895","22.0443","130.4535","47.9249","51.2403","16.0041","67.3727","12.4766","92.8722","91.0022","24.4073","15.0678","37.4503","27.8610","49.9187","55.6978","73.1198","79.5837","75.8031","148.5481","31.4070","249.3576","32.5671","34.7488","98.8414","80.9000","180.2883","71.5578"
"C:\Users\cfg364\Sommerlab Dropbox\Casper van der Luijt\Casper\Data\BioLog\OmniLog\CL2\DATA_2024\07\_NRRL 3488_Aspergillus oryzae__1_30_CL2_769_7#24#2024_A_ 9A_7.OKA","7/24/2024 10:32:48 PM"," 9-A","PM01","","NRRL 3488","Aspergillus oryzae","",63.5000,"35.2363","194.4977","135.9080","73.8664","49.0545","109.2348","33.8868","132.8710","55.0731","86.3254","120.7804","89.1577","27.2859","157.0508","62.0954","11.0615","38.0266","53.3984","15.9907","205.1611","43.9984","25.2130","105.7389","63.0938","40.3240","17.1104","40.3720","248.2850","50.7011","107.8092","64.1804","64.1605","101.4046","129.1810","71.6691","37.9432","83.4687","15.9010","15.8271","15.8744","56.1858","51.2363","21.6679","29.6189","49.0564","45.0975","153.8401","48.7344","87.6971","18.1126","15.5196","27.6171","68.2995","14.4374","22.0455","117.3693","138.2032","147.3413","31.9290","44.2706","37.9291","17.9367","124.2841","20.9829","37.0816","29.1463","30.8598","36.9789","115.1150","22.4450","133.5834","43.7339","48.0919","15.1676","68.8567","14.1726","90.5545","90.3713","20.5513","12.5777","44.7225","24.8604","54.1580","55.4447","74.6312","80.7490","72.4709","149.9853","31.9118","249.7381","26.0397","31.2396","103.0308","74.3700","178.9323","70.6914"
"C:\Users\cfg364\Sommerlab Dropbox\Casper van der Luijt\Casper\Data\BioLog\OmniLog\CL2\DATA_2024\07\_NRRL 3488_Aspergillus oryzae__1_30_CL2_769_7#24#2024_A_ 9A_7.OKA","7/24/2024 10:32:48 PM"," 9-A","PM01","","NRRL 3488","Aspergillus oryzae","",63.7500,"31.9461","197.1305","137.8858","77.5201","51.8977","108.6927","34.5339","135.7101","54.0319","87.4795","117.8466","86.1189","29.4129","159.7547","65.0693","16.1997","37.7926","56.5855","18.8283","203.1220","51.0765","26.6915","106.4395","63.1055","43.0698","19.2715","42.4423","246.4659","54.1798","109.1154","64.7149","66.0780","99.1585","123.6145","71.7368","41.2665","79.9866","18.2443","17.7054","11.2507","54.0001","53.5872","23.7855","26.8340","47.5632","50.2193","158.0075","46.6789","91.0152","24.4221","21.3771","30.8963","65.3955","16.8379","15.8448","121.0007","139.9724","151.2872","32.0047","43.6159","38.4253","22.7846","127.4708","20.4170","40.0704","32.7133","31.3572","43.3476","112.8019","24.6815","131.2369","45.3393","51.6713","18.9155","69.6783","15.3243","91.8773","91.0349","22.5408","18.5802","40.3613","26.4686","50.4539","55.8345","74.0201","79.9045","81.8122","148.8941","28.2159","252.6305","29.9139","35.0202","100.8302","75.2632","182.6201","77.4383"
"C:\Users\cfg364\Sommerlab Dropbox\Casper van der Luijt\Casper\Data\BioLog\OmniLog\CL2\DATA_2024\07\_NRRL 3488_Aspergillus oryzae__1_30_CL2_769_7#24#2024_A_ 9A_7.OKA","7/24/2024 10:32:48 PM"," 9-A","PM01","","NRRL 3488","Aspergillus oryzae","",64.0000,"34.8979","195.2251","138.8062","75.0377","52.1351","107.4471","35.2830","136.0074","53.6638","85.6743","117.3524","88.8846","32.9398","161.4356","64.5330","16.6291","42.0921","52.1076","18.6819","208.9547","42.9696","23.3184","106.3059","59.6112","37.9118","15.7386","43.5969","249.7327","60.1115","110.9557","59.1662","64.9542","98.8010","128.8678","69.6251","42.7363","79.9550","17.0286","13.6269","12.7158","54.9578","54.1706","23.0463","28.3695","51.8745","50.0336","154.0844","44.4862","89.0399","19.3433","16.9552","29.8805","65.8940","15.5735","19.2650","121.0565","140.7451","147.5669","26.9023","46.4779","42.4487","21.8862","127.3893","22.2025","44.2617","32.6243","29.6228","41.7011","117.5495","24.5829","133.0802","48.3776","50.2433","15.1736","68.9888","12.7267","90.3552","94.1774","21.5277","15.0829","41.7484","26.1683","54.2062","55.2999","73.0189","77.1006","77.8289","151.8071","29.4999","248.0509","27.3909","33.1947","102.6603","72.5032","182.8621","75.6133"
"C:\Users\cfg364\Sommerlab Dropbox\Casper van der Luijt\Casper\Data\BioLog\OmniLog\CL2\DATA_2024\07\_NRRL 3488_Aspergillus oryzae__1_30_CL2_769_7#24#2024_A_ 9A_7.OKA","7/24/2024 10:32:48 PM"," 9-A","PM01","","NRRL 3488","Aspergillus oryzae","",64.2500,"34.8361","195.5378","137.7345","73.4766","52.2612","110.2274","33.8620","133.2239","56.9407","86.9940","118.0144","87.6749","31.4204","165.2159","61.6962","15.5890","42.6974","56.8544","18.9664","208.5781","49.5905","28.7017","107.6779","60.6014","38.6408","16.2407","46.3814","249.1804","53.8420","105.4933","60.7952","63.3116","99.8466","131.4267","68.1023","40.2569","78.6185","16.1764","15.2152","15.3988","56.2311","53.8587","24.1299","26.8879","52.8806","50.9722","155.9351","48.4771","90.6413","20.1076","19.5031","26.9540","63.6185","14.8010","20.7217","118.7189","142.0011","146.2141","28.2302","41.4324","42.0819","23.9821","129.6750","20.2775","42.8796","33.9546","30.0979","42.8734","118.2745","22.6335","131.4759","47.6790","50.3944","19.0582","71.3461","15.3954","92.7973","94.8663","22.1657","18.0493","39.7305","28.5092","52.7617","57.4403","76.4055","82.1006","79.3246","154.8519","29.0950","250.1170","30.9148","32.2565","106.3097","76.0534","177.7927","76.7025"
"C:\Users\cfg364\Sommerlab Dropbox\Casper van der Luijt\Casper\Data\BioLog\OmniLog\CL2\DATA_2024\07\_NRRL 3488_Aspergillus oryzae__1_30_CL2_769_7#24#2024_A_ 9A_7.OKA","7/24/2024 10:32:48 PM"," 9-A","PM01","","NRRL 3488","Aspergillus oryzae","",64.5000,"33.9245","194.9243","136.5508","73.9777","49.4983","105.7856","31.5068","133.1279","57.5153","89.8872","114.7372","90.8402","28.2869","161.1948","66.0434","14.6757","39.4585","55.2780","19.5600","203.9452","44.7820","25.6015","103.5383","61.2598","39.6408","16.3687","42.3789","246.3326","54.4097","109.3207","63.6130","59.6689","99.2273","126.8107","67.4394","41.5945","80.6262","19.3321","17.3415","13.1421","56.4310","52.3502","22.3198","28.5248","50.8014","48.4234","158.3028","45.5407","88.0740","17.5605","18.0337","28.7700","61.7729","13.6428","18.5207","124.9052","136.8801","151.5794","30.7440","43.9837","42.5965","19.0830","127.3954","20.0230","40.7808","31.4065","30.0990","46.1390","118.0203","22.1148","131.9309","46.0184","48.0116","16.2086","69.2067","11.6296","92.2147","91.0779","23.6549","19.3409","39.8574","25.8106","52.8176","56.8150","71.7573","84.5068","73.9381","153.5766","29.1471","254.1082","28.5927","33.8060","105.7232","73.4759","184.5573","75.1205"
"C:\Users\cfg364\Sommerlab Dropbox\Casper van der Luijt\Casper\Data\BioLog\OmniLog\CL2\DATA_2024\07\_NRRL 3488_Aspergillus oryzae__1_30_CL2_769_7#24#2024_A_ 9A_7.OKA","7/24/2024 10:32:48 PM"," 9-A","PM01","","NRRL 3488","Aspergillus oryzae","",64.7500,"30.1659","195.8590","135.6459","73.3538","48.3024","108.2525","33.0204","131.6222","56.4145","87.0906","117.3208","88.4110","32.7808","162.7546","64.2165","11.5800","39.6560","51.4520","17.0850","208.2652","45.9544","23.6539","109.3352","60.9111","40.6167","18.0390","40.9850","246.4630","55.0128","109.2850","64.4703","62.4075","93.4698","129.4827","69.1278","39.0424","84.9576","17.2919","14.5498","12.8401","55.7923","54.4850","24.1660","28.6664","47.8004","50.1281","161.9818","49.0122","89.6639","17.5080","15.4996","28.3894","62.6642","14.2676","19.0968","123.6095","141.3123","147.2011","30.2392","43.3279","43.8002","21.5512","129.6562","18.4339","39.9414","29.8208","31.2758","45.1521","120.6592","20.6699","134.9150","42.6090","52.9449","14.8782","69.3037","13.8833","90.2959","87.6498","22.7125","18.7117","37.7090","24.8258","55.2829","59.6508","70.2287","77.3738","75.6961","153.1528","27.7387","250.9188","28.9514","29.1865","104.4712","76.9702","184.3427","76.9769"
"C:\Users\cfg364\Sommerlab Dropbox\Casper van der Luijt\Casper\Data\BioLog\OmniLog\CL2\DATA_2024\07\_NRRL 3488_Aspergillus oryzae__1_30_CL2_769_7#24#2024_A_ 9A_7.OKA","7/24/2024 10:32:48 PM"," 9-A","PM01","","NRRL 3488","Aspergillus oryzae","",65.0000,"31.4995","194.8864","139.0378","75.4711","51.8520","108.9563","34.5074","132.5735","58.1439","89.2149","117.4153","87.8521","30.1343","160.0825","64.9794","15.3651","39.5598","54.9502","19.9691","208.7688","48.8856","26.0642","107.3845","60.2637","42.5207","16.4122","41.1062","246.4937","53.2574","108.3100","63.7400","62.3440","98.6640","131.6115","67.9843","42.8804","83.6617","17.0728","13.6318","13.8069","57.1651","55.2643","24.3250","26.8118","51.6127","48.3790","159.5699","51.0535","90.8008","19.1350","18.3350","29.4605","63.6041","14.8841","18.8427","123.1046","140.0167","147.5214","29.9549","42.2396","43.4649","20.4207","131.4736","19.7309","39.8177","28.1013","31.9728","41.6960","116.2076","18.4262","132.0772","50.4402","51.3848","14.5256","70.3426","12.0029","91.1601","88.2235","22.3295","20.4889","37.0348","23.8612","52.5474","56.1619","74.4486","81.2097","78.6049","155.9146","31.0988","253.2291","32.3354","30.8074","104.6020","75.8593","186.2801","77.8715"
"C:\Users\cfg364\Sommerlab Dropbox\Casper van der Luijt\Casper\Data\BioLog\OmniLog\CL2\DATA_2024\07\_NRRL 3488_Aspergillus oryzae__1_30_CL2_769_7#24#2024_A_ 9A_7.OKA","7/24/2024 10:32:48 PM"," 9-A","PM01","","NRRL 3488","Aspergillus oryzae","",65.2500,"32.6096","197.1730","134.8589","73.4514","47.7801","109.7396","30.2386","134.1815","58.5241","88.2581","119.9816","89.8108","27.2471","161.8186","68.3430","11.9511","45.3300","53.4937","18.2163","207.2147","45.7113","27.8336","107.4318","59.7908","44.6726","16.4182","39.3293","248.8931","52.6535","111.6661","67.0779","65.0222","100.6596","128.6874","68.9994","41.6111","79.6771","15.1818","16.5045","11.5332","53.7422","55.3213","24.0265","25.6814","45.6242","50.9631","159.7839","49.8202","86.0766","22.7379","15.4049","26.4609","59.9400","15.2015","17.6869","120.5280","144.9817","150.2587","27.5671","45.3909","40.3304","19.7842","129.8841","21.0481","41.8996","31.8608","26.2265","38.7732","116.7550","19.1257","134.4814","45.7938","50.7985","18.7430","71.5486","12.3484","90.5468","93.7844","20.7250","22.8266","36.7019","23.0841","52.6210","59.1865","71.9773","86.7200","76.7395","153.2395","29.2642","249.3841","26.7227","30.4858","103.5950","74.6880","185.6593","77.3972"
"C:\Users\cfg364\Sommerlab Dropbox\Casper van der Luijt\Casper\Data\BioLog\OmniLog\CL2\DATA_2024\07\_NRRL 3488_Aspergillus oryzae__1_30_CL2_769_7#24#2024_A_ 9A_7.OKA","7/24/2024 10:32:48 PM"," 9-A","PM01","","NRRL 3488","Aspergillus oryzae","",65.5000,"34.5236","198.2939","133.2066","74.3396","51.1410","111.9175","31.1623","130.1864","57.4374","91.4089","118.4431","90.1840","27.2165","161.2870","66.9762","14.1600","43.5532","53.3671","20.5267","205.7284","45.2992","21.1001","105.4409","59.0478","42.1963","16.1050","38.9927","244.7454","52.3328","111.9485","65.5325","63.3222","97.7951","127.3241","72.1190","39.2921","81.0978","14.9302","17.2952","11.5019","57.3758","56.2848","23.2939","25.9985","49.5732","51.3190","158.3325","47.2073","82.3553","18.2452","16.0518","25.8285","65.1244","13.6568","17.8143","119.9606","142.2601","150.5451","28.4558","47.1358","39.1376","22.2313","129.3911","18.7659","41.4983","29.7125","28.9717","38.6147","120.0864","18.0190","137.3114","44.1718","48.0548","14.8715","71.3293","14.8257","88.7270","94.3210","21.9048","23.0164","36.4116","27.3907","52.1363","54.7824","70.1661","81.9114","76.6754","150.7397","29.4200","250.6366","27.6323","25.3614","101.1049","75.6016","185.4619","78.4889"
"C:\Users\cfg364\Sommerlab Dropbox\Casper van der Luijt\Casper\Data\BioLog\OmniLog\CL2\DATA_2024\07\_NRRL 3488_Aspergillus oryzae__1_30_CL2_769_7#24#2024_A_ 9A_7.OKA","7/24/2024 10:32:48 PM"," 9-A","PM01","","NRRL 3488","Aspergillus oryzae","",65.7500,"33.6901","198.7921","135.6850","74.1558","49.2703","113.2306","29.2193","136.0839","60.5375","91.2160","117.7838","87.4471","28.5040","161.5058","71.4713","13.7918","46.0915","56.0249","22.2042","205.0644","46.2185","24.7527","106.8538","60.4719","42.3775","15.1028","41.6543","248.6780","49.8637","112.7014","71.8720","65.6833","98.7181","128.2119","72.0554","40.9927","83.8183","15.1189","14.7406","13.5721","53.5510","57.7456","25.2367","24.0008","50.4261","51.8044","161.3965","49.4469","83.2857","20.5865","16.2983","26.5241","65.7490","14.6454","18.9606","124.0266","145.4509","151.6271","27.8845","44.2487","41.5538","20.3803","131.4557","18.3538","40.5105","33.1685","26.2903","41.3413","115.7807","20.5168","135.6449","44.2672","52.3663","17.2712","73.0843","15.2961","89.4981","93.8791","20.6613","22.3839","37.2178","25.4623","52.7503","60.7733","73.7886","87.0010","77.0278","155.6769","29.6070","248.4849","29.1915","26.6996","103.0052","78.0812","187.1072","76.1129"
"C:\Users\cfg364\Sommerlab Dropbox\Casper van der Luijt\Casper\Data\BioLog\OmniLog\CL2\DATA_2024\07\_NRRL 3488_Aspergillus oryzae__1_30_CL2_769_7#24#2024_A_ 9A_7.OKA","7/24/2024 10:32:48 PM"," 9-A","PM01","","NRRL 3488","Aspergillus oryzae","",66.0000,"33.6757","195.7211","138.7499","72.0294","48.5991","112.3773","30.7734","131.0812","58.8451","95.5528","116.5891","91.0518","31.8393","162.1680","64.3610","11.0308","41.3594","57.8783","18.0975","207.0390","45.6242","26.0056","106.8808","62.3679","44.6133","19.0171","43.1033","246.5147","53.8995","114.3310","64.8612","64.5108","104.3796","131.9347","69.4343","38.9998","82.6122","15.5470","14.8971","14.6954","55.2848","54.9763","24.9564","29.1686","48.0863","51.2359","158.7154","45.3718","88.8424","17.9441","16.4044","22.4436","63.8326","13.5084","21.6565","121.8958","141.9066","155.1321","30.6271","45.1067","39.9661","22.5392","132.9219","18.6154","40.3719","31.4489","29.0615","41.4204","115.5859","22.2504","130.4917","43.5845","48.4017","16.9783","71.9658","15.9280","94.2916","93.6222","24.7905","15.6640","42.5123","24.1091","50.5092","57.2804","71.5975","85.3953","80.7433","159.2271","30.1383","252.3019","27.7708","29.4248","101.9782","74.8713","185.2187","77.7358"
"C:\Users\cfg364\Sommerlab Dropbox\Casper van der Luijt\Casper\Data\BioLog\OmniLog\CL2\DATA_2024\07\_NRRL 3488_Aspergillus oryzae__1_30_CL2_769_7#24#2024_A_ 9A_7.OKA","7/24/2024 10:32:48 PM"," 9-A","PM01","","NRRL 3488","Aspergillus oryzae","",66.2500,"32.3694","197.5124","134.6508","73.6544","49.4906","108.8000","34.2691","135.7536","60.8150","95.5247","119.0594","94.3716","31.6233","166.7587","64.4738","13.0883","40.8581","54.0818","20.4557","208.2159","51.1763","25.9339","112.9097","60.0790","45.6446","19.7871","43.1505","246.8505","59.9860","113.6197","64.5100","64.1171","98.5723","131.4682","71.7868","39.8204","80.2664","16.2365","14.0453","13.9561","54.7551","55.6716","25.1487","24.8147","51.5888","51.3700","161.2241","49.1101","87.0165","19.3365","17.1844","27.6660","62.1793","11.5564","17.4557","123.2409","140.9029","151.5688","31.1900","43.1708","43.7651","22.7367","133.0047","19.3613","42.5213","28.4504","31.1236","45.8541","114.2224","22.0047","132.3472","45.6777","46.8550","19.7475","70.9741","15.5941","93.0122","93.4256","22.6005","16.0546","41.1292","23.1670","55.3246","54.5847","71.0655","84.6171","79.1996","155.2658","30.2446","250.1845","31.1568","31.6764","103.1589","76.4552","186.2827","79.3864"
"C:\Users\cfg364\Sommerlab Dropbox\Casper van der Luijt\Casper\Data\BioLog\OmniLog\CL2\DATA_2024\07\_NRRL 3488_Aspergillus oryzae__1_30_CL2_769_7#24#2024_A_ 9A_7.OKA","7/24/2024 10:32:48 PM"," 9-A","PM01","","NRRL 3488","Aspergillus oryzae","",66.5000,"35.2458","198.4206","134.5244","76.9942","49.6594","113.4300","36.2060","134.1692","60.2791","93.2250","118.3166","91.9583","32.9518","165.4121","66.6966","14.1819","40.8543","58.1415","15.5064","210.0157","47.6929","22.9923","109.4137","62.7364","40.4362","15.3808","44.3836","249.3494","55.0743","116.0740","67.1345","62.4225","101.4195","129.2882","74.9202","38.0404","82.6238","17.1508","14.6475","11.9367","54.5308","54.1808","25.1793","23.6562","54.5583","51.5255","158.6681","45.8048","89.1419","22.4530","16.2393","26.6146","64.4948","14.4722","19.6309","123.7519","140.7601","150.5518","28.4090","44.0764","43.3247","23.6483","131.4862","21.2235","43.4915","31.9393","28.6565","45.9496","118.9897","23.2925","135.6954","47.1958","49.4198","13.7556","66.7604","13.1677","91.1161","93.6011","21.9747","16.9706","40.5059","25.5486","53.8860","56.2183","73.0502","87.7899","83.2040","158.4344","31.6772","253.9758","28.3168","32.7130","103.3248","79.6071","185.6315","77.4771"
"C:\Users\cfg364\Sommerlab Dropbox\Casper van der Luijt\Casper\Data\BioLog\OmniLog\CL2\DATA_2024\07\_NRRL 3488_Aspergillus oryzae__1_30_CL2_769_7#24#2024_A_ 9A_7.OKA","7/24/2024 10:32:48 PM"," 9-A","PM01","","NRRL 3488","Aspergillus oryzae","",66.7500,"30.1043","197.7618","135.0499","74.1367","49.0960","113.5541","31.8731","131.1053","59.2552","93.2910","112.4406","90.3144","29.9142","165.4862","70.1610","16.8875","43.7414","58.9024","18.7088","207.8887","48.3547","24.2941","112.7039","63.7094","39.1557","16.6971","40.3836","249.0318","58.8860","116.2107","66.0037","65.1373","103.9589","129.3376","74.5003","37.9684","82.4818","16.4158","18.3696","11.0000","56.2762","54.5481","26.4020","24.4121","52.7172","52.8261","160.2500","49.9330","92.8285","19.3813","17.6397","26.5395","57.2613","11.6828","21.0793","120.7080","143.0801","150.8901","26.3515","42.4246","46.5539","19.7639","134.2187","22.7512","41.8609","35.2369","28.6052","46.2019","114.3359","23.9999","134.7644","43.9637","52.7747","18.9276","67.1661","12.1004","91.0058","93.1527","24.4023","19.5865","35.6884","23.2006","50.8377","57.3512","74.9538","84.6962","81.0466","154.7044","30.6938","251.7057","26.5830","29.0954","106.0855","76.5846","183.6521","75.8034"
"C:\Users\cfg364\Sommerlab Dropbox\Casper van der Luijt\Casper\Data\BioLog\OmniLog\CL2\DATA_2024\07\_NRRL 3488_Aspergillus oryzae__1_30_CL2_769_7#24#2024_A_ 9A_7.OKA","7/24/2024 10:32:48 PM"," 9-A","PM01","","NRRL 3488","Aspergillus oryzae","",67.0000,"32.5663","198.0424","135.5079","73.6461","47.5469","113.0720","34.0903","132.0252","58.7727","93.7702","119.7813","92.9128","28.0381","166.1070","70.6497","17.8942","45.3051","61.0167","17.7571","208.9010","50.6835","24.6749","109.1309","62.1084","42.5465","18.6066","43.2673","251.9384","59.3917","116.1482","67.3299","65.1688","104.7139","131.5584","76.7929","37.8138","83.6882","18.9828","17.9128","14.0328","59.7981","57.3245","26.3067","29.1032","53.9118","49.7807","163.4861","49.4669","91.5428","22.8735","20.6076","26.2553","61.2553","12.6140","22.2762","121.9080","144.0881","153.9402","25.7782","44.4406","42.5289","23.5333","136.7371","21.7087","43.8937","33.1888","30.5402","47.1762","117.4778","21.4503","137.3114","44.8856","55.0319","21.0925","65.0437","11.0000","90.5119","97.4649","25.7045","19.8091","36.1700","27.4709","54.6732","54.1636","74.8330","88.0942","85.1017","158.3970","27.3700","252.3815","31.3579","34.7604","106.1181","79.2171","186.0992","78.3007"
"C:\Users\cfg364\Sommerlab Dropbox\Casper van der Luijt\Casper\Data\BioLog\OmniLog\CL2\DATA_2024\07\_NRRL 3488_Aspergillus oryzae__1_30_CL2_769_7#24#2024_A_ 9A_7.OKA","7/24/2024 10:32:48 PM"," 9-A","PM01","","NRRL 3488","Aspergillus oryzae","",67.2500,"32.9159","200.3564","134.0085","72.1524","51.6039","116.4670","33.2105","134.1554","61.0357","96.1157","116.1096","86.9597","31.7131","166.2291","66.8954","12.6946","45.4698","58.2925","17.0524","210.3773","46.2371","26.6624","112.2625","61.0309","41.7386","15.9236","40.7000","249.6127","55.9298","116.2285","63.4888","65.5915","102.4634","133.6694","76.4457","39.4351","85.1346","19.2594","14.2739","12.7819","57.6626","55.1782","24.4966","28.1650","49.6853","50.2695","161.6721","50.4146","88.8558","19.6631","17.2265","25.2089","66.7158","11.0000","20.7577","125.0846","142.7560","152.6133","28.8630","40.9977","44.2199","24.1092","132.5743","19.7586","41.3879","32.1640","33.5762","42.9256","117.2027","25.1970","136.1999","43.6997","52.0212","19.9103","72.7239","12.0366","91.0138","96.5741","23.8759","14.8230","39.6546","24.5959","53.2650","57.7649","77.8509","89.5095","85.0267","158.0532","28.5873","252.9738","26.3837","30.3432","102.5746","72.0512","185.6227","77.1011"
"C:\Users\cfg364\Sommerlab Dropbox\Casper van der Luijt\Casper\Data\BioLog\OmniLog\CL2\DATA_2024\07\_NRRL 3488_Aspergillus oryzae__1_30_CL2_769_7#24#2024_A_ 9A_7.OKA","7/24/2024 10:32:48 PM"," 9-A","PM01","","NRRL 3488","Aspergillus oryzae","",67.5000,"32.0690","195.2433","134.3151","72.2121","46.7911","112.3300","31.9739","136.0260","60.9203","94.2733","113.3760","95.7329","28.5968","171.1300","69.6323","14.1547","42.3808","57.0042","20.9555","208.1656","46.6108","27.5909","111.3074","63.8690","38.9885","16.4784","44.9782","250.9045","53.0929","118.6400","67.1660","67.1088","100.3349","130.5849","74.3717","37.7472","83.6750","15.3963","17.4804","12.9325","57.4543","57.3778","27.7448","27.0526","51.8989","52.3045","164.1894","51.3264","83.9388","20.2460","17.7685","26.4615","57.9337","15.0361","20.1035","125.9601","144.1386","156.8233","30.4190","38.8625","44.7190","24.4752","135.5907","20.8491","39.8760","33.0239","30.7963","45.8721","114.2808","20.8302","136.0205","44.9184","48.2351","17.7987","68.6646","14.8777","91.0447","98.2179","22.3749","19.7734","40.6990","21.1044","57.8863","57.2673","74.4689","90.9289","83.5898","161.4299","29.4647","252.2970","30.3896","33.6002","105.5317","74.7174","184.3527","81.2662"
"C:\Users\cfg364\Sommerlab Dropbox\Casper van der Luijt\Casper\Data\BioLog\OmniLog\CL2\DATA_2024\07\_NRRL 3488_Aspergillus oryzae__1_30_CL2_769_7#24#2024_A_ 9A_7.OKA","7/24/2024 10:32:48 PM"," 9-A","PM01","","NRRL 3488","Aspergillus oryzae","",67.7500,"35.4631","197.7225","135.3798","79.2152","49.1765","114.7523","36.4785","135.6949","59.4906","93.8067","114.3655","100.2826","30.1508","165.9304","71.5535","13.1735","43.2466","57.5319","20.8259","207.0199","48.2080","24.2447","112.2272","62.2446","41.5995","14.2278","44.0539","249.2636","57.0774","116.2755","65.0712","63.4201","99.8862","132.1836","74.5605","38.0330","83.5360","15.9616","20.0567","11.0000","60.2305","59.4797","20.9423","24.7382","53.0576","52.8507","164.9487","49.8061","89.1990","15.5257","18.4319","26.6232","61.9837","12.8617","23.4177","123.6174","144.5203","151.1691","25.9688","48.5952","41.0939","24.2217","138.0214","23.6875","39.5499","29.5054","30.5227","44.1218","119.7544","17.0505","138.6719","44.5057","54.9158","19.7364","69.8852","12.7891","92.5069","99.5469","21.1464","11.0000","40.3434","20.9391","56.1619","60.3931","73.0681","89.2048","87.2104","159.1822","28.0735","251.8075","31.9027","34.9821","104.2032","72.8492","187.6743","81.2260"
"C:\Users\cfg364\Sommerlab Dropbox\Casper van der Luijt\Casper\Data\BioLog\OmniLog\CL2\DATA_2024\07\_NRRL 3488_Aspergillus oryzae__1_30_CL2_769_7#24#2024_A_ 9A_7.OKA","7/24/2024 10:32:48 PM"," 9-A","PM01","","NRRL 3488","Aspergillus oryzae","",68.0000,"36.0636","195.4796","135.4372","72.2127","51.1637","114.3102","33.6266","135.7383","62.7361","95.5444","119.8288","93.9268","31.1564","163.9850","72.4612","13.0882","45.6306","61.0706","15.8541","209.3545","47.2824","24.5482","109.7163","62.2532","37.1684","13.9122","46.3263","251.3161","58.7784","119.2503","70.1257","61.7161","99.8691","131.7101","76.6008","40.4515","82.1571","17.0486","16.9816","12.2456","59.9884","58.3329","24.0784","29.9223","51.0633","52.3748","160.6425","50.2456","87.7736","18.7927","15.8288","24.9776","63.8947","13.5373","20.5374","127.4981","143.3833","151.8109","32.3938","43.8221","41.8818","20.4632","135.6391","20.7792","42.2938","30.0033","31.3804","46.5188","122.7334","21.0890","140.8585","43.1247","51.0522","14.3080","70.2280","17.8483","89.5393","99.2397","22.0262","16.1027","40.8697","23.4761","52.6280","56.8362","74.1745","87.4017","87.9093","161.0219","26.6138","251.5963","28.7056","28.6706","107.2381","76.6800","188.7778","78.9564"
"C:\Users\cfg364\Sommerlab Dropbox\Casper van der Luijt\Casper\Data\BioLog\OmniLog\CL2\DATA_2024\07\_NRRL 3488_Aspergillus oryzae__1_30_CL2_769_7#24#2024_A_ 9A_7.OKA","7/24/2024 10:32:48 PM"," 9-A","PM01","","NRRL 3488","Aspergillus oryzae","",68.2500,"33.9621","197.2691","138.1271","74.5082","48.5960","118.2086","38.4367","132.9734","62.6718","93.5230","116.2011","96.8355","28.2769","167.0234","67.8105","16.9267","44.9910","61.4178","19.1853","209.1327","49.9349","25.4408","113.3427","62.6237","40.7631","14.9143","43.9773","252.2974","59.2854","116.5832","65.6778","68.7180","100.7600","133.0152","76.3482","38.4674","84.9500","18.8976","16.8602","15.6087","56.3714","58.8623","24.5900","30.7368","50.6203","52.0506","163.1188","54.2167","88.2950","23.5251","20.1041","23.4879","60.6161","13.3517","18.9214","127.6877","144.2694","155.1804","29.8973","41.2753","43.6876","25.8216","137.3347","21.0640","44.0136","32.2500","30.4902","48.9391","119.8548","22.5078","142.9940","46.1781","51.9577","15.5606","71.0741","17.7549","91.9744","101.9499","25.1402","14.6906","40.8376","22.6639","54.3397","58.3305","74.5672","88.2842","86.3546","160.3084","28.4525","253.3583","27.3112","31.2920","108.4121","74.8900","190.4444","82.8314"
"C:\Users\cfg364\Sommerlab Dropbox\Casper van der Luijt\Casper\Data\BioLog\OmniLog\CL2\DATA_2024\07\_NRRL 3488_Aspergillus oryzae__1_30_CL2_769_7#24#2024_A_ 9A_7.OKA","7/24/2024 10:32:48 PM"," 9-A","PM01","","NRRL 3488","Aspergillus oryzae","",68.5000,"37.4932","201.7702","135.6446","75.8082","52.7734","114.0489","34.2090","135.0148","62.4152","93.6469","117.0367","93.4669","34.6889","164.7765","70.7284","12.7788","46.3022","57.5225","18.1841","209.4746","48.8157","28.8121","114.6429","61.7357","43.8203","16.0990","42.9282","250.8567","58.8546","120.1432","71.0368","66.9327","105.1876","130.8246","77.1875","40.2921","85.8201","18.7216","17.4753","16.4503","54.5791","56.9493","26.5817","25.1129","54.4997","56.4400","164.7316","49.5686","83.3921","22.6647","17.3502","26.8063","63.3900","12.7939","17.4519","126.4847","141.7741","153.7203","28.3787","46.9975","40.8665","23.4880","140.1210","20.5163","43.4220","32.5099","33.8924","44.8345","114.9833","22.8352","141.0670","47.4403","49.8978","16.0576","69.5546","11.0000","95.4039","97.7347","21.1693","16.3225","40.7773","22.1330","53.0907","58.1792","76.1402","89.5946","82.7172","161.9209","30.2658","255.4501","33.4447","32.2096","107.5584","73.0618","185.2668","81.3907"
"C:\Users\cfg364\Sommerlab Dropbox\Casper van der Luijt\Casper\Data\BioLog\OmniLog\CL2\DATA_2024\07\_NRRL 3488_Aspergillus oryzae__1_30_CL2_769_7#24#2024_A_ 9A_7.OKA","7/24/2024 10:32:48 PM"," 9-A","PM01","","NRRL 3488","Aspergillus oryzae","",68.7500,"35.7716","199.4641","131.5741","73.5324","50.5871","116.3257","34.9584","132.9125","63.4608","92.7691","113.6179","93.8720","30.9827","168.1657","72.2034","14.7646","50.1891","55.7502","19.3055","207.9213","47.5459","21.5472","110.8378","59.2364","40.3750","16.0730","42.5186","251.7424","59.4161","118.5882","69.9456","66.6375","101.3790","131.5888","74.9819","38.3872","87.1095","14.6129","14.1360","15.0755","57.4248","55.3418","27.1965","28.2430","50.1664","49.6719","164.5134","48.0945","85.9476","17.8661","18.7962","26.6987","60.7463","11.0000","17.3305","125.6603","144.2085","154.3028","29.7972","43.6580","42.5303","26.7222","136.4641","21.0660","43.0395","28.5004","33.3467","45.5122","115.5916","23.5314","136.3165","46.1750","51.0618","14.0158","69.6022","12.4782","93.2223","103.8779","20.2654","12.4132","39.0506","24.7793","50.6541","57.7487","74.5991","86.1765","86.2395","162.8829","30.1610","255.1300","30.7180","27.5096","105.8757","75.8870","187.2469","81.6564"
"C:\Users\cfg364\Sommerlab Dropbox\Casper van der Luijt\Casper\Data\BioLog\OmniLog\CL2\DATA_2024\07\_NRRL 3488_Aspergillus oryzae__1_30_CL2_769_7#24#2024_A_ 9A_7.OKA","7/24/2024 10:32:48 PM"," 9-A","PM01","","NRRL 3488","Aspergillus oryzae","",69.0000,"33.9185","197.4035","132.9848","75.5059","50.0068","115.8202","34.0372","131.3076","62.6088","94.7456","115.9941","96.0496","32.2027","166.0077","69.7899","14.2525","46.8766","58.3705","17.0683","208.3112","50.8181","26.2284","114.4167","63.5062","44.6595","16.8928","45.6352","253.2454","50.0915","118.1054","66.0890","68.4443","102.2343","130.4569","75.1319","38.8790","84.4594","16.5578","15.5424","13.4852","52.4697","58.4063","23.2394","30.4719","52.5437","51.9146","164.9383","47.7549","85.4242","16.3708","15.5543","26.5835","65.4447","14.7005","18.0219","126.9551","144.3817","151.7707","28.6058","45.2082","42.6489","22.0255","135.0371","21.7018","40.8208","31.8159","32.7671","46.1983","118.2047","22.1503","136.6385","45.3923","52.0969","17.3847","68.6367","12.7544","87.9000","99.5970","22.2784","15.7846","42.9013","24.5059","51.3135","62.7963","73.5943","95.3972","82.8242","163.1536","27.1400","253.1448","31.9821","25.6932","104.1748","71.3643","185.3751","82.3804"
"C:\Users\cfg364\Sommerlab Dropbox\Casper van der Luijt\Casper\Data\BioLog\OmniLog\CL2\DATA_2024\07\_NRRL 3488_Aspergillus oryzae__1_30_CL2_769_7#24#2024_A_ 9A_7.OKA","7/24/2024 10:32:48 PM"," 9-A","PM01","","NRRL 3488","Aspergillus oryzae","",69.2500,"35.9692","202.5572","136.2016","72.9081","52.1280","115.7134","36.7098","132.3468","66.1524","100.6285","116.9902","97.0971","31.0345","167.6282","73.7779","18.5778","51.9892","59.7332","21.7471","205.4915","50.8191","23.8114","115.5569","64.6654","41.7357","16.3722","45.9369","251.9218","58.3562","122.0315","66.1272","68.3840","101.5670","130.5809","78.8529","38.0542","87.7876","18.0435","16.5933","13.9250","59.0130","59.7638","27.6604","26.1097","55.3878","54.2280","168.6265","49.7692","88.0099","16.0969","20.8250","27.4997","63.4203","11.7746","20.4367","127.3245","146.9155","158.4901","31.0564","43.1002","38.2660","20.3905","139.8859","20.0054","44.1177","35.2760","30.1447","50.7532","114.2572","22.3769","138.6410","47.6939","53.3439","16.5224","69.9874","13.8511","92.5874","99.5812","25.7034","16.5178","40.0116","25.0711","51.8797","55.7488","79.2664","94.9841","87.6518","159.4865","30.3521","253.1773","32.4205","32.2952","107.8630","71.8875","186.5751","81.1263"
"C:\Users\cfg364\Sommerlab Dropbox\Casper van der Luijt\Casper\Data\BioLog\OmniLog\CL2\DATA_2024\07\_NRRL 3488_Aspergillus oryzae__1_30_CL2_769_7#24#2024_A_ 9A_7.OKA","7/24/2024 10:32:48 PM"," 9-A","PM01","","NRRL 3488","Aspergillus oryzae","",69.5000,"30.3069","200.5393","136.6927","75.2627","50.4525","121.6817","33.9738","129.4239","65.4368","92.9482","116.5522","96.6942","30.8818","172.1329","73.8455","16.3782","51.3020","61.1525","17.1085","208.2386","47.2452","24.8356","115.7756","62.8824","43.9935","14.5036","43.7553","250.5973","54.9203","119.6450","67.4224","65.6325","101.1332","132.7310","76.9155","33.5093","84.6954","17.2209","14.0222","12.6250","55.8811","61.3432","26.1843","27.1853","55.5853","52.6698","163.6097","49.6561","87.2094","20.8542","16.6831","23.5476","60.1058","13.0445","18.0389","129.7028","149.3002","155.2417","27.8948","42.3593","43.0835","18.8680","141.2643","22.8484","42.7380","34.4333","36.3971","46.9133","120.1297","18.7698","138.5000","46.3426","50.1495","14.6464","68.7814","16.2315","88.9655","104.5195","22.6771","19.7438","39.0004","24.5023","51.2509","55.8806","75.9862","94.2692","82.4647","164.0471","31.3873","255.1489","28.3331","27.2164","105.5096","75.6345","186.5649","83.4279"
"C:\Users\cfg364\Sommerlab Dropbox\Casper van der Luijt\Casper\Data\BioLog\OmniLog\CL2\DATA_2024\07\_NRRL 3488_Aspergillus oryzae__1_30_CL2_769_7#24#2024_A_ 9A_7.OKA","7/24/2024 10:32:48 PM"," 9-A","PM01","","NRRL 3488","Aspergillus oryzae","",69.7500,"35.1113","203.3544","134.5607","73.0708","48.1645","118.4761","33.5922","133.1290","61.5206","94.7699","116.0855","95.8823","30.4266","170.6237","72.4645","12.6541","48.9425","60.8570","18.1119","209.2108","49.8810","27.2402","113.6723","61.1222","42.7961","15.4618","49.4779","252.3539","57.2654","119.6153","67.3119","66.2393","102.0533","133.3345","76.9297","39.6374","84.7480","16.9748","13.3863","13.1199","58.1477","61.0092","25.8356","25.6606","56.0348","55.6308","164.7803","50.6168","81.9314","17.9578","19.0258","26.3258","65.6014","11.0310","20.1479","126.0843","144.8742","153.7064","29.4082","45.6379","39.6243","20.5344","143.5080","21.2475","44.1149","32.2828","33.8987","44.4770","115.0926","24.2097","138.6576","43.7317","53.5481","15.6746","68.6068","14.0951","88.5053","101.9405","21.8469","18.3215","43.0725","24.0283","58.0154","59.1856","79.7722","93.6432","88.5349","165.3960","24.9001","251.6754","26.8933","26.9745","107.4431","74.5763","187.9850","83.9652"
"C:\Users\cfg364\Sommerlab Dropbox\Casper van der Luijt\Casper\Data\BioLog\OmniLog\CL2\DATA_2024\07\_NRRL 3488_Aspergillus oryzae__1_30_CL2_769_7#24#2024_A_ 9A_7.OKA","7/24/2024 10:32:48 PM"," 9-A","PM01","","NRRL 3488","Aspergillus oryzae","",70.0000,"36.8996","199.0984","132.8786","75.2996","49.0833","118.8286","29.0547","131.9586","62.8773","94.7378","116.8409","93.3120","31.6810","169.8776","74.8157","13.5117","51.3914","60.4465","17.4769","208.7989","47.4114","24.6127","116.2335","58.9524","41.0061","14.3935","45.4197","252.1698","54.9458","119.5207","69.7657","68.9431","102.9734","134.0639","77.1828","38.1171","86.6912","15.5912","11.6730","13.8057","53.9312","57.7566","26.4418","24.1724","57.5129","56.2805","166.1347","48.9025","85.5554","18.2770","20.1592","27.3643","63.2952","11.3721","19.2647","124.0225","147.3733","155.4106","30.0082","43.0225","39.8074","23.0748","144.4023","20.7081","43.3476","32.5948","33.6460","45.8666","121.2657","24.5548","136.8921","41.9719","51.1108","17.1153","64.9075","13.8763","87.4267","102.5409","23.9145","20.8153","40.1626","25.1247","55.7689","59.5079","80.6469","92.5492","86.5387","162.9453","27.3678","259.2955","29.9098","25.6406","107.6707","74.5763","190.2805","85.3117"
"C:\Users\cfg364\Sommerlab Dropbox\Casper van der Luijt\Casper\Data\BioLog\OmniLog\CL2\DATA_2024\07\_NRRL 3488_Aspergillus oryzae__1_30_CL2_769_7#24#2024_A_ 9A_7.OKA","7/24/2024 10:32:48 PM"," 9-A","PM01","","NRRL 3488","Aspergillus oryzae","",70.2500,"34.0124","202.2813","134.7725","79.1039","51.3842","120.7281","33.9807","133.8528","63.6878","94.2772","120.5169","96.8733","31.2352","172.9862","78.0074","15.6747","49.7911","57.6363","24.9050","212.6370","49.1767","31.0676","117.1537","62.6537","42.7123","16.8288","43.9351","253.5470","54.0812","121.9268","74.9849","67.3420","102.6960","134.0923","79.6390","37.9050","90.9060","21.3180","16.2435","13.6826","60.6241","60.5049","30.7241","30.0336","57.1097","52.8395","166.4964","51.3603","83.3947","19.9336","21.0746","26.0171","64.9827","11.0000","19.5654","127.0951","149.3209","155.7412","27.3352","46.5281","43.1956","20.0627","143.2776","23.8836","40.7623","30.6571","36.7862","42.5191","121.7229","19.6034","140.6237","43.8223","52.8951","18.1969","69.0449","15.2132","86.2376","102.6232","23.6320","17.5084","38.7272","26.0034","56.3064","63.8549","77.5265","94.3119","83.8718","164.7847","32.0798","255.2845","34.3136","33.2193","106.0223","72.6467","191.1908","86.5357"
"C:\Users\cfg364\Sommerlab Dropbox\Casper van der Luijt\Casper\Data\BioLog\OmniLog\CL2\DATA_2024\07\_NRRL 3488_Aspergillus oryzae__1_30_CL2_769_7#24#2024_A_ 9A_7.OKA","7/24/2024 10:32:48 PM"," 9-A","PM01","","NRRL 3488","Aspergillus oryzae","",70.5000,"35.9563","201.8692","135.7701","74.5497","47.9607","120.7394","35.6587","133.6466","64.5978","96.7610","117.1714","97.9856","32.3998","172.7859","77.0167","13.5380","54.2149","59.4169","18.0791","209.8705","52.2175","32.4117","118.1968","63.4764","43.0486","15.3607","48.6613","251.6756","53.6786","123.2333","69.7729","68.6855","103.1836","135.2060","78.6614","36.5740","84.9368","15.5591","17.2634","16.0298","59.6465","60.2835","30.2115","25.8679","55.9246","55.7658","166.0288","50.6434","84.3528","21.8982","16.5608","27.1037","61.8662","13.6691","20.1608","127.9725","147.7347","155.1913","29.1364","44.3653","44.8106","24.0539","143.1188","21.9788","43.9696","35.7425","36.7681","51.6637","116.1605","21.5647","143.7182","44.6315","53.5934","12.9018","67.2273","11.0000","88.5843","103.1568","24.2674","16.4270","41.4763","26.0935","57.3742","57.6802","75.5114","95.6555","88.9860","163.7825","31.3846","254.1992","31.3210","31.1426","105.8637","74.5316","191.3169","86.1227"
"C:\Users\cfg364\Sommerlab Dropbox\Casper van der Luijt\Casper\Data\BioLog\OmniLog\CL2\DATA_2024\07\_NRRL 3488_Aspergillus oryzae__1_30_CL2_769_7#24#2024_A_ 9A_7.OKA","7/24/2024 10:32:48 PM"," 9-A","PM01","","NRRL 3488","Aspergillus oryzae","",70.7500,"31.4369","203.2425","132.8885","75.2911","53.4811","121.6526","33.8812","134.6324","65.0129","97.2361","119.3160","91.0707","34.2135","170.3594","75.9950","14.9694","51.6915","57.7019","19.5670","211.8058","51.6915","27.9315","116.4521","59.3851","40.0866","13.6058","45.2308","253.1318","55.8712","123.8405","68.2650","70.0286","99.8397","134.3983","82.7986","37.3031","90.0239","17.1617","18.5839","11.0938","54.0620","62.5208","26.2834","29.6207","57.0432","53.2756","168.2033","49.4175","86.4862","17.2542","15.8666","28.8831","60.8441","13.6889","16.9195","128.5397","148.6845","156.0775","27.4144","43.6186","40.5519","20.8530","142.6779","22.1734","41.5906","30.3763","33.8983","50.0150","118.0242","22.8589","138.0697","44.6649","50.4871","14.1458","69.6044","16.1998","86.8090","100.0385","24.3568","13.5343","41.5312","26.6895","54.1666","57.9991","77.1977","96.2128","85.7467","168.3488","27.1084","256.1886","29.5416","29.0955","102.2912","75.0304","189.1655","85.8237"
"C:\Users\cfg364\Sommerlab Dropbox\Casper van der Luijt\Casper\Data\BioLog\OmniLog\CL2\DATA_2024\07\_NRRL 3488_Aspergillus oryzae__1_30_CL2_769_7#24#2024_A_ 9A_7.OKA","7/24/2024 10:32:48 PM"," 9-A","PM01","","NRRL 3488","Aspergillus oryzae","",71.0000,"34.8153","200.8710","132.4984","73.8357","49.2411","122.2582","34.5812","134.5800","59.9800","94.0791","118.2794","95.9067","32.6346","171.4697","77.0962","12.5058","55.6333","57.1319","18.2888","209.0307","53.9672","26.3721","116.7623","62.9564","41.4888","15.2349","43.1103","252.8539","57.9682","125.3060","74.4683","66.5235","102.1351","133.1071","79.8186","36.6241","85.1735","15.5404","16.3686","16.0610","60.4878","60.5401","28.4605","27.8152","58.6103","53.3638","166.2137","51.2632","89.6150","19.0724","18.0849","26.4649","60.9926","11.0000","18.1975","130.2679","148.2720","156.9003","26.8103","44.6523","42.7251","27.7698","145.5931","22.7091","41.2426","31.6013","37.4453","44.7855","122.1919","23.1913","141.1476","43.2841","52.8112","14.4326","70.5555","11.0000","88.2643","104.3265","23.3734","20.1965","41.9499","24.5556","53.9244","61.1161","76.6667","95.9687","89.6802","166.9812","32.9136","254.1781","31.7050","30.4501","108.0236","76.7213","189.6398","90.9167"
"C:\Users\cfg364\Sommerlab Dropbox\Casper van der Luijt\Casper\Data\BioLog\OmniLog\CL2\DATA_2024\07\_NRRL 3488_Aspergillus oryzae__1_30_CL2_769_7#24#2024_A_ 9A_7.OKA","7/24/2024 10:32:48 PM"," 9-A","PM01","","NRRL 3488","Aspergillus oryzae","",71.2500,"33.2802","202.0996","130.4727","76.8442","51.6602","121.8262","33.7357","129.0150","68.0051","95.0321","118.3112","101.3606","33.8149","173.7719","79.8374","17.1252","53.2788","65.6334","18.9277","212.7566","50.7797","23.7576","118.8181","62.7810","42.4826","17.3905","47.8546","251.8170","59.7882","121.5954","69.1885","68.6993","98.7469","131.9016","78.9250","38.6200","90.2357","17.2062","18.0200","16.1123","58.3386","61.3510","25.9459","28.0970","54.2284","56.3412","166.0833","48.8793","87.0335","24.8199","20.3484","27.6790","65.9633","14.0344","16.0584","129.1364","145.2889","155.4859","28.3398","42.7403","39.5270","25.8496","149.1366","25.6443","43.9369","30.8083","35.2830","51.2074","120.5361","20.4458","143.2640","44.2016","49.8342","20.3305","66.9567","13.8625","88.4295","102.0737","23.7452","16.7970","40.1267","23.6273","54.5276","59.3930","76.8882","96.1376","90.5223","170.8072","30.5156","254.3307","28.5508","31.6127","109.0117","72.4139","189.1875","90.9107"
"C:\Users\cfg364\Sommerlab Dropbox\Casper van der Luijt\Casper\Data\BioLog\OmniLog\CL2\DATA_2024\07\_NRRL 3488_Aspergillus oryzae__1_30_CL2_769_7#24#2024_A_ 9A_7.OKA","7/24/2024 10:32:48 PM"," 9-A","PM01","","NRRL 3488","Aspergillus oryzae","",71.5000,"32.5975","201.3163","129.0300","74.8220","50.5835","120.3142","35.7882","131.5536","64.5026","94.7116","117.9653","99.6662","30.4462","170.8869","78.6185","13.2663","51.9967","61.7694","17.9486","211.6901","54.4677","23.8846","117.2180","62.8737","40.6307","11.0000","46.3515","253.1683","54.5824","121.9405","69.7001","66.4910","98.3018","132.4422","78.1621","37.9046","90.3567","16.8614","14.4948","16.9488","57.4814","65.0497","26.7762","30.6788","54.9251","52.0680","164.4992","48.2532","83.9257","19.0010","19.7354","31.1590","62.9721","12.4243","16.5038","127.7120","146.3971","153.0740","27.1669","38.5404","39.2518","20.8684","145.5859","22.5198","44.3382","28.6770","32.6484","47.7888","115.4612","20.0668","142.5745","44.8733","50.9524","17.5600","69.7924","12.8244","89.9079","103.4023","23.0425","16.4785","42.7571","24.9837","55.4001","56.1083","76.4336","97.6696","89.6943","170.7763","30.0192","252.3032","28.0659","32.4475","102.6884","72.6751","187.3747","85.6669"
"C:\Users\cfg364\Sommerlab Dropbox\Casper van der Luijt\Casper\Data\BioLog\OmniLog\CL2\DATA_2024\07\_NRRL 3488_Aspergillus oryzae__1_30_CL2_769_7#24#2024_A_ 9A_7.OKA","7/24/2024 10:32:48 PM"," 9-A","PM01","","NRRL 3488","Aspergillus oryzae","",71.7500,"32.8044","204.3126","133.1890","74.0915","50.6722","124.0870","36.8186","130.7264","66.1603","94.9292","119.0138","93.0945","33.4971","173.9042","77.0806","13.7697","57.3428","65.5245","21.3505","212.2280","53.1205","25.1741","117.1780","62.9089","43.7504","15.2541","45.6877","253.3286","54.9114","124.5298","70.9713","65.3119","101.8520","133.8213","78.0468","37.5042","85.8036","17.9152","14.1378","12.2225","56.7589","61.0552","26.8437","26.2159","55.4852","61.1441","167.2643","51.3694","83.0092","18.8657","18.0864","29.0315","56.7481","12.3008","18.5916","125.0484","148.6113","152.9447","24.5949","45.6789","40.8708","21.2451","146.6442","22.0282","41.7738","31.8075","33.4793","47.8798","121.2737","21.1205","142.4002","47.2992","50.1097","15.3098","66.9302","11.0000","87.4118","104.5158","20.9505","16.6376","40.6834","22.4610","53.2091","57.0773","78.3285","93.5294","86.3018","168.0430","32.1523","254.7717","32.5100","30.8393","104.4516","69.7689","188.2623","85.9545"
"C:\Users\cfg364\Sommerlab Dropbox\Casper van der Luijt\Casper\Data\BioLog\OmniLog\CL2\DATA_2024\07\_NRRL 3488_Aspergillus oryzae__1_30_CL2_769_7#24#2024_A_ 9A_7.OKA","7/24/2024 10:32:48 PM"," 9-A","PM01","","NRRL 3488","Aspergillus oryzae","",72.0000,"33.8186","202.6458","133.9485","74.5445","51.3367","123.4425","34.4481","131.0150","64.7061","99.2432","117.9833","96.8367","34.7572","173.4541","78.8967","16.0348","59.6060","62.4374","15.3144","211.7206","53.2755","29.3681","119.3796","63.2858","41.8468","13.1333","47.0226","255.4753","53.8067","127.0543","71.4690","68.6186","101.9852","135.0126","80.3897","36.6185","89.9893","18.5787","17.1177","15.7056","58.6540","64.8711","29.3052","25.9117","57.6072","56.2266","168.0540","55.8628","87.8712","21.6321","19.2157","28.8675","62.4156","11.3102","22.8706","128.1630","150.3934","157.1378","25.8408","44.6564","40.6854","22.6254","148.8812","23.4730","40.7233","30.9890","37.3232","48.1950","118.3426","21.1648","142.0977","44.3695","53.7226","14.4862","67.2926","15.9067","86.4794","102.9847","23.4420","17.8399","40.7275","23.2363","58.0136","56.8460","79.6348","96.6224","93.3404","168.9373","28.5450","256.1358","31.9170","30.8870","103.5075","71.5373","189.3432","90.3931"
"C:\Users\cfg364\Sommerlab Dropbox\Casper van der Luijt\Casper\Data\BioLog\OmniLog\CL2\DATA_2024\07\_NRRL 3488_Aspergillus oryzae__1_30_CL2_769_7#24#2024_A_ 9A_7.OKA","7/24/2024 10:32:48 PM"," 9-A","PM01","","NRRL 3488","Aspergillus oryzae","",72.2500,"33.7194","200.9270","132.3150","79.5750","52.8121","124.0828","32.5623","135.4378","68.5019","98.3903","118.3433","99.6757","34.5075","172.2477","83.0885","17.0401","53.9865","60.5358","19.7032","211.9246","50.5548","31.0222","121.4353","65.1155","39.8043","19.6964","49.3645","254.1557","56.7526","125.6057","71.6094","65.9688","98.6197","133.8362","84.0755","38.1826","92.9952","13.7474","16.7033","13.0565","56.0255","63.6984","33.8851","29.7694","58.5535","57.9745","166.3083","48.9348","86.4037","21.0082","12.7935","25.1762","62.1046","14.2661","23.4842","133.3083","149.1115","156.6292","28.1711","47.6139","41.2719","27.0218","150.6464","27.5743","43.6070","33.9663","39.2175","50.8762","120.1021","22.3087","140.6267","47.0717","53.4668","19.2561","69.7829","13.9930","89.7945","104.9904","23.9643","16.5955","45.6160","25.6496","56.5967","62.5896","80.3859","99.5834","91.9387","171.4964","23.8655","252.4890","30.4092","28.6248","103.7470","70.4364","191.4678","92.0592"
"C:\Users\cfg364\Sommerlab Dropbox\Casper van der Luijt\Casper\Data\BioLog\OmniLog\CL2\DATA_2024\07\_NRRL 3488_Aspergillus oryzae__1_30_CL2_769_7#24#2024_A_ 9A_7.OKA","7/24/2024 10:32:48 PM"," 9-A","PM01","","NRRL 3488","Aspergillus oryzae","",72.5000,"33.2933","204.2673","131.1980","78.8592","48.1609","125.0173","33.4519","134.0139","71.9695","95.2962","115.9903","100.9098","35.5566","171.4700","79.4090","18.1703","57.8856","62.4750","22.1983","210.8172","53.4027","24.9081","119.8936","66.2044","45.8301","15.5383","48.2612","252.5539","57.1245","122.8156","70.8681","67.1910","102.8523","134.8852","80.7421","37.8669","89.5730","15.2710","15.8333","15.9574","56.8977","62.0437","28.5654","27.7792","56.4303","61.9485","164.3749","50.1800","86.8808","26.4179","18.0398","33.0991","65.0966","15.5911","22.9510","132.9648","150.8718","153.4894","26.5372","46.5281","47.2923","20.9978","152.6974","27.9912","40.0653","37.7817","36.4508","50.4524","117.4794","22.4637","143.2501","53.3231","54.8092","16.1786","66.8978","15.9299","88.3766","105.6438","23.9144","15.5768","43.6354","25.6022","56.7215","64.6051","81.3567","97.4886","91.5541","169.7660","30.4469","255.0170","32.6632","29.9464","104.5969","75.9702","191.1924","91.8733"
"C:\Users\cfg364\Sommerlab Dropbox\Casper van der Luijt\Casper\Data\BioLog\OmniLog\CL2\DATA_2024\07\_NRRL 3488_Aspergillus oryzae__1_30_CL2_769_7#24#2024_A_ 9A_7.OKA","7/24/2024 10:32:48 PM"," 9-A","PM01","","NRRL 3488","Aspergillus oryzae","",72.7500,"32.1754","202.7694","135.4749","75.1857","47.2619","124.1898","36.0205","131.1397","66.1399","93.6549","115.5269","93.3745","31.1069","174.4328","82.3661","13.4791","57.8489","62.9617","21.3372","214.9183","52.6995","30.0802","121.4518","64.2797","43.3416","16.2733","46.2182","255.5755","55.9078","126.8121","72.5148","67.2514","101.3774","135.4988","81.9483","38.7672","87.3132","16.0199","13.4731","17.5810","61.2235","61.2574","26.8730","26.1256","56.9759","56.4003","167.3085","51.6606","85.3220","19.7294","17.5868","28.7162","66.0650","11.0000","18.4617","130.3675","148.3798","156.8648","29.6921","43.7217","42.9721","24.8713","146.7999","21.0504","44.0453","34.8775","34.5426","48.7883","119.3450","20.9166","144.5723","47.4776","55.7921","13.8916","68.6400","13.9148","88.9315","105.8365","23.4299","18.2519","41.3526","26.0545","54.0967","62.6111","83.8072","98.9978","92.9281","169.9106","29.3932","252.6635","32.3579","27.5816","107.4712","71.8256","192.2486","94.0258"
"C:\Users\cfg364\Sommerlab Dropbox\Casper van der Luijt\Casper\Data\BioLog\OmniLog\CL2\DATA_2024\07\_NRRL 3488_Aspergillus oryzae__1_30_CL2_769_7#24#2024_A_ 9A_7.OKA","7/24/2024 10:32:48 PM"," 9-A","PM01","","NRRL 3488","Aspergillus oryzae","",73.0000,"37.8675","205.0156","132.2629","75.7193","49.5672","125.1067","34.3621","134.4350","66.0908","93.6300","116.2799","100.5048","32.2117","172.0612","79.2779","16.4944","57.6861","60.5211","22.7379","214.1301","55.0501","25.5474","120.6403","62.3144","42.3455","16.0696","44.4239","251.5817","54.3615","129.8543","70.7860","68.5188","101.6311","134.9662","88.0291","38.8148","90.3418","16.4640","14.5676","13.4950","57.6312","65.2873","26.6598","30.8825","56.3092","56.8925","165.3925","51.1471","83.2743","20.9667","18.4410","27.0318","62.5274","11.0000","24.9996","127.5789","152.8336","158.6255","26.8399","42.7715","44.5815","20.8176","151.9792","19.6910","43.4625","38.2452","36.1925","52.0640","118.6109","20.7292","142.0824","48.0461","56.0835","16.0378","67.1600","16.5101","85.9781","102.5183","22.8597","18.3143","41.4008","22.5971","53.4251","60.7561","86.7031","101.6236","94.9326","171.8669","32.0285","256.4783","27.6190","29.6870","107.1306","70.2186","186.8564","94.0349"
"C:\Users\cfg364\Sommerlab Dropbox\Casper van der Luijt\Casper\Data\BioLog\OmniLog\CL2\DATA_2024\07\_NRRL 3488_Aspergillus oryzae__1_30_CL2_769_7#24#2024_A_ 9A_7.OKA","7/24/2024 10:32:48 PM"," 9-A","PM01","","NRRL 3488","Aspergillus oryzae","",73.2500,"33.1655","206.8073","132.1138","79.4525","52.9874","130.2966","36.6343","132.6004","69.3565","98.1466","118.6966","98.6570","35.0905","175.0679","81.6704","17.1147","61.8107","66.2935","21.7443","211.7189","57.5021","31.6231","120.8944","67.4756","43.8134","16.7709","45.2708","254.9957","59.8744","129.9475","73.6935","70.5403","104.0934","133.5974","84.7187","42.2240","90.6094","20.6996","17.6855","11.1882","59.0659","65.5111","29.2578","30.6100","62.0239","58.5099","168.8581","52.2223","84.4393","26.2666","19.9791","28.0013","63.7466","12.6133","24.4201","132.4646","148.0182","163.0411","32.4081","45.4014","44.7491","23.6772","154.2906","24.4371","45.8023","38.6103","41.0267","50.6125","123.1558","19.8542","147.3724","47.0795","58.0782","19.0891","67.3730","14.6212","89.8834","108.5706","28.5908","20.0819","46.3446","27.3685","56.6590","63.9752","91.4046","101.6367","93.8721","171.2939","29.7938","256.8474","29.7609","29.2789","108.5186","73.2396","195.7712","92.8098"
"C:\Users\cfg364\Sommerlab Dropbox\Casper van der Luijt\Casper\Data\BioLog\OmniLog\CL2\DATA_2024\07\_NRRL 3488_Aspergillus oryzae__1_30_CL2_769_7#24#2024_A_ 9A_7.OKA","7/24/2024 10:32:48 PM"," 9-A","PM01","","NRRL 3488","Aspergillus oryzae","",73.5000,"39.1766","207.0771","131.8451","79.1910","49.4829","130.7436","32.9751","130.4678","73.3295","97.9049","117.2184","102.7154","34.9818","176.4385","89.0314","15.6579","61.0263","64.8043","21.4845","213.5836","55.1065","27.0437","124.3184","60.7553","43.2443","17.3684","46.5455","254.8198","61.7453","127.7675","77.8652","71.8982","104.5108","136.7753","84.7794","39.9283","95.6914","16.5685","20.1408","15.9469","62.9050","68.7461","28.3606","33.2872","62.0732","56.6899","173.1976","52.7363","82.9107","25.4951","18.3090","31.4403","67.1814","16.8864","21.6147","132.7810","154.2178","160.0443","35.4437","49.5233","45.3592","24.6469","156.2578","27.0401","45.6117","37.8214","40.3278","55.7385","122.9048","22.7558","144.5023","49.6970","55.7225","17.8590","70.6226","15.4461","89.2343","110.1876","27.4022","18.3430","46.1301","24.0744","57.8461","61.2765","91.4988","104.7551","97.8525","176.6586","32.4816","256.3753","27.1813","29.0817","108.5027","70.2100","194.2100","96.9558"
"C:\Users\cfg364\Sommerlab Dropbox\Casper van der Luijt\Casper\Data\BioLog\OmniLog\CL2\DATA_2024\07\_NRRL 3488_Aspergillus oryzae__1_30_CL2_769_7#24#2024_A_ 9A_7.OKA","7/24/2024 10:32:48 PM"," 9-A","PM01","","NRRL 3488","Aspergillus oryzae","",73.7500,"37.7848","207.4514","131.5994","82.6189","51.5854","127.2180","35.8054","136.0466","71.4718","98.9597","120.1549","99.0157","34.5206","178.5232","84.3105","13.6967","58.4068","63.4695","21.6424","213.5521","55.3916","28.7627","124.3825","64.3599","42.6983","16.9938","46.2121","256.1676","62.7959","132.2224","80.4442","73.2173","102.3863","137.4374","84.3359","39.8347","95.2980","17.6382","20.5355","16.6936","60.9404","62.5378","27.7532","30.0134","60.0530","58.7991","171.8203","52.1441","81.5807","22.9203","18.4015","30.5283","67.1192","14.5009","21.7414","136.1972","152.2370","157.8694","34.9724","48.4071","43.0298","26.1528","153.8569","22.9825","44.2186","35.7654","40.7702","52.9443","122.7481","22.8815","142.1756","48.5533","53.9082","16.5449","69.8994","12.2298","86.2122","106.8845","25.7556","17.5129","42.4017","27.6578","59.9417","58.6832","90.9880","106.3218","97.0912","175.9793","32.6370","255.6728","33.7569","31.3216","109.6062","69.5868","194.8325","93.1070"
"C:\Users\cfg364\Sommerlab Dropbox\Casper van der Luijt\Casper\Data\BioLog\OmniLog\CL2\DATA_2024\07\_NRRL 3488_Aspergillus oryzae__1_30_CL2_769_7#24#2024_A_ 9A_7.OKA","7/24/2024 10:32:48 PM"," 9-A","PM01","","NRRL 3488","Aspergillus oryzae","",74.0000,"33.3537","206.6985","135.8132","80.0236","55.8431","133.9862","37.3121","132.8534","74.4352","98.6959","119.3321","103.6448","35.0785","174.9067","84.9157","16.6973","61.1641","64.4969","19.7863","212.6900","57.0385","26.7466","123.1840","64.2677","41.2852","18.9982","47.6509","256.2901","59.1378","130.2230","75.3090","71.3588","102.2119","137.7283","86.9886","43.8970","94.6279","17.2814","19.3363","15.9759","63.8325","65.7202","33.9781","31.6384","59.4884","65.1324","170.4153","55.3579","80.9840","23.0966","17.7953","30.5402","66.6852","17.9384","22.2723","131.4779","152.0552","159.5720","32.0280","45.5633","42.8383","28.0088","153.3756","30.5684","45.1369","36.6877","40.3771","50.1995","119.8838","25.1552","146.1521","47.4231","57.4750","20.6388","70.1680","18.4358","87.4191","110.8758","24.4301","17.9394","46.1704","25.0731","56.1219","64.2098","85.7492","109.4573","96.7156","178.4130","30.0104","260.7410","34.7439","29.3472","106.8064","72.0077","196.3928","94.4055"
"C:\Users\cfg364\Sommerlab Dropbox\Casper van der Luijt\Casper\Data\BioLog\OmniLog\CL2\DATA_2024\07\_NRRL 3488_Aspergillus oryzae__1_30_CL2_769_7#24#2024_A_ 9A_7.OKA","7/24/2024 10:32:48 PM"," 9-A","PM01","","NRRL 3488","Aspergillus oryzae","",74.2500,"37.3285","205.3857","131.9160","78.6923","56.7992","126.9734","40.3462","132.3608","67.3183","97.9922","119.4696","101.2283","38.5653","181.4456","88.7577","16.0072","62.3135","62.8176","20.3886","214.1371","54.3046","22.9436","126.1557","65.8907","45.9843","15.2641","48.8181","258.3477","58.2363","130.2192","73.0887","71.5393","105.4445","137.5667","86.6141","41.7588","93.6127","19.1959","18.1536","16.4694","59.7360","64.1951","31.1517","32.2942","60.6535","57.5838","169.1993","51.8768","85.9276","23.4888","20.0903","29.9766","62.5822","11.0000","20.3598","136.7229","154.4677","158.5957","31.2801","45.3327","42.3361","25.4722","154.6884","24.6391","46.7120","34.7221","37.4792","55.8159","123.1807","22.5052","143.6529","47.4104","51.8310","20.8369","69.8776","11.7261","89.1896","107.5016","26.2207","19.1162","43.8358","26.4775","58.4806","60.9636","89.9807","108.2471","98.7166","173.4642","26.2234","259.5004","32.7330","29.7023","109.7390","69.1073","191.8937","93.0705"
"C:\Users\cfg364\Sommerlab Dropbox\Casper van der Luijt\Casper\Data\BioLog\OmniLog\CL2\DATA_2024\07\_NRRL 3488_Aspergillus oryzae__1_30_CL2_769_7#24#2024_A_ 9A_7.OKA","7/24/2024 10:32:48 PM"," 9-A","PM01","","NRRL 3488","Aspergillus oryzae","",74.5000,"35.3556","206.0717","131.0941","77.2326","51.2768","130.0772","36.9464","138.7086","72.4578","98.8312","120.1822","102.8894","33.8128","176.2865","87.9965","14.7665","60.0679","66.2589","19.4626","218.3017","56.7307","26.3403","124.8929","68.2815","45.1548","16.2797","50.0061","254.9695","61.1626","132.6750","74.3247","69.8137","103.7255","140.0376","83.4663","42.5310","97.0173","11.4098","17.4403","13.4273","59.9048","66.6296","31.7658","27.0497","60.9722","60.1219","171.0247","55.7499","82.2754","22.3057","19.2012","28.7083","65.6804","14.9812","20.7545","133.7404","150.8947","158.5601","32.6358","47.9841","43.7606","24.8703","157.1197","24.8821","44.8054","37.1234","35.6534","52.8188","120.5849","21.9458","144.9793","46.6924","57.6519","17.9820","65.6839","15.4638","85.1121","108.9532","26.1025","21.3868","44.5636","31.0987","52.1960","62.0220","90.9972","108.1831","103.0212","173.7270","29.3273","256.4167","34.4392","25.7660","108.2502","73.1006","190.8977","97.0404"
"C:\Users\cfg364\Sommerlab Dropbox\Casper van der Luijt\Casper\Data\BioLog\OmniLog\CL2\DATA_2024\07\_NRRL 3488_Aspergillus oryzae__1_30_CL2_769_7#24#2024_A_ 9A_7.OKA","7/24/2024 10:32:48 PM"," 9-A","PM01","","NRRL 3488","Aspergillus oryzae","",74.7500,"36.5446","207.0114","133.6232","79.4582","53.3923","129.5793","33.1073","129.6542","67.2703","97.2996","122.0018","104.1388","36.9232","178.4544","88.6163","17.1034","61.2892","65.8049","20.9780","214.1851","56.3574","25.9145","125.6948","67.3212","41.0674","13.7012","47.4018","257.8157","59.8202","132.6564","73.2666","72.3247","101.6913","133.7128","83.7961","37.8142","95.0109","19.4474","17.5081","13.0040","59.1624","65.7833","29.8585","28.7242","57.3434","58.9284","168.9514","54.4814","82.2076","20.9602","18.8761","31.5746","65.8508","11.7746","21.2348","134.3922","155.0501","156.9521","32.2563","47.7280","42.8239","26.5480","159.8593","20.4805","44.8215","33.2416","35.8205","54.5502","119.7745","22.7192","145.3043","48.2349","57.7470","18.7799","66.2781","16.1005","86.7095","107.9833","27.2667","16.9188","46.6493","24.8348","52.9051","59.5770","89.8884","107.1030","101.7512","178.1700","29.1102","255.6385","31.7909","29.7068","108.3469","70.5183","189.9630","95.2648"
"C:\Users\cfg364\Sommerlab Dropbox\Casper van der Luijt\Casper\Data\BioLog\OmniLog\CL2\DATA_2024\07\_NRRL 3488_Aspergillus oryzae__1_30_CL2_769_7#24#2024_A_ 9A_7.OKA","7/24/2024 10:32:48 PM"," 9-A","PM01","","NRRL 3488","Aspergillus oryzae","",75.0000,"37.9630","206.2516","135.4671","79.1963","47.9344","131.2483","37.4250","135.3895","69.5518","96.7227","117.2104","102.9011","34.1522","176.4358","88.1701","18.5292","65.9034","66.7876","24.4008","214.9470","55.3626","27.6505","128.5525","66.1259","45.4848","17.8070","50.0978","254.2259","60.3289","135.9779","77.1224","69.9822","106.0332","140.9365","87.8903","39.5983","94.4832","18.9856","16.0770","16.2907","64.3147","68.2744","31.5107","30.5355","62.4062","59.0711","169.4613","53.6307","85.0174","22.5525","19.6955","29.8945","63.0230","16.1429","24.9624","136.0390","153.8310","158.0560","32.1964","47.4258","44.0791","26.2891","156.4841","28.7346","46.3348","35.8901","40.7962","53.8899","121.6358","23.2747","141.8079","49.1980","56.3538","20.2433","69.1100","17.2528","87.4969","111.3655","24.6573","15.1994","43.4523","24.4153","53.5713","67.3354","89.9818","108.3560","104.2289","176.7980","29.7062","261.8851","37.3775","30.5336","110.0660","72.3288","196.9007","96.2820"
"C:\Users\cfg364\Sommerlab Dropbox\Casper van der Luijt\Casper\Data\BioLog\OmniLog\CL2\DATA_2024\07\_NRRL 3488_Aspergillus oryzae__1_30_CL2_769_7#24#2024_A_ 9A_7.OKA","7/24/2024 10:32:48 PM"," 9-A","PM01","","NRRL 3488","Aspergillus oryzae","",75.2500,"37.4213","208.0583","132.3672","76.8433","54.5372","131.9052","37.9458","132.9423","69.9758","100.6452","115.4583","104.6036","35.8652","178.5686","88.2894","16.6503","62.5026","69.9196","20.6095","216.7349","57.2176","29.4056","127.3683","63.6019","42.2963","13.7409","48.5444","255.3535","59.1216","134.3800","78.2861","71.3670","101.5220","134.2264","89.1944","40.7006","97.2077","18.5814","20.5427","16.9473","61.3607","69.0126","35.9665","34.5954","63.4535","62.6482","174.1378","56.9694","80.5009","23.5764","17.1331","32.7206","65.1841","17.3991","19.8713","133.1981","153.9391","160.7585","34.4066","41.2157","42.1155","25.6746","157.1704","24.7169","47.8736","34.4235","37.5406","51.7383","119.9833","21.4446","142.5611","48.0023","55.7559","20.2933","66.0518","14.7374","87.2432","109.3934","24.2493","16.1429","48.3427","28.4003","55.6331","61.1644","97.2784","107.8426","103.5777","179.7832","29.2375","258.2523","30.7374","35.2516","106.9867","72.2498","195.9595","100.3498"
"C:\Users\cfg364\Sommerlab Dropbox\Casper van der Luijt\Casper\Data\BioLog\OmniLog\CL2\DATA_2024\07\_NRRL 3488_Aspergillus oryzae__1_30_CL2_769_7#24#2024_A_ 9A_7.OKA","7/24/2024 10:32:48 PM"," 9-A","PM01","","NRRL 3488","Aspergillus oryzae","",75.5000,"39.3127","205.4032","130.1620","79.0270","49.5842","131.1884","39.6676","135.1520","75.0967","101.7845","122.3625","102.7843","36.9076","176.6642","88.9100","19.5104","64.3886","67.1824","18.5258","214.4180","56.2693","29.0141","121.7828","63.8000","44.9588","16.9324","47.8311","255.5210","59.3886","136.4720","79.2871","65.5935","102.6648","139.6288","88.5229","42.2092","95.4715","19.5751","16.4811","14.5031","61.5476","68.5368","32.9082","34.1532","59.6385","55.9021","171.3950","56.3017","85.3199","25.2100","23.8027","32.1288","64.6292","18.2378","23.5260","135.4672","153.4677","159.3909","30.3139","48.1776","43.0283","26.2561","157.6663","21.9996","45.8300","37.3467","39.0095","56.6757","120.9518","20.2818","143.1999","51.2410","58.0020","17.2934","65.8073","14.7921","84.2449","114.8139","27.5184","16.1829","48.6052","24.7784","60.6221","63.9719","93.6104","109.5638","108.0819","178.0961","31.7694","256.3688","35.2230","33.1818","108.3802","72.5775","194.4259","96.7194"
"C:\Users\cfg364\Sommerlab Dropbox\Casper van der Luijt\Casper\Data\BioLog\OmniLog\CL2\DATA_2024\07\_NRRL 3488_Aspergillus oryzae__1_30_CL2_769_7#24#2024_A_ 9A_7.OKA","7/24/2024 10:32:48 PM"," 9-A","PM01","","NRRL 3488","Aspergillus oryzae","",75.7500,"37.9453","206.8214","132.9111","77.8349","50.0277","136.3648","35.5320","135.3059","71.3143","100.1529","120.3972","101.5153","35.2306","180.8066","90.8396","11.3392","63.5486","66.0713","22.9594","219.3538","58.4219","29.6963","128.1111","65.0543","45.3026","17.9616","46.9753","258.5433","59.3600","135.2986","75.9548","69.3500","105.7013","137.3702","90.4248","37.8097","98.5613","20.1941","17.9966","15.0360","61.0168","68.7776","32.2882","33.7010","60.0190","58.6268","170.9414","54.7845","81.3191","21.4187","18.4810","28.0127","62.2376","16.7117","25.5088","133.3143","155.4184","154.9464","34.1984","46.1830","40.4448","25.8121","161.2981","28.9147","43.0085","38.7804","36.7354","54.9731","121.8914","23.5381","145.2486","50.2641","55.1492","16.1441","69.5677","16.2713","88.8581","112.7957","24.2842","21.1077","44.7235","23.4630","61.4521","61.5612","96.4106","107.3291","105.8453","180.5438","32.7743","254.8572","37.8333","29.7733","109.7367","72.1019","196.6738","95.4070"
"C:\Users\cfg364\Sommerlab Dropbox\Casper van der Luijt\Casper\Data\BioLog\OmniLog\CL2\DATA_2024\07\_NRRL 3488_Aspergillus oryzae__1_30_CL2_769_7#24#2024_A_ 9A_7.OKA","7/24/2024 10:32:48 PM"," 9-A","PM01","","NRRL 3488","Aspergillus oryzae","",76.0000,"33.6754","205.0632","134.3064","78.9336","48.5196","132.1253","39.4216","133.8767","68.7280","101.5449","117.9166","105.1768","39.1346","178.8143","89.9608","16.2288","66.1556","65.8244","23.1048","216.6512","54.7360","27.1400","128.7854","64.6453","40.6356","12.9792","49.3264","255.7892","60.7564","134.5129","75.7771","68.1995","103.6217","135.7852","86.2412","39.3811","97.1129","15.8028","17.5189","18.4480","64.1250","67.9232","34.2246","33.2280","64.4119","62.1538","173.9433","56.0852","78.4187","26.6773","21.0090","32.0910","62.1299","13.9069","23.3565","136.4202","155.2969","161.6577","31.7193","48.9328","40.2468","28.9353","159.5431","23.1953","43.1946","33.1140","39.1531","56.7721","124.6204","20.5772","145.8166","48.7317","55.5135","19.6709","67.0864","14.3245","87.0517","106.5552","26.7760","15.8932","46.4007","29.7391","58.7681","60.4156","96.0780","113.0859","111.6088","178.2283","29.5850","259.3146","34.4737","29.6913","108.0719","70.6886","197.6359","100.0446"
"C:\Users\cfg364\Sommerlab Dropbox\Casper van der Luijt\Casper\Data\BioLog\OmniLog\CL2\DATA_2024\07\_NRRL 3488_Aspergillus oryzae__1_30_CL2_769_7#24#2024_A_ 9A_7.OKA","7/24/2024 10:32:48 PM"," 9-A","PM01","","NRRL 3488","Aspergillus oryzae","",76.2500,"32.2640","207.7587","133.0418","81.0860","52.2891","129.0519","34.7407","132.8293","73.7973","100.1144","119.9824","100.0091","35.8412","181.0746","92.3038","16.4716","69.3458","70.3178","27.0662","211.8363","57.5372","25.2911","127.1910","65.5623","44.2173","14.8799","47.8602","256.7886","57.0732","137.6995","80.3128","68.1159","102.1486","134.6294","88.4511","40.7429","96.0305","17.6882","17.9622","14.5856","59.1480","68.9785","30.9902","32.8687","65.8803","61.9662","172.4831","54.8477","82.1664","29.1269","13.2616","31.5538","64.0939","14.0109","21.7225","135.4984","151.2049","161.9703","29.0414","44.3019","40.4634","25.5858","159.0067","25.6968","43.8229","33.5864","42.1629","53.1542","120.5225","22.4491","143.8322","48.8580","58.7321","18.7465","65.0892","13.8327","86.2177","110.1205","22.8578","18.8745","45.1862","26.8449","61.3162","60.3486","94.4988","109.2066","110.6404","180.1054","29.7441","255.7173","35.8056","30.8237","107.4824","72.6592","193.5035","97.9892"
"C:\Users\cfg364\Sommerlab Dropbox\Casper van der Luijt\Casper\Data\BioLog\OmniLog\CL2\DATA_2024\07\_NRRL 3488_Aspergillus oryzae__1_30_CL2_769_7#24#2024_A_ 9A_7.OKA","7/24/2024 10:32:48 PM"," 9-A","PM01","","NRRL 3488","Aspergillus oryzae","",76.5000,"35.0192","206.5605","134.0868","80.0781","50.2186","128.9318","33.9481","134.8097","74.5076","101.9408","120.9007","101.1957","39.0320","180.3513","88.6460","13.6413","68.2262","68.9113","19.5198","218.9472","55.7934","28.9114","128.3154","67.3958","42.7703","20.1029","46.4293","257.5745","56.4991","132.8873","79.5586","72.5772","106.8778","135.2703","88.6610","40.1603","98.9091","18.6679","18.8726","17.3023","59.4076","67.5959","34.1772","31.6446","63.5998","62.5298","173.3490","56.2358","80.8130","23.9414","19.2641","30.8843","64.1445","17.0864","20.9419","137.9829","153.4461","161.5168","31.0379","48.0547","43.1418","23.1446","158.7246","25.1424","44.3713","35.9507","37.9442","54.8167","123.8319","21.0007","142.6817","48.0162","57.5526","18.0534","67.2007","18.6706","89.0825","113.3925","26.8994","17.8723","47.9066","25.0658","57.8657","62.8576","95.1918","109.4339","113.9572","181.4524","31.4234","254.9862","32.4006","30.5722","109.0190","67.9153","199.7538","93.1772"
"C:\Users\cfg364\Sommerlab Dropbox\Casper van der Luijt\Casper\Data\BioLog\OmniLog\CL2\DATA_2024\07\_NRRL 3488_Aspergillus oryzae__1_30_CL2_769_7#24#2024_A_ 9A_7.OKA","7/24/2024 10:32:48 PM"," 9-A","PM01","","NRRL 3488","Aspergillus oryzae","",76.7500,"38.2210","208.2487","132.4854","79.6116","52.9800","133.8719","36.9622","133.7484","74.2883","107.7866","119.2821","109.0006","33.8994","181.5311","95.6894","17.2568","71.6781","64.3037","22.8458","217.6377","57.7095","27.6816","131.0200","66.1104","46.4141","12.6414","47.6824","258.3894","60.1353","137.0291","74.4144","66.8336","102.2370","137.5085","86.3366","41.2332","96.1697","20.5657","16.3304","16.0114","62.6694","65.0329","30.7964","30.0426","62.0941","61.9883","173.6407","53.1844","79.8805","24.2773","15.0400","27.4471","65.7011","13.1976","20.7365","135.5340","155.6555","162.4268","27.6174","47.7678","42.3168","25.5464","161.3395","27.7838","43.2887","33.3552","43.5513","53.8786","121.2539","23.7123","141.8851","53.0584","60.0304","17.5162","66.5516","13.1463","89.6534","108.1483","23.9338","16.5516","45.8208","25.9837","54.4468","64.6530","97.9208","108.5236","113.9072","178.7265","33.1645","257.6978","35.6812","30.9284","111.0499","68.8622","195.9753","102.2784"
"C:\Users\cfg364\Sommerlab Dropbox\Casper van der Luijt\Casper\Data\BioLog\OmniLog\CL2\DATA_2024\07\_NRRL 3488_Aspergillus oryzae__1_30_CL2_769_7#24#2024_A_ 9A_7.OKA","7/24/2024 10:32:48 PM"," 9-A","PM01","","NRRL 3488","Aspergillus oryzae","",77.0000,"37.7884","205.5064","135.0284","80.4216","53.3393","129.8120","38.5736","132.0957","75.4823","100.7706","119.2954","107.9363","38.3956","182.1096","95.2239","19.5781","70.2640","73.7148","18.8285","215.9681","60.0227","35.6505","129.1548","70.1387","45.0701","16.3706","47.9565","257.6753","56.5016","138.0493","77.8911","71.3189","105.9795","139.3085","88.2064","47.0730","100.8528","19.4474","17.1285","15.4069","56.5732","71.1445","33.8853","29.9639","62.6627","61.1027","172.2439","55.2467","79.8824","25.8311","17.5276","31.1092","62.8147","14.5380","24.0750","135.9536","156.4831","160.8853","36.0129","49.2777","41.2693","23.4306","159.6157","26.9273","46.7384","39.3990","38.7277","57.9958","123.8232","22.0025","147.9532","47.1756","56.3470","18.6504","67.5203","12.2922","84.4858","109.0769","30.2158","14.9807","48.1403","25.8065","60.2707","61.7419","97.2949","115.7264","117.9760","181.4532","32.5501","258.2756","34.6754","30.6729","109.5725","70.6766","197.7345","98.2836"
"C:\Users\cfg364\Sommerlab Dropbox\Casper van der Luijt\Casper\Data\BioLog\OmniLog\CL2\DATA_2024\07\_NRRL 3488_Aspergillus oryzae__1_30_CL2_769_7#24#2024_A_ 9A_7.OKA","7/24/2024 10:32:48 PM"," 9-A","PM01","","NRRL 3488","Aspergillus oryzae","",77.2500,"36.1259","206.4300","132.4942","80.1512","52.6356","129.6931","39.3586","132.2574","78.7124","102.7370","119.3296","107.6432","38.7174","180.4820","93.1981","17.3350","70.8359","69.7069","21.9952","217.8258","57.6964","29.8973","131.1066","63.1979","48.0803","18.8288","51.1532","258.9450","58.0662","137.3556","77.6779","69.3537","101.8177","139.4214","92.0609","43.2514","98.6114","19.1701","16.1606","17.6971","59.8294","66.9695","36.0896","31.2995","67.4095","57.4941","173.4198","58.3086","80.0394","22.3084","19.6609","31.4116","65.9607","16.6457","21.7715","136.1284","153.8452","161.3465","29.8022","46.8006","44.1026","28.7684","159.3012","28.1858","47.5299","36.5889","44.3315","55.7352","122.4754","23.0491","143.2139","51.4868","58.4800","16.3033","67.5091","15.3905","86.1090","108.5462","24.9240","15.6105","48.2286","26.9564","58.9626","58.5329","97.0618","112.9107","119.3950","183.4286","31.1732","257.0021","35.1294","28.8790","111.7658","69.4958","197.4300","98.1630"
"C:\Users\cfg364\Sommerlab Dropbox\Casper van der Luijt\Casper\Data\BioLog\OmniLog\CL2\DATA_2024\07\_NRRL 3488_Aspergillus oryzae__1_30_CL2_769_7#24#2024_A_ 9A_7.OKA","7/24/2024 10:32:48 PM"," 9-A","PM01","","NRRL 3488","Aspergillus oryzae","",77.5000,"37.5412","206.2253","131.3217","76.3586","46.3394","132.5986","39.2170","131.5233","77.1311","104.5308","120.8272","106.2389","34.0885","177.7817","92.5219","16.6488","70.9519","69.8943","23.5961","216.8904","55.8801","28.9940","128.2967","65.7512","42.1977","19.3143","46.9784","258.0845","61.2094","137.8549","80.2243","69.2606","102.2733","137.6153","91.6362","41.2211","96.3705","18.8837","17.9832","19.1455","59.4393","69.6463","32.6899","33.4816","63.8320","62.6113","172.5820","55.5932","82.8132","17.2683","16.7061","31.7179","62.5617","11.7129","24.2336","138.3072","154.3286","163.8402","31.3797","51.0590","42.8459","23.7208","161.3067","29.7491","49.6420","34.9010","43.5221","52.6332","124.1198","23.1627","148.7286","49.4364","58.7167","17.7181","66.9360","13.0756","86.2804","108.8114","26.1900","18.9412","48.9915","29.0708","58.2761","63.3201","98.9300","115.4831","115.3528","178.6571","29.2302","259.9240","31.2029","25.9630","112.2199","72.7025","195.3136","98.3384"
"C:\Users\cfg364\Sommerlab Dropbox\Casper van der Luijt\Casper\Data\BioLog\OmniLog\CL2\DATA_2024\07\_NRRL 3488_Aspergillus oryzae__1_30_CL2_769_7#24#2024_A_ 9A_7.OKA","7/24/2024 10:32:48 PM"," 9-A","PM01","","NRRL 3488","Aspergillus oryzae","",77.7500,"34.8981","207.0258","129.4136","75.1243","48.5941","133.4838","36.7796","132.3157","74.5430","106.7639","118.4836","107.9071","37.3258","182.6075","93.3880","15.2411","68.0350","66.6250","26.0961","214.7012","58.1381","31.2381","125.3603","68.1545","45.9638","17.5298","49.2902","257.2855","53.7756","135.5679","74.7769","68.7013","101.2963","136.9834","91.0378","43.5213","98.5765","15.6536","18.5953","16.9746","58.7878","69.1899","32.0817","30.7300","60.0019","59.7684","172.1991","54.6384","78.3717","23.7389","15.6608","34.3610","60.5462","15.4844","19.3172","133.6108","154.8176","156.5048","30.4376","46.7298","43.6079","23.0688","158.2244","25.7653","45.3344","36.1968","38.8145","48.9600","121.1409","21.8578","144.6413","50.6569","57.2466","16.5396","65.4581","14.2356","86.4414","112.1364","20.0895","19.3808","47.7600","24.9866","58.4839","59.0686","98.8199","116.4710","119.2235","178.0131","29.9054","255.4889","31.7545","31.7506","108.7798","70.7789","195.8743","102.1012"
"C:\Users\cfg364\Sommerlab Dropbox\Casper van der Luijt\Casper\Data\BioLog\OmniLog\CL2\DATA_2024\07\_NRRL 3488_Aspergillus oryzae__1_30_CL2_769_7#24#2024_A_ 9A_7.OKA","7/24/2024 10:32:48 PM"," 9-A","PM01","","NRRL 3488","Aspergillus oryzae","",78.0000,"36.3490","209.7471","131.9688","79.4319","49.1822","135.3184","39.4472","130.4422","76.3599","100.8056","115.7858","109.1533","37.6622","185.2978","96.2867","17.2684","71.5281","71.1415","26.4770","217.1172","55.6150","31.6531","125.3354","67.5145","41.8642","14.9123","47.7710","256.6179","61.3269","138.7659","76.1235","69.1126","101.7609","138.2878","87.7031","41.1513","97.6623","17.5414","18.2972","13.9642","57.8077","70.4408","33.0267","30.0430","64.5089","62.6129","169.0838","55.4211","78.8048","23.7705","18.5322","30.2650","64.2303","13.7216","22.0571","137.5863","152.8771","161.3619","29.6740","50.6900","44.7045","25.0138","160.1007","25.8234","44.6677","38.2273","41.5678","54.4684","116.0056","20.2082","144.7167","47.3191","57.1839","16.6317","64.9703","12.1633","84.4012","108.3636","27.0485","20.9820","47.3141","26.0842","58.7074","61.0076","96.3260","114.4774","119.8590","181.5452","29.9304","259.5064","33.0666","33.6084","110.0884","71.0519","195.8585","99.4817"
"C:\Users\cfg364\Sommerlab Dropbox\Casper van der Luijt\Casper\Data\BioLog\OmniLog\CL2\DATA_2024\07\_NRRL 3488_Aspergillus oryzae__1_30_CL2_769_7#24#2024_A_ 9A_7.OKA","7/24/2024 10:32:48 PM"," 9-A","PM01","","NRRL 3488","Aspergillus oryzae","",78.2500,"36.4377","208.8859","130.0722","80.2294","52.2523","135.0769","38.7821","134.7354","74.3239","102.0233","120.9404","110.2685","37.8373","181.9372","96.8725","16.0775","76.2382","68.8402","20.8165","216.7285","58.3941","29.7213","129.4656","63.4676","44.7340","15.4499","47.1625","258.0201","59.6233","139.6048","83.0495","69.3068","104.1285","140.7018","89.8627","43.2604","99.0262","17.8711","14.2490","15.8409","60.9047","65.4872","34.1453","33.9425","66.4115","66.0825","173.1812","60.6319","83.8370","24.3758","16.1588","32.6821","62.8659","14.9980","24.8088","136.0223","156.1197","161.8034","30.2155","45.2721","41.8846","26.4660","162.8781","27.5318","43.2601","36.5056","43.0005","55.0185","124.7019","21.7447","146.7285","50.6480","60.4766","17.6112","69.1456","17.1703","86.5507","109.5669","27.5489","19.7022","46.5799","25.5073","56.5196","60.5904","99.0467","112.2579","121.7699","185.8001","31.6863","258.4651","33.8335","28.4444","108.5662","75.7375","194.0581","101.7448"
"C:\Users\cfg364\Sommerlab Dropbox\Casper van der Luijt\Casper\Data\BioLog\OmniLog\CL2\DATA_2024\07\_NRRL 3488_Aspergillus oryzae__1_30_CL2_769_7#24#2024_A_ 9A_7.OKA","7/24/2024 10:32:48 PM"," 9-A","PM01","","NRRL 3488","Aspergillus oryzae","",78.5000,"38.2114","211.4717","129.4597","76.8917","50.4857","131.8226","35.2993","133.2685","76.9223","106.7571","118.9081","108.8647","41.4812","181.5065","95.1015","15.7594","67.0394","69.0195","23.2611","218.0675","59.5678","28.9161","126.5315","67.9926","44.0165","18.8727","48.6870","258.3101","57.6607","141.2571","80.2752","67.0058","103.6452","136.7929","91.7684","40.0917","102.1317","19.1388","17.6972","13.9009","63.8868","70.4571","34.2998","30.8291","66.6921","61.2160","167.9405","56.3226","79.3470","26.9359","19.4871","32.8871","66.2881","14.7487","22.9996","135.5924","157.5181","160.6474","34.1136","47.2458","46.9881","25.9856","163.0513","25.9639","45.1430","37.0815","40.1396","54.4587","122.4692","24.9556","145.2006","50.3819","53.2892","17.4282","69.3154","19.1220","88.1971","108.4571","26.0782","16.5794","46.8511","27.0626","58.3877","60.5644","100.8470","114.9042","123.8941","184.0324","32.5928","259.4936","32.8164","26.9140","110.6318","71.7003","196.6653","99.2451"
"C:\Users\cfg364\Sommerlab Dropbox\Casper van der Luijt\Casper\Data\BioLog\OmniLog\CL2\DATA_2024\07\_NRRL 3488_Aspergillus oryzae__1_30_CL2_769_7#24#2024_A_ 9A_7.OKA","7/24/2024 10:32:48 PM"," 9-A","PM01","","NRRL 3488","Aspergillus oryzae","",78.7500,"39.1102","207.2906","130.6262","80.4485","51.2117","131.9512","39.3228","131.7196","79.5835","105.5085","122.3971","110.7557","40.2620","184.0393","97.6075","14.0399","70.4203","68.7019","22.1235","216.3253","59.1589","30.8856","129.7514","64.3106","44.2893","17.3106","49.7767","257.2967","61.1888","142.1948","76.7893","68.5843","104.4028","138.0645","91.8317","40.0917","101.6498","19.4205","18.6714","16.3963","62.8386","69.4309","33.9516","30.9870","64.1290","63.0687","169.7228","56.2604","81.9000","25.6026","18.3493","29.9856","62.1649","14.0362","20.4917","139.2309","157.2660","159.5897","33.1991","47.9496","47.0185","26.3312","160.6548","27.5141","44.6808","36.7075","40.8062","58.7794","121.4616","21.8369","144.9814","51.2401","57.1747","17.2032","65.5663","19.8093","88.9367","110.1635","23.8420","17.2208","46.4006","26.4510","57.1253","63.8449","100.1830","113.0213","128.5092","183.5322","32.8100","256.6089","33.3328","25.1926","111.6750","72.8714","196.7635","99.8543"
"C:\Users\cfg364\Sommerlab Dropbox\Casper van der Luijt\Casper\Data\BioLog\OmniLog\CL2\DATA_2024\07\_NRRL 3488_Aspergillus oryzae__1_30_CL2_769_7#24#2024_A_ 9A_7.OKA","7/24/2024 10:32:48 PM"," 9-A","PM01","","NRRL 3488","Aspergillus oryzae","",79.0000,"37.8976","207.5986","130.0489","80.7889","50.1698","130.0039","36.0280","130.7456","77.7025","105.4302","119.1472","107.2446","36.4872","184.1378","94.0250","18.0369","72.4615","70.4949","21.8397","217.0406","57.4962","30.0816","130.7282","66.6089","40.5253","14.4690","48.1553","254.7825","58.6216","142.3733","79.7467","71.9753","102.2916","137.9811","90.8021","41.0146","98.7137","14.8576","18.5464","15.3660","59.1030","69.5605","34.5228","31.6166","64.8630","61.4645","172.2973","54.4592","74.9835","23.2939","17.7973","29.2496","60.4827","16.7407","19.3047","133.9713","155.8023","159.7580","29.7289","39.0284","43.4829","27.0383","163.8066","27.9659","47.6798","37.0979","44.5643","53.7985","124.0016","22.2271","145.8898","49.7404","60.9330","17.2913","69.5958","13.7940","86.3106","107.3173","26.8336","14.7151","47.1880","24.2271","54.3826","59.5853","98.7404","112.6086","127.0658","184.7410","26.8112","255.6621","30.6696","29.3896","110.7167","69.3924","196.0345","101.7873"
"C:\Users\cfg364\Sommerlab Dropbox\Casper van der Luijt\Casper\Data\BioLog\OmniLog\CL2\DATA_2024\07\_NRRL 3488_Aspergillus oryzae__1_30_CL2_769_7#24#2024_A_ 9A_7.OKA","7/24/2024 10:32:48 PM"," 9-A","PM01","","NRRL 3488","Aspergillus oryzae","",79.2500,"34.3073","208.0883","130.5866","76.0582","52.6772","133.1750","38.2063","126.5754","80.2495","105.4515","116.5448","108.3836","41.0610","182.2691","94.6527","14.8266","74.6613","72.6381","24.8556","216.6798","56.7765","28.4326","132.3691","63.0288","41.9613","12.6349","49.6088","262.7079","57.6371","138.3359","77.5617","69.4723","103.7440","133.4225","89.4474","43.9672","100.1320","16.7335","16.4417","16.2308","59.8444","71.2287","34.5154","34.3876","66.0453","63.1010","173.5798","54.1529","77.8421","23.3336","21.5666","29.2952","62.6042","12.1808","23.8913","140.8070","153.6221","158.2031","30.8218","43.9783","44.3387","24.7036","168.4529","24.2139","43.8440","32.6410","39.8168","51.2535","120.1621","18.4550","145.1409","52.6729","56.0487","19.3101","65.3255","14.0879","87.3773","109.7048","23.0737","15.4167","48.3890","22.9591","55.4913","60.4730","102.8044","115.2069","126.2807","187.4285","31.0120","257.3376","34.8059","27.9482","111.6305","70.5919","196.7074","100.1810"
"C:\Users\cfg364\Sommerlab Dropbox\Casper van der Luijt\Casper\Data\BioLog\OmniLog\CL2\DATA_2024\07\_NRRL 3488_Aspergillus oryzae__1_30_CL2_769_7#24#2024_A_ 9A_7.OKA","7/24/2024 10:32:48 PM"," 9-A","PM01","","NRRL 3488","Aspergillus oryzae","",79.5000,"37.0867","208.7648","130.5226","78.0923","50.5829","130.9363","35.8549","132.0048","79.9198","106.8232","118.6561","111.4399","38.5855","184.9883","97.3386","17.6765","72.0878","68.7962","26.0884","215.1521","63.4653","28.2764","134.1676","64.4155","43.8394","16.0974","46.0021","258.6555","55.5024","143.2348","76.8030","67.5762","108.5446","139.5714","91.5566","42.6295","99.6551","18.9266","14.6320","14.8797","61.8872","72.9792","35.3902","32.6577","65.9090","63.7767","173.8448","55.2267","81.4744","22.1541","18.5739","33.2559","64.1874","17.2019","23.8008","135.8287","158.0912","162.2516","32.9131","44.6896","43.6923","30.2156","161.8828","30.4170","44.7375","34.7692","43.8754","56.3220","124.5754","22.4566","145.0625","52.2406","58.7075","18.8164","64.7744","17.7530","88.6087","114.3167","24.5001","18.0150","52.6435","26.8395","58.1610","61.3963","103.2093","117.7516","131.0554","185.2117","33.3945","256.1625","34.4066","31.2984","107.7392","71.1831","202.1433","101.5553"
"C:\Users\cfg364\Sommerlab Dropbox\Casper van der Luijt\Casper\Data\BioLog\OmniLog\CL2\DATA_2024\07\_NRRL 3488_Aspergillus oryzae__1_30_CL2_769_7#24#2024_A_ 9A_7.OKA","7/24/2024 10:32:48 PM"," 9-A","PM01","","NRRL 3488","Aspergillus oryzae","",79.7500,"37.0839","207.4926","131.8786","74.5890","50.3395","134.4556","36.4168","132.2341","75.5663","106.6821","118.6121","108.3816","35.1133","185.1166","94.7195","17.5516","75.6905","70.2720","25.5943","218.3232","59.6470","29.4686","130.8817","67.4465","44.4918","17.5971","49.4799","260.9837","62.2810","139.0378","79.6253","69.6522","102.6741","136.9566","92.6701","35.8352","101.3605","18.8430","17.0562","13.9225","62.0647","72.5771","34.7726","32.6550","65.4134","61.4210","176.6834","58.9040","77.9645","21.4039","22.3517","28.2448","63.7406","12.9528","20.8424","136.2012","156.2862","160.3061","30.0218","46.6194","39.2227","25.4797","164.1148","30.6902","41.2799","37.0598","42.3915","56.7717","124.1742","21.0612","147.2392","54.5857","58.0413","20.5975","66.2563","13.3057","83.7723","110.5017","25.8408","18.4887","47.6396","20.5386","59.0460","59.0632","104.4794","115.8133","130.0600","190.7828","27.7333","258.0315","32.2468","28.7784","106.9698","68.9604","202.5451","102.8041"
"C:\Users\cfg364\Sommerlab Dropbox\Casper van der Luijt\Casper\Data\BioLog\OmniLog\CL2\DATA_2024\07\_NRRL 3488_Aspergillus oryzae__1_30_CL2_769_7#24#2024_A_ 9A_7.OKA","7/24/2024 10:32:48 PM"," 9-A","PM01","","NRRL 3488","Aspergillus oryzae","",80.0000,"37.5007","207.8976","132.8358","75.3243","49.4866","132.4885","34.5035","131.4382","80.7847","109.3128","117.5493","110.1646","38.6847","183.4525","102.6458","15.6602","74.0421","72.0495","21.4661","222.7458","60.0433","32.8676","131.6786","68.2785","43.3885","14.3588","48.8578","260.5890","60.8219","141.8868","79.3620","70.0138","104.3243","136.6051","93.6099","42.6840","97.9621","15.7926","17.2895","18.6297","62.0861","73.6094","31.6128","31.7363","66.3549","66.1835","169.4182","60.9508","77.9582","25.5776","22.6819","34.3157","63.0158","14.5247","24.6208","134.1362","157.2192","160.5026","30.3557","47.6253","46.7153","26.3769","167.3882","26.8389","45.6624","38.9392","43.2560","56.7678","125.1870","21.5753","147.8639","51.0847","56.7353","16.2524","62.2550","16.5374","85.9545","108.0938","21.4828","18.3991","47.0131","23.1328","59.8487","61.7067","102.7205","115.4380","130.8359","187.6889","29.1043","257.8788","37.3606","31.9323","109.5162","70.6445","200.8950","99.6691"
"C:\Users\cfg364\Sommerlab Dropbox\Casper van der Luijt\Casper\Data\BioLog\OmniLog\CL2\DATA_2024\07\_NRRL 3488_Aspergillus oryzae__1_30_CL2_769_7#24#2024_A_ 9A_7.OKA","7/24/2024 10:32:48 PM"," 9-A","PM01","","NRRL 3488","Aspergillus oryzae","",80.2500,"36.9313","208.4649","129.7563","76.7156","54.3061","135.6594","38.7530","127.6604","77.6358","102.7479","119.8775","111.2022","39.3272","182.4194","99.5698","16.8034","71.7417","69.8393","19.1180","218.7068","60.8420","30.4420","131.5781","62.9524","42.6327","17.0575","45.8724","261.7724","55.6041","142.9649","82.0284","68.7557","100.5609","136.6265","94.0022","42.1989","97.5595","16.4317","15.1182","16.2507","61.0112","71.5686","36.7874","33.6440","66.8387","67.4202","172.5388","59.7812","78.1280","22.8915","23.8649","30.6686","60.3719","15.0782","26.5089","139.5449","158.3409","159.2536","31.2683","43.6083","42.4295","25.5374","162.9643","25.6410","43.6375","36.7359","40.6949","54.8748","121.6695","21.1544","147.0365","52.4557","57.5407","19.6669","61.5229","16.6868","85.8546","110.1635","23.4485","16.5432","45.9637","23.7068","56.8420","59.1425","102.0434","115.2046","133.8054","190.4189","29.1930","254.4746","36.4551","30.1066","109.5531","65.2805","195.7797","106.0163"
"C:\Users\cfg364\Sommerlab Dropbox\Casper van der Luijt\Casper\Data\BioLog\OmniLog\CL2\DATA_2024\07\_NRRL 3488_Aspergillus oryzae__1_30_CL2_769_7#24#2024_A_ 9A_7.OKA","7/24/2024 10:32:48 PM"," 9-A","PM01","","NRRL 3488","Aspergillus oryzae","",80.5000,"33.0384","209.8478","133.1339","76.4059","53.3234","134.9304","34.9930","129.3032","78.1188","104.2473","119.1058","111.3657","40.0713","185.6042","98.7408","13.8943","77.9880","67.8024","25.0329","218.5191","56.8234","29.5678","130.4598","64.8894","40.8054","14.1029","46.9790","258.5695","56.6958","141.8390","80.4915","67.4621","101.2703","138.0671","91.0683","43.0103","102.2521","16.5215","15.9103","17.5648","62.4978","66.0664","39.0192","30.6090","67.9627","63.4703","176.7606","58.4670","81.1076","23.1953","14.8305","30.0200","64.3241","16.6856","22.2793","135.2186","156.3781","163.7805","30.3932","46.2543","46.9336","25.3558","166.1030","29.3853","45.2228","34.2405","43.5021","51.9646","125.1398","22.6330","145.7821","45.7304","59.9933","17.3967","63.3503","17.0489","82.2290","107.2568","24.5012","16.7812","49.6102","26.4295","57.2132","60.1217","98.9519","116.8615","128.8491","187.4797","29.2369","254.1189","31.9817","30.1698","109.2857","67.9252","201.0058","103.6920"
"C:\Users\cfg364\Sommerlab Dropbox\Casper van der Luijt\Casper\Data\BioLog\OmniLog\CL2\DATA_2024\07\_NRRL 3488_Aspergillus oryzae__1_30_CL2_769_7#24#2024_A_ 9A_7.OKA","7/24/2024 10:32:48 PM"," 9-A","PM01","","NRRL 3488","Aspergillus oryzae","",80.7500,"37.8124","207.2578","131.7657","77.4120","52.5049","134.9050","33.8648","132.1187","77.7489","104.4609","119.2877","115.7725","38.0088","184.3004","101.8260","17.0303","72.5561","67.1855","21.3759","216.7141","60.9814","31.7248","132.0343","64.9227","40.7112","15.0959","47.2149","259.4837","55.6426","142.2118","77.1401","69.4011","101.5359","137.7905","93.1998","45.4084","98.3931","18.1694","15.9989","16.1291","62.2757","68.7694","36.5484","31.7657","64.4961","66.4643","178.3446","57.6377","80.0847","21.6768","18.5876","29.7936","60.6385","11.9639","20.2743","134.2320","156.9917","163.6780","31.6925","47.1900","39.6344","26.1965","166.8940","27.9533","45.6523","34.8452","40.4614","51.6000","126.1244","18.6562","142.9903","46.5338","59.2152","15.6816","64.4996","13.2721","81.9571","108.9450","24.6132","16.0094","50.2908","23.0801","56.4065","60.2047","100.1047","117.2031","137.1970","187.0070","25.2865","252.9473","32.4047","29.7571","109.9314","69.6926","203.5373","104.5812"
"C:\Users\cfg364\Sommerlab Dropbox\Casper van der Luijt\Casper\Data\BioLog\OmniLog\CL2\DATA_2024\07\_NRRL 3488_Aspergillus oryzae__1_30_CL2_769_7#24#2024_A_ 9A_7.OKA","7/24/2024 10:32:48 PM"," 9-A","PM01","","NRRL 3488","Aspergillus oryzae","",81.0000,"38.0742","211.2344","133.4473","78.7709","54.9927","140.7213","37.2095","129.0644","77.9226","111.5999","121.8709","114.6707","39.7059","186.6314","102.9181","15.0476","71.4211","69.7478","22.3236","220.4609","59.7207","33.8912","133.2858","64.9163","42.8011","19.0094","51.4117","262.4818","54.8378","141.2424","77.6142","68.6865","104.7762","138.5764","95.4785","45.9795","105.9366","19.3131","16.9392","12.0961","62.3172","70.8141","36.7894","32.7786","69.2707","66.0269","171.5412","61.8112","81.9877","24.3001","18.5366","30.5253","68.6049","16.5868","24.3425","136.1594","157.6212","162.8982","31.6595","52.1393","43.0691","27.4736","168.4803","28.5884","45.4928","38.1813","47.9935","57.5173","119.9703","22.6118","145.1658","52.8351","60.8918","18.0235","62.4062","19.5131","88.3036","107.0545","24.9615","14.2090","51.7622","26.4371","61.0966","62.8301","103.6719","121.2864","138.2050","191.3761","32.2810","255.3110","35.3199","30.1175","109.8912","69.7801","199.4636","108.1209"
"C:\Users\cfg364\Sommerlab Dropbox\Casper van der Luijt\Casper\Data\BioLog\OmniLog\CL2\DATA_2024\07\_NRRL 3488_Aspergillus oryzae__1_30_CL2_769_7#24#2024_A_ 9A_7.OKA","7/24/2024 10:32:48 PM"," 9-A","PM01","","NRRL 3488","Aspergillus oryzae","",81.2500,"32.6970","207.1080","129.3478","77.4359","47.9593","137.9556","37.8654","128.3025","77.3821","106.0756","114.4694","111.2159","39.2112","187.2088","99.9895","15.7767","76.2839","70.0446","18.7359","218.7336","58.3028","29.6656","136.3710","60.7762","43.1122","12.4199","47.3415","260.5280","57.7246","141.7981","76.4361","70.4368","104.0430","136.9883","91.4895","38.4677","101.9034","19.9833","19.2845","16.3932","58.2684","68.8389","37.3955","33.6730","67.3002","66.4939","174.1897","53.4938","77.0419","21.4101","17.4902","30.8943","65.2686","17.1554","23.1555","134.0730","158.3409","160.1351","29.0629","44.1576","39.3210","25.1949","168.8150","26.3150","45.4611","35.6064","45.4372","51.9539","119.5939","21.8192","144.1060","51.2514","54.1638","18.9466","62.9132","18.0442","84.4229","109.4860","23.0168","14.9129","50.1157","23.1300","53.2771","59.1895","102.3664","120.8357","132.8498","189.8983","27.5418","257.2434","33.3498","30.1537","107.1142","64.6648","199.5264","103.3059"
"C:\Users\cfg364\Sommerlab Dropbox\Casper van der Luijt\Casper\Data\BioLog\OmniLog\CL2\DATA_2024\07\_NRRL 3488_Aspergillus oryzae__1_30_CL2_769_7#24#2024_A_ 9A_7.OKA","7/24/2024 10:32:48 PM"," 9-A","PM01","","NRRL 3488","Aspergillus oryzae","",81.5000,"35.0261","211.7470","129.4040","79.6345","53.0542","138.0599","33.8069","131.1661","79.8998","106.5952","118.6364","111.0825","38.3256","184.0950","101.6561","17.8051","74.8924","72.3334","20.9642","218.9901","60.4444","31.7604","136.5551","62.7705","44.3107","17.6646","53.3975","257.2703","54.5971","143.2222","77.5372","71.6062","104.2526","135.7341","90.4788","39.2710","100.0874","13.6207","17.1360","16.9473","59.6583","69.2962","34.7423","34.4468","68.1830","63.0881","176.3781","58.3538","79.6638","25.0606","20.6374","34.8551","60.7364","14.9518","25.3517","133.4996","158.8715","163.9257","32.1853","47.5949","41.4554","25.1803","166.0621","29.1495","46.0960","37.4438","46.1268","59.9718","118.3571","20.1310","145.8866","54.7561","58.6658","20.9484","63.1364","14.5961","82.3903","111.4999","28.9733","16.5976","50.7805","25.8500","57.4060","60.0770","100.7773","118.3004","140.5511","188.9554","30.5113","256.8744","29.2226","26.5140","110.1721","67.4818","199.4437","110.3732"
"C:\Users\cfg364\Sommerlab Dropbox\Casper van der Luijt\Casper\Data\BioLog\OmniLog\CL2\DATA_2024\07\_NRRL 3488_Aspergillus oryzae__1_30_CL2_769_7#24#2024_A_ 9A_7.OKA","7/24/2024 10:32:48 PM"," 9-A","PM01","","NRRL 3488","Aspergillus oryzae","",81.7500,"39.1182","211.2802","129.2993","79.7654","51.1847","140.9669","35.6703","130.2833","81.8548","106.5186","118.1190","115.8721","42.6528","185.9780","103.5104","14.8161","79.6720","71.8459","25.5170","218.4709","62.0645","30.4119","130.8850","65.0892","42.5990","11.0000","47.8081","261.4875","57.7036","147.7892","76.8505","69.5207","101.4851","138.5414","96.0694","43.0573","102.0411","15.2462","18.6566","16.8621","64.4481","70.3895","35.6589","38.7092","68.6378","65.4622","176.3998","59.6999","82.3190","25.2873","21.0239","29.7356","63.9968","16.9564","21.2241","136.8612","160.5294","162.8018","32.8306","45.5606","47.0252","28.7906","165.6687","30.2952","46.7531","40.4749","46.8217","58.4974","121.9122","21.1590","145.8812","50.6971","58.8507","16.9931","62.6444","17.0302","84.6473","110.8729","25.8650","19.6780","48.1497","27.4604","58.9100","58.1395","107.3514","120.2453","139.8916","190.9376","27.1183","257.5705","32.4447","32.0906","107.8329","70.3076","198.9998","106.3615"
"C:\Users\cfg364\Sommerlab Dropbox\Casper van der Luijt\Casper\Data\BioLog\OmniLog\CL2\DATA_2024\07\_NRRL 3488_Aspergillus oryzae__1_30_CL2_769_7#24#2024_A_ 9A_7.OKA","7/24/2024 10:32:48 PM"," 9-A","PM01","","NRRL 3488","Aspergillus oryzae","",82.0000,"38.0102","208.8005","129.0045","76.4247","53.4621","140.9714","37.2799","136.6426","78.7606","106.8591","119.5227","115.3032","42.0663","184.8835","101.2299","16.9794","75.1167","68.5899","24.7709","217.6412","60.5902","29.1659","130.2116","66.2623","43.1362","15.9597","52.2313","261.0362","56.2523","143.7773","81.5111","70.2262","105.1428","137.7961","92.0354","44.4378","101.1332","15.4511","18.3664","17.2454","59.2759","70.8793","38.8913","35.0702","71.9388","68.0429","172.7280","59.1472","79.3454","27.4182","19.4698","33.2210","60.5672","16.6101","24.3554","137.3282","162.8996","165.3773","31.5768","46.6596","46.0312","30.6736","169.7929","31.2919","43.3226","35.8243","46.4062","55.2158","121.1980","22.1329","144.2883","49.3506","57.5637","16.4285","65.9844","12.1660","85.7682","112.1407","24.9307","17.4355","49.0144","25.6585","58.8327","64.8642","102.1583","121.7564","142.0172","192.0288","29.7048","259.3992","32.6348","33.9164","108.5705","66.5895","197.3411","107.9595"
"C:\Users\cfg364\Sommerlab Dropbox\Casper van der Luijt\Casper\Data\BioLog\OmniLog\CL2\DATA_2024\07\_NRRL 3488_Aspergillus oryzae__1_30_CL2_769_7#24#2024_A_ 9A_7.OKA","7/24/2024 10:32:48 PM"," 9-A","PM01","","NRRL 3488","Aspergillus oryzae","",82.2500,"37.5992","209.0940","129.8123","75.4883","50.8339","139.8929","35.3110","130.5332","80.0974","108.6092","114.9543","116.6718","35.9855","187.8314","99.5366","18.2855","74.8538","69.5661","22.0402","218.1665","63.6137","33.4646","131.9967","61.9740","42.1756","13.5391","49.8978","261.3286","60.5170","140.6987","79.3149","71.2864","102.7232","133.6484","95.4836","43.3705","99.6745","18.3567","16.7842","16.6240","59.2073","68.7184","32.9279","31.1496","70.6226","58.7051","175.8985","57.5077","77.8907","24.8134","17.1778","30.6261","66.6484","15.3773","21.9112","136.1371","159.2223","163.7543","33.6305","45.8271","40.8251","24.7755","168.8660","31.3985","46.5526","39.7587","44.8891","53.9041","120.2884","22.4593","143.9535","50.1422","59.6793","16.2763","64.0582","12.6658","82.7843","110.0417","23.2627","16.9962","50.4074","24.1181","59.3152","58.0703","104.2353","122.0203","146.1810","191.6561","31.3712","260.2303","36.0038","28.4090","113.1404","67.2923","198.0158","106.0042"
"C:\Users\cfg364\Sommerlab Dropbox\Casper van der Luijt\Casper\Data\BioLog\OmniLog\CL2\DATA_2024\07\_NRRL 3488_Aspergillus oryzae__1_30_CL2_769_7#24#2024_A_ 9A_7.OKA","7/24/2024 10:32:48 PM"," 9-A","PM01","","NRRL 3488","Aspergillus oryzae","",82.5000,"38.1501","207.5414","133.4989","77.2421","52.3440","140.7521","37.5032","130.3484","82.9590","107.3146","119.7261","115.6591","40.7796","185.1957","104.1778","14.3424","75.0883","70.9363","23.5644","218.9988","62.5845","30.2446","135.5514","64.5496","41.4263","15.5941","48.4279","262.8987","53.0403","145.9112","82.4307","69.9820","107.1171","138.5000","96.2655","44.9232","101.4307","18.8820","16.8023","13.1613","61.4544","72.1898","34.1633","35.6482","68.3172","63.2343","173.3719","63.3311","76.9776","20.7333","21.4889","31.4172","63.2991","16.6630","22.9937","136.1617","160.7655","162.7513","34.7231","47.2445","45.1023","26.4917","169.4276","27.2247","48.1422","37.8346","45.9181","59.2089","125.8275","22.0398","145.6111","51.3009","56.5800","20.1172","60.6971","15.6586","83.5595","111.8148","23.8344","17.3888","51.3615","25.2010","54.0524","57.7461","102.3809","123.6092","142.0531","194.0542","30.3873","258.3155","33.9442","26.0054","108.5865","68.9664","201.2343","107.5822"
"C:\Users\cfg364\Sommerlab Dropbox\Casper van der Luijt\Casper\Data\BioLog\OmniLog\CL2\DATA_2024\07\_NRRL 3488_Aspergillus oryzae__1_30_CL2_769_7#24#2024_A_ 9A_7.OKA","7/24/2024 10:32:48 PM"," 9-A","PM01","","NRRL 3488","Aspergillus oryzae","",82.7500,"38.4294","210.2637","129.6918","79.2883","49.4382","140.4625","34.6568","128.4930","76.6850","110.9624","114.5531","118.2849","44.1359","185.8200","102.9313","15.7529","76.5565","70.8097","22.4856","219.7857","62.4904","30.2446","138.5830","63.5923","45.9327","15.0941","48.2159","261.5114","56.2325","146.5377","79.1954","66.9427","102.1727","136.9436","95.6334","45.3875","101.4915","16.6524","17.2909","14.4769","61.2001","67.6480","35.0873","35.4593","68.1909","62.9441","173.9204","61.8438","75.1509","21.5017","20.2893","30.2794","63.2679","15.9243","20.7785","136.8885","152.5718","162.3017","36.5189","48.1331","40.8700","26.4288","164.4055","27.4141","46.8519","37.0883","46.8942","55.7451","122.5315","21.5351","144.3845","48.2863","59.6025","17.9813","63.9828","18.6915","84.9117","111.1206","25.2357","14.1784","47.3799","22.0452","56.7167","58.3304","101.3508","123.3908","145.7429","194.7938","32.0313","255.4813","37.1067","22.5551","108.2596","66.4560","197.5918","110.9868"
"C:\Users\cfg364\Sommerlab Dropbox\Casper van der Luijt\Casper\Data\BioLog\OmniLog\CL2\DATA_2024\07\_NRRL 3488_Aspergillus oryzae__1_30_CL2_769_7#24#2024_A_ 9A_7.OKA","7/24/2024 10:32:48 PM"," 9-A","PM01","","NRRL 3488","Aspergillus oryzae","",83.0000,"38.1851","214.5365","130.0061","77.5180","48.9828","142.1875","31.7255","129.1190","84.2228","107.3264","118.9245","113.5323","39.4432","183.3564","103.6513","15.2749","78.7527","70.8270","23.2991","217.1781","61.2471","32.7267","134.4999","64.5336","41.1509","21.0909","48.4102","260.3629","57.0337","144.8050","78.0600","70.1197","102.3900","138.9645","90.9769","38.4851","101.5087","14.5176","15.6717","13.7435","61.3477","71.2881","38.5879","32.8593","69.3725","64.1976","173.3929","63.4274","80.4475","23.8499","16.2839","31.0159","65.9883","14.3706","23.9304","135.7747","162.2771","161.7495","32.1396","42.2080","40.7775","27.5320","170.4252","31.0854","46.6880","37.7411","44.6662","54.1265","123.2141","19.9154","143.8164","45.9069","58.0776","14.9135","64.8621","16.9333","87.6545","109.0331","26.9502","14.3261","46.1991","25.3588","57.7700","63.8509","103.9952","128.7342","148.2409","190.9846","30.5732","254.7892","36.7517","28.9605","113.0104","68.4034","197.0929","107.6435"
"C:\Users\cfg364\Sommerlab Dropbox\Casper van der Luijt\Casper\Data\BioLog\OmniLog\CL2\DATA_2024\07\_NRRL 3488_Aspergillus oryzae__1_30_CL2_769_7#24#2024_A_ 9A_7.OKA","7/24/2024 10:32:48 PM"," 9-A","PM01","","NRRL 3488","Aspergillus oryzae","",83.2500,"37.7721","209.2662","130.1886","72.4030","49.2700","141.9964","38.8383","128.9525","81.5323","107.4887","116.1426","116.9326","40.5687","184.2982","103.8326","16.2083","75.9403","70.7854","25.8491","217.5708","64.6637","30.9184","136.2124","63.2853","42.2710","12.2277","51.4316","265.2890","57.9515","145.5838","79.5443","72.5951","107.9287","135.2067","97.1010","45.3752","103.3873","17.5723","17.9224","14.8997","66.4636","73.3234","38.3714","35.5719","66.9920","65.8220","173.4706","62.9203","81.3253","21.6059","20.4921","27.4247","65.0172","15.7349","23.9679","138.3929","159.6222","163.1019","32.6482","44.9031","45.1958","28.8414","171.5775","26.9055","45.4711","39.0558","45.5901","55.5169","123.9687","18.8669","145.3942","49.7235","56.7474","16.4195","62.2048","16.9859","85.1204","111.3245","25.1911","19.9363","51.6775","22.8468","56.6851","60.3605","104.5415","125.9054","151.6461","194.5524","25.4904","257.3209","34.3467","31.3163","110.3875","64.1086","199.2392","108.9581"
"C:\Users\cfg364\Sommerlab Dropbox\Casper van der Luijt\Casper\Data\BioLog\OmniLog\CL2\DATA_2024\07\_NRRL 3488_Aspergillus oryzae__1_30_CL2_769_7#24#2024_A_ 9A_7.OKA","7/24/2024 10:32:48 PM"," 9-A","PM01","","NRRL 3488","Aspergillus oryzae","",83.5000,"39.2365","211.9438","130.5886","75.1469","50.4625","139.2873","38.1606","125.6941","81.8066","108.2696","118.0632","117.3428","38.8287","187.3786","106.1905","16.4448","77.0098","74.9667","19.9574","218.6913","58.7393","31.4473","131.8860","66.0406","44.3944","16.1344","53.4098","262.2092","56.0229","146.0979","82.5983","71.0860","105.7612","137.1704","94.9459","41.4104","102.3747","19.5478","18.0605","14.9283","62.1371","70.7022","34.2981","35.7698","68.4221","64.7159","173.2221","62.4068","76.5602","25.0162","21.6673","28.6358","61.3528","19.5862","25.2173","137.2305","157.5919","159.7212","32.3131","47.3691","41.1186","27.5475","168.1369","28.3186","45.2081","37.5994","45.3748","53.8534","121.2646","26.7245","143.3984","50.4219","61.3580","18.6755","63.8406","14.3356","84.4828","107.8892","26.5318","15.4534","49.8542","23.8028","58.7688","64.1129","105.9773","124.1277","149.8133","190.6834","34.1039","257.2473","38.5878","29.2124","105.6917","67.8131","195.6876","111.1110"
"C:\Users\cfg364\Sommerlab Dropbox\Casper van der Luijt\Casper\Data\BioLog\OmniLog\CL2\DATA_2024\07\_NRRL 3488_Aspergillus oryzae__1_30_CL2_769_7#24#2024_A_ 9A_7.OKA","7/24/2024 10:32:48 PM"," 9-A","PM01","","NRRL 3488","Aspergillus oryzae","",83.7500,"37.6555","211.2931","129.8312","77.5948","49.4981","141.3260","35.6294","125.8367","81.9620","114.7447","114.8495","120.5960","42.6088","186.6492","106.7836","16.8009","78.9363","76.8527","24.7025","220.7610","65.8163","32.3339","135.9115","64.4219","45.4595","16.7685","49.1900","261.7752","57.1540","145.6886","81.4632","65.9413","103.3719","139.4003","90.8313","42.5790","103.6154","19.1296","18.3297","17.4067","60.1412","71.5226","34.4428","36.1558","69.8661","69.8902","176.4230","60.9560","78.9988","25.9628","18.3854","31.4312","65.0196","16.4697","28.0414","137.3403","164.7421","161.1986","29.2482","50.5386","42.2599","27.0111","168.7946","27.2855","46.5298","39.4723","51.0712","57.2915","124.3501","22.2779","146.8478","53.6235","59.7052","17.8559","64.6683","16.0887","80.5256","112.8926","27.1428","21.2000","52.9844","22.1187","57.3396","58.5948","102.8592","127.6642","155.1150","195.2857","27.1459","253.8020","35.4208","31.3088","108.4204","68.1702","203.9995","108.6571"
"C:\Users\cfg364\Sommerlab Dropbox\Casper van der Luijt\Casper\Data\BioLog\OmniLog\CL2\DATA_2024\07\_NRRL 3488_Aspergillus oryzae__1_30_CL2_769_7#24#2024_A_ 9A_7.OKA","7/24/2024 10:32:48 PM"," 9-A","PM01","","NRRL 3488","Aspergillus oryzae","",84.0000,"40.3722","212.4556","126.8924","77.0573","50.4618","140.8156","34.4507","128.2512","84.3998","108.3952","118.7145","117.4678","40.7241","190.2477","102.9183","19.7588","80.6972","71.7687","22.3439","221.9276","62.2571","32.3102","139.4070","63.2901","42.8513","17.7763","49.1032","264.2111","57.7449","145.0524","78.5332","67.9783","102.7060","138.2327","94.6996","42.5493","99.3754","15.1342","14.3175","13.3804","62.5429","70.6167","36.9595","35.9164","71.6376","67.8303","173.5694","59.1824","78.7693","24.2316","19.0434","32.4771","64.3355","11.1865","20.1942","137.2232","159.2536","162.2440","31.0672","46.8049","42.4894","26.3258","170.2058","29.0730","47.2103","41.0404","48.7757","59.1251","122.9448","23.5917","143.5778","51.8143","63.5895","15.8714","59.3686","14.0601","84.1921","110.4471","23.5196","21.0218","51.7846","22.6803","58.8742","58.8545","100.4913","128.7335","148.8525","194.4152","30.6647","257.3703","32.3599","31.6656","106.7441","66.0968","199.8083","109.3856"
"C:\Users\cfg364\Sommerlab Dropbox\Casper van der Luijt\Casper\Data\BioLog\OmniLog\CL2\DATA_2024\07\_NRRL 3488_Aspergillus oryzae__1_30_CL2_769_7#24#2024_A_ 9A_7.OKA","7/24/2024 10:32:48 PM"," 9-A","PM01","","NRRL 3488","Aspergillus oryzae","",84.2500,"37.6712","211.6814","128.8602","78.3192","46.8706","141.6758","35.4380","127.4323","81.1631","105.5587","120.7801","120.4261","41.7750","186.3137","106.0916","16.6139","80.1267","74.4272","23.7139","219.4323","61.1096","33.4647","133.7329","62.4172","42.5411","13.8220","56.1309","264.0844","55.7856","143.4810","80.6044","69.1380","100.9955","137.3299","96.6407","38.9806","103.6360","20.7025","21.4912","16.7884","61.5659","74.1281","35.2483","36.4276","70.1744","59.5547","176.4399","61.2765","80.2872","22.0229","17.9818","33.7174","61.4243","14.9541","21.4047","135.2108","161.1646","158.9440","29.8502","44.9271","43.2920","25.4116","171.1167","24.9266","44.0429","39.0319","43.6435","54.8238","120.7436","19.9081","146.8160","54.0865","63.1452","14.8543","64.4839","15.5183","84.6199","113.5960","25.4538","16.1433","46.6172","26.6718","58.5261","63.3350","105.8688","129.3699","151.5101","194.9423","28.9617","256.1245","33.0951","26.4033","107.3069","67.0769","198.5948","113.1711"
"C:\Users\cfg364\Sommerlab Dropbox\Casper van der Luijt\Casper\Data\BioLog\OmniLog\CL2\DATA_2024\07\_NRRL 3488_Aspergillus oryzae__1_30_CL2_769_7#24#2024_A_ 9A_7.OKA","7/24/2024 10:32:48 PM"," 9-A","PM01","","NRRL 3488","Aspergillus oryzae","",84.5000,"40.4656","211.2105","131.5507","79.8776","48.2405","145.8333","32.9153","127.8434","79.6511","105.3659","116.2414","121.1680","43.8775","182.2359","105.7850","16.7366","80.0948","72.5915","23.0182","219.4007","61.5516","30.9406","137.8336","65.6174","43.3607","17.4593","53.2444","261.0758","56.9684","146.2430","80.8269","70.8090","100.9955","139.1423","94.2618","40.4745","105.5722","21.0781","16.5041","14.7764","62.2304","71.8523","35.5039","34.4450","69.9859","60.8907","177.0171","60.7784","80.5015","24.5006","18.3509","32.8376","63.7448","11.9885","18.3501","133.6565","160.5359","163.6042","31.6243","46.2062","43.4757","28.8339","169.9114","26.6397","44.8128","36.6621","46.6601","59.0274","122.2892","20.1608","145.0014","53.2305","66.4959","14.5652","60.3819","17.0557","86.7444","110.3059","23.2842","15.0825","46.7777","24.1347","59.9098","59.0463","107.4624","127.9946","151.9557","194.9423","27.5273","255.4512","36.5464","27.3112","111.1149","63.3603","200.3056","110.8084"
"C:\Users\cfg364\Sommerlab Dropbox\Casper van der Luijt\Casper\Data\BioLog\OmniLog\CL2\DATA_2024\07\_NRRL 3488_Aspergillus oryzae__1_30_CL2_769_7#24#2024_A_ 9A_7.OKA","7/24/2024 10:32:48 PM"," 9-A","PM01","","NRRL 3488","Aspergillus oryzae","",84.7500,"41.2071","211.0313","130.9173","76.8758","49.8176","143.7185","37.5684","127.9951","84.1359","108.0963","114.8347","120.7154","38.7874","188.1896","107.9883","15.4165","78.1658","71.9911","22.3059","218.9747","63.9405","30.4905","135.7556","65.4264","44.3061","16.4455","50.0047","261.5124","52.9789","143.8871","79.2236","68.9574","100.6353","138.7007","96.1893","43.8258","104.7139","16.4294","13.6574","15.0958","63.9748","71.9768","34.7409","34.6828","68.3513","62.3302","176.5321","59.2742","76.4769","25.1221","14.6672","32.3870","62.8407","16.9032","19.7678","136.4217","159.9437","162.6097","31.3689","49.2497","43.0749","24.6702","168.4658","27.0348","48.6188","36.7500","48.9775","56.5571","123.0466","21.4446","143.5455","50.7143","59.1610","19.4393","63.8056","14.5137","80.0967","106.0679","24.6335","18.0971","45.9602","24.2410","61.9807","63.7591","107.2445","129.0922","152.9852","196.2533","29.3594","259.1541","36.0775","27.4596","107.8738","69.3818","198.7163","112.0241"
"C:\Users\cfg364\Sommerlab Dropbox\Casper van der Luijt\Casper\Data\BioLog\OmniLog\CL2\DATA_2024\07\_NRRL 3488_Aspergillus oryzae__1_30_CL2_769_7#24#2024_A_ 9A_7.OKA","7/24/2024 10:32:48 PM"," 9-A","PM01","","NRRL 3488","Aspergillus oryzae","",85.0000,"42.8132","212.2516","128.6241","77.7353","52.4117","143.4305","34.4761","123.6022","82.4291","111.7386","115.7850","120.0642","38.6954","187.7231","106.4599","15.2018","78.6768","72.0546","24.9978","218.5017","63.6579","35.0077","137.6238","63.0238","44.7594","16.1344","51.9398","263.6361","54.8972","149.8517","83.1938","66.9044","100.4137","139.4654","99.5969","41.2221","104.5624","18.3124","14.4210","18.0125","62.9627","69.9214","36.5006","33.7392","73.1227","63.1787","177.8860","60.5200","75.4620","23.2455","17.7181","32.6075","64.8022","17.3644","23.2496","138.4340","160.9518","161.2655","34.9374","45.1549","40.9611","26.6455","170.0735","28.5528","46.9537","39.3935","46.9837","59.2962","125.0519","20.9698","146.7499","49.1525","60.4888","17.5212","61.5344","14.1372","85.1068","111.7732","25.0166","15.9330","48.3446","24.7887","60.2427","61.9575","104.8144","127.8365","155.8842","194.2430","29.5147","257.8413","38.9389","24.8675","110.9042","69.2842","200.0025","111.5752"
"C:\Users\cfg364\Sommerlab Dropbox\Casper van der Luijt\Casper\Data\BioLog\OmniLog\CL2\DATA_2024\07\_NRRL 3488_Aspergillus oryzae__1_30_CL2_769_7#24#2024_A_ 9A_7.OKA","7/24/2024 10:32:48 PM"," 9-A","PM01","","NRRL 3488","Aspergillus oryzae","",85.2500,"40.6382","211.0569","131.4436","75.7972","47.6374","142.7849","32.0521","123.3985","84.3663","108.7285","117.8341","122.9703","40.6256","187.8436","110.4636","21.9442","79.3566","72.1975","25.6639","218.7349","59.7528","25.6114","136.7525","61.5746","43.6690","17.1866","48.5045","264.6107","54.8551","148.5470","80.6110","70.8702","101.1852","136.2795","99.5588","44.3771","103.9848","17.0844","16.8207","15.6744","61.0094","70.9890","36.5852","37.2019","70.5461","65.4257","174.3048","60.3368","71.5244","24.0902","19.2706","35.3251","60.9191","12.8579","20.4839","136.1304","161.8511","162.7513","28.5630","44.9770","40.8821","28.2412","172.3046","26.4626","44.4076","36.5911","47.5438","56.9707","122.1514","23.6054","143.6290","54.6564","63.9302","19.8808","62.6417","11.1893","82.6908","111.0448","24.9469","16.5476","50.9679","24.6232","58.4613","58.8036","107.5445","128.3582","154.7307","192.3953","31.4159","259.6242","35.1946","29.9922","109.3100","71.6957","199.6260","107.8878"
"C:\Users\cfg364\Sommerlab Dropbox\Casper van der Luijt\Casper\Data\BioLog\OmniLog\CL2\DATA_2024\07\_NRRL 3488_Aspergillus oryzae__1_30_CL2_769_7#24#2024_A_ 9A_7.OKA","7/24/2024 10:32:48 PM"," 9-A","PM01","","NRRL 3488","Aspergillus oryzae","",85.5000,"36.8446","213.1539","130.3886","78.0378","51.1682","142.4145","35.0357","125.1004","81.8870","111.8583","114.6253","121.9708","37.9734","188.8649","108.5084","16.3006","81.7589","73.6572","21.2566","217.7277","60.6065","32.3386","139.4586","64.3564","41.6134","11.5057","51.7146","263.6588","57.1776","148.1485","79.6039","67.5658","104.1918","133.3008","93.5067","45.2792","104.8756","15.1818","14.9173","16.6224","62.7308","69.0359","34.4571","32.4621","68.8957","65.3850","172.7763","60.7440","73.3605","24.7843","19.8989","34.1125","61.7817","14.3520","20.0759","135.5750","162.7268","161.6853","33.4083","46.2222","40.4276","28.5661","173.0424","30.4630","42.7386","40.5411","49.9011","56.6380","121.1525","22.3699","143.8184","51.7053","62.7970","21.6505","61.7964","16.0977","83.6017","107.5721","24.6437","18.6982","49.4005","23.7349","59.4352","59.3449","109.3484","131.3703","151.9767","191.9926","28.1499","259.0077","35.3956","23.6428","109.2001","63.1551","201.2704","108.1851"
"C:\Users\cfg364\Sommerlab Dropbox\Casper van der Luijt\Casper\Data\BioLog\OmniLog\CL2\DATA_2024\07\_NRRL 3488_Aspergillus oryzae__1_30_CL2_769_7#24#2024_A_ 9A_7.OKA","7/24/2024 10:32:48 PM"," 9-A","PM01","","NRRL 3488","Aspergillus oryzae","",85.7500,"39.7162","211.1595","126.8339","80.8158","52.9352","143.3143","35.2568","125.2593","80.0190","107.8905","112.8490","121.3497","40.0836","186.8083","106.0654","14.4929","83.6403","71.2218","23.0349","217.7277","61.8056","31.1356","139.1071","62.6900","41.9174","11.0000","51.7146","261.0847","55.6161","148.7460","81.2919","67.5027","100.8759","135.8447","96.2030","39.9057","103.8457","16.2508","13.2341","18.3308","62.1589","69.4442","38.9827","31.5757","69.7481","66.0980","175.1213","62.7337","76.5031","25.6399","22.9368","31.6879","62.5615","15.6744","21.0985","137.8250","159.3664","161.8137","30.7219","45.8706","38.0084","27.2197","173.7803","28.0656","43.4205","40.2610","48.2235","54.5607","119.5442","20.4486","147.8708","51.1039","62.3455","17.6327","63.4614","14.0523","82.5809","110.1444","23.7171","16.5261","50.2332","24.3765","59.0810","58.0453","105.1864","129.4949","155.4478","188.9771","27.0254","257.2082","31.8736","26.5102","107.2061","64.5302","201.3034","110.9150"
"C:\Users\cfg364\Sommerlab Dropbox\Casper van der Luijt\Casper\Data\BioLog\OmniLog\CL2\DATA_2024\07\_NRRL 3488_Aspergillus oryzae__1_30_CL2_769_7#24#2024_A_ 9A_7.OKA","7/24/2024 10:32:48 PM"," 9-A","PM01","","NRRL 3488","Aspergillus oryzae","",86.0000,"38.2870","210.3731","127.2526","75.2175","53.2252","140.7985","35.0782","126.5167","80.9652","107.2034","113.8328","123.7830","42.3187","189.2117","106.6600","16.9976","81.4409","65.6365","26.5073","219.5639","61.6944","30.1696","139.1568","62.0210","44.5725","13.1995","51.3397","261.7749","53.8076","149.3056","78.8246","69.5805","101.8717","138.8750","97.6785","40.8371","105.4243","17.6416","16.1774","14.1518","58.9420","71.3633","34.1917","37.5468","72.6432","65.3718","170.4516","59.6312","79.9140","25.3380","20.6905","30.5235","64.5853","11.0000","19.4026","136.6299","161.4252","164.4190","30.2850","44.4363","45.3533","29.1525","169.8527","26.2214","45.5594","38.2177","45.7430","54.8297","128.6314","20.4627","146.4016","48.8048","61.7039","11.2899","62.2167","16.2438","82.5166","109.7696","25.0852","13.9787","50.2927","23.8308","56.0303","56.2473","106.4297","135.8036","157.1146","189.6164","27.9627","256.8894","35.9202","28.7231","106.4477","63.7977","197.6900","108.2474"
"C:\Users\cfg364\Sommerlab Dropbox\Casper van der Luijt\Casper\Data\BioLog\OmniLog\CL2\DATA_2024\07\_NRRL 3488_Aspergillus oryzae__1_30_CL2_769_7#24#2024_A_ 9A_7.OKA","7/24/2024 10:32:48 PM"," 9-A","PM01","","NRRL 3488","Aspergillus oryzae","",86.2500,"42.2929","212.6711","130.1988","80.1775","52.1403","142.7462","36.4703","124.9656","83.6927","110.5734","116.5847","122.9903","41.4118","186.7247","110.7412","16.3048","81.1271","73.1410","25.6748","217.2211","67.5852","35.6386","139.0152","64.4251","42.8993","20.9689","50.8598","262.2117","58.1518","150.9827","87.0569","68.8552","103.8361","137.9827","97.9512","42.7938","102.3153","17.8827","21.2475","19.3370","63.5649","68.1725","35.0681","32.1080","70.6058","62.4354","171.4079","63.8852","75.2066","24.1936","19.2942","34.3489","60.9028","13.8555","25.6421","136.3189","160.5394","158.7338","33.4084","46.2728","39.4718","28.4773","174.1129","26.4748","45.2344","37.1079","45.7632","58.0684","120.6815","23.3576","144.1793","47.3676","61.4007","15.5233","60.0263","16.3416","81.5543","107.6997","25.0910","20.2308","51.3838","20.4206","56.7672","56.2314","109.3602","135.2413","155.0006","194.3467","26.6737","259.0815","35.1935","32.2082","108.8047","65.8863","201.0709","109.7020"
"C:\Users\cfg364\Sommerlab Dropbox\Casper van der Luijt\Casper\Data\BioLog\OmniLog\CL2\DATA_2024\07\_NRRL 3488_Aspergillus oryzae__1_30_CL2_769_7#24#2024_A_ 9A_7.OKA","7/24/2024 10:32:48 PM"," 9-A","PM01","","NRRL 3488","Aspergillus oryzae","",86.5000,"41.8438","209.1120","129.4702","78.2393","50.8923","139.7664","35.0073","124.5380","86.7016","106.6700","116.0285","121.2139","44.2916","188.5439","109.7093","16.0314","86.0224","73.0498","27.1540","218.4989","63.3082","30.2591","133.6309","63.8550","40.4953","16.0188","50.8835","264.0017","56.6384","152.2610","80.6044","69.3450","99.8131","134.8132","97.0330","41.8786","106.1380","17.0219","18.2670","17.6630","60.8441","74.3045","39.2294","35.2037","71.7778","68.6277","174.7635","60.3462","74.9659","20.9074","20.8651","33.6251","65.5903","15.3282","24.0595","134.8945","160.5247","162.5822","28.9842","42.1054","40.1652","27.9736","169.9184","25.8111","46.6090","37.6074","48.5822","58.6471","123.9448","23.9562","147.1161","49.3705","57.7551","17.4013","58.6175","14.4702","82.1668","107.6053","24.6532","13.9682","54.7449","21.5925","56.2665","58.2582","105.2527","129.8868","154.3716","194.0477","25.7359","255.5749","38.1153","27.6699","108.8375","67.8949","200.3071","109.8514"
"C:\Users\cfg364\Sommerlab Dropbox\Casper van der Luijt\Casper\Data\BioLog\OmniLog\CL2\DATA_2024\07\_NRRL 3488_Aspergillus oryzae__1_30_CL2_769_7#24#2024_A_ 9A_7.OKA","7/24/2024 10:32:48 PM"," 9-A","PM01","","NRRL 3488","Aspergillus oryzae","",86.7500,"43.1439","208.3920","130.5972","79.4872","48.8716","145.2460","35.2921","126.1313","86.7130","111.7962","116.9271","120.8360","39.2230","190.1140","111.5613","15.5851","83.1031","74.6231","22.0427","220.8996","59.8291","34.2985","138.6920","64.1095","40.4887","15.9797","51.4082","263.5415","54.4097","152.1127","81.9860","72.5983","104.3638","140.0201","100.6467","45.8477","104.9413","18.1085","14.7259","15.2157","61.6118","72.5685","36.3185","31.9661","68.2863","65.4448","174.5979","62.2974","78.5844","24.9761","19.4716","31.0504","62.9427","13.5986","22.0588","136.6599","163.1368","159.5453","31.0104","41.1965","37.9467","27.3088","173.8344","31.5051","49.5049","37.7721","48.9402","54.8732","126.5388","22.3157","145.7500","53.3740","56.8845","18.8025","62.1425","16.8339","81.3284","107.7161","20.1966","15.7983","49.2840","23.7126","57.3607","62.8560","107.1580","136.2400","156.8700","195.2181","28.1811","258.0699","40.8195","30.1124","107.8798","65.7039","198.7292","114.3204"
"C:\Users\cfg364\Sommerlab Dropbox\Casper van der Luijt\Casper\Data\BioLog\OmniLog\CL2\DATA_2024\07\_NRRL 3488_Aspergillus oryzae__1_30_CL2_769_7#24#2024_A_ 9A_7.OKA","7/24/2024 10:32:48 PM"," 9-A","PM01","","NRRL 3488","Aspergillus oryzae","",87.0000,"44.0960","210.1186","128.6904","79.3382","51.4626","146.5490","35.6038","126.4703","82.3576","111.4953","114.6100","122.1109","42.0983","187.5624","112.8302","17.0771","83.0965","72.7841","23.9374","221.1728","62.9091","32.1568","136.5221","63.1194","43.5852","15.7749","50.2629","262.9043","55.0576","151.2085","83.7398","66.0096","101.6080","137.1556","98.5891","45.5332","105.9629","16.0951","16.0403","15.9585","62.2301","72.5571","39.2890","35.7814","70.9460","69.3930","175.7643","63.8955","72.5785","25.3596","19.9858","31.9990","60.6656","14.0304","25.4020","138.3300","160.6573","159.4561","31.8731","44.6615","39.6249","26.6663","170.1019","29.5292","43.6307","38.9267","48.7778","55.5912","124.2159","19.5492","141.1643","48.8757","59.9524","16.9214","61.7043","17.8811","81.2472","109.4945","25.8038","21.0798","47.6009","21.1783","56.3114","57.7179","106.3206","135.3466","157.1479","191.7346","27.0149","256.5406","36.5162","30.0400","106.8368","65.6265","201.1091","114.1052"
"C:\Users\cfg364\Sommerlab Dropbox\Casper van der Luijt\Casper\Data\BioLog\OmniLog\CL2\DATA_2024\07\_NRRL 3488_Aspergillus oryzae__1_30_CL2_769_7#24#2024_A_ 9A_7.OKA","7/24/2024 10:32:48 PM"," 9-A","PM01","","NRRL 3488","Aspergillus oryzae","",87.2500,"42.6938","211.6215","125.7888","78.1165","48.3835","142.4901","33.3484","121.9537","86.9135","107.8277","116.1341","125.0614","42.2765","185.1670","108.7579","15.1119","84.0175","74.4404","24.4134","220.9952","61.2399","31.9830","136.8603","63.3105","43.4569","14.4181","52.5504","262.6184","53.5382","150.8985","79.3019","70.9133","102.1734","134.4375","101.1792","41.6768","107.1745","19.9813","16.7317","15.2725","63.5270","70.0339","38.2647","33.8800","69.2322","66.3573","172.4484","64.3614","71.1113","21.1425","17.4077","29.6066","60.8323","12.9192","20.9513","136.0148","164.4618","163.1289","31.1838","47.2467","39.9398","29.1825","169.5148","32.0430","44.9630","38.9111","49.9926","59.2499","124.7328","23.8246","148.5545","48.8366","62.0036","16.9656","62.2139","14.8155","79.2809","108.9939","23.1301","20.8786","50.9115","24.7636","56.1427","60.8844","110.5623","138.7937","158.8967","195.3945","28.4104","258.7357","37.7622","26.7166","105.7743","65.3612","198.6869","109.2907"
"C:\Users\cfg364\Sommerlab Dropbox\Casper van der Luijt\Casper\Data\BioLog\OmniLog\CL2\DATA_2024\07\_NRRL 3488_Aspergillus oryzae__1_30_CL2_769_7#24#2024_A_ 9A_7.OKA","7/24/2024 10:32:48 PM"," 9-A","PM01","","NRRL 3488","Aspergillus oryzae","",87.5000,"41.6312","213.9338","124.9074","78.2728","51.3402","140.9837","33.0759","122.8656","83.6300","108.6460","115.8378","122.2210","40.1381","186.8157","109.7126","14.9204","82.8874","72.3494","24.8790","222.7265","62.0761","33.1849","139.8801","63.8513","41.5244","13.9486","48.7255","263.4464","52.1549","154.1960","77.5985","64.4789","101.1014","137.8994","97.3518","44.0256","103.8429","16.7547","15.3302","17.3447","67.5569","71.8705","35.8523","32.7075","69.8792","63.4239","171.6802","61.6639","71.3646","23.0858","15.7002","29.5949","64.1952","13.0791","20.4240","138.4181","158.5528","164.9998","29.6632","43.8252","35.3656","27.6096","170.2824","27.5281","42.4678","38.1535","45.6620","54.8700","125.0435","24.3136","145.3532","46.1219","61.4503","15.2777","62.6317","11.6647","78.9764","107.9148","22.5603","16.2805","49.0473","26.9290","55.2385","56.9162","110.8616","143.7773","157.2138","191.9898","25.0295","256.7186","36.5663","27.4929","109.5943","65.1347","195.5304","114.7649"
"C:\Users\cfg364\Sommerlab Dropbox\Casper van der Luijt\Casper\Data\BioLog\OmniLog\CL2\DATA_2024\07\_NRRL 3488_Aspergillus oryzae__1_30_CL2_769_7#24#2024_A_ 9A_7.OKA","7/24/2024 10:32:48 PM"," 9-A","PM01","","NRRL 3488","Aspergillus oryzae","",87.7500,"44.2442","212.6970","130.6486","72.7841","52.2922","146.7105","32.1443","124.0369","84.6226","113.1087","116.3541","124.6322","43.0162","189.3721","111.9181","14.1284","86.7919","74.7279","23.5678","220.6797","63.2035","30.7108","138.1631","64.3614","41.2942","12.8499","50.0297","261.4184","58.5888","151.9281","78.8855","67.9146","101.9307","137.0197","100.4570","44.0542","105.9558","15.0329","17.1797","18.8007","63.4641","73.7008","38.7167","34.0207","77.2350","68.1978","175.8726","61.6693","76.5027","17.7946","19.8804","36.7215","61.7477","17.7931","21.5750","134.1557","161.9204","163.7085","29.1176","43.0133","41.6603","23.6997","171.0521","29.3761","42.9926","39.8009","49.9192","53.1271","122.7226","18.9973","144.7389","47.7466","60.6507","18.0940","60.4671","13.2721","79.9897","108.0887","20.9290","17.4360","55.8459","23.2720","54.7951","60.3862","111.8219","142.8727","162.4044","191.9633","28.5789","257.9900","39.8097","31.3011","109.3286","63.0012","197.5483","116.0464"
"C:\Users\cfg364\Sommerlab Dropbox\Casper van der Luijt\Casper\Data\BioLog\OmniLog\CL2\DATA_2024\07\_NRRL 3488_Aspergillus oryzae__1_30_CL2_769_7#24#2024_A_ 9A_7.OKA","7/24/2024 10:32:48 PM"," 9-A","PM01","","NRRL 3488","Aspergillus oryzae","",88.0000,"45.2122","213.3690","126.2952","79.8726","50.2298","144.4878","35.7554","125.2575","84.9018","108.2525","118.4398","125.0660","43.2155","187.7243","113.2009","21.7406","83.0198","69.4763","21.6654","222.2821","61.2627","31.2636","139.0267","63.9784","45.2093","17.2606","52.7855","262.4408","55.7117","151.5532","83.1064","67.8780","102.7643","138.8050","99.6536","45.8350","105.3776","15.7019","18.1849","17.0878","63.9314","70.7588","37.3894","30.5730","77.5428","69.2952","174.3481","61.9416","75.3837","20.6613","18.1704","30.0652","62.3066","13.3590","20.2619","137.5589","160.6710","160.7308","32.8615","49.4802","39.7610","26.7698","171.6263","31.0954","46.0221","37.3167","45.8434","58.6116","120.7446","23.6588","147.8719","48.2163","60.3314","16.5094","64.1761","16.3881","83.2198","107.5032","27.0646","15.1287","51.2810","19.7258","53.4222","58.2654","110.7489","146.3871","159.8156","195.0573","29.0201","256.1898","32.3566","25.7110","107.3229","67.2586","199.3541","118.5909"
"C:\Users\cfg364\Sommerlab Dropbox\Casper van der Luijt\Casper\Data\BioLog\OmniLog\CL2\DATA_2024\07\_NRRL 3488_Aspergillus oryzae__1_30_CL2_769_7#24#2024_A_ 9A_7.OKA","7/24/2024 10:32:48 PM"," 9-A","PM01","","NRRL 3488","Aspergillus oryzae","",88.2500,"42.5136","211.9620","128.6481","77.7586","51.0182","142.4940","37.7397","126.0747","84.0972","110.2680","116.7063","128.2949","42.4521","187.8180","111.3438","19.7629","80.5507","73.5354","24.4504","220.6371","62.6246","32.9365","141.9632","61.5409","44.1204","15.6954","53.4789","263.5110","54.8194","152.7192","81.8069","68.4487","101.3696","139.0909","97.9785","45.0285","106.2197","13.9347","17.6695","12.9568","63.6786","71.3839","38.7264","34.3102","75.2796","64.7860","178.1968","61.4132","77.6908","23.3944","16.0378","32.1836","59.5848","14.3834","23.1483","137.5904","162.3140","160.0588","32.7031","46.6817","37.9193","25.9845","168.4440","28.3193","46.1758","35.2563","46.9263","53.1811","122.1645","19.1445","147.7776","48.0885","62.6892","12.9654","60.3419","19.9906","80.0463","107.6297","27.1280","14.2646","54.2268","20.0177","54.2978","58.1358","108.3271","149.5897","159.7196","193.6336","27.4613","258.6328","36.1368","28.2385","108.6585","66.6400","198.1674","117.8885"
"C:\Users\cfg364\Sommerlab Dropbox\Casper van der Luijt\Casper\Data\BioLog\OmniLog\CL2\DATA_2024\07\_NRRL 3488_Aspergillus oryzae__1_30_CL2_769_7#24#2024_A_ 9A_7.OKA","7/24/2024 10:32:48 PM"," 9-A","PM01","","NRRL 3488","Aspergillus oryzae","",88.5000,"49.5830","212.4606","125.2417","79.1717","47.6313","146.9679","32.2231","121.4949","84.1096","107.2016","116.7148","125.7522","43.8739","187.6833","112.7404","14.1218","86.1911","77.8074","22.7506","220.0211","64.0220","29.5721","137.9652","60.7298","45.5354","11.2208","49.3020","262.3933","56.2561","154.3980","80.9676","67.9831","100.8457","138.6617","97.0063","41.3727","106.2701","16.9212","18.2819","16.5332","62.7837","72.5132","39.3440","34.6811","71.2220","66.7920","175.5974","64.3852","70.4603","21.1183","18.4572","34.4680","62.0789","15.4070","22.7844","139.2883","161.3608","163.0931","31.9681","43.3015","37.5931","27.8999","168.5981","28.3198","47.6586","36.0682","48.2416","56.6238","122.8421","24.6153","146.3449","48.3104","59.5498","14.3743","63.0524","19.7348","82.7734","110.4302","20.4096","17.9782","54.5750","22.6831","52.3330","57.8391","111.4193","151.3964","163.2574","192.1131","31.2189","253.6686","35.4805","31.0843","105.0992","62.4943","199.1875","113.7799"
"C:\Users\cfg364\Sommerlab Dropbox\Casper van der Luijt\Casper\Data\BioLog\OmniLog\CL2\DATA_2024\07\_NRRL 3488_Aspergillus oryzae__1_30_CL2_769_7#24#2024_A_ 9A_7.OKA","7/24/2024 10:32:48 PM"," 9-A","PM01","","NRRL 3488","Aspergillus oryzae","",88.7500,"40.1557","213.3839","128.8830","74.3936","44.8631","145.2409","34.1835","127.7482","87.7752","109.2714","112.6003","124.3891","41.5917","188.6644","114.9193","17.6953","85.8077","75.7634","24.5507","221.4507","61.3855","32.1630","142.2641","61.2548","43.8527","13.5413","50.8609","263.5385","56.4813","150.3005","80.5483","66.3596","100.2586","135.3119","96.3294","42.5576","103.2253","20.1321","17.1232","15.0868","63.9195","72.6460","38.4575","30.8897","72.7424","67.0910","174.8845","65.5222","72.9560","22.7233","20.5766","29.3179","62.7708","11.9004","22.0997","137.5405","164.3525","163.0150","28.4757","44.0965","38.2255","26.3289","167.9521","28.3457","43.5881","39.3873","44.3539","52.0651","121.2738","22.3013","146.1872","52.7176","65.3856","18.0155","62.1729","17.5346","81.4425","109.8468","21.8598","18.8963","49.8704","23.2228","51.7543","60.6195","109.4169","157.2941","162.3804","193.3897","26.8652","256.0327","35.5719","23.6778","105.4735","62.9656","198.1816","116.1269"
"C:\Users\cfg364\Sommerlab Dropbox\Casper van der Luijt\Casper\Data\BioLog\OmniLog\CL2\DATA_2024\07\_NRRL 3488_Aspergillus oryzae__1_30_CL2_769_7#24#2024_A_ 9A_7.OKA","7/24/2024 10:32:48 PM"," 9-A","PM01","","NRRL 3488","Aspergillus oryzae","",89.0000,"41.6057","213.6123","129.1911","78.5776","49.8718","146.1123","31.2987","126.5980","83.8415","112.1662","116.0271","125.4754","42.2518","189.8508","116.0951","17.3095","87.5273","77.0824","24.5051","222.0430","64.9598","32.1528","142.1728","63.4779","46.8121","13.8568","55.3407","260.4988","56.7307","151.2873","80.9488","69.6425","99.5483","142.3987","97.4896","41.7218","103.7542","18.9780","17.6340","16.8548","61.4421","77.0191","37.4211","34.2907","75.5793","67.6882","174.7887","63.3272","76.4933","24.5527","25.5573","32.7965","63.7603","13.1692","21.4954","140.2013","158.2785","162.6192","29.8197","45.3827","39.8120","27.2558","167.5039","30.2981","45.9201","37.1080","54.4881","54.1384","124.6126","20.2693","147.5376","56.8745","63.5362","22.3210","64.8114","16.8696","81.1450","111.6754","21.8991","18.1275","51.7574","24.4746","58.0509","58.8282","109.9821","157.5711","162.1675","193.3899","29.4214","261.5461","40.3048","30.7697","107.6488","66.9022","199.5672","120.3430"
"C:\Users\cfg364\Sommerlab Dropbox\Casper van der Luijt\Casper\Data\BioLog\OmniLog\CL2\DATA_2024\07\_NRRL 3488_Aspergillus oryzae__1_30_CL2_769_7#24#2024_A_ 9A_7.OKA","7/24/2024 10:32:48 PM"," 9-A","PM01","","NRRL 3488","Aspergillus oryzae","",89.2500,"42.6000","213.3943","126.9645","77.6924","48.0403","142.2053","33.9394","123.6510","86.0322","107.8565","114.5438","126.6505","40.5019","191.8722","115.7000","17.0338","85.1438","74.9406","22.1070","218.5589","65.8690","31.2609","144.1244","65.3576","44.2130","13.4487","49.3863","262.2585","56.5402","152.8234","79.6140","66.8561","99.5801","136.4274","99.7397","41.4728","106.1736","17.6902","16.2646","13.0865","57.9392","73.9376","35.3813","37.4881","72.6783","67.4941","174.5309","62.8006","74.0358","22.9732","20.1250","32.4490","61.9292","13.2311","22.5386","137.0193","163.1202","162.1721","31.4409","45.9568","41.5917","25.1886","167.0389","32.0036","43.9238","35.3215","50.7120","56.2874","124.4876","21.3097","144.2090","50.6030","61.7850","18.1753","61.6109","16.8696","81.1142","108.0380","21.7393","15.8582","49.0937","21.1059","55.2247","59.6351","108.8084","159.6284","165.9403","191.5988","29.3592","256.6967","38.6037","27.1782","107.8445","63.1884","196.9354","116.5265"
"C:\Users\cfg364\Sommerlab Dropbox\Casper van der Luijt\Casper\Data\BioLog\OmniLog\CL2\DATA_2024\07\_NRRL 3488_Aspergillus oryzae__1_30_CL2_769_7#24#2024_A_ 9A_7.OKA","7/24/2024 10:32:48 PM"," 9-A","PM01","","NRRL 3488","Aspergillus oryzae","",89.5000,"44.7818","212.4817","130.3817","78.0391","48.2885","145.9977","37.4048","125.0559","81.9466","105.5240","112.5576","129.8042","44.2060","189.4931","113.5873","17.3210","84.0250","73.7143","24.4030","218.0643","63.0016","29.8185","141.6733","63.7582","44.1255","12.9168","53.4488","263.5533","55.2934","155.3101","82.4879","68.5698","102.1304","137.6695","97.3158","42.8074","103.0332","17.9218","15.3739","17.7298","68.4409","76.5259","38.3494","33.2102","72.2328","68.9812","178.0623","63.7904","77.1792","19.7698","19.7255","32.8485","63.6725","15.8250","24.9821","135.8094","161.6824","162.0155","33.9233","44.2156","39.5208","31.1522","169.5154","31.4842","43.1483","41.4172","50.4094","58.0085","123.2992","22.8666","146.3746","51.8262","60.7971","14.9515","60.4947","20.0258","79.3185","115.1042","24.8157","13.6302","51.3285","22.9153","57.6707","55.5152","108.3241","157.9418","163.2648","192.4175","29.7486","255.8627","33.1745","30.4550","106.5916","61.7996","200.0712","117.3858"
"C:\Users\cfg364\Sommerlab Dropbox\Casper van der Luijt\Casper\Data\BioLog\OmniLog\CL2\DATA_2024\07\_NRRL 3488_Aspergillus oryzae__1_30_CL2_769_7#24#2024_A_ 9A_7.OKA","7/24/2024 10:32:48 PM"," 9-A","PM01","","NRRL 3488","Aspergillus oryzae","",89.7500,"48.3978","211.8015","126.4637","80.6726","44.7845","144.3031","32.2341","124.9087","89.4492","112.9679","113.6168","127.5838","42.3016","190.7298","114.0165","14.7375","90.0343","72.7002","23.2019","218.2270","61.8077","31.6861","145.3023","58.1981","44.1070","18.1949","53.0065","262.6334","53.2131","155.1040","82.3132","68.2405","104.3667","134.2541","102.8334","48.7195","102.7741","14.2702","15.3645","12.2793","60.1833","73.6122","38.8480","33.0632","73.3700","70.0000","173.2340","63.6725","76.2234","23.7636","21.0403","36.3014","64.4982","15.8096","22.5577","133.3677","169.5858","162.4438","30.8616","46.1674","41.7461","28.4503","171.7212","28.6819","46.7719","36.8856","47.6648","56.5684","122.5857","22.2723","145.5828","57.0672","64.5851","17.8102","61.7524","18.7557","78.4323","112.5860","22.9781","15.6237","51.5526","23.6097","57.3267","57.4859","110.9805","159.3182","162.4299","191.8438","30.4983","255.7862","33.7089","31.7922","104.7726","62.6029","197.2083","117.7571"
"C:\Users\cfg364\Sommerlab Dropbox\Casper van der Luijt\Casper\Data\BioLog\OmniLog\CL2\DATA_2024\07\_NRRL 3488_Aspergillus oryzae__1_30_CL2_769_7#24#2024_A_ 9A_7.OKA","7/24/2024 10:32:48 PM"," 9-A","PM01","","NRRL 3488","Aspergillus oryzae","",90.0000,"47.0541","212.7008","125.8193","80.2116","48.5093","147.4620","34.9914","125.0535","87.0425","109.8955","112.9569","127.7878","44.2460","188.6305","115.4561","18.2127","85.2483","74.7659","28.0570","225.5370","62.5238","30.0251","142.1859","59.4682","41.4244","17.6348","55.0538","261.8010","52.4548","156.8009","80.4157","69.8621","104.1959","133.6925","100.9915","45.1618","103.9772","14.5677","16.8914","18.4704","62.6456","73.6283","40.0913","32.8022","72.8549","67.1198","174.6678","62.3819","77.0673","23.3096","18.4697","32.3840","61.5722","15.4316","20.9701","137.5675","160.7026","164.0804","36.5967","49.0798","41.7053","29.4415","171.9681","30.7301","44.0418","40.7485","49.9042","56.4716","122.2023","26.7209","143.0609","51.4412","60.1153","14.4676","60.1733","16.3976","79.7659","110.5119","23.7180","19.2484","47.0289","24.0601","52.6190","56.4872","109.5481","155.2548","166.0004","194.0326","30.4985","256.6115","37.0473","27.0200","108.2888","66.8144","198.1232","118.1083"
"C:\Users\cfg364\Sommerlab Dropbox\Casper van der Luijt\Casper\Data\BioLog\OmniLog\CL2\DATA_2024\07\_NRRL 3488_Aspergillus oryzae__1_30_CL2_769_7#24#2024_A_ 9A_7.OKA","7/24/2024 10:32:48 PM"," 9-A","PM01","","NRRL 3488","Aspergillus oryzae","",90.2500,"45.8157","213.5622","129.5405","76.2903","48.3804","145.8887","38.5810","123.9895","87.7098","107.9755","116.7996","128.9973","42.4781","187.8237","116.3081","17.4487","81.9827","76.3139","20.4783","220.0698","63.2396","32.1229","143.6474","64.4723","41.2285","13.5322","53.8264","265.1288","56.6865","154.7670","82.3959","70.6871","101.0559","139.2434","99.1914","45.5513","105.7496","16.7939","19.3852","16.5884","65.1896","74.2265","37.4692","34.0089","72.2385","72.4076","175.0407","63.7601","72.1759","20.4963","21.9946","29.9664","60.7781","15.4776","21.6043","137.0480","162.8082","158.0300","32.6996","46.9760","39.7534","25.3061","170.1859","25.7131","41.9662","36.1713","50.3583","56.9358","125.2154","22.6874","147.0101","52.5861","65.4879","20.0493","58.6244","15.6899","81.0939","110.1266","19.2409","16.5431","50.7304","18.2298","52.2429","59.9728","111.3602","158.0193","163.7384","193.5518","28.1084","258.1801","35.8935","30.4354","103.5847","60.3436","193.5208","116.3738"
"C:\Users\cfg364\Sommerlab Dropbox\Casper van der Luijt\Casper\Data\BioLog\OmniLog\CL2\DATA_2024\07\_NRRL 3488_Aspergillus oryzae__1_30_CL2_769_7#24#2024_A_ 9A_7.OKA","7/24/2024 10:32:48 PM"," 9-A","PM01","","NRRL 3488","Aspergillus oryzae","",90.5000,"46.8303","213.0451","127.4007","75.1000","49.9200","143.8865","33.4740","123.2063","86.8506","112.9898","114.1002","130.6376","41.4031","188.1225","116.1282","17.2870","84.7923","76.1601","25.3085","219.3769","58.9854","30.0701","142.1438","60.8622","43.8204","11.0000","52.2158","265.3365","52.7362","152.3421","81.5736","70.3778","102.3392","138.5600","100.9769","41.6791","100.5104","17.3409","15.4176","15.6912","60.2818","77.4209","35.6785","34.0992","70.8352","71.3321","171.1116","64.3391","74.1915","23.3120","18.2884","29.5278","63.5928","13.5040","18.8370","136.6393","165.3239","162.9884","31.8965","47.5085","41.7218","24.1859","169.9612","29.0347","44.1449","37.2668","46.8725","57.8449","121.4194","18.5238","150.0111","47.9551","62.2691","16.4920","59.9197","16.2725","83.0235","110.0224","22.9207","15.9266","51.1575","23.2612","55.6182","57.5908","111.1048","156.5514","160.9569","194.6891","29.7413","255.6603","37.4638","26.9716","108.2080","63.2004","197.1163","118.0188"
"C:\Users\cfg364\Sommerlab Dropbox\Casper van der Luijt\Casper\Data\BioLog\OmniLog\CL2\DATA_2024\07\_NRRL 3488_Aspergillus oryzae__1_30_CL2_769_7#24#2024_A_ 9A_7.OKA","7/24/2024 10:32:48 PM"," 9-A","PM01","","NRRL 3488","Aspergillus oryzae","",90.7500,"44.2986","213.1361","129.5473","76.6297","50.2405","144.4089","32.9604","124.4830","91.0240","112.8029","112.4205","130.4675","43.9786","189.2771","115.0393","19.7796","89.5688","78.4236","26.7711","220.3495","67.1717","32.7900","142.8888","63.8859","45.1259","15.9142","55.1206","266.8942","53.3882","157.8482","83.3067","69.1315","99.5602","137.3195","102.6109","45.8123","104.3090","14.6678","17.2290","18.4724","64.5188","76.2337","41.4980","34.6392","77.2146","70.2655","173.8291","66.0845","72.1682","23.5345","18.7054","33.4547","62.2420","11.8975","24.9916","140.4846","165.9063","164.6195","30.7321","45.3247","40.3262","30.7928","171.4494","31.1208","45.5991","37.5761","50.2791","52.3164","123.3075","25.6681","145.2337","51.2027","65.2169","19.6512","60.2516","14.5902","78.1053","109.5572","22.6225","20.1425","54.2829","23.1273","61.0340","57.6815","110.9539","162.5448","169.5499","190.7125","31.7287","257.0274","38.1147","30.7367","109.7120","63.2448","199.2453","115.7809"
"C:\Users\cfg364\Sommerlab Dropbox\Casper van der Luijt\Casper\Data\BioLog\OmniLog\CL2\DATA_2024\07\_NRRL 3488_Aspergillus oryzae__1_30_CL2_769_7#24#2024_A_ 9A_7.OKA","7/24/2024 10:32:48 PM"," 9-A","PM01","","NRRL 3488","Aspergillus oryzae","",91.0000,"45.6186","213.2015","126.3982","76.1059","45.3197","145.1548","32.8577","122.3881","85.9318","112.4194","110.9944","133.4361","42.3605","187.7627","119.7691","17.5865","87.5128","73.1198","24.0686","221.6357","62.5381","33.2036","142.6241","63.6031","42.4837","16.0257","53.5454","261.8903","52.9678","156.7027","83.0993","67.0547","102.6791","139.0262","102.2540","43.9841","104.7015","14.6902","16.3589","15.6922","60.3443","77.3850","39.5990","35.8632","73.3967","69.7818","175.4286","64.3197","75.1254","22.0836","18.8977","32.3622","62.3458","11.0000","24.3632","133.1623","165.8111","158.7490","30.9720","42.4921","35.0235","28.5996","170.4251","28.8049","43.8635","39.6850","49.3083","55.2204","121.9710","22.8073","145.6342","49.4334","62.2811","17.4705","60.8924","19.1341","76.1776","109.5337","20.7591","15.6413","51.3329","22.4795","54.9311","57.2181","109.7209","162.1313","171.6112","188.3265","30.0719","257.9308","35.9791","27.4951","106.7163","66.4376","196.6688","118.9999"
"C:\Users\cfg364\Sommerlab Dropbox\Casper van der Luijt\Casper\Data\BioLog\OmniLog\CL2\DATA_2024\07\_NRRL 3488_Aspergillus oryzae__1_30_CL2_769_7#24#2024_A_ 9A_7.OKA","7/24/2024 10:32:48 PM"," 9-A","PM01","","NRRL 3488","Aspergillus oryzae","",91.2500,"43.8119","213.1177","126.2428","76.5266","47.6592","147.2954","36.1990","125.2013","87.9850","111.2422","111.4643","130.3021","40.4606","188.8757","119.7124","18.3323","82.9123","75.7085","30.7209","218.8818","64.1487","33.0742","142.1368","61.3131","42.3981","16.0427","55.8641","263.9813","53.6852","155.7634","78.2774","69.9354","104.7916","135.6831","99.8795","43.1729","105.4209","15.4006","17.7839","15.7875","59.3121","74.6379","39.0694","34.7077","74.0004","71.4506","175.7794","63.0891","70.5858","23.6042","16.9148","31.8454","63.4869","12.0248","25.3280","135.7677","165.4937","163.4331","35.2956","42.9561","39.0672","26.2984","171.4466","31.3735","44.6411","39.5327","48.9481","54.9873","122.9811","20.6849","143.2912","51.1141","65.8611","22.7693","56.1521","16.2190","78.5906","111.0000","22.0207","15.2146","51.0313","25.8349","54.5167","57.5047","112.2595","160.0346","170.0666","195.9451","31.7914","255.7243","37.9550","29.7822","107.7848","61.8375","197.9169","119.9276"
"C:\Users\cfg364\Sommerlab Dropbox\Casper van der Luijt\Casper\Data\BioLog\OmniLog\CL2\DATA_2024\07\_NRRL 3488_Aspergillus oryzae__1_30_CL2_769_7#24#2024_A_ 9A_7.OKA","7/24/2024 10:32:48 PM"," 9-A","PM01","","NRRL 3488","Aspergillus oryzae","",91.5000,"46.6797","212.7368","128.7497","75.9076","45.7094","148.0275","36.0612","123.4218","90.4825","111.3004","114.8001","132.5877","42.7979","185.8732","120.0268","16.9299","84.7382","74.3643","29.8150","222.7232","65.9242","32.7165","142.5705","59.4845","42.4635","12.3785","51.3433","264.5979","54.6289","156.6936","85.4440","63.3528","99.9631","139.5024","101.8174","43.5082","102.1169","14.9875","13.8130","13.7176","62.4439","74.0104","40.5033","37.6018","73.8459","73.6129","170.8588","63.6626","68.7313","24.9126","18.6852","32.2721","62.7514","13.2658","21.7559","138.5569","163.8804","157.0717","30.7452","45.9385","39.8255","26.2111","169.7587","30.3811","45.6813","38.7431","49.0663","55.0375","123.6813","19.9513","144.8272","51.7865","64.6475","16.0019","58.6361","16.4784","78.6444","109.9917","26.2830","15.1185","50.9337","23.6986","53.0837","58.5278","111.2296","167.7526","167.9817","193.6938","32.4700","256.4592","35.8687","25.3211","108.9011","62.4486","198.1855","119.1115"
"C:\Users\cfg364\Sommerlab Dropbox\Casper van der Luijt\Casper\Data\BioLog\OmniLog\CL2\DATA_2024\07\_NRRL 3488_Aspergillus oryzae__1_30_CL2_769_7#24#2024_A_ 9A_7.OKA","7/24/2024 10:32:48 PM"," 9-A","PM01","","NRRL 3488","Aspergillus oryzae","",91.7500,"45.2687","215.8967","128.1069","77.2636","48.4272","144.9998","33.4869","126.2986","89.6573","112.3585","114.9175","130.5853","45.4040","188.3088","118.0506","17.8583","87.2382","75.1611","27.6376","219.9042","64.7222","33.2284","146.9924","62.8195","43.0549","19.3181","52.5157","262.1223","57.8712","153.1291","83.4025","65.6388","108.5724","137.0101","102.7481","45.6483","104.3673","18.4550","16.9490","16.0991","64.1528","76.0898","38.1338","38.8843","74.9386","69.5681","176.5531","66.3928","73.3921","28.9822","19.7651","32.0033","63.0905","16.0420","23.1900","138.1040","165.0093","162.1104","33.7926","45.8757","39.1372","30.2541","170.1353","34.0890","47.3353","40.3157","53.4147","57.5285","124.9747","22.8991","150.6862","53.6403","64.9420","15.1805","62.3695","18.7227","77.3966","110.6545","23.8354","17.4991","52.7188","24.3414","57.8868","57.6073","112.0266","163.4814","172.9606","193.9560","29.4513","257.3671","34.1877","28.2441","109.1847","63.4143","197.0159","117.0651"
"C:\Users\cfg364\Sommerlab Dropbox\Casper van der Luijt\Casper\Data\BioLog\OmniLog\CL2\DATA_2024\07\_NRRL 3488_Aspergillus oryzae__1_30_CL2_769_7#24#2024_A_ 9A_7.OKA","7/24/2024 10:32:48 PM"," 9-A","PM01","","NRRL 3488","Aspergillus oryzae","",92.0000,"49.9186","216.5215","128.8006","78.4823","51.7095","144.2513","32.8762","123.3377","88.1643","107.9281","113.6091","132.5258","39.8692","188.8867","120.0485","15.3653","88.2465","73.8760","26.0267","220.2569","64.7827","30.5740","142.6991","61.5409","40.9566","13.1914","53.6179","264.3271","54.6800","155.6494","77.1281","66.3076","101.5192","136.4974","103.5444","44.9603","101.2701","18.3763","16.3354","16.4634","63.2380","77.9627","40.0878","31.6042","77.8610","69.7243","174.3129","69.0039","73.4034","23.6020","22.6590","34.6936","64.6855","12.5753","25.9123","140.7170","162.3375","161.5614","33.1783","42.1445","39.9884","31.4327","170.8973","32.2579","45.2107","42.3716","48.1529","53.2001","122.4151","21.1560","149.2025","52.0463","64.6288","18.6173","60.6048","16.8086","78.0939","112.6887","25.2355","16.2291","49.4170","29.0011","55.4078","55.7642","113.8493","166.5237","175.4813","193.7163","24.0086","259.5603","38.9830","26.7383","102.7737","66.2240","195.1065","116.5724"
"C:\Users\cfg364\Sommerlab Dropbox\Casper van der Luijt\Casper\Data\BioLog\OmniLog\CL2\DATA_2024\07\_NRRL 3488_Aspergillus oryzae__1_30_CL2_769_7#24#2024_A_ 9A_7.OKA","7/24/2024 10:32:48 PM"," 9-A","PM01","","NRRL 3488","Aspergillus oryzae","",92.2500,"45.2072","212.5759","125.6601","76.6835","48.7686","147.2573","35.0190","121.7065","91.1064","109.6174","115.7074","133.1239","46.0320","183.6776","121.5965","16.9045","86.0829","72.9003","23.4543","222.8695","64.0815","32.6846","147.4679","62.5639","40.6192","12.2269","52.6779","265.4613","54.1678","156.1403","83.3997","67.1840","101.1938","136.4853","102.4893","46.7993","105.4209","15.4297","18.1667","15.3367","61.4329","75.2163","41.3708","36.1903","73.6235","72.0747","174.4566","66.3416","69.3641","21.3239","23.4137","32.0480","61.9725","13.8453","21.9788","134.9135","165.7428","161.6949","32.6998","46.4273","39.6857","27.4053","170.9566","32.9314","42.6697","38.3355","55.0287","59.5017","124.5405","23.5665","146.5832","50.7802","65.9795","19.4469","61.7491","18.7034","74.6149","113.9652","23.7481","16.6397","52.2612","25.2033","58.1864","53.8528","110.6207","163.4108","175.7594","191.9728","30.7191","256.0714","35.3042","29.7148","106.0787","61.9698","198.9460","117.2015"
"C:\Users\cfg364\Sommerlab Dropbox\Casper van der Luijt\Casper\Data\BioLog\OmniLog\CL2\DATA_2024\07\_NRRL 3488_Aspergillus oryzae__1_30_CL2_769_7#24#2024_A_ 9A_7.OKA","7/24/2024 10:32:48 PM"," 9-A","PM01","","NRRL 3488","Aspergillus oryzae","",92.5000,"47.1702","216.0885","125.6452","76.8709","48.9062","141.5936","36.9882","125.6901","89.4521","107.7589","115.2417","133.1044","44.8933","188.9033","119.4892","18.0961","83.9047","76.7855","27.9129","221.3392","66.3020","33.6553","143.3523","60.7581","43.1098","11.5989","52.8478","263.0245","53.2805","156.6392","78.8259","65.9874","104.8361","134.4311","106.3377","42.9526","104.1195","19.6754","16.9515","17.6222","61.2866","77.9367","36.9891","33.3352","75.8241","68.5758","175.3737","64.9149","69.5600","23.2856","18.4935","35.8187","59.5153","14.9300","23.6121","137.4478","162.8512","162.3558","30.4618","45.8277","38.8894","29.0771","169.7653","33.3998","46.8782","38.9769","53.1995","56.5527","121.2541","26.5247","145.7844","51.1683","62.9317","17.1775","59.7607","15.2428","76.5294","108.8811","24.9516","17.8919","52.2709","23.6421","55.4816","58.6892","111.7729","168.3495","171.5591","193.2225","29.1533","256.1565","35.4212","28.7367","103.1029","65.2243","198.6153","119.3929"
"C:\Users\cfg364\Sommerlab Dropbox\Casper van der Luijt\Casper\Data\BioLog\OmniLog\CL2\DATA_2024\07\_NRRL 3488_Aspergillus oryzae__1_30_CL2_769_7#24#2024_A_ 9A_7.OKA","7/24/2024 10:32:48 PM"," 9-A","PM01","","NRRL 3488","Aspergillus oryzae","",92.7500,"47.6164","215.8955","127.9615","77.1268","47.8016","146.1013","34.4267","125.7299","89.0363","110.8378","116.0866","130.1248","42.7539","189.8736","122.0193","16.2076","85.5832","76.3114","23.7306","218.0968","66.8406","32.7091","146.0957","59.2729","45.9572","14.4395","49.6611","265.0540","52.4058","156.8755","80.9424","70.4805","100.1670","136.0839","98.3989","46.0484","102.6619","17.4969","14.9321","13.3093","60.4535","79.0347","43.2458","32.9942","76.9840","68.0197","176.7971","70.5482","67.4584","21.1608","17.4086","32.4172","60.3413","11.7445","22.8978","134.6231","166.4503","158.1871","34.4950","46.8526","38.3096","24.2695","172.7873","29.1662","46.4089","38.6051","50.0892","54.9852","122.0742","23.1249","145.4973","48.5047","62.7007","20.5570","61.2705","18.8402","78.0518","112.7167","26.2944","15.8248","51.9399","23.9823","55.5128","55.9168","110.2323","163.5285","175.3245","193.5601","29.7441","256.3817","39.1314","25.2740","108.3911","61.2237","199.0517","119.5729"
"C:\Users\cfg364\Sommerlab Dropbox\Casper van der Luijt\Casper\Data\BioLog\OmniLog\CL2\DATA_2024\07\_NRRL 3488_Aspergillus oryzae__1_30_CL2_769_7#24#2024_A_ 9A_7.OKA","7/24/2024 10:32:48 PM"," 9-A","PM01","","NRRL 3488","Aspergillus oryzae","",93.0000,"48.3443","210.5734","129.2678","74.2816","44.4145","145.4622","29.5681","120.2485","89.6334","107.0292","115.3749","131.1114","43.4077","188.5920","123.5423","17.3228","85.1720","75.6857","23.3101","223.3263","61.2477","29.2338","143.7784","60.0875","42.5367","11.0000","51.1052","262.9537","50.8757","159.2165","79.8400","66.1956","99.7727","137.0512","101.2512","40.6090","101.7116","15.6199","13.9986","13.9468","61.1622","78.8407","40.3455","34.9858","75.8946","72.3062","172.1141","63.8560","66.7988","20.9594","19.0993","32.8345","63.5270","11.3103","22.7150","137.2202","162.3738","165.3764","29.3803","44.1401","35.9079","26.5903","172.0759","32.9424","45.4844","39.6426","45.9571","55.4374","121.6797","19.3772","145.6824","51.2376","60.0408","15.1134","62.4628","14.4165","73.4864","112.6256","20.0616","13.5930","54.2144","23.7130","54.8831","56.3497","109.8436","166.5627","177.6872","190.5919","22.7047","256.2357","39.3462","29.0519","105.3569","55.6569","196.5792","117.3389"
"C:\Users\cfg364\Sommerlab Dropbox\Casper van der Luijt\Casper\Data\BioLog\OmniLog\CL2\DATA_2024\07\_NRRL 3488_Aspergillus oryzae__1_30_CL2_769_7#24#2024_A_ 9A_7.OKA","7/24/2024 10:32:48 PM"," 9-A","PM01","","NRRL 3488","Aspergillus oryzae","",93.2500,"48.4372","211.3301","129.1150","76.9757","45.2737","143.6530","30.0132","120.8832","86.9296","107.1905","112.8223","133.4397","42.4905","188.9656","120.6064","17.9642","88.1019","73.9383","24.7658","221.0215","63.6857","30.3138","142.5591","59.2170","43.8140","12.1600","51.6509","260.7910","52.7912","155.3054","80.0938","66.5434","99.3903","135.1684","98.5940","39.7961","102.5310","18.7313","12.6829","11.2508","61.5107","73.8304","41.1749","36.0575","77.6920","71.6588","171.6276","66.2572","70.0611","21.1510","21.7991","32.9920","59.4312","12.0859","19.8021","138.2604","165.5426","158.9307","31.6341","43.2125","34.4951","30.7769","174.7421","32.3417","47.0869","36.9651","50.1723","58.2187","119.9711","19.6921","147.6645","51.6205","58.9436","16.1096","63.0915","18.4600","77.6830","111.5822","22.1109","14.9696","50.0819","23.9383","52.8472","52.7593","108.4762","166.6254","173.0138","192.6690","24.9893","255.1407","39.7328","28.8896","103.5840","57.7378","197.9046","115.9806"
"C:\Users\cfg364\Sommerlab Dropbox\Casper van der Luijt\Casper\Data\BioLog\OmniLog\CL2\DATA_2024\07\_NRRL 3488_Aspergillus oryzae__1_30_CL2_769_7#24#2024_A_ 9A_7.OKA","7/24/2024 10:32:48 PM"," 9-A","PM01","","NRRL 3488","Aspergillus oryzae","",93.5000,"48.4681","211.5824","127.0675","77.4962","44.5736","142.5545","28.6461","121.2639","90.0196","104.8995","113.5786","130.4284","42.7351","190.4915","118.4045","17.2006","85.4586","73.4299","22.4241","217.8327","62.1976","30.8856","145.0619","57.8181","44.2701","13.0378","54.2882","261.7487","50.9715","154.9925","81.7117","71.3485","99.3585","131.3709","104.0983","39.4209","102.5310","15.7456","12.7747","11.0000","61.8593","74.6084","39.9309","34.6391","78.5119","71.5617","171.2060","65.3529","70.9537","18.5015","20.3879","33.9057","62.1826","12.2721","20.0870","138.0398","163.3561","161.9451","29.1263","44.2041","36.3071","31.1830","172.8114","30.6344","43.5121","40.1096","51.1547","54.3628","119.6863","23.8177","146.0914","50.0251","60.4980","15.3062","59.4133","15.8897","75.0293","108.5467","21.1823","15.0976","50.5945","23.2624","53.9136","57.5142","108.5066","168.4120","171.6149","190.8089","27.6495","258.5866","38.1866","25.1234","107.6551","59.2572","194.1274","119.7322"
"C:\Users\cfg364\Sommerlab Dropbox\Casper van der Luijt\Casper\Data\BioLog\OmniLog\CL2\DATA_2024\07\_NRRL 3488_Aspergillus oryzae__1_30_CL2_769_7#24#2024_A_ 9A_7.OKA","7/24/2024 10:32:48 PM"," 9-A","PM01","","NRRL 3488","Aspergillus oryzae","",93.7500,"47.8178","212.0237","128.1982","77.0370","49.0925","145.0099","31.6030","122.9139","90.6955","110.1914","114.3665","140.0212","45.6396","190.4292","121.4933","19.9496","83.4522","77.2107","25.0190","221.1794","65.0472","31.5845","144.9015","60.6782","41.8372","12.8184","50.1352","261.4089","54.9622","158.3091","82.7269","68.5666","102.7997","131.4986","101.6941","40.2338","102.9255","19.6113","16.2628","13.1944","63.5705","80.9257","40.6326","34.9858","75.8631","74.2159","172.3087","64.6980","70.2458","21.8532","20.7560","36.1427","61.8074","14.1957","21.9234","135.2972","162.0252","163.9012","29.3803","43.3084","38.3956","28.7148","173.1178","29.7175","44.6832","40.9813","51.3766","54.6157","122.7872","25.2664","145.1476","50.0570","62.5706","16.9773","63.0601","18.1152","74.4738","113.1632","19.9656","17.3705","52.4525","23.8095","55.8525","55.8645","113.1252","165.3716","174.8895","194.9631","24.3634","258.2323","39.6039","29.0519","108.3445","60.0499","196.0491","116.1746"
"C:\Users\cfg364\Sommerlab Dropbox\Casper van der Luijt\Casper\Data\BioLog\OmniLog\CL2\DATA_2024\07\_NRRL 3488_Aspergillus oryzae__1_30_CL2_769_7#24#2024_A_ 9A_7.OKA","7/24/2024 10:32:48 PM"," 9-A","PM01","","NRRL 3488","Aspergillus oryzae","",94.0000,"48.8314","217.9791","127.1510","76.5592","47.4711","142.6321","35.6664","125.4474","91.3889","114.0690","113.7528","134.5822","45.7736","188.9063","121.6593","18.9268","90.5429","78.1535","25.9732","220.2584","64.7021","37.0698","146.9360","61.7995","44.5502","11.3148","54.3384","264.3371","53.2966","156.5966","79.7268","70.2758","103.5978","139.3517","100.4166","49.6364","101.6259","15.2465","19.9659","15.7028","63.3443","78.6980","40.5121","37.1606","76.6002","74.0658","178.4758","67.2345","66.5743","25.1267","17.7329","35.8625","59.8053","12.3299","24.0993","140.4865","166.0148","161.5766","31.3644","44.2684","40.7071","27.4028","169.9004","33.7752","47.8696","39.0261","55.4521","56.4198","122.6933","24.5348","149.5487","53.4366","65.4934","19.7744","60.8875","16.0798","73.3579","107.7410","26.0705","20.6128","53.8069","19.1906","55.9612","55.8068","112.0709","168.2123","174.7292","193.5462","30.7985","259.1679","36.3842","30.6846","108.3624","70.4551","200.5763","121.0281"
"C:\Users\cfg364\Sommerlab Dropbox\Casper van der Luijt\Casper\Data\BioLog\OmniLog\CL2\DATA_2024\07\_NRRL 3488_Aspergillus oryzae__1_30_CL2_769_7#24#2024_A_ 9A_7.OKA","7/24/2024 10:32:48 PM"," 9-A","PM01","","NRRL 3488","Aspergillus oryzae","",94.2500,"48.8661","214.6543","127.4375","78.0875","47.8769","141.6828","32.1566","123.2272","90.4918","107.4326","115.2137","132.5308","44.9242","187.4357","122.1157","21.1539","87.8899","77.3825","22.4539","222.3355","62.2537","32.3401","147.4726","59.5308","44.4318","11.7537","54.0955","262.1252","54.2918","155.6178","79.3024","68.7215","99.6345","133.7173","100.0233","42.2870","101.9675","16.6420","13.6961","13.0365","65.1654","73.9155","39.3142","30.7389","77.6158","67.8143","175.5963","66.4496","64.4883","20.9724","19.1298","33.5024","58.5905","14.5137","23.7718","136.0928","161.4436","163.8447","30.8050","45.9621","39.0012","26.7128","172.1931","31.1253","43.4399","37.1088","49.9473","57.0453","121.2528","21.7167","148.6292","48.7310","61.4474","18.2110","58.7134","20.0539","71.1934","111.2600","22.1800","12.8882","50.3110","22.7224","53.7297","54.6445","113.2175","162.8569","178.1384","192.5471","29.0792","258.0293","38.1990","25.9814","107.1065","61.3380","197.3995","116.8802"
"C:\Users\cfg364\Sommerlab Dropbox\Casper van der Luijt\Casper\Data\BioLog\OmniLog\CL2\DATA_2024\07\_NRRL 3488_Aspergillus oryzae__1_30_CL2_769_7#24#2024_A_ 9A_7.OKA","7/24/2024 10:32:48 PM"," 9-A","PM01","","NRRL 3488","Aspergillus oryzae","",94.5000,"43.9870","211.9537","125.9235","78.4413","45.5794","142.1701","34.4289","120.8706","90.7898","109.2004","112.3561","136.5392","43.9757","189.0573","120.5139","16.1363","88.3653","78.6946","26.9725","222.0605","62.2022","33.8383","148.7782","61.6926","41.2071","12.0038","51.4646","265.5523","51.1472","156.0504","81.2866","67.3207","99.0553","135.8863","102.7287","43.3403","105.0976","18.6554","16.7802","14.7439","62.1480","77.4542","43.8292","33.5384","78.4929","71.6819","175.3454","60.5943","68.2708","23.2170","20.7178","30.6692","63.9734","13.9705","23.3239","141.6119","164.9298","162.2685","29.8924","42.2425","37.5434","28.2543","172.8591","34.5900","45.7694","40.5886","49.2033","55.0790","123.8588","24.6670","147.6527","50.3829","59.7447","18.0332","60.3244","19.5476","72.3659","108.7475","22.2245","19.6373","54.1313","19.1968","53.0401","55.4417","115.9106","163.1424","176.3816","193.6765","30.4243","260.5757","36.5860","27.1187","107.7323","63.2498","196.5550","117.6511"
"C:\Users\cfg364\Sommerlab Dropbox\Casper van der Luijt\Casper\Data\BioLog\OmniLog\CL2\DATA_2024\07\_NRRL 3488_Aspergillus oryzae__1_30_CL2_769_7#24#2024_A_ 9A_7.OKA","7/24/2024 10:32:48 PM"," 9-A","PM01","","NRRL 3488","Aspergillus oryzae","",94.7500,"44.9190","211.7371","123.5666","77.2875","46.3031","149.7024","34.5603","118.6620","94.0379","111.3064","116.8872","134.5721","46.0594","184.1760","119.9288","17.6932","92.6793","78.3881","24.3821","221.8263","64.1329","30.0034","145.9430","60.1810","45.6530","11.7834","52.5315","266.8404","49.6451","157.4795","80.4310","70.7543","99.7443","134.4633","102.0805","43.5372","105.3228","18.0511","15.8129","13.1498","63.4582","76.5017","36.3517","35.8189","76.8054","71.3660","173.9435","64.4442","71.9563","22.3015","20.2358","32.5358","57.2698","13.4792","19.1633","132.4467","166.2903","157.9988","33.6097","43.7242","38.3278","27.6728","170.4058","29.3492","45.4519","37.7070","52.7617","56.1266","121.2307","16.4178","145.0397","50.4488","65.6926","16.5216","58.4086","13.6325","75.1370","112.5789","24.6218","18.4951","54.9116","21.2708","53.9566","54.4585","117.1666","156.1992","177.3154","193.2137","29.0778","257.9703","35.4832","29.5303","103.3084","65.7592","194.1333","120.1596"
"C:\Users\cfg364\Sommerlab Dropbox\Casper van der Luijt\Casper\Data\BioLog\OmniLog\CL2\DATA_2024\07\_NRRL 3488_Aspergillus oryzae__1_30_CL2_769_7#24#2024_A_ 9A_7.OKA","7/24/2024 10:32:48 PM"," 9-A","PM01","","NRRL 3488","Aspergillus oryzae","",95.0000,"43.2059","216.9372","122.9548","78.3601","44.9087","145.0641","35.8534","122.1207","90.4791","112.0414","113.1956","135.5642","44.8347","187.5587","119.1941","18.3044","87.0704","79.0518","26.9130","222.8053","62.1076","29.5607","146.1034","59.0078","44.1965","12.2848","51.4993","265.5215","50.7920","157.2608","81.7279","71.8847","100.9521","135.3256","101.4141","46.1737","103.1031","18.4879","15.0819","15.5799","60.6320","81.0672","38.6854","33.7140","73.9278","71.4960","171.8491","64.6622","65.5804","20.7097","21.5245","30.6096","59.0530","11.6818","21.0934","137.6262","165.6893","162.6751","34.0208","46.9456","38.2056","28.5817","169.7583","29.6966","43.9352","37.8631","50.1318","56.4718","122.6496","17.7485","145.8276","50.3849","67.4327","17.0961","57.1110","17.5187","75.8128","109.5439","24.6852","16.2402","51.9096","22.6875","57.3970","54.6852","114.7399","158.1431","173.0763","191.7567","29.2329","257.7451","38.2287","31.2766","102.8484","62.0285","198.1611","119.8719"
"C:\Users\cfg364\Sommerlab Dropbox\Casper van der Luijt\Casper\Data\BioLog\OmniLog\CL2\DATA_2024\07\_NRRL 3488_Aspergillus oryzae__1_30_CL2_769_7#24#2024_A_ 9A_7.OKA","7/24/2024 10:32:48 PM"," 9-A","PM01","","NRRL 3488","Aspergillus oryzae","",95.2500,"43.9356","216.3698","124.8333","74.3985","46.6904","145.7632","37.3869","122.7691","96.9773","113.8530","113.2056","138.3274","46.0076","191.3730","120.5644","14.6230","89.7803","79.4821","24.5284","227.6401","66.6803","32.5669","148.4192","57.4469","41.2698","12.7259","49.7631","261.3028","54.7983","154.6713","78.7411","67.5575","98.3915","135.8487","102.1279","42.5346","103.5145","13.7509","14.7198","17.0714","61.3704","74.6310","41.5050","34.5074","77.9356","72.3395","177.7681","66.4781","71.1623","25.0968","19.2792","34.0765","59.8578","11.0926","19.7819","136.6040","161.6582","161.7733","29.9761","43.8255","38.7201","27.3800","171.9256","31.0705","45.8655","39.0948","50.8408","58.3411","122.4713","24.6469","144.0783","47.8171","67.7250","14.0430","61.2438","16.2380","69.5521","114.9625","20.3269","19.8376","53.2733","23.9169","55.5585","55.5549","118.4384","165.5596","179.5729","192.3930","28.0225","258.4034","33.4450","26.7419","103.1430","61.9817","195.0491","119.9202"
"C:\Users\cfg364\Sommerlab Dropbox\Casper van der Luijt\Casper\Data\BioLog\OmniLog\CL2\DATA_2024\07\_NRRL 3488_Aspergillus oryzae__1_30_CL2_769_7#24#2024_A_ 9A_7.OKA","7/24/2024 10:32:48 PM"," 9-A","PM01","","NRRL 3488","Aspergillus oryzae","",95.5000,"44.4873","215.3084","127.1343","77.9416","47.9442","145.9814","31.7309","123.8282","92.0458","115.0725","116.6801","134.9416","47.3115","187.6465","122.6432","16.0577","89.2978","73.8696","22.4658","221.9799","59.6910","30.5842","148.3747","58.8638","42.9958","11.0000","53.9571","262.1490","51.5610","158.7755","83.5664","67.3196","100.7901","136.8351","100.1031","41.0578","102.8689","16.8736","13.9281","13.8674","60.6662","78.2165","40.9783","37.8461","79.5697","74.1622","172.4298","67.5500","66.2361","21.3643","18.8687","31.2456","58.9738","11.2170","19.3283","133.3447","161.8095","160.7090","30.7315","45.7875","39.3149","31.1145","172.5345","33.6494","46.0833","40.8782","49.5697","55.2353","126.8834","21.1512","147.0564","48.9174","65.9676","17.8848","58.0011","18.3669","75.7806","111.2538","22.4623","14.1926","48.6672","23.6914","57.8908","59.2398","116.9847","163.8591","179.1420","195.3811","30.7024","256.7535","37.0647","29.2646","110.3439","58.1966","196.6866","120.1182"
"C:\Users\cfg364\Sommerlab Dropbox\Casper van der Luijt\Casper\Data\BioLog\OmniLog\CL2\DATA_2024\07\_NRRL 3488_Aspergillus oryzae__1_30_CL2_769_7#24#2024_A_ 9A_7.OKA","7/24/2024 10:32:48 PM"," 9-A","PM01","","NRRL 3488","Aspergillus oryzae","",95.7500,"44.9579","212.9581","126.7333","78.0183","47.8466","144.5087","30.6607","125.4731","93.9339","113.1816","111.7464","135.2346","46.3427","189.3092","125.2929","17.3924","91.4190","73.1819","22.1967","225.1132","64.4056","31.7936","141.9738","62.6942","42.4804","13.5670","52.7011","264.3984","48.2328","157.1251","78.1758","64.6549","98.0417","133.1246","103.4946","42.9161","102.2692","15.6093","11.7656","14.6708","58.4133","75.9594","40.0371","34.2077","72.1506","71.2821","173.7193","65.7045","67.0937","25.2311","18.1904","33.7695","60.6992","11.2183","21.5997","133.9235","169.1000","160.1436","27.4972","46.2918","39.1396","23.5712","172.9048","27.4145","43.5221","33.7981","54.7881","55.4775","122.6731","21.7021","144.1780","49.3867","65.9798","15.5533","57.1806","15.5858","71.3550","111.0521","24.9667","13.3362","53.2447","20.4101","48.3766","53.5746","119.9279","156.5290","182.4396","187.7004","28.8836","259.4625","37.8502","29.8079","103.6962","60.0473","201.6774","120.7259"
"C:\Users\cfg364\Sommerlab Dropbox\Casper van der Luijt\Casper\Data\BioLog\OmniLog\CL2\DATA_2024\07\_NRRL 3488_Aspergillus oryzae__1_30_CL2_769_7#24#2024_A_ 9A_7.OKA","7/24/2024 10:32:48 PM"," 9-A","PM01","","NRRL 3488","Aspergillus oryzae","",96.0000,"45.3056","216.3738","125.9096","77.0744","44.4656","142.2050","35.7266","121.1429","97.7079","111.4423","112.8621","138.9024","48.2914","190.0851","126.8454","14.6855","88.0633","74.9600","25.0078","225.3407","67.5620","32.4052","146.8062","60.2780","45.1800","12.7540","50.9604","263.2996","49.0235","161.6527","79.7794","66.2042","101.5930","137.2050","104.2322","40.7550","104.9347","19.1538","15.6783","13.8071","63.5763","73.8741","38.0699","37.4055","76.7005","73.2449","171.6069","67.1549","66.9714","16.8438","18.9183","33.7340","61.6869","15.2914","22.1318","138.8878","166.6374","161.6422","32.0437","45.1481","41.7742","30.6014","172.0455","34.6989","42.9567","36.8431","56.7088","56.5786","123.8416","18.9723","149.0430","50.2679","64.4597","18.8887","57.1538","14.7549","76.0119","110.1033","23.4071","12.6681","54.2198","26.2095","54.8474","56.4329","123.0856","170.1629","185.6567","190.7982","26.2678","258.0466","38.8403","27.1221","105.8790","62.6013","198.7262","120.9966"
