"Plate File","Setup Time","Position","Plate Type","Field 1","Field 2","Field 3","Field 4","Hour","A01","A02","A03","A04","A05","A06","A07","A08","A09","A10","A11","A12","B01","B02","B03","B04","B05","B06","B07","B08","B09","B10","B11","B12","C01","C02","C03","C04","C05","C06","C07","C08","C09","C10","C11","C12","D01","D02","D03","D04","D05","D06","D07","D08","D09","D10","D11","D12","E01","E02","E03","E04","E05","E06","E07","E08","E09","E10","E11","E12","F01","F02","F03","F04","F05","F06","F07","F08","F09","F10","F11","F12","G01","G02","G03","G04","G05","G06","G07","G08","G09","G10","G11","G12","H01","H02","H03","H04","H05","H06","H07","H08","H09","H10","H11","H12"
"C:\Users\cfg364\Sommerlab Dropbox\Casper van der Luijt\Casper\Data\BioLog\OmniLog\CL2\DATA_2024\07\_NRRL 3483_Aspergillus oryzae__1_30_CL2_769_7#24#2024_A_14B_17.OKA","7/24/2024 10:32:48 PM","14-B","PM01","","NRRL 3483","Aspergillus oryzae","",0.0000,"24.6131","43.4660","15.1544","12.7588","11.0000","11.0000","11.0000","11.0000","11.0000","11.6680","15.1504","27.4457","16.4571","11.0000","11.0000","11.0000","11.0000","11.0000","11.0000","54.4953","11.0000","11.0000","11.0000","16.3068","11.0000","11.0000","11.0000","57.4969","11.0000","11.0000","11.0000","11.0000","11.0000","11.0000","11.4822","12.4413","12.1993","11.0000","11.0000","11.0000","11.0000","11.0000","11.0000","11.0000","11.0000","11.0000","11.0000","12.8207","15.9119","11.0000","11.0000","11.0000","11.0000","11.0000","11.0000","11.0000","11.0000","11.0000","11.0000","14.4870","12.4391","11.0000","11.0000","11.0000","11.0000","11.0000","11.0000","11.0000","11.0000","11.0000","11.0000","15.7658","13.5214","11.0000","11.0000","11.0000","11.0000","11.0000","11.0000","11.0000","11.0000","11.0000","11.0000","15.5167","16.1113","11.0000","11.0000","11.0000","11.0000","79.9302","11.0000","11.0000","11.0000","11.0000","11.0000","17.5795"
"C:\Users\cfg364\Sommerlab Dropbox\Casper van der Luijt\Casper\Data\BioLog\OmniLog\CL2\DATA_2024\07\_NRRL 3483_Aspergillus oryzae__1_30_CL2_769_7#24#2024_A_14B_17.OKA","7/24/2024 10:32:48 PM","14-B","PM01","","NRRL 3483","Aspergillus oryzae","",0.2500,"23.2865","47.8658","15.1908","12.2292","11.0000","11.0000","11.0000","11.0000","11.0000","11.0000","14.8199","28.0904","16.4243","11.0000","11.0000","11.0000","11.3097","11.0000","11.0000","54.7610","11.0000","11.0000","11.0000","12.3244","11.0000","11.0000","11.0000","58.2258","11.0000","11.0000","11.0000","11.0000","11.0000","11.0000","11.0000","14.1182","11.0000","11.0000","11.0000","11.0000","11.0000","11.0000","11.0000","11.0000","11.0000","11.0000","11.0000","11.0000","11.0611","11.0000","11.0000","11.0000","11.0000","11.0000","11.0000","11.0000","11.0000","11.0000","11.0000","15.3367","11.0000","11.0000","11.0000","11.0000","11.0000","11.0000","11.0000","11.0000","11.0000","11.0000","11.0000","16.2172","11.0000","11.0000","11.0000","11.0000","11.0000","11.0000","11.0000","11.0000","11.0000","11.0000","11.0000","15.3098","11.0000","11.0000","11.0000","11.0000","11.0000","76.9700","11.0000","11.0000","11.0000","11.0000","11.0000","16.4356"
"C:\Users\cfg364\Sommerlab Dropbox\Casper van der Luijt\Casper\Data\BioLog\OmniLog\CL2\DATA_2024\07\_NRRL 3483_Aspergillus oryzae__1_30_CL2_769_7#24#2024_A_14B_17.OKA","7/24/2024 10:32:48 PM","14-B","PM01","","NRRL 3483","Aspergillus oryzae","",0.5000,"22.8442","39.0447","11.0000","13.8243","11.0000","11.0000","11.0000","11.0000","11.0000","11.2998","15.7723","26.7832","14.3062","11.0000","11.0000","11.5064","11.0000","11.0000","11.0000","55.3705","11.0000","12.9540","11.0000","12.7444","12.0081","11.0000","11.0000","55.3462","11.0000","11.0000","11.0000","11.0000","11.0000","11.0000","11.0000","12.9754","11.9789","11.0000","11.0000","11.0000","11.0000","11.0000","11.0000","11.0000","11.0000","11.0000","11.0000","12.5867","12.4015","11.0000","11.0000","11.0000","11.0000","11.0000","11.0000","11.0000","11.0000","11.0000","11.0000","18.1171","11.0000","11.0000","11.0000","11.0000","11.0000","11.0000","11.0000","11.0000","11.0000","11.0000","11.0000","16.2758","12.1221","11.0000","11.0000","11.0000","11.0000","11.0000","11.0000","11.0000","11.0000","11.0000","11.0000","14.8937","14.2158","11.0000","11.0000","11.0000","11.0000","75.1522","11.0000","11.0000","11.0000","11.0000","11.0000","20.4596"
"C:\Users\cfg364\Sommerlab Dropbox\Casper van der Luijt\Casper\Data\BioLog\OmniLog\CL2\DATA_2024\07\_NRRL 3483_Aspergillus oryzae__1_30_CL2_769_7#24#2024_A_14B_17.OKA","7/24/2024 10:32:48 PM","14-B","PM01","","NRRL 3483","Aspergillus oryzae","",0.7500,"22.4647","43.7448","11.0000","14.4883","11.0000","11.0000","11.0000","12.6180","11.0000","11.0000","15.9874","23.3806","18.3910","11.0000","11.0000","11.0000","11.0000","11.0000","11.0000","57.3375","11.0000","11.9193","11.0000","15.0970","11.0000","11.0000","11.0000","49.9348","11.0000","11.0000","11.0000","11.0000","11.0000","11.0000","11.0000","12.5142","13.0147","11.0000","11.0000","11.0000","11.0000","11.0000","11.0000","11.0000","11.0000","11.0000","11.0000","11.0000","11.0000","11.0000","11.0000","11.0000","11.0000","11.0000","11.0000","11.0000","11.0000","11.0000","16.4711","17.8903","11.0000","11.0000","11.0000","11.0000","11.0000","11.0000","11.0000","11.0000","11.0000","13.7897","13.0849","13.7048","11.0917","11.0000","11.0000","11.0000","11.0000","11.0000","11.0000","11.0000","11.0000","11.0000","20.5459","12.7252","11.0000","11.0000","11.0000","11.0000","11.0000","77.5304","11.0000","11.0000","11.0000","11.0000","11.0000","19.3882"
"C:\Users\cfg364\Sommerlab Dropbox\Casper van der Luijt\Casper\Data\BioLog\OmniLog\CL2\DATA_2024\07\_NRRL 3483_Aspergillus oryzae__1_30_CL2_769_7#24#2024_A_14B_17.OKA","7/24/2024 10:32:48 PM","14-B","PM01","","NRRL 3483","Aspergillus oryzae","",1.0000,"23.7822","49.3444","11.0000","13.7106","11.0000","11.0000","11.0000","11.0000","11.0000","21.7444","16.0058","17.9601","13.3081","11.0000","11.0000","11.0000","11.0000","11.0000","11.0000","64.8238","11.0000","14.8120","11.0000","15.7834","12.4903","11.0000","11.0000","58.8782","11.0000","11.0000","11.0000","11.0000","11.0000","11.0000","11.0000","17.2524","16.7009","11.0000","11.0000","11.0000","11.0000","11.0000","11.0000","11.0000","11.0000","11.0000","11.0000","12.2515","11.6728","11.0000","11.0000","11.0000","11.0000","11.0000","11.0000","11.0000","11.0000","11.0000","11.0000","14.1126","11.0000","11.0000","11.0000","11.0000","11.0000","11.0000","11.0000","11.0000","11.0000","14.8343","11.1606","16.8305","11.0000","11.0000","11.0000","11.0000","11.0000","11.0000","11.0000","11.0000","11.0000","11.0000","19.4184","15.8561","14.3735","11.0000","11.0000","11.0000","11.0000","73.2894","11.0000","11.0000","11.0000","11.0000","11.0000","20.7340"
"C:\Users\cfg364\Sommerlab Dropbox\Casper van der Luijt\Casper\Data\BioLog\OmniLog\CL2\DATA_2024\07\_NRRL 3483_Aspergillus oryzae__1_30_CL2_769_7#24#2024_A_14B_17.OKA","7/24/2024 10:32:48 PM","14-B","PM01","","NRRL 3483","Aspergillus oryzae","",1.2500,"20.1689","47.9255","12.2687","13.9374","12.7409","14.2655","11.0000","11.0000","11.0000","12.8030","18.5863","24.0850","14.2436","11.0000","11.0000","11.0000","11.7469","11.0000","11.0000","63.3172","11.0000","15.8772","11.0000","15.9223","11.9847","11.0000","11.0000","61.3357","11.0000","11.0000","11.0000","11.0000","11.0000","11.0000","11.0000","17.0752","15.3322","11.0000","11.0000","11.0000","11.0000","11.0000","11.0000","11.0000","11.0000","11.0000","11.0000","14.5797","11.0000","11.0000","11.0000","11.0000","11.0000","11.0000","11.0000","11.0000","11.0000","11.0000","11.0000","16.9146","11.0000","11.0000","11.0000","11.0000","11.0000","11.0000","11.0000","11.0000","11.0000","11.0000","11.0000","15.5119","11.0000","11.0000","11.0000","11.0000","11.0000","11.0000","11.0000","11.0000","11.0000","11.0000","20.7392","15.4868","11.0000","11.0000","11.0000","11.0000","11.0000","75.6690","11.0000","11.0000","11.0000","11.0000","11.0000","21.7018"
"C:\Users\cfg364\Sommerlab Dropbox\Casper van der Luijt\Casper\Data\BioLog\OmniLog\CL2\DATA_2024\07\_NRRL 3483_Aspergillus oryzae__1_30_CL2_769_7#24#2024_A_14B_17.OKA","7/24/2024 10:32:48 PM","14-B","PM01","","NRRL 3483","Aspergillus oryzae","",1.5000,"22.0648","45.3991","11.0000","16.3694","12.6459","11.0000","11.0000","11.0000","11.0000","11.7679","14.0611","20.3370","14.7738","11.0000","11.0000","11.0000","11.0000","11.0000","11.0000","62.6645","11.0000","12.3420","11.0000","15.6910","11.0000","11.0000","11.0000","63.0029","11.0000","11.0000","11.0000","11.0000","11.0000","11.0000","11.0000","20.7732","13.2617","11.0000","11.0000","11.0000","11.0000","11.0000","11.0000","11.0000","11.0000","11.0000","11.0000","15.9262","12.4363","11.0000","11.0000","11.0000","11.0000","11.0000","11.0000","11.0000","11.0000","11.0000","11.0000","15.9341","11.0000","11.0000","11.0000","11.0624","11.0000","11.0000","11.0000","11.0000","11.0000","11.0000","11.0000","16.8279","11.0000","11.5100","11.0000","11.0000","11.0000","11.0000","11.0000","11.0000","11.0000","11.0000","20.3547","14.4274","11.0000","11.0000","11.0000","11.0000","11.0000","82.1617","11.0000","11.0000","11.0000","11.0000","11.0000","21.0193"
"C:\Users\cfg364\Sommerlab Dropbox\Casper van der Luijt\Casper\Data\BioLog\OmniLog\CL2\DATA_2024\07\_NRRL 3483_Aspergillus oryzae__1_30_CL2_769_7#24#2024_A_14B_17.OKA","7/24/2024 10:32:48 PM","14-B","PM01","","NRRL 3483","Aspergillus oryzae","",1.7500,"22.0337","48.8001","11.0000","15.8324","12.3927","11.0000","11.0000","11.0000","11.0000","11.0000","15.3588","20.2055","17.4247","11.0000","11.0000","11.0000","12.3382","11.0000","11.0000","63.5457","11.0000","15.0261","11.0000","11.6937","11.0000","11.0000","11.0000","60.8227","11.0000","11.0000","11.0000","11.0000","11.0000","11.0000","11.0000","21.2354","18.0398","11.0000","11.0000","11.0000","11.0000","11.0000","11.0000","11.0000","11.0000","11.0000","11.0000","11.0000","11.0000","11.0000","11.0000","11.0000","11.0000","11.0000","11.0000","11.0000","11.0000","11.0000","11.0000","13.7834","11.0000","11.0000","11.0000","11.7794","11.0000","11.0000","11.0000","11.0000","11.0000","11.0000","11.0000","17.6112","11.0000","11.2869","12.4297","11.0000","11.0000","11.0000","11.0000","11.0000","11.0000","11.0000","19.4257","12.4021","11.7110","11.0000","11.0000","11.0000","11.0000","79.8360","11.0000","11.0000","11.0000","11.0000","12.3386","24.4315"
"C:\Users\cfg364\Sommerlab Dropbox\Casper van der Luijt\Casper\Data\BioLog\OmniLog\CL2\DATA_2024\07\_NRRL 3483_Aspergillus oryzae__1_30_CL2_769_7#24#2024_A_14B_17.OKA","7/24/2024 10:32:48 PM","14-B","PM01","","NRRL 3483","Aspergillus oryzae","",2.0000,"25.5453","48.5331","12.5576","12.9031","12.6780","11.3552","11.0000","13.8681","11.0000","11.4695","13.4976","20.0740","16.7857","11.0000","11.0000","11.0000","11.0000","11.0000","11.0000","64.1575","11.0000","11.0000","11.0000","19.3095","11.0000","11.0000","11.0000","63.7518","11.0000","11.0000","11.0000","11.0000","11.0000","11.0000","12.8506","24.9156","16.9796","11.0000","11.0000","11.0000","11.0000","11.0000","11.0000","11.0000","11.0000","11.0000","11.0000","11.0000","13.8172","11.0000","11.0000","11.0000","11.0000","11.0000","11.0000","11.0000","11.0000","11.0000","11.0000","14.2914","11.0000","11.0000","11.0000","14.5134","11.0000","11.0000","11.0000","11.0000","11.0000","11.0000","11.0000","15.2809","11.0000","11.0000","11.0000","11.0000","11.0000","11.0000","11.0000","11.0000","11.0000","11.0000","27.3326","17.7866","11.3693","11.0000","11.0000","11.0000","11.0000","78.9677","11.0000","11.0000","11.9298","11.0000","34.5020","25.2131"
"C:\Users\cfg364\Sommerlab Dropbox\Casper van der Luijt\Casper\Data\BioLog\OmniLog\CL2\DATA_2024\07\_NRRL 3483_Aspergillus oryzae__1_30_CL2_769_7#24#2024_A_14B_17.OKA","7/24/2024 10:32:48 PM","14-B","PM01","","NRRL 3483","Aspergillus oryzae","",2.2500,"23.9861","46.5790","11.9722","16.5068","11.0000","11.0000","11.0000","11.0000","11.0000","11.0000","12.6010","23.9433","15.4056","11.0000","11.0000","11.0000","11.0000","11.0000","11.0000","60.6181","11.0000","12.8390","11.0000","15.8505","11.0000","11.0000","11.0000","57.8550","11.0000","12.4125","11.0000","11.0000","11.0000","11.0000","11.0000","23.9107","20.9740","11.0000","11.0000","11.0000","11.0000","11.0000","11.0000","11.0000","11.0000","11.0000","11.0000","13.1517","13.4708","11.0000","11.0000","11.0000","11.0000","11.0000","11.0000","11.0000","11.0000","11.0000","11.1948","16.1745","11.0000","11.0000","11.0000","13.5701","11.0000","11.0000","11.0000","11.0000","11.0000","11.0000","11.0000","14.7240","11.0000","11.2550","11.0000","11.0000","11.0000","11.0000","11.0000","11.0000","11.0000","14.0451","23.1859","12.7717","12.6008","11.0000","11.0000","11.0000","11.0000","77.0172","11.0000","11.0000","11.0000","11.0000","32.1343","23.8317"
"C:\Users\cfg364\Sommerlab Dropbox\Casper van der Luijt\Casper\Data\BioLog\OmniLog\CL2\DATA_2024\07\_NRRL 3483_Aspergillus oryzae__1_30_CL2_769_7#24#2024_A_14B_17.OKA","7/24/2024 10:32:48 PM","14-B","PM01","","NRRL 3483","Aspergillus oryzae","",2.5000,"18.9189","47.1544","11.0000","18.6253","14.5648","11.0000","11.0000","11.0000","11.0000","11.0000","13.5092","22.0138","17.9050","11.9083","11.0000","11.0000","11.0000","11.0000","11.0000","64.6708","11.0000","17.0351","11.0000","22.8418","11.0000","11.0000","11.0000","62.9190","11.0000","13.9237","11.0000","11.0000","11.0000","11.0000","11.0000","28.3134","23.9018","11.0000","11.0000","11.0000","11.0000","11.0000","11.0000","11.0000","11.0000","11.0000","11.0000","11.3624","11.3665","11.0000","11.0000","11.0000","11.0000","11.0000","11.0000","11.0000","11.0000","11.0000","11.2595","11.8576","11.0000","11.0000","11.0000","14.8165","11.0000","11.0000","11.0000","11.0000","11.0000","11.0000","11.0000","18.2277","14.1364","11.0000","11.0000","11.0000","11.0000","11.0000","11.0000","11.0000","11.0000","14.5626","28.1203","17.8399","11.0309","11.0000","11.0000","11.0000","11.0000","79.1278","11.0000","14.7261","11.0000","11.0000","34.8401","26.3181"
"C:\Users\cfg364\Sommerlab Dropbox\Casper van der Luijt\Casper\Data\BioLog\OmniLog\CL2\DATA_2024\07\_NRRL 3483_Aspergillus oryzae__1_30_CL2_769_7#24#2024_A_14B_17.OKA","7/24/2024 10:32:48 PM","14-B","PM01","","NRRL 3483","Aspergillus oryzae","",2.7500,"24.2136","52.0065","11.0000","13.1630","12.6486","11.0000","11.0000","11.3643","12.8504","14.9330","15.2819","22.7699","16.4555","11.0000","11.0000","11.0000","12.1822","11.0000","11.0000","66.8494","11.0000","17.5571","12.6646","17.9721","14.0039","11.0000","11.0000","65.4260","11.0000","13.9380","11.0000","11.1281","11.0000","11.0000","12.1568","26.3674","20.9721","11.0000","11.0000","11.0000","11.0000","11.0000","11.0000","11.0000","11.0000","11.0000","11.0000","18.3041","12.2548","11.0000","11.0000","11.0000","11.0000","11.0000","11.0000","11.0000","11.0000","11.0000","11.0000","17.4026","11.0000","11.0000","11.0000","12.2515","11.0000","11.0000","11.0000","11.0000","11.0000","11.0000","11.0000","13.3602","13.7410","13.2258","11.0000","11.0000","11.0000","11.0000","11.0000","11.0000","11.0000","11.0000","27.7540","16.7483","13.2428","11.0000","11.0000","11.0000","11.0000","82.8483","11.0000","12.2714","11.0000","11.0000","36.9162","23.4417"
"C:\Users\cfg364\Sommerlab Dropbox\Casper van der Luijt\Casper\Data\BioLog\OmniLog\CL2\DATA_2024\07\_NRRL 3483_Aspergillus oryzae__1_30_CL2_769_7#24#2024_A_14B_17.OKA","7/24/2024 10:32:48 PM","14-B","PM01","","NRRL 3483","Aspergillus oryzae","",3.0000,"24.2532","47.2896","12.8120","19.1226","15.5726","11.0000","11.0000","11.0000","11.4289","12.7101","12.7337","20.8753","13.8704","11.0000","11.0000","11.0000","12.5966","11.0000","11.0000","63.5555","11.0000","17.1618","11.0000","22.1989","15.3044","11.0000","11.0000","65.6396","11.0000","11.9825","11.0000","13.3615","11.0000","11.0000","11.0000","22.8881","20.5531","11.0000","11.0000","11.0000","11.0000","11.0000","11.0000","11.0000","11.0000","11.0000","11.0000","11.0982","16.4041","11.0000","11.0000","11.6575","11.0000","11.0000","11.0000","11.0000","11.0000","11.0000","11.0000","14.9876","11.9825","11.0000","11.0920","15.3901","11.0000","11.0000","11.0000","11.0000","11.0000","11.0000","11.0000","14.5985","11.4567","11.0000","11.0000","11.0000","11.0000","11.0000","11.0000","11.0000","11.0000","13.5315","27.6874","16.7062","14.0157","11.0000","11.0000","11.0000","11.0000","82.1718","11.0000","11.4759","11.0000","11.0000","33.8315","24.7796"
"C:\Users\cfg364\Sommerlab Dropbox\Casper van der Luijt\Casper\Data\BioLog\OmniLog\CL2\DATA_2024\07\_NRRL 3483_Aspergillus oryzae__1_30_CL2_769_7#24#2024_A_14B_17.OKA","7/24/2024 10:32:48 PM","14-B","PM01","","NRRL 3483","Aspergillus oryzae","",3.2500,"22.5811","44.3060","13.9121","22.9027","12.4191","13.1889","13.1268","11.0995","11.5609","11.4359","14.8009","26.2231","16.2103","11.0000","11.0000","11.0000","12.3148","11.0000","11.0000","64.3040","11.0000","17.1946","11.9537","18.7404","16.0270","11.8796","11.0000","66.0575","11.0000","11.0951","11.0000","14.6698","11.0000","11.0000","11.0000","25.4969","21.0926","11.0000","11.0000","11.0000","11.0000","11.0000","11.0000","11.0000","11.0000","11.0000","11.0000","13.7179","12.7708","11.0000","11.0000","12.1271","11.0000","11.0000","11.0000","11.0000","11.0000","11.0000","11.7127","16.0637","11.0000","11.0000","11.2454","14.6740","11.0000","11.0000","11.0000","11.0000","11.0000","11.0000","11.0000","16.2882","11.9133","13.8359","11.0000","11.0000","11.0000","11.0000","11.0000","11.0000","11.0000","11.0000","27.2390","15.3654","14.5696","11.0000","11.0000","11.0000","11.0000","82.9776","11.0000","11.0000","11.0000","11.0000","24.9701","25.1821"
"C:\Users\cfg364\Sommerlab Dropbox\Casper van der Luijt\Casper\Data\BioLog\OmniLog\CL2\DATA_2024\07\_NRRL 3483_Aspergillus oryzae__1_30_CL2_769_7#24#2024_A_14B_17.OKA","7/24/2024 10:32:48 PM","14-B","PM01","","NRRL 3483","Aspergillus oryzae","",3.5000,"23.4909","47.0950","13.4950","14.3427","15.4090","11.0000","12.0445","14.4885","11.0000","15.7042","13.7231","19.8155","16.6488","11.0000","11.0000","11.0000","14.9551","11.0000","11.0000","67.8778","11.0000","17.9532","11.0000","18.7778","14.2195","11.0000","11.0000","59.5529","11.0000","11.0000","11.0000","11.0000","11.0000","11.0000","11.0000","26.5830","19.4536","11.0000","11.0000","11.0000","11.0000","11.0000","11.0000","11.0000","11.0000","11.0000","11.0000","12.0177","13.7520","11.0000","11.0000","11.0000","11.0000","11.0000","11.0000","11.0000","11.0000","11.0000","11.0000","15.0896","12.3209","11.0000","11.6713","11.0000","11.0000","11.0000","11.0000","11.0000","11.0000","11.0000","11.6757","14.6927","11.0000","14.1343","13.4160","11.0000","11.0000","11.0000","11.0000","11.0000","11.0000","11.0000","26.4850","14.7330","15.1807","11.0000","11.0000","11.0000","11.0000","85.7228","11.0000","11.5372","11.0000","11.0000","19.4816","25.8770"
"C:\Users\cfg364\Sommerlab Dropbox\Casper van der Luijt\Casper\Data\BioLog\OmniLog\CL2\DATA_2024\07\_NRRL 3483_Aspergillus oryzae__1_30_CL2_769_7#24#2024_A_14B_17.OKA","7/24/2024 10:32:48 PM","14-B","PM01","","NRRL 3483","Aspergillus oryzae","",3.7500,"23.3976","49.2678","12.1989","18.7577","13.1100","11.5814","14.3295","13.0733","11.0000","13.0208","13.9887","18.2579","15.1508","11.0000","11.0000","11.0000","14.2699","11.0000","11.0000","68.4595","11.0000","16.7725","11.0000","16.3286","14.8192","11.7148","11.0000","64.2589","11.0000","11.0000","11.0000","11.8009","11.0000","11.0000","11.0000","26.9132","25.0470","11.0000","11.0000","11.0000","11.0000","11.0000","11.0000","11.0000","11.0000","11.0000","11.0000","11.0000","11.0000","11.0000","11.0000","11.0000","11.0000","11.0000","11.0000","11.0000","11.0000","11.0000","11.0000","15.4066","14.2562","11.0000","13.5022","11.0000","11.0000","11.0000","11.0000","11.0000","11.0000","11.0000","11.0000","16.3825","11.6706","15.5273","12.8585","11.0000","11.0000","11.0000","11.0000","11.0000","11.0000","11.0000","28.1626","16.1329","15.2723","11.0000","11.0000","11.0000","11.0000","87.5500","11.0000","13.8123","11.0000","11.0000","19.8628","28.1039"
"C:\Users\cfg364\Sommerlab Dropbox\Casper van der Luijt\Casper\Data\BioLog\OmniLog\CL2\DATA_2024\07\_NRRL 3483_Aspergillus oryzae__1_30_CL2_769_7#24#2024_A_14B_17.OKA","7/24/2024 10:32:48 PM","14-B","PM01","","NRRL 3483","Aspergillus oryzae","",4.0000,"21.9455","46.4653","12.4238","18.8075","12.9298","11.0000","18.2243","12.4874","11.0000","13.3644","18.7839","26.5624","15.8561","12.5378","11.0000","11.0000","13.7220","11.0000","11.0000","65.7766","11.0000","14.8544","12.9363","21.5296","16.1906","11.0000","11.0000","58.6832","11.0000","11.0000","11.0000","14.9950","11.0000","11.0000","11.0000","27.3030","19.5108","11.0000","11.0000","11.0000","11.0000","11.0000","11.0000","11.0000","11.0000","11.0000","11.0000","14.0515","11.8899","11.0000","11.0000","11.0000","11.0000","11.0000","11.0000","11.0000","11.0000","11.0000","11.0000","12.1136","11.0000","11.0000","11.0000","11.0000","11.0000","11.0000","11.0000","11.0000","11.0000","11.0000","11.0000","12.4724","13.7396","11.3811","11.0000","11.0000","11.0000","11.0000","11.0000","11.0000","11.0000","11.0000","27.4686","16.1487","13.8260","11.0000","11.0000","11.0000","11.0000","79.8814","11.0000","12.4893","11.0000","11.0000","21.4030","22.4580"
"C:\Users\cfg364\Sommerlab Dropbox\Casper van der Luijt\Casper\Data\BioLog\OmniLog\CL2\DATA_2024\07\_NRRL 3483_Aspergillus oryzae__1_30_CL2_769_7#24#2024_A_14B_17.OKA","7/24/2024 10:32:48 PM","14-B","PM01","","NRRL 3483","Aspergillus oryzae","",4.2500,"24.4439","47.0395","11.0000","18.1111","11.3181","11.0000","11.0000","11.0000","11.0000","11.2675","16.6412","25.2928","17.8774","11.0000","11.0000","11.0000","16.8954","12.3978","11.0000","65.2768","11.0000","17.0174","11.0000","19.1292","11.2858","11.0000","11.0000","66.4460","11.0000","11.0000","11.0000","12.6976","11.0000","11.0000","11.2565","27.3284","21.3813","11.0000","11.0000","11.0000","11.0000","11.0000","11.0000","11.0000","11.0000","11.0000","11.0000","13.7083","11.7642","11.0000","11.0000","11.0000","11.0000","11.0000","11.0000","11.0000","11.0000","11.0000","11.0000","16.3405","11.0000","11.0000","11.0000","11.0000","11.0000","11.0000","11.0000","11.0000","11.0000","11.0000","11.4821","14.7475","13.1034","11.0000","11.0000","11.0000","11.0000","11.0000","11.0000","11.0000","11.0000","11.0000","30.7958","15.4359","12.8164","11.0000","11.0000","11.0000","11.0000","83.1138","11.0000","11.0000","13.2323","11.0000","21.3403","25.4943"
"C:\Users\cfg364\Sommerlab Dropbox\Casper van der Luijt\Casper\Data\BioLog\OmniLog\CL2\DATA_2024\07\_NRRL 3483_Aspergillus oryzae__1_30_CL2_769_7#24#2024_A_14B_17.OKA","7/24/2024 10:32:48 PM","14-B","PM01","","NRRL 3483","Aspergillus oryzae","",4.5000,"23.6884","51.9887","11.0000","18.9741","17.4785","12.0334","11.0000","11.0000","12.7154","14.3865","14.4306","20.6906","15.8504","11.0000","11.0000","11.0000","13.5359","11.0000","11.0000","67.7296","11.0000","16.2266","11.0000","22.7507","11.0000","11.0000","11.0000","63.7942","11.0000","11.0000","11.0000","14.4555","11.0000","11.0000","11.0000","32.4391","23.2891","11.0000","11.0000","11.0000","11.0000","11.0000","11.0000","11.0000","11.0000","11.0000","11.0000","11.9154","12.0413","11.0000","11.0000","11.0000","11.0000","11.0000","11.0000","11.0000","11.0000","11.0000","11.0000","15.1822","11.0000","11.0000","11.0000","11.0000","11.0000","11.0000","11.0000","11.0000","11.0000","11.0000","11.0000","14.8884","11.0000","11.0000","11.0000","11.0000","11.0000","11.0000","11.0000","11.0000","11.0000","11.0000","35.3140","15.5773","12.5418","11.0000","11.0000","11.0000","11.0000","89.6894","11.0000","13.1787","11.0000","11.0000","22.7529","25.5482"
"C:\Users\cfg364\Sommerlab Dropbox\Casper van der Luijt\Casper\Data\BioLog\OmniLog\CL2\DATA_2024\07\_NRRL 3483_Aspergillus oryzae__1_30_CL2_769_7#24#2024_A_14B_17.OKA","7/24/2024 10:32:48 PM","14-B","PM01","","NRRL 3483","Aspergillus oryzae","",4.7500,"22.2153","50.2572","11.5845","21.2546","14.9089","17.0797","15.0027","13.2429","11.0000","11.0000","13.4924","20.9425","18.7036","11.0000","11.0000","11.0000","16.3904","11.0000","11.0000","66.6451","11.0000","19.1208","11.0000","19.2062","12.2672","11.0000","11.0000","66.9406","11.0000","11.0000","11.0000","15.1704","11.0000","11.0000","11.0000","27.3259","24.6273","11.0000","11.0000","11.0000","11.0000","11.0000","11.0000","11.0000","11.0000","11.0000","11.0000","13.9959","14.9979","11.0000","11.0000","11.0000","11.0000","11.0000","11.0000","11.0000","11.0000","11.0000","11.0000","16.6174","11.0617","11.0000","11.0000","11.0000","11.0000","11.0000","11.0000","11.0000","11.0000","11.0000","11.0000","17.9800","11.6093","11.0000","11.0000","11.0000","11.0000","11.0000","11.0000","11.0949","11.0000","11.0000","32.6853","13.9505","11.0000","11.0000","11.0000","11.0000","11.0000","84.7526","11.0000","11.9805","11.4473","11.0000","20.0561","27.3748"
"C:\Users\cfg364\Sommerlab Dropbox\Casper van der Luijt\Casper\Data\BioLog\OmniLog\CL2\DATA_2024\07\_NRRL 3483_Aspergillus oryzae__1_30_CL2_769_7#24#2024_A_14B_17.OKA","7/24/2024 10:32:48 PM","14-B","PM01","","NRRL 3483","Aspergillus oryzae","",5.0000,"24.1376","47.5595","13.4977","22.2818","11.0000","12.5532","12.1101","13.4013","11.2322","17.4616","15.6290","20.2077","16.1602","14.0165","11.0000","11.0000","11.0000","11.0000","11.0000","67.9464","11.0000","14.4922","11.0000","22.2024","12.2024","11.0000","11.0000","62.2686","11.0000","11.0000","11.0000","12.7996","11.0000","11.0000","11.0000","26.6527","23.5736","11.0000","11.0000","11.0000","11.0000","11.0000","11.0000","11.0000","11.0000","11.0000","11.0000","13.5422","11.3366","11.0000","11.0000","11.0000","11.0000","11.0000","11.0000","11.0000","11.0000","11.0000","11.0000","17.6688","11.0000","11.0000","11.0000","11.0000","11.0000","11.0000","11.0000","11.0000","11.0000","11.0000","11.0000","16.5983","11.7618","12.8270","11.0000","11.0000","11.0000","11.0000","11.0000","11.0000","11.0000","11.0000","32.8498","11.0000","14.6786","11.0000","11.0000","11.0000","11.0000","90.4653","11.0000","11.0000","11.0000","11.0000","20.7379","24.4523"
"C:\Users\cfg364\Sommerlab Dropbox\Casper van der Luijt\Casper\Data\BioLog\OmniLog\CL2\DATA_2024\07\_NRRL 3483_Aspergillus oryzae__1_30_CL2_769_7#24#2024_A_14B_17.OKA","7/24/2024 10:32:48 PM","14-B","PM01","","NRRL 3483","Aspergillus oryzae","",5.2500,"21.1606","49.3053","11.0972","20.4613","11.0000","11.9993","14.8907","12.2542","11.0000","14.3680","11.0000","21.5426","19.4472","11.0000","11.0000","11.0000","15.2438","11.0633","11.0000","69.4460","11.0000","21.1315","11.0000","17.8790","12.7747","11.0000","11.0000","66.1635","11.0000","11.0000","11.0000","16.3644","11.0000","11.0000","11.0000","28.2373","22.3101","11.0000","11.0000","11.0000","11.0000","11.0000","11.0000","11.0000","11.0000","11.0000","11.0000","12.3070","14.3580","11.0000","11.0000","11.0000","11.0000","11.0000","11.0000","11.0000","11.0000","11.0000","11.0000","11.9881","11.0000","11.0000","11.0000","11.0000","11.0000","11.0000","11.0000","11.0000","11.0000","11.0000","11.0000","17.0137","11.8557","11.0000","11.0000","11.0000","11.0000","11.0000","11.0000","12.5780","11.0000","11.0000","28.7230","15.0832","13.1186","11.0000","11.0000","11.0000","11.0000","88.4814","11.0000","11.0000","11.0000","11.0000","22.6824","25.8938"
"C:\Users\cfg364\Sommerlab Dropbox\Casper van der Luijt\Casper\Data\BioLog\OmniLog\CL2\DATA_2024\07\_NRRL 3483_Aspergillus oryzae__1_30_CL2_769_7#24#2024_A_14B_17.OKA","7/24/2024 10:32:48 PM","14-B","PM01","","NRRL 3483","Aspergillus oryzae","",5.5000,"19.4313","50.3931","11.0000","19.9835","11.0000","14.1081","11.1314","11.0000","11.0000","16.5623","11.8998","20.3731","16.2504","13.3924","11.0000","11.0000","13.6525","11.0000","11.0000","69.0830","11.0000","15.9965","11.0000","20.6411","12.4553","11.0000","11.0000","67.5374","11.0000","11.0000","11.0000","15.8504","11.0000","11.0000","11.0000","32.2877","23.5702","11.0000","11.0000","11.0000","11.0000","11.0000","11.0000","11.0000","11.0000","11.0000","11.0000","11.0000","11.9782","11.0000","11.0000","12.8078","11.0000","11.0000","11.0000","11.0000","11.0000","11.0000","11.0000","11.9889","11.0000","11.0000","11.0000","11.0000","11.0000","11.0000","11.0000","11.0000","11.0000","11.0000","11.0000","12.4460","13.9474","11.0000","11.0000","11.0000","11.0000","11.0000","11.0000","11.0000","11.0000","11.0000","33.7467","11.8147","11.0000","11.0000","11.0000","11.0000","11.0000","85.6144","11.0000","11.0000","11.0000","11.0000","23.0554","24.4812"
"C:\Users\cfg364\Sommerlab Dropbox\Casper van der Luijt\Casper\Data\BioLog\OmniLog\CL2\DATA_2024\07\_NRRL 3483_Aspergillus oryzae__1_30_CL2_769_7#24#2024_A_14B_17.OKA","7/24/2024 10:32:48 PM","14-B","PM01","","NRRL 3483","Aspergillus oryzae","",5.7500,"23.9041","53.5000","11.0000","20.2206","11.0315","14.8686","14.6238","11.0000","11.0000","15.2467","14.3292","22.0798","16.0502","11.0000","11.0000","11.0000","19.9970","11.0000","11.0000","69.5860","11.0000","19.3927","11.0000","22.0672","13.3093","11.0000","11.0000","60.3049","11.8082","11.0000","11.0000","12.3380","11.0000","11.0000","11.0000","33.2596","20.8362","11.0000","11.0000","11.0000","11.0000","11.0000","11.0000","11.0000","11.0000","11.0000","11.0000","13.2820","13.0512","11.0000","11.0000","11.0000","11.0000","11.0000","11.0000","11.0000","11.0000","11.0000","11.0000","16.2848","11.0000","11.0000","11.0000","11.0000","11.0000","11.0000","11.0000","11.0000","11.0000","11.0000","11.0000","13.2274","11.9453","11.0000","11.0000","11.0000","11.0000","11.0000","11.0000","11.0000","11.0000","11.0000","31.9742","11.9995","11.0000","11.0000","11.0000","11.0000","11.0000","89.6133","11.0000","11.0000","11.0000","11.0000","24.9734","22.6825"
"C:\Users\cfg364\Sommerlab Dropbox\Casper van der Luijt\Casper\Data\BioLog\OmniLog\CL2\DATA_2024\07\_NRRL 3483_Aspergillus oryzae__1_30_CL2_769_7#24#2024_A_14B_17.OKA","7/24/2024 10:32:48 PM","14-B","PM01","","NRRL 3483","Aspergillus oryzae","",6.0000,"21.5213","54.2768","11.0000","18.1365","11.0000","14.3850","14.4279","11.0000","11.0000","14.0523","13.2305","24.2106","17.4931","11.0000","11.0000","11.0000","18.9732","11.0000","11.0000","73.3835","11.0000","15.3774","11.0000","21.1120","11.9490","11.0000","11.0000","67.7832","11.0000","11.0000","11.0000","11.0000","11.0000","11.0000","11.0000","31.0599","21.2194","11.0000","11.0000","11.0000","11.0000","11.0000","11.0000","11.0000","11.0000","11.0000","11.0000","13.9340","12.7145","11.0000","11.0000","11.0000","11.0000","11.0000","11.0000","11.0000","11.0000","11.0000","11.0000","16.6646","11.1541","11.0000","11.0000","11.0000","11.0000","11.0000","11.0000","11.0000","11.0000","11.0000","11.0000","15.4862","11.3354","11.0000","11.0000","11.0000","11.0000","11.0000","11.0000","11.0000","11.0000","11.0000","32.2628","12.3118","12.7874","11.0000","11.0000","11.0000","11.0000","88.1997","11.0000","11.0000","11.0000","11.0000","24.0228","26.0292"
"C:\Users\cfg364\Sommerlab Dropbox\Casper van der Luijt\Casper\Data\BioLog\OmniLog\CL2\DATA_2024\07\_NRRL 3483_Aspergillus oryzae__1_30_CL2_769_7#24#2024_A_14B_17.OKA","7/24/2024 10:32:48 PM","14-B","PM01","","NRRL 3483","Aspergillus oryzae","",6.2500,"21.8982","50.4731","11.0000","18.9492","12.7631","15.6322","17.9297","11.0000","11.0000","13.0642","19.2405","19.8788","18.5815","11.0000","11.0000","11.0000","15.8700","11.0000","11.0000","72.8117","11.0000","19.2362","11.0000","24.8829","15.4369","11.0000","17.7376","68.8299","11.0000","11.0000","11.0000","11.0000","11.0000","11.0000","11.0000","32.6046","25.9612","11.0000","11.0000","11.0000","11.0000","11.0000","11.0000","11.0000","11.0000","11.0000","11.0000","13.2428","14.2003","11.0000","11.0000","11.0000","11.0000","11.0000","11.0000","11.0000","11.0000","11.0000","11.0000","13.6011","12.1079","11.0000","11.0000","11.0000","11.0000","11.0000","11.0000","11.0000","11.0000","11.0000","11.0000","12.9153","11.0000","11.0000","11.0000","11.0000","11.0000","11.0000","11.0000","13.8037","11.3180","11.0000","33.5202","16.2454","11.0000","11.0000","11.0000","11.0000","11.0000","88.3606","11.0000","11.0000","11.0000","11.0000","22.8830","24.5562"
"C:\Users\cfg364\Sommerlab Dropbox\Casper van der Luijt\Casper\Data\BioLog\OmniLog\CL2\DATA_2024\07\_NRRL 3483_Aspergillus oryzae__1_30_CL2_769_7#24#2024_A_14B_17.OKA","7/24/2024 10:32:48 PM","14-B","PM01","","NRRL 3483","Aspergillus oryzae","",6.5000,"22.1466","53.9408","11.0000","19.3593","13.1409","13.8506","16.5895","11.0000","11.3633","11.8656","15.6663","20.4050","17.4940","11.0000","11.0000","11.0000","13.9345","11.0000","11.0000","69.8745","11.0000","19.9909","11.0000","25.5378","15.2796","11.0000","15.1679","66.5722","11.0000","11.0000","11.0000","12.8203","11.0000","11.0000","11.0000","30.6674","20.3825","11.0000","11.0000","11.0000","11.0000","11.0000","11.0000","11.0000","11.0000","11.0000","11.0000","13.7304","15.9986","11.0000","11.0000","11.0000","11.0000","11.0000","11.0000","11.0000","11.0000","11.0000","11.0000","15.0603","12.1694","11.0000","11.0000","11.0000","11.0000","11.0000","11.0000","11.0000","11.0000","11.0000","11.0000","13.8258","11.3360","11.0000","11.0000","11.0000","11.0000","11.0000","11.0000","13.7722","11.0000","11.0000","31.3739","16.1833","11.0000","11.0000","11.0000","11.0000","11.0000","88.4896","11.0000","11.0000","11.0000","11.0000","23.6435","21.8823"
"C:\Users\cfg364\Sommerlab Dropbox\Casper van der Luijt\Casper\Data\BioLog\OmniLog\CL2\DATA_2024\07\_NRRL 3483_Aspergillus oryzae__1_30_CL2_769_7#24#2024_A_14B_17.OKA","7/24/2024 10:32:48 PM","14-B","PM01","","NRRL 3483","Aspergillus oryzae","",6.7500,"24.9542","56.5920","15.5358","23.1868","11.2533","19.2891","17.0235","11.0000","11.0000","14.9147","17.1373","18.7080","16.6479","13.1307","11.0000","11.0000","12.5378","11.0000","11.0000","68.7028","11.0000","19.2218","11.0000","22.4652","15.0941","11.0000","11.0000","69.1552","11.0000","11.0000","11.0000","11.0000","11.0000","11.0000","11.0000","30.0574","24.7415","11.0000","11.0000","11.0000","11.0000","11.0000","11.0000","11.0000","11.0000","11.0000","11.0000","13.3495","11.9223","11.0000","11.0000","11.0000","11.0000","11.0000","11.0000","11.0000","11.0000","11.0000","11.0000","15.8379","11.0000","11.0000","11.0000","11.0000","11.0000","11.0000","11.0000","11.0000","11.0000","11.0000","11.0000","13.5331","14.5960","11.0000","11.0000","11.0000","11.0000","11.0000","11.0000","11.0000","11.0000","11.0000","33.8900","15.4730","11.0000","11.0000","11.0000","11.0000","11.0000","87.8927","11.0000","11.0000","11.0000","11.0000","27.2579","26.5454"
"C:\Users\cfg364\Sommerlab Dropbox\Casper van der Luijt\Casper\Data\BioLog\OmniLog\CL2\DATA_2024\07\_NRRL 3483_Aspergillus oryzae__1_30_CL2_769_7#24#2024_A_14B_17.OKA","7/24/2024 10:32:48 PM","14-B","PM01","","NRRL 3483","Aspergillus oryzae","",7.0000,"19.1280","53.2602","11.0000","22.9510","11.0000","14.3848","17.3584","11.0000","11.0000","16.7020","16.2630","22.5986","14.2244","11.6242","11.0000","11.0000","13.0599","11.0000","11.0000","74.4786","11.0000","18.9013","11.0000","22.5060","11.7586","11.0000","16.1906","71.0952","11.0000","11.0000","11.0000","13.5233","11.0000","11.0000","11.0000","31.0751","24.1518","11.0000","11.0000","11.0000","11.0000","11.0000","11.0000","11.0000","11.0000","11.0000","11.0000","11.0000","13.3536","11.0000","11.0000","11.0000","11.0000","11.0000","11.0000","11.0000","11.0000","11.0000","11.0000","15.8840","11.0000","11.0000","11.0000","11.0000","11.0000","11.0000","11.0000","11.0000","11.0000","11.0000","11.0000","11.5010","11.4904","11.3173","11.0000","11.0000","11.0000","11.0000","11.0000","11.0000","11.0000","11.0000","34.2684","17.7117","13.6858","11.0000","11.0000","11.0000","11.0000","89.6426","11.0000","11.0000","11.0000","11.0000","24.0131","27.3985"
"C:\Users\cfg364\Sommerlab Dropbox\Casper van der Luijt\Casper\Data\BioLog\OmniLog\CL2\DATA_2024\07\_NRRL 3483_Aspergillus oryzae__1_30_CL2_769_7#24#2024_A_14B_17.OKA","7/24/2024 10:32:48 PM","14-B","PM01","","NRRL 3483","Aspergillus oryzae","",7.2500,"20.8161","56.1121","12.6586","23.5185","11.0000","17.3827","19.0300","11.1323","11.3644","14.6135","14.4642","24.5263","14.7253","14.4825","11.0000","11.0000","16.4307","11.0000","11.0000","73.0895","11.0000","18.7374","11.0000","26.3852","15.0142","11.0000","15.9389","69.3617","11.0000","11.0000","11.0000","12.6609","11.0000","11.0000","11.0000","33.1155","23.4879","11.0000","11.0000","11.0000","11.0000","11.0000","11.0000","11.0000","11.0000","11.0000","11.0000","13.3871","13.3842","11.0000","11.0000","11.0000","11.0000","11.0000","11.0000","11.0000","11.0000","11.0000","11.0000","13.5688","11.4007","11.0000","11.0000","11.0000","11.0000","11.0000","11.0000","11.0000","11.0000","11.0000","11.0000","16.2601","11.0613","12.9357","11.0000","11.0000","11.0000","11.0000","11.0000","11.0000","11.0000","11.0000","32.5744","17.1859","13.9327","11.0000","11.0000","11.0000","11.0000","89.4809","11.4730","11.0000","11.0000","11.0000","27.2426","26.7797"
"C:\Users\cfg364\Sommerlab Dropbox\Casper van der Luijt\Casper\Data\BioLog\OmniLog\CL2\DATA_2024\07\_NRRL 3483_Aspergillus oryzae__1_30_CL2_769_7#24#2024_A_14B_17.OKA","7/24/2024 10:32:48 PM","14-B","PM01","","NRRL 3483","Aspergillus oryzae","",7.5000,"21.9728","54.9130","11.0000","22.4149","12.5184","17.6084","15.1297","11.0000","11.0000","13.9505","13.2984","24.1342","16.0401","11.1971","11.0000","11.0000","17.5855","11.0000","11.0000","70.7636","11.0000","19.0325","11.0000","23.7881","15.3935","11.0000","13.4537","67.0824","11.0000","11.0000","11.0000","11.7346","11.0000","11.0000","11.0000","29.4296","25.1003","11.0000","11.0000","11.0000","11.0000","11.0000","11.0000","11.0000","11.0000","11.0000","11.0000","13.0274","14.9125","11.0000","11.0000","11.0000","11.0000","11.0000","11.0000","11.0000","11.0000","11.0000","11.0000","14.0445","11.0000","11.0000","11.0000","11.0000","11.0000","11.0000","11.0000","11.0000","11.0000","11.0000","11.0000","13.7866","11.0000","11.0000","11.0000","11.0000","11.0000","11.0000","11.0000","11.0000","11.0000","11.0000","30.5928","15.2682","12.7905","11.0000","11.0000","11.0000","11.0000","89.6750","11.0000","11.0000","11.0000","11.0000","24.4564","26.9344"
"C:\Users\cfg364\Sommerlab Dropbox\Casper van der Luijt\Casper\Data\BioLog\OmniLog\CL2\DATA_2024\07\_NRRL 3483_Aspergillus oryzae__1_30_CL2_769_7#24#2024_A_14B_17.OKA","7/24/2024 10:32:48 PM","14-B","PM01","","NRRL 3483","Aspergillus oryzae","",7.7500,"20.0033","54.5565","11.0000","21.9734","11.1265","17.5762","25.5523","11.0000","11.0000","17.8623","12.4323","24.7877","13.6609","16.5195","11.0000","11.0000","17.0861","11.0000","11.0000","74.6402","11.0000","19.0980","11.0000","24.5771","17.8905","11.0000","15.3412","69.9395","11.0000","11.0000","11.0000","14.0982","11.0000","11.0000","11.0000","34.3003","24.9422","11.0000","11.0000","11.0000","11.0000","11.0000","11.0000","11.0000","11.0000","11.0000","11.0000","11.0327","14.2401","11.0000","11.0000","12.0027","11.0000","11.0000","11.0000","11.0000","11.0000","11.0000","11.0000","15.4083","11.7090","11.0000","11.0000","11.0000","11.0000","11.0000","11.0000","11.0000","11.0000","11.0000","11.0000","14.4754","13.7890","12.3011","11.0000","11.0000","11.0000","11.0000","11.0000","11.0000","11.0000","11.0000","31.7434","21.6088","13.0375","11.0000","11.0000","11.0000","11.0000","91.3241","11.0000","11.0000","11.0000","11.0000","24.9630","25.1089"
"C:\Users\cfg364\Sommerlab Dropbox\Casper van der Luijt\Casper\Data\BioLog\OmniLog\CL2\DATA_2024\07\_NRRL 3483_Aspergillus oryzae__1_30_CL2_769_7#24#2024_A_14B_17.OKA","7/24/2024 10:32:48 PM","14-B","PM01","","NRRL 3483","Aspergillus oryzae","",8.0000,"21.1600","52.3528","11.0000","22.7618","11.8225","18.6077","23.3236","11.0000","11.0000","15.7738","11.0000","24.5916","12.4087","13.6612","11.0000","11.0000","16.4931","11.0000","11.0000","72.9280","11.0000","16.7047","12.4494","23.5580","11.8218","11.0000","15.9389","71.5767","11.0000","11.0000","11.0000","16.5257","11.0000","11.0000","11.5143","30.1207","23.4563","11.0000","11.0000","11.0000","11.0000","11.0000","11.0000","11.0000","11.0000","11.0000","11.0000","12.7004","13.2314","11.0000","11.0000","11.0000","11.0000","11.0000","11.0000","11.0000","11.0000","11.0000","11.0000","13.9811","11.0000","11.0000","11.0000","11.0000","11.0000","11.0000","11.0000","11.9461","11.0000","11.5078","11.0000","16.5105","11.5517","12.3328","11.0000","11.0000","11.0000","11.0000","11.0000","11.0000","11.0000","11.0000","35.4830","20.3407","13.3462","11.0000","11.0000","11.0000","11.0000","92.6176","11.0000","11.0000","11.0000","11.0000","25.2796","27.8936"
"C:\Users\cfg364\Sommerlab Dropbox\Casper van der Luijt\Casper\Data\BioLog\OmniLog\CL2\DATA_2024\07\_NRRL 3483_Aspergillus oryzae__1_30_CL2_769_7#24#2024_A_14B_17.OKA","7/24/2024 10:32:48 PM","14-B","PM01","","NRRL 3483","Aspergillus oryzae","",8.2500,"20.8316","60.0943","11.0000","23.9980","11.0000","18.5581","24.1598","11.0000","11.0000","12.8636","12.7999","25.6540","16.3975","13.0064","11.0000","11.0000","16.1749","11.0000","11.0000","73.1580","11.0000","16.0784","11.0000","22.7486","16.8440","11.0000","15.4386","70.5265","11.0000","11.0000","11.0000","13.6631","11.0000","11.0000","11.0000","29.4811","22.8726","11.0000","11.0000","11.0000","11.0000","11.0000","11.0000","11.0000","11.0000","11.0000","11.0000","11.0000","14.8595","11.0000","11.0000","11.0000","11.0000","11.0000","11.0000","11.0000","11.0000","11.0000","11.0000","16.7612","14.1450","11.0000","11.0000","11.0000","11.0000","11.0000","11.0000","11.0000","11.0000","11.0000","11.0000","13.6726","17.1463","11.4150","11.0000","11.0000","11.0000","11.0000","11.0000","11.0000","11.0000","11.0000","34.7977","19.5125","14.9452","11.0000","11.0000","11.0000","11.0000","88.8228","11.0000","11.0000","11.0000","11.0000","24.3326","19.8594"
"C:\Users\cfg364\Sommerlab Dropbox\Casper van der Luijt\Casper\Data\BioLog\OmniLog\CL2\DATA_2024\07\_NRRL 3483_Aspergillus oryzae__1_30_CL2_769_7#24#2024_A_14B_17.OKA","7/24/2024 10:32:48 PM","14-B","PM01","","NRRL 3483","Aspergillus oryzae","",8.5000,"23.0816","51.7259","14.5937","20.2762","11.0000","15.3500","28.1033","11.0000","11.0000","12.1707","11.0000","21.9656","17.0728","11.7277","11.0000","11.0000","17.5949","11.0000","11.0000","75.7477","11.0000","18.5634","11.0000","26.3281","12.5843","11.5535","14.1491","70.7339","11.0000","11.0000","11.0000","12.8943","11.0000","11.0000","11.0000","32.4603","22.0939","11.0000","11.0000","11.0000","11.0000","11.0000","11.0000","11.0000","11.0000","11.0000","11.0000","11.8844","13.5696","11.0000","11.0000","11.0000","11.0000","11.0000","11.0000","11.0000","11.0000","11.0000","11.0000","15.2392","11.0000","11.0000","11.0000","11.0000","11.0000","11.0000","11.0000","11.0000","11.0000","11.0000","11.0000","14.8596","11.0000","11.0000","11.0000","11.0000","11.0000","11.0000","11.0000","11.0000","11.0000","11.0000","31.5775","17.6873","11.6186","11.0000","11.0000","11.0000","11.0000","90.3061","11.0000","11.0000","11.0000","11.0000","23.2355","25.2391"
"C:\Users\cfg364\Sommerlab Dropbox\Casper van der Luijt\Casper\Data\BioLog\OmniLog\CL2\DATA_2024\07\_NRRL 3483_Aspergillus oryzae__1_30_CL2_769_7#24#2024_A_14B_17.OKA","7/24/2024 10:32:48 PM","14-B","PM01","","NRRL 3483","Aspergillus oryzae","",8.7500,"24.8938","55.3529","14.0736","22.4729","15.1605","19.7825","25.4356","11.0000","11.0000","12.4315","11.0670","21.0516","19.3370","16.6378","11.0000","11.0000","15.4983","11.0000","11.0000","71.8023","11.0000","19.7015","11.0000","25.4961","14.1231","11.0000","15.7880","73.2241","11.0000","11.0000","11.0000","13.9880","11.0000","11.1602","11.0000","31.4887","23.7503","11.0000","11.0000","11.0000","11.0000","11.0000","11.0000","11.0000","11.0000","11.0000","11.0000","11.0000","12.7824","11.0000","11.0000","11.0000","11.0000","11.0000","11.0000","11.0000","11.0000","11.0000","11.0000","13.4188","11.9528","11.0000","11.0000","11.0000","11.0000","11.0000","11.0000","11.0000","11.0000","11.0000","11.0000","13.9727","12.3159","11.0000","11.0000","11.0000","11.0000","11.0000","11.0000","11.0000","11.0000","11.0000","34.7141","15.1289","15.2067","11.0000","11.0000","11.0000","11.0000","91.7878","11.1569","11.0000","11.0000","11.0000","23.9410","24.7077"
"C:\Users\cfg364\Sommerlab Dropbox\Casper van der Luijt\Casper\Data\BioLog\OmniLog\CL2\DATA_2024\07\_NRRL 3483_Aspergillus oryzae__1_30_CL2_769_7#24#2024_A_14B_17.OKA","7/24/2024 10:32:48 PM","14-B","PM01","","NRRL 3483","Aspergillus oryzae","",9.0000,"20.4000","55.8613","11.0652","21.3258","11.0000","18.8465","24.6654","11.0000","11.0000","17.7429","12.1683","22.0895","14.0199","15.4165","11.0000","11.0000","17.9149","11.0000","11.0000","72.1925","11.0000","16.1661","11.0000","22.9960","15.9606","11.0000","17.8457","68.3834","11.0000","11.0000","11.0000","19.7668","11.0000","11.0000","11.0000","34.5599","21.3025","11.0000","11.0000","11.0000","11.0000","11.0000","11.0000","11.0000","11.0000","11.0000","11.0000","14.3948","12.6218","11.0000","11.0000","11.0000","11.0000","11.0000","11.0000","11.0000","11.0000","11.0000","11.0000","12.3969","11.0000","11.0000","11.0000","11.0000","11.0000","11.0000","11.0000","11.2518","11.0000","11.0000","12.4415","14.5456","13.0711","12.7181","11.0000","11.0000","11.0000","11.0000","11.0000","11.0000","11.0000","11.0000","32.6423","18.9678","14.7135","11.0000","11.0000","11.0000","11.0000","93.1708","11.0000","11.0000","11.0000","11.0000","22.8382","26.6188"
"C:\Users\cfg364\Sommerlab Dropbox\Casper van der Luijt\Casper\Data\BioLog\OmniLog\CL2\DATA_2024\07\_NRRL 3483_Aspergillus oryzae__1_30_CL2_769_7#24#2024_A_14B_17.OKA","7/24/2024 10:32:48 PM","14-B","PM01","","NRRL 3483","Aspergillus oryzae","",9.2500,"25.4505","55.3303","12.2682","21.7347","12.6761","23.7975","27.4941","12.7543","11.0000","17.1300","14.6910","23.3050","15.9306","15.3129","11.0000","11.0000","17.1925","11.0000","11.0000","70.4218","11.0000","17.1699","11.0000","23.3670","18.8657","11.0000","16.4825","71.3602","11.0000","11.0000","11.0000","12.9953","11.0000","11.0000","11.0000","31.1690","25.2876","11.0000","11.0000","11.0000","11.0000","11.0000","11.0000","11.0000","11.0000","11.0000","11.0000","12.5406","12.6255","11.0000","11.0000","11.0000","11.0000","11.0000","11.0000","11.0000","11.0000","11.0000","11.0000","16.4378","11.0000","11.0000","11.0000","11.0000","11.0000","11.0000","11.0000","12.6626","11.0000","11.0000","11.0000","15.6628","17.7422","11.3520","11.0000","11.0000","11.0000","11.0000","11.0000","11.0000","11.0000","11.0000","33.7312","20.2095","13.1304","11.0000","11.0000","11.0000","11.0000","95.6724","11.0000","11.0000","11.0000","11.0000","23.0847","23.9090"
"C:\Users\cfg364\Sommerlab Dropbox\Casper van der Luijt\Casper\Data\BioLog\OmniLog\CL2\DATA_2024\07\_NRRL 3483_Aspergillus oryzae__1_30_CL2_769_7#24#2024_A_14B_17.OKA","7/24/2024 10:32:48 PM","14-B","PM01","","NRRL 3483","Aspergillus oryzae","",9.5000,"22.7918","56.5415","11.9740","21.2655","11.0000","21.2267","25.7361","11.9933","11.0000","12.1700","12.8011","24.9075","14.8628","15.3767","11.0000","11.0000","16.9214","11.0000","11.0000","70.9037","11.0000","14.7757","11.0000","24.7630","15.4191","11.0000","12.8078","69.7498","11.0000","11.0000","11.0000","18.2952","11.0000","11.0000","11.0000","34.2747","22.0584","11.0000","11.0000","11.0000","11.0000","11.0000","11.0000","11.0000","11.0000","11.0000","11.0000","11.0000","13.7249","11.0000","11.0000","11.0000","11.0000","11.0000","11.0000","11.0000","11.0000","11.0000","11.0000","14.0809","11.5848","11.0000","11.0000","11.0000","11.0000","11.0000","11.0000","11.0000","11.0000","11.0000","11.0000","14.2960","14.9253","13.7395","11.0000","11.0000","11.0000","11.0000","11.0000","11.0000","11.0000","11.0000","37.1145","18.0310","11.0000","11.0000","11.0000","11.0000","11.0000","92.8335","11.0000","11.0000","11.0000","11.0000","23.3759","25.1087"
"C:\Users\cfg364\Sommerlab Dropbox\Casper van der Luijt\Casper\Data\BioLog\OmniLog\CL2\DATA_2024\07\_NRRL 3483_Aspergillus oryzae__1_30_CL2_769_7#24#2024_A_14B_17.OKA","7/24/2024 10:32:48 PM","14-B","PM01","","NRRL 3483","Aspergillus oryzae","",9.7500,"24.8708","56.4122","15.5779","28.5174","11.0000","24.8172","25.7361","11.0000","11.0000","14.2091","11.1668","21.3323","16.7942","14.9195","11.0000","11.0000","17.1707","11.0000","11.0000","73.6103","11.0000","13.0203","11.0000","21.7855","11.0000","11.0000","12.3004","72.5905","11.0000","11.0000","11.0000","16.4475","11.0000","11.0000","11.0000","33.2599","23.9068","11.0000","11.0000","11.0000","11.0000","11.0000","11.0000","11.0000","11.0000","11.0000","11.0000","11.0000","12.6840","11.0000","11.0000","11.0000","11.0000","11.0000","11.0000","11.0000","11.0000","11.0000","11.0000","15.6689","11.8926","11.0000","11.0000","11.0000","11.0000","11.0000","11.0000","11.0000","11.0000","11.0000","11.0000","13.3857","15.1688","14.2491","11.0000","11.0000","11.0000","11.0000","11.0000","11.0000","11.0000","11.0000","35.0023","19.6798","11.0000","11.0000","11.0000","11.0000","11.0000","92.8657","11.0000","11.0000","11.0000","11.0000","25.3750","25.0776"
"C:\Users\cfg364\Sommerlab Dropbox\Casper van der Luijt\Casper\Data\BioLog\OmniLog\CL2\DATA_2024\07\_NRRL 3483_Aspergillus oryzae__1_30_CL2_769_7#24#2024_A_14B_17.OKA","7/24/2024 10:32:48 PM","14-B","PM01","","NRRL 3483","Aspergillus oryzae","",10.0000,"25.6809","56.1500","11.9445","26.4769","14.9437","16.2658","24.7478","11.0000","11.0000","17.0695","14.8237","26.8839","16.3671","11.4286","11.0000","11.0000","16.7085","11.0000","11.0000","70.5098","11.0000","19.7003","11.0000","23.2911","15.3173","11.0000","16.9779","69.7199","11.0000","11.0000","11.0000","14.0394","11.0000","11.0000","11.0000","32.2878","18.8957","11.0000","11.0000","11.0000","11.0000","11.0000","11.0000","11.0000","11.0000","11.0000","11.0000","15.8091","12.3490","11.0000","11.0000","11.0000","11.0000","11.0000","11.0000","11.0000","11.0000","11.0000","11.0000","20.4627","15.5577","11.0000","11.0000","11.0000","11.0000","11.0000","11.0000","11.0000","11.0000","11.0000","11.0000","15.5513","16.0101","14.4205","11.0000","11.0000","11.0000","11.0000","11.0000","11.0000","11.0000","11.0000","35.1554","17.7560","13.4978","11.0000","11.0000","11.0000","11.5689","90.7765","11.0000","11.0000","11.0000","11.0000","24.3277","25.0295"
"C:\Users\cfg364\Sommerlab Dropbox\Casper van der Luijt\Casper\Data\BioLog\OmniLog\CL2\DATA_2024\07\_NRRL 3483_Aspergillus oryzae__1_30_CL2_769_7#24#2024_A_14B_17.OKA","7/24/2024 10:32:48 PM","14-B","PM01","","NRRL 3483","Aspergillus oryzae","",10.2500,"25.5257","57.1879","11.1954","27.7693","12.5144","14.5430","24.6493","11.0000","12.9536","15.1019","17.1180","26.5891","15.9615","14.6928","11.0000","11.0000","13.0074","11.0000","11.0000","71.7190","11.0000","18.0915","11.0000","25.1083","14.3332","11.0000","18.1106","69.2674","11.0000","11.0000","11.0000","14.9672","11.0000","11.0000","11.0000","33.4065","18.9594","11.0000","11.0000","11.0000","11.0000","11.0000","11.0000","11.0000","11.0000","11.0000","11.0000","11.2617","13.3608","11.0000","11.0000","11.0000","11.0000","11.0000","11.0000","11.0000","11.0000","11.0000","11.0000","15.4940","14.9765","11.0000","11.0000","11.0000","11.0000","11.0000","11.0000","11.0000","11.0000","11.0000","11.0000","12.5694","15.3074","11.9270","11.0000","11.0000","11.0000","11.0000","11.0000","11.0000","11.0000","11.0000","32.3608","17.0679","13.6828","11.0000","11.0000","11.0000","11.0000","94.3689","11.0000","11.0000","11.0000","11.0000","24.4860","25.2165"
"C:\Users\cfg364\Sommerlab Dropbox\Casper van der Luijt\Casper\Data\BioLog\OmniLog\CL2\DATA_2024\07\_NRRL 3483_Aspergillus oryzae__1_30_CL2_769_7#24#2024_A_14B_17.OKA","7/24/2024 10:32:48 PM","14-B","PM01","","NRRL 3483","Aspergillus oryzae","",10.5000,"24.1600","52.6470","13.3776","27.3910","12.7983","17.6635","24.8134","11.0000","11.0000","15.2687","14.7905","23.7071","17.9897","14.0004","11.0000","11.0000","15.7362","11.0000","11.0000","77.2418","11.0000","17.3693","11.0000","24.7779","11.9841","11.0000","15.7824","70.1723","11.0000","11.0000","11.0000","15.7670","11.0000","11.0000","11.0000","34.4265","22.5889","11.0000","11.0000","11.0000","11.0000","11.0000","11.0000","11.0000","11.0000","11.0000","11.0000","12.6357","13.7593","11.0000","11.0000","11.0000","11.0000","11.0000","11.0000","11.0000","11.0000","11.0000","11.0000","17.0764","15.2212","11.0000","11.0000","11.0000","11.0000","11.0000","11.0000","11.0000","11.0000","11.0000","11.0000","11.0000","17.3237","11.0000","11.0000","11.0000","11.0000","11.0000","11.0000","11.0000","11.0000","11.0000","33.2923","15.6291","12.5727","11.0000","11.0000","11.0000","11.4108","90.9383","11.0000","11.0000","11.0000","11.0000","28.6648","25.5907"
"C:\Users\cfg364\Sommerlab Dropbox\Casper van der Luijt\Casper\Data\BioLog\OmniLog\CL2\DATA_2024\07\_NRRL 3483_Aspergillus oryzae__1_30_CL2_769_7#24#2024_A_14B_17.OKA","7/24/2024 10:32:48 PM","14-B","PM01","","NRRL 3483","Aspergillus oryzae","",10.7500,"26.6425","57.6904","12.2098","26.9462","11.0000","17.4389","23.5049","12.0892","11.0000","15.6989","13.4945","19.8397","15.2974","13.3393","11.0000","11.0000","17.0523","11.0000","11.0000","72.2167","11.0000","14.3843","11.0000","22.3771","17.1383","11.0000","11.8233","73.3676","11.0000","11.0000","11.0000","16.8122","11.0000","11.0000","11.0000","31.5218","20.6128","11.0000","11.0000","11.0000","11.0000","11.0000","11.0000","11.0000","11.0000","11.0000","11.0000","11.0000","12.8493","11.0000","11.0000","11.0000","11.0000","11.0000","11.0000","11.0000","11.0000","11.0000","11.0000","12.9938","13.6478","11.0000","11.0000","11.0000","11.0000","11.0000","11.0000","11.0000","11.0000","11.0000","11.0000","16.1791","13.3552","11.0000","11.0000","11.0000","11.0000","11.0000","11.0000","11.0000","11.0000","11.0000","34.5113","15.4583","13.3719","11.0000","11.0000","11.0000","11.0000","97.0200","11.0000","11.0000","11.0000","11.0000","18.9562","25.2722"
"C:\Users\cfg364\Sommerlab Dropbox\Casper van der Luijt\Casper\Data\BioLog\OmniLog\CL2\DATA_2024\07\_NRRL 3483_Aspergillus oryzae__1_30_CL2_769_7#24#2024_A_14B_17.OKA","7/24/2024 10:32:48 PM","14-B","PM01","","NRRL 3483","Aspergillus oryzae","",11.0000,"24.3161","59.2602","16.4134","27.4008","14.6006","21.9786","22.1998","11.0000","11.0000","14.8936","11.8316","23.1748","21.2257","16.8666","11.0000","11.0000","15.3527","11.0000","11.0000","73.6878","11.0000","20.2769","11.0000","26.2649","12.5903","11.0000","17.4632","72.6722","11.0000","11.0000","11.0000","19.0201","11.0000","11.0000","11.0000","33.9597","21.5503","11.0000","11.0000","11.0000","11.0000","11.0000","11.0000","11.0000","11.0000","11.0000","11.0000","14.8435","14.6757","11.0000","11.0000","11.2829","11.0000","11.0000","11.0000","11.0000","11.0000","11.0000","11.0000","17.7100","13.9019","11.0000","11.0000","11.0000","11.0000","11.0000","11.0000","11.6912","11.0000","11.0000","11.0000","14.4965","18.4053","16.3046","11.0000","11.0000","11.0000","11.0000","11.0000","11.0000","11.0000","11.0000","33.0813","14.0727","13.5414","11.0000","11.0000","11.0000","11.0000","98.0598","11.0000","11.0000","11.0000","11.0000","28.7044","26.2440"
"C:\Users\cfg364\Sommerlab Dropbox\Casper van der Luijt\Casper\Data\BioLog\OmniLog\CL2\DATA_2024\07\_NRRL 3483_Aspergillus oryzae__1_30_CL2_769_7#24#2024_A_14B_17.OKA","7/24/2024 10:32:48 PM","14-B","PM01","","NRRL 3483","Aspergillus oryzae","",11.2500,"31.0670","58.3551","13.8850","25.9472","12.5161","23.0441","23.7151","11.0000","11.0000","15.1931","15.2577","24.2607","19.6501","12.8786","11.0000","11.0000","16.1356","11.0000","11.0000","75.6102","11.0000","21.6537","11.0000","24.4768","16.5980","11.0000","17.3690","75.5415","11.0000","11.0000","11.0000","21.0331","11.0000","11.0000","11.0964","35.2371","20.0885","11.0000","11.0000","11.0000","11.0000","11.0000","11.0000","11.0000","11.0000","11.0000","11.0000","16.4395","15.2883","11.0000","11.0000","11.0000","11.0000","11.0000","11.0000","11.0000","11.0000","11.0000","11.0000","20.9863","13.0375","11.0000","11.0000","11.0000","11.0000","11.0000","11.0000","11.8797","11.0000","11.0000","11.0000","11.0000","14.6874","12.9376","11.0000","11.0000","11.0000","11.0000","11.0000","11.0000","11.0000","11.0000","35.6167","15.4522","15.5011","11.0000","11.0000","11.0000","11.0000","94.3908","11.0000","11.0000","11.0000","11.0000","26.7443","27.6721"
"C:\Users\cfg364\Sommerlab Dropbox\Casper van der Luijt\Casper\Data\BioLog\OmniLog\CL2\DATA_2024\07\_NRRL 3483_Aspergillus oryzae__1_30_CL2_769_7#24#2024_A_14B_17.OKA","7/24/2024 10:32:48 PM","14-B","PM01","","NRRL 3483","Aspergillus oryzae","",11.5000,"29.8634","61.3022","15.7520","27.9799","11.9151","20.8754","24.4988","11.0000","11.0000","19.2640","16.6239","19.7958","18.4387","16.7463","11.0000","11.0000","14.9123","11.0000","11.0000","71.9746","11.0000","14.8259","14.2495","30.1243","18.1107","11.0000","19.5150","73.2022","11.3730","11.0000","11.0000","13.0689","11.0000","11.0000","11.0000","33.6029","16.5699","11.0000","11.0000","11.0000","11.0000","11.0000","11.0000","11.0000","11.0000","11.0000","11.0000","13.8740","13.3873","11.0000","11.0000","11.0000","11.0000","11.0000","11.0000","11.0000","11.0000","11.0000","11.0000","11.9528","11.4932","11.0000","11.0000","11.0000","11.0000","11.0000","11.0000","12.1981","11.0000","11.0000","11.0000","15.5548","16.4707","11.0000","11.0000","11.0000","11.0000","11.0000","11.0000","11.0000","11.0000","11.0000","38.0571","16.4400","15.5298","11.0000","11.0000","11.0000","11.0000","90.0199","11.0000","11.0000","11.0000","11.0000","25.8690","25.5732"
"C:\Users\cfg364\Sommerlab Dropbox\Casper van der Luijt\Casper\Data\BioLog\OmniLog\CL2\DATA_2024\07\_NRRL 3483_Aspergillus oryzae__1_30_CL2_769_7#24#2024_A_14B_17.OKA","7/24/2024 10:32:48 PM","14-B","PM01","","NRRL 3483","Aspergillus oryzae","",11.7500,"20.9463","60.7643","11.0000","29.2704","13.1907","22.8924","22.0638","12.4167","11.0000","14.1383","16.1465","20.9276","16.5223","17.8946","11.0000","11.0000","14.7166","11.0000","11.0000","77.5791","11.0000","17.1613","11.3620","29.7804","14.0534","11.0000","15.0641","74.7983","11.0000","11.0000","11.0000","17.3883","11.0000","11.0000","11.0000","28.3686","22.0168","11.0000","11.0000","11.0000","11.0000","11.0000","11.0000","11.0000","11.0000","11.0000","11.0000","12.3781","18.4112","11.0000","11.0000","11.0000","11.0000","11.0000","11.0000","11.0000","11.0000","11.0000","11.0000","15.4663","11.0000","11.0000","11.0000","11.0000","11.0000","11.0000","11.0000","11.9465","11.0000","11.0000","11.0000","16.5716","14.2837","15.8339","11.0000","11.0000","11.0000","11.0000","11.0000","11.0000","11.0000","11.0000","33.0733","16.3211","15.1432","11.0000","11.0000","11.0000","11.0000","94.2581","11.0000","11.0000","11.0000","11.0000","22.1917","26.4844"
"C:\Users\cfg364\Sommerlab Dropbox\Casper van der Luijt\Casper\Data\BioLog\OmniLog\CL2\DATA_2024\07\_NRRL 3483_Aspergillus oryzae__1_30_CL2_769_7#24#2024_A_14B_17.OKA","7/24/2024 10:32:48 PM","14-B","PM01","","NRRL 3483","Aspergillus oryzae","",12.0000,"24.2968","61.1597","11.1954","25.3854","11.0000","22.0836","26.0841","11.0000","11.0000","16.8471","13.0987","22.3056","15.7229","14.2966","11.0000","11.0000","16.9460","11.0000","11.0000","71.0123","11.0000","14.5143","11.0000","27.1805","16.3165","11.0000","13.3075","72.4699","11.0000","11.0000","11.0000","20.4867","11.0000","11.0000","11.0000","28.9967","19.3364","11.0000","11.0000","11.0000","11.0000","11.0000","11.0000","11.0000","11.0000","11.0000","11.0000","12.6691","15.4975","11.0000","11.0000","11.0000","11.0000","11.0000","11.0000","11.0000","11.0000","11.0000","11.0000","14.3667","11.0000","11.0000","11.0000","11.0000","11.0000","11.0000","11.0000","11.0000","11.0000","11.0000","11.0000","11.0000","15.9856","11.0000","11.0000","11.0000","11.0000","11.0000","11.0000","11.0000","11.0000","11.0000","34.8090","17.1377","11.4332","11.0000","11.0000","11.0000","11.0000","96.2972","11.0000","11.0000","11.0000","11.0000","24.4424","24.4119"
"C:\Users\cfg364\Sommerlab Dropbox\Casper van der Luijt\Casper\Data\BioLog\OmniLog\CL2\DATA_2024\07\_NRRL 3483_Aspergillus oryzae__1_30_CL2_769_7#24#2024_A_14B_17.OKA","7/24/2024 10:32:48 PM","14-B","PM01","","NRRL 3483","Aspergillus oryzae","",12.2500,"24.7907","55.5895","11.1302","26.9758","11.0000","24.0073","29.4188","11.0000","11.0000","12.0738","13.9576","23.3745","17.8869","18.4642","11.0000","11.0000","16.4795","11.0000","11.0000","73.2071","11.0000","17.6483","13.5524","24.0427","17.7099","11.0000","18.5955","76.4661","11.0000","11.0000","11.0000","18.2595","11.0000","11.0000","11.0000","29.6860","19.2484","11.0000","11.0000","11.0000","11.0000","11.0000","11.0000","11.0000","11.0000","11.0000","11.0000","11.0000","14.1586","11.0000","11.0000","11.0000","11.0000","11.0000","11.0000","11.0000","11.0000","11.0000","11.0000","12.6517","11.4318","11.0000","11.0000","11.0000","11.0000","11.0000","11.0000","11.0000","11.0000","11.0000","11.0000","15.6986","15.1565","11.4432","11.0000","11.0000","11.0000","11.0000","11.0000","11.0000","11.0000","11.0000","35.6900","14.3228","11.3094","11.0000","11.0000","11.0000","11.0000","92.1361","11.0000","11.0000","11.0000","11.0000","21.4079","24.5903"
"C:\Users\cfg364\Sommerlab Dropbox\Casper van der Luijt\Casper\Data\BioLog\OmniLog\CL2\DATA_2024\07\_NRRL 3483_Aspergillus oryzae__1_30_CL2_769_7#24#2024_A_14B_17.OKA","7/24/2024 10:32:48 PM","14-B","PM01","","NRRL 3483","Aspergillus oryzae","",12.5000,"26.2029","58.2872","15.2150","29.2296","11.1902","26.2439","29.6115","11.0000","11.0000","18.0168","13.7076","22.5274","18.0238","13.8587","11.0000","11.0000","17.3298","11.0000","11.0000","73.3351","11.0000","15.5688","11.0000","25.7872","21.9667","11.0000","15.2843","79.1753","11.0000","11.0000","11.0000","16.9344","11.0000","11.0000","11.0000","36.4062","20.9555","11.0000","11.0000","11.0000","11.0000","11.0000","11.0000","11.0000","11.0000","11.0000","11.0000","13.5742","16.0566","11.0000","11.0000","11.0000","11.0000","11.0000","11.0000","11.0000","11.0000","11.0000","11.0000","15.8974","15.0800","11.0000","11.0000","11.0000","11.0000","11.0000","11.0000","11.5038","11.0000","11.0000","11.0000","12.8854","18.1082","12.3995","11.0000","11.0000","11.0000","11.0000","11.0000","11.0000","11.0000","11.0000","32.1840","18.1802","17.6714","11.0000","11.0000","11.0000","11.0000","91.8044","11.0000","11.0000","11.0000","11.0000","25.2807","22.7553"
"C:\Users\cfg364\Sommerlab Dropbox\Casper van der Luijt\Casper\Data\BioLog\OmniLog\CL2\DATA_2024\07\_NRRL 3483_Aspergillus oryzae__1_30_CL2_769_7#24#2024_A_14B_17.OKA","7/24/2024 10:32:48 PM","14-B","PM01","","NRRL 3483","Aspergillus oryzae","",12.7500,"19.8007","55.6890","17.0464","26.8976","11.0000","23.3207","26.0681","13.5435","11.0000","14.7946","12.0731","25.6823","14.0573","11.0000","11.0000","11.0000","14.6255","11.0000","11.0000","71.8546","11.0000","14.4977","11.0000","23.6796","18.0949","11.0000","15.6998","76.3722","11.0000","11.0000","11.0000","19.3591","11.0000","11.0000","11.0000","33.1611","20.3292","11.0000","11.0000","11.0000","11.0000","11.0000","11.0000","11.0000","11.0000","11.0000","11.0000","17.0872","13.8889","11.0000","11.0000","11.0000","11.0000","11.0000","11.0000","11.0000","11.0000","11.0000","11.0000","16.5574","14.3579","11.0000","11.0000","11.0000","11.0000","11.0000","11.0000","11.0000","11.0000","11.0000","11.0000","14.6081","15.7341","11.0000","11.0000","11.0000","11.0000","11.0000","11.0000","11.0000","11.0000","11.0000","35.6274","20.7912","13.9975","11.0000","11.0000","11.0000","11.0000","95.0971","11.0000","11.0000","11.0000","11.0000","25.7925","25.6509"
"C:\Users\cfg364\Sommerlab Dropbox\Casper van der Luijt\Casper\Data\BioLog\OmniLog\CL2\DATA_2024\07\_NRRL 3483_Aspergillus oryzae__1_30_CL2_769_7#24#2024_A_14B_17.OKA","7/24/2024 10:32:48 PM","14-B","PM01","","NRRL 3483","Aspergillus oryzae","",13.0000,"24.9960","60.3275","15.5444","27.4650","11.0000","18.6690","26.1599","11.0000","11.0000","15.1411","13.2989","24.4473","13.8396","13.2678","11.0000","11.0000","15.7274","11.0000","11.0000","75.7985","11.0000","16.4119","11.0000","23.1145","17.1608","11.0000","15.0367","75.1944","11.0000","11.0000","11.0000","17.9403","11.0000","11.0000","11.0000","30.8114","21.1749","11.0000","11.0000","11.0000","11.0000","11.0000","11.0000","11.0000","11.0000","11.0000","11.0000","11.0000","16.2378","11.0000","11.0000","11.0000","11.0000","11.0000","11.0000","11.0000","11.0000","11.0000","11.0000","13.0393","11.0931","11.0000","11.0000","11.0000","11.0000","11.0000","11.0000","11.0000","11.0000","11.0000","11.0000","14.7096","14.9179","11.0000","11.0000","11.0000","11.0000","11.0000","11.0000","11.0000","11.0000","11.0000","31.7215","16.6093","12.8551","11.0000","11.0000","11.0000","11.0000","94.7473","11.0000","11.0000","11.0000","11.0000","24.6462","21.7607"
"C:\Users\cfg364\Sommerlab Dropbox\Casper van der Luijt\Casper\Data\BioLog\OmniLog\CL2\DATA_2024\07\_NRRL 3483_Aspergillus oryzae__1_30_CL2_769_7#24#2024_A_14B_17.OKA","7/24/2024 10:32:48 PM","14-B","PM01","","NRRL 3483","Aspergillus oryzae","",13.2500,"21.7501","56.8479","16.6995","23.7468","11.0000","18.4897","25.2213","11.0000","13.8974","13.6571","13.5294","21.7674","16.5901","14.8819","11.0000","11.0000","15.4274","11.0000","11.0000","71.4717","11.0000","14.2964","11.0000","25.3715","17.5282","11.0000","17.0894","74.6386","11.0000","11.0000","11.0000","20.8503","11.0000","11.0000","11.0000","30.6256","13.2064","11.0000","11.0000","11.0000","11.0000","11.0000","11.0000","11.0000","11.0000","11.0000","11.0000","11.0000","13.0500","11.0000","11.0000","11.0000","11.0000","11.0000","11.0000","11.0000","11.0000","11.0000","11.0000","11.8244","11.0000","11.0000","11.0000","11.0000","11.0000","11.0000","11.0000","11.0000","11.0000","11.0000","11.0000","13.2269","16.8681","14.6347","11.0000","11.0000","11.0000","11.0000","11.0000","11.0000","11.0000","11.0000","36.3674","18.1196","13.7352","11.0000","11.0000","11.0000","11.0000","95.6766","11.0000","11.0000","11.0000","11.0000","17.8734","25.0776"
"C:\Users\cfg364\Sommerlab Dropbox\Casper van der Luijt\Casper\Data\BioLog\OmniLog\CL2\DATA_2024\07\_NRRL 3483_Aspergillus oryzae__1_30_CL2_769_7#24#2024_A_14B_17.OKA","7/24/2024 10:32:48 PM","14-B","PM01","","NRRL 3483","Aspergillus oryzae","",13.5000,"25.2609","59.9239","15.9223","28.4480","11.0000","19.5597","27.3840","11.2654","17.4204","17.0781","15.6926","23.6772","16.1242","12.5133","11.0000","11.0000","11.8164","11.0000","11.0000","75.1614","11.0000","16.1423","11.0000","26.5609","16.9895","11.0000","17.2149","76.3821","11.0000","11.0000","11.0000","20.2746","11.0000","11.0000","11.8013","30.8576","16.9476","11.0000","11.0000","11.0000","11.0000","11.0000","11.0000","11.0000","11.0000","11.0000","11.0000","11.0000","15.6508","11.0000","11.0000","11.0000","11.0000","11.0000","11.0000","11.0000","11.0000","11.0000","11.0000","15.9784","15.8215","11.0000","11.0000","11.0000","11.0000","11.0000","11.0000","11.0000","11.0000","11.0000","11.0000","14.4188","15.8952","12.3710","11.0000","11.0000","11.0000","11.0000","11.0000","11.0000","11.0000","11.0000","33.2926","16.5340","13.0283","11.0000","11.0000","11.0000","11.0000","95.5472","11.4105","11.0000","11.0000","11.0000","23.4680","23.2752"
"C:\Users\cfg364\Sommerlab Dropbox\Casper van der Luijt\Casper\Data\BioLog\OmniLog\CL2\DATA_2024\07\_NRRL 3483_Aspergillus oryzae__1_30_CL2_769_7#24#2024_A_14B_17.OKA","7/24/2024 10:32:48 PM","14-B","PM01","","NRRL 3483","Aspergillus oryzae","",13.7500,"28.1504","61.8666","20.1969","27.0913","13.3853","21.5699","28.2359","11.0000","13.3706","16.2809","13.5959","23.7102","17.5528","16.2965","11.0000","11.0000","13.2922","11.0000","11.0000","75.0961","11.0000","16.0105","13.2704","30.4263","19.7782","11.0000","20.1027","78.7068","11.0000","11.0000","11.0000","19.3791","11.0000","11.0000","11.0000","28.5371","14.9011","11.0000","11.0000","11.0000","11.0000","11.0000","11.0000","11.0000","11.0000","11.0000","11.0000","11.0000","14.9165","11.0000","11.0000","11.0000","11.0000","11.0000","11.0000","11.0000","11.0000","11.0000","11.0000","13.2514","11.8654","11.0000","11.0000","11.0000","11.0000","11.0000","11.0000","11.0000","11.0000","11.0000","11.0000","15.1089","18.1756","12.5304","11.0000","11.0000","11.0000","11.0000","11.0000","11.0000","11.0000","11.0000","36.2393","16.8760","16.6855","11.0000","11.0000","11.0000","11.0000","96.9380","11.0000","11.0000","11.0000","11.0000","20.4949","25.6991"
"C:\Users\cfg364\Sommerlab Dropbox\Casper van der Luijt\Casper\Data\BioLog\OmniLog\CL2\DATA_2024\07\_NRRL 3483_Aspergillus oryzae__1_30_CL2_769_7#24#2024_A_14B_17.OKA","7/24/2024 10:32:48 PM","14-B","PM01","","NRRL 3483","Aspergillus oryzae","",14.0000,"26.7465","61.5922","14.1626","26.8261","12.4840","23.5189","26.3781","11.0000","11.0000","15.1735","19.1763","25.7357","15.7655","16.7968","11.0000","11.0000","15.2323","11.0000","11.0000","78.5340","11.0000","15.0350","11.5279","29.1857","16.9654","11.0000","18.8126","81.5828","11.0000","11.0000","11.0000","20.8897","11.0000","11.0000","11.0000","33.4342","16.9796","11.0000","11.0000","11.0000","11.0000","11.0000","11.0000","11.0000","11.0000","11.0000","11.0000","13.0354","13.9486","11.0000","11.0000","11.0000","16.6101","11.0000","11.0000","11.0000","11.0000","11.0000","11.0000","16.8476","15.1784","11.0000","13.4902","11.0000","11.0000","11.0000","11.0000","11.0000","11.0000","11.0000","11.0000","17.0407","17.3006","13.9905","11.0000","11.0000","11.0000","11.0000","11.0000","11.0000","11.0000","11.0000","32.9376","16.3031","15.2503","11.0000","11.0000","11.0000","11.0000","99.1515","14.5335","11.0000","11.0000","11.0000","24.8006","24.7619"
"C:\Users\cfg364\Sommerlab Dropbox\Casper van der Luijt\Casper\Data\BioLog\OmniLog\CL2\DATA_2024\07\_NRRL 3483_Aspergillus oryzae__1_30_CL2_769_7#24#2024_A_14B_17.OKA","7/24/2024 10:32:48 PM","14-B","PM01","","NRRL 3483","Aspergillus oryzae","",14.2500,"29.0050","61.2991","18.1973","31.6289","14.9249","24.4535","25.4998","11.4629","11.6302","18.7618","16.4030","27.6313","16.6967","15.7580","11.0000","11.0000","16.0361","11.0000","11.0000","78.9247","11.0000","21.6234","12.7060","26.9383","16.3074","11.0000","19.1725","75.2035","11.0000","11.0000","11.0000","23.2805","11.0000","11.0000","11.0000","28.3327","15.6120","11.0000","11.0000","11.0000","11.0000","11.0000","11.0000","11.0000","11.0000","11.0000","11.0000","14.8871","15.5174","11.0000","11.0000","11.0000","11.0000","11.0000","11.0000","11.0000","11.0000","11.0000","11.0000","19.9318","16.5335","11.0000","11.0000","11.0000","11.0000","11.0000","11.0000","11.0000","11.0000","11.0000","12.6005","14.3213","20.0147","11.0000","11.0000","11.0000","11.0000","11.0000","11.0000","11.0000","11.0000","11.0000","30.7325","18.5323","15.8677","11.0000","11.0000","11.0000","11.0000","98.9489","12.1346","11.0000","11.0000","11.0000","22.7880","28.7715"
"C:\Users\cfg364\Sommerlab Dropbox\Casper van der Luijt\Casper\Data\BioLog\OmniLog\CL2\DATA_2024\07\_NRRL 3483_Aspergillus oryzae__1_30_CL2_769_7#24#2024_A_14B_17.OKA","7/24/2024 10:32:48 PM","14-B","PM01","","NRRL 3483","Aspergillus oryzae","",14.5000,"27.6655","62.7093","20.3588","24.8930","14.6839","23.5835","24.0471","11.0000","11.0000","15.6006","16.5859","29.3215","15.4888","19.8692","11.0000","11.0000","12.6338","11.0000","11.0000","78.8099","11.0000","18.4290","11.5592","30.2148","15.3569","11.0000","16.8651","78.8041","11.0000","11.0000","11.0000","18.5326","11.0000","11.0000","11.0000","31.3595","17.9176","11.0000","11.0000","11.0000","11.0000","11.0000","11.0000","11.0000","11.0000","11.0000","11.0000","13.6863","17.1288","11.0000","11.0000","11.0000","11.0000","11.0000","11.0000","11.0000","11.0000","11.0000","11.0000","13.3165","13.9675","11.0000","11.0000","11.0000","11.0000","11.0000","11.0000","13.1730","11.0000","11.0000","11.0000","16.2902","16.9334","15.1284","11.0000","11.0000","11.0000","11.0000","11.0000","11.0000","11.0000","11.0000","27.9614","16.6359","13.7101","11.0000","11.0000","11.0000","11.0000","100.1082","11.0000","11.0000","11.0000","11.0000","22.8587","24.7961"
"C:\Users\cfg364\Sommerlab Dropbox\Casper van der Luijt\Casper\Data\BioLog\OmniLog\CL2\DATA_2024\07\_NRRL 3483_Aspergillus oryzae__1_30_CL2_769_7#24#2024_A_14B_17.OKA","7/24/2024 10:32:48 PM","14-B","PM01","","NRRL 3483","Aspergillus oryzae","",14.7500,"28.0573","61.4758","17.4049","28.2846","11.6970","25.7352","27.4128","13.2070","11.0000","15.8038","11.3361","26.4390","17.4672","16.8061","11.0000","11.0000","17.5021","11.0000","11.0000","78.8656","11.0000","15.8733","11.0000","26.3037","19.4344","11.0000","18.0238","79.0811","11.0000","11.0000","11.0000","19.8000","11.0000","11.0000","11.0000","32.5032","15.1284","11.0000","11.0000","11.0000","11.0000","11.0000","11.0000","11.0000","11.0000","11.0000","12.2050","13.2984","15.2009","11.0000","11.0000","11.0000","11.0000","11.0000","11.0000","11.0000","11.0000","11.0000","11.0000","18.7244","16.9816","11.0000","11.0000","11.0000","11.0000","11.0000","11.0000","11.0000","11.0000","11.0000","11.8027","11.6608","21.2607","12.8187","11.0000","11.0000","11.0000","11.0000","11.0000","11.0000","11.0000","11.0000","30.8858","14.6030","19.5376","11.0000","11.0000","11.0000","11.0000","101.5938","11.0000","11.0000","11.0000","11.0000","21.6194","25.5397"
"C:\Users\cfg364\Sommerlab Dropbox\Casper van der Luijt\Casper\Data\BioLog\OmniLog\CL2\DATA_2024\07\_NRRL 3483_Aspergillus oryzae__1_30_CL2_769_7#24#2024_A_14B_17.OKA","7/24/2024 10:32:48 PM","14-B","PM01","","NRRL 3483","Aspergillus oryzae","",15.0000,"24.0259","63.3172","20.8656","23.5028","14.4507","23.1141","21.3442","12.8947","11.0000","14.5018","14.1032","25.3477","14.5175","16.3401","11.1924","11.0000","14.1026","11.0000","11.0000","75.3543","11.0000","15.4515","15.0423","25.7671","18.4472","11.0000","18.2720","81.5388","11.0000","11.0000","11.0000","21.5985","11.0000","11.0000","11.2252","29.7447","17.4701","11.0000","11.0000","11.0000","11.0000","11.0000","11.0000","11.0000","11.0000","11.0000","14.4958","16.2846","16.4860","11.0000","11.0000","11.0000","11.0000","11.0000","11.0000","11.0000","11.0000","11.0000","11.0000","15.8223","12.9051","11.0000","11.0000","11.0000","11.0000","11.0000","11.0000","11.0000","11.0000","11.0000","11.0000","17.2828","18.9644","12.4706","11.0000","11.0000","11.0000","11.0000","11.0000","11.0000","11.0000","11.0000","31.2335","14.5808","18.8221","11.0000","11.0000","11.0000","11.0000","100.4567","11.0000","11.0000","11.0000","11.0000","23.9904","22.9051"
"C:\Users\cfg364\Sommerlab Dropbox\Casper van der Luijt\Casper\Data\BioLog\OmniLog\CL2\DATA_2024\07\_NRRL 3483_Aspergillus oryzae__1_30_CL2_769_7#24#2024_A_14B_17.OKA","7/24/2024 10:32:48 PM","14-B","PM01","","NRRL 3483","Aspergillus oryzae","",15.2500,"29.6967","63.1663","20.2877","26.3607","13.8978","25.2711","27.0106","11.0000","13.4116","18.2570","19.3489","22.7476","16.0502","17.0458","11.0000","11.0000","13.8119","11.0000","11.0000","75.4502","11.0000","20.4802","14.0376","25.8869","17.6451","12.5974","15.1867","80.2318","11.0000","11.0000","11.0000","20.2886","11.0000","11.0000","11.0000","33.9659","16.4023","11.0000","11.0000","11.0000","11.0000","11.0000","11.0000","11.0000","11.0000","11.0000","11.0000","15.8764","16.6805","11.0000","11.0000","11.0000","11.0000","11.0000","11.0000","11.0000","11.0000","12.9816","11.0000","13.8308","11.5259","11.0000","11.0000","11.0000","11.0000","11.0000","11.0000","11.0000","11.0000","11.0000","11.0000","15.5655","20.5393","12.7728","11.0000","11.0000","11.0000","11.0000","11.0000","11.0000","11.0000","11.0000","30.3284","17.3113","13.9357","11.0000","11.0000","11.0000","11.0000","101.1114","11.0000","11.0000","11.0000","11.0000","21.8714","24.9405"
"C:\Users\cfg364\Sommerlab Dropbox\Casper van der Luijt\Casper\Data\BioLog\OmniLog\CL2\DATA_2024\07\_NRRL 3483_Aspergillus oryzae__1_30_CL2_769_7#24#2024_A_14B_17.OKA","7/24/2024 10:32:48 PM","14-B","PM01","","NRRL 3483","Aspergillus oryzae","",15.5000,"27.1302","60.4914","19.3952","24.1434","14.6456","21.9563","24.5649","12.5882","11.0000","15.1084","15.3296","26.3900","18.3281","17.3732","11.0000","11.0000","15.8545","11.0000","11.0000","74.6454","11.0000","16.6798","11.0000","26.5427","15.8544","11.0000","17.4532","78.5454","11.0000","11.0000","11.0000","16.6838","11.0000","11.0000","11.0000","32.0177","15.4469","11.0000","11.0000","11.0000","11.0000","11.0000","11.0000","11.0000","11.0000","11.0000","11.0000","17.4756","18.0731","11.0000","11.0000","11.0000","11.0000","11.0000","11.0000","11.0000","11.0000","11.0000","11.0000","13.9647","12.8871","11.0000","11.0617","11.0000","11.0000","11.0000","11.0000","11.0000","11.0000","11.0000","11.0000","18.1896","14.4856","11.0000","11.0000","11.0000","11.0000","11.0000","11.0000","11.0000","11.0000","11.0000","26.7917","14.9650","15.1032","11.0000","11.0000","11.0000","11.0000","101.9589","12.3191","12.6134","11.0000","11.0000","25.0493","26.3209"
"C:\Users\cfg364\Sommerlab Dropbox\Casper van der Luijt\Casper\Data\BioLog\OmniLog\CL2\DATA_2024\07\_NRRL 3483_Aspergillus oryzae__1_30_CL2_769_7#24#2024_A_14B_17.OKA","7/24/2024 10:32:48 PM","14-B","PM01","","NRRL 3483","Aspergillus oryzae","",15.7500,"31.3639","62.5770","20.1188","29.1726","16.2563","23.8798","24.3887","12.4879","11.0000","13.0428","19.4317","28.1326","12.0332","12.3552","11.0000","11.0000","20.6669","11.0000","11.0000","78.8781","11.0000","19.3257","11.0000","23.1230","21.4521","11.0000","17.5515","82.7252","11.0000","11.0000","11.0000","23.2980","11.0000","11.0000","11.0321","31.2917","19.1585","11.0000","11.0000","11.0000","11.0000","11.0000","11.0000","11.0000","11.0000","11.0000","11.0000","19.9136","18.2122","11.0000","11.0000","11.0000","11.0000","11.0000","11.0000","11.0000","11.0000","11.0000","13.2610","15.7173","14.8480","11.0000","11.0000","11.0000","11.0000","11.0000","11.0000","11.0000","11.0000","11.0000","11.5792","13.6337","20.2259","11.0000","11.0000","11.0000","11.0000","11.0000","11.0000","11.0000","11.0000","11.0000","31.6604","18.8588","11.0000","11.0000","11.0000","11.0000","11.0000","100.4908","11.0000","14.3720","11.0000","11.0000","21.7373","24.7287"
"C:\Users\cfg364\Sommerlab Dropbox\Casper van der Luijt\Casper\Data\BioLog\OmniLog\CL2\DATA_2024\07\_NRRL 3483_Aspergillus oryzae__1_30_CL2_769_7#24#2024_A_14B_17.OKA","7/24/2024 10:32:48 PM","14-B","PM01","","NRRL 3483","Aspergillus oryzae","",16.0000,"32.9854","65.5845","20.5816","29.6696","15.0207","25.0846","28.9743","11.0000","11.0000","19.4444","24.2522","27.4531","16.3829","17.5146","12.7715","11.0000","20.9908","11.0000","11.0000","79.3774","11.0000","13.1741","16.1157","26.8811","17.2378","11.0000","21.5054","79.6977","11.0000","11.0000","11.0000","21.7753","11.0000","11.0000","15.1324","30.6970","20.1602","11.0000","11.0000","11.0000","11.0000","11.0000","11.0000","11.0000","11.0000","11.0000","11.0000","19.5912","18.7084","11.0000","11.0000","11.0000","11.0000","11.0000","11.0000","11.0000","11.0000","11.0000","11.0000","13.1679","13.8864","11.0000","12.5598","11.0000","11.0000","11.0000","11.0000","11.0000","11.0000","11.0000","11.0646","16.9524","18.7839","11.5697","11.0000","11.0000","11.0000","11.0000","11.0000","11.0000","11.0000","11.0000","25.0568","16.1046","15.6401","12.1353","11.0000","11.0000","11.0000","102.6313","11.0000","13.5660","11.0000","11.0000","20.4409","29.8018"
"C:\Users\cfg364\Sommerlab Dropbox\Casper van der Luijt\Casper\Data\BioLog\OmniLog\CL2\DATA_2024\07\_NRRL 3483_Aspergillus oryzae__1_30_CL2_769_7#24#2024_A_14B_17.OKA","7/24/2024 10:32:48 PM","14-B","PM01","","NRRL 3483","Aspergillus oryzae","",16.2500,"33.9209","66.4601","20.5948","28.8282","16.2734","24.2752","25.8233","13.5592","12.4906","18.1454","22.4011","30.6799","14.2755","18.7842","11.9996","11.0000","19.8581","11.0000","11.0000","81.4551","11.0000","17.4165","15.0771","25.8855","20.4937","11.0000","16.0866","82.0432","11.0000","11.0947","11.0000","18.7349","11.0000","11.0000","14.4090","34.8293","14.9452","11.0000","11.0000","11.0000","11.0000","11.0000","12.2928","11.0000","11.0000","11.0000","11.0000","19.3590","16.2837","11.0000","11.0000","14.2352","11.0000","11.0000","11.0000","11.0000","11.0000","11.0000","11.0000","20.0654","12.3619","11.0000","11.0000","11.0000","11.0000","11.0000","11.0000","11.0000","11.0000","11.0000","11.0000","20.3743","19.3687","11.5752","11.0000","11.0000","11.0000","11.0000","11.0000","11.0000","11.0000","11.0000","20.8762","14.3526","15.6873","11.0000","11.0000","11.0000","11.0000","105.2254","11.0000","14.6979","11.0000","11.0000","24.3793","27.1506"
"C:\Users\cfg364\Sommerlab Dropbox\Casper van der Luijt\Casper\Data\BioLog\OmniLog\CL2\DATA_2024\07\_NRRL 3483_Aspergillus oryzae__1_30_CL2_769_7#24#2024_A_14B_17.OKA","7/24/2024 10:32:48 PM","14-B","PM01","","NRRL 3483","Aspergillus oryzae","",16.5000,"36.6024","70.8134","21.4795","27.6198","11.6354","24.3417","25.4473","16.8346","13.1875","22.7464","21.5086","30.2063","13.2165","18.4735","14.2521","11.0000","19.1264","11.0000","11.0000","81.5305","11.0000","15.6382","17.9839","27.4578","23.8358","11.0000","17.9026","82.7829","11.0000","12.4172","11.0000","22.5609","11.0000","11.0000","14.6098","31.5688","12.5643","11.0000","11.0000","11.0000","11.0000","11.0000","11.0000","11.0000","11.0000","11.0000","11.3284","17.4706","16.8446","11.0000","11.0000","11.6912","11.0000","11.0000","11.0000","11.0000","11.0000","11.0000","11.0000","18.5149","15.3528","11.0000","11.0000","11.0000","11.0000","11.0000","11.0000","11.0000","11.0000","11.5104","12.6401","18.3373","21.8709","11.0000","11.0000","11.0000","11.0000","11.0000","11.0000","11.0000","11.0000","11.0000","26.1419","16.7588","18.2431","11.0000","11.0000","11.0000","11.0000","105.0921","13.1396","18.0081","11.0000","11.0000","26.9667","28.5255"
"C:\Users\cfg364\Sommerlab Dropbox\Casper van der Luijt\Casper\Data\BioLog\OmniLog\CL2\DATA_2024\07\_NRRL 3483_Aspergillus oryzae__1_30_CL2_769_7#24#2024_A_14B_17.OKA","7/24/2024 10:32:48 PM","14-B","PM01","","NRRL 3483","Aspergillus oryzae","",16.7500,"34.9879","68.4035","25.3673","25.1298","18.8541","25.7675","26.1891","17.8570","11.4993","19.5206","26.4322","29.2242","17.5884","19.9703","12.6464","11.0000","20.6258","11.0000","11.2903","82.7186","11.0000","20.5115","14.7479","32.7333","22.2897","11.0000","19.9451","86.3555","11.0000","13.7525","11.0000","23.5808","11.0000","11.0000","11.0000","35.7443","16.5293","11.0000","11.0000","11.0000","11.0000","11.0000","11.0000","11.0000","11.0000","11.0000","11.5578","24.3445","18.6634","11.0000","11.0000","12.2300","11.0000","11.0000","11.0000","11.0000","11.0000","11.0000","11.0000","19.4841","14.1468","11.0000","11.0000","11.0000","11.0000","11.0000","11.0000","11.0000","11.0000","11.0000","13.4109","19.3000","21.0007","11.2216","11.0000","11.0000","11.0000","11.0000","11.0000","11.0000","11.7336","11.0000","22.7912","19.5855","19.7042","11.0000","11.0000","11.0000","12.4875","104.7036","11.0000","15.2195","11.0000","11.0000","26.3752","24.6926"
"C:\Users\cfg364\Sommerlab Dropbox\Casper van der Luijt\Casper\Data\BioLog\OmniLog\CL2\DATA_2024\07\_NRRL 3483_Aspergillus oryzae__1_30_CL2_769_7#24#2024_A_14B_17.OKA","7/24/2024 10:32:48 PM","14-B","PM01","","NRRL 3483","Aspergillus oryzae","",17.0000,"29.3254","69.6352","25.4967","30.8196","16.3094","24.8324","25.3707","16.5982","13.6629","18.3557","26.3658","32.2285","17.6509","17.6618","11.4520","11.7671","19.5978","13.0880","11.0000","82.5556","11.0000","17.7892","14.2504","28.9522","19.7455","11.0000","19.3173","86.7092","11.0000","11.0000","11.0000","22.6867","11.9297","11.6438","14.5124","38.0651","16.9085","11.0000","11.0000","11.0000","11.0000","11.0000","11.0000","11.0000","11.0000","11.0000","11.0000","26.6936","20.2511","11.0000","11.0000","13.7438","11.0000","11.0000","11.0000","11.0000","11.0000","11.0979","11.0000","17.6411","14.4244","11.0000","11.0000","11.0000","11.0000","11.0000","11.0000","11.0000","11.0000","11.3494","16.0147","19.7716","21.3971","12.4560","11.0000","11.0000","11.0000","11.0000","11.0000","11.0000","11.0000","11.0000","21.0467","18.9299","18.9045","11.0000","11.0000","11.0000","11.0000","104.2848","11.0000","14.2995","11.0000","11.0000","28.6213","28.2483"
"C:\Users\cfg364\Sommerlab Dropbox\Casper van der Luijt\Casper\Data\BioLog\OmniLog\CL2\DATA_2024\07\_NRRL 3483_Aspergillus oryzae__1_30_CL2_769_7#24#2024_A_14B_17.OKA","7/24/2024 10:32:48 PM","14-B","PM01","","NRRL 3483","Aspergillus oryzae","",17.2500,"35.4857","72.0338","25.6585","27.7218","20.4563","25.5095","28.9388","15.3726","14.4951","25.8778","28.7885","29.5543","17.3074","17.9256","11.4842","12.3425","20.2831","11.0000","11.0000","83.6961","11.0000","20.1835","13.0895","30.1030","21.3992","12.1058","20.1334","87.7057","11.0000","13.7209","11.0000","22.9422","12.4426","11.0966","12.7079","36.3980","16.0238","11.0000","11.0000","13.3285","11.0000","11.0000","12.4246","11.0000","11.0000","11.0000","11.2625","24.6381","19.9763","11.0000","11.0000","12.7030","14.7918","11.0000","11.0000","11.0000","11.0000","11.0000","11.0000","20.8187","15.9670","11.0000","11.0000","11.0000","11.0000","11.0000","11.0000","11.0000","11.0000","11.7623","13.5395","18.9856","22.4337","14.4501","11.0000","11.0000","11.0000","11.0000","11.0000","11.0000","11.0000","11.0000","19.7546","17.2753","18.5355","11.0000","11.0000","11.0000","13.2787","106.1853","11.0000","15.5685","11.0000","11.0000","26.5966","27.4997"
"C:\Users\cfg364\Sommerlab Dropbox\Casper van der Luijt\Casper\Data\BioLog\OmniLog\CL2\DATA_2024\07\_NRRL 3483_Aspergillus oryzae__1_30_CL2_769_7#24#2024_A_14B_17.OKA","7/24/2024 10:32:48 PM","14-B","PM01","","NRRL 3483","Aspergillus oryzae","",17.5000,"34.4990","73.6890","23.7074","27.0443","14.2968","24.6721","23.1382","18.7961","11.0000","21.7997","25.6162","31.3496","17.8498","19.3979","13.7035","12.7860","19.4818","11.7295","11.0000","86.6185","11.0000","16.7854","13.8095","27.2153","20.8933","11.0000","16.8795","84.1377","11.0000","11.0000","11.0000","20.6212","11.0000","11.0000","17.0646","36.9695","18.2200","11.0000","11.0000","11.0000","11.0000","11.0000","11.0000","11.0000","11.0000","11.0000","13.8690","23.4663","18.1707","11.0000","11.0000","13.1091","15.9993","11.0000","11.0000","11.0000","11.0000","11.3263","11.0000","14.7729","13.8086","11.0000","11.7077","11.0000","11.0000","11.0000","11.0000","11.0942","11.0000","11.0000","14.8204","20.8050","19.5403","11.0000","11.0000","11.0000","11.0000","11.0000","11.0000","11.0000","11.0000","11.0000","24.1982","20.0776","20.2868","11.0000","11.8685","11.0000","11.0000","107.3961","11.4415","17.2575","11.0000","12.1563","25.6716","28.1176"
"C:\Users\cfg364\Sommerlab Dropbox\Casper van der Luijt\Casper\Data\BioLog\OmniLog\CL2\DATA_2024\07\_NRRL 3483_Aspergillus oryzae__1_30_CL2_769_7#24#2024_A_14B_17.OKA","7/24/2024 10:32:48 PM","14-B","PM01","","NRRL 3483","Aspergillus oryzae","",17.7500,"34.7873","69.8617","23.9025","27.1011","16.0296","21.5519","27.0765","16.3705","14.8385","26.0286","29.9267","38.5974","19.7399","20.3428","17.4025","11.1601","21.4715","11.0000","11.0000","87.0923","11.0000","23.7536","23.1793","35.9748","22.3109","11.0000","15.3044","86.0889","11.0000","12.7720","11.0000","21.2015","14.0495","14.6273","17.2387","36.4228","21.8942","11.4872","11.0000","11.0000","11.6316","11.0000","12.6773","11.0000","11.0000","11.0000","16.1996","24.1636","22.8284","11.0000","11.0000","14.3036","13.5279","11.0000","11.0000","11.0000","11.0000","11.0000","11.0000","21.0842","17.1138","11.0000","12.4085","11.0000","11.0000","11.0000","11.0000","11.0000","11.0000","11.0000","12.7443","20.9391","23.2976","11.0000","11.0000","11.0000","11.0000","11.0000","11.0000","11.0000","11.0000","11.0000","17.7107","19.1395","21.2559","12.2699","12.7372","11.0000","12.1474","107.0333","11.0950","16.7032","11.0000","11.9335","18.5739","26.7235"
"C:\Users\cfg364\Sommerlab Dropbox\Casper van der Luijt\Casper\Data\BioLog\OmniLog\CL2\DATA_2024\07\_NRRL 3483_Aspergillus oryzae__1_30_CL2_769_7#24#2024_A_14B_17.OKA","7/24/2024 10:32:48 PM","14-B","PM01","","NRRL 3483","Aspergillus oryzae","",18.0000,"34.8422","74.8131","28.1433","28.2662","14.6940","22.7608","28.2491","17.8985","11.6336","23.2487","31.0591","32.3963","18.3959","25.2114","15.7254","11.6055","19.7587","11.0000","11.0967","88.3436","11.0000","18.2441","20.3844","33.9383","24.4921","11.5215","18.8335","87.0343","11.0000","13.7521","11.0000","18.3237","13.8216","14.0527","12.2537","31.6240","18.6536","11.0000","11.5359","11.0000","11.0000","11.0000","11.0000","11.0000","11.0000","11.0000","14.6568","22.1092","19.8293","11.0000","11.0000","16.4839","11.0000","11.0000","11.0000","11.0000","11.0000","11.0000","11.2912","20.7847","15.6686","11.0000","11.0000","11.0000","11.0000","11.0000","11.0000","11.0000","12.0741","13.7992","12.8989","18.3803","24.9000","11.0000","11.0000","11.0000","11.0000","11.0000","11.0000","11.0000","11.0000","11.7057","20.3974","18.1384","23.4101","12.3554","11.0000","11.0000","11.0000","107.8902","12.8203","20.3497","11.4165","11.0000","22.8752","26.8559"
"C:\Users\cfg364\Sommerlab Dropbox\Casper van der Luijt\Casper\Data\BioLog\OmniLog\CL2\DATA_2024\07\_NRRL 3483_Aspergillus oryzae__1_30_CL2_769_7#24#2024_A_14B_17.OKA","7/24/2024 10:32:48 PM","14-B","PM01","","NRRL 3483","Aspergillus oryzae","",18.2500,"36.0750","73.6578","25.1721","28.1666","19.4450","26.9096","27.4078","14.3307","17.2919","21.6784","29.6634","35.5909","19.9889","20.5999","16.5492","13.3512","19.3401","11.0000","11.0000","90.8636","11.0000","23.6286","16.7637","28.2933","26.6789","13.7595","18.6568","89.5238","11.0000","17.3898","11.0000","20.5763","13.8655","15.2359","16.7163","32.7038","22.7456","11.0000","11.0000","12.0531","11.0000","11.0000","11.0000","11.0000","11.0000","11.0000","18.5092","22.5990","22.6207","11.9626","11.0000","12.3864","18.6545","11.0000","11.0000","11.0000","11.0000","11.0000","11.0000","23.6348","18.2316","11.0000","11.3679","11.0000","11.0000","11.0000","11.0000","11.0000","11.5710","12.7602","15.2942","23.9917","21.3458","11.0000","11.0000","11.0000","11.0000","11.0000","11.0000","11.0000","11.0000","14.1957","21.7652","18.3813","21.9353","12.3329","11.0000","11.0000","11.0000","106.8634","11.0000","16.5334","11.0000","11.0000","25.2237","28.1226"
"C:\Users\cfg364\Sommerlab Dropbox\Casper van der Luijt\Casper\Data\BioLog\OmniLog\CL2\DATA_2024\07\_NRRL 3483_Aspergillus oryzae__1_30_CL2_769_7#24#2024_A_14B_17.OKA","7/24/2024 10:32:48 PM","14-B","PM01","","NRRL 3483","Aspergillus oryzae","",18.5000,"37.2571","78.3373","26.1310","27.7705","21.0876","20.1652","29.3905","12.2030","16.6741","23.1066","32.0868","34.3495","13.7851","24.4114","13.8295","12.1220","20.4486","11.0000","11.3251","89.8312","11.0000","20.5223","17.9429","33.7878","22.4015","11.9120","20.6992","90.8383","11.0000","18.1569","11.0000","18.8787","17.1622","16.1077","13.7430","27.5032","15.5034","11.0000","14.8081","11.0000","11.0000","11.0000","11.5070","11.0000","11.0000","11.0000","17.6696","22.9728","21.8025","11.0000","11.0000","14.6041","15.6116","11.0000","11.0000","11.0000","11.0000","11.0000","11.0000","21.6036","15.1157","11.0000","11.0000","11.0000","11.0000","11.0000","11.0000","11.0000","11.5375","11.1599","20.4189","21.7206","23.5116","11.0000","11.0000","11.0000","11.0000","11.0000","11.0000","11.0000","11.0000","12.4343","22.8401","19.5812","23.1085","13.1896","11.0000","11.0000","11.0000","108.6648","11.0634","18.2658","13.5599","13.4880","22.2854","27.2587"
"C:\Users\cfg364\Sommerlab Dropbox\Casper van der Luijt\Casper\Data\BioLog\OmniLog\CL2\DATA_2024\07\_NRRL 3483_Aspergillus oryzae__1_30_CL2_769_7#24#2024_A_14B_17.OKA","7/24/2024 10:32:48 PM","14-B","PM01","","NRRL 3483","Aspergillus oryzae","",18.7500,"40.7816","77.9156","27.4734","29.3046","20.2227","28.1896","28.1229","19.7085","18.2920","23.1285","29.6909","38.9978","20.0128","26.1961","16.4025","14.7986","19.5653","12.9396","11.0000","94.0617","11.0000","23.1457","19.6149","32.8093","25.2592","12.6659","19.6889","90.0893","11.0000","13.9845","11.0000","19.3760","17.9956","11.9671","17.0843","34.6203","20.2832","11.0000","11.0000","11.0000","12.5181","11.0000","14.8953","11.0000","11.0000","11.0000","15.0994","25.1995","21.2700","13.3901","11.0000","17.2472","14.9681","11.0000","11.0000","11.0000","11.0000","11.4902","11.0000","22.4326","18.8401","11.0000","11.0000","11.0000","11.0000","11.0000","11.0000","11.0000","12.2365","11.9270","15.1011","20.2051","23.2981","11.0000","11.0000","11.0000","11.0000","11.0000","11.0000","11.0000","11.0000","12.3136","20.1432","19.9204","19.6426","15.6285","11.0000","11.0000","11.0000","111.4557","15.3785","22.7097","13.5074","12.5097","24.8711","29.2249"
"C:\Users\cfg364\Sommerlab Dropbox\Casper van der Luijt\Casper\Data\BioLog\OmniLog\CL2\DATA_2024\07\_NRRL 3483_Aspergillus oryzae__1_30_CL2_769_7#24#2024_A_14B_17.OKA","7/24/2024 10:32:48 PM","14-B","PM01","","NRRL 3483","Aspergillus oryzae","",19.0000,"36.9570","81.6122","27.3424","25.5105","19.4937","27.4081","28.4877","20.0553","20.3948","26.9769","34.6074","35.3327","18.9859","25.2146","17.7215","12.1555","20.9070","11.3516","12.1903","93.0638","11.0000","24.5103","19.5955","26.9772","23.3497","11.0000","20.6427","93.0804","11.0000","16.5371","11.0000","20.6780","21.9513","12.8400","14.5763","31.9864","17.7027","11.0000","11.0000","11.0000","11.0000","11.0000","13.0297","11.0000","11.0000","11.0000","17.8543","23.7312","23.4578","11.3846","12.2977","17.5857","19.1548","11.0000","11.0000","11.0000","11.0000","12.2110","11.0000","22.2629","20.5243","11.0000","11.0000","11.0000","11.0000","11.0000","11.0000","11.0000","11.0000","11.0000","17.4135","22.3761","22.0612","11.0000","11.0000","11.0000","11.0000","11.0000","11.0000","11.0000","11.0000","11.8653","16.8638","23.0488","24.6519","11.2868","11.0000","11.0000","11.7026","110.6782","11.0000","16.9779","12.7639","15.5401","26.2666","27.6982"
"C:\Users\cfg364\Sommerlab Dropbox\Casper van der Luijt\Casper\Data\BioLog\OmniLog\CL2\DATA_2024\07\_NRRL 3483_Aspergillus oryzae__1_30_CL2_769_7#24#2024_A_14B_17.OKA","7/24/2024 10:32:48 PM","14-B","PM01","","NRRL 3483","Aspergillus oryzae","",19.2500,"41.9870","86.8929","26.1147","29.2986","19.7700","25.1699","29.2120","20.6215","20.0779","23.9620","33.9479","36.3141","17.1205","20.6643","18.5870","18.9791","20.5698","12.3073","13.4799","96.0130","11.0000","24.8459","21.0781","30.0818","25.7914","11.0000","19.0408","94.5506","11.0000","18.6421","11.0000","17.9515","25.0354","17.5627","17.8476","30.4337","14.7018","11.0000","13.2380","11.0000","12.1093","11.0000","11.0000","11.0000","15.2372","11.0000","19.3531","25.2890","22.7792","12.2861","11.0000","22.1140","15.3735","11.0000","11.0000","11.0000","11.0000","12.5344","12.5943","28.0924","19.9182","11.0000","11.5868","11.0000","11.0000","11.0000","11.0000","11.0000","11.0000","11.4144","19.2353","18.9772","21.6617","12.3928","11.0000","11.0000","11.0000","11.0000","11.0000","11.0000","11.0000","14.9603","24.2713","20.2616","28.3338","15.2958","11.0000","11.0000","15.2361","112.9275","11.0000","18.9884","12.5421","14.6813","23.8268","29.3921"
"C:\Users\cfg364\Sommerlab Dropbox\Casper van der Luijt\Casper\Data\BioLog\OmniLog\CL2\DATA_2024\07\_NRRL 3483_Aspergillus oryzae__1_30_CL2_769_7#24#2024_A_14B_17.OKA","7/24/2024 10:32:48 PM","14-B","PM01","","NRRL 3483","Aspergillus oryzae","",19.5000,"43.2369","79.1484","31.1778","24.1925","17.3040","25.6317","27.1161","20.2665","18.4068","26.6346","38.9416","40.5672","20.7136","19.2005","14.2871","16.6102","22.6168","12.0162","12.3156","92.8485","11.0000","19.4273","23.1926","29.0936","23.6168","12.0478","18.8196","94.3118","11.0000","17.1981","12.0806","18.7890","17.4598","12.7438","15.1642","26.6267","18.7885","11.0000","14.2104","11.0000","11.3478","11.0000","11.0000","11.0000","11.0000","11.0000","19.3007","24.6991","19.4213","11.0000","11.0000","19.4248","16.5067","11.0000","11.0000","11.0000","11.0000","11.7511","12.4321","22.7666","13.7325","11.0000","11.3078","11.0000","11.0000","11.0000","11.0000","11.0000","11.0000","13.4846","15.8472","21.7806","22.6715","11.0000","11.0000","11.0000","11.0000","11.0000","11.0000","11.0000","11.0000","11.0643","19.2917","20.8015","19.6140","13.3794","11.0000","11.0000","11.5106","114.2623","13.1032","21.1363","14.5521","12.9317","26.9103","28.1114"
"C:\Users\cfg364\Sommerlab Dropbox\Casper van der Luijt\Casper\Data\BioLog\OmniLog\CL2\DATA_2024\07\_NRRL 3483_Aspergillus oryzae__1_30_CL2_769_7#24#2024_A_14B_17.OKA","7/24/2024 10:32:48 PM","14-B","PM01","","NRRL 3483","Aspergillus oryzae","",19.7500,"40.2622","83.6202","29.6617","26.2079","21.2406","25.4589","23.0463","24.7129","16.4691","24.0928","35.7618","38.5085","19.5721","22.7316","17.9318","16.5980","27.4432","11.0000","16.7150","94.8175","11.0000","22.2256","17.8915","29.2906","20.2461","11.6182","19.3456","95.0563","14.6455","18.3216","11.8606","20.0385","20.2475","15.8233","18.1177","25.4242","18.4117","11.0000","14.0517","11.0000","12.4547","11.0000","11.3179","11.0000","11.3532","11.0000","18.9992","23.1983","20.7232","11.0000","11.0000","11.0000","12.5761","11.0000","11.0000","11.0000","11.0000","11.8535","14.8672","23.1247","17.9404","11.0000","12.3269","11.0000","11.0000","11.0000","11.0000","11.0000","11.0000","13.5967","17.0701","24.0668","24.2441","11.0000","11.0000","11.0000","11.0000","11.0000","11.0000","11.0000","11.0000","12.6422","21.2583","21.1043","25.1779","17.6041","11.0000","11.0000","15.3857","118.0416","11.0000","22.7705","14.1179","11.0000","25.0745","29.3471"
"C:\Users\cfg364\Sommerlab Dropbox\Casper van der Luijt\Casper\Data\BioLog\OmniLog\CL2\DATA_2024\07\_NRRL 3483_Aspergillus oryzae__1_30_CL2_769_7#24#2024_A_14B_17.OKA","7/24/2024 10:32:48 PM","14-B","PM01","","NRRL 3483","Aspergillus oryzae","",20.0000,"40.3789","82.5163","30.8060","27.5568","20.8881","24.7490","26.3062","16.7643","17.4581","27.5412","37.0299","36.5925","19.5862","24.1673","18.6261","15.5654","22.9217","13.5878","13.5812","96.8822","11.0000","20.1260","23.5619","29.0844","26.7968","14.6108","19.2674","98.0564","11.0000","22.5467","11.0000","17.7684","19.0068","15.7506","16.6517","29.6187","21.7278","11.0000","14.3725","11.0000","12.6479","11.0000","11.0000","11.0000","11.0000","11.0000","19.6162","26.4045","22.9619","11.0000","11.0000","17.3010","20.2192","11.0000","11.0000","11.0000","11.0000","13.8021","11.0000","22.8886","18.1579","11.0000","12.3851","11.0000","11.0000","11.0000","11.0000","11.0000","13.2832","17.9324","14.0689","25.9128","20.5943","11.0000","11.0000","11.0000","11.0000","11.0000","11.0000","11.0000","13.6696","11.8980","18.5136","24.3325","25.5873","13.8888","11.0000","11.0000","13.1734","118.1238","11.0000","20.3093","13.0247","16.5103","26.5225","27.7710"
"C:\Users\cfg364\Sommerlab Dropbox\Casper van der Luijt\Casper\Data\BioLog\OmniLog\CL2\DATA_2024\07\_NRRL 3483_Aspergillus oryzae__1_30_CL2_769_7#24#2024_A_14B_17.OKA","7/24/2024 10:32:48 PM","14-B","PM01","","NRRL 3483","Aspergillus oryzae","",20.2500,"41.7453","87.7524","28.7571","27.0217","21.8991","26.1591","26.8633","21.8660","17.8242","30.0937","37.2288","38.4417","22.0349","25.4480","21.2003","16.1720","22.8281","11.0000","14.6783","98.7957","11.0000","19.6647","23.3646","30.6052","28.3733","16.7903","18.8902","98.2820","11.0000","21.4171","11.0000","13.1492","22.3056","16.7201","17.7435","30.8379","20.6835","11.0000","12.2923","11.0000","12.3310","11.0000","11.0000","11.0000","12.5125","13.8823","22.5535","27.7483","23.4820","11.2573","11.4343","17.8365","25.5732","11.0000","11.0000","11.0000","11.0000","13.5088","12.0367","25.2091","18.3430","11.0000","14.2934","11.0000","11.0000","11.0000","11.0000","11.1262","13.9809","18.0274","14.6504","28.1856","22.8320","13.5729","11.0000","11.0000","11.0000","11.0000","11.0000","11.0000","11.4131","15.2978","16.5870","23.4045","28.8186","14.0475","11.0000","11.0000","13.5570","119.3860","11.4107","19.9927","14.7281","17.1190","26.3958","30.6178"
"C:\Users\cfg364\Sommerlab Dropbox\Casper van der Luijt\Casper\Data\BioLog\OmniLog\CL2\DATA_2024\07\_NRRL 3483_Aspergillus oryzae__1_30_CL2_769_7#24#2024_A_14B_17.OKA","7/24/2024 10:32:48 PM","14-B","PM01","","NRRL 3483","Aspergillus oryzae","",20.5000,"38.4495","93.9748","25.5229","27.7684","21.1175","20.9070","26.6640","18.6463","20.6764","27.9051","39.5413","41.3053","19.1977","21.9942","15.3354","18.6784","19.7901","13.2889","17.1149","99.7631","11.0000","27.2692","24.6026","39.0314","25.7591","11.0000","15.2434","100.4856","12.1887","17.6159","13.1762","17.6707","24.5959","20.3159","17.7977","30.6562","23.6065","11.0000","13.4978","14.5401","12.7183","11.0000","17.3178","11.0000","11.0000","13.5046","21.7220","30.8984","24.7018","11.9958","11.0000","22.6052","15.8023","11.0000","11.0000","11.0000","11.0000","14.4343","12.9105","25.5356","20.1982","11.0000","14.2024","11.0000","11.0000","11.0000","11.0000","11.0000","11.8291","11.4169","17.6256","23.0672","23.2137","11.0000","11.0000","11.0000","11.0000","11.0000","11.0000","11.0000","11.0000","13.5724","14.2966","20.1943","26.0762","13.3125","12.7726","12.2976","14.5425","120.5428","12.8656","17.3845","13.7625","18.2994","23.5562","30.0132"
"C:\Users\cfg364\Sommerlab Dropbox\Casper van der Luijt\Casper\Data\BioLog\OmniLog\CL2\DATA_2024\07\_NRRL 3483_Aspergillus oryzae__1_30_CL2_769_7#24#2024_A_14B_17.OKA","7/24/2024 10:32:48 PM","14-B","PM01","","NRRL 3483","Aspergillus oryzae","",20.7500,"40.7777","93.6317","33.1801","28.1450","25.5369","23.5237","27.0087","23.2634","21.3813","27.9028","41.7850","41.7852","19.2881","29.7433","18.7543","18.6949","20.9587","14.8792","15.9344","103.2035","12.4965","23.9844","22.8083","32.4088","28.4023","14.2490","20.2848","103.6245","12.7161","19.5113","12.1821","16.3919","27.9043","23.8807","13.1695","29.9624","18.2490","11.0000","14.5298","11.0000","12.1747","11.0000","16.5680","11.0000","13.8979","11.0000","22.6122","32.4735","23.7383","11.0000","11.0000","17.0615","16.9311","11.0000","11.0000","11.0000","11.0000","18.3910","13.4282","26.0496","19.7765","11.0000","14.6686","11.0000","11.0000","11.0000","11.0000","13.2339","13.4237","16.0022","22.3997","26.5583","24.8733","11.0000","16.4118","11.0000","11.0000","11.0000","11.0000","11.0000","11.5430","18.6891","17.7292","20.6974","25.6892","15.7988","11.7485","13.9604","12.8808","123.4582","11.7548","23.1816","17.0953","13.5156","27.5897","32.9918"
"C:\Users\cfg364\Sommerlab Dropbox\Casper van der Luijt\Casper\Data\BioLog\OmniLog\CL2\DATA_2024\07\_NRRL 3483_Aspergillus oryzae__1_30_CL2_769_7#24#2024_A_14B_17.OKA","7/24/2024 10:32:48 PM","14-B","PM01","","NRRL 3483","Aspergillus oryzae","",21.0000,"42.8835","97.4973","33.1979","30.7864","20.3320","22.0774","27.0099","20.1212","19.2544","26.2203","38.6121","41.5694","18.8116","29.8221","20.7350","20.0297","23.9310","11.7014","13.5561","103.3448","13.2532","23.9844","22.2826","34.7725","28.1914","17.3433","17.6969","105.3871","11.0000","19.0314","13.9569","15.3924","26.5640","18.2595","19.0523","26.5165","22.1266","11.0000","12.4516","12.3545","14.8775","11.0000","14.6501","11.0000","14.1335","11.0000","22.8785","33.9659","25.6088","11.0000","11.0000","20.8582","19.6748","11.0000","11.0000","11.0000","13.3414","16.1090","13.4004","28.1522","21.0566","11.0000","13.8298","11.0000","11.0000","11.0000","11.0000","13.0159","12.2173","13.0150","18.5429","28.3597","26.6064","14.2992","11.0000","13.3056","11.0000","11.0000","11.0000","11.7610","11.0000","19.1694","15.0028","23.4633","27.7670","16.8820","13.9401","13.6909","18.5272","124.6298","16.0162","24.0988","16.9304","17.6551","27.7605","31.0000"
"C:\Users\cfg364\Sommerlab Dropbox\Casper van der Luijt\Casper\Data\BioLog\OmniLog\CL2\DATA_2024\07\_NRRL 3483_Aspergillus oryzae__1_30_CL2_769_7#24#2024_A_14B_17.OKA","7/24/2024 10:32:48 PM","14-B","PM01","","NRRL 3483","Aspergillus oryzae","",21.2500,"42.8301","103.5455","29.5150","29.0152","24.1099","27.7450","28.5677","20.7298","16.1161","29.6415","42.9501","40.4021","19.6136","27.7737","19.1233","23.3013","23.6306","13.0603","11.9398","103.9950","11.0000","22.6578","20.7906","29.5569","26.6913","11.0000","17.7927","105.0958","11.0000","23.3038","13.7774","17.8368","26.6837","19.4200","19.1114","25.4849","23.9038","11.0000","13.4765","11.0000","13.8483","11.0000","15.7007","11.0000","13.6748","11.1958","25.6103","29.7660","28.0879","13.3431","11.0000","19.3315","19.3596","11.0000","11.0000","11.0000","11.8867","13.0978","11.0000","24.9834","18.4545","11.0000","11.8641","11.0000","11.0000","11.0000","11.0000","11.0000","11.7009","14.7944","16.6163","28.2703","22.9887","11.0000","15.0331","13.5192","11.0000","11.0000","11.0000","11.0000","11.0000","19.5961","13.2536","24.9090","26.5134","15.9408","11.7797","13.4008","16.5841","126.2749","13.7058","22.7235","16.0964","14.1238","28.0748","28.6102"
"C:\Users\cfg364\Sommerlab Dropbox\Casper van der Luijt\Casper\Data\BioLog\OmniLog\CL2\DATA_2024\07\_NRRL 3483_Aspergillus oryzae__1_30_CL2_769_7#24#2024_A_14B_17.OKA","7/24/2024 10:32:48 PM","14-B","PM01","","NRRL 3483","Aspergillus oryzae","",21.5000,"40.7403","102.8761","32.8174","29.7917","20.2163","20.4546","25.8681","19.3294","19.6043","31.4209","43.5947","39.4412","22.6064","29.1663","18.5771","20.1017","22.3137","11.5739","14.6867","107.6513","14.2440","19.8604","25.1886","28.8527","28.0545","13.6040","18.6906","108.0838","12.3186","22.8056","16.0686","16.4969","22.2366","18.5830","14.3561","24.6873","20.5509","12.8886","19.1314","14.8121","11.7980","11.0000","16.4255","11.0000","11.0000","11.1302","24.4473","31.2022","26.2704","11.0000","11.0000","21.6258","21.9320","11.0000","11.0000","11.0000","11.0000","16.3076","14.6722","23.9327","20.2566","11.0000","19.1578","11.0000","11.0000","11.0000","11.0000","12.6136","12.1785","12.1561","20.4423","26.5591","25.3406","13.6336","13.7938","11.4638","11.0000","11.0000","11.0000","11.0000","11.0000","19.0593","13.9563","22.6933","28.9378","16.8419","13.5236","11.0000","16.8543","130.6721","11.0000","21.7350","21.2905","14.1678","29.5458","29.9951"
"C:\Users\cfg364\Sommerlab Dropbox\Casper van der Luijt\Casper\Data\BioLog\OmniLog\CL2\DATA_2024\07\_NRRL 3483_Aspergillus oryzae__1_30_CL2_769_7#24#2024_A_14B_17.OKA","7/24/2024 10:32:48 PM","14-B","PM01","","NRRL 3483","Aspergillus oryzae","",21.7500,"44.0221","105.4697","35.3631","27.6456","17.7587","22.7416","25.9988","22.0777","21.0676","26.2648","47.1285","40.5002","23.6432","28.0500","19.8040","20.1580","23.0224","13.0513","11.6457","104.8467","11.7158","23.6699","24.0658","30.0165","29.5789","17.7672","19.9992","108.8244","12.6279","21.7531","17.6695","18.2012","29.1561","18.5361","16.7519","25.1326","17.7415","11.0000","16.4698","11.6751","18.1060","11.0000","14.5928","11.0000","11.9988","11.0000","26.4339","25.4358","27.3156","11.0000","11.9639","24.9555","20.3435","11.0000","11.0000","11.0000","11.0000","17.3706","11.0000","26.1638","17.2096","11.0000","13.7117","11.0000","11.0000","15.5253","11.0000","11.1582","12.5029","15.8259","15.4075","25.4854","26.4789","11.0000","11.4048","11.0000","11.0000","11.0000","11.6966","11.0000","15.0301","17.3553","17.0486","22.0026","27.9718","16.2202","15.7883","13.7577","18.6700","129.0103","11.0000","20.3386","17.7414","18.0463","27.6355","31.9594"
"C:\Users\cfg364\Sommerlab Dropbox\Casper van der Luijt\Casper\Data\BioLog\OmniLog\CL2\DATA_2024\07\_NRRL 3483_Aspergillus oryzae__1_30_CL2_769_7#24#2024_A_14B_17.OKA","7/24/2024 10:32:48 PM","14-B","PM01","","NRRL 3483","Aspergillus oryzae","",22.0000,"44.3407","105.4300","35.6646","29.8770","24.5985","25.7009","23.0463","23.9695","21.1365","31.5269","41.1854","43.8135","22.2680","28.6727","21.5676","21.6202","26.1641","15.8927","15.2594","107.7347","14.0264","23.2888","22.9621","30.5730","26.4068","19.1731","17.1029","110.0298","13.3771","20.7367","14.1010","17.9023","33.8186","26.1247","16.6210","25.8943","20.7719","11.0000","16.4981","11.6098","15.2772","11.0000","16.5460","11.0000","11.0000","14.7967","24.7255","32.0970","25.0899","11.0000","11.0000","21.6795","21.3073","11.0000","11.0000","11.0000","11.4154","15.3639","11.4574","28.9493","21.7813","11.0000","20.4055","11.0000","11.0000","13.4563","11.0000","14.3174","16.7068","13.8028","19.6303","23.0333","25.0862","12.4584","11.0000","11.0000","11.0000","11.0000","11.3169","11.4759","11.0000","19.8855","13.2560","22.1348","25.2296","15.8209","11.0000","12.2091","18.2039","129.3606","11.3791","22.3681","16.7502","19.5745","27.3973","31.3340"
"C:\Users\cfg364\Sommerlab Dropbox\Casper van der Luijt\Casper\Data\BioLog\OmniLog\CL2\DATA_2024\07\_NRRL 3483_Aspergillus oryzae__1_30_CL2_769_7#24#2024_A_14B_17.OKA","7/24/2024 10:32:48 PM","14-B","PM01","","NRRL 3483","Aspergillus oryzae","",22.2500,"43.8760","107.5439","38.0862","28.5176","26.5772","23.1484","26.7614","23.8456","20.8087","29.7843","48.4688","43.2119","23.8873","33.4613","23.8329","23.0056","20.5513","14.3819","15.6185","109.2368","14.6185","25.2085","23.9345","29.8933","30.8376","19.9061","19.9984","113.3980","15.2525","26.6111","19.3676","15.6802","28.7392","23.3357","18.4994","30.7172","23.3046","14.0580","15.3416","11.0966","17.7012","11.0000","16.7209","11.2858","14.7814","14.9632","30.2798","29.0202","28.2508","11.4821","15.6023","22.9194","23.5796","11.0000","11.0000","11.0000","11.0000","17.7788","12.1691","23.4841","20.5360","11.0000","16.6322","11.0000","11.0000","14.8473","11.0000","14.8933","13.3567","19.4790","20.3092","27.1669","25.7911","11.0000","12.2448","11.4033","11.0000","11.0000","11.0000","12.1693","11.0000","16.6298","17.1487","24.5064","27.9802","17.1466","14.0811","15.2324","14.7093","133.1298","12.4173","22.5938","16.5650","15.9377","27.2299","27.8878"
"C:\Users\cfg364\Sommerlab Dropbox\Casper van der Luijt\Casper\Data\BioLog\OmniLog\CL2\DATA_2024\07\_NRRL 3483_Aspergillus oryzae__1_30_CL2_769_7#24#2024_A_14B_17.OKA","7/24/2024 10:32:48 PM","14-B","PM01","","NRRL 3483","Aspergillus oryzae","",22.5000,"43.9683","112.5165","34.9262","26.4741","23.4376","24.5538","29.7586","22.3505","17.6563","28.1073","50.8500","43.2523","22.2121","32.6502","24.6121","21.7842","25.5222","14.2795","14.6107","109.4752","16.7393","25.4845","23.1124","33.7549","31.8004","15.7295","17.5826","116.3700","11.0000","26.7770","15.8335","13.4353","33.1444","24.1430","21.1367","28.0619","21.2410","14.5218","14.3415","15.1711","17.4442","11.0000","14.7325","11.0000","12.6764","13.0156","25.5456","27.5080","27.3930","11.0000","14.0495","21.7973","23.7631","11.0000","11.0000","13.2993","11.0000","21.1392","18.4590","28.5189","21.9439","11.0957","17.2080","11.0000","11.0000","12.2287","11.0000","15.2528","14.8391","12.0580","20.8507","27.4037","24.9339","11.0000","11.0000","12.1135","11.0000","11.0000","11.0000","11.6658","11.0000","18.1261","14.4615","22.4084","26.4887","16.5863","13.0293","11.0622","18.5950","133.6920","13.7493","23.0277","20.0419","15.9543","26.9494","33.4646"
"C:\Users\cfg364\Sommerlab Dropbox\Casper van der Luijt\Casper\Data\BioLog\OmniLog\CL2\DATA_2024\07\_NRRL 3483_Aspergillus oryzae__1_30_CL2_769_7#24#2024_A_14B_17.OKA","7/24/2024 10:32:48 PM","14-B","PM01","","NRRL 3483","Aspergillus oryzae","",22.7500,"47.1379","114.0509","35.9923","37.0557","25.5600","28.5844","31.5672","26.6581","19.4347","34.2776","51.6191","45.5263","28.8990","30.5920","27.4851","21.5223","26.6865","18.0465","17.5972","112.3165","16.4219","28.4307","25.5824","33.1572","30.1952","17.4651","18.2955","120.9238","14.9343","22.0497","20.7462","16.0336","38.4483","26.5614","21.7953","31.5938","25.6694","12.8937","20.2937","15.3761","16.9801","11.0000","18.2367","11.4142","11.3882","15.9169","35.8578","35.2177","30.4965","14.9079","12.4036","27.6070","23.9460","11.0000","12.2684","11.5393","11.1278","16.3565","14.4447","31.2336","27.2562","11.2240","16.4869","11.0000","11.0000","16.0127","11.0000","16.4144","17.4273","15.8175","23.1217","29.1265","30.3723","14.9198","14.4737","15.4799","11.0000","11.0000","11.6636","14.0607","15.8136","24.3821","18.1116","27.4705","32.8693","18.1722","12.7488","17.7219","22.2629","139.1982","13.8466","27.7467","21.6145","16.6070","31.5507","35.0350"
"C:\Users\cfg364\Sommerlab Dropbox\Casper van der Luijt\Casper\Data\BioLog\OmniLog\CL2\DATA_2024\07\_NRRL 3483_Aspergillus oryzae__1_30_CL2_769_7#24#2024_A_14B_17.OKA","7/24/2024 10:32:48 PM","14-B","PM01","","NRRL 3483","Aspergillus oryzae","",23.0000,"43.9254","116.5911","41.6798","33.0681","27.3667","28.7727","31.7755","27.2199","17.7035","34.3146","55.5860","50.6832","26.1271","33.9596","28.7056","26.7810","25.4020","17.3309","14.0362","113.8100","17.6025","24.9772","27.6221","30.8815","28.2091","18.2206","24.8262","122.5266","12.1901","26.8135","20.8016","12.9393","34.8444","27.6793","24.7211","35.9379","28.6056","15.2791","19.3778","15.9550","20.0011","13.6994","18.6985","12.8268","14.2089","14.9986","34.0049","36.8525","33.1665","16.1861","15.4694","25.8091","24.9187","11.1572","11.0000","11.0000","11.0000","25.8369","14.9717","34.5708","25.0669","14.6120","17.8439","11.0000","11.4467","12.5488","11.0000","15.1676","14.7895","16.7605","21.7026","30.8994","26.3895","13.0510","16.2822","17.0719","11.0000","11.0000","12.0495","13.8207","14.2966","25.8234","17.7060","25.0374","29.7341","18.3599","13.0013","18.4345","20.5946","142.0226","11.9860","26.8017","25.5119","22.5473","28.3106","33.9177"
"C:\Users\cfg364\Sommerlab Dropbox\Casper van der Luijt\Casper\Data\BioLog\OmniLog\CL2\DATA_2024\07\_NRRL 3483_Aspergillus oryzae__1_30_CL2_769_7#24#2024_A_14B_17.OKA","7/24/2024 10:32:48 PM","14-B","PM01","","NRRL 3483","Aspergillus oryzae","",23.2500,"44.8938","114.4109","39.0148","34.2976","26.9261","26.7443","32.8844","29.5417","16.5639","36.3159","54.9196","51.1740","23.3397","30.5338","28.5118","26.0462","26.2178","20.1305","15.7338","114.1021","18.6433","23.7546","31.4074","36.3489","32.6388","17.0063","21.7153","126.1035","14.5704","26.8769","23.5702","15.9452","36.3827","29.5791","22.5090","31.5837","27.6258","11.7513","21.5195","17.5959","17.6710","15.2374","18.2866","11.0000","14.0144","11.8194","35.0863","37.6359","31.1873","15.4177","15.7488","29.5822","25.3676","11.0000","11.0000","11.0000","13.2085","25.1537","16.3390","32.8377","23.4320","15.9865","18.3680","15.4858","11.0000","16.2153","11.6011","16.8094","16.6684","23.0331","25.7767","29.5205","29.5714","11.0000","20.0108","12.5103","11.0000","11.0000","13.7670","12.6797","12.3442","24.7395","20.7716","24.6935","32.8462","18.9309","13.7206","18.8355","23.0172","137.4377","13.0356","25.8517","29.4755","23.3193","30.4744","34.5991"
"C:\Users\cfg364\Sommerlab Dropbox\Casper van der Luijt\Casper\Data\BioLog\OmniLog\CL2\DATA_2024\07\_NRRL 3483_Aspergillus oryzae__1_30_CL2_769_7#24#2024_A_14B_17.OKA","7/24/2024 10:32:48 PM","14-B","PM01","","NRRL 3483","Aspergillus oryzae","",23.5000,"42.1500","117.1285","39.3181","26.0549","24.8356","20.9556","26.5328","27.2501","25.2905","35.5942","55.6547","51.2369","27.4613","34.2337","29.9075","25.0604","28.7422","19.6119","17.8783","115.0458","16.1662","28.9767","23.0955","41.1968","25.4382","17.9672","20.5211","123.9832","14.4576","30.2895","21.8370","14.8101","35.9304","29.5231","23.7629","32.7211","24.1926","15.2021","18.5470","13.1261","21.3342","13.3142","17.4640","11.9605","15.0195","13.0954","36.4909","34.5363","30.7717","13.4418","18.2170","27.5320","24.8001","11.0000","11.0000","12.4859","16.8718","17.8463","17.6017","29.7500","27.9275","11.0000","18.5502","11.6252","12.4352","13.3757","11.0000","16.5273","14.5925","17.8389","24.4071","29.2620","27.2097","14.7625","16.7315","15.2964","11.0641","12.8485","11.0000","13.0349","15.4184","22.4320","17.7905","23.8609","29.5281","20.9229","16.8365","16.9981","21.6697","144.1850","14.7039","26.1288","17.2714","22.1554","26.8654","30.2857"
"C:\Users\cfg364\Sommerlab Dropbox\Casper van der Luijt\Casper\Data\BioLog\OmniLog\CL2\DATA_2024\07\_NRRL 3483_Aspergillus oryzae__1_30_CL2_769_7#24#2024_A_14B_17.OKA","7/24/2024 10:32:48 PM","14-B","PM01","","NRRL 3483","Aspergillus oryzae","",23.7500,"44.2065","120.9351","37.1248","35.7221","24.3348","27.8687","30.6340","27.5684","23.0308","36.1097","57.7684","47.8602","26.1630","34.0344","30.1729","22.5877","28.7604","18.4942","19.5387","116.9321","17.1311","33.7907","29.0445","37.9033","28.6013","24.1899","19.1428","128.9825","13.2927","31.6434","24.0710","20.0820","39.7903","29.6412","23.3114","32.3896","25.4904","12.7691","21.7267","21.4464","18.8891","12.4409","18.5751","11.0000","20.0597","15.0221","36.4495","33.8025","29.5075","11.7409","12.6927","25.2796","28.3359","11.0000","11.0000","12.7080","17.4591","24.5019","16.6852","33.2819","22.7567","13.9425","21.7439","13.2924","11.0000","17.7120","11.0000","16.5277","13.6714","20.3645","24.2389","34.4289","27.3426","14.5594","11.0000","15.5489","11.6718","11.0000","12.6181","17.6101","17.7567","21.8086","17.2415","28.1368","32.6243","22.4412","16.4643","17.9418","20.1422","143.0696","11.4126","28.7793","23.3575","23.2788","29.3077","32.7061"
"C:\Users\cfg364\Sommerlab Dropbox\Casper van der Luijt\Casper\Data\BioLog\OmniLog\CL2\DATA_2024\07\_NRRL 3483_Aspergillus oryzae__1_30_CL2_769_7#24#2024_A_14B_17.OKA","7/24/2024 10:32:48 PM","14-B","PM01","","NRRL 3483","Aspergillus oryzae","",24.0000,"43.8125","125.6303","42.1079","32.0465","27.8998","25.5238","26.1762","24.6485","19.9259","41.6072","58.6558","46.7090","27.9411","35.9942","24.9583","26.7845","27.9749","14.3298","24.9092","118.6389","17.2816","25.4409","24.6500","36.5212","30.8043","17.6764","19.7911","128.9057","14.5453","27.7964","20.1724","16.1077","38.6728","31.1007","21.2433","29.8468","30.9377","14.4887","21.2543","15.0968","22.7588","15.4114","16.1074","11.8293","13.7200","14.1677","36.1896","41.2616","32.3236","13.3243","16.1924","28.3148","26.4545","12.6931","11.6051","11.0000","12.8275","21.8509","16.2313","29.1692","17.7672","11.0000","19.4895","11.0000","11.0000","14.9663","11.0000","16.2947","15.6871","17.8000","27.7407","31.6697","26.7453","11.6091","14.9068","13.5520","11.0000","12.1458","11.0000","19.1985","16.5908","22.4363","13.1616","26.7972","30.2873","22.8091","13.0975","16.4579","23.1828","146.7176","15.7461","27.1899","21.3879","18.2287","32.0471","32.1319"
"C:\Users\cfg364\Sommerlab Dropbox\Casper van der Luijt\Casper\Data\BioLog\OmniLog\CL2\DATA_2024\07\_NRRL 3483_Aspergillus oryzae__1_30_CL2_769_7#24#2024_A_14B_17.OKA","7/24/2024 10:32:48 PM","14-B","PM01","","NRRL 3483","Aspergillus oryzae","",24.2500,"42.9842","126.4553","37.7763","34.7388","25.5016","24.0899","28.3456","27.1312","24.2202","33.4229","60.2003","50.7801","28.7291","38.1661","32.1272","28.6566","26.9753","16.8601","18.6463","120.6155","17.4731","28.0211","32.3138","39.3995","30.1061","20.0045","21.3697","132.0518","16.7344","31.6704","25.1272","19.8017","38.5740","30.3138","26.5445","34.0354","29.0502","13.3595","24.0658","18.6334","19.4503","13.6680","19.9661","11.0000","15.9719","14.5477","39.6906","33.6504","30.3544","13.6717","13.0009","30.8469","31.5984","13.3774","11.0000","11.5411","11.0321","23.5019","16.3044","31.3889","24.6877","11.2261","22.2078","14.4169","11.0000","15.0115","11.0000","14.5504","17.7139","19.1712","24.0586","29.3964","31.0279","15.7607","15.8609","16.5816","12.6061","11.6999","16.3471","16.0565","18.4841","20.6109","18.4117","25.2820","35.2989","17.8528","15.4819","18.0327","24.5284","147.3640","14.7580","23.0882","29.1787","24.8000","31.1133","33.5925"
"C:\Users\cfg364\Sommerlab Dropbox\Casper van der Luijt\Casper\Data\BioLog\OmniLog\CL2\DATA_2024\07\_NRRL 3483_Aspergillus oryzae__1_30_CL2_769_7#24#2024_A_14B_17.OKA","7/24/2024 10:32:48 PM","14-B","PM01","","NRRL 3483","Aspergillus oryzae","",24.5000,"45.6678","125.3857","41.0663","33.9517","26.8373","23.4743","32.4212","28.4949","24.9822","37.0988","56.5596","51.3385","31.8705","36.7536","30.9643","29.5156","28.7850","14.6185","19.6787","121.6561","20.2192","27.4614","35.5224","38.6382","30.3918","23.3528","21.6839","135.0749","16.2330","32.7699","23.0449","16.8678","40.1184","36.3454","25.6773","32.2863","28.3244","13.8183","21.1063","20.1408","23.6913","14.1702","19.3620","12.5331","16.2947","11.2299","42.0434","34.9325","31.4262","13.0279","14.4703","29.2792","29.4686","14.5662","11.0000","11.0000","11.2567","24.5819","16.5647","32.9085","22.7323","11.0000","19.6142","13.3608","11.0000","18.3913","11.0000","15.2795","18.2839","19.6839","25.0259","32.1276","28.2581","18.5218","16.6968","15.3172","11.0964","12.3680","15.8753","17.4787","18.2611","19.0680","20.5935","27.9326","35.3605","18.7771","15.2939","17.1962","26.7831","148.1384","13.4001","23.0244","29.8804","24.4783","35.0918","33.3750"
"C:\Users\cfg364\Sommerlab Dropbox\Casper van der Luijt\Casper\Data\BioLog\OmniLog\CL2\DATA_2024\07\_NRRL 3483_Aspergillus oryzae__1_30_CL2_769_7#24#2024_A_14B_17.OKA","7/24/2024 10:32:48 PM","14-B","PM01","","NRRL 3483","Aspergillus oryzae","",24.7500,"48.6692","130.1075","45.0234","36.7566","30.4562","25.1353","27.6487","30.7196","24.2274","39.2518","61.6792","50.6325","28.8826","33.6190","32.6440","26.2116","28.7526","17.8368","19.2524","120.8639","20.2172","27.9280","30.0504","37.7071","33.9610","20.4343","18.0164","132.0087","18.2995","31.6009","26.2637","20.6526","42.1564","34.5041","19.4760","33.9489","28.0637","11.0000","21.8982","20.8353","22.8383","12.5403","17.3609","14.1241","18.3304","15.2989","39.1956","37.8735","31.6150","18.1854","19.1068","30.3668","25.4952","13.4228","12.9686","11.7642","17.9121","25.5534","17.6295","27.5849","23.8469","11.0000","20.7298","14.7707","12.6323","15.8858","11.5365","16.0142","15.4603","18.6230","27.2332","33.6608","30.3071","16.7493","17.9958","16.6691","11.0000","11.0000","15.2566","15.7472","15.9538","22.2863","21.6979","26.0925","29.0653","21.7655","16.5053","20.2183","23.0349","151.9094","17.0746","28.2939","22.9210","25.3287","33.9764","34.7232"
"C:\Users\cfg364\Sommerlab Dropbox\Casper van der Luijt\Casper\Data\BioLog\OmniLog\CL2\DATA_2024\07\_NRRL 3483_Aspergillus oryzae__1_30_CL2_769_7#24#2024_A_14B_17.OKA","7/24/2024 10:32:48 PM","14-B","PM01","","NRRL 3483","Aspergillus oryzae","",25.0000,"48.5182","134.3017","44.3659","27.8920","30.3526","24.6605","28.0393","28.4676","23.8707","36.6491","58.1926","46.4661","29.8979","39.8364","33.3871","28.6154","29.3752","16.2418","18.6565","119.8673","16.6278","27.2739","26.4805","39.5418","30.9009","19.4738","19.1367","134.6902","17.2458","36.3429","26.2413","20.7058","45.8881","34.0008","26.1214","34.4553","24.9616","12.2784","20.1166","18.9655","22.7241","13.8352","18.2110","15.6661","20.3541","17.0038","43.5323","37.1654","30.1732","17.9150","15.4362","33.0592","30.6543","12.1050","12.6511","11.6054","17.5532","27.4053","17.8359","34.5971","25.2615","14.1962","21.9584","14.1163","11.0000","16.4731","11.0000","14.1140","18.6410","17.8786","25.8459","31.5589","32.2485","15.5087","16.5235","16.1362","15.3580","13.5872","14.6138","16.1483","17.6057","23.1841","19.3559","30.0867","34.0414","18.1122","16.6028","18.8400","27.9861","152.8927","15.5216","28.5281","27.6171","23.5885","31.6813","33.1192"
"C:\Users\cfg364\Sommerlab Dropbox\Casper van der Luijt\Casper\Data\BioLog\OmniLog\CL2\DATA_2024\07\_NRRL 3483_Aspergillus oryzae__1_30_CL2_769_7#24#2024_A_14B_17.OKA","7/24/2024 10:32:48 PM","14-B","PM01","","NRRL 3483","Aspergillus oryzae","",25.2500,"50.9905","131.2982","43.8776","30.3369","30.0369","24.5956","27.6461","31.9347","23.2736","37.3180","61.2631","47.6197","29.9290","41.5751","32.0968","28.7110","32.5573","18.4285","18.0401","123.3245","18.2966","30.6671","28.9666","40.2332","30.8372","22.9746","17.4967","138.1975","17.3086","32.2247","27.4875","17.8776","44.7027","33.2599","22.6294","33.1358","22.6984","11.4261","22.5857","18.7086","22.5330","11.0000","15.4351","13.9083","18.9026","19.5489","41.3548","39.3595","29.5289","15.7601","17.5293","30.4824","29.8860","11.0000","11.0000","11.0000","18.2885","29.6320","17.0872","32.7649","23.3744","16.2737","22.4831","12.4023","11.0000","13.8473","11.5359","14.6542","15.9667","20.3741","27.3337","32.4720","30.3611","11.0000","17.5221","11.5603","15.8386","15.0564","14.2968","17.8222","17.1590","23.0558","21.1488","28.8997","33.9797","18.3364","17.8861","16.0820","29.6340","154.6361","16.2489","29.4123","28.9298","22.6500","34.2546","29.8792"
"C:\Users\cfg364\Sommerlab Dropbox\Casper van der Luijt\Casper\Data\BioLog\OmniLog\CL2\DATA_2024\07\_NRRL 3483_Aspergillus oryzae__1_30_CL2_769_7#24#2024_A_14B_17.OKA","7/24/2024 10:32:48 PM","14-B","PM01","","NRRL 3483","Aspergillus oryzae","",25.5000,"47.0966","136.7238","42.6732","28.6541","28.2058","24.1413","27.1218","32.2318","25.9938","36.8832","64.0332","53.4209","29.8668","42.3624","33.1936","26.6405","27.7841","17.3351","18.9160","119.5086","17.7730","26.5162","30.0605","40.9903","30.2312","17.8707","18.2221","141.5440","19.8509","34.1887","25.0910","16.9135","44.0940","34.4518","27.2747","35.4780","22.3159","14.7370","17.9008","18.9977","24.4445","11.5670","17.2538","14.3877","19.5800","16.5144","44.1498","36.9362","30.5413","12.4152","15.0925","28.9113","30.3342","11.0000","14.0164","11.9241","15.2516","30.7781","16.1107","35.1025","25.1997","13.4611","21.1558","12.0284","11.2565","17.7069","13.4904","12.3981","16.5079","22.0377","27.5925","33.4480","30.4220","13.1744","18.2087","16.9456","16.8000","12.4693","11.7608","15.3902","18.6588","21.6130","23.7100","27.8376","31.9411","19.3936","17.6670","20.6373","25.3558","154.3455","15.3951","27.5490","30.2745","28.3780","35.4300","30.9384"
"C:\Users\cfg364\Sommerlab Dropbox\Casper van der Luijt\Casper\Data\BioLog\OmniLog\CL2\DATA_2024\07\_NRRL 3483_Aspergillus oryzae__1_30_CL2_769_7#24#2024_A_14B_17.OKA","7/24/2024 10:32:48 PM","14-B","PM01","","NRRL 3483","Aspergillus oryzae","",25.7500,"47.4428","132.5305","46.9419","39.1577","30.5794","28.0308","33.5034","29.6444","25.8021","33.7982","62.3851","49.0301","26.2678","36.8086","31.2550","30.1993","27.0047","22.5474","23.0152","125.8298","19.5013","32.5746","31.1723","42.3465","31.5768","21.5853","17.7320","138.2447","18.3793","35.2568","29.6641","21.3120","50.0967","40.9486","25.5849","39.1236","28.2400","18.5619","25.3876","20.2928","23.7968","19.1264","21.5861","15.0841","20.5614","18.3069","46.7854","38.5369","32.7831","17.0508","20.5237","28.3882","32.2740","12.0620","15.5041","16.5684","18.5796","31.6871","18.8171","34.8835","24.7087","11.0000","22.1518","16.3032","14.6589","20.2535","11.0000","21.8306","17.2706","20.0889","27.5159","30.8084","29.5955","14.3138","19.5573","18.4431","16.3993","15.7127","13.1244","17.8248","20.7676","26.0499","19.5405","26.8193","35.8267","23.3431","17.2944","24.0294","29.3906","155.9454","16.7267","28.9101","25.0029","26.0785","32.1501","33.7878"
"C:\Users\cfg364\Sommerlab Dropbox\Casper van der Luijt\Casper\Data\BioLog\OmniLog\CL2\DATA_2024\07\_NRRL 3483_Aspergillus oryzae__1_30_CL2_769_7#24#2024_A_14B_17.OKA","7/24/2024 10:32:48 PM","14-B","PM01","","NRRL 3483","Aspergillus oryzae","",26.0000,"46.5232","138.6583","45.5105","32.4742","30.9713","25.9787","29.2880","35.1927","27.5498","39.3222","63.5725","52.1386","26.4249","43.6545","39.4381","26.7348","28.6667","21.7438","19.4915","129.3093","19.4948","25.8493","36.4366","41.1487","31.3410","22.3233","19.6574","140.5664","19.4530","37.9501","29.5173","22.9492","45.2659","37.6896","26.9367","40.2641","26.1410","20.5835","24.7634","17.6582","29.8581","15.0950","17.9212","14.0762","21.0290","13.6102","48.9985","39.9967","33.7448","15.7105","18.1041","28.4017","32.4132","11.7848","12.1767","14.0173","15.3501","33.2020","19.1461","30.7171","28.0876","14.3636","22.5116","13.6741","14.5475","21.9288","11.8219","15.5488","19.0027","20.5013","31.9789","35.4213","32.8836","13.8068","20.2466","16.7600","12.7949","19.3702","16.0633","16.7646","16.4220","22.7833","20.4900","29.8729","33.5869","18.5421","19.4913","21.7893","28.7664","160.1741","13.4202","30.0261","30.9483","31.0250","31.4992","34.1976"
"C:\Users\cfg364\Sommerlab Dropbox\Casper van der Luijt\Casper\Data\BioLog\OmniLog\CL2\DATA_2024\07\_NRRL 3483_Aspergillus oryzae__1_30_CL2_769_7#24#2024_A_14B_17.OKA","7/24/2024 10:32:48 PM","14-B","PM01","","NRRL 3483","Aspergillus oryzae","",26.2500,"44.6803","140.4040","44.1173","35.9944","26.2409","30.9349","30.5038","35.8383","31.9038","42.4579","68.9229","52.3364","28.9657","45.4398","41.0919","23.4337","28.3118","25.2134","23.9520","128.2158","20.1195","31.6215","30.0417","38.7044","31.5635","24.1179","20.4242","145.2071","22.2271","36.6877","32.5117","23.9050","48.9173","39.7667","26.7754","39.3004","28.4627","17.1111","23.5260","20.9398","32.0201","14.4249","23.2523","18.6477","24.7086","23.1290","50.2745","37.1923","35.1038","18.1175","17.8518","32.4542","33.4357","14.0344","13.0939","13.0791","18.1871","35.3871","19.3965","38.8244","30.4797","17.2172","23.3054","14.3230","13.0110","16.6004","13.0843","17.3094","18.5688","20.5660","30.7135","39.8390","34.5874","17.0395","15.6963","15.3017","16.2037","16.4724","16.8737","14.1655","20.2861","24.9596","22.7486","29.8427","33.0863","24.1653","20.9967","21.0223","23.3870","160.3024","18.7313","31.4500","28.1457","25.6831","29.8174","35.2148"
"C:\Users\cfg364\Sommerlab Dropbox\Casper van der Luijt\Casper\Data\BioLog\OmniLog\CL2\DATA_2024\07\_NRRL 3483_Aspergillus oryzae__1_30_CL2_769_7#24#2024_A_14B_17.OKA","7/24/2024 10:32:48 PM","14-B","PM01","","NRRL 3483","Aspergillus oryzae","",26.5000,"48.8787","139.7575","47.6598","35.1130","26.0187","30.8706","30.3405","33.5863","30.4531","38.8062","69.2878","51.2156","29.2152","43.9209","39.2031","23.8846","27.0909","21.8672","23.3721","130.0246","20.5754","28.8393","30.0417","40.3653","29.7434","20.8384","18.0053","146.0455","20.8473","38.7098","34.4267","21.5033","51.9276","39.3483","26.8399","39.3004","28.2409","17.0131","22.7687","19.2993","25.9329","15.3047","21.0678","16.5533","20.5154","19.5616","50.2092","38.7388","36.7188","17.0275","16.4192","31.9202","33.3398","15.4421","13.5381","15.2542","19.7204","35.4197","17.0858","38.8875","31.7661","15.1767","22.2851","14.4783","13.4579","15.5879","12.1685","19.6754","20.4452","17.2387","30.1659","38.9338","31.2919","16.0489","20.1127","18.4583","16.7176","15.7724","13.3495","16.6979","18.6324","21.5658","20.7318","31.6742","34.9346","23.4039","19.1904","21.3326","23.5151","161.8295","13.8085","29.0831","27.9845","27.8499","31.6960","31.9861"
"C:\Users\cfg364\Sommerlab Dropbox\Casper van der Luijt\Casper\Data\BioLog\OmniLog\CL2\DATA_2024\07\_NRRL 3483_Aspergillus oryzae__1_30_CL2_769_7#24#2024_A_14B_17.OKA","7/24/2024 10:32:48 PM","14-B","PM01","","NRRL 3483","Aspergillus oryzae","",26.7500,"44.5223","140.8873","45.6260","32.1441","30.4302","26.9335","28.6103","35.7644","26.4123","40.7061","71.3027","51.4715","33.9662","44.5691","36.6388","27.5854","30.5445","28.6636","21.5342","129.6236","25.2882","28.2159","33.6302","45.6111","34.5109","20.7908","17.4692","147.4735","20.1152","37.9856","32.0902","23.3095","51.6307","38.2502","28.6093","38.7002","26.9760","19.0275","21.0964","22.2205","30.2434","16.9193","20.3333","13.3954","24.4167","15.7657","48.0208","37.7434","36.1562","17.1697","20.0492","29.5910","33.9280","13.5447","15.7215","17.7672","17.3133","36.0655","19.6416","33.9618","25.2294","16.6833","26.4003","16.5724","15.2158","20.1022","11.0000","18.7175","18.8457","19.0739","32.5584","32.6380","32.8379","12.4406","18.6843","18.3724","14.5368","14.5217","16.7386","20.5152","14.9983","24.0818","23.5094","33.2436","37.6008","24.5949","23.4036","25.0743","27.8433","165.2258","23.3129","29.3844","33.6129","28.5567","33.1331","32.4252"
"C:\Users\cfg364\Sommerlab Dropbox\Casper van der Luijt\Casper\Data\BioLog\OmniLog\CL2\DATA_2024\07\_NRRL 3483_Aspergillus oryzae__1_30_CL2_769_7#24#2024_A_14B_17.OKA","7/24/2024 10:32:48 PM","14-B","PM01","","NRRL 3483","Aspergillus oryzae","",27.0000,"46.0855","147.4205","46.0361","36.6674","27.5695","31.4293","28.3164","37.1554","22.4513","42.8048","71.5817","50.5411","28.6901","47.5574","36.5939","28.7283","30.6178","22.5227","21.4265","129.5677","22.4900","29.6254","36.0619","37.8362","33.3418","20.4670","22.0014","149.1014","22.0646","38.0506","34.2444","22.0784","49.4547","37.3186","27.7391","40.8992","22.8587","18.2244","22.4234","22.7244","29.3031","16.7420","21.5855","15.5520","22.7304","14.6601","52.6450","40.6131","37.5091","18.0030","21.1709","34.5379","33.5828","14.4777","12.5576","15.3588","18.7800","40.7356","20.8739","37.3204","26.2350","13.3768","25.0595","16.8980","13.8177","19.2357","13.7739","23.1929","16.7799","22.8872","32.6784","34.6742","32.6762","13.8116","21.6335","17.4950","20.3459","14.0435","17.7501","17.4173","25.0825","24.9486","21.3870","31.7948","35.4112","26.0134","22.7701","23.2246","29.0251","165.7335","20.5159","30.0052","28.9927","31.5157","34.8853","33.5426"
"C:\Users\cfg364\Sommerlab Dropbox\Casper van der Luijt\Casper\Data\BioLog\OmniLog\CL2\DATA_2024\07\_NRRL 3483_Aspergillus oryzae__1_30_CL2_769_7#24#2024_A_14B_17.OKA","7/24/2024 10:32:48 PM","14-B","PM01","","NRRL 3483","Aspergillus oryzae","",27.2500,"47.2653","145.5060","47.0147","38.0463","32.0512","31.2687","30.9203","36.4940","27.3256","41.7680","74.6638","50.1430","32.4094","49.1039","38.9732","27.8658","30.7115","25.3635","24.7190","130.7686","22.1971","29.1983","31.4574","38.8977","32.6456","23.3497","22.8815","149.0689","18.2406","41.4831","38.8040","27.6654","50.9374","41.8663","25.5865","37.7261","25.5365","16.3611","24.1905","20.8292","32.0628","20.7582","25.4721","14.2056","21.1835","17.9608","51.7997","38.7459","36.5318","17.0393","19.2425","31.7447","31.5299","16.1069","11.3179","17.3314","18.0148","38.7074","18.0157","37.3522","25.1821","13.0877","25.3685","17.0222","12.6010","21.2085","15.9173","23.6306","18.2489","23.0789","36.3505","38.3939","31.7629","16.7191","22.1606","18.3651","19.4528","18.3364","19.8733","17.7985","23.1880","21.8062","22.8937","30.6725","37.8983","27.4387","21.8048","21.8871","31.9712","164.9579","21.1776","29.3072","30.9883","29.1324","37.5427","33.4189"
"C:\Users\cfg364\Sommerlab Dropbox\Casper van der Luijt\Casper\Data\BioLog\OmniLog\CL2\DATA_2024\07\_NRRL 3483_Aspergillus oryzae__1_30_CL2_769_7#24#2024_A_14B_17.OKA","7/24/2024 10:32:48 PM","14-B","PM01","","NRRL 3483","Aspergillus oryzae","",27.5000,"48.2524","145.2854","50.9695","38.7071","29.4975","27.0931","28.7301","41.1010","26.1963","42.0854","73.4282","52.1914","26.9892","45.2231","40.1158","26.3298","29.4456","28.1533","18.8644","128.2290","18.7696","27.1547","33.5002","40.9891","32.9412","20.2015","17.4533","149.2255","21.4079","42.1014","38.6710","24.4900","54.5108","41.9596","27.4721","34.6717","29.9380","15.8318","22.4094","20.6262","26.1854","12.6711","21.3573","16.2933","25.4540","15.9350","53.1447","38.6439","34.2814","16.7198","19.3321","28.2605","33.5170","13.6031","15.1713","15.9015","20.1685","42.0720","16.9032","35.7341","25.1481","12.5479","25.4932","14.2412","11.0000","19.1986","11.0000","20.1293","17.5311","19.8696","30.9001","36.9542","31.7183","11.0000","16.4831","17.7037","13.6428","18.3287","15.5771","15.9570","17.1441","23.4812","18.7020","30.6985","36.7688","24.5980","21.7048","24.1175","23.2117","169.1042","18.0458","30.8853","29.8753","31.1227","34.1006","34.4002"
"C:\Users\cfg364\Sommerlab Dropbox\Casper van der Luijt\Casper\Data\BioLog\OmniLog\CL2\DATA_2024\07\_NRRL 3483_Aspergillus oryzae__1_30_CL2_769_7#24#2024_A_14B_17.OKA","7/24/2024 10:32:48 PM","14-B","PM01","","NRRL 3483","Aspergillus oryzae","",27.7500,"43.7043","145.6198","49.1481","37.6510","30.9709","27.4533","26.3622","32.8570","24.7494","42.6671","76.5532","52.3796","30.9692","51.7373","39.2151","28.5990","27.6759","24.1328","22.1179","133.9776","21.3467","23.9998","31.4346","40.8745","34.6621","21.8247","17.0338","154.5006","23.5933","40.3903","38.6352","24.8201","55.7622","44.7517","30.8887","39.7029","27.3449","18.8377","21.8333","23.7916","28.8226","16.2601","19.7955","15.4945","22.0709","21.2091","50.4127","41.4177","37.3559","20.7382","15.8836","31.8479","32.6368","14.8685","15.2939","16.1868","19.3527","40.5809","26.6477","36.0299","27.0873","14.9399","25.9654","13.1543","13.1482","21.6148","12.4871","21.7029","19.7841","24.1335","32.0307","37.8464","31.9393","16.7691","22.3586","19.4373","17.4360","22.0340","17.6929","18.6012","20.0032","24.3775","23.2775","33.6766","39.5336","23.6266","23.2994","23.6274","33.0194","174.6811","18.6744","33.0013","34.8944","32.7883","35.2721","34.8917"
"C:\Users\cfg364\Sommerlab Dropbox\Casper van der Luijt\Casper\Data\BioLog\OmniLog\CL2\DATA_2024\07\_NRRL 3483_Aspergillus oryzae__1_30_CL2_769_7#24#2024_A_14B_17.OKA","7/24/2024 10:32:48 PM","14-B","PM01","","NRRL 3483","Aspergillus oryzae","",28.0000,"48.1329","149.6428","47.5935","33.5969","31.3120","28.9019","28.5799","37.5418","26.7531","46.4667","76.6800","50.8766","29.3733","50.4262","39.5083","30.9910","28.8855","26.7443","22.3139","133.8145","26.6697","28.2519","33.5722","43.1451","33.4336","20.7758","20.1699","155.2252","23.8826","45.5960","38.0335","24.6652","57.5014","40.3670","26.2752","38.9221","25.7120","17.0504","21.4845","19.4665","29.5059","13.6227","20.0065","19.0712","24.1260","21.7797","52.3117","42.9290","33.9580","12.9061","19.2433","29.8140","35.6127","15.2610","13.1884","15.6794","19.3427","40.0798","15.4346","33.3182","29.0627","16.6114","26.7775","16.6285","16.9989","17.7149","16.5384","17.7209","16.5946","18.1372","33.7736","35.7144","34.9120","17.2350","18.9983","18.9171","20.7878","20.6163","17.4523","17.6874","19.2490","24.4221","25.4371","30.5080","37.3528","24.1496","20.0772","21.8220","27.2704","171.2353","20.9878","30.0001","32.7040","33.7857","35.9701","30.7682"
"C:\Users\cfg364\Sommerlab Dropbox\Casper van der Luijt\Casper\Data\BioLog\OmniLog\CL2\DATA_2024\07\_NRRL 3483_Aspergillus oryzae__1_30_CL2_769_7#24#2024_A_14B_17.OKA","7/24/2024 10:32:48 PM","14-B","PM01","","NRRL 3483","Aspergillus oryzae","",28.2500,"45.2581","146.9117","52.2969","36.1945","29.2156","27.3275","25.3733","33.9110","28.5100","41.1292","78.5970","52.4803","32.1424","48.9789","43.9650","29.0047","29.5070","24.7035","21.5135","132.7358","22.0713","28.0145","29.6453","39.6704","33.0775","24.7704","22.5869","155.2625","24.7907","41.3979","41.4390","24.9065","54.7836","43.6103","28.2070","33.0711","23.2187","17.4384","23.5775","23.9994","29.4355","14.9520","22.4512","17.5953","20.5316","17.3983","51.3997","42.4948","33.5721","14.1979","15.9915","29.3263","36.7479","13.5822","15.0936","17.1085","17.3864","42.1007","23.1013","34.6464","29.4487","11.8035","25.1357","14.6210","14.9729","18.2873","15.4770","19.1064","19.6930","21.5779","29.8968","38.6509","30.1444","16.8429","21.2808","19.4075","19.5424","17.6466","15.7282","17.3310","18.4881","20.0802","24.2712","32.1285","35.0244","26.1332","17.6333","26.6284","28.8170","171.0482","16.9489","28.0076","33.2155","31.4601","31.9786","36.0493"
"C:\Users\cfg364\Sommerlab Dropbox\Casper van der Luijt\Casper\Data\BioLog\OmniLog\CL2\DATA_2024\07\_NRRL 3483_Aspergillus oryzae__1_30_CL2_769_7#24#2024_A_14B_17.OKA","7/24/2024 10:32:48 PM","14-B","PM01","","NRRL 3483","Aspergillus oryzae","",28.5000,"49.2148","151.2828","52.4563","37.1616","30.2259","29.6728","26.3079","32.0489","30.4026","46.9043","76.5210","55.2832","29.1124","52.9153","41.0697","28.1707","29.7270","23.4887","23.8856","134.0891","24.3199","29.6672","31.6169","43.3810","32.6300","20.1039","19.0868","159.2746","23.5961","42.1517","41.0766","21.7819","54.4641","48.0248","30.2380","39.5908","27.0978","16.7990","26.3219","20.6969","29.6852","18.0896","20.1381","17.0774","21.6857","22.2930","52.4786","41.3407","33.9838","15.7520","17.6382","30.5391","34.9090","12.0410","13.1279","20.4367","17.9290","46.0343","16.5822","40.0853","27.9282","13.2443","28.1401","17.6139","12.9545","14.6990","14.7653","18.2468","17.6501","19.4206","36.9362","39.5698","33.0391","16.8762","18.2991","20.3803","22.3385","17.8750","17.5140","20.6090","16.9855","23.6981","23.9641","30.6072","37.4511","25.2761","19.7929","27.0896","29.4326","175.7536","18.9920","31.5951","31.5775","34.4031","34.6270","32.8381"
"C:\Users\cfg364\Sommerlab Dropbox\Casper van der Luijt\Casper\Data\BioLog\OmniLog\CL2\DATA_2024\07\_NRRL 3483_Aspergillus oryzae__1_30_CL2_769_7#24#2024_A_14B_17.OKA","7/24/2024 10:32:48 PM","14-B","PM01","","NRRL 3483","Aspergillus oryzae","",28.7500,"46.3416","149.4070","53.5779","35.3073","34.1853","29.8156","27.4607","37.2423","32.9474","44.6821","83.5569","53.3265","32.1508","52.9399","40.6949","30.3384","31.8618","29.4121","24.6575","135.8401","21.2638","24.4159","36.7516","42.4178","34.9851","22.3263","21.4588","159.8423","23.1141","45.3119","44.9350","23.0852","57.4663","48.8519","26.6248","40.1950","29.5846","17.4931","23.2557","23.9448","27.9505","22.7362","23.2440","17.6761","19.7944","19.8480","57.1794","45.0639","37.5224","17.1720","23.9899","31.3884","35.6974","16.7542","12.9053","20.1825","21.5217","42.4754","25.4468","35.7856","26.7430","13.3122","24.4204","20.4383","15.2698","20.2097","15.0518","20.6921","23.1636","26.2014","36.4543","40.4926","31.9688","18.5101","21.5621","17.7264","19.0925","16.9391","19.5734","19.7430","17.3256","22.1724","22.0727","32.2562","39.1501","20.0853","21.1601","26.1654","27.3277","176.9258","20.9582","30.3800","33.9599","36.1192","35.9608","33.4809"
"C:\Users\cfg364\Sommerlab Dropbox\Casper van der Luijt\Casper\Data\BioLog\OmniLog\CL2\DATA_2024\07\_NRRL 3483_Aspergillus oryzae__1_30_CL2_769_7#24#2024_A_14B_17.OKA","7/24/2024 10:32:48 PM","14-B","PM01","","NRRL 3483","Aspergillus oryzae","",29.0000,"49.7578","154.6225","52.0851","35.4647","34.4692","31.9493","28.6061","38.4652","31.1625","48.8051","83.7227","55.1597","35.2210","54.5213","44.3581","32.7200","35.1360","28.4297","22.7480","140.6616","22.5713","27.3095","33.1622","41.6902","37.9871","21.6062","24.0420","162.9823","22.6106","45.6591","42.8638","28.5988","59.7126","50.1671","30.2404","38.9484","27.6785","14.9024","22.8135","22.7593","33.2832","21.1443","22.8932","16.9094","23.3380","23.5701","57.6990","47.2479","38.9585","16.8505","21.9389","34.3867","38.9883","17.8801","12.5560","21.1675","23.5879","46.9298","24.6065","36.4195","28.5643","14.5647","27.5127","20.1915","18.3287","20.8384","16.3813","17.0615","20.9521","23.5507","38.0633","41.9938","32.3050","20.5064","24.2337","16.8894","19.6363","17.9929","21.7247","18.9224","20.4246","23.8051","23.7417","34.2364","40.1577","24.9626","18.4946","27.1517","27.9668","180.9100","21.8064","31.7394","36.1174","35.2186","35.2939","36.6703"
"C:\Users\cfg364\Sommerlab Dropbox\Casper van der Luijt\Casper\Data\BioLog\OmniLog\CL2\DATA_2024\07\_NRRL 3483_Aspergillus oryzae__1_30_CL2_769_7#24#2024_A_14B_17.OKA","7/24/2024 10:32:48 PM","14-B","PM01","","NRRL 3483","Aspergillus oryzae","",29.2500,"47.9565","155.9264","53.7402","35.0869","31.3462","30.7208","28.7697","38.5974","30.9642","48.5724","87.1036","60.5937","30.5691","52.3798","42.4130","32.9105","36.7576","30.5213","25.9844","140.0791","25.8073","27.6054","36.0600","42.5831","35.6803","21.7371","21.3958","166.0575","23.2400","44.2702","46.4645","30.3298","59.3275","48.8840","27.5287","39.0797","30.9189","13.8858","27.4251","24.1371","32.4579","20.1143","20.4062","15.0567","22.6615","21.4152","57.0495","43.8578","38.1335","17.2684","21.9699","32.5561","38.8605","17.0982","13.1275","15.5754","21.0767","45.7507","24.6711","40.4131","28.7495","13.5370","26.0593","21.4870","20.4317","20.6812","14.1338","21.6708","21.0784","23.0078","37.9668","40.0235","32.0299","19.0805","21.6553","20.7641","22.2271","17.4181","21.4083","17.5336","19.9773","26.1420","22.1690","35.6597","39.6997","21.2010","17.7107","29.8642","26.8165","180.6530","22.6860","33.5415","36.1496","38.0168","34.3094","34.1931"
"C:\Users\cfg364\Sommerlab Dropbox\Casper van der Luijt\Casper\Data\BioLog\OmniLog\CL2\DATA_2024\07\_NRRL 3483_Aspergillus oryzae__1_30_CL2_769_7#24#2024_A_14B_17.OKA","7/24/2024 10:32:48 PM","14-B","PM01","","NRRL 3483","Aspergillus oryzae","",29.5000,"45.2837","155.7638","54.2937","35.6964","30.5895","30.2712","32.5648","36.4687","26.9086","48.0043","83.9677","52.3892","32.9236","57.9486","49.4582","30.0818","31.1608","25.8590","22.5897","132.9337","30.5930","28.4161","32.7228","42.1636","33.0549","23.1186","22.8099","164.9261","25.3395","43.7118","42.2190","29.8425","59.6210","48.2074","29.6750","36.5099","30.0667","16.6640","26.3872","22.2205","33.3218","17.5298","23.4767","21.5647","18.9442","23.3014","50.1066","42.0166","37.2028","15.6038","21.1264","32.7941","39.9542","13.0172","14.0827","19.0422","21.8067","46.6439","25.3721","36.0262","28.7366","14.9153","30.6628","17.6017","14.7846","16.5421","12.4590","17.3083","19.1547","22.1901","37.6108","37.9419","34.9329","14.9154","19.1503","19.3751","18.6163","18.4044","18.7540","16.0746","18.9487","22.2542","23.9137","33.0719","36.8596","26.2001","24.9441","26.8200","29.2166","180.7355","18.5157","32.4866","33.6349","37.1553","37.9625","32.5912"
"C:\Users\cfg364\Sommerlab Dropbox\Casper van der Luijt\Casper\Data\BioLog\OmniLog\CL2\DATA_2024\07\_NRRL 3483_Aspergillus oryzae__1_30_CL2_769_7#24#2024_A_14B_17.OKA","7/24/2024 10:32:48 PM","14-B","PM01","","NRRL 3483","Aspergillus oryzae","",29.7500,"45.9792","157.3104","52.9128","37.3277","34.3224","31.3732","25.7448","39.4389","31.5031","50.1958","88.8603","55.7178","34.7475","57.9492","49.0079","30.2413","30.4630","27.6567","18.9255","138.4253","22.4670","29.3628","33.9570","40.2293","34.9361","20.6368","23.2760","164.5671","28.1976","45.7449","42.0120","29.4504","58.0939","49.2558","28.9042","39.0465","29.3941","21.4278","26.9713","20.3980","33.2402","18.2564","25.7435","19.1172","22.4325","21.5568","58.2657","42.3085","39.0508","16.4091","18.7341","33.7510","37.8636","14.9212","15.3805","13.7992","22.0032","52.7777","23.1780","37.6101","28.1883","16.3069","27.8039","13.1219","11.0000","18.6568","16.3526","22.4507","22.1842","23.2897","40.2437","38.6550","32.2515","15.6802","23.5073","22.4615","19.1200","18.5298","19.5679","21.5998","17.9358","23.4802","22.9890","31.2679","35.5738","25.4454","22.2244","27.0524","32.2246","182.8353","19.2423","31.9744","39.3419","37.4194","34.1106","33.4469"
"C:\Users\cfg364\Sommerlab Dropbox\Casper van der Luijt\Casper\Data\BioLog\OmniLog\CL2\DATA_2024\07\_NRRL 3483_Aspergillus oryzae__1_30_CL2_769_7#24#2024_A_14B_17.OKA","7/24/2024 10:32:48 PM","14-B","PM01","","NRRL 3483","Aspergillus oryzae","",30.0000,"47.3460","161.7372","55.5081","37.8328","34.0372","36.8855","26.3373","42.2102","29.1182","50.3630","88.7940","55.1929","34.1570","57.5560","50.2619","31.5177","31.7439","25.4868","22.6780","138.1331","21.0910","26.9363","39.2699","43.2416","38.4775","21.9435","22.1743","169.5936","28.6666","48.3373","42.4946","28.9690","61.1095","54.0861","31.2550","40.5244","28.2207","21.0042","27.8202","18.7565","33.6198","21.1652","23.4972","18.1904","23.7207","20.5823","57.2865","45.5972","40.0875","15.4110","22.1645","33.4678","38.8526","14.5134","17.3802","17.4572","18.3248","49.6541","25.0565","39.0690","28.3431","15.0601","29.1297","14.9629","13.4449","19.9487","16.7305","21.1574","22.0575","24.1196","39.4063","38.5301","31.7942","12.0899","20.6831","21.7529","16.9055","18.7220","16.9341","22.2938","20.6845","24.1522","25.8740","29.5163","36.8071","28.1064","23.8145","27.4560","30.1275","179.3133","18.5476","31.0239","36.8355","38.5806","35.1611","36.7999"
"C:\Users\cfg364\Sommerlab Dropbox\Casper van der Luijt\Casper\Data\BioLog\OmniLog\CL2\DATA_2024\07\_NRRL 3483_Aspergillus oryzae__1_30_CL2_769_7#24#2024_A_14B_17.OKA","7/24/2024 10:32:48 PM","14-B","PM01","","NRRL 3483","Aspergillus oryzae","",30.2500,"49.8954","162.5617","54.8523","38.7673","30.7882","33.2025","30.3330","37.0285","28.4032","49.8184","88.8160","52.7651","30.0526","56.9504","47.7057","28.5152","31.8260","26.7042","21.8567","139.7611","29.2082","30.3092","31.7875","44.1293","32.7077","23.2156","20.1200","167.6774","28.6277","48.2813","51.9038","28.2475","63.9597","53.7833","29.2019","42.3417","31.1852","18.3660","26.3516","24.4366","31.7302","18.5351","22.5880","19.4802","20.2870","20.2448","58.9402","42.6681","40.6725","18.3947","21.1540","30.8959","39.2142","15.3834","14.0954","19.9757","22.8400","49.9415","23.8080","39.1250","31.4173","14.6580","30.0225","16.4895","13.3396","20.4333","15.3535","22.7662","21.1319","24.9716","39.9195","39.1996","35.6337","17.0333","22.9736","17.4220","18.3737","21.7038","21.4091","17.8145","18.7342","24.0951","24.3575","27.3208","38.2803","25.6958","25.4932","25.4210","27.6165","184.4344","18.1113","27.8916","39.5465","34.6561","32.4489","35.5120"
"C:\Users\cfg364\Sommerlab Dropbox\Casper van der Luijt\Casper\Data\BioLog\OmniLog\CL2\DATA_2024\07\_NRRL 3483_Aspergillus oryzae__1_30_CL2_769_7#24#2024_A_14B_17.OKA","7/24/2024 10:32:48 PM","14-B","PM01","","NRRL 3483","Aspergillus oryzae","",30.5000,"48.4835","161.9609","61.5397","39.8847","36.1388","31.8990","28.7287","36.9857","33.1892","52.8202","93.1253","54.8962","30.5352","59.1556","52.2980","29.6176","32.1579","31.0922","25.4435","136.8957","26.5759","28.0367","35.7483","45.4978","33.6421","22.6978","22.7784","169.9803","30.0835","51.6486","48.2639","33.3550","64.2011","53.0011","28.8672","41.3478","30.8723","20.4191","27.4105","21.7920","37.3458","20.5794","22.2528","20.7292","21.2666","23.8268","60.4011","43.2312","38.6761","19.6938","25.0298","35.5434","35.0863","13.7344","11.6391","20.8653","23.2566","54.0040","26.2619","39.6474","27.4164","15.1562","29.7532","15.8500","19.5146","19.3377","14.3559","22.2566","22.1867","21.7684","44.0113","38.7938","34.0599","18.3023","26.1698","19.9819","17.8559","21.0150","19.3102","19.3582","22.1675","23.1116","22.7753","32.9466","36.1701","22.9750","24.8194","31.2087","34.0291","184.4969","23.1752","28.2912","43.6874","36.7243","37.3918","32.4212"
"C:\Users\cfg364\Sommerlab Dropbox\Casper van der Luijt\Casper\Data\BioLog\OmniLog\CL2\DATA_2024\07\_NRRL 3483_Aspergillus oryzae__1_30_CL2_769_7#24#2024_A_14B_17.OKA","7/24/2024 10:32:48 PM","14-B","PM01","","NRRL 3483","Aspergillus oryzae","",30.7500,"46.4788","162.5552","57.5042","38.5387","35.2297","34.6326","25.1634","39.8294","28.3551","55.7421","84.5654","55.2311","30.6875","61.4677","49.5392","32.9642","34.0397","27.5659","27.6154","139.7200","23.9413","29.2035","41.3758","42.1918","33.3751","23.3070","23.6903","172.5948","26.4220","48.4152","44.6276","31.4533","65.5925","48.5152","32.7163","40.8665","30.3240","15.7039","28.1270","20.5962","36.1558","15.4561","23.4398","18.4322","26.9794","19.7642","58.5481","42.5276","42.5561","17.3888","16.5166","30.9679","38.7084","18.4282","11.8606","20.0729","23.2158","52.3989","24.0854","41.1079","32.9600","15.6781","30.1258","15.1685","14.9361","19.3513","16.0242","19.9280","19.3109","23.7157","40.3315","37.9563","35.5175","17.7855","24.6214","22.1273","22.0597","20.2267","26.5292","16.8856","24.1460","25.5656","23.8739","34.3427","37.2601","25.5709","23.7974","29.9416","31.0424","187.4850","21.8262","32.1915","38.8915","42.4695","33.6679","37.1033"
"C:\Users\cfg364\Sommerlab Dropbox\Casper van der Luijt\Casper\Data\BioLog\OmniLog\CL2\DATA_2024\07\_NRRL 3483_Aspergillus oryzae__1_30_CL2_769_7#24#2024_A_14B_17.OKA","7/24/2024 10:32:48 PM","14-B","PM01","","NRRL 3483","Aspergillus oryzae","",31.0000,"53.3795","164.1444","61.1216","39.6552","32.1125","37.0355","28.5400","44.0511","31.3537","51.6309","90.5673","59.7013","31.4718","61.7596","53.9772","28.6404","36.5000","28.7163","23.7642","138.8542","29.5386","26.6452","42.2635","46.9272","36.4038","23.7114","21.8757","174.9018","29.1519","51.5427","52.6317","29.9921","66.1476","54.2378","33.1993","40.4147","30.8178","19.9092","24.3746","23.4792","35.1002","19.3087","25.2705","22.9589","27.9666","22.0314","63.9610","40.5638","40.7821","16.4005","23.1776","34.2225","40.7752","16.7293","15.6330","21.8625","23.4532","60.8774","27.9482","36.4279","32.6405","14.3301","32.2454","17.4610","16.9617","18.0660","15.6446","20.5201","21.9936","22.5159","39.6278","39.6594","38.2265","16.9218","24.3587","18.9477","23.9419","20.5140","20.3117","19.8555","19.0983","28.9891","23.2152","35.8395","40.0122","27.4898","23.5873","29.1926","31.5219","188.8808","23.1258","31.5303","40.4347","42.2599","39.8340","38.5269"
"C:\Users\cfg364\Sommerlab Dropbox\Casper van der Luijt\Casper\Data\BioLog\OmniLog\CL2\DATA_2024\07\_NRRL 3483_Aspergillus oryzae__1_30_CL2_769_7#24#2024_A_14B_17.OKA","7/24/2024 10:32:48 PM","14-B","PM01","","NRRL 3483","Aspergillus oryzae","",31.2500,"49.7716","168.3333","59.5538","42.3990","34.2003","32.6830","29.5535","39.6090","34.2264","49.4662","94.1493","56.4581","32.4341","61.1082","52.2822","29.1839","35.6458","29.8952","27.5789","140.4596","27.9389","28.4990","38.1291","45.5604","33.4100","23.8105","25.6119","178.5366","30.4459","51.5920","52.6992","33.3853","67.9505","56.0053","32.5515","42.7189","33.1013","18.4838","24.0963","18.1903","32.9197","19.7916","24.3387","18.4074","25.9382","18.1247","58.9828","46.7516","41.2192","20.0549","22.0810","35.5174","40.9583","15.8163","13.8613","22.4899","25.2081","59.8240","28.1943","42.2201","30.0762","14.2899","33.5432","17.1202","15.4740","18.4827","13.7538","17.1172","25.6846","22.3257","43.4668","37.7588","36.8764","17.9415","23.3986","16.9404","24.2782","22.0722","19.4488","21.6739","18.7255","28.8753","24.0656","33.3816","36.8127","27.2778","24.6015","24.1732","33.7893","187.0529","17.8972","31.2200","42.7140","42.5400","36.2016","38.2702"
"C:\Users\cfg364\Sommerlab Dropbox\Casper van der Luijt\Casper\Data\BioLog\OmniLog\CL2\DATA_2024\07\_NRRL 3483_Aspergillus oryzae__1_30_CL2_769_7#24#2024_A_14B_17.OKA","7/24/2024 10:32:48 PM","14-B","PM01","","NRRL 3483","Aspergillus oryzae","",31.5000,"48.1401","172.0625","59.2189","40.1564","38.4387","34.6795","27.8109","44.2663","29.9556","54.9128","92.5751","54.2641","31.6647","65.0006","56.1655","28.2672","31.2306","27.2664","23.5578","140.7695","24.1031","27.0670","34.8111","42.1722","28.0906","21.1789","22.3950","170.3790","29.3433","50.1100","50.1565","30.1366","62.2130","56.8807","28.3134","37.8631","28.2712","20.9866","23.7414","18.1831","33.5126","15.5837","22.6741","15.6972","26.2797","20.2512","62.3027","39.7354","36.7939","19.0225","20.7640","33.3535","38.6149","12.3841","16.0811","20.5338","21.4519","54.8448","24.5704","38.2509","26.5941","14.0783","32.4562","15.4024","14.5542","16.0418","19.9831","18.2304","21.3334","20.5087","40.4143","37.1156","34.8472","14.4925","24.9395","23.6503","23.6832","19.0485","22.8585","18.5247","20.8867","22.8910","23.9729","31.0994","35.9183","24.0431","19.6166","29.5716","31.4985","187.9674","19.0075","32.7721","44.3755","40.2086","36.2213","37.1050"
"C:\Users\cfg364\Sommerlab Dropbox\Casper van der Luijt\Casper\Data\BioLog\OmniLog\CL2\DATA_2024\07\_NRRL 3483_Aspergillus oryzae__1_30_CL2_769_7#24#2024_A_14B_17.OKA","7/24/2024 10:32:48 PM","14-B","PM01","","NRRL 3483","Aspergillus oryzae","",31.7500,"48.1945","171.0279","62.1833","38.1135","39.2243","35.7074","32.2680","45.4085","34.4724","56.0919","92.3815","58.4897","29.9299","61.5850","53.5647","32.1025","31.7546","28.5807","26.0422","143.3456","28.7558","29.0634","38.4406","41.3454","31.2094","21.2145","22.5293","175.8381","30.5980","54.1806","48.2408","35.2456","67.4403","60.2856","31.4120","35.7864","30.1122","20.4932","27.8855","23.8068","35.2693","19.3321","25.5348","19.7094","24.5301","23.6507","61.2773","43.4383","43.4369","19.3924","21.5944","32.5082","40.2761","18.0504","16.7604","22.4848","22.9947","56.0748","29.1112","36.4758","31.9361","16.3769","34.6575","19.4739","17.4722","18.2970","14.3544","22.0369","24.4941","23.9834","40.9569","39.0113","37.3358","18.3888","24.6536","23.3331","24.7908","21.1001","24.4774","19.0980","22.1101","28.5359","23.1942","38.2028","38.2990","29.7807","23.9809","29.8428","31.2669","187.6422","18.3494","31.9596","42.2169","42.1535","37.6002","37.4012"
"C:\Users\cfg364\Sommerlab Dropbox\Casper van der Luijt\Casper\Data\BioLog\OmniLog\CL2\DATA_2024\07\_NRRL 3483_Aspergillus oryzae__1_30_CL2_769_7#24#2024_A_14B_17.OKA","7/24/2024 10:32:48 PM","14-B","PM01","","NRRL 3483","Aspergillus oryzae","",32.0000,"50.0480","175.1840","65.2837","39.0016","33.9790","36.9146","32.4607","42.9803","34.8850","58.0898","97.7834","62.4223","30.0611","61.3796","56.8787","34.2400","35.6440","27.1607","23.2549","144.6317","30.2162","28.6276","39.4234","43.0992","31.0648","24.5081","24.4625","175.2405","31.8698","53.9137","59.9726","32.3399","68.5935","59.0295","35.8679","39.7149","31.8507","20.0208","28.3738","25.6375","33.4303","20.9709","24.6831","19.4003","27.8365","22.1292","66.7308","37.2924","41.3725","18.7191","20.4458","35.8354","40.0865","18.7074","17.2519","17.9887","22.9903","61.0786","29.2221","39.5207","32.1763","17.0247","36.8712","19.2100","13.2135","21.6100","15.4145","23.2457","20.8741","20.7013","47.3102","39.7429","38.2037","17.5394","26.8506","21.6366","29.7111","26.6549","30.6406","20.5679","25.1635","23.4320","28.3515","34.0931","37.8307","28.7031","24.7429","32.0815","28.7402","191.2572","24.1473","30.1860","44.4016","45.8334","36.3527","40.0040"
"C:\Users\cfg364\Sommerlab Dropbox\Casper van der Luijt\Casper\Data\BioLog\OmniLog\CL2\DATA_2024\07\_NRRL 3483_Aspergillus oryzae__1_30_CL2_769_7#24#2024_A_14B_17.OKA","7/24/2024 10:32:48 PM","14-B","PM01","","NRRL 3483","Aspergillus oryzae","",32.2500,"48.9359","172.8694","66.4714","34.8076","35.8845","35.7548","31.8599","47.6980","30.8570","57.3915","96.7936","60.6753","31.8739","65.5377","55.9104","30.1485","35.7245","27.7549","21.9348","143.9919","26.1038","30.8998","41.3194","46.8708","35.2875","27.4363","25.7941","178.2392","26.8385","50.7312","55.3367","30.3417","70.1136","60.5039","32.5035","41.0695","28.9021","19.9738","24.7608","25.0103","31.2290","23.2780","23.6471","21.3464","24.5824","22.0351","65.9831","43.9216","40.0801","18.5651","19.1984","33.3169","41.2436","13.7925","13.6509","21.2486","26.9698","58.0624","28.7352","39.9628","27.6205","14.9173","32.6368","13.7991","17.9630","17.0913","15.3189","22.1016","18.2715","23.4276","45.7757","40.7183","33.6005","18.9371","25.9993","19.6843","26.3927","26.4998","24.7905","17.4461","23.0461","27.3560","27.5064","36.4838","37.0173","24.3002","22.9484","32.5443","32.0057","188.7302","21.7387","31.9469","44.2917","46.4220","37.8691","38.7405"
"C:\Users\cfg364\Sommerlab Dropbox\Casper van der Luijt\Casper\Data\BioLog\OmniLog\CL2\DATA_2024\07\_NRRL 3483_Aspergillus oryzae__1_30_CL2_769_7#24#2024_A_14B_17.OKA","7/24/2024 10:32:48 PM","14-B","PM01","","NRRL 3483","Aspergillus oryzae","",32.5000,"51.7347","173.5277","66.8503","45.1479","37.5250","34.9859","32.4921","46.7563","37.9184","62.0384","100.6570","56.1665","34.8204","64.6963","59.6644","37.4609","35.9044","27.9296","27.6470","143.9743","27.4002","28.5014","39.1775","42.1057","36.9123","25.5427","25.9963","179.5071","29.9872","57.3901","55.3523","37.3385","69.9353","58.4296","33.7937","37.9327","34.2122","19.7050","28.6808","26.3521","33.8060","21.7336","25.1018","20.2106","24.9911","18.2128","62.9583","50.0883","45.4776","24.1984","22.0632","35.4420","40.1310","18.7591","19.5196","26.1155","29.8211","62.8769","25.2068","37.2710","31.3832","15.5620","34.8445","15.6878","20.7389","22.3141","16.4062","20.5246","22.3563","24.0266","44.4755","34.8625","34.6230","22.6599","26.2706","24.6228","25.9770","24.5842","23.5356","20.0103","23.3322","26.3734","28.1343","36.8471","42.4496","30.4231","23.2599","33.8756","30.9298","193.3915","21.3782","32.2944","48.5104","43.8289","36.0112","39.2547"
"C:\Users\cfg364\Sommerlab Dropbox\Casper van der Luijt\Casper\Data\BioLog\OmniLog\CL2\DATA_2024\07\_NRRL 3483_Aspergillus oryzae__1_30_CL2_769_7#24#2024_A_14B_17.OKA","7/24/2024 10:32:48 PM","14-B","PM01","","NRRL 3483","Aspergillus oryzae","",32.7500,"46.1623","176.1295","64.6900","35.0142","35.3907","40.8851","32.0928","45.4265","35.3009","61.1847","94.5233","61.7443","35.2012","66.1273","55.2075","29.0030","34.8564","32.5607","27.3050","144.5927","30.0124","28.5808","38.9827","42.0045","33.0717","23.0012","24.6212","179.8015","31.6889","53.6428","58.2293","31.7553","70.7556","61.1989","31.8741","40.8367","28.1124","21.2374","25.0982","23.4293","34.1645","22.5501","24.6074","18.8633","25.9712","23.8620","65.0086","47.6565","40.5524","15.0222","19.8418","32.9222","45.0661","12.2931","15.8132","20.0121","26.6711","62.3585","24.6122","37.4415","31.7634","12.4465","33.6228","16.9425","13.5987","15.3850","14.9243","20.1194","21.3248","24.0558","44.3587","38.2372","33.9730","17.3419","22.6370","24.7993","26.8240","23.5658","26.3748","22.6732","22.5834","26.3680","24.7605","37.4810","35.8144","27.7488","19.6792","30.9598","29.9715","192.8805","19.2395","31.8985","44.5501","45.8878","38.4459","35.7287"
"C:\Users\cfg364\Sommerlab Dropbox\Casper van der Luijt\Casper\Data\BioLog\OmniLog\CL2\DATA_2024\07\_NRRL 3483_Aspergillus oryzae__1_30_CL2_769_7#24#2024_A_14B_17.OKA","7/24/2024 10:32:48 PM","14-B","PM01","","NRRL 3483","Aspergillus oryzae","",33.0000,"45.5227","181.0129","70.4839","39.3039","36.3010","38.1503","34.1985","47.1879","33.5018","58.3921","104.7725","59.2370","35.0889","64.9955","53.9965","32.7004","36.6590","29.9257","26.0886","145.3569","27.5601","33.2941","40.1118","41.4306","37.6553","22.9116","20.9684","182.2216","30.9793","60.2347","54.1183","31.9016","72.3524","63.3131","37.5102","36.7376","34.9197","20.7005","25.0779","21.9437","35.6225","21.2845","23.8382","23.4653","24.9471","22.9347","68.2730","45.1152","44.5036","19.9037","20.3736","36.0445","38.3030","16.5748","15.1182","26.3443","28.8146","61.6560","27.0919","40.5732","31.9724","11.8673","34.0147","18.1311","17.1250","21.7471","15.1926","18.8522","21.8142","27.8181","46.1443","36.2894","37.0852","17.1958","26.0365","22.6362","27.6641","27.7566","22.6673","15.3406","21.3112","27.2763","23.9886","36.3522","37.8862","28.1599","26.8615","32.9059","32.9481","194.4241","21.0324","29.8257","48.7585","47.0998","38.4327","37.6774"
"C:\Users\cfg364\Sommerlab Dropbox\Casper van der Luijt\Casper\Data\BioLog\OmniLog\CL2\DATA_2024\07\_NRRL 3483_Aspergillus oryzae__1_30_CL2_769_7#24#2024_A_14B_17.OKA","7/24/2024 10:32:48 PM","14-B","PM01","","NRRL 3483","Aspergillus oryzae","",33.2500,"50.9700","181.5870","66.6225","42.6843","33.4202","37.2793","28.0463","49.5703","36.7282","62.2489","98.0559","58.0941","35.5821","68.5176","59.3481","35.1684","34.1978","31.0925","24.0904","148.8335","31.1744","34.5472","44.7568","45.3381","36.5127","22.2550","22.6222","185.3961","34.6441","60.6491","58.5892","34.8149","76.7375","62.7453","34.1216","41.5720","33.4435","20.0013","28.5993","23.2360","34.8246","24.4253","20.4416","17.6982","30.1499","25.4234","65.6891","44.0304","42.6460","21.7051","24.2024","31.3743","42.2858","12.7942","14.6300","23.0547","24.8657","66.5396","28.4409","40.2291","29.8752","15.6869","36.4821","19.6640","19.3741","17.8722","16.5913","19.6288","22.3647","24.1202","51.7143","38.4214","32.5373","21.3263","22.6387","22.5693","30.5365","28.6673","25.2419","22.1792","21.6186","28.5847","28.1930","35.7275","36.5790","27.7072","22.8958","32.6574","30.6434","198.0671","19.3907","34.0806","45.8984","48.8662","39.4052","37.5859"
"C:\Users\cfg364\Sommerlab Dropbox\Casper van der Luijt\Casper\Data\BioLog\OmniLog\CL2\DATA_2024\07\_NRRL 3483_Aspergillus oryzae__1_30_CL2_769_7#24#2024_A_14B_17.OKA","7/24/2024 10:32:48 PM","14-B","PM01","","NRRL 3483","Aspergillus oryzae","",33.5000,"47.3483","178.1479","66.0866","40.4255","37.3297","38.4277","33.9747","45.3959","31.7374","63.4547","100.2700","58.9754","34.4601","64.6724","61.5975","33.2408","32.8519","31.7634","22.5806","142.6455","27.3374","29.5254","42.5168","48.1149","38.7119","25.2666","27.6414","185.0181","28.9803","57.2197","60.0963","37.9064","71.7601","60.0583","30.7832","41.9561","34.8096","24.4915","27.7340","29.2453","35.3328","17.9858","23.1737","23.4342","29.2710","24.2193","66.6840","50.2022","41.6985","20.5293","22.8781","32.8806","44.5703","14.9372","16.9160","22.5964","24.5679","65.5593","22.7540","38.7713","36.0180","17.2411","37.0800","15.0476","19.1200","20.9087","16.9525","20.2185","19.5045","21.4574","49.2703","44.9489","35.3825","19.2786","27.3807","21.1464","30.3692","25.9341","24.6943","20.2096","25.8119","26.7964","24.1798","34.5281","39.5001","27.9443","21.2719","34.9764","27.4434","193.2447","22.2865","39.2328","51.5390","48.2012","37.9229","39.1099"
"C:\Users\cfg364\Sommerlab Dropbox\Casper van der Luijt\Casper\Data\BioLog\OmniLog\CL2\DATA_2024\07\_NRRL 3483_Aspergillus oryzae__1_30_CL2_769_7#24#2024_A_14B_17.OKA","7/24/2024 10:32:48 PM","14-B","PM01","","NRRL 3483","Aspergillus oryzae","",33.7500,"46.0499","181.7917","70.5546","40.9118","39.3438","39.1324","32.0730","43.9951","39.0973","59.6794","101.0364","59.1425","35.2304","69.8840","57.9732","30.8511","35.1502","32.0402","23.8257","145.7760","27.3061","29.0851","44.1866","46.7742","37.0954","26.3544","29.1379","188.1128","33.9222","57.2721","60.1000","37.7308","71.3294","61.5078","34.7868","40.1434","33.3950","21.5850","29.0630","21.2588","34.1321","20.6591","23.0635","20.5771","28.8951","23.2427","64.3181","46.7991","43.2346","19.8248","23.3913","35.5956","46.2111","18.6093","15.9548","28.2148","27.3743","68.8258","28.1085","40.1166","30.2085","16.5553","36.4600","15.3991","19.3478","22.9740","17.5341","25.1846","22.5748","24.4662","51.2040","40.7888","35.3627","19.1294","27.3294","24.7037","28.0013","29.4506","26.1526","19.8021","23.5272","25.0559","25.0247","37.2353","37.1952","26.9693","25.5270","29.9201","32.8193","194.5711","23.8177","32.4288","52.5377","46.4221","41.0393","40.4603"
"C:\Users\cfg364\Sommerlab Dropbox\Casper van der Luijt\Casper\Data\BioLog\OmniLog\CL2\DATA_2024\07\_NRRL 3483_Aspergillus oryzae__1_30_CL2_769_7#24#2024_A_14B_17.OKA","7/24/2024 10:32:48 PM","14-B","PM01","","NRRL 3483","Aspergillus oryzae","",34.0000,"48.3367","180.4213","68.3937","40.5792","37.9982","39.7631","32.3340","49.5195","35.1712","63.6534","104.9359","57.9285","36.4538","66.5454","64.3551","31.3898","34.9728","33.2110","26.7910","147.0898","33.4076","26.5742","46.3838","46.0331","36.6865","24.3191","23.6795","188.6138","37.3636","60.4545","58.7913","38.6136","73.8774","63.7267","34.6452","43.5605","32.5371","18.1013","25.1003","19.7973","39.3628","21.5678","21.8140","27.1145","34.1242","25.1340","66.2830","43.6948","44.4915","20.1012","21.5320","38.5750","45.1392","13.7938","17.0338","25.4764","27.3388","67.1517","26.0103","40.4803","35.4777","17.6889","38.5802","19.1372","18.3545","21.8491","17.6475","22.3746","25.9496","23.1137","51.9713","40.2704","35.3775","18.8426","26.1575","23.7155","29.5728","27.6529","23.9608","19.6580","22.3214","30.6473","23.8515","35.8936","41.3615","34.1290","22.5499","28.9006","33.3567","201.6965","20.5256","35.1211","48.7606","50.6348","41.2669","37.7766"
"C:\Users\cfg364\Sommerlab Dropbox\Casper van der Luijt\Casper\Data\BioLog\OmniLog\CL2\DATA_2024\07\_NRRL 3483_Aspergillus oryzae__1_30_CL2_769_7#24#2024_A_14B_17.OKA","7/24/2024 10:32:48 PM","14-B","PM01","","NRRL 3483","Aspergillus oryzae","",34.2500,"46.7203","185.5808","68.5724","37.4831","37.9515","41.7774","37.7471","47.2401","34.0793","61.3659","103.3725","59.0621","33.6933","67.9463","63.3107","29.5925","34.0135","33.6067","24.5948","144.6873","32.4450","29.0851","41.1409","44.5605","36.3191","28.2468","26.4477","186.7674","33.0065","63.2306","61.7491","35.3990","76.9742","64.3823","35.7844","45.3404","30.5281","17.5138","25.6194","25.3276","38.7442","19.1242","25.5496","20.1172","32.0402","25.2012","67.7716","43.9605","42.0676","18.5284","20.3125","37.2695","43.5380","18.8022","17.3475","24.2476","28.3008","66.0343","26.3459","41.9626","34.5718","14.8435","35.9040","18.7662","16.4228","17.4956","18.6946","24.0682","22.6499","23.7123","48.0320","41.2631","35.3520","17.0486","25.1151","24.9385","29.4098","26.5196","19.3151","25.7148","20.5778","22.9651","23.7471","35.7930","41.3020","27.4537","23.1563","32.4306","32.9712","198.5000","25.2955","32.1139","54.7953","51.5007","39.9852","41.0496"
"C:\Users\cfg364\Sommerlab Dropbox\Casper van der Luijt\Casper\Data\BioLog\OmniLog\CL2\DATA_2024\07\_NRRL 3483_Aspergillus oryzae__1_30_CL2_769_7#24#2024_A_14B_17.OKA","7/24/2024 10:32:48 PM","14-B","PM01","","NRRL 3483","Aspergillus oryzae","",34.5000,"46.7891","184.6395","70.8651","40.7428","37.8963","41.7689","34.8676","48.1585","35.2084","65.7159","106.3919","62.0224","33.4406","70.4472","59.0900","34.6200","33.2958","33.2293","24.0221","144.9852","34.9079","32.3072","43.5809","48.3866","39.3354","25.3968","27.3837","188.8048","35.7815","61.5378","63.3424","35.5242","77.3502","67.0995","34.6952","38.5218","35.5546","19.6868","26.6041","20.6898","32.6199","18.4229","22.8108","25.7699","29.2327","24.9788","71.2753","43.9128","43.3376","19.3296","25.1718","34.0632","45.3708","18.1584","18.4277","26.5403","25.6189","68.7787","27.9236","38.3414","34.1813","16.9356","38.7635","18.7956","20.8586","20.8618","17.3981","23.5286","23.6951","23.0334","57.1573","38.1678","38.1154","16.2894","24.0630","24.3509","32.2005","29.9440","25.4159","18.4756","24.3921","28.6964","23.1456","37.5606","36.0944","30.3841","27.3258","33.5644","33.0870","198.3635","24.9329","32.0097","49.8672","49.4524","37.9590","40.8327"
"C:\Users\cfg364\Sommerlab Dropbox\Casper van der Luijt\Casper\Data\BioLog\OmniLog\CL2\DATA_2024\07\_NRRL 3483_Aspergillus oryzae__1_30_CL2_769_7#24#2024_A_14B_17.OKA","7/24/2024 10:32:48 PM","14-B","PM01","","NRRL 3483","Aspergillus oryzae","",34.7500,"48.1840","185.3182","74.7989","42.3499","41.3752","45.5004","30.6083","49.6999","38.9890","69.2747","106.4576","64.3017","35.9761","73.8510","65.1786","34.4938","40.7906","30.6485","27.6578","150.1516","30.8796","28.6195","45.1404","45.5738","33.4672","25.2756","27.8223","192.4943","39.1837","62.4335","64.2412","40.7875","77.7522","64.7571","38.9986","45.1700","31.0845","18.4877","29.4208","28.2038","37.6317","20.3510","27.1866","22.3333","29.7562","29.2250","70.0469","48.9132","49.3327","20.4845","23.1660","38.9177","43.4047","14.0537","15.3772","27.5055","29.6227","73.6895","26.7263","39.8345","34.4410","19.5855","40.0527","19.3637","23.0719","22.1233","17.2677","25.5836","23.5299","26.3584","55.8013","37.2369","36.3882","20.7433","27.2790","25.9042","33.2065","29.2953","23.4691","19.2620","25.3540","28.2448","31.8990","40.0013","37.8756","29.9712","21.9724","39.5384","31.4069","198.0285","26.9269","33.6081","60.2712","50.2635","36.7123","40.5652"
"C:\Users\cfg364\Sommerlab Dropbox\Casper van der Luijt\Casper\Data\BioLog\OmniLog\CL2\DATA_2024\07\_NRRL 3483_Aspergillus oryzae__1_30_CL2_769_7#24#2024_A_14B_17.OKA","7/24/2024 10:32:48 PM","14-B","PM01","","NRRL 3483","Aspergillus oryzae","",35.0000,"44.3223","187.9156","73.5287","39.0168","37.0359","48.0154","34.7657","49.0339","36.1901","69.5405","106.3581","59.7640","33.6942","69.9392","63.5700","31.7411","37.7303","29.0406","27.9161","149.2124","32.7046","32.7865","43.1070","45.7060","36.3313","24.1322","25.2706","191.5928","38.0925","66.9019","61.7410","39.0258","78.6508","65.0792","37.7435","43.2589","32.2979","22.6729","31.0267","24.2312","36.8410","20.5393","25.6027","20.7966","28.0129","25.7102","66.8428","48.4243","46.5137","20.7738","22.5733","36.9437","45.2902","14.9667","15.6944","25.7980","29.1116","71.4122","28.6719","41.9598","30.0188","19.4898","42.4815","21.2533","19.9504","19.5247","17.0145","24.9550","23.2761","27.2187","54.4476","40.1100","37.3047","18.7946","28.6823","25.7190","32.7899","30.4109","22.3240","20.9080","25.7351","28.4679","31.8671","36.0183","37.4427","25.9470","21.6266","37.6932","29.1714","200.0364","23.8169","31.3631","55.9171","51.7786","40.5580","40.3478"
"C:\Users\cfg364\Sommerlab Dropbox\Casper van der Luijt\Casper\Data\BioLog\OmniLog\CL2\DATA_2024\07\_NRRL 3483_Aspergillus oryzae__1_30_CL2_769_7#24#2024_A_14B_17.OKA","7/24/2024 10:32:48 PM","14-B","PM01","","NRRL 3483","Aspergillus oryzae","",35.2500,"47.2536","188.7697","78.9587","45.5106","37.0346","45.6425","38.4752","51.8194","41.7894","69.8970","105.9062","67.6776","35.9780","77.7496","67.2176","35.0124","34.0382","33.0505","28.5468","153.6432","29.9895","29.8816","41.9001","51.1577","37.0055","29.8983","26.4373","192.3536","38.2964","61.1271","67.6539","42.6786","81.5357","65.0334","36.8570","46.8960","34.8333","20.3489","26.6285","24.5028","38.6023","23.4115","28.6819","25.6771","29.4600","22.7018","75.2044","46.5644","43.3226","19.4871","21.8950","38.6825","47.0984","16.8888","18.5616","25.1911","33.2530","73.4397","29.0810","42.9073","32.7782","13.0958","44.3635","19.3089","19.2273","18.3902","17.0493","23.6578","21.8159","24.5017","58.0106","43.0560","37.6848","20.7942","25.6337","24.1383","35.5365","31.0634","24.6124","21.1899","25.5687","31.8115","31.9352","38.0957","42.1867","30.5097","31.2116","40.4224","34.2833","200.7217","26.6229","36.5309","58.1407","55.8439","41.5531","39.1488"
"C:\Users\cfg364\Sommerlab Dropbox\Casper van der Luijt\Casper\Data\BioLog\OmniLog\CL2\DATA_2024\07\_NRRL 3483_Aspergillus oryzae__1_30_CL2_769_7#24#2024_A_14B_17.OKA","7/24/2024 10:32:48 PM","14-B","PM01","","NRRL 3483","Aspergillus oryzae","",35.5000,"49.1625","189.2457","78.1259","43.4019","37.6946","43.3130","28.8837","51.5598","38.8181","67.3136","103.4799","70.3488","34.8210","74.7861","64.9288","33.2640","36.6122","31.3553","26.7967","147.7693","32.3299","30.9497","43.7710","44.5275","35.9963","20.6434","26.6897","193.6406","38.0963","68.2885","70.0154","40.5419","80.4862","68.7667","37.5224","46.8505","35.1922","19.0740","28.1323","27.2333","36.1468","20.6705","27.8452","24.8473","29.4572","26.8818","68.8238","44.3802","46.6635","18.0748","25.7226","39.7319","47.0525","15.9055","17.0300","25.9914","29.8477","69.6746","27.7149","40.7967","33.3570","15.9556","37.8721","18.6137","20.4437","24.1050","20.8624","22.6685","24.7660","23.8652","56.7905","39.5741","38.0809","20.2281","31.3370","24.6428","31.6642","28.1624","26.2203","21.3867","26.9856","25.4383","27.9577","36.8211","41.3395","30.7696","27.7751","38.1664","30.8165","202.3098","25.5583","33.2919","55.8790","58.0469","40.3399","42.5181"
"C:\Users\cfg364\Sommerlab Dropbox\Casper van der Luijt\Casper\Data\BioLog\OmniLog\CL2\DATA_2024\07\_NRRL 3483_Aspergillus oryzae__1_30_CL2_769_7#24#2024_A_14B_17.OKA","7/24/2024 10:32:48 PM","14-B","PM01","","NRRL 3483","Aspergillus oryzae","",35.7500,"49.2886","189.7201","84.2825","40.5306","36.5336","48.1121","33.7010","57.2486","42.2027","69.8600","108.3282","61.6562","38.5756","77.5058","65.9536","30.8062","39.8495","32.5346","27.8891","150.7474","32.8640","30.6829","43.2889","48.2824","34.7985","26.2666","27.6894","193.8620","39.6160","66.9568","67.9788","43.6432","82.0777","70.9408","39.8451","41.3595","39.1846","25.6405","26.8236","24.5823","40.4954","19.1464","26.3925","22.8011","28.1402","25.0663","70.1847","47.6587","48.1339","19.8689","19.7845","35.5138","42.8344","13.6515","16.4015","26.5937","31.5276","72.9121","26.3277","38.1066","37.3234","16.4606","39.1314","17.5747","20.3063","19.9740","17.3915","22.9005","25.9340","23.2725","58.6321","45.8857","33.7585","22.4538","28.2835","27.1666","35.1164","33.7254","29.0777","19.6599","23.0844","26.7419","26.7289","38.8142","38.2503","27.1228","25.7076","34.5130","32.2262","202.1679","24.5742","31.4632","59.8790","57.5635","41.8026","39.5605"
"C:\Users\cfg364\Sommerlab Dropbox\Casper van der Luijt\Casper\Data\BioLog\OmniLog\CL2\DATA_2024\07\_NRRL 3483_Aspergillus oryzae__1_30_CL2_769_7#24#2024_A_14B_17.OKA","7/24/2024 10:32:48 PM","14-B","PM01","","NRRL 3483","Aspergillus oryzae","",36.0000,"51.7619","193.1106","80.0957","43.0518","41.3054","45.2518","34.5529","57.1268","43.5133","68.3298","106.2655","66.4534","36.1321","73.4855","70.0930","36.9073","38.3580","35.7296","26.7863","148.8184","33.3992","31.9006","43.7355","50.2697","36.7288","24.3876","24.8717","195.6093","39.6545","67.6434","63.0507","44.2600","79.5836","70.1290","40.3689","42.7850","33.7012","21.9368","29.7750","25.0737","42.3284","22.2518","27.1581","22.4467","36.0226","27.3826","74.0172","46.6511","47.4277","15.5418","22.8315","38.9174","46.0112","14.0829","20.2886","25.7022","30.6572","75.9719","32.8752","40.1960","34.3939","14.7633","43.6569","18.1056","20.9921","19.3346","18.0717","25.0020","21.2913","21.6371","56.3661","43.8998","37.4119","20.0127","28.0187","28.6724","32.5587","27.9232","24.6350","18.3504","25.2729","31.6175","25.9872","37.8329","42.6688","29.9636","25.7003","35.5994","29.9769","201.9397","28.3123","32.3198","61.1033","57.4523","38.8548","38.9070"
"C:\Users\cfg364\Sommerlab Dropbox\Casper van der Luijt\Casper\Data\BioLog\OmniLog\CL2\DATA_2024\07\_NRRL 3483_Aspergillus oryzae__1_30_CL2_769_7#24#2024_A_14B_17.OKA","7/24/2024 10:32:48 PM","14-B","PM01","","NRRL 3483","Aspergillus oryzae","",36.2500,"47.8784","189.3531","80.3336","41.2898","37.5329","51.8511","34.6438","56.7235","42.7856","72.4090","110.7171","67.8331","38.3731","78.4269","66.5110","30.7249","39.1069","33.4640","23.2391","153.4477","30.9735","35.0775","39.9638","50.8674","36.1250","24.7656","28.8287","193.7603","41.9239","66.6027","68.3355","44.2417","81.4114","63.9113","40.2618","43.2518","33.2646","19.0337","29.3661","25.9247","35.1680","20.2132","24.3427","22.9507","30.1676","29.4234","73.1297","46.1383","46.8578","22.6605","24.9831","38.8921","41.3000","15.6972","19.2301","29.2428","33.7895","75.0746","28.5540","42.4791","35.8518","17.5208","41.2736","21.0489","17.9593","19.7486","16.7266","22.5627","21.0459","27.2026","55.2661","40.3103","38.4833","20.5033","29.4634","26.2314","38.8312","32.0037","25.0281","20.4078","27.6219","30.0432","30.9583","38.7584","42.0235","31.2486","28.5049","40.3072","30.8494","204.8675","24.7647","35.6143","58.9537","59.6256","41.3413","39.9215"
"C:\Users\cfg364\Sommerlab Dropbox\Casper van der Luijt\Casper\Data\BioLog\OmniLog\CL2\DATA_2024\07\_NRRL 3483_Aspergillus oryzae__1_30_CL2_769_7#24#2024_A_14B_17.OKA","7/24/2024 10:32:48 PM","14-B","PM01","","NRRL 3483","Aspergillus oryzae","",36.5000,"47.0452","194.5896","81.2766","44.5155","40.6446","45.4052","32.9285","59.4131","43.0124","74.4827","111.9017","66.9011","42.1768","79.2554","72.4342","31.7997","39.6727","37.0456","30.8361","151.7957","31.3888","30.3301","41.7635","47.7071","36.4105","23.1672","28.6032","195.5407","38.4883","71.8355","72.8691","43.4169","82.2814","72.2839","39.3291","41.4662","33.6633","18.8021","27.5482","26.7241","35.5192","24.0977","23.1438","23.8033","32.6593","31.5880","77.5096","48.2239","48.7614","18.7273","25.4862","38.7920","46.0341","17.2151","19.3321","27.2608","34.4945","72.8182","30.7577","43.4488","36.1390","17.3833","42.4667","19.4609","19.1135","25.4712","17.0243","22.4156","24.2037","23.8215","59.5797","41.4515","38.8483","19.7348","30.5838","26.4860","36.1232","32.2084","25.2259","21.1003","24.1575","29.0551","27.5776","38.4656","37.4910","27.0167","24.7571","39.9499","30.8873","203.3001","23.6602","30.8229","63.8696","55.2762","39.2164","41.0784"
"C:\Users\cfg364\Sommerlab Dropbox\Casper van der Luijt\Casper\Data\BioLog\OmniLog\CL2\DATA_2024\07\_NRRL 3483_Aspergillus oryzae__1_30_CL2_769_7#24#2024_A_14B_17.OKA","7/24/2024 10:32:48 PM","14-B","PM01","","NRRL 3483","Aspergillus oryzae","",36.7500,"48.9237","194.9610","77.0083","42.1768","38.0547","49.1402","34.6965","53.7263","43.0497","73.7886","110.3624","62.8747","40.1386","76.5765","69.5619","33.1678","36.2395","29.2403","24.9547","151.4353","32.0364","30.6458","46.5042","52.9733","36.0449","26.1867","23.9621","197.3734","40.2974","69.9316","67.7285","46.1099","81.5458","70.3353","43.2115","46.1237","35.0518","22.3134","22.5883","25.5714","37.9288","22.7986","26.1205","24.5767","24.6950","25.1831","74.1624","48.1998","50.0633","21.1206","20.7777","38.1377","41.9301","11.0000","14.1747","28.4723","29.6557","73.7759","28.1078","37.8566","36.0435","14.9542","42.4266","18.8669","16.0129","21.6730","16.0910","24.8977","24.3766","25.6254","58.3436","39.0607","37.6177","16.1533","27.0643","29.6600","34.8952","29.2596","22.6932","17.5955","26.0183","28.0743","30.4377","38.4814","38.8294","25.8939","25.6304","38.7913","31.5382","206.9163","26.3672","32.7671","58.3048","56.3476","37.8609","42.6377"
"C:\Users\cfg364\Sommerlab Dropbox\Casper van der Luijt\Casper\Data\BioLog\OmniLog\CL2\DATA_2024\07\_NRRL 3483_Aspergillus oryzae__1_30_CL2_769_7#24#2024_A_14B_17.OKA","7/24/2024 10:32:48 PM","14-B","PM01","","NRRL 3483","Aspergillus oryzae","",37.0000,"47.4028","191.4050","82.5612","45.2676","38.0844","47.0109","34.4023","59.3541","43.3088","77.8763","107.6061","67.4545","36.7301","77.5619","66.7986","32.3045","42.7623","36.1795","27.8141","154.2023","32.8674","30.1203","43.3448","48.5691","36.0410","24.2802","26.5361","197.7709","38.8341","73.1468","72.8135","47.0208","86.3562","73.0609","37.6410","40.6257","34.5061","23.1213","28.4907","24.2542","38.6263","22.7561","25.2198","23.7647","29.7827","32.4166","76.3972","47.2115","49.5837","20.3445","21.9919","37.5625","47.6214","16.0439","20.0024","30.4246","34.1061","73.0812","30.9279","38.8840","36.6399","16.1143","48.3066","19.0049","18.9953","17.0011","18.0177","22.7307","23.4025","23.1145","59.0213","41.0314","37.5377","14.8660","28.5309","24.9993","38.0874","35.4764","27.5801","16.3293","24.8597","28.3894","25.5788","37.9896","39.3910","31.1097","25.2973","39.8282","27.9642","206.5852","26.3318","37.3632","62.3921","62.9017","38.2424","40.1585"
"C:\Users\cfg364\Sommerlab Dropbox\Casper van der Luijt\Casper\Data\BioLog\OmniLog\CL2\DATA_2024\07\_NRRL 3483_Aspergillus oryzae__1_30_CL2_769_7#24#2024_A_14B_17.OKA","7/24/2024 10:32:48 PM","14-B","PM01","","NRRL 3483","Aspergillus oryzae","",37.2500,"46.5389","193.6877","81.9362","45.9926","41.6003","50.4576","29.2180","56.4047","46.6926","70.8412","114.1460","66.6222","38.8356","75.8142","72.6827","33.3835","39.4224","35.8707","23.6411","152.6667","37.4734","29.2308","41.1543","48.6150","43.3708","27.7703","25.2997","204.0710","41.4665","70.8842","73.6006","50.2441","87.4430","73.4631","39.8738","43.8313","36.1191","20.7809","30.5420","27.1534","40.3507","22.3455","24.2363","25.2750","31.5365","30.5160","76.0504","45.5146","47.1388","19.6168","24.4970","36.1211","45.2994","14.1829","17.1018","30.2021","33.5347","78.7164","30.4095","42.9630","32.0705","16.3113","44.2151","21.4202","18.0578","20.7926","17.6769","22.2175","24.6584","26.2891","59.6698","43.0004","42.6910","18.8326","30.4777","28.6813","42.8453","32.3905","25.4908","18.8329","24.7283","32.1944","24.9550","39.1007","39.2182","27.6598","25.7259","40.1655","33.5086","202.7193","25.1667","34.9690","60.2861","63.6804","41.4909","42.8067"
"C:\Users\cfg364\Sommerlab Dropbox\Casper van der Luijt\Casper\Data\BioLog\OmniLog\CL2\DATA_2024\07\_NRRL 3483_Aspergillus oryzae__1_30_CL2_769_7#24#2024_A_14B_17.OKA","7/24/2024 10:32:48 PM","14-B","PM01","","NRRL 3483","Aspergillus oryzae","",37.5000,"53.0648","198.7251","85.7281","45.4586","42.9222","51.9541","35.4079","59.4391","44.1018","74.3731","116.6952","67.6250","37.7248","82.9175","73.7629","31.1478","39.6177","34.4340","24.5161","155.5026","34.7129","33.6461","47.8157","54.7374","39.1112","24.9489","28.5775","201.4927","39.7632","73.5009","72.6229","46.7356","85.1394","74.6260","41.5252","44.3223","33.9221","21.6997","28.0794","24.7542","40.0604","24.6905","26.4320","23.6804","34.3520","27.6807","75.3178","49.9812","49.5112","21.7338","20.0452","38.0749","48.9258","19.7258","20.8940","27.3169","35.9306","79.2803","32.1807","48.0487","37.0989","14.5382","48.9475","20.7637","18.7045","20.8661","20.7121","24.7778","29.2102","26.5605","64.1049","44.6999","36.7742","18.2598","31.3784","28.3589","42.4815","34.7414","26.0642","23.2188","23.7769","29.2799","28.6269","41.6502","41.2181","31.4777","27.6807","42.2523","34.8977","209.0444","26.7091","34.0554","66.3902","62.1720","41.0975","44.2311"
"C:\Users\cfg364\Sommerlab Dropbox\Casper van der Luijt\Casper\Data\BioLog\OmniLog\CL2\DATA_2024\07\_NRRL 3483_Aspergillus oryzae__1_30_CL2_769_7#24#2024_A_14B_17.OKA","7/24/2024 10:32:48 PM","14-B","PM01","","NRRL 3483","Aspergillus oryzae","",37.7500,"48.9781","198.2942","87.7168","47.7566","36.0632","50.6241","33.0533","62.8670","48.8188","75.0320","112.0697","68.2890","40.0388","82.6717","69.4877","36.1576","38.8529","32.6350","30.6164","154.7039","34.8724","32.0809","44.4199","50.3297","38.2383","28.8004","27.1724","199.2654","40.9671","76.8530","73.5730","46.4300","88.6023","73.2737","39.1832","41.2413","39.9199","24.3861","29.5290","23.3081","40.5218","26.8624","28.5028","24.0376","33.1160","27.2847","76.3343","49.8144","52.4501","21.2869","24.1959","38.6443","45.6128","16.2508","17.9361","29.2442","31.6573","79.1750","30.6633","42.7718","36.2551","16.9665","43.2288","17.1495","21.2456","20.2047","20.7273","25.8879","29.1173","24.2198","60.6665","43.3812","40.1682","18.8964","31.7567","27.6460","41.5700","35.0512","26.0045","21.0483","25.6904","25.0701","30.2272","37.4844","39.7568","29.9458","25.3856","42.3262","31.8938","207.5573","24.9940","32.8483","64.9469","63.3448","44.9133","44.1330"
"C:\Users\cfg364\Sommerlab Dropbox\Casper van der Luijt\Casper\Data\BioLog\OmniLog\CL2\DATA_2024\07\_NRRL 3483_Aspergillus oryzae__1_30_CL2_769_7#24#2024_A_14B_17.OKA","7/24/2024 10:32:48 PM","14-B","PM01","","NRRL 3483","Aspergillus oryzae","",38.0000,"49.8331","198.3638","90.3065","44.5335","36.6707","48.9706","34.3060","58.7020","44.6410","75.0181","116.3262","67.4717","40.7503","81.5483","74.5083","36.9970","33.3289","33.8164","30.8198","157.6142","39.2966","32.4107","47.1407","46.5600","36.3116","24.5363","27.9987","200.7471","42.5569","76.3187","76.2226","46.6824","86.2283","76.5477","43.8187","43.5074","34.1656","20.5487","30.2153","27.3240","41.7031","21.5156","27.2900","27.9975","31.0309","27.3361","79.0052","45.8517","48.4005","23.9994","16.5040","33.2735","46.1090","15.1778","20.5791","27.8244","34.6129","80.0613","32.2597","44.4241","35.0984","15.2041","44.6591","21.8735","19.7757","22.0295","19.7502","24.0595","21.2648","24.3730","64.8189","45.6266","37.5339","14.5449","31.1413","28.5264","43.2236","36.9924","27.9507","17.7541","24.6446","23.7561","27.8491","38.4445","43.1115","32.3305","24.4703","39.5709","28.0422","206.1015","27.1881","36.3514","68.6979","60.7004","37.4666","44.3370"
"C:\Users\cfg364\Sommerlab Dropbox\Casper van der Luijt\Casper\Data\BioLog\OmniLog\CL2\DATA_2024\07\_NRRL 3483_Aspergillus oryzae__1_30_CL2_769_7#24#2024_A_14B_17.OKA","7/24/2024 10:32:48 PM","14-B","PM01","","NRRL 3483","Aspergillus oryzae","",38.2500,"47.3176","196.9031","94.6617","45.7010","44.5020","51.4916","33.3183","64.8968","45.0531","76.4363","118.1192","72.1837","40.5848","81.7839","73.8213","34.3957","40.3492","32.8802","28.8082","157.2390","33.7236","32.2187","42.3716","51.8698","37.6102","30.7009","26.8537","203.4322","37.9098","75.9376","75.1667","48.3021","84.7821","80.2224","41.9454","44.0210","36.7817","27.6214","31.6460","26.1234","40.4915","21.1010","22.7958","25.5905","34.0227","30.1791","78.2669","46.8639","54.2509","23.6909","23.7033","38.6392","49.1189","15.0437","18.1511","35.0578","37.2326","85.0649","30.8468","42.4662","35.9386","18.1181","43.2671","18.9303","20.9929","22.1950","21.3659","22.8442","25.6036","25.5042","65.7195","42.9462","36.8765","21.5110","33.8820","31.4883","47.4477","34.0843","24.5774","22.0710","28.7735","27.5726","31.4823","39.9046","41.2558","30.4528","26.0018","42.4437","33.8546","208.5361","28.1822","36.0000","67.4108","67.8857","43.2333","43.1491"
"C:\Users\cfg364\Sommerlab Dropbox\Casper van der Luijt\Casper\Data\BioLog\OmniLog\CL2\DATA_2024\07\_NRRL 3483_Aspergillus oryzae__1_30_CL2_769_7#24#2024_A_14B_17.OKA","7/24/2024 10:32:48 PM","14-B","PM01","","NRRL 3483","Aspergillus oryzae","",38.5000,"48.5677","198.7194","89.1475","48.0579","42.2365","51.3087","36.5321","58.4186","40.9540","77.3351","113.4008","71.2830","36.7046","83.7225","76.7157","33.3383","36.6460","37.2373","26.4955","159.3885","34.2409","28.7813","48.4313","49.8961","35.8331","28.7409","25.1804","204.0007","42.6469","78.3727","75.2265","49.2519","85.0781","78.2289","40.6120","44.0856","37.1835","17.8676","28.5792","22.5783","37.3699","21.8118","25.3066","26.0886","31.1317","27.6429","77.9848","42.2330","50.8943","19.7871","25.9314","39.7298","43.3202","17.3503","17.0133","30.5268","38.2318","83.4562","31.0248","43.7631","31.3504","14.1146","46.2982","18.9678","20.4437","21.4884","21.4970","25.5855","21.0439","24.3881","67.3493","43.9016","40.1622","23.5862","34.0108","27.5641","43.1167","37.4666","25.7832","23.2633","24.7345","27.1563","30.6380","37.7305","40.8744","30.0719","25.5393","40.8555","31.7481","208.8276","29.9310","34.5494","68.2846","64.5525","36.2108","40.3061"
"C:\Users\cfg364\Sommerlab Dropbox\Casper van der Luijt\Casper\Data\BioLog\OmniLog\CL2\DATA_2024\07\_NRRL 3483_Aspergillus oryzae__1_30_CL2_769_7#24#2024_A_14B_17.OKA","7/24/2024 10:32:48 PM","14-B","PM01","","NRRL 3483","Aspergillus oryzae","",38.7500,"49.2450","201.4839","90.8792","41.3413","41.0988","52.2051","36.5020","57.1486","42.7471","78.3036","116.8025","74.8188","38.6509","86.9186","75.1522","34.3869","40.6613","36.0075","25.9885","157.0008","36.2411","34.0493","45.9008","51.3618","37.2424","22.8874","26.3530","202.8553","41.9108","82.3789","72.1643","53.0270","83.9604","75.5892","42.8637","47.0487","31.7643","20.7119","29.9386","25.6397","40.8428","23.0532","25.6135","23.6336","33.1866","24.9585","76.3294","49.4336","49.7113","25.2488","21.5162","41.8225","44.9256","13.0463","16.0071","32.4902","36.6020","80.4620","32.1577","39.8631","38.9031","18.5618","46.6769","15.3647","19.0551","18.1654","19.3308","24.5800","22.9377","22.9153","64.0766","45.2611","38.3966","23.4299","31.0721","32.3517","45.2680","36.0415","27.2497","18.2821","26.8375","30.0914","27.5818","38.4434","40.6425","30.3283","25.7291","44.6896","30.0380","207.2285","23.4339","36.8435","68.3326","68.4645","38.6622","42.6992"
"C:\Users\cfg364\Sommerlab Dropbox\Casper van der Luijt\Casper\Data\BioLog\OmniLog\CL2\DATA_2024\07\_NRRL 3483_Aspergillus oryzae__1_30_CL2_769_7#24#2024_A_14B_17.OKA","7/24/2024 10:32:48 PM","14-B","PM01","","NRRL 3483","Aspergillus oryzae","",39.0000,"49.2450","204.8636","94.1725","48.8003","45.6592","56.1770","36.7951","58.8479","47.6288","79.4042","118.8907","72.2621","39.1502","87.9007","75.4429","31.8880","34.8852","36.0708","27.8053","159.0384","35.7206","32.9658","46.2630","53.9605","38.8865","24.7868","22.8954","201.5963","44.5362","79.2946","74.8962","51.3012","90.3896","77.6187","43.3152","46.4577","28.7070","22.5103","27.2601","20.5029","41.3797","26.0979","26.4078","25.5846","33.2188","26.6584","80.0494","49.4008","51.8484","25.9533","19.8887","41.1334","45.9196","15.2185","17.4015","33.3119","38.4194","80.6587","32.3845","42.6922","39.4563","19.5231","43.4925","18.6071","16.8495","23.0581","17.6837","23.2188","26.8318","24.2963","66.8514","41.8568","37.6008","21.5861","33.2194","28.5004","44.9154","33.6979","24.8059","17.0101","26.6463","29.5478","28.6081","38.9413","40.3646","30.7085","30.2038","46.0446","29.7812","207.7784","29.3820","35.9926","69.6816","67.8549","41.9969","42.1393"
"C:\Users\cfg364\Sommerlab Dropbox\Casper van der Luijt\Casper\Data\BioLog\OmniLog\CL2\DATA_2024\07\_NRRL 3483_Aspergillus oryzae__1_30_CL2_769_7#24#2024_A_14B_17.OKA","7/24/2024 10:32:48 PM","14-B","PM01","","NRRL 3483","Aspergillus oryzae","",39.2500,"47.3227","201.6663","90.6305","47.0234","44.0060","59.1553","36.3878","62.7354","48.5810","84.4952","121.7646","72.0299","41.5881","88.1232","78.9871","39.1444","42.2348","38.9609","28.2061","158.4139","38.5797","39.6254","46.5763","54.3653","40.1748","25.3968","30.1192","203.9062","40.6015","79.4913","80.4236","56.0568","89.2314","80.2203","42.0299","47.2639","36.8250","20.8501","30.9844","27.2905","38.4461","24.8566","27.7328","25.3040","34.5501","34.4758","79.2651","52.2863","49.2852","19.3308","21.9871","40.0202","45.1152","16.7411","19.5617","32.8687","36.9775","78.8920","28.8060","47.6489","36.4790","21.0323","46.5253","22.6163","23.3151","23.1456","24.2330","25.2056","25.3998","29.2936","64.9616","42.8680","41.5180","18.0539","33.5091","29.8992","50.2007","41.0019","28.9213","18.8657","25.9940","33.4674","28.3397","39.4803","42.7109","33.3434","27.1305","47.1250","36.8833","209.8467","27.8282","36.9378","72.5511","70.4439","39.0014","45.1404"
"C:\Users\cfg364\Sommerlab Dropbox\Casper van der Luijt\Casper\Data\BioLog\OmniLog\CL2\DATA_2024\07\_NRRL 3483_Aspergillus oryzae__1_30_CL2_769_7#24#2024_A_14B_17.OKA","7/24/2024 10:32:48 PM","14-B","PM01","","NRRL 3483","Aspergillus oryzae","",39.5000,"50.0164","203.5002","98.3102","45.8439","42.5868","54.7738","36.7923","59.8176","48.3005","81.4263","119.2576","74.4793","34.2468","87.9119","80.8244","33.1658","40.6679","33.3735","26.4740","162.3009","35.8965","34.9740","44.2522","50.3192","35.7378","25.6913","28.2980","206.5806","42.9218","82.4498","77.2084","51.8654","88.5459","75.2536","41.2741","44.3450","38.3989","22.4008","28.0038","24.5094","45.8655","20.6555","25.9558","21.0969","35.0815","27.7475","81.5176","45.0687","50.1796","23.1043","23.3478","37.1795","47.1157","19.1617","18.9686","29.8188","35.0001","82.7179","30.5589","42.6368","38.6358","17.5677","44.4956","18.0501","17.6160","22.0009","20.5623","29.0074","28.8470","25.0082","65.6364","41.8622","38.4775","15.5321","34.3308","27.8461","45.5923","39.9389","24.8100","23.0140","25.2652","30.1378","26.7407","37.0719","42.4929","34.6550","25.5143","42.9683","32.5788","208.1613","25.2764","33.8375","75.7349","66.4179","40.2654","45.7008"
"C:\Users\cfg364\Sommerlab Dropbox\Casper van der Luijt\Casper\Data\BioLog\OmniLog\CL2\DATA_2024\07\_NRRL 3483_Aspergillus oryzae__1_30_CL2_769_7#24#2024_A_14B_17.OKA","7/24/2024 10:32:48 PM","14-B","PM01","","NRRL 3483","Aspergillus oryzae","",39.7500,"47.9296","204.0811","93.9655","47.3113","38.4787","64.1731","34.6056","61.9788","45.8891","81.1648","122.4071","75.5180","36.5389","86.1446","78.0833","34.4514","41.0073","35.8987","30.8574","160.0931","35.7135","32.0011","53.3196","54.0741","38.1472","28.6447","25.9911","204.4143","42.6380","75.8397","82.4763","52.9741","87.8150","77.2885","45.6425","44.5777","37.6343","23.3707","27.3510","23.7144","39.5080","24.9139","26.5887","24.2953","33.7834","32.1703","81.1752","48.1055","53.1215","24.4433","22.0463","39.6940","50.8457","16.9513","16.6735","32.1625","38.9911","89.0785","27.0316","43.9455","34.5974","16.1209","48.6782","19.4838","21.4398","17.7022","22.8231","20.8704","28.2602","26.2254","65.5789","43.0612","40.2441","21.9659","33.2718","27.4298","47.7213","40.9300","24.9105","24.1002","27.2143","26.4662","30.6149","37.6115","44.9988","32.1455","23.4768","46.6149","31.9388","214.9497","25.8767","31.9744","72.2000","70.6361","43.8948","42.9896"
"C:\Users\cfg364\Sommerlab Dropbox\Casper van der Luijt\Casper\Data\BioLog\OmniLog\CL2\DATA_2024\07\_NRRL 3483_Aspergillus oryzae__1_30_CL2_769_7#24#2024_A_14B_17.OKA","7/24/2024 10:32:48 PM","14-B","PM01","","NRRL 3483","Aspergillus oryzae","",40.0000,"48.8241","202.8335","97.0515","45.5688","43.2977","61.3854","38.3380","68.3253","53.2214","86.0509","121.2990","75.5869","39.9453","90.8395","76.0959","35.8721","40.6946","40.9184","28.7218","163.1351","33.7229","31.8838","48.7792","50.8790","40.7585","28.8613","28.1221","207.5657","43.9951","83.1955","80.9492","53.6478","88.6788","81.2258","43.9697","46.3863","35.5527","20.2085","31.6320","23.8035","43.9116","23.8196","25.9985","27.2238","36.6125","26.6886","80.3564","48.6728","48.5640","22.1867","22.2887","39.3481","45.8481","16.9656","21.5239","31.8224","41.8335","85.2344","30.3977","45.8677","34.4803","18.7687","52.0069","19.9725","22.8330","22.5069","24.0376","22.7826","25.6618","25.6112","67.0085","43.1035","37.5875","17.7030","39.0707","33.9996","47.5958","42.4627","26.7972","20.4205","26.8887","28.2639","30.0878","38.6957","41.7527","30.6105","28.1537","41.9226","32.7555","211.4545","27.7954","37.3610","77.1417","69.7516","44.6565","42.6042"
"C:\Users\cfg364\Sommerlab Dropbox\Casper van der Luijt\Casper\Data\BioLog\OmniLog\CL2\DATA_2024\07\_NRRL 3483_Aspergillus oryzae__1_30_CL2_769_7#24#2024_A_14B_17.OKA","7/24/2024 10:32:48 PM","14-B","PM01","","NRRL 3483","Aspergillus oryzae","",40.2500,"45.9912","203.8440","97.5030","48.2230","39.1497","60.1589","38.0761","66.7063","52.0606","84.3861","119.6293","75.6853","40.4762","87.8484","78.0695","34.9130","40.1343","34.3300","28.4626","159.8739","34.9980","30.3662","48.2169","52.4383","40.3474","24.8630","27.3667","207.7915","45.2762","80.2494","80.7256","55.8975","89.6109","79.7742","44.7424","44.0052","38.0872","18.7994","29.7449","24.8678","41.7576","22.9062","26.8920","30.6912","33.2816","29.0795","81.8933","46.2444","52.6390","21.5438","22.2262","40.8334","47.3466","16.9656","21.0498","29.9150","42.2145","88.4065","31.3692","44.6960","35.6574","14.2423","52.3455","17.7372","21.7167","22.5385","19.3971","24.7199","26.7431","27.9400","67.9764","39.8774","36.9113","19.4585","36.3722","32.8589","47.5315","44.3059","26.3205","19.8495","29.4143","29.9295","29.4141","39.4746","44.9394","36.1864","26.3727","43.6613","30.3560","211.5519","28.2058","36.4128","73.2944","73.1943","40.6468","44.2757"
"C:\Users\cfg364\Sommerlab Dropbox\Casper van der Luijt\Casper\Data\BioLog\OmniLog\CL2\DATA_2024\07\_NRRL 3483_Aspergillus oryzae__1_30_CL2_769_7#24#2024_A_14B_17.OKA","7/24/2024 10:32:48 PM","14-B","PM01","","NRRL 3483","Aspergillus oryzae","",40.5000,"49.0296","207.5085","101.9537","50.5570","42.3021","56.6961","41.7264","65.2893","52.2699","82.7589","123.7490","70.6770","42.5588","92.6147","80.0044","34.3267","41.0195","34.1494","27.7512","159.3826","36.9577","31.8349","45.6213","57.6061","41.7412","27.3324","26.5001","204.4514","46.8896","82.8894","81.0680","53.0153","88.7161","79.9931","45.9205","46.8882","36.9278","21.8832","28.4671","27.1896","45.4398","23.6847","27.0144","22.6816","34.5626","30.3716","81.7135","44.3929","49.6167","22.9351","24.1104","39.1962","45.0090","17.7495","20.9249","32.2895","40.3545","90.6549","34.3010","43.3449","36.1271","19.1620","49.8101","21.4805","23.3068","22.3628","19.1694","21.2563","24.3110","28.2878","73.2429","46.2520","47.9329","23.3681","34.9774","31.6481","51.0068","39.4382","28.9497","21.9908","25.0194","31.4804","32.2149","43.7972","41.0539","31.5210","28.9788","44.1624","32.5784","211.9203","30.0402","32.5190","76.6167","73.4915","36.6408","44.5217"
"C:\Users\cfg364\Sommerlab Dropbox\Casper van der Luijt\Casper\Data\BioLog\OmniLog\CL2\DATA_2024\07\_NRRL 3483_Aspergillus oryzae__1_30_CL2_769_7#24#2024_A_14B_17.OKA","7/24/2024 10:32:48 PM","14-B","PM01","","NRRL 3483","Aspergillus oryzae","",40.7500,"47.1702","210.7278","96.7741","49.9972","39.1985","63.4962","39.9543","67.4667","53.1126","85.5286","127.3935","77.7274","39.9985","93.3150","78.5155","32.3523","41.9489","37.7872","31.6790","163.1241","35.1600","33.1337","49.2711","50.5801","38.9010","28.3098","29.4878","208.7697","45.8551","86.9512","84.0295","54.2323","89.1908","78.6151","46.5718","46.3100","34.7731","19.0226","28.4338","24.7138","42.7174","28.2213","28.0407","28.1335","36.8298","34.6599","86.8069","48.2963","55.7738","19.7340","26.2904","39.8526","48.7912","16.0037","18.2130","34.9735","41.7098","88.9524","33.4484","43.7607","36.2873","18.4544","53.0272","18.7188","23.0624","18.7732","18.3379","27.2513","26.3193","27.0365","72.1497","46.8132","39.6860","21.6928","38.0740","31.4312","54.1201","45.1063","27.6847","23.5232","27.5319","30.1119","28.2545","37.9638","44.0836","35.0405","29.7679","48.0656","33.6866","212.3873","26.1831","36.5038","78.4476","76.1406","43.7916","44.2682"
"C:\Users\cfg364\Sommerlab Dropbox\Casper van der Luijt\Casper\Data\BioLog\OmniLog\CL2\DATA_2024\07\_NRRL 3483_Aspergillus oryzae__1_30_CL2_769_7#24#2024_A_14B_17.OKA","7/24/2024 10:32:48 PM","14-B","PM01","","NRRL 3483","Aspergillus oryzae","",41.0000,"51.4718","210.4753","97.7142","51.0740","44.8072","63.6714","38.7436","68.9530","52.8664","88.0435","124.9522","76.8039","41.7664","91.1676","82.2391","33.4358","37.7480","37.2534","31.5106","165.9068","39.9566","31.9937","49.2447","51.9117","39.5152","27.2549","27.7990","207.7015","44.8271","87.8530","84.5430","57.4993","87.6883","83.0982","47.0828","49.0071","38.5631","23.9488","29.3508","30.1746","43.0940","23.1626","28.6251","27.7458","37.7699","33.9275","83.0157","49.4194","51.7858","20.8234","23.6296","39.2663","49.1582","15.9941","16.6106","31.4838","41.4986","84.8803","29.5689","44.1868","39.9905","19.0785","52.0085","20.0195","23.0751","20.1272","20.3145","26.7056","29.6228","27.5244","69.4093","48.7271","40.8685","16.3145","40.6153","29.9646","48.2076","44.6095","29.7718","25.7073","25.3873","30.6570","27.0317","42.3314","45.4877","27.8555","29.1256","46.5404","33.1775","214.8025","30.8678","34.8427","77.3651","71.2261","40.1987","42.9217"
"C:\Users\cfg364\Sommerlab Dropbox\Casper van der Luijt\Casper\Data\BioLog\OmniLog\CL2\DATA_2024\07\_NRRL 3483_Aspergillus oryzae__1_30_CL2_769_7#24#2024_A_14B_17.OKA","7/24/2024 10:32:48 PM","14-B","PM01","","NRRL 3483","Aspergillus oryzae","",41.2500,"48.6789","212.2107","100.7713","53.1594","47.7346","63.7342","40.3822","70.8929","52.0411","91.8529","123.3851","78.0239","39.3771","91.9758","83.9315","37.1138","42.7238","35.0055","31.9525","162.6908","37.0744","32.0717","52.0793","58.2991","40.1788","32.6432","30.2895","209.0545","45.8848","84.6186","89.3938","57.7150","92.9668","85.3350","48.3298","48.6068","38.4459","23.4713","30.0007","25.4400","43.8850","23.4124","26.9327","29.3162","37.9194","36.7831","87.2545","50.4124","54.9445","22.5446","24.2725","42.6931","45.9298","16.4435","19.1456","31.0922","43.1386","87.1826","34.1266","46.8185","38.4512","23.0527","54.7668","20.2513","24.1005","20.6857","20.9884","24.3337","28.2057","31.3852","74.0272","42.7057","40.4727","20.2073","37.9609","31.5859","54.5930","47.0612","28.4025","22.1057","24.4352","30.5450","30.7190","38.5880","45.3214","33.3165","30.0527","51.7285","34.2084","216.5841","28.1960","36.3665","81.2561","80.4001","43.7776","47.0715"
"C:\Users\cfg364\Sommerlab Dropbox\Casper van der Luijt\Casper\Data\BioLog\OmniLog\CL2\DATA_2024\07\_NRRL 3483_Aspergillus oryzae__1_30_CL2_769_7#24#2024_A_14B_17.OKA","7/24/2024 10:32:48 PM","14-B","PM01","","NRRL 3483","Aspergillus oryzae","",41.5000,"50.9335","209.9560","100.7713","54.3262","43.7020","62.8639","37.8414","72.3714","52.1408","89.7959","121.8826","79.6025","41.3169","91.2548","84.1884","37.2408","41.5764","39.3991","28.2988","164.1815","36.3556","31.7414","54.1792","54.2806","37.0639","30.6284","30.6993","210.9527","47.9184","85.7263","88.8232","56.1396","92.8704","86.1036","44.7929","45.6353","36.8930","21.5827","27.7672","24.8933","40.4284","26.2961","26.5829","26.1945","37.9515","34.2890","88.7848","51.6880","55.3415","22.8973","21.9358","42.8180","48.5798","13.9577","21.3326","36.4311","43.3297","88.0298","30.2829","49.4835","36.6931","18.7481","52.1777","20.8411","21.5124","22.0151","21.5275","24.9038","24.6503","27.8178","72.8386","48.0370","42.1542","21.5135","35.2866","34.7601","56.1863","45.3106","27.0419","20.7730","26.4185","33.0721","30.4625","38.2749","45.2906","30.8652","34.3630","49.6028","33.9223","215.0757","25.6039","34.8167","78.1458","78.1625","42.7325","47.7211"
"C:\Users\cfg364\Sommerlab Dropbox\Casper van der Luijt\Casper\Data\BioLog\OmniLog\CL2\DATA_2024\07\_NRRL 3483_Aspergillus oryzae__1_30_CL2_769_7#24#2024_A_14B_17.OKA","7/24/2024 10:32:48 PM","14-B","PM01","","NRRL 3483","Aspergillus oryzae","",41.7500,"51.7640","206.4754","103.4237","52.6735","46.7318","63.9882","41.5011","67.4370","56.6483","87.7854","126.2615","83.2984","41.5728","96.5247","82.4462","36.4807","40.7578","39.9008","33.5270","169.1749","35.4000","40.1051","52.0374","58.5552","41.6252","29.0236","33.9645","206.7796","43.7820","90.6440","89.0560","62.1902","87.4497","82.1766","50.8014","49.6902","43.2633","22.8682","28.9284","25.9943","45.1637","27.2518","26.8923","28.1602","38.3799","34.6436","84.4940","48.4315","55.0446","22.3213","22.2738","40.8766","46.2676","14.8126","23.1429","35.1741","40.3909","89.7711","33.0973","48.3866","37.9225","17.3867","58.8432","21.6529","21.3223","24.7402","21.2539","28.2528","26.7951","26.6424","76.0310","47.4745","41.0844","20.4302","37.6327","35.5947","51.7631","45.5466","30.3813","24.4320","27.1118","31.6715","30.4304","41.8621","44.0768","30.8815","31.0026","46.5892","34.1009","213.7141","29.3804","39.6446","82.2450","74.3560","40.2598","46.6858"
"C:\Users\cfg364\Sommerlab Dropbox\Casper van der Luijt\Casper\Data\BioLog\OmniLog\CL2\DATA_2024\07\_NRRL 3483_Aspergillus oryzae__1_30_CL2_769_7#24#2024_A_14B_17.OKA","7/24/2024 10:32:48 PM","14-B","PM01","","NRRL 3483","Aspergillus oryzae","",42.0000,"49.6871","212.9856","106.9282","57.5963","44.3414","65.4532","39.9069","68.0009","55.4876","87.1114","132.2918","87.3754","43.6708","94.2735","83.0732","37.9213","40.5886","41.3208","29.6824","166.6434","42.7227","32.5556","50.7178","58.9721","39.5621","24.1352","27.2889","209.9864","48.6338","88.0340","87.5051","62.8977","95.6863","84.0968","54.0229","50.4011","44.3092","22.2472","34.6494","29.2623","37.6902","30.9842","28.0953","24.1691","39.8103","32.8292","88.0824","48.6628","55.7320","22.1581","24.3959","43.7383","48.0943","16.3168","23.1356","34.6855","42.6190","93.2591","30.3419","48.0116","39.1050","22.1218","56.0561","22.3784","24.7323","25.9659","25.7073","24.5780","26.5465","33.8245","75.9694","48.1993","42.7036","21.5503","36.4482","32.1694","56.3137","47.8193","27.1127","23.6319","28.8894","32.0977","33.1187","41.0593","45.9023","35.2586","32.9768","48.4800","32.4927","217.8348","31.5457","38.9626","81.5775","77.1068","45.2410","49.3835"
"C:\Users\cfg364\Sommerlab Dropbox\Casper van der Luijt\Casper\Data\BioLog\OmniLog\CL2\DATA_2024\07\_NRRL 3483_Aspergillus oryzae__1_30_CL2_769_7#24#2024_A_14B_17.OKA","7/24/2024 10:32:48 PM","14-B","PM01","","NRRL 3483","Aspergillus oryzae","",42.2500,"49.3271","210.2635","105.2743","57.4529","42.7268","65.6507","37.0821","74.7633","55.0928","92.1835","131.2104","82.1727","42.4688","96.4930","87.8407","35.0645","43.1061","40.1008","30.7705","166.7121","41.8706","33.8851","51.0730","55.5406","40.9188","30.4474","27.3255","213.8416","46.0181","88.6543","89.8828","60.6329","98.3204","88.0037","54.5125","45.5599","37.7734","23.4981","30.3239","28.0167","39.6456","27.9249","27.9300","28.0486","38.8774","35.1035","88.7320","45.6301","57.0718","25.3085","24.5386","40.9675","44.4313","21.3301","20.3075","34.4984","43.2996","93.0164","32.7298","46.8514","38.0356","23.2818","54.3560","19.2855","22.5177","22.4353","22.2933","28.4878","30.2011","25.7742","76.0494","46.3853","43.3617","21.3207","41.5441","32.5037","55.6796","47.6023","30.3958","19.8449","27.4041","32.5977","33.5357","43.1989","44.8284","35.1720","31.7134","49.3387","36.6457","217.0508","29.6616","37.1964","84.2825","76.3648","43.5359","50.7964"
"C:\Users\cfg364\Sommerlab Dropbox\Casper van der Luijt\Casper\Data\BioLog\OmniLog\CL2\DATA_2024\07\_NRRL 3483_Aspergillus oryzae__1_30_CL2_769_7#24#2024_A_14B_17.OKA","7/24/2024 10:32:48 PM","14-B","PM01","","NRRL 3483","Aspergillus oryzae","",42.5000,"54.7150","212.4986","103.8127","56.4831","46.6670","70.7466","38.1916","72.0859","60.1848","91.1855","128.0348","82.9998","44.9975","100.4391","88.3280","41.1888","44.7163","41.9685","32.3388","166.8614","40.9084","39.7719","59.5668","61.0825","43.3528","31.0808","29.1976","210.4714","50.8252","91.3570","86.7732","62.5152","96.9100","87.1045","49.7503","47.5219","40.1832","27.0463","34.3637","28.3266","41.0809","29.0938","28.0178","31.7224","38.4350","36.9764","91.1425","52.3540","59.7380","25.4361","29.3598","42.2876","49.7203","14.9355","23.2572","32.6589","47.2142","93.7914","34.9917","48.5768","40.6397","20.1895","57.9479","23.5438","26.2515","22.5829","24.8535","26.5557","30.2965","30.2791","78.7079","49.1294","43.3769","21.0169","38.8090","31.9402","58.0187","46.2325","27.3780","25.3390","28.8255","30.7525","35.0771","41.4368","46.2909","34.3016","34.1363","53.1730","34.7049","216.9942","29.8193","36.8594","82.8346","79.5195","44.5243","47.7693"
"C:\Users\cfg364\Sommerlab Dropbox\Casper van der Luijt\Casper\Data\BioLog\OmniLog\CL2\DATA_2024\07\_NRRL 3483_Aspergillus oryzae__1_30_CL2_769_7#24#2024_A_14B_17.OKA","7/24/2024 10:32:48 PM","14-B","PM01","","NRRL 3483","Aspergillus oryzae","",42.7500,"53.4007","213.6352","106.1352","53.5823","47.6020","68.7834","45.4955","74.4284","56.9621","94.6954","129.0834","86.5548","45.6335","95.4721","89.2793","38.4914","43.5363","42.4544","32.7427","172.1094","45.7091","33.8737","57.1942","62.5710","38.0139","28.3236","33.6562","214.9331","47.8707","93.2756","91.5263","64.4853","96.0831","86.0871","51.4700","52.1600","40.5958","22.7892","31.7309","31.1924","45.1541","24.9546","31.0089","34.0820","41.4171","34.4967","87.7871","49.8910","59.1921","25.4253","27.9218","45.9989","50.0783","19.2737","22.6673","37.4260","47.5636","94.8222","31.4800","51.8374","39.4240","21.2256","63.1391","19.5604","24.1114","23.5792","29.0744","28.1631","29.8931","30.2295","76.7307","47.3998","44.1181","20.9602","42.0423","38.3236","57.1720","50.2215","33.9430","19.5936","29.7951","32.4776","32.7547","44.0846","47.9753","34.4507","32.0039","50.0698","38.0218","219.6082","32.4987","42.8908","85.6522","83.0328","44.1883","47.9038"
"C:\Users\cfg364\Sommerlab Dropbox\Casper van der Luijt\Casper\Data\BioLog\OmniLog\CL2\DATA_2024\07\_NRRL 3483_Aspergillus oryzae__1_30_CL2_769_7#24#2024_A_14B_17.OKA","7/24/2024 10:32:48 PM","14-B","PM01","","NRRL 3483","Aspergillus oryzae","",43.0000,"55.1272","212.8742","108.2334","56.4692","45.8881","68.4333","42.6618","73.0734","60.9109","93.9708","130.6875","83.1729","42.2279","98.7381","90.4881","37.4061","42.4061","41.7298","31.7970","169.9088","42.2591","31.7922","52.3723","64.4820","43.9597","31.5258","27.3972","216.1547","50.0726","100.3941","93.4916","65.6351","98.5856","89.2496","53.7831","50.9679","42.8814","22.2849","33.2050","27.2074","45.5231","29.5369","31.0295","32.3758","40.0759","34.8746","94.3059","50.8078","56.6543","25.3741","27.5217","42.2389","51.4017","21.1952","19.8149","36.5610","46.2518","93.9524","34.9583","52.3555","40.3263","22.4839","58.9312","24.3753","21.7288","24.1952","27.6481","28.0693","28.5304","31.0903","78.2804","49.3348","47.3021","20.9827","42.5665","33.6011","60.2805","51.0721","31.9188","26.3196","30.5675","32.5487","32.7710","42.3318","42.6905","42.3328","37.1543","52.0750","37.9669","221.6047","31.9078","39.2359","81.2493","85.8197","45.6341","52.2919"
"C:\Users\cfg364\Sommerlab Dropbox\Casper van der Luijt\Casper\Data\BioLog\OmniLog\CL2\DATA_2024\07\_NRRL 3483_Aspergillus oryzae__1_30_CL2_769_7#24#2024_A_14B_17.OKA","7/24/2024 10:32:48 PM","14-B","PM01","","NRRL 3483","Aspergillus oryzae","",43.2500,"54.7486","214.3480","106.4774","57.8474","44.4071","69.0619","43.8387","73.4563","62.0889","93.0596","128.7164","85.4354","44.1372","101.2031","87.1271","37.4250","42.1128","40.8955","32.0947","171.8248","41.7194","36.3180","56.8465","60.6406","42.7851","29.4087","27.9393","216.5097","50.3282","92.7916","92.9166","67.5044","95.7180","87.9257","55.5598","50.2165","41.0280","27.2166","32.3302","32.1091","43.5455","27.5299","30.9951","32.0880","39.5974","35.7127","92.4831","55.8687","59.0779","24.6734","25.5339","43.5082","50.7039","17.5181","20.5884","37.8622","45.5753","100.0572","35.9064","46.7140","37.4350","23.8652","58.5073","23.2963","25.0342","25.9067","22.5655","27.5892","32.0223","27.7330","79.6749","46.1681","42.6019","23.9184","40.6802","32.4361","58.2793","53.1690","31.8762","25.8520","31.8009","34.4463","34.9945","43.7091","46.3080","38.5933","33.7796","53.8345","34.2693","217.4479","33.3966","36.6104","86.3287","78.7546","45.6546","45.8646"
"C:\Users\cfg364\Sommerlab Dropbox\Casper van der Luijt\Casper\Data\BioLog\OmniLog\CL2\DATA_2024\07\_NRRL 3483_Aspergillus oryzae__1_30_CL2_769_7#24#2024_A_14B_17.OKA","7/24/2024 10:32:48 PM","14-B","PM01","","NRRL 3483","Aspergillus oryzae","",43.5000,"53.1266","213.9443","111.2579","58.8913","45.9658","72.5302","40.6955","74.9457","61.8922","97.7517","134.1296","87.3150","46.1662","99.8514","88.6764","36.5501","39.3459","42.5533","33.4467","170.9606","42.6912","37.4453","55.3544","61.8051","39.2247","31.2846","34.0739","218.6127","44.1830","94.9132","90.4575","66.3888","94.8659","88.2260","53.8139","49.1981","41.6303","23.4568","30.9479","29.8542","42.8161","28.9639","29.9490","34.8110","46.8772","38.6926","93.2359","55.7797","58.7122","25.8345","23.6092","44.8930","53.4872","19.2415","20.6843","38.1243","46.9959","95.4987","34.0837","49.9544","44.5897","18.0796","61.2735","25.4315","22.0652","20.9103","27.0145","30.5315","26.7217","26.4933","83.2558","48.7506","44.9719","24.4217","41.6438","39.6531","61.2699","49.9756","32.3388","22.6278","29.2480","35.0308","35.2119","43.6063","47.8420","37.6694","33.6658","56.9385","33.4071","218.1887","31.4926","36.0374","85.1609","80.1823","44.0140","49.7013"
"C:\Users\cfg364\Sommerlab Dropbox\Casper van der Luijt\Casper\Data\BioLog\OmniLog\CL2\DATA_2024\07\_NRRL 3483_Aspergillus oryzae__1_30_CL2_769_7#24#2024_A_14B_17.OKA","7/24/2024 10:32:48 PM","14-B","PM01","","NRRL 3483","Aspergillus oryzae","",43.7500,"52.6915","216.4629","109.2373","57.9895","45.7243","67.2562","43.5912","74.2102","59.4358","95.6248","133.3182","82.0976","42.3959","101.1236","91.3340","36.7527","43.4994","41.1003","32.4275","170.1757","42.3453","33.6263","56.9834","60.3593","39.4268","28.8095","31.1675","216.5338","46.9133","96.1333","94.7121","63.5796","96.5771","88.6538","54.9224","53.5230","39.0463","23.3592","31.8192","24.0769","47.6538","23.7327","33.0036","31.1850","41.2535","39.5556","90.1913","52.4155","57.9154","19.6136","26.1463","45.2920","49.5725","15.5059","20.6138","41.3888","47.4596","95.9673","36.3571","51.9417","40.5494","21.0755","58.7710","20.9605","23.5725","21.7815","21.2314","30.1441","31.9516","27.1043","80.1296","47.3497","44.5896","21.7280","49.0071","35.7636","60.9680","53.8028","26.5163","23.1746","28.9838","32.8715","33.3853","43.5241","45.6863","37.0670","35.8021","55.3163","31.3560","222.5031","29.7111","39.1436","82.4516","82.5844","42.8829","47.5491"
"C:\Users\cfg364\Sommerlab Dropbox\Casper van der Luijt\Casper\Data\BioLog\OmniLog\CL2\DATA_2024\07\_NRRL 3483_Aspergillus oryzae__1_30_CL2_769_7#24#2024_A_14B_17.OKA","7/24/2024 10:32:48 PM","14-B","PM01","","NRRL 3483","Aspergillus oryzae","",44.0000,"53.3514","215.4909","113.7608","62.4477","47.8167","71.3644","47.6149","71.9238","63.7350","98.8174","136.9174","88.6537","42.2684","106.7101","90.9222","38.7451","41.9886","43.5383","35.0998","166.2629","44.9196","38.6017","55.2248","60.7492","40.9176","28.3436","32.2217","213.6838","52.3355","101.8018","96.0894","67.7664","93.3596","90.5792","58.9113","51.9544","43.5216","25.3328","34.7636","28.4412","43.8782","24.6854","30.6315","31.0460","43.0536","38.0552","93.3336","52.1217","59.1699","26.8320","25.3978","41.8613","53.0410","16.7836","18.6582","37.0075","49.4281","95.6342","36.6009","47.0504","41.6761","22.9457","61.3976","23.3337","21.3838","26.3444","24.3358","27.7343","29.5102","28.5406","84.1526","48.9436","45.1303","21.2113","41.8807","39.0509","63.6730","56.8995","30.1917","24.3632","27.9642","31.5164","30.7324","46.2718","47.4893","38.4671","34.0531","55.4002","36.3769","221.0408","32.9392","38.7772","86.5982","83.4076","43.9980","49.8865"
"C:\Users\cfg364\Sommerlab Dropbox\Casper van der Luijt\Casper\Data\BioLog\OmniLog\CL2\DATA_2024\07\_NRRL 3483_Aspergillus oryzae__1_30_CL2_769_7#24#2024_A_14B_17.OKA","7/24/2024 10:32:48 PM","14-B","PM01","","NRRL 3483","Aspergillus oryzae","",44.2500,"53.4907","216.5981","116.6601","62.5560","44.5142","74.6855","45.3646","76.7032","62.5343","100.4249","133.9478","85.5080","47.6739","101.8086","90.1176","40.1048","44.9190","44.1310","33.0951","168.9130","41.5362","39.5805","57.8496","67.4046","38.1080","28.9234","28.7989","218.0291","47.3566","98.4972","96.1019","65.6198","97.4234","90.9055","57.6052","52.5629","42.8229","23.5135","31.0126","30.4837","43.6679","29.5670","33.0808","34.8519","42.7318","38.9460","92.8357","53.3598","58.9185","25.7748","27.5705","43.1336","53.3096","19.9912","24.4097","38.0327","47.8900","100.9946","34.5261","51.7222","43.0121","24.7708","62.7474","21.7446","26.5468","23.3940","25.9781","29.5466","31.0772","28.9392","81.5525","50.9672","44.6491","22.0704","43.9655","39.2178","63.4580","55.1682","31.9364","24.2180","30.2964","29.8344","33.4744","44.0770","49.1245","39.1688","32.5135","55.1410","38.8522","220.3693","33.8917","36.9503","89.4093","81.8333","46.2399","51.7436"
"C:\Users\cfg364\Sommerlab Dropbox\Casper van der Luijt\Casper\Data\BioLog\OmniLog\CL2\DATA_2024\07\_NRRL 3483_Aspergillus oryzae__1_30_CL2_769_7#24#2024_A_14B_17.OKA","7/24/2024 10:32:48 PM","14-B","PM01","","NRRL 3483","Aspergillus oryzae","",44.5000,"52.3939","217.7873","115.0570","59.1610","46.9079","77.5980","46.4520","80.7569","60.8490","101.8956","136.6935","88.7387","45.7592","102.8768","94.5723","41.4460","40.1961","46.1551","33.4753","171.9554","39.3486","38.9441","57.6757","62.3623","40.6689","29.8044","31.1989","216.1189","49.5283","99.7989","95.7633","67.0299","99.7632","92.7184","53.0703","50.2976","44.9810","28.6499","31.9135","29.2996","44.5860","28.0780","33.2864","32.5515","38.4466","41.9973","90.1584","50.9113","59.4108","25.8159","27.1318","46.7064","50.6195","20.8154","23.0630","43.8668","51.6081","98.4155","35.7860","51.0638","42.2342","23.6142","64.9790","22.9505","26.3205","25.5539","23.8519","31.9919","33.3869","28.7751","81.7581","50.9864","44.9486","23.6880","43.7879","41.2296","60.4119","54.6061","30.0185","24.7843","33.1875","35.3952","33.2807","40.3501","51.7909","38.6981","36.7075","57.8741","43.4560","223.3232","32.1740","38.0193","85.2522","83.1936","44.4401","50.8399"
"C:\Users\cfg364\Sommerlab Dropbox\Casper van der Luijt\Casper\Data\BioLog\OmniLog\CL2\DATA_2024\07\_NRRL 3483_Aspergillus oryzae__1_30_CL2_769_7#24#2024_A_14B_17.OKA","7/24/2024 10:32:48 PM","14-B","PM01","","NRRL 3483","Aspergillus oryzae","",44.7500,"54.3623","214.7921","110.8508","59.4657","45.1407","78.0327","39.8928","74.5374","60.5495","95.0847","133.1407","87.8339","44.0507","106.6021","92.7320","39.4588","46.0162","44.2250","34.0009","171.7923","44.2487","35.0387","61.3803","64.9285","43.9861","29.3390","36.1585","216.4059","50.9152","101.9612","92.1255","70.4706","95.5382","89.5231","58.5650","51.7724","42.8853","25.3479","29.2639","28.7911","45.7438","24.5625","30.0109","34.3875","42.6435","38.6481","91.6850","53.5979","58.7731","26.2945","26.9530","43.5474","47.3866","17.9435","23.0384","36.8029","50.6845","98.3774","35.2262","51.5502","43.3022","21.1964","61.5372","21.1457","25.3323","23.1112","27.0942","32.5066","33.9721","31.3911","81.5698","48.7618","44.6561","24.3022","46.4916","38.4971","64.6603","54.9699","29.8467","23.2416","33.7639","32.1156","32.5060","42.2766","49.5182","39.4665","36.1428","58.3292","39.6179","222.5166","30.5493","41.0164","87.6768","84.7939","42.0177","49.9762"
"C:\Users\cfg364\Sommerlab Dropbox\Casper van der Luijt\Casper\Data\BioLog\OmniLog\CL2\DATA_2024\07\_NRRL 3483_Aspergillus oryzae__1_30_CL2_769_7#24#2024_A_14B_17.OKA","7/24/2024 10:32:48 PM","14-B","PM01","","NRRL 3483","Aspergillus oryzae","",45.0000,"53.1020","217.7813","115.7910","63.5799","52.1046","77.7912","44.7027","78.8463","63.1248","100.8897","135.2123","88.8495","46.1268","102.7966","93.7951","38.4039","45.0725","43.4080","34.9951","172.7388","42.5130","38.7915","56.2043","67.4461","41.4855","31.8786","28.9542","223.4517","51.7303","99.0305","96.8679","66.5199","105.9329","89.2852","58.9901","53.3162","44.8708","23.4503","33.4199","30.3954","44.3221","28.0088","32.9151","33.9876","42.0408","39.0231","92.5848","53.6007","63.9148","25.2223","26.2516","43.7117","55.3298","19.0860","24.4080","40.2928","51.3387","102.4933","34.0028","51.2108","43.5080","19.6216","65.0064","23.5055","28.6024","27.2187","23.1021","29.8777","33.4891","28.7123","80.9673","53.1603","44.6963","21.6824","45.8488","36.3472","67.0824","56.7962","30.6501","22.7025","28.4031","31.6928","38.1161","43.6684","46.8382","36.5699","37.4027","59.6670","39.0627","222.7895","35.1745","40.6210","89.6680","83.3075","42.4248","47.0576"
"C:\Users\cfg364\Sommerlab Dropbox\Casper van der Luijt\Casper\Data\BioLog\OmniLog\CL2\DATA_2024\07\_NRRL 3483_Aspergillus oryzae__1_30_CL2_769_7#24#2024_A_14B_17.OKA","7/24/2024 10:32:48 PM","14-B","PM01","","NRRL 3483","Aspergillus oryzae","",45.2500,"54.2635","220.2124","119.4451","62.1088","47.8744","76.9382","47.4991","79.6294","63.9499","97.5163","137.6846","94.6394","43.1593","105.4154","97.6837","35.8544","46.5773","44.1165","34.7630","173.4446","42.8896","38.8533","59.2895","66.7782","40.8441","28.5234","31.2411","219.9152","52.7316","101.1515","95.5660","64.8637","99.4056","94.5875","58.1830","52.0866","44.0819","25.4251","33.4707","29.7604","44.8554","28.6176","30.0356","32.1204","46.4274","43.1872","95.2468","52.2220","63.8273","28.6030","27.3200","44.0124","48.0483","18.2845","20.8859","41.3594","51.9285","100.4547","34.5932","57.4652","43.1545","23.1610","63.6661","22.7383","24.7871","25.7675","23.6894","30.0884","31.3878","29.6159","83.8076","46.6502","45.3496","19.1896","44.5838","42.7380","70.4374","57.5522","28.3891","20.8231","34.2816","35.4139","31.2625","46.1972","48.6809","39.1217","36.7282","60.0171","40.2392","222.2102","32.8787","42.8386","91.4245","83.6523","45.3367","52.2682"
"C:\Users\cfg364\Sommerlab Dropbox\Casper van der Luijt\Casper\Data\BioLog\OmniLog\CL2\DATA_2024\07\_NRRL 3483_Aspergillus oryzae__1_30_CL2_769_7#24#2024_A_14B_17.OKA","7/24/2024 10:32:48 PM","14-B","PM01","","NRRL 3483","Aspergillus oryzae","",45.5000,"54.3970","222.2386","118.1779","62.1342","44.6832","77.2086","45.4515","72.6407","66.2937","101.9262","135.0249","91.2537","42.7968","103.5893","94.0883","39.8563","40.5274","45.0025","32.8329","172.5240","45.1132","35.9806","55.3602","65.9654","40.2466","30.5211","31.2999","222.3240","53.9255","100.5687","97.1344","65.8377","101.7210","88.9949","59.5577","55.7975","43.1589","26.5539","27.6791","28.2462","46.9798","27.4465","28.4356","33.1268","39.3312","38.9057","97.1183","53.6962","59.5951","23.8280","27.7914","41.0460","51.8495","13.7685","23.1401","45.8350","49.5928","97.0768","31.6769","52.4997","43.4270","19.0134","65.8119","21.9665","23.3161","22.3658","23.0175","30.4729","34.8835","31.7870","84.1957","49.6250","46.5723","24.3638","45.6559","41.2581","69.7684","59.8691","28.2751","25.9139","30.2177","33.1986","31.3618","41.3571","47.6973","38.8362","37.1778","60.1290","36.4489","221.3197","28.8020","39.1220","93.1951","83.9968","47.5806","50.8340"
"C:\Users\cfg364\Sommerlab Dropbox\Casper van der Luijt\Casper\Data\BioLog\OmniLog\CL2\DATA_2024\07\_NRRL 3483_Aspergillus oryzae__1_30_CL2_769_7#24#2024_A_14B_17.OKA","7/24/2024 10:32:48 PM","14-B","PM01","","NRRL 3483","Aspergillus oryzae","",45.7500,"55.2953","222.7270","122.2765","64.5789","46.1449","80.9738","45.4603","84.5988","67.3589","107.3417","138.0485","92.3991","45.7657","103.6888","97.4891","42.2556","49.9942","46.5996","30.7410","171.3516","45.4331","39.3377","59.8596","68.4369","40.5995","25.1797","31.4678","223.0483","50.8751","102.3184","98.3957","71.2193","100.7450","89.5077","58.9885","55.0809","43.2302","23.5260","34.3596","30.1224","42.6912","29.7146","36.4829","34.6342","43.9872","37.6420","98.6779","53.7528","64.8771","31.8544","29.9960","50.0147","52.1702","18.4967","23.5487","42.5663","54.0989","96.2603","38.9874","52.6219","42.7435","22.6294","71.1233","26.0626","24.1920","24.3861","25.7000","25.4608","36.4464","30.7972","88.2493","46.3694","48.4605","24.3526","46.9603","40.6246","69.4491","54.8263","29.5803","23.9345","34.4345","34.9387","36.6645","41.9781","47.9015","42.2318","39.9355","64.9296","36.5432","221.1204","35.9852","39.9419","92.9860","84.5360","48.2247","56.1240"
"C:\Users\cfg364\Sommerlab Dropbox\Casper van der Luijt\Casper\Data\BioLog\OmniLog\CL2\DATA_2024\07\_NRRL 3483_Aspergillus oryzae__1_30_CL2_769_7#24#2024_A_14B_17.OKA","7/24/2024 10:32:48 PM","14-B","PM01","","NRRL 3483","Aspergillus oryzae","",46.0000,"53.9396","218.7626","120.7161","63.8840","45.9937","76.1813","42.8117","80.9450","68.7584","101.8529","137.1993","92.8001","49.4812","107.2283","97.7051","34.3918","40.7717","47.2813","33.4854","173.7287","44.2555","37.5356","62.5968","67.3812","41.9558","29.9281","31.1990","221.6513","53.9129","103.3817","99.8668","72.4623","98.3376","93.2943","60.6561","55.2401","42.0472","24.5123","34.4017","25.0071","47.8113","28.3841","30.4298","34.7969","43.2875","38.5056","95.2401","51.9252","60.7226","21.5177","27.8070","49.4740","54.0965","18.9846","24.5642","39.6964","49.4383","104.9142","34.9587","54.2888","40.9866","21.7267","64.3100","22.9556","26.2334","24.7249","24.3417","29.6619","36.0991","29.9287","84.5180","50.0481","46.1522","19.4501","49.4589","39.6617","70.4688","56.7143","28.5725","26.2192","31.4977","34.3404","35.8777","45.1755","50.1642","39.3524","34.9516","64.2173","34.6803","223.8394","34.2894","41.0715","91.2653","86.4736","46.4088","52.5164"
"C:\Users\cfg364\Sommerlab Dropbox\Casper van der Luijt\Casper\Data\BioLog\OmniLog\CL2\DATA_2024\07\_NRRL 3483_Aspergillus oryzae__1_30_CL2_769_7#24#2024_A_14B_17.OKA","7/24/2024 10:32:48 PM","14-B","PM01","","NRRL 3483","Aspergillus oryzae","",46.2500,"51.6023","220.7155","119.0951","66.0439","51.1929","80.3441","42.3390","76.5935","64.9603","101.9782","139.6871","91.6664","43.5578","106.7091","98.9433","35.5112","46.3102","40.9588","31.2196","172.4889","43.9005","36.9499","58.2811","70.2785","45.3024","30.5500","34.8615","218.8944","53.0588","104.6554","101.3977","69.4099","100.9989","94.1585","65.9150","54.2427","45.5271","26.6536","30.9696","28.5347","44.2185","29.4851","31.8907","33.5986","46.0935","38.8220","96.4893","51.8918","60.6324","28.3023","26.4964","44.8068","52.0589","20.5872","24.7168","41.7524","49.3202","98.7877","35.1183","50.5112","40.3712","20.1450","69.4110","23.2793","27.1938","23.8845","27.3982","30.7137","32.8727","28.3456","88.4129","47.5348","48.4310","23.0847","45.4257","43.2388","72.8456","61.1630","27.9809","25.1476","32.5945","37.9108","36.2663","41.8428","51.2664","36.5464","36.0221","61.5208","40.4444","222.2411","28.8138","42.1484","94.5301","85.7239","45.1297","50.9908"
"C:\Users\cfg364\Sommerlab Dropbox\Casper van der Luijt\Casper\Data\BioLog\OmniLog\CL2\DATA_2024\07\_NRRL 3483_Aspergillus oryzae__1_30_CL2_769_7#24#2024_A_14B_17.OKA","7/24/2024 10:32:48 PM","14-B","PM01","","NRRL 3483","Aspergillus oryzae","",46.5000,"51.4302","219.7668","121.3769","66.4225","46.0653","84.5404","47.6892","77.9614","70.1012","103.1490","139.0240","90.3016","41.8892","107.5879","97.1868","38.5038","43.8392","45.2060","34.7526","174.1506","41.9139","39.1366","63.6262","70.6630","41.6329","30.1680","32.8949","221.6334","49.0620","104.4671","101.3853","68.3689","102.6317","95.6856","64.5625","52.4233","44.4566","24.7487","32.7417","31.1589","46.2879","31.2470","32.8673","36.0074","45.5169","39.4873","98.9874","53.3389","65.5538","24.3223","25.9527","43.3551","50.5430","20.5126","19.8322","44.5966","51.4289","102.4829","36.9292","50.9054","42.1307","18.4477","66.3329","24.6188","24.6713","28.8980","26.5885","28.7623","35.3257","30.3602","86.9561","52.1755","50.0755","23.7822","48.8624","42.0419","71.6914","62.8308","28.5533","22.7906","34.5864","35.8549","35.7784","42.8477","48.1968","40.0292","35.5102","61.7343","36.8781","224.6610","33.4048","39.0202","93.7694","87.4608","45.9714","52.6843"
"C:\Users\cfg364\Sommerlab Dropbox\Casper van der Luijt\Casper\Data\BioLog\OmniLog\CL2\DATA_2024\07\_NRRL 3483_Aspergillus oryzae__1_30_CL2_769_7#24#2024_A_14B_17.OKA","7/24/2024 10:32:48 PM","14-B","PM01","","NRRL 3483","Aspergillus oryzae","",46.7500,"50.8302","221.2262","122.6099","67.4837","48.3435","83.2420","42.0317","82.6716","66.0252","102.6339","141.8964","95.0958","44.0906","108.3267","97.1530","37.0524","43.1738","47.4340","31.3303","174.4290","40.0857","40.0005","58.9594","70.7004","42.4592","30.9209","29.6684","225.1280","54.7601","105.5922","102.0509","72.2555","101.7260","94.7676","61.0774","52.0558","44.6226","26.0004","32.1518","28.1714","46.3298","25.6769","34.1766","35.2357","46.8318","40.2304","94.2333","51.4559","62.9285","27.0207","29.0652","44.8011","48.0874","14.6570","24.3120","40.1274","52.1290","99.1365","38.4861","52.3756","43.7515","22.5081","70.6583","21.7504","28.3671","23.6125","24.9464","29.8917","34.9647","27.1327","85.8119","49.9853","47.6353","27.0982","49.9150","42.1517","73.7757","58.6787","29.5971","22.5259","31.5181","33.4174","38.2391","41.8955","50.7742","39.3376","41.9779","65.8069","40.1987","223.8875","30.9352","42.2825","94.6665","88.7561","44.9722","53.9879"
"C:\Users\cfg364\Sommerlab Dropbox\Casper van der Luijt\Casper\Data\BioLog\OmniLog\CL2\DATA_2024\07\_NRRL 3483_Aspergillus oryzae__1_30_CL2_769_7#24#2024_A_14B_17.OKA","7/24/2024 10:32:48 PM","14-B","PM01","","NRRL 3483","Aspergillus oryzae","",47.0000,"52.5027","222.9153","125.6589","66.2538","44.9544","82.9849","43.0190","81.9767","66.4595","107.2724","140.9374","96.2752","45.5564","107.1657","98.0870","39.1968","47.7611","45.0241","34.8800","174.4290","37.3548","36.7636","62.4251","74.2818","42.2695","30.9535","29.5733","225.9340","51.7195","107.5866","104.1253","76.0760","102.2032","93.4838","61.6548","52.1545","43.3246","23.1634","29.9987","26.6894","46.7090","26.5607","35.3165","33.2611","46.9282","37.2584","95.4438","49.8508","64.9775","26.3773","24.9538","44.5808","50.3934","18.3140","22.6917","41.9062","54.3239","100.0860","36.8046","53.4811","44.9212","23.9466","68.8411","23.4954","25.0211","24.4344","25.5818","29.7021","35.3148","27.5818","86.6194","48.9470","45.2235","24.3358","53.5991","43.2301","70.2562","61.4815","30.0740","21.3226","30.6233","31.5252","40.1551","43.4527","50.3415","40.6704","42.2883","66.9462","39.3735","223.4354","32.3838","41.0502","91.4288","89.0461","46.5537","57.0453"
"C:\Users\cfg364\Sommerlab Dropbox\Casper van der Luijt\Casper\Data\BioLog\OmniLog\CL2\DATA_2024\07\_NRRL 3483_Aspergillus oryzae__1_30_CL2_769_7#24#2024_A_14B_17.OKA","7/24/2024 10:32:48 PM","14-B","PM01","","NRRL 3483","Aspergillus oryzae","",47.2500,"55.5197","223.6456","124.7998","71.0985","52.8389","81.2963","44.9120","79.5441","69.2364","104.7269","138.5862","95.9081","43.1156","113.3922","100.1800","43.1616","46.8419","50.8151","33.4398","176.7282","44.2984","42.3075","64.1497","73.0568","42.0018","31.2412","34.1383","226.4149","52.5917","107.2282","106.8190","74.9217","104.7909","93.3845","64.1811","52.2641","45.4757","23.0342","31.6832","24.4614","47.8026","27.5302","31.6030","33.8771","44.8530","39.6513","99.6846","56.2882","66.9469","25.1431","25.6187","42.8123","54.0473","20.7378","23.8769","38.4163","55.3764","98.2355","33.5618","54.0372","43.9364","17.1436","72.3383","22.7152","25.7347","24.0925","27.5104","27.4489","36.6728","29.6373","92.2141","49.3548","45.1943","21.7196","50.0306","39.7368","72.0782","58.8756","30.3153","23.8184","33.6450","36.3779","39.3120","48.9237","51.1890","41.0624","39.0343","67.4217","38.4255","224.3222","31.7998","43.4233","93.5968","89.8885","43.0984","53.5342"
"C:\Users\cfg364\Sommerlab Dropbox\Casper van der Luijt\Casper\Data\BioLog\OmniLog\CL2\DATA_2024\07\_NRRL 3483_Aspergillus oryzae__1_30_CL2_769_7#24#2024_A_14B_17.OKA","7/24/2024 10:32:48 PM","14-B","PM01","","NRRL 3483","Aspergillus oryzae","",47.5000,"54.4379","224.1825","124.0326","73.1913","47.5442","82.6793","45.9553","82.8217","71.5577","108.4878","142.1667","94.9020","45.5650","112.5932","99.5752","42.1389","43.1263","43.5103","35.1378","174.3937","43.3666","35.3972","62.5272","69.9753","43.7876","30.6744","32.8207","223.7264","53.3432","108.9963","104.7293","72.7261","103.3384","93.6183","62.8489","53.5362","42.0905","28.7490","31.7839","30.0441","43.2028","26.3972","28.9928","30.0389","43.3243","42.1775","94.6308","52.8922","63.2297","31.6429","30.2278","46.9407","51.2959","19.5307","23.2416","43.4435","53.7362","101.3220","38.5907","52.5757","44.5705","22.2323","72.4555","20.5544","28.1032","23.6658","25.6410","29.5718","38.3802","30.1205","90.1717","48.8405","52.8098","20.5484","51.9922","41.7922","69.7989","63.1656","28.9052","23.3870","28.8782","33.0671","34.2444","42.5798","48.6010","43.9861","40.9313","69.8074","37.4139","226.5914","34.5518","38.8097","93.0198","85.8308","44.6523","56.5711"
"C:\Users\cfg364\Sommerlab Dropbox\Casper van der Luijt\Casper\Data\BioLog\OmniLog\CL2\DATA_2024\07\_NRRL 3483_Aspergillus oryzae__1_30_CL2_769_7#24#2024_A_14B_17.OKA","7/24/2024 10:32:48 PM","14-B","PM01","","NRRL 3483","Aspergillus oryzae","",47.7500,"53.3814","226.0240","124.9690","67.3775","45.8152","85.6866","43.3119","84.8137","73.6208","108.6581","139.7374","94.7512","46.2943","115.9146","101.4345","42.5592","47.1281","44.9427","32.4218","176.8766","44.9543","39.0307","60.5441","70.4967","41.6412","30.1397","32.3668","226.1403","54.1404","108.6830","104.4052","69.4407","100.9635","94.2999","62.4030","51.2334","44.1520","24.3778","32.5750","30.0769","45.2312","30.8436","29.9353","29.4587","50.0115","36.0521","98.6532","55.5095","63.9796","28.4072","24.4490","42.0736","48.2734","13.3988","22.6307","42.0565","55.3573","102.2300","35.6466","52.5153","40.5639","22.2002","70.8648","22.4579","29.1252","25.8377","26.0022","30.9664","37.1260","29.0422","93.0800","51.9445","49.9819","24.0296","48.5295","42.8851","76.1884","63.2465","28.8526","26.3210","30.0863","35.4623","38.4998","46.0080","49.7795","40.5971","40.3415","65.8137","36.1959","226.1891","31.5722","37.8358","94.5856","87.6235","42.7602","55.4446"
"C:\Users\cfg364\Sommerlab Dropbox\Casper van der Luijt\Casper\Data\BioLog\OmniLog\CL2\DATA_2024\07\_NRRL 3483_Aspergillus oryzae__1_30_CL2_769_7#24#2024_A_14B_17.OKA","7/24/2024 10:32:48 PM","14-B","PM01","","NRRL 3483","Aspergillus oryzae","",48.0000,"54.3212","223.5000","126.7196","69.5903","51.1199","84.5434","48.1200","88.1855","71.4442","108.6126","143.7647","95.6770","43.6899","114.4447","103.5019","43.8703","46.1825","45.2137","40.6669","172.9372","42.7892","39.3771","63.6933","68.3579","48.9864","31.5450","34.7666","225.9758","53.6780","109.0963","104.8972","70.2081","103.1814","93.4555","66.4836","52.9700","45.3951","24.3367","33.8619","27.7641","42.7956","27.7133","31.9947","32.8719","50.1026","39.7410","101.0509","54.4730","60.7504","26.1981","27.1463","47.9497","50.4488","16.8327","22.8639","43.7804","60.4334","98.1610","36.2003","51.3334","39.8193","22.5392","76.1529","23.5338","21.7403","21.3604","25.5210","26.6797","33.9454","28.6897","92.3864","54.8302","46.4447","20.0005","51.9725","42.6980","77.9417","62.8246","30.4768","24.5338","34.0652","32.1747","35.3277","41.8183","53.3374","41.4454","40.9594","69.1300","35.7427","226.0575","32.7349","41.1427","97.3923","89.0927","45.0165","51.0124"
"C:\Users\cfg364\Sommerlab Dropbox\Casper van der Luijt\Casper\Data\BioLog\OmniLog\CL2\DATA_2024\07\_NRRL 3483_Aspergillus oryzae__1_30_CL2_769_7#24#2024_A_14B_17.OKA","7/24/2024 10:32:48 PM","14-B","PM01","","NRRL 3483","Aspergillus oryzae","",48.2500,"54.9880","224.1470","131.5224","64.6184","52.5212","90.6534","46.7950","83.2467","79.7563","110.1258","144.4585","97.9928","46.6796","116.6079","104.0359","37.3170","45.6721","41.8602","33.8665","176.9815","46.5466","40.4809","63.8741","74.1355","42.7430","33.2861","34.3485","224.1759","47.9947","112.3878","106.0195","71.2231","99.9818","96.5484","64.2173","54.8403","46.3823","25.3497","30.9732","26.0516","47.9841","27.9383","30.5091","33.6645","48.5294","41.6950","97.0341","55.9625","65.5740","24.3297","27.0624","44.1460","52.4533","20.5580","23.5905","44.4673","58.9556","107.9298","36.2318","54.0071","43.2412","23.5265","75.6392","25.8654","30.1902","28.4886","27.1388","31.1794","37.6942","32.9085","94.4575","53.6193","49.7747","23.8354","55.7940","42.5609","80.5129","62.2357","33.0176","23.9708","34.6854","31.1312","37.5924","44.1987","52.9567","37.4971","40.7922","70.7230","40.5134","226.8241","34.1703","42.8449","94.5286","87.1646","41.5568","59.9731"
"C:\Users\cfg364\Sommerlab Dropbox\Casper van der Luijt\Casper\Data\BioLog\OmniLog\CL2\DATA_2024\07\_NRRL 3483_Aspergillus oryzae__1_30_CL2_769_7#24#2024_A_14B_17.OKA","7/24/2024 10:32:48 PM","14-B","PM01","","NRRL 3483","Aspergillus oryzae","",48.5000,"56.6034","225.7644","127.6839","70.3655","51.2582","87.2796","45.1293","85.5986","77.0127","110.5892","140.5703","91.5378","45.1800","114.7308","100.7946","39.9040","46.0797","46.0218","35.7397","174.6694","47.1965","42.7587","64.0057","72.3514","43.5064","32.8300","34.4746","225.8819","53.5439","109.4467","106.8503","72.5728","102.9585","94.7097","64.5704","50.7798","44.8908","21.1984","28.9506","28.5816","45.3152","27.1827","30.4773","35.7744","44.9858","39.6726","99.4885","55.1828","68.3195","22.1349","26.0663","45.6282","50.9808","20.8400","20.8314","43.3549","57.3613","107.3139","39.2364","55.7502","42.6578","24.8433","75.2100","24.7147","26.7360","27.7350","24.3169","30.8005","36.9279","30.1660","92.9792","49.5394","49.8051","23.8672","53.3727","39.5448","78.9796","64.2211","32.0068","22.7370","30.6105","36.6769","34.1127","44.6668","53.9082","41.3685","40.5421","67.4085","35.9607","226.8883","32.0840","41.7053","94.6250","90.4860","43.3673","54.0407"
"C:\Users\cfg364\Sommerlab Dropbox\Casper van der Luijt\Casper\Data\BioLog\OmniLog\CL2\DATA_2024\07\_NRRL 3483_Aspergillus oryzae__1_30_CL2_769_7#24#2024_A_14B_17.OKA","7/24/2024 10:32:48 PM","14-B","PM01","","NRRL 3483","Aspergillus oryzae","",48.7500,"52.7009","225.4972","130.6536","70.9844","53.3737","89.6416","52.7717","87.3952","76.1098","108.4982","142.1042","97.6716","43.4444","116.0721","104.9988","40.8015","49.4274","44.0969","35.4382","177.4583","48.3930","39.7829","62.7501","77.6143","46.0845","33.7052","32.8030","225.8277","52.3775","112.5306","110.1645","72.0393","104.6403","97.9003","68.6266","53.0449","49.9183","25.8267","31.5716","30.1130","47.4784","33.3948","34.8428","36.9266","46.4868","45.8079","103.5888","56.4774","66.5387","32.5717","24.2686","48.4852","53.9151","17.4451","23.4241","47.2234","62.2651","103.2315","33.5739","51.8372","48.3818","23.6813","78.7070","21.8639","26.7667","25.7315","26.4243","31.7557","41.5522","28.1519","96.3289","56.3187","49.1108","23.0966","53.4534","44.9418","81.7850","65.6208","29.4450","25.8053","32.1124","34.4741","37.3048","44.5271","52.7657","44.5201","40.8843","73.2351","39.0492","224.9691","34.9423","43.7507","96.5222","89.9092","45.0902","56.5435"
"C:\Users\cfg364\Sommerlab Dropbox\Casper van der Luijt\Casper\Data\BioLog\OmniLog\CL2\DATA_2024\07\_NRRL 3483_Aspergillus oryzae__1_30_CL2_769_7#24#2024_A_14B_17.OKA","7/24/2024 10:32:48 PM","14-B","PM01","","NRRL 3483","Aspergillus oryzae","",49.0000,"53.7020","222.4873","129.5343","67.6792","48.2390","87.0400","51.1886","85.2316","73.6554","107.6061","142.0592","100.5567","47.7779","115.5729","100.7832","42.1935","46.7188","46.7871","33.5647","177.5102","42.4223","40.0957","65.9213","72.5262","42.8972","30.8205","28.9390","229.1581","51.8515","116.2784","109.9809","72.2038","106.9020","96.3026","62.1191","54.7901","44.4975","19.1103","34.4991","23.9463","47.2052","32.6128","34.7807","33.3080","47.3445","42.1063","101.6216","50.6439","68.3844","27.2082","27.4738","43.0452","53.4617","18.7918","21.5079","45.3172","55.9992","102.1065","36.1753","58.4987","43.1820","23.8273","74.3491","24.1706","28.9479","26.4615","26.3931","32.8320","40.9318","35.8412","96.0709","49.8170","48.1131","20.0432","55.5745","41.7868","80.1248","68.1290","27.2396","24.3716","30.0889","35.1087","37.2893","39.7357","48.7186","40.5363","44.7852","68.6931","41.8912","226.3088","30.5584","37.5924","95.3833","87.9746","44.9089","58.0538"
"C:\Users\cfg364\Sommerlab Dropbox\Casper van der Luijt\Casper\Data\BioLog\OmniLog\CL2\DATA_2024\07\_NRRL 3483_Aspergillus oryzae__1_30_CL2_769_7#24#2024_A_14B_17.OKA","7/24/2024 10:32:48 PM","14-B","PM01","","NRRL 3483","Aspergillus oryzae","",49.2500,"52.5014","226.9677","129.6743","69.7756","51.4145","87.1083","46.8805","90.1874","72.0860","111.8017","140.7260","98.3062","42.9664","114.1885","106.6234","40.6363","46.8584","43.3442","35.8185","177.1230","44.7990","39.7807","65.9130","74.4734","47.1374","31.6158","35.0869","225.3680","52.3878","113.3817","110.7543","75.5854","102.5627","97.9325","65.3642","51.5156","51.6522","19.4620","31.8417","30.9703","47.8439","34.3595","33.7441","31.8698","45.6893","42.2567","99.8814","54.5697","63.2831","27.4783","26.1886","47.5859","52.0380","17.8493","22.8126","45.2599","58.8694","101.7837","35.9733","50.6793","45.1084","21.3870","73.2661","21.4603","27.1899","26.0325","28.6056","29.0737","39.9577","32.0757","95.3935","51.6418","49.0684","22.5409","52.8150","44.4158","82.4786","69.8957","29.9690","23.9403","32.1013","33.5544","41.1495","45.6844","53.1447","42.2458","38.4053","71.9044","37.1988","227.2337","30.3225","41.4297","96.3094","89.3456","41.3046","55.1193"
"C:\Users\cfg364\Sommerlab Dropbox\Casper van der Luijt\Casper\Data\BioLog\OmniLog\CL2\DATA_2024\07\_NRRL 3483_Aspergillus oryzae__1_30_CL2_769_7#24#2024_A_14B_17.OKA","7/24/2024 10:32:48 PM","14-B","PM01","","NRRL 3483","Aspergillus oryzae","",49.5000,"55.6390","225.5568","133.8931","69.9149","52.9846","91.7101","43.1855","86.7583","74.1366","107.1508","143.8851","96.3160","46.5181","121.3246","104.2165","40.1267","45.5067","44.7584","33.8047","175.1411","46.4302","38.7868","63.3388","79.6026","42.8107","33.0457","32.7310","229.2337","53.1039","114.5900","107.2476","72.7464","106.2118","98.1224","65.5798","52.8568","46.4458","22.8973","26.8802","28.6295","44.3944","28.5604","33.5953","35.4173","44.5594","40.4641","100.2805","50.5150","64.2054","25.4505","28.3482","46.3119","53.5192","19.8209","20.4395","47.5992","59.7344","108.4452","32.0981","54.9644","43.7066","21.3244","77.7531","24.7287","25.0335","26.3903","29.7598","33.2140","40.9197","33.0363","94.4523","51.4238","47.7500","26.4983","52.2661","43.5920","79.8371","71.8325","32.4962","23.9315","35.9418","36.6278","38.0641","48.2595","55.9602","43.1298","45.0911","69.8114","38.6639","226.6741","30.7873","46.0900","94.9382","90.2645","43.0192","58.4292"
"C:\Users\cfg364\Sommerlab Dropbox\Casper van der Luijt\Casper\Data\BioLog\OmniLog\CL2\DATA_2024\07\_NRRL 3483_Aspergillus oryzae__1_30_CL2_769_7#24#2024_A_14B_17.OKA","7/24/2024 10:32:48 PM","14-B","PM01","","NRRL 3483","Aspergillus oryzae","",49.7500,"54.0541","226.1841","138.1465","69.6914","47.5663","90.2487","50.5898","86.5858","76.0405","112.9276","147.7599","103.6173","48.0040","118.5186","103.3001","42.5133","50.4065","44.5451","34.4040","178.5412","48.1104","37.7600","62.5822","72.9392","45.9929","31.6699","35.0044","229.8526","52.0956","114.0428","112.3211","79.5781","107.5895","95.2941","69.5280","56.6539","47.6674","23.4085","32.2058","29.3359","46.2872","34.6128","33.3147","34.4822","43.3800","39.1715","103.2284","53.1935","71.0484","28.7727","26.8861","46.2706","54.4710","18.9886","23.4860","46.9620","55.8613","108.2935","32.8733","55.7952","44.5339","25.1062","77.6139","27.6339","28.9887","29.1401","30.0336","31.9974","42.4685","34.6464","95.4183","55.1229","51.9349","24.5269","56.8385","47.2921","81.2132","69.4693","29.7248","25.6574","34.3656","34.6879","37.7631","42.7136","56.8978","42.8686","41.0110","71.0774","38.7874","228.6963","34.7164","40.9848","97.3377","90.5746","47.7182","57.4388"
"C:\Users\cfg364\Sommerlab Dropbox\Casper van der Luijt\Casper\Data\BioLog\OmniLog\CL2\DATA_2024\07\_NRRL 3483_Aspergillus oryzae__1_30_CL2_769_7#24#2024_A_14B_17.OKA","7/24/2024 10:32:48 PM","14-B","PM01","","NRRL 3483","Aspergillus oryzae","",50.0000,"53.4315","226.4105","135.6814","69.8175","46.3612","92.0520","48.3940","87.4821","74.7717","110.2806","145.7707","103.9442","47.5987","117.8596","102.9128","45.0943","45.0100","46.4246","33.7233","178.9305","48.7273","42.0390","67.8625","76.5145","45.1665","32.4824","35.0358","233.1335","50.5561","114.4219","109.3223","76.2429","107.6215","97.6044","68.6635","56.0643","49.1556","22.6882","33.6259","28.6936","48.5065","32.7700","32.2612","37.9140","45.4911","40.1226","103.6846","52.2479","70.0735","28.3864","27.8517","49.9323","51.5325","19.1773","24.0579","48.4869","60.3027","109.8228","36.7793","54.2418","43.6376","23.0046","77.2739","25.5006","29.4353","27.7229","26.8876","33.0709","43.4847","31.8215","96.4525","56.8741","52.5123","21.6942","55.5652","47.2921","84.0359","71.6961","30.6753","25.0559","30.9005","37.0663","35.3563","41.5910","56.5906","40.7398","43.8558","77.0421","37.3852","226.6307","32.3795","42.0590","96.4373","86.0266","45.3738","57.6251"
"C:\Users\cfg364\Sommerlab Dropbox\Casper van der Luijt\Casper\Data\BioLog\OmniLog\CL2\DATA_2024\07\_NRRL 3483_Aspergillus oryzae__1_30_CL2_769_7#24#2024_A_14B_17.OKA","7/24/2024 10:32:48 PM","14-B","PM01","","NRRL 3483","Aspergillus oryzae","",50.2500,"54.7336","226.5153","137.2017","70.3133","50.4541","93.3038","48.5077","88.4175","75.0489","112.0499","145.1912","98.7289","45.3911","115.0279","105.6347","37.9081","44.3062","40.9390","32.7566","176.9530","47.5658","39.1114","64.6472","78.1607","47.3212","32.2402","29.0871","228.8161","50.3083","118.6495","111.1653","70.3575","107.6055","97.2109","71.3836","52.0738","47.5257","23.8034","34.1990","25.4681","45.0912","28.8306","35.5581","34.8446","49.1833","41.2016","100.8710","56.6884","67.1379","28.8910","29.4945","46.5268","53.1324","17.3344","23.1918","47.9056","58.2010","103.1340","36.9067","55.5301","45.4861","28.8281","77.6811","23.8665","26.0165","26.1471","24.6944","32.1676","42.2825","29.8584","100.0580","53.4562","49.3139","20.9597","55.1223","40.4816","82.9236","72.9613","30.8675","25.0624","30.3050","36.2371","35.9226","43.3804","55.0450","40.4275","46.3443","73.5483","36.7915","225.2303","32.9075","41.7672","96.1743","90.9575","47.3897","56.3980"
"C:\Users\cfg364\Sommerlab Dropbox\Casper van der Luijt\Casper\Data\BioLog\OmniLog\CL2\DATA_2024\07\_NRRL 3483_Aspergillus oryzae__1_30_CL2_769_7#24#2024_A_14B_17.OKA","7/24/2024 10:32:48 PM","14-B","PM01","","NRRL 3483","Aspergillus oryzae","",50.5000,"52.8909","227.0759","134.4102","69.1811","47.3148","95.7679","46.0260","86.8128","77.6452","112.9237","144.3471","97.0508","48.0203","120.2028","101.6994","38.0943","48.1198","45.2938","32.6573","178.7162","44.1996","40.5549","70.0040","74.8047","39.0234","28.0157","30.9874","228.0062","52.1593","112.3659","113.5412","71.5266","104.7594","96.5795","66.3409","55.6554","47.0003","27.8160","35.1502","27.3239","46.1034","29.9350","36.2478","34.8901","49.7773","41.6836","99.3955","51.3446","69.0410","26.1371","25.5043","45.3898","54.2785","18.7985","19.0014","45.4483","57.4428","106.6608","36.1166","52.6517","43.8630","21.9328","78.9654","24.8401","25.9309","25.1140","24.3506","30.5624","43.6484","29.1246","98.5756","53.2993","49.3383","19.8875","56.7277","45.6478","81.4700","69.3189","30.8390","21.4084","30.1340","32.3766","34.0545","40.9904","55.2096","42.1216","44.4599","72.5699","41.3323","225.6934","31.4272","42.3057","96.8441","91.7947","44.6313","58.0192"
"C:\Users\cfg364\Sommerlab Dropbox\Casper van der Luijt\Casper\Data\BioLog\OmniLog\CL2\DATA_2024\07\_NRRL 3483_Aspergillus oryzae__1_30_CL2_769_7#24#2024_A_14B_17.OKA","7/24/2024 10:32:48 PM","14-B","PM01","","NRRL 3483","Aspergillus oryzae","",50.7500,"53.2327","228.8558","137.7886","71.3898","49.1163","93.0272","48.1388","90.8689","80.0384","115.3002","146.2850","98.7031","46.8975","119.6419","104.8694","40.7494","46.2106","46.9542","33.8533","181.2790","47.7905","41.0147","69.1160","75.1359","46.2203","32.5969","34.2661","230.0340","52.5666","114.0496","113.0000","76.8776","106.2044","98.5436","70.8210","54.3391","44.8453","25.8071","33.0147","27.4527","45.4663","29.7463","33.1750","32.5554","47.6463","42.2058","102.6731","52.8583","70.5135","26.0725","26.0669","47.5902","52.2131","19.8320","21.9342","45.6075","56.8983","110.9617","36.8639","53.2257","45.1887","22.6702","80.2938","23.3161","25.5777","27.2611","25.1117","31.1945","46.0891","30.1173","98.6398","51.9824","51.3609","20.5908","58.9643","47.0721","84.9005","70.2166","28.7758","23.8201","33.5428","34.5880","37.7150","44.1523","54.0967","41.8040","44.3040","74.8664","41.7439","227.5185","34.3274","40.5541","98.6664","90.8302","46.6021","60.5900"
"C:\Users\cfg364\Sommerlab Dropbox\Casper van der Luijt\Casper\Data\BioLog\OmniLog\CL2\DATA_2024\07\_NRRL 3483_Aspergillus oryzae__1_30_CL2_769_7#24#2024_A_14B_17.OKA","7/24/2024 10:32:48 PM","14-B","PM01","","NRRL 3483","Aspergillus oryzae","",51.0000,"52.4862","225.7895","144.5090","68.3247","55.3681","95.7096","52.1786","92.1675","82.6262","115.2466","150.5162","102.4603","48.1991","120.0743","110.1935","41.3571","47.2942","46.6982","33.3940","182.9952","51.9798","43.1742","68.2583","80.9247","45.8754","34.3606","33.9738","229.1735","55.3204","117.2976","115.3080","73.2532","107.7263","97.4659","73.0321","53.1311","50.4752","26.0065","30.8740","28.2835","50.7287","30.9508","33.4737","32.0519","46.7075","39.6802","101.9780","58.6265","71.6054","25.6684","27.9838","47.5158","54.9096","17.0195","19.0718","52.0282","58.8373","106.9394","37.1633","56.3536","45.6330","25.1401","81.3158","24.4876","27.2709","27.0865","28.7530","32.9163","46.1485","33.5009","101.4324","51.7667","53.0042","23.8692","56.5124","47.2966","88.3165","77.6741","33.2750","22.1258","34.1336","36.3498","39.5329","40.3395","54.1450","42.5272","43.8266","79.7646","37.7514","225.4848","33.8914","43.4348","102.3345","92.1197","48.7778","58.9218"
"C:\Users\cfg364\Sommerlab Dropbox\Casper van der Luijt\Casper\Data\BioLog\OmniLog\CL2\DATA_2024\07\_NRRL 3483_Aspergillus oryzae__1_30_CL2_769_7#24#2024_A_14B_17.OKA","7/24/2024 10:32:48 PM","14-B","PM01","","NRRL 3483","Aspergillus oryzae","",51.2500,"56.7596","233.1415","141.4133","72.9752","48.7413","95.0642","49.7910","92.1342","87.6480","114.3748","149.3582","101.2065","50.7101","121.9572","108.5843","42.8878","49.4882","48.4194","33.8794","180.4931","51.0742","45.2341","68.5541","84.4061","47.4205","34.8797","34.7322","232.5583","52.2239","115.9023","117.6736","73.7033","106.6691","98.9188","73.8356","54.8440","49.4922","26.5599","32.0746","30.8808","50.9489","32.6789","35.0925","34.3201","50.0359","43.4197","107.0796","57.4245","73.5260","31.1451","26.7350","48.0824","52.5232","19.0260","23.6980","51.5544","59.1573","107.5244","40.1635","55.4035","47.6920","27.7574","83.7140","25.5155","28.5546","27.7489","28.6269","34.0216","47.0407","32.3217","102.0760","54.3635","52.7001","22.6013","58.1945","49.0206","84.2404","76.5629","32.6413","25.6125","35.1880","36.9252","41.8257","44.1596","54.8548","43.2560","45.1671","78.7095","40.7414","223.2257","36.0925","47.6036","100.9254","90.7016","46.4404","61.4342"
"C:\Users\cfg364\Sommerlab Dropbox\Casper van der Luijt\Casper\Data\BioLog\OmniLog\CL2\DATA_2024\07\_NRRL 3483_Aspergillus oryzae__1_30_CL2_769_7#24#2024_A_14B_17.OKA","7/24/2024 10:32:48 PM","14-B","PM01","","NRRL 3483","Aspergillus oryzae","",51.5000,"53.5156","230.2716","140.7941","69.2738","56.7566","101.8409","50.0526","90.4737","82.8245","115.3471","148.9282","102.4933","52.1670","122.8491","109.6142","41.3253","46.8555","48.3875","33.3292","179.2258","53.3383","44.6456","67.8639","82.1399","50.2900","35.6584","31.4142","236.4589","52.9433","119.6759","118.5047","72.3206","108.9118","101.6632","71.4250","53.3287","49.3971","26.6901","32.0430","29.5340","52.9621","33.1816","32.4579","34.7992","47.2892","40.9158","101.2585","54.2407","73.1602","31.4974","27.7028","45.4697","54.3050","19.0573","20.8266","51.6176","60.8852","112.0419","40.8732","54.3266","46.4320","26.6722","84.5748","25.5155","27.3030","27.0235","30.5819","29.3794","50.2911","29.9951","99.3083","56.4597","54.7988","24.4714","59.9079","49.5748","87.5783","76.3089","30.7402","24.3446","32.8235","40.3776","40.6793","46.1949","54.4536","44.2066","45.6659","81.7196","38.9601","225.2266","36.8157","44.1612","99.2601","90.7983","45.8086","58.6427"
"C:\Users\cfg364\Sommerlab Dropbox\Casper van der Luijt\Casper\Data\BioLog\OmniLog\CL2\DATA_2024\07\_NRRL 3483_Aspergillus oryzae__1_30_CL2_769_7#24#2024_A_14B_17.OKA","7/24/2024 10:32:48 PM","14-B","PM01","","NRRL 3483","Aspergillus oryzae","",51.7500,"53.8275","228.1434","143.6618","72.2476","55.3050","98.1298","51.2301","92.7653","82.9236","118.4990","152.8652","103.8131","52.5080","122.6178","110.0969","43.0153","46.1346","48.6106","37.3097","182.6702","51.9475","46.5747","70.6249","84.3076","49.8485","29.7209","38.3031","234.8148","55.9459","118.7563","116.9703","75.6005","109.5526","100.0811","73.3535","55.9640","51.5849","29.6523","33.6860","29.0530","51.1062","34.3126","36.8066","34.1923","47.8385","42.1190","105.6080","56.1575","74.9283","27.3979","25.8920","47.7047","55.1323","17.8346","20.7947","51.8387","63.1251","109.7019","35.4857","57.5254","48.6139","23.5760","85.5587","24.8926","30.0629","27.4650","31.4333","32.3163","48.2198","33.3416","98.5038","55.1457","55.5896","24.4080","62.1819","52.3455","94.4466","76.8169","34.0989","26.2148","35.6354","37.8842","43.9912","46.0696","57.5090","48.5158","45.4788","80.0128","39.7871","227.5180","38.7338","43.9401","101.2777","93.0543","48.2724","62.7680"
"C:\Users\cfg364\Sommerlab Dropbox\Casper van der Luijt\Casper\Data\BioLog\OmniLog\CL2\DATA_2024\07\_NRRL 3483_Aspergillus oryzae__1_30_CL2_769_7#24#2024_A_14B_17.OKA","7/24/2024 10:32:48 PM","14-B","PM01","","NRRL 3483","Aspergillus oryzae","",52.0000,"55.5785","226.4194","141.1299","71.0368","55.9207","97.3837","51.1093","93.1708","81.2394","118.6999","151.3067","103.9698","45.1414","126.3689","110.5917","38.5051","52.2323","52.1249","37.3403","182.7132","49.8075","45.1445","68.5325","82.5454","44.4533","34.6545","35.0602","234.3685","57.5741","118.4179","116.8518","77.0275","106.0729","97.7815","70.1442","55.1215","50.3348","25.9043","30.8474","29.9445","47.5803","34.2052","33.8648","35.2530","48.0321","39.2855","106.0946","55.0549","72.4018","28.1828","28.0335","48.5315","53.0361","19.4931","24.9485","47.2494","62.6030","104.1755","36.8143","52.6064","47.5422","23.7687","84.9104","28.1421","24.7739","30.2867","31.0427","33.5479","54.0998","30.2528","102.2354","55.5572","51.9481","25.4095","61.2918","48.9101","93.1774","70.9227","28.2370","24.7310","33.3127","33.0440","39.4166","46.7924","57.5407","45.5058","47.6369","80.5364","37.4449","227.7159","33.5134","44.8434","105.0842","91.6185","45.1001","58.4228"
"C:\Users\cfg364\Sommerlab Dropbox\Casper van der Luijt\Casper\Data\BioLog\OmniLog\CL2\DATA_2024\07\_NRRL 3483_Aspergillus oryzae__1_30_CL2_769_7#24#2024_A_14B_17.OKA","7/24/2024 10:32:48 PM","14-B","PM01","","NRRL 3483","Aspergillus oryzae","",52.2500,"54.2309","225.5046","144.9117","71.3350","54.5340","99.0712","51.8079","97.9949","83.2480","120.4295","147.8221","104.6972","48.7142","123.5571","111.7144","39.9403","47.5450","47.7917","32.0345","179.3919","47.4202","44.0377","67.7524","81.8499","47.4829","31.7214","37.5528","234.2723","55.6479","121.5322","116.1734","75.6419","108.4025","100.1020","74.6022","53.1316","50.3625","21.5716","33.7886","27.7950","47.6772","32.3128","31.3187","37.0353","46.7352","44.0821","106.6544","53.7613","68.7217","28.4473","22.0927","44.9950","50.3388","18.8900","24.1194","51.6618","71.2365","103.4414","35.7214","57.4299","43.6804","24.9376","82.7604","25.3621","27.5326","22.6833","26.6178","34.3057","53.7150","30.2559","99.9617","52.3273","53.3231","21.8999","58.3433","49.5803","92.0256","78.6924","29.2584","25.5177","32.1747","36.8975","36.9797","45.4620","54.0238","46.8159","45.4200","79.0616","41.8049","222.8378","35.0079","41.5676","96.8219","89.8431","44.0205","61.8420"
"C:\Users\cfg364\Sommerlab Dropbox\Casper van der Luijt\Casper\Data\BioLog\OmniLog\CL2\DATA_2024\07\_NRRL 3483_Aspergillus oryzae__1_30_CL2_769_7#24#2024_A_14B_17.OKA","7/24/2024 10:32:48 PM","14-B","PM01","","NRRL 3483","Aspergillus oryzae","",52.5000,"58.7796","229.8951","141.5170","71.3224","51.5942","100.6605","51.5795","93.6130","86.2062","120.5661","151.1030","103.3484","46.0202","125.8799","113.0898","40.8763","50.2504","49.9687","36.3924","182.4952","47.5163","39.7874","72.3629","80.2499","42.7926","37.1728","35.6381","233.2353","53.0733","121.4154","119.2120","77.4760","104.6129","99.5229","72.3878","54.2014","53.0550","24.9366","37.1978","30.6602","46.6046","29.8377","35.5546","33.1770","51.6877","48.1328","106.7907","54.4685","74.1521","25.6917","30.4687","50.4757","53.6275","18.3119","24.3582","49.6479","65.4326","109.9722","36.0689","56.8798","43.8992","24.7796","86.0326","26.4105","32.9039","25.9234","27.8518","35.4398","49.0925","28.0153","97.4385","52.3138","54.5515","22.3299","59.6587","48.4565","85.2924","78.9374","33.5046","25.7868","30.5402","36.7867","38.9516","47.9172","57.5766","45.6894","47.9187","80.2077","44.3644","225.3416","32.1647","41.6734","101.2195","92.4557","48.6230","63.0351"
"C:\Users\cfg364\Sommerlab Dropbox\Casper van der Luijt\Casper\Data\BioLog\OmniLog\CL2\DATA_2024\07\_NRRL 3483_Aspergillus oryzae__1_30_CL2_769_7#24#2024_A_14B_17.OKA","7/24/2024 10:32:48 PM","14-B","PM01","","NRRL 3483","Aspergillus oryzae","",52.7500,"55.8332","229.4341","143.6742","74.5958","54.6566","104.7259","51.8037","95.2970","85.5108","121.3343","151.0670","106.1118","46.0033","127.1335","112.0828","41.3365","52.0396","52.1536","38.8028","188.8617","52.0176","44.5741","70.6748","87.1675","49.6593","33.6575","36.5101","234.4086","57.4771","119.7195","115.1751","77.0585","107.2725","101.6372","75.0755","53.1515","49.3709","20.5122","31.5508","27.3634","46.1966","29.4536","28.8416","32.4756","49.6686","40.6458","106.1575","53.5360","71.0047","26.4475","28.8127","44.2945","56.2981","18.1584","25.3024","50.3964","63.0232","104.8931","35.8568","52.1116","46.5192","20.5556","84.8325","24.4960","26.0969","28.2451","28.7795","34.1509","51.7848","32.3089","101.1789","52.4305","55.2090","21.0902","61.8057","50.0798","95.5033","80.0781","29.1966","25.0937","34.1604","38.0196","36.9589","44.9712","56.6303","41.2003","49.9115","81.7403","38.8011","224.5114","31.0367","50.0145","101.1892","94.3516","48.8581","60.9836"
"C:\Users\cfg364\Sommerlab Dropbox\Casper van der Luijt\Casper\Data\BioLog\OmniLog\CL2\DATA_2024\07\_NRRL 3483_Aspergillus oryzae__1_30_CL2_769_7#24#2024_A_14B_17.OKA","7/24/2024 10:32:48 PM","14-B","PM01","","NRRL 3483","Aspergillus oryzae","",53.0000,"52.2501","230.3070","146.4456","69.7709","51.5215","99.2326","49.8123","92.0988","86.2215","127.6032","149.9487","108.2994","47.9498","125.9171","112.1889","44.6690","50.9415","47.2388","37.2405","180.3126","47.7356","39.4981","69.7171","82.6848","47.2246","32.3167","33.3419","234.3760","56.2419","124.8944","116.3767","72.4955","108.7953","99.0599","74.7259","52.8114","50.1252","24.7107","31.3205","28.0512","46.5467","31.5853","32.6963","36.5586","50.5947","41.5583","106.0632","50.1744","73.6903","31.5408","27.5887","46.0019","51.1703","18.1891","24.6801","49.8441","64.9279","106.1507","34.4070","53.7456","45.1380","25.0229","84.8024","26.5714","33.5024","27.3353","29.6886","35.9333","55.8214","30.4065","102.2989","56.4075","54.7016","23.0771","62.5123","50.6145","93.5041","79.9043","28.4597","24.6954","34.7331","36.5831","41.1631","42.3959","56.4643","45.1030","45.2475","80.4264","37.8797","224.4460","36.4008","45.8829","100.5968","92.8905","42.7254","62.4454"
"C:\Users\cfg364\Sommerlab Dropbox\Casper van der Luijt\Casper\Data\BioLog\OmniLog\CL2\DATA_2024\07\_NRRL 3483_Aspergillus oryzae__1_30_CL2_769_7#24#2024_A_14B_17.OKA","7/24/2024 10:32:48 PM","14-B","PM01","","NRRL 3483","Aspergillus oryzae","",53.2500,"56.4570","227.8784","149.7184","70.7188","48.4033","102.6528","54.6956","92.1216","85.5474","124.7333","149.4312","112.0087","45.2580","125.2413","113.9282","38.7891","50.8349","49.8968","35.6400","183.7724","51.6894","41.3924","72.5335","83.0148","44.6678","34.7505","38.3315","233.7224","52.9850","126.4672","119.7098","76.8910","109.6619","96.4082","75.4912","55.7906","50.6641","26.4771","35.2435","27.1004","47.2420","34.3634","34.3020","38.5469","49.9828","45.1027","106.1940","52.6114","71.5740","28.2158","26.7976","48.0140","55.8307","17.2301","22.2311","52.4464","67.5733","106.5340","36.1760","52.4991","45.5533","27.2769","86.9259","26.7660","29.1854","28.3765","29.8419","32.9387","52.4968","31.2884","101.4818","53.3151","55.6664","23.1620","63.7245","51.9460","94.3540","82.4390","29.9656","26.9810","32.9558","40.5361","41.7808","45.4906","55.9833","48.6406","49.9583","84.0623","44.6189","229.3325","34.0738","44.5610","98.8331","94.6721","46.8959","61.3844"
"C:\Users\cfg364\Sommerlab Dropbox\Casper van der Luijt\Casper\Data\BioLog\OmniLog\CL2\DATA_2024\07\_NRRL 3483_Aspergillus oryzae__1_30_CL2_769_7#24#2024_A_14B_17.OKA","7/24/2024 10:32:48 PM","14-B","PM01","","NRRL 3483","Aspergillus oryzae","",53.5000,"58.9879","230.9211","149.5207","70.0777","50.0435","104.4507","50.1633","97.4687","86.3736","125.7657","147.9868","109.0568","48.8124","127.7467","116.1127","41.9469","50.0583","50.2782","34.1706","187.1381","49.4350","39.5487","71.7946","87.8891","45.4441","34.2381","34.1635","235.9190","55.6924","123.0253","119.7276","77.7183","107.8602","96.5051","76.3251","54.7374","52.6660","25.2449","33.5095","25.7762","49.6824","26.7687","35.7835","32.8559","46.1744","41.6607","107.1894","54.1871","75.4918","31.3129","28.0235","48.3912","51.8555","19.6997","25.6704","52.1301","66.5439","111.1964","39.3441","55.6618","45.6926","26.4284","87.9707","26.5904","30.9759","29.2490","33.2181","32.7382","54.2779","29.7237","102.7764","55.0516","53.2351","25.5709","63.0104","53.3708","89.2051","84.7002","28.9444","24.0905","33.9073","36.5820","36.7293","50.2839","55.7937","45.3727","45.7512","85.3789","39.3355","225.5100","33.8746","44.2046","101.6892","88.0936","45.1921","60.7717"
"C:\Users\cfg364\Sommerlab Dropbox\Casper van der Luijt\Casper\Data\BioLog\OmniLog\CL2\DATA_2024\07\_NRRL 3483_Aspergillus oryzae__1_30_CL2_769_7#24#2024_A_14B_17.OKA","7/24/2024 10:32:48 PM","14-B","PM01","","NRRL 3483","Aspergillus oryzae","",53.7500,"53.1462","228.5990","147.2050","69.5508","54.9275","102.7614","55.0551","96.0597","88.4502","128.0026","150.6865","108.9178","48.4991","126.4374","111.7513","44.6441","53.2847","50.7155","36.7390","184.2715","52.1238","42.8717","70.3721","86.6054","50.8793","33.7690","36.3524","233.5362","56.4294","125.3965","122.6274","76.9192","111.0640","98.3762","79.3712","54.3600","50.7487","24.1957","36.4610","28.1701","49.5557","32.7514","33.6637","35.7171","51.2513","41.6218","108.0290","53.7154","71.0634","30.1640","27.5326","48.7527","56.9537","17.5780","25.6116","49.6767","66.3878","110.5428","38.2722","53.7128","44.4294","22.5359","89.3532","28.1717","30.5785","26.0662","28.7347","32.8257","53.4905","32.4049","102.8023","53.1488","55.9739","21.7720","65.5023","49.1184","94.1063","84.1691","27.0233","24.5322","35.0043","37.4081","42.0680","46.7439","55.5847","44.3465","45.9713","84.9333","41.4437","229.3675","41.4487","45.7635","100.9192","91.6612","45.0204","60.4258"
"C:\Users\cfg364\Sommerlab Dropbox\Casper van der Luijt\Casper\Data\BioLog\OmniLog\CL2\DATA_2024\07\_NRRL 3483_Aspergillus oryzae__1_30_CL2_769_7#24#2024_A_14B_17.OKA","7/24/2024 10:32:48 PM","14-B","PM01","","NRRL 3483","Aspergillus oryzae","",54.0000,"54.9773","230.0604","151.2523","69.8993","56.5346","105.5625","56.6459","98.6805","88.6487","125.0866","154.6690","108.9506","50.3974","128.3093","114.2991","43.3685","51.3187","53.1659","34.9951","186.8182","49.5333","43.5302","75.1192","87.6280","51.4476","33.1835","37.8975","236.6292","53.6410","130.0113","126.4195","77.5248","110.1357","100.5452","79.6924","52.9102","55.2814","25.7922","32.9361","33.2540","48.1288","32.9714","34.2343","35.2075","52.1187","44.9331","108.0943","56.1628","72.3256","30.7079","28.9932","49.0663","56.6986","18.5803","26.8740","52.8178","67.8512","108.8045","41.1515","57.7776","46.3210","23.1447","95.0811","25.7627","29.8107","27.6389","28.3237","34.0593","57.3330","29.8811","108.6586","53.2742","55.2740","23.9137","65.7825","53.6703","96.2175","85.1587","28.0089","24.3741","32.6453","37.7931","42.7378","46.3076","58.6903","45.4335","48.0652","89.0562","40.1367","225.3487","38.6977","46.9329","100.7275","94.4936","46.8042","62.8739"
"C:\Users\cfg364\Sommerlab Dropbox\Casper van der Luijt\Casper\Data\BioLog\OmniLog\CL2\DATA_2024\07\_NRRL 3483_Aspergillus oryzae__1_30_CL2_769_7#24#2024_A_14B_17.OKA","7/24/2024 10:32:48 PM","14-B","PM01","","NRRL 3483","Aspergillus oryzae","",54.2500,"57.5507","231.4821","155.5381","70.6137","55.3610","107.1498","54.2474","97.2685","91.5165","129.9452","152.8772","107.6089","47.9714","132.4660","117.4351","44.2814","49.2547","48.4718","35.4499","186.4948","50.3434","41.9485","70.2723","89.8653","47.6039","33.8015","38.6436","238.4047","53.7697","126.8572","120.1861","72.6977","113.6337","103.9275","75.7118","51.2666","50.3078","26.5512","34.2037","29.4489","48.2462","34.7644","33.5142","37.1235","50.3225","44.9830","108.6193","53.4573","74.8447","28.6430","27.2659","49.0536","52.2084","19.7361","25.8422","53.0858","70.9474","112.6489","39.5094","57.9943","46.2955","25.0050","87.6292","24.7589","32.5210","25.7975","30.4488","34.8991","53.2582","30.3065","104.7296","57.3579","54.8801","23.2136","64.7600","47.8889","96.4052","82.0200","30.4442","25.1392","34.1034","35.4364","39.1130","46.4530","57.1769","50.4017","51.5487","88.0473","39.4161","225.5195","35.7309","48.9645","101.4733","97.2118","44.6448","57.1042"
"C:\Users\cfg364\Sommerlab Dropbox\Casper van der Luijt\Casper\Data\BioLog\OmniLog\CL2\DATA_2024\07\_NRRL 3483_Aspergillus oryzae__1_30_CL2_769_7#24#2024_A_14B_17.OKA","7/24/2024 10:32:48 PM","14-B","PM01","","NRRL 3483","Aspergillus oryzae","",54.5000,"57.7401","233.7005","152.7641","71.7278","55.8930","107.6466","53.9290","90.8988","92.7588","128.1997","154.3209","112.2265","49.8092","128.6401","113.9151","44.1492","52.0625","50.6931","34.4941","186.2473","49.0778","42.0454","74.1165","87.8040","49.2792","36.7872","30.3182","240.6254","57.5103","128.7414","125.3068","77.3656","109.8066","99.9482","83.0976","52.0213","51.5350","25.2821","33.4299","27.5822","50.4886","33.6834","38.2557","35.9925","52.9958","44.0537","111.6168","54.3079","76.3729","31.9521","26.8352","52.9313","53.1734","17.4871","28.4427","53.2720","71.7325","113.6902","37.4168","56.8343","44.2317","26.4435","89.9697","24.9252","31.5038","25.6530","30.6484","36.3006","55.5105","33.1667","106.1536","52.0481","51.9030","20.5204","68.3097","54.1571","94.3908","88.5839","30.2276","26.2855","31.5723","39.2759","42.1624","51.0704","60.1486","48.8995","48.6946","85.7304","40.0514","227.4552","37.9906","42.8623","100.7910","90.5602","44.9236","64.7363"
"C:\Users\cfg364\Sommerlab Dropbox\Casper van der Luijt\Casper\Data\BioLog\OmniLog\CL2\DATA_2024\07\_NRRL 3483_Aspergillus oryzae__1_30_CL2_769_7#24#2024_A_14B_17.OKA","7/24/2024 10:32:48 PM","14-B","PM01","","NRRL 3483","Aspergillus oryzae","",54.7500,"53.9965","231.8741","154.6232","72.1975","55.9069","106.9138","59.1336","96.3992","89.9385","127.4011","155.4953","112.6155","47.0228","130.9868","118.2346","39.8250","52.1999","48.8019","31.0046","184.7691","51.7303","41.1467","76.0726","88.0690","50.4738","34.9625","37.0915","235.8769","54.4025","124.2468","122.0759","78.2773","114.1764","102.4023","82.3480","57.3733","49.3807","27.4128","30.5617","24.3457","48.0909","35.8836","37.5883","39.6896","49.2190","45.4939","111.7954","53.5131","75.8846","31.2994","28.2061","48.6702","56.1381","17.5796","28.1835","50.5998","67.0342","114.7407","38.4843","58.3525","47.4163","24.8695","91.3320","29.9790","30.9239","24.6401","28.4198","36.1073","53.8700","34.8983","108.2798","52.4382","55.2237","23.4897","66.1065","54.5180","99.3733","86.4425","29.8508","26.9110","35.4916","37.8801","38.9787","48.3206","55.3140","49.9885","48.6164","88.5806","40.4646","230.1727","37.9143","48.2608","101.0185","93.5591","45.6731","65.1651"
"C:\Users\cfg364\Sommerlab Dropbox\Casper van der Luijt\Casper\Data\BioLog\OmniLog\CL2\DATA_2024\07\_NRRL 3483_Aspergillus oryzae__1_30_CL2_769_7#24#2024_A_14B_17.OKA","7/24/2024 10:32:48 PM","14-B","PM01","","NRRL 3483","Aspergillus oryzae","",55.0000,"59.4519","229.7780","157.8152","70.3082","54.7034","105.1027","51.1795","98.9174","91.7105","131.3755","150.6767","108.9244","49.2247","132.4098","118.8685","43.3934","51.3574","52.0539","37.9008","188.6831","47.5155","42.8742","78.8767","89.2505","48.7281","33.2685","40.4231","235.6401","57.3551","127.6041","125.7978","77.9790","109.6933","102.5380","82.6191","56.4126","53.4811","28.1484","35.7686","24.5625","46.2843","33.2380","34.8475","37.5965","48.6232","45.1984","109.3528","50.3933","79.2415","29.2432","27.3845","46.4350","52.5329","19.6792","24.6096","54.4847","66.0772","109.9323","35.7737","57.3797","48.9195","28.2098","94.0340","28.1338","29.9181","25.2722","30.7030","34.2192","57.3439","34.9302","104.4741","55.4081","50.8457","22.1708","65.0977","52.9481","98.1374","86.6378","27.2502","25.3070","31.9227","39.9081","37.4500","45.5890","54.3705","47.1919","51.0331","87.8759","40.8900","223.7606","37.0835","46.6769","97.7459","92.2861","45.8878","64.2416"
"C:\Users\cfg364\Sommerlab Dropbox\Casper van der Luijt\Casper\Data\BioLog\OmniLog\CL2\DATA_2024\07\_NRRL 3483_Aspergillus oryzae__1_30_CL2_769_7#24#2024_A_14B_17.OKA","7/24/2024 10:32:48 PM","14-B","PM01","","NRRL 3483","Aspergillus oryzae","",55.2500,"58.5217","229.7424","155.6280","70.0612","53.3386","110.5210","57.9617","103.2504","91.4442","134.4842","152.5450","108.3159","49.7641","132.4848","119.3617","42.7341","54.7062","54.4140","40.0176","188.3538","52.9421","43.0481","77.2723","91.6949","49.4468","27.5259","36.9304","236.7561","54.0849","129.4571","125.8337","78.3495","113.5013","106.0599","82.8473","53.2546","55.5935","24.0855","35.6445","29.2796","46.6734","33.2015","39.7589","38.6670","54.4245","49.0398","117.4448","56.8298","78.4715","29.1638","31.2143","46.4665","53.5736","18.3423","24.6604","56.3621","73.2447","115.0164","39.4132","57.3967","50.5729","27.4882","95.7470","29.6374","30.4375","27.9320","26.9905","35.3481","58.7878","35.9607","108.1345","53.0444","58.0770","20.9425","67.1989","53.2686","98.7759","88.6663","30.2184","24.7414","31.9980","38.6136","39.0597","45.8212","57.1870","50.6785","51.3033","93.6846","42.5369","224.3747","36.0630","46.4986","104.0702","94.3635","48.9832","62.8452"
"C:\Users\cfg364\Sommerlab Dropbox\Casper van der Luijt\Casper\Data\BioLog\OmniLog\CL2\DATA_2024\07\_NRRL 3483_Aspergillus oryzae__1_30_CL2_769_7#24#2024_A_14B_17.OKA","7/24/2024 10:32:48 PM","14-B","PM01","","NRRL 3483","Aspergillus oryzae","",55.5000,"61.2177","233.8714","158.7274","69.7244","56.1444","108.5352","60.4421","97.5927","93.4959","136.3473","152.8225","111.8390","47.2946","131.9272","121.4923","43.5402","50.8730","52.4168","39.4687","189.5149","53.0018","42.2277","78.7207","89.9794","49.8201","30.3077","35.0483","238.6128","54.8804","132.0150","126.1780","77.4083","110.1602","99.2777","82.0844","55.3016","56.4048","24.8150","32.3053","30.2411","52.2209","32.5580","37.9426","36.7653","50.5605","48.2260","110.3723","56.3744","79.2567","30.3839","30.9238","45.9829","56.3431","20.7915","21.5251","54.4497","71.5596","110.9712","37.6031","58.3278","48.9888","22.9971","94.8188","26.8284","29.8432","27.4932","31.1661","37.3106","59.8513","30.9534","108.7011","54.6292","53.6717","24.5148","66.0257","54.0595","100.3778","88.5951","30.3298","27.9331","33.2423","36.8170","41.7318","49.1486","59.4525","50.2073","52.7569","92.8957","42.2087","226.2326","34.4568","46.2481","101.5854","93.6577","48.4972","65.5852"
"C:\Users\cfg364\Sommerlab Dropbox\Casper van der Luijt\Casper\Data\BioLog\OmniLog\CL2\DATA_2024\07\_NRRL 3483_Aspergillus oryzae__1_30_CL2_769_7#24#2024_A_14B_17.OKA","7/24/2024 10:32:48 PM","14-B","PM01","","NRRL 3483","Aspergillus oryzae","",55.7500,"54.1227","229.0686","158.6563","71.6782","53.9283","111.5595","55.6457","99.7809","88.4152","133.5030","154.9169","115.1631","51.1964","130.4054","119.5161","40.3890","49.3331","51.2514","39.7457","185.0427","51.0556","46.4085","78.5875","91.5614","43.3234","31.3630","33.5388","239.2875","59.0145","129.4031","128.1049","75.2669","113.0154","99.6839","85.7168","54.9031","52.3450","25.1916","34.5988","28.1984","45.3306","35.7280","32.8595","40.5912","53.5257","42.9328","109.3382","53.9088","78.5657","28.1132","29.1209","52.8952","57.4958","19.2768","26.5553","54.8409","67.9018","114.3590","40.0750","58.1659","49.8684","23.0953","97.9430","24.4417","30.4269","29.4468","34.3044","36.1162","59.3438","30.2337","109.6095","54.2384","56.4497","23.1019","67.2404","55.4584","98.8756","90.5738","31.6283","25.3928","35.5449","37.3462","40.6370","46.7206","55.1607","50.5914","49.1310","97.2457","39.3355","224.1328","38.1558","41.5389","103.1582","94.2923","47.2415","61.7764"
"C:\Users\cfg364\Sommerlab Dropbox\Casper van der Luijt\Casper\Data\BioLog\OmniLog\CL2\DATA_2024\07\_NRRL 3483_Aspergillus oryzae__1_30_CL2_769_7#24#2024_A_14B_17.OKA","7/24/2024 10:32:48 PM","14-B","PM01","","NRRL 3483","Aspergillus oryzae","",56.0000,"57.3755","229.8154","157.5169","72.4986","54.7215","109.9797","53.4249","98.8901","91.9174","132.8344","155.9097","114.6394","52.3156","135.1261","120.9304","41.9628","50.2773","54.2814","38.7843","192.6918","51.9030","44.6103","80.0325","93.5400","42.6840","30.8384","34.0785","239.4475","56.2121","127.5932","129.3500","75.3309","115.8385","105.6412","84.8503","56.6486","54.0267","25.8426","34.7252","26.5881","44.8856","33.7145","31.5830","38.8094","53.1078","48.7003","114.4658","55.9692","77.7398","29.2391","28.9963","47.2862","56.2580","19.1827","23.7357","58.8351","75.2726","114.3916","41.8538","58.3878","49.2226","25.7192","99.8184","26.0908","32.6280","27.5299","31.8266","39.3459","60.4230","29.3361","106.7111","53.8928","54.3144","24.7898","68.3009","53.0761","100.2587","89.4566","34.0328","23.4273","37.2004","43.3718","40.5410","49.8687","57.3254","54.5347","48.6598","95.7657","40.1670","225.0738","35.9481","46.5015","101.3606","97.2566","48.5698","67.9876"
"C:\Users\cfg364\Sommerlab Dropbox\Casper van der Luijt\Casper\Data\BioLog\OmniLog\CL2\DATA_2024\07\_NRRL 3483_Aspergillus oryzae__1_30_CL2_769_7#24#2024_A_14B_17.OKA","7/24/2024 10:32:48 PM","14-B","PM01","","NRRL 3483","Aspergillus oryzae","",56.2500,"56.8588","232.7841","159.4995","74.9562","59.0031","115.9200","56.6895","100.8339","93.4200","133.3475","157.5391","117.4554","51.9132","131.4365","120.9626","41.8661","54.5521","55.4301","37.9443","192.2785","51.6167","46.1073","78.8425","94.1672","47.7089","32.4313","37.4702","240.5052","53.0257","128.7363","134.7578","79.5370","113.2201","99.9790","87.7682","54.2442","54.0291","24.1106","36.1574","29.4963","51.2197","34.6947","35.4942","35.8325","51.8889","43.2975","114.0939","56.2037","79.7297","25.8924","28.1846","50.5356","52.6391","21.2833","24.6759","59.2362","71.9508","115.2999","40.3316","58.0390","48.3983","24.9916","95.3852","27.3318","32.9095","29.1180","28.3869","37.2276","60.9776","30.3429","108.2148","58.0514","56.5782","22.8197","66.6873","54.8364","102.3803","94.6512","29.5169","27.6499","36.3531","39.0044","42.9875","49.0867","61.4920","53.8467","53.0767","97.4328","43.2901","227.9210","31.9732","46.5854","104.0498","92.7705","49.2001","67.7495"
"C:\Users\cfg364\Sommerlab Dropbox\Casper van der Luijt\Casper\Data\BioLog\OmniLog\CL2\DATA_2024\07\_NRRL 3483_Aspergillus oryzae__1_30_CL2_769_7#24#2024_A_14B_17.OKA","7/24/2024 10:32:48 PM","14-B","PM01","","NRRL 3483","Aspergillus oryzae","",56.5000,"63.7228","233.6819","163.6066","75.8444","56.3435","114.2490","59.6160","102.7490","96.4580","139.6377","160.5352","118.1659","50.7155","134.4117","124.8830","46.7004","57.9717","55.2415","39.8321","193.4543","51.9339","46.8918","78.3087","95.1636","51.4111","38.2799","40.3928","241.0742","59.3897","134.0763","133.0062","79.9137","118.3894","103.4937","92.5949","56.9370","55.3259","26.0483","38.8874","32.1585","48.5920","40.2716","36.2089","39.3397","53.5291","47.7026","111.6778","55.0871","81.9098","30.2611","29.5840","49.7654","55.7133","23.8864","25.7255","61.2814","70.6655","116.9815","43.0963","59.3352","49.7681","29.7594","97.5262","28.2600","31.9968","28.2941","29.4672","42.6433","66.1857","35.4579","113.7831","58.8979","56.7307","23.4887","73.8242","58.0197","104.0107","91.5726","31.1398","32.9540","35.7489","41.9388","41.0198","51.3635","60.1662","53.0604","56.2174","96.4887","44.3221","229.3127","36.4203","48.9199","104.7703","98.8610","47.6692","69.7376"
"C:\Users\cfg364\Sommerlab Dropbox\Casper van der Luijt\Casper\Data\BioLog\OmniLog\CL2\DATA_2024\07\_NRRL 3483_Aspergillus oryzae__1_30_CL2_769_7#24#2024_A_14B_17.OKA","7/24/2024 10:32:48 PM","14-B","PM01","","NRRL 3483","Aspergillus oryzae","",56.7500,"58.3295","231.8086","164.7469","76.4939","59.5759","117.7155","62.2745","100.2467","96.1523","138.6400","158.7900","120.0746","51.0532","139.4218","120.8257","44.6473","54.7569","54.9884","38.5004","194.9070","55.4865","49.3983","79.2202","97.9752","50.3748","37.4934","42.6041","239.9901","56.0402","134.0155","130.7890","78.8902","118.3416","107.7391","83.4839","58.0870","59.9346","25.8034","38.0186","31.1416","51.5632","36.3839","41.3007","40.4958","53.5451","52.9934","118.4442","61.0096","81.8537","34.0846","31.3299","52.2780","56.8619","19.9589","27.6107","58.6597","77.0381","114.4723","42.2538","59.7372","49.0771","30.9752","99.7122","24.8580","32.3710","28.4705","29.6584","38.3612","69.6229","31.4815","114.6390","55.7881","58.1918","28.3676","74.0995","57.5808","105.7187","93.2158","30.8962","26.2691","37.7782","40.2075","43.1824","51.3619","61.2827","55.4697","55.5710","98.9865","45.3585","231.4870","35.3832","47.2308","109.6013","95.2166","46.6497","70.7291"
"C:\Users\cfg364\Sommerlab Dropbox\Casper van der Luijt\Casper\Data\BioLog\OmniLog\CL2\DATA_2024\07\_NRRL 3483_Aspergillus oryzae__1_30_CL2_769_7#24#2024_A_14B_17.OKA","7/24/2024 10:32:48 PM","14-B","PM01","","NRRL 3483","Aspergillus oryzae","",57.0000,"59.6973","232.4578","163.0806","72.2544","55.5021","117.5406","56.9850","105.0034","97.4004","143.0815","157.1605","115.3455","50.1948","138.3180","123.7118","45.6789","53.2803","58.3740","40.6962","192.6412","55.6804","44.5770","76.8167","96.1519","51.6959","37.6608","40.2243","241.7915","56.3342","134.0702","134.7068","79.0423","117.0976","104.0180","91.6576","59.4373","52.7949","26.5136","32.9461","32.1843","51.1413","33.8075","37.6202","41.7989","53.7645","46.3758","114.2049","55.5412","79.1644","33.2553","31.2189","50.1795","54.6350","21.6578","28.1989","56.4654","75.4681","114.5244","40.7870","60.1153","51.3745","25.1280","100.3147","30.1929","33.1661","27.6865","33.0849","37.3089","66.1652","30.6539","114.9465","60.4368","56.5051","23.9166","71.4826","56.8942","103.0409","93.6718","31.5830","29.5140","37.9323","38.4162","40.6266","51.0908","63.1192","52.8080","55.5658","99.8923","43.1709","226.0346","39.0862","48.0778","104.1189","99.0111","49.6450","69.5640"
"C:\Users\cfg364\Sommerlab Dropbox\Casper van der Luijt\Casper\Data\BioLog\OmniLog\CL2\DATA_2024\07\_NRRL 3483_Aspergillus oryzae__1_30_CL2_769_7#24#2024_A_14B_17.OKA","7/24/2024 10:32:48 PM","14-B","PM01","","NRRL 3483","Aspergillus oryzae","",57.2500,"58.8335","230.1275","168.3689","73.2082","56.6288","121.0166","55.1140","97.6255","98.6127","144.4846","159.7117","118.1326","49.6364","139.3524","123.3214","47.4660","57.1585","54.0117","35.7248","194.5279","55.4500","42.0137","81.1444","94.7391","47.6790","33.3857","38.2872","239.9679","58.2257","136.9506","134.9477","78.2975","119.4787","108.6586","87.4226","61.6172","59.0038","29.7802","35.1751","31.4657","50.1622","31.7880","39.0887","40.1973","57.3642","49.1678","118.8266","58.5588","82.7965","33.6752","28.6122","52.7164","58.1229","18.5691","26.5035","56.3639","75.3621","116.4509","38.6614","56.2501","54.1684","29.0905","101.9389","27.9863","33.2103","32.7852","27.4245","39.9184","61.3072","32.2612","112.5012","54.2551","55.3619","25.5125","70.4556","58.8025","103.7145","94.1100","29.5584","24.4387","36.9228","41.7318","44.7542","50.2169","60.6517","52.5886","57.0310","98.8084","44.0261","228.8245","41.0041","47.0810","101.6371","95.3833","49.6219","69.3630"
"C:\Users\cfg364\Sommerlab Dropbox\Casper van der Luijt\Casper\Data\BioLog\OmniLog\CL2\DATA_2024\07\_NRRL 3483_Aspergillus oryzae__1_30_CL2_769_7#24#2024_A_14B_17.OKA","7/24/2024 10:32:48 PM","14-B","PM01","","NRRL 3483","Aspergillus oryzae","",57.5000,"62.5414","232.1061","167.5704","76.3242","52.7825","122.0682","59.9604","101.9194","100.5574","140.4438","155.3635","120.1716","51.6806","138.8592","124.1009","45.2434","55.3988","61.7876","38.6066","195.5207","54.8546","45.0328","81.6900","98.1389","48.7954","35.7411","38.5643","241.5370","55.7864","134.2211","136.4524","80.4008","120.0566","110.6239","92.0078","56.4085","58.9577","27.5347","37.4310","29.5301","53.1294","38.2601","38.3108","41.3003","56.6096","50.7430","116.7698","58.1458","83.0624","32.4760","28.2920","49.7969","56.5711","21.4634","27.1404","58.4448","76.2010","116.4314","38.6343","59.5932","53.6594","28.4076","101.2152","30.7530","31.9564","29.5043","31.4739","35.7766","69.7658","35.3178","113.7097","56.6277","54.7806","22.0469","73.0709","59.0706","108.3664","98.5744","31.1987","28.5775","35.7885","42.6145","43.3527","50.8214","60.0480","53.1377","55.4775","105.9750","43.0520","227.0836","36.8786","51.3338","105.6731","96.5154","48.4498","69.6036"
"C:\Users\cfg364\Sommerlab Dropbox\Casper van der Luijt\Casper\Data\BioLog\OmniLog\CL2\DATA_2024\07\_NRRL 3483_Aspergillus oryzae__1_30_CL2_769_7#24#2024_A_14B_17.OKA","7/24/2024 10:32:48 PM","14-B","PM01","","NRRL 3483","Aspergillus oryzae","",57.7500,"58.8755","234.4897","165.4241","76.2465","62.8185","118.6252","60.2085","107.4358","101.0801","146.0719","158.5408","123.6934","51.4180","144.3766","125.4911","46.1242","53.3214","54.3003","37.7989","191.6331","56.2999","45.2211","82.0373","97.2601","50.8845","38.6806","37.9656","241.2123","55.5069","137.4214","133.0922","79.4015","118.5554","106.7955","88.6070","58.7128","61.0690","29.6535","37.7276","32.6879","54.1936","38.2921","39.9974","36.8487","57.0707","50.0180","115.6973","59.3742","87.9173","34.3886","29.4525","48.4230","58.4285","23.9222","27.0336","58.2046","75.3264","120.7645","39.1252","62.7435","52.2242","26.1923","101.0160","30.5120","35.0001","31.2306","31.0412","45.0919","68.9488","35.0753","113.6880","61.5031","56.4534","24.9208","73.4608","57.0179","108.9737","96.3508","34.7619","29.9106","36.9026","41.7475","42.0787","51.6400","63.1870","59.1650","56.2846","102.3285","47.7913","225.7545","37.5645","48.8144","107.6580","97.1325","52.1575","71.3462"
"C:\Users\cfg364\Sommerlab Dropbox\Casper van der Luijt\Casper\Data\BioLog\OmniLog\CL2\DATA_2024\07\_NRRL 3483_Aspergillus oryzae__1_30_CL2_769_7#24#2024_A_14B_17.OKA","7/24/2024 10:32:48 PM","14-B","PM01","","NRRL 3483","Aspergillus oryzae","",58.0000,"61.3294","231.9729","167.8591","68.8464","56.3418","116.7515","60.7126","106.3784","101.2947","144.6019","159.5315","121.4928","54.0494","142.8038","123.1514","45.6101","58.4756","57.3809","40.1572","196.6670","55.0961","49.1201","83.5810","95.2438","50.2006","34.8746","44.2693","242.5720","57.6272","135.7445","136.0355","78.3506","117.0816","107.5558","89.9157","58.8499","60.4008","25.3963","38.2953","32.9297","50.3929","39.8692","37.0340","39.1140","60.8047","48.6656","118.3553","58.9259","81.9044","32.2243","31.6483","49.9743","59.8777","19.4474","26.1513","63.6113","74.6768","117.7653","41.8588","58.6148","49.9478","27.4041","102.4381","28.2557","35.1987","30.5794","29.7705","37.3463","64.4889","35.8117","113.7451","59.4969","57.4576","26.4933","74.7454","54.3888","106.0708","97.1190","34.7006","29.1167","40.2993","42.6288","41.9458","50.6691","61.7698","54.4099","57.9099","105.2662","43.2042","227.1824","37.5961","49.0230","103.6253","100.7712","50.8585","71.0756"
"C:\Users\cfg364\Sommerlab Dropbox\Casper van der Luijt\Casper\Data\BioLog\OmniLog\CL2\DATA_2024\07\_NRRL 3483_Aspergillus oryzae__1_30_CL2_769_7#24#2024_A_14B_17.OKA","7/24/2024 10:32:48 PM","14-B","PM01","","NRRL 3483","Aspergillus oryzae","",58.2500,"57.6327","233.3363","166.1707","71.5746","61.2715","120.1862","58.9680","106.4048","101.4262","145.4524","160.9804","119.9937","51.3838","139.4617","127.0672","43.0458","53.8677","54.5897","37.1304","194.5731","52.5857","47.4876","82.9627","93.8466","51.5590","35.3718","37.5526","241.5227","59.2483","135.5233","138.7549","80.9399","118.8656","109.5951","93.0793","60.9826","62.0419","27.9581","38.5856","32.2790","47.2142","41.4600","38.0980","36.7460","56.6116","49.4083","118.1651","55.1124","83.9893","31.9746","33.0084","48.1304","60.2981","22.1234","27.2904","58.9206","76.9863","117.0779","41.1365","61.5771","48.3745","29.3391","105.7421","31.3803","36.4846","30.7139","31.9779","40.8959","67.4676","36.1927","115.1654","54.3083","56.1913","23.9340","74.1514","61.2509","102.5923","92.4110","34.1893","29.1410","40.2983","46.7095","43.7391","51.1470","62.4983","52.3340","57.3722","106.7038","41.4910","229.1365","38.7987","47.3676","106.0227","98.7570","47.4522","72.1312"
"C:\Users\cfg364\Sommerlab Dropbox\Casper van der Luijt\Casper\Data\BioLog\OmniLog\CL2\DATA_2024\07\_NRRL 3483_Aspergillus oryzae__1_30_CL2_769_7#24#2024_A_14B_17.OKA","7/24/2024 10:32:48 PM","14-B","PM01","","NRRL 3483","Aspergillus oryzae","",58.5000,"57.4155","230.8242","166.3344","72.4264","59.4377","117.3145","58.7716","105.9394","102.3229","147.4169","155.3195","123.6301","48.0967","144.8771","124.8767","43.4628","52.8306","54.8774","37.5848","195.6819","52.9462","44.0454","81.2769","93.0823","51.2745","34.7494","38.9734","243.5539","55.7302","139.0550","138.5319","81.9929","117.6760","110.9488","93.7519","58.2149","61.0896","25.3063","36.4491","28.6735","47.6275","38.2043","38.0662","38.5348","55.5809","48.1704","118.3612","55.1452","83.6545","33.3836","30.8106","49.9570","56.3312","22.0921","32.8676","58.9206","73.6023","118.2580","42.6320","62.9741","48.5291","30.1712","107.0969","28.3622","34.3689","30.1146","31.7880","40.2343","70.9611","36.3518","112.2567","55.5978","59.0693","22.6885","74.8648","59.3966","102.9136","95.7496","32.8922","30.7557","39.8200","40.4811","46.0776","50.6820","60.6173","54.2403","58.2465","102.1023","44.4130","230.7744","41.0000","45.1364","105.0911","94.5827","49.3959","72.1933"
"C:\Users\cfg364\Sommerlab Dropbox\Casper van der Luijt\Casper\Data\BioLog\OmniLog\CL2\DATA_2024\07\_NRRL 3483_Aspergillus oryzae__1_30_CL2_769_7#24#2024_A_14B_17.OKA","7/24/2024 10:32:48 PM","14-B","PM01","","NRRL 3483","Aspergillus oryzae","",58.7500,"59.9597","231.0526","169.1837","72.9312","60.6392","123.0900","63.0936","108.1001","103.1863","152.2782","158.1833","125.0060","50.4446","145.0412","125.9075","46.0291","54.6534","56.0278","40.0193","196.8886","54.4864","47.4548","78.4341","91.9856","51.8751","36.0270","36.7002","241.5872","56.2014","134.9557","139.9018","82.8544","119.7658","110.0141","94.1362","57.0947","59.6930","27.7944","37.5173","30.2187","49.2490","37.3590","41.8422","41.0582","54.2924","46.9976","115.8447","55.8334","85.9678","36.5858","32.3274","52.9174","58.0587","22.5608","31.6387","58.4739","75.4220","115.6683","38.0481","57.4814","51.0331","28.4750","107.4048","26.9620","34.4330","30.7770","31.8197","44.4241","68.7062","36.1609","111.7395","56.2583","57.0179","24.0617","77.5012","57.7587","106.2869","94.7223","32.9871","27.5580","38.5129","43.7390","45.3408","53.9061","62.7142","54.1767","58.3090","107.1979","43.9366","225.9890","40.1195","44.5946","108.7853","95.9417","46.8787","70.1442"
"C:\Users\cfg364\Sommerlab Dropbox\Casper van der Luijt\Casper\Data\BioLog\OmniLog\CL2\DATA_2024\07\_NRRL 3483_Aspergillus oryzae__1_30_CL2_769_7#24#2024_A_14B_17.OKA","7/24/2024 10:32:48 PM","14-B","PM01","","NRRL 3483","Aspergillus oryzae","",59.0000,"58.6696","235.3917","171.8117","75.9366","58.1483","120.0110","58.8260","106.8756","105.9581","150.3726","157.3350","122.7796","48.1734","148.5982","126.7388","46.4672","52.3750","57.4884","39.4192","198.2941","54.9197","43.7502","84.0274","100.1518","54.1036","37.8637","38.7887","241.0158","56.4232","137.2436","143.4025","84.5867","121.4565","108.9630","94.7131","57.9916","64.0296","25.2487","39.1119","31.1157","52.0412","34.1520","39.6609","42.6703","57.6204","51.0111","122.6616","61.0038","82.4629","29.4290","28.4114","52.5447","55.5050","20.3262","23.1128","61.2143","78.7717","120.9965","39.3355","62.6112","52.1092","29.1874","108.5521","29.8191","29.6581","26.1377","31.4051","42.5819","71.6327","33.3330","119.2774","58.9283","59.5261","25.3588","73.9549","60.5433","102.9380","97.0469","29.2973","25.5526","38.3021","43.8820","45.6834","51.7462","63.5967","55.2107","60.3492","105.4410","42.3212","225.7596","38.0841","50.6259","108.7122","99.3355","47.2448","69.2061"
"C:\Users\cfg364\Sommerlab Dropbox\Casper van der Luijt\Casper\Data\BioLog\OmniLog\CL2\DATA_2024\07\_NRRL 3483_Aspergillus oryzae__1_30_CL2_769_7#24#2024_A_14B_17.OKA","7/24/2024 10:32:48 PM","14-B","PM01","","NRRL 3483","Aspergillus oryzae","",59.2500,"58.0565","235.0533","172.3809","73.8020","57.2755","116.6545","57.4792","110.3705","102.7697","145.4192","160.5327","119.5162","51.0371","143.8187","125.0062","46.6079","56.8700","56.9589","40.4248","196.4711","54.5956","41.2490","84.6851","99.5650","47.2307","35.6292","36.7240","240.0388","57.5771","141.3755","140.0354","79.5691","118.3515","109.8762","93.0492","60.7635","61.3689","26.2830","34.8261","31.7458","53.1809","37.2838","35.4073","38.9365","53.7765","47.5229","114.4643","55.4669","84.8612","29.3432","26.7326","51.1548","54.2481","21.7088","24.2248","59.1204","76.3920","117.7813","36.7418","62.6187","49.2777","28.7566","107.4554","28.7862","33.7502","28.4601","36.0501","36.4130","71.8322","35.5248","112.4362","55.9085","57.4186","24.1667","76.0292","61.7734","110.1220","95.8168","30.3717","23.1084","35.1888","44.7048","43.9205","50.1789","59.9910","56.4407","58.6869","105.3034","43.3673","229.5308","39.2850","51.2279","105.0555","100.2906","45.9978","69.5426"
"C:\Users\cfg364\Sommerlab Dropbox\Casper van der Luijt\Casper\Data\BioLog\OmniLog\CL2\DATA_2024\07\_NRRL 3483_Aspergillus oryzae__1_30_CL2_769_7#24#2024_A_14B_17.OKA","7/24/2024 10:32:48 PM","14-B","PM01","","NRRL 3483","Aspergillus oryzae","",59.5000,"59.2016","234.0137","172.2103","73.7673","61.4119","126.7070","65.6172","111.4920","102.0094","150.9354","160.6096","127.7434","53.9831","146.9552","129.3125","45.9574","59.0849","60.4127","36.3770","195.7627","53.6959","44.3610","87.2744","101.9820","52.4882","38.8796","40.4454","243.3040","58.4215","140.5659","137.5623","80.8082","119.3270","107.6203","93.9143","63.2482","63.2649","25.7656","35.1287","29.6629","50.9064","38.5538","38.6415","38.8526","60.0880","53.6850","115.9476","57.6547","84.2188","33.0533","28.6850","51.8557","57.5078","21.3835","28.3658","63.2984","78.2829","121.7184","40.8451","64.4298","56.7465","28.2855","110.4066","33.1037","31.8974","27.4768","31.4556","48.1146","70.6341","34.4627","117.5566","60.7855","64.0754","24.4910","78.7172","63.3542","107.9107","96.0769","32.6005","28.7268","38.8384","44.5191","43.1730","52.9334","66.9194","59.6112","58.6560","107.7248","44.1334","222.4947","39.8440","49.1236","109.8781","98.8407","47.2925","72.0856"
"C:\Users\cfg364\Sommerlab Dropbox\Casper van der Luijt\Casper\Data\BioLog\OmniLog\CL2\DATA_2024\07\_NRRL 3483_Aspergillus oryzae__1_30_CL2_769_7#24#2024_A_14B_17.OKA","7/24/2024 10:32:48 PM","14-B","PM01","","NRRL 3483","Aspergillus oryzae","",59.7500,"63.1410","232.2639","170.3221","68.6829","64.3307","122.2778","58.9605","111.2224","107.2126","152.9888","159.5859","125.9015","55.1968","147.0462","128.4675","47.8926","59.2110","60.7788","40.9875","196.5643","55.4798","45.4612","86.5175","99.7228","48.2026","37.1855","41.4941","242.4299","55.5409","145.2601","140.2811","84.1921","122.5094","106.8501","98.0324","59.4924","61.5839","30.9469","37.7121","33.5047","50.2854","38.0943","37.8673","38.9643","57.0259","51.0563","118.1827","58.3712","89.7375","32.6493","29.9554","52.5682","58.5051","19.5589","28.3534","62.2210","76.0520","116.6332","43.0314","61.3360","54.4088","27.5459","108.9345","32.4024","34.7554","31.6063","33.1377","41.7256","64.7720","33.6381","118.1806","59.3205","58.1917","23.8528","79.5793","61.2360","108.6650","101.3478","34.3684","27.6779","36.7799","47.4896","45.8271","52.1783","67.8305","59.3964","54.5785","110.2009","43.0424","226.3734","36.3943","49.7946","107.0825","98.2553","48.9216","74.8505"
"C:\Users\cfg364\Sommerlab Dropbox\Casper van der Luijt\Casper\Data\BioLog\OmniLog\CL2\DATA_2024\07\_NRRL 3483_Aspergillus oryzae__1_30_CL2_769_7#24#2024_A_14B_17.OKA","7/24/2024 10:32:48 PM","14-B","PM01","","NRRL 3483","Aspergillus oryzae","",60.0000,"58.1567","236.3252","174.4141","73.9688","59.0120","126.2958","59.3705","110.5835","104.3692","153.2009","160.1759","125.9620","48.4531","148.4604","130.3253","43.2639","54.7822","58.1090","38.4869","194.3160","54.9116","41.6179","89.3690","102.9096","54.8004","37.0766","37.0678","244.0158","55.8176","142.4097","140.6984","79.7538","119.8023","109.6797","96.2575","57.5906","63.2629","29.0934","34.0045","28.4799","51.2280","38.1337","36.8210","42.1889","54.1291","50.5091","118.5364","53.6081","89.9761","33.9860","30.0252","54.6067","56.1998","19.8150","26.9142","63.6333","76.6062","117.6674","36.1477","59.2444","50.9702","25.6618","108.0502","31.4157","31.6769","33.1004","32.8613","42.1507","71.4618","30.8368","117.7510","57.8748","60.1778","26.5007","73.5560","59.9587","107.3618","99.7927","28.7811","28.2566","38.7396","44.2845","47.9718","49.8661","58.7761","59.1834","62.7624","110.3255","42.7620","227.4394","37.5349","47.8848","108.3084","98.8911","50.0739","71.4218"
"C:\Users\cfg364\Sommerlab Dropbox\Casper van der Luijt\Casper\Data\BioLog\OmniLog\CL2\DATA_2024\07\_NRRL 3483_Aspergillus oryzae__1_30_CL2_769_7#24#2024_A_14B_17.OKA","7/24/2024 10:32:48 PM","14-B","PM01","","NRRL 3483","Aspergillus oryzae","",60.2500,"56.6835","230.5062","172.9109","74.4465","59.1400","127.6881","60.4702","109.5575","108.1694","158.0261","158.6042","127.5243","53.8579","148.5481","129.8221","44.6428","57.6463","57.9125","39.2643","196.3990","56.8436","47.4501","89.8865","102.7685","51.7443","38.1353","41.1025","243.3088","57.1671","144.9409","143.1598","82.0791","119.6408","111.4505","96.0387","62.8524","62.3719","26.2927","39.3124","31.2564","51.0385","36.8966","37.0230","41.7210","58.7218","49.6897","119.0685","58.2585","87.6590","34.1417","29.9435","51.3296","56.0495","20.1731","28.3966","64.9753","83.7107","117.7260","41.8791","61.5667","52.6335","27.2957","109.7561","31.2691","35.6488","31.8145","34.3734","40.6136","72.5048","32.3843","117.4842","59.3176","60.4654","24.4224","76.1210","59.9838","109.6136","97.9471","31.1809","29.9890","42.0728","45.1635","47.1900","54.0975","61.1159","59.1210","63.2809","110.7471","43.2056","229.4913","34.9731","52.9847","109.1561","99.3820","52.3423","72.6225"
"C:\Users\cfg364\Sommerlab Dropbox\Casper van der Luijt\Casper\Data\BioLog\OmniLog\CL2\DATA_2024\07\_NRRL 3483_Aspergillus oryzae__1_30_CL2_769_7#24#2024_A_14B_17.OKA","7/24/2024 10:32:48 PM","14-B","PM01","","NRRL 3483","Aspergillus oryzae","",60.5000,"60.3613","233.0727","174.2745","78.4086","63.1116","125.1608","64.9672","116.2755","105.3668","155.4468","160.7784","124.5395","55.3654","144.7652","131.2107","44.1024","56.1841","60.5585","40.6429","201.1987","54.1140","47.4906","86.4492","102.5435","52.4340","41.1092","41.2115","241.4746","57.2632","142.2561","145.6148","82.1486","124.7522","111.0775","95.4369","63.9330","62.0939","28.6962","37.4858","29.8896","53.1566","41.1943","40.9336","42.3025","57.3073","48.7785","119.8710","54.5822","85.9820","35.7539","27.5918","54.2050","59.8329","19.3929","30.3139","62.6046","76.6335","121.3460","39.0184","59.3936","54.7523","28.7908","111.6458","28.8246","34.1975","31.8867","33.2898","43.2980","72.0729","33.9419","118.5827","61.9838","61.9708","27.7580","79.3720","59.8249","111.4307","99.4900","33.8328","25.1762","41.2638","44.6859","43.1843","50.9856","63.5888","57.1027","60.9060","108.7628","38.8142","221.3346","39.6975","50.8881","107.6625","97.5250","47.9758","72.5242"
"C:\Users\cfg364\Sommerlab Dropbox\Casper van der Luijt\Casper\Data\BioLog\OmniLog\CL2\DATA_2024\07\_NRRL 3483_Aspergillus oryzae__1_30_CL2_769_7#24#2024_A_14B_17.OKA","7/24/2024 10:32:48 PM","14-B","PM01","","NRRL 3483","Aspergillus oryzae","",60.7500,"59.4774","232.8521","175.6258","69.4438","63.5118","126.7291","62.5719","111.6010","109.5401","155.7916","160.3848","129.4232","54.3667","153.4747","129.2443","46.2759","58.6374","59.4250","40.5319","199.6905","53.6243","44.6582","83.3888","102.6415","51.3610","37.9805","39.8173","243.0732","62.8179","145.2188","145.6632","83.6256","121.8584","115.1202","99.6792","58.1636","68.2304","26.8391","33.9150","28.9157","53.6674","40.2186","39.6545","39.5381","55.6941","44.9423","122.2004","53.7337","90.1215","33.2503","30.5904","48.7869","59.3447","19.6183","29.1322","65.1013","80.7083","117.9357","40.5238","63.8790","54.3881","26.3867","109.8623","30.7270","36.0321","30.5155","32.5479","43.5733","73.5534","32.8489","118.4507","60.6223","61.4341","25.8086","74.9712","64.5727","110.7230","100.4619","32.7819","30.6027","42.2983","41.5160","46.9141","52.3753","65.5236","58.2469","60.7414","109.7045","41.7943","229.1596","38.9812","52.8115","108.7471","96.8524","49.3358","75.6585"
"C:\Users\cfg364\Sommerlab Dropbox\Casper van der Luijt\Casper\Data\BioLog\OmniLog\CL2\DATA_2024\07\_NRRL 3483_Aspergillus oryzae__1_30_CL2_769_7#24#2024_A_14B_17.OKA","7/24/2024 10:32:48 PM","14-B","PM01","","NRRL 3483","Aspergillus oryzae","",61.0000,"59.9631","231.7809","175.8522","72.3412","61.3631","131.6146","63.9291","114.2010","107.3026","160.1804","160.6703","123.9671","54.3287","150.4361","127.1729","46.1237","59.8380","63.1158","40.6005","199.4174","57.2373","49.7521","86.0663","103.9338","51.9903","39.4029","40.8090","243.5593","59.6053","145.7722","145.5395","80.9955","121.7514","110.9374","97.2613","61.2363","64.8955","26.8594","37.0030","30.6958","52.2016","39.9474","37.1161","43.2147","56.1650","50.1576","119.1866","60.0624","87.5846","37.1322","30.0382","52.3631","61.3386","20.8553","27.1647","63.7117","83.5966","124.1811","44.2238","61.9608","54.3098","29.1281","113.6640","30.2955","32.9672","32.6380","33.9713","41.2668","73.9571","33.8605","121.3536","60.1873","62.0024","23.3926","76.9461","63.3437","111.5573","101.6273","32.1312","31.4384","38.8300","44.4043","46.2698","49.6676","66.7757","57.8312","63.1197","114.7467","44.3713","230.8721","38.5035","47.9786","107.7660","98.2914","48.3749","75.8713"
"C:\Users\cfg364\Sommerlab Dropbox\Casper van der Luijt\Casper\Data\BioLog\OmniLog\CL2\DATA_2024\07\_NRRL 3483_Aspergillus oryzae__1_30_CL2_769_7#24#2024_A_14B_17.OKA","7/24/2024 10:32:48 PM","14-B","PM01","","NRRL 3483","Aspergillus oryzae","",61.2500,"59.6918","230.5212","178.7785","79.9460","60.9907","128.8484","63.6528","115.4742","110.0034","157.1888","159.7683","127.2256","54.5091","154.3360","132.1028","46.3182","58.4309","66.2203","41.7000","202.8730","58.0890","47.5776","91.1912","106.3351","54.6247","39.9825","42.1658","245.8838","59.3813","144.9128","144.2500","84.2297","124.0631","112.7941","100.5226","59.9026","65.3642","27.7793","33.5417","32.9291","52.3225","38.9704","40.0534","41.4710","59.5650","52.3889","120.7470","57.2364","86.5638","31.7098","31.9153","49.2740","60.1841","20.1961","31.7039","65.2796","81.1103","122.9347","41.8625","60.4120","56.0874","29.4935","110.6036","28.9595","33.2203","32.3307","36.4563","44.4227","71.8188","34.2527","120.2119","61.9373","63.8317","26.1469","75.9470","61.2608","106.4403","97.1698","27.2994","28.4692","40.8486","46.0008","48.5432","47.6336","65.3365","60.2561","66.1920","115.6154","42.4542","226.6543","42.0968","50.0542","104.4495","99.9557","46.3582","75.7298"
"C:\Users\cfg364\Sommerlab Dropbox\Casper van der Luijt\Casper\Data\BioLog\OmniLog\CL2\DATA_2024\07\_NRRL 3483_Aspergillus oryzae__1_30_CL2_769_7#24#2024_A_14B_17.OKA","7/24/2024 10:32:48 PM","14-B","PM01","","NRRL 3483","Aspergillus oryzae","",61.5000,"62.0780","230.9954","181.5261","74.3288","62.9563","133.1349","62.2548","110.8488","110.0081","156.7124","165.2725","127.1581","52.6416","149.8728","129.5043","46.0169","57.7790","60.8293","41.8367","201.7562","59.3951","50.2670","93.7503","104.8551","52.5575","39.5936","41.4425","244.8548","60.2145","146.0387","146.3118","79.5825","125.0330","114.1236","104.3630","57.7854","67.0033","27.8278","35.5168","30.0726","52.1034","39.8045","38.7243","37.8306","60.5351","51.3695","121.9080","53.9691","91.5496","32.7224","29.4309","54.3249","62.2751","19.8770","27.5304","68.1164","80.7946","123.0218","44.4856","64.1052","55.0645","29.6668","113.6488","32.0196","36.8998","32.3493","32.3606","40.1856","76.3337","33.8625","120.6065","59.8394","63.1037","20.3811","77.9706","64.8628","111.7629","102.1964","28.4579","29.6072","39.8260","48.7629","44.9322","48.6468","60.8216","62.0581","63.4063","115.5031","47.1452","229.1225","35.7468","56.0920","109.5698","96.1483","46.3444","78.1102"
"C:\Users\cfg364\Sommerlab Dropbox\Casper van der Luijt\Casper\Data\BioLog\OmniLog\CL2\DATA_2024\07\_NRRL 3483_Aspergillus oryzae__1_30_CL2_769_7#24#2024_A_14B_17.OKA","7/24/2024 10:32:48 PM","14-B","PM01","","NRRL 3483","Aspergillus oryzae","",61.7500,"60.4920","230.8456","180.4548","74.1765","62.7701","130.2836","67.8272","111.8897","111.5637","160.5981","159.8051","131.8234","53.5313","150.7865","134.9851","44.6492","54.5372","63.5392","39.7123","196.0050","54.0463","43.1091","90.6116","105.2128","53.6017","36.3692","40.6556","245.2664","59.6135","147.4151","147.5808","79.6305","122.3126","116.1331","100.8976","55.9988","63.9264","26.5105","37.1640","32.9039","54.4029","37.3854","38.7877","44.8275","57.2259","50.4320","120.0355","58.1860","85.7717","28.0531","28.6302","52.8682","61.0224","19.7080","27.3327","66.6589","84.5583","123.0886","39.8759","63.6899","55.0609","25.8498","116.3970","30.6206","36.6877","32.7908","37.4289","43.9793","73.8159","38.2056","122.6269","61.5594","60.9714","20.2746","74.9989","61.1277","110.7439","104.4171","33.1513","28.4874","41.2392","45.8036","46.9232","49.0672","63.8170","57.6623","60.3337","120.5234","42.8678","230.1583","36.2655","51.1882","107.5005","100.0229","51.4293","74.5841"
"C:\Users\cfg364\Sommerlab Dropbox\Casper van der Luijt\Casper\Data\BioLog\OmniLog\CL2\DATA_2024\07\_NRRL 3483_Aspergillus oryzae__1_30_CL2_769_7#24#2024_A_14B_17.OKA","7/24/2024 10:32:48 PM","14-B","PM01","","NRRL 3483","Aspergillus oryzae","",62.0000,"58.0560","234.9944","180.7213","73.0964","65.0153","132.1799","63.0690","113.2780","112.7517","160.3667","161.1751","127.7393","53.5031","152.6118","129.5934","51.7547","63.3951","62.0509","40.8941","199.0800","59.9508","45.7462","95.9346","102.4011","53.9865","39.8667","44.9034","245.8515","58.1944","146.8153","151.1752","80.6107","125.9347","109.6208","99.6290","55.3712","68.3802","29.9904","36.2657","32.4708","52.2563","42.7052","38.2163","43.1776","59.3593","52.8439","125.0514","61.6914","94.3531","31.3101","33.5724","52.8425","60.6088","18.8663","27.8588","67.0530","81.9293","124.2988","41.4847","59.0970","54.0731","29.4629","116.1934","30.2073","37.3526","33.3015","32.9369","43.4059","75.7288","34.7124","123.0147","59.8207","66.0583","26.3190","79.4012","63.1848","113.1532","103.9202","30.5757","31.9327","38.2391","44.2475","45.7850","53.4502","64.1134","64.9863","66.7674","115.0557","41.8589","227.2663","37.9152","50.8368","109.7985","98.3137","51.7151","77.4720"
"C:\Users\cfg364\Sommerlab Dropbox\Casper van der Luijt\Casper\Data\BioLog\OmniLog\CL2\DATA_2024\07\_NRRL 3483_Aspergillus oryzae__1_30_CL2_769_7#24#2024_A_14B_17.OKA","7/24/2024 10:32:48 PM","14-B","PM01","","NRRL 3483","Aspergillus oryzae","",62.2500,"62.1152","234.1057","179.1891","72.6905","66.2736","135.3197","62.8244","114.8763","111.5852","160.7571","158.9254","134.0851","56.4125","152.7980","133.2003","47.5364","62.1355","63.9463","42.8049","200.3831","53.8593","47.1653","90.1339","103.7982","53.9137","40.2500","45.7924","246.3876","57.0199","151.1606","150.2758","80.9403","123.7924","115.3041","101.4926","61.6366","70.4161","27.6718","35.9442","29.5469","49.8038","39.6661","39.4838","42.4662","61.2226","52.7234","124.6605","61.2450","88.1697","31.5707","30.4526","52.0278","58.8891","19.7282","26.4209","69.7234","81.5411","121.5882","39.7333","61.8145","55.5776","26.4155","118.5346","34.5459","37.5665","31.9182","36.3722","46.2090","79.1947","36.7973","120.9405","59.5384","61.8560","27.2017","75.4675","63.8665","115.3463","102.5149","32.7089","27.9480","39.8996","43.9492","47.1051","50.3369","64.8118","59.9379","65.1517","117.6286","45.4620","231.1850","40.9490","53.1407","111.2686","98.9410","49.6565","76.7351"
"C:\Users\cfg364\Sommerlab Dropbox\Casper van der Luijt\Casper\Data\BioLog\OmniLog\CL2\DATA_2024\07\_NRRL 3483_Aspergillus oryzae__1_30_CL2_769_7#24#2024_A_14B_17.OKA","7/24/2024 10:32:48 PM","14-B","PM01","","NRRL 3483","Aspergillus oryzae","",62.5000,"60.6765","233.2209","182.1932","72.7738","59.1703","131.5543","63.9130","117.3406","114.4035","161.4360","159.2837","130.0473","55.4507","153.0867","134.7961","48.9856","59.3317","59.3491","40.8603","197.5973","60.5654","48.0993","93.3587","103.4372","50.6157","36.0329","42.3587","244.3688","61.9325","150.5555","148.8197","81.3956","122.9795","114.9415","104.5579","61.8098","69.4926","29.1128","36.3958","32.6558","54.7309","37.5056","39.4244","42.4803","59.9443","54.7391","125.8649","56.6024","91.8853","32.4767","31.8991","55.1942","56.0714","23.8618","27.6265","65.3169","79.0284","122.2753","37.4689","65.6248","53.5555","28.9989","118.4631","30.6523","33.0021","28.2327","38.1573","44.4646","73.1390","38.0512","121.8625","64.6098","58.3348","25.6980","79.1999","66.3125","109.6077","102.8547","33.3651","28.1666","40.4223","45.7462","45.1065","49.5310","64.0749","62.0330","64.0504","119.1339","46.8847","227.7603","39.0994","51.3797","110.1122","94.3423","52.0338","76.7035"
"C:\Users\cfg364\Sommerlab Dropbox\Casper van der Luijt\Casper\Data\BioLog\OmniLog\CL2\DATA_2024\07\_NRRL 3483_Aspergillus oryzae__1_30_CL2_769_7#24#2024_A_14B_17.OKA","7/24/2024 10:32:48 PM","14-B","PM01","","NRRL 3483","Aspergillus oryzae","",62.7500,"62.7039","228.7285","183.3869","73.3199","59.0852","134.8374","65.8631","119.6429","112.4831","161.5626","163.0783","135.1078","53.4282","155.7679","135.8169","46.4830","61.6012","58.8589","39.3506","199.4766","59.0228","45.9694","95.4553","104.6413","54.8021","38.3088","37.5288","241.9412","61.7822","152.0054","153.1970","80.4752","125.3385","116.2755","105.5801","62.0619","68.9791","27.6365","37.2789","34.3460","47.8582","39.9088","40.6050","42.9324","57.2706","52.9229","124.5097","58.4250","93.2965","34.8023","33.3471","53.3523","56.8956","22.3550","24.9878","66.8087","84.6399","124.6411","41.9002","62.0165","54.8043","29.9372","120.5224","34.6973","36.3884","31.9115","34.6656","43.1210","76.7878","35.2306","124.3248","62.8354","62.7681","25.3568","80.4503","63.7424","113.7922","105.4093","30.0554","28.3798","37.9730","47.4870","47.6573","53.6184","65.8238","65.1834","62.6732","119.5726","45.6500","225.5023","41.3684","52.6913","111.6444","97.3514","49.7693","76.8355"
"C:\Users\cfg364\Sommerlab Dropbox\Casper van der Luijt\Casper\Data\BioLog\OmniLog\CL2\DATA_2024\07\_NRRL 3483_Aspergillus oryzae__1_30_CL2_769_7#24#2024_A_14B_17.OKA","7/24/2024 10:32:48 PM","14-B","PM01","","NRRL 3483","Aspergillus oryzae","",63.0000,"59.0025","235.1986","181.0324","75.0773","59.6530","134.5566","64.7439","119.8544","117.0091","164.5225","161.5174","134.7666","54.7088","156.7499","133.0563","42.0803","64.1988","63.8675","41.0316","201.8488","61.1150","44.3508","93.0922","106.2968","54.7565","36.2534","42.1076","243.6005","57.9333","147.6864","148.9097","84.0398","127.9285","112.7411","106.9812","61.3679","68.4641","26.8501","36.4028","29.6665","50.6917","40.5456","39.0579","43.4615","57.0298","54.1437","128.7184","60.5092","90.7374","34.0033","32.6054","50.3879","57.9663","20.1280","25.5389","66.6669","81.0458","124.7829","43.1276","59.9186","58.8167","29.9686","120.8415","31.1404","36.7267","29.4851","31.2517","39.1350","75.4441","36.8384","122.0360","59.2156","61.4061","22.0332","79.4616","63.1657","116.2817","101.0732","32.6177","30.7491","39.8314","46.1158","48.4200","50.6841","64.8307","63.5399","67.1592","119.6892","46.4008","227.0042","36.2497","53.7500","110.5332","98.4972","49.6623","79.2168"
"C:\Users\cfg364\Sommerlab Dropbox\Casper van der Luijt\Casper\Data\BioLog\OmniLog\CL2\DATA_2024\07\_NRRL 3483_Aspergillus oryzae__1_30_CL2_769_7#24#2024_A_14B_17.OKA","7/24/2024 10:32:48 PM","14-B","PM01","","NRRL 3483","Aspergillus oryzae","",63.2500,"63.2896","231.0586","183.0546","76.4233","59.2328","132.0579","61.6287","110.1711","112.0843","163.1592","159.6435","132.7807","55.3337","156.0644","137.0702","42.7102","56.7519","62.5229","38.2198","201.8443","56.6374","44.1139","91.3394","105.8840","54.2853","38.8229","44.2854","245.0482","63.9965","146.7573","150.8856","77.2030","123.0100","112.0130","107.2519","59.6251","68.6563","25.6045","37.3973","29.0481","53.6013","37.2812","39.5222","41.2185","58.9766","50.6514","128.3760","57.6140","90.9295","34.4767","31.1317","50.7668","57.0582","17.4574","27.5042","65.3443","88.2007","126.7196","41.3179","62.5190","57.8111","23.7076","120.7686","29.5459","35.8171","27.9937","37.0929","41.7152","75.0537","33.9021","124.4645","58.2431","63.1519","26.3028","78.2590","61.6417","113.9760","105.2260","29.4028","29.3891","39.3504","51.1407","46.0157","52.3547","65.5673","60.1828","71.7496","120.9559","42.0703","226.4445","36.8665","50.3841","104.8107","96.3423","48.3324","77.5980"
"C:\Users\cfg364\Sommerlab Dropbox\Casper van der Luijt\Casper\Data\BioLog\OmniLog\CL2\DATA_2024\07\_NRRL 3483_Aspergillus oryzae__1_30_CL2_769_7#24#2024_A_14B_17.OKA","7/24/2024 10:32:48 PM","14-B","PM01","","NRRL 3483","Aspergillus oryzae","",63.5000,"62.7688","233.6794","183.6775","74.7767","62.3171","135.1910","64.4560","116.1937","114.3102","166.0671","159.3538","134.3776","57.7525","156.6349","135.8444","50.5890","56.5323","64.0138","39.6157","201.4498","59.9059","45.5430","93.0551","105.4885","55.4642","36.5341","43.1170","245.4037","60.1023","153.5976","153.0424","82.6235","126.4715","116.5732","105.5519","63.1161","72.0621","28.1579","37.6983","27.9613","57.5675","41.2921","38.3082","44.5711","58.0932","51.7022","124.7301","58.2222","91.5686","34.0615","30.9967","57.1006","60.7014","22.8594","26.7974","70.3838","86.4202","121.2596","43.1412","66.0235","55.0667","27.1721","121.6975","31.3004","32.9855","28.9996","34.1617","43.9755","75.7184","37.0987","128.1050","58.1176","58.8554","24.3578","81.3380","64.0398","111.5266","103.9021","30.6379","26.6960","37.9683","45.1899","47.8800","58.6408","65.2210","66.9443","68.3062","121.0635","44.3509","228.5072","38.8497","51.6164","110.2649","99.8382","51.7526","80.3086"
"C:\Users\cfg364\Sommerlab Dropbox\Casper van der Luijt\Casper\Data\BioLog\OmniLog\CL2\DATA_2024\07\_NRRL 3483_Aspergillus oryzae__1_30_CL2_769_7#24#2024_A_14B_17.OKA","7/24/2024 10:32:48 PM","14-B","PM01","","NRRL 3483","Aspergillus oryzae","",63.7500,"57.8761","235.0757","185.5271","73.7962","65.1242","138.6872","66.6680","119.1866","116.4184","166.4181","162.7314","127.0115","56.1017","159.1135","132.8882","46.9777","57.2243","60.9530","41.6132","200.0915","61.0305","47.3770","92.4523","105.2394","58.1345","39.3943","39.4580","244.6223","61.0295","150.2857","153.6754","80.5646","126.6763","117.3459","106.5600","61.7301","71.4470","28.0157","38.8570","30.7615","54.5258","40.6015","41.1762","42.9154","58.3654","52.0669","123.8560","58.1460","92.5613","35.7018","31.3477","47.8183","56.6780","19.3642","28.0784","67.6117","85.9455","124.5285","42.5006","63.5128","53.7803","32.3584","120.6066","29.5228","38.5575","33.4829","35.9311","45.4009","73.9122","35.3918","124.9334","63.2664","64.3831","27.5835","79.4272","68.0346","114.4121","101.0139","30.2477","25.9366","41.4799","41.7570","45.8871","50.8972","64.0941","64.1447","68.3522","120.1777","42.8209","227.3189","40.7304","51.0089","109.5493","97.7340","51.6891","77.1595"
"C:\Users\cfg364\Sommerlab Dropbox\Casper van der Luijt\Casper\Data\BioLog\OmniLog\CL2\DATA_2024\07\_NRRL 3483_Aspergillus oryzae__1_30_CL2_769_7#24#2024_A_14B_17.OKA","7/24/2024 10:32:48 PM","14-B","PM01","","NRRL 3483","Aspergillus oryzae","",64.0000,"60.4056","236.3783","181.7859","75.1308","62.0721","139.2430","64.3285","120.4307","117.6898","166.4429","163.1786","131.3875","56.0729","160.3615","136.4114","42.9778","60.1119","62.8741","41.3503","205.1958","60.0909","45.3394","96.7713","107.0456","54.4320","35.8965","45.3817","245.2350","60.3597","155.2486","153.8767","83.0725","126.1309","117.9623","106.8273","64.8821","71.7684","28.6242","36.6665","32.3508","52.7184","43.0838","41.4728","42.4709","61.9858","50.1426","126.2849","59.9731","92.2114","36.8012","30.9472","54.0221","59.0194","19.3321","27.1489","73.3473","82.8525","124.2176","43.0859","62.8347","55.9132","33.6437","121.2838","35.6742","39.5975","31.7302","30.0550","38.6204","80.2466","36.6589","128.3134","58.3554","62.8958","23.7697","78.6193","65.8057","115.8046","104.5070","31.6379","29.2003","36.9779","48.4850","49.2609","52.6734","65.5908","67.1015","70.6508","124.2794","46.8015","225.2127","41.3549","52.6623","107.9406","101.9165","51.9455","78.1658"
"C:\Users\cfg364\Sommerlab Dropbox\Casper van der Luijt\Casper\Data\BioLog\OmniLog\CL2\DATA_2024\07\_NRRL 3483_Aspergillus oryzae__1_30_CL2_769_7#24#2024_A_14B_17.OKA","7/24/2024 10:32:48 PM","14-B","PM01","","NRRL 3483","Aspergillus oryzae","",64.2500,"59.7837","233.4375","184.3514","72.2043","64.3505","140.1758","69.1469","121.7492","116.5280","167.8819","164.5787","133.7287","57.7550","158.3669","135.9279","42.0458","60.1433","65.1226","45.4933","205.2283","59.1169","45.4052","93.7387","108.4998","58.5533","38.4709","41.9717","244.1716","59.2962","149.0901","158.3346","81.8226","128.0546","116.4256","109.0521","60.1823","73.0002","29.5363","35.5904","34.0154","49.3822","41.0746","41.6950","42.5984","60.3713","51.2890","126.5805","55.9519","95.8778","35.2985","28.6096","54.7413","60.9006","21.5330","31.4552","73.2206","83.1392","126.1499","43.0210","63.4996","57.5732","29.9761","124.8144","31.0381","35.3478","29.7393","31.2957","41.9741","78.9454","38.0312","125.8084","63.4033","61.9154","25.1391","79.2746","66.8281","115.5171","102.6923","29.0303","26.1933","39.9569","47.4641","45.2267","53.9475","63.7084","65.8315","73.0181","121.9155","46.5149","227.3131","41.2289","52.6940","109.6463","99.0036","48.7347","78.2590"
"C:\Users\cfg364\Sommerlab Dropbox\Casper van der Luijt\Casper\Data\BioLog\OmniLog\CL2\DATA_2024\07\_NRRL 3483_Aspergillus oryzae__1_30_CL2_769_7#24#2024_A_14B_17.OKA","7/24/2024 10:32:48 PM","14-B","PM01","","NRRL 3483","Aspergillus oryzae","",64.5000,"60.1723","233.7914","185.2983","71.6466","63.5656","136.9069","66.5671","115.5256","118.8052","165.3059","163.9761","135.3335","54.7440","162.4605","135.0857","47.5471","59.5285","66.3002","40.4897","201.9642","57.6040","44.9056","98.4459","106.1162","54.5622","38.3070","40.4701","246.3388","56.8217","155.4218","150.8212","82.6972","126.4056","120.8048","112.8159","61.5231","71.6324","23.5759","39.8013","32.6161","51.6126","39.8954","42.5133","40.5866","59.2048","57.4403","127.4868","57.7683","94.7765","34.0849","30.7682","53.9556","58.7015","19.9292","30.3960","69.0283","86.9451","128.2234","42.1554","59.2601","54.4996","29.5073","121.0441","36.5730","36.5512","29.4783","36.5013","42.6241","76.9477","29.4852","129.6636","61.4280","63.0805","21.5504","83.1272","65.9197","114.8323","105.4198","31.7232","27.1045","39.8637","48.2880","46.9736","50.8701","67.7466","65.1496","68.9659","123.4872","45.0026","227.1339","38.2650","52.6847","112.2846","99.7303","49.8454","79.7109"
"C:\Users\cfg364\Sommerlab Dropbox\Casper van der Luijt\Casper\Data\BioLog\OmniLog\CL2\DATA_2024\07\_NRRL 3483_Aspergillus oryzae__1_30_CL2_769_7#24#2024_A_14B_17.OKA","7/24/2024 10:32:48 PM","14-B","PM01","","NRRL 3483","Aspergillus oryzae","",64.7500,"61.6895","233.3796","183.5503","74.9704","64.8626","138.8770","62.3533","114.2444","116.7512","168.4124","160.8319","138.8519","59.3272","161.0213","134.5884","48.1831","63.8999","64.7440","40.3070","203.9039","56.5825","51.2159","94.4440","109.1531","55.9148","42.2457","42.5424","245.0235","57.5629","154.5841","154.7702","83.0502","128.0567","117.1451","109.1908","62.5301","76.1974","27.8310","39.2536","32.2436","49.4539","38.4785","43.3335","40.8240","61.6091","52.5878","133.0069","57.1921","93.0003","35.4013","30.6636","54.9068","63.2690","24.5213","30.4124","73.8426","85.0331","124.3638","42.9809","60.7276","55.8426","35.8711","124.9070","31.3746","38.1460","34.2872","31.8184","43.8135","78.6223","34.5149","125.5579","64.3048","62.5669","24.4352","82.1693","67.0870","114.4485","102.0692","32.5712","27.6159","39.1642","46.4033","50.7418","51.9744","69.6483","66.1655","76.1627","124.9277","45.8450","228.3471","40.3900","53.9750","110.7013","97.6521","47.5653","80.0989"
"C:\Users\cfg364\Sommerlab Dropbox\Casper van der Luijt\Casper\Data\BioLog\OmniLog\CL2\DATA_2024\07\_NRRL 3483_Aspergillus oryzae__1_30_CL2_769_7#24#2024_A_14B_17.OKA","7/24/2024 10:32:48 PM","14-B","PM01","","NRRL 3483","Aspergillus oryzae","",65.0000,"61.7204","234.2499","184.4308","72.7352","60.6975","137.6746","63.1444","117.8277","115.2547","166.6418","163.2914","132.7340","57.2761","160.4957","134.6849","46.6804","64.2725","65.3789","39.8212","203.0582","54.9463","49.5240","98.2190","106.9411","54.4474","38.3806","39.3186","246.3425","57.1861","153.9485","157.3517","81.7052","126.1440","116.1769","106.6491","58.8376","76.2922","28.1912","39.4424","31.0260","48.8486","38.0994","38.4470","43.2482","59.7060","48.5010","130.0272","59.7057","94.8444","36.7498","34.5094","49.4815","59.5105","22.2417","27.5435","71.6016","83.2994","124.0698","41.5904","63.6136","53.7102","32.7582","124.2902","32.7453","37.4106","37.2021","31.5645","48.3526","75.7610","36.3434","127.5525","61.5223","63.7250","22.5479","79.8435","65.2236","112.9436","102.4194","34.3347","29.2901","37.4943","46.1793","50.3578","52.4414","67.9524","68.2934","74.1468","126.6305","43.2922","228.8928","39.5042","49.9531","108.8692","97.6197","45.3637","78.5193"
"C:\Users\cfg364\Sommerlab Dropbox\Casper van der Luijt\Casper\Data\BioLog\OmniLog\CL2\DATA_2024\07\_NRRL 3483_Aspergillus oryzae__1_30_CL2_769_7#24#2024_A_14B_17.OKA","7/24/2024 10:32:48 PM","14-B","PM01","","NRRL 3483","Aspergillus oryzae","",65.2500,"60.7549","234.5837","185.5804","73.4926","65.6924","141.6104","65.3425","119.3560","120.5118","167.0220","158.5629","134.2112","58.0697","162.7200","140.1825","50.3224","57.3745","65.0446","41.3433","202.7337","55.6020","48.9271","100.4049","108.6561","52.0620","39.9536","43.2070","243.1534","59.0761","154.1369","155.0067","82.5252","126.3604","120.5821","109.8132","60.7460","72.5887","24.4338","37.8856","29.1373","53.9370","43.1756","42.4850","42.9045","56.5657","54.6575","130.0689","58.0546","99.1608","34.1514","28.5119","53.1115","59.0640","18.1938","26.7337","71.3240","81.0786","126.6418","42.4525","57.9812","55.8115","28.9826","128.8587","34.6886","36.3316","31.8717","34.1123","43.3094","78.3478","34.7462","124.7169","63.9616","60.8104","20.1987","80.3680","65.5549","113.9384","101.2288","28.2901","29.3034","39.4543","46.2196","45.5751","54.3445","68.0960","67.6308","71.6028","124.0550","42.3784","226.7924","41.1809","50.1330","107.1133","97.2758","49.3383","80.0878"
"C:\Users\cfg364\Sommerlab Dropbox\Casper van der Luijt\Casper\Data\BioLog\OmniLog\CL2\DATA_2024\07\_NRRL 3483_Aspergillus oryzae__1_30_CL2_769_7#24#2024_A_14B_17.OKA","7/24/2024 10:32:48 PM","14-B","PM01","","NRRL 3483","Aspergillus oryzae","",65.5000,"56.4324","234.0983","185.7113","74.1560","66.5430","143.3205","66.7200","118.1007","121.1079","169.0313","163.2373","136.6085","55.6991","160.3874","136.3470","48.4757","56.3342","61.8599","38.8821","202.5383","56.3574","47.9765","100.0454","108.6890","51.8703","39.1078","41.1566","245.6769","58.9511","156.3897","158.4210","82.3655","129.4913","121.4493","111.5858","62.0316","71.6961","27.6121","39.0518","29.8796","54.4436","42.1711","39.9535","44.2126","56.7598","56.9398","132.2149","57.2021","96.9904","35.3750","27.7003","57.2474","59.2868","20.1729","28.5491","71.1334","83.7443","128.8305","42.7130","59.4165","57.6606","30.4277","127.3489","36.5490","38.7654","34.0471","35.1240","43.3094","79.1742","35.0663","127.3675","65.0819","61.0253","21.3526","79.6198","66.4564","117.5133","105.2779","31.4884","29.2401","41.4594","47.7856","44.5780","55.3071","69.6674","66.2079","71.8525","130.6124","44.2976","227.4670","40.9278","52.1024","106.7588","100.2719","52.3335","82.2011"
"C:\Users\cfg364\Sommerlab Dropbox\Casper van der Luijt\Casper\Data\BioLog\OmniLog\CL2\DATA_2024\07\_NRRL 3483_Aspergillus oryzae__1_30_CL2_769_7#24#2024_A_14B_17.OKA","7/24/2024 10:32:48 PM","14-B","PM01","","NRRL 3483","Aspergillus oryzae","",65.7500,"60.2884","234.6484","185.6459","70.4280","62.6679","141.5136","62.2269","118.9265","121.7702","169.6006","160.0426","133.6858","58.8495","162.3586","135.9279","50.8318","59.2976","63.5796","38.4288","201.6262","56.8501","44.6984","101.6466","104.7340","51.4229","41.4176","39.9264","241.7300","60.0132","155.3109","162.6330","81.8227","127.7806","118.3018","109.2976","60.5811","71.7598","24.6632","38.6420","30.2346","52.3537","41.1038","42.2951","42.1069","58.0210","51.4948","132.0523","52.6442","94.3615","33.2498","28.6056","52.3908","60.8783","17.7226","28.3580","71.4193","84.7720","125.6291","37.1453","63.3077","55.5033","27.9872","126.6402","33.9135","38.5092","29.4755","33.6064","40.4875","78.2207","30.9059","124.9109","63.9616","61.5163","18.2436","80.1810","67.0781","118.1836","103.5244","31.5834","29.7784","41.6186","45.3886","46.7329","53.6925","70.0372","66.5241","72.7575","126.3130","42.9862","227.8203","40.3583","49.9742","106.8232","97.5657","49.9373","80.7404"
"C:\Users\cfg364\Sommerlab Dropbox\Casper van der Luijt\Casper\Data\BioLog\OmniLog\CL2\DATA_2024\07\_NRRL 3483_Aspergillus oryzae__1_30_CL2_769_7#24#2024_A_14B_17.OKA","7/24/2024 10:32:48 PM","14-B","PM01","","NRRL 3483","Aspergillus oryzae","",66.0000,"64.4261","232.6379","183.5486","71.9836","59.2847","143.5019","65.9715","118.4595","119.6629","173.6281","166.2313","138.1040","58.0662","161.3542","136.4609","44.7480","61.8741","64.7878","40.6691","204.7977","57.1291","42.1675","91.6052","103.9667","56.5798","36.8291","46.6779","244.3352","60.3170","159.4392","159.5297","81.7370","130.9759","121.5764","110.9735","65.4249","74.6182","26.3658","33.9687","31.5013","51.1507","41.5930","39.5706","39.9059","57.0436","50.9191","130.6120","59.6932","95.7862","36.0359","26.9309","54.3603","61.2081","18.9048","29.7025","75.5265","89.5586","128.8550","40.1016","65.9583","56.9943","30.5318","128.9358","32.3666","37.3749","32.2374","34.9108","41.6577","77.7757","32.7686","128.4177","57.7428","65.2605","23.3824","79.1046","71.4025","113.1154","103.4289","31.5880","29.3970","39.6306","49.8341","48.5357","56.6568","71.1143","65.2274","76.1109","128.2275","45.9267","227.3846","38.7724","54.5007","109.7513","96.4210","47.0756","78.1298"
"C:\Users\cfg364\Sommerlab Dropbox\Casper van der Luijt\Casper\Data\BioLog\OmniLog\CL2\DATA_2024\07\_NRRL 3483_Aspergillus oryzae__1_30_CL2_769_7#24#2024_A_14B_17.OKA","7/24/2024 10:32:48 PM","14-B","PM01","","NRRL 3483","Aspergillus oryzae","",66.2500,"61.0473","232.5856","187.7886","71.1792","62.1961","145.5158","67.5116","122.6593","122.2859","170.1205","166.4072","138.0450","53.5815","164.1576","141.5004","48.2991","65.6056","61.0995","44.6745","200.6495","57.7902","42.9204","100.3565","111.7979","56.5097","40.1529","43.4206","242.9173","62.0649","161.3045","159.3013","81.9346","129.7298","121.4222","113.8215","59.7037","76.6530","27.9476","36.3891","29.0052","53.3355","40.5633","40.5826","43.7832","63.4382","56.5462","131.5826","58.7171","95.7800","38.4855","28.8658","52.3605","59.7945","21.3978","31.9877","70.4410","90.9783","129.2818","39.7298","62.5651","57.6385","32.1718","131.0288","36.0110","41.0157","32.6726","31.2124","51.0274","78.3602","40.5896","130.0901","61.0627","66.1936","24.5432","79.8845","68.0932","117.2339","107.6992","31.2079","28.9364","40.1695","49.3703","49.6685","54.6942","69.1173","73.5009","73.9456","130.1421","47.1411","229.1954","38.1486","55.1583","110.2515","101.4747","48.3853","80.8165"
"C:\Users\cfg364\Sommerlab Dropbox\Casper van der Luijt\Casper\Data\BioLog\OmniLog\CL2\DATA_2024\07\_NRRL 3483_Aspergillus oryzae__1_30_CL2_769_7#24#2024_A_14B_17.OKA","7/24/2024 10:32:48 PM","14-B","PM01","","NRRL 3483","Aspergillus oryzae","",66.5000,"63.7810","231.6587","186.9047","70.8964","64.8447","142.5330","64.5236","119.8066","123.5029","169.7751","168.1384","133.5107","57.3399","165.3063","136.2995","46.8168","64.2892","67.7175","41.8140","204.6364","63.0215","45.0590","100.4599","107.0392","56.4114","38.9854","42.0455","248.6858","61.8640","163.3448","160.1885","80.8168","130.5541","118.9385","115.1720","62.1335","80.1919","27.7798","39.4384","31.3145","51.7057","43.6512","42.0727","42.2537","63.0527","55.3797","132.6619","61.5083","97.8977","39.2019","31.1521","50.3179","58.4753","22.0259","30.0754","73.9161","88.9081","128.5919","42.3802","63.8725","55.7027","31.5609","128.1433","33.7462","38.5395","34.2838","35.6098","45.5240","73.6218","36.4331","129.6547","65.4392","66.5379","22.1985","80.7442","68.2382","114.3896","102.1056","33.4601","28.4675","42.7680","45.4837","46.8969","50.9655","69.6196","66.9227","78.0464","132.3144","43.1284","227.0497","35.4417","53.6461","110.5934","103.2978","47.7542","79.0574"
"C:\Users\cfg364\Sommerlab Dropbox\Casper van der Luijt\Casper\Data\BioLog\OmniLog\CL2\DATA_2024\07\_NRRL 3483_Aspergillus oryzae__1_30_CL2_769_7#24#2024_A_14B_17.OKA","7/24/2024 10:32:48 PM","14-B","PM01","","NRRL 3483","Aspergillus oryzae","",66.7500,"64.0165","234.2105","189.8875","69.8981","63.6133","145.2088","66.3936","116.8173","125.0518","170.4749","168.7316","138.2410","58.2188","166.3067","141.5634","47.4826","65.3156","65.9929","39.1673","204.1347","58.5990","47.5683","97.6953","103.3512","52.3616","40.8069","42.8947","248.6809","58.5952","162.4241","160.6735","86.1155","130.8094","115.0343","114.3566","56.9566","78.0669","29.3411","34.3513","30.6124","53.1501","41.9634","40.7281","42.1553","58.3401","53.7024","132.4566","59.3954","100.6327","30.9057","31.3499","53.4654","56.8453","17.2342","26.2605","72.7326","87.4891","129.0391","42.7096","68.7250","57.8233","29.4155","131.5105","33.8947","38.9816","29.2165","35.8736","46.2037","78.0936","36.2696","130.8544","64.3394","64.9436","27.1917","83.5724","72.1436","120.0534","107.2324","29.5198","32.3443","44.0255","45.9748","50.4323","54.4557","70.3990","68.7620","74.6387","132.4550","51.1659","227.8394","37.5665","50.9435","111.0321","101.0219","49.7808","82.6767"
"C:\Users\cfg364\Sommerlab Dropbox\Casper van der Luijt\Casper\Data\BioLog\OmniLog\CL2\DATA_2024\07\_NRRL 3483_Aspergillus oryzae__1_30_CL2_769_7#24#2024_A_14B_17.OKA","7/24/2024 10:32:48 PM","14-B","PM01","","NRRL 3483","Aspergillus oryzae","",67.0000,"56.8588","234.1137","190.2451","70.7814","63.6133","147.1754","70.3502","120.8116","125.7791","171.1406","161.3426","138.5361","61.4538","167.4188","140.4347","47.8994","65.1911","65.9929","41.2370","208.5749","59.9682","43.7933","94.4709","106.3813","57.6109","41.2294","41.5080","248.2324","56.5245","163.4303","163.0341","82.9474","131.8019","121.4478","114.5178","61.4009","79.4279","30.8695","37.2268","30.9649","55.7904","44.4782","42.9855","40.2021","64.5471","51.7109","131.4090","57.8963","102.3417","31.7782","29.3775","54.9742","57.6800","12.8354","25.5596","74.9282","88.4149","126.7420","43.7796","67.3363","55.3476","28.5172","131.2337","34.0816","38.0862","31.2966","35.8736","45.7937","77.6168","38.2428","128.4058","65.3688","65.7965","27.2233","80.6757","74.2594","121.4511","105.9285","32.1927","32.6587","40.6497","47.8274","47.1090","51.0938","71.1380","68.7302","72.0054","135.2616","49.1735","227.2586","38.6747","54.1036","111.1607","99.6716","47.5557","80.3485"
"C:\Users\cfg364\Sommerlab Dropbox\Casper van der Luijt\Casper\Data\BioLog\OmniLog\CL2\DATA_2024\07\_NRRL 3483_Aspergillus oryzae__1_30_CL2_769_7#24#2024_A_14B_17.OKA","7/24/2024 10:32:48 PM","14-B","PM01","","NRRL 3483","Aspergillus oryzae","",67.2500,"56.7889","229.9512","188.7041","69.6521","64.1369","145.7292","66.6649","121.4432","125.2019","168.1017","166.6076","137.2043","59.2397","163.4384","140.4388","45.5157","60.8250","68.1139","41.8317","207.2662","57.5109","46.5942","103.6181","104.7519","54.0825","43.6143","43.5492","247.9086","58.5163","164.1227","160.2783","76.0471","131.7668","119.3308","114.8975","57.8276","79.9949","29.7013","41.2159","30.5487","55.3737","40.5946","43.8897","43.9673","66.7567","55.2933","131.6219","54.7847","102.1608","35.5761","32.1739","52.1860","62.3547","19.0296","27.8232","74.3410","94.3766","128.4960","44.5382","63.2426","53.5155","29.0892","130.1600","35.3477","39.5063","32.4627","32.5394","46.6646","75.7598","36.7440","128.2225","59.8059","64.8888","24.4623","81.1861","70.1117","118.0328","103.9207","29.5435","32.1013","44.1305","46.2885","48.7999","50.3303","73.9983","70.9754","76.2336","131.2350","46.5575","227.6177","43.0374","54.6060","108.3831","99.5820","42.9642","81.2287"
"C:\Users\cfg364\Sommerlab Dropbox\Casper van der Luijt\Casper\Data\BioLog\OmniLog\CL2\DATA_2024\07\_NRRL 3483_Aspergillus oryzae__1_30_CL2_769_7#24#2024_A_14B_17.OKA","7/24/2024 10:32:48 PM","14-B","PM01","","NRRL 3483","Aspergillus oryzae","",67.5000,"58.4153","237.2367","189.2342","70.9484","63.0428","147.8606","65.5983","116.3284","121.7580","177.3476","165.5515","136.2179","58.7095","164.3583","142.4878","47.5317","65.3623","66.3515","39.4128","206.6179","60.2009","43.7729","99.1114","104.8673","59.8364","44.0548","38.9239","244.1867","58.7750","160.6875","163.3248","81.9989","129.0788","117.7330","116.2082","65.3837","79.1777","26.5966","34.3590","31.5239","53.7886","38.7057","43.8577","41.5038","60.5715","53.0886","132.5686","59.9056","100.9968","36.7294","29.6748","53.5977","57.9601","22.4823","29.9164","73.1144","86.9099","132.3028","40.1451","65.2803","56.3395","31.6528","131.1924","28.9228","38.5072","34.3503","33.5602","40.4658","78.4831","37.3618","131.7423","59.8988","63.4396","25.9948","83.4233","65.8910","119.1446","108.8167","31.7896","29.3998","41.2910","48.7350","48.3144","48.7701","69.6122","65.3519","82.2843","128.9902","49.2991","229.4001","41.0391","49.7028","114.2051","98.1729","43.5920","83.5647"
"C:\Users\cfg364\Sommerlab Dropbox\Casper van der Luijt\Casper\Data\BioLog\OmniLog\CL2\DATA_2024\07\_NRRL 3483_Aspergillus oryzae__1_30_CL2_769_7#24#2024_A_14B_17.OKA","7/24/2024 10:32:48 PM","14-B","PM01","","NRRL 3483","Aspergillus oryzae","",67.7500,"59.5652","233.1245","193.5137","69.9466","60.9314","150.6939","66.2101","120.8572","122.2621","170.9545","165.7969","139.4952","56.9046","165.4975","139.2662","46.2652","66.5211","67.5609","40.8302","204.5818","60.4512","47.4689","96.1465","108.3986","59.2582","44.2459","46.5163","244.6724","60.1699","164.0529","167.4783","81.2696","133.1121","123.4725","112.8176","61.8181","79.4996","29.3568","36.1889","32.9204","55.7285","43.8423","45.2574","45.5819","63.9447","52.9476","133.0832","57.1205","99.9506","36.3684","30.8232","50.2142","59.9785","19.9242","25.0333","74.5343","88.7630","130.1818","38.3460","65.8223","59.2899","30.8344","136.9940","33.5029","37.1114","31.1176","34.1219","44.8011","77.0185","33.9661","130.6577","59.2376","66.0476","22.4555","81.6045","73.5380","115.8059","108.9742","32.7114","28.4423","40.7714","47.2774","48.4689","51.0796","71.1287","73.5846","77.1916","136.8826","46.8713","224.7904","38.9618","53.7588","110.0772","97.1626","47.2499","83.1430"
"C:\Users\cfg364\Sommerlab Dropbox\Casper van der Luijt\Casper\Data\BioLog\OmniLog\CL2\DATA_2024\07\_NRRL 3483_Aspergillus oryzae__1_30_CL2_769_7#24#2024_A_14B_17.OKA","7/24/2024 10:32:48 PM","14-B","PM01","","NRRL 3483","Aspergillus oryzae","",68.0000,"61.9306","232.8304","190.8851","68.6213","63.5185","148.4934","69.5960","125.3294","128.6286","173.4611","165.8157","138.2144","61.7926","169.4094","139.6282","51.0746","64.6353","68.1610","44.0491","207.8669","59.6571","45.8225","101.5792","107.8334","61.7321","44.8501","47.1327","246.9058","59.8880","165.4506","166.8640","80.1164","136.4187","123.0642","120.1563","65.4113","77.3121","27.3424","35.4745","29.3314","54.7486","46.6383","41.6324","45.5654","64.2264","55.4074","135.3600","60.3164","104.9936","36.8197","32.3654","52.5744","62.4262","21.7500","29.8333","76.1317","93.9618","129.9414","42.3493","63.4116","59.9104","28.9194","134.7443","32.0261","42.4649","33.3435","39.5523","44.1284","77.2030","34.9956","130.2128","59.3576","67.1448","26.6808","87.2544","72.2134","119.7714","105.7316","31.5192","32.0327","39.3911","49.8106","49.1028","54.2071","67.8538","71.8640","78.9676","134.9221","45.2016","227.3091","45.4544","56.6823","107.5705","97.9311","45.0331","83.0729"
"C:\Users\cfg364\Sommerlab Dropbox\Casper van der Luijt\Casper\Data\BioLog\OmniLog\CL2\DATA_2024\07\_NRRL 3483_Aspergillus oryzae__1_30_CL2_769_7#24#2024_A_14B_17.OKA","7/24/2024 10:32:48 PM","14-B","PM01","","NRRL 3483","Aspergillus oryzae","",68.2500,"59.0203","233.2501","190.0413","69.2821","61.8376","151.3007","70.5715","124.0459","124.4217","175.4467","169.2895","139.3960","58.1601","167.0755","141.2995","51.6453","69.0296","66.1014","38.9247","205.6382","58.4711","43.1160","105.5360","107.5700","58.0994","41.9831","42.9781","249.3696","61.4216","166.4940","165.5945","80.3096","134.8934","123.7729","115.6282","57.8167","82.2617","25.4719","39.6899","33.4480","50.0147","45.7309","39.4671","46.7355","56.1500","54.5596","133.1708","55.8242","104.3835","36.0829","30.4004","50.4261","60.2569","23.0000","30.2132","75.4677","95.6815","131.8289","42.0572","66.1701","59.2016","29.4002","130.5918","34.9187","39.2099","34.4812","36.4886","44.4451","75.5367","35.3480","133.2762","63.9481","63.3529","28.5853","85.1311","73.6355","117.7926","102.9557","29.3173","30.5844","40.0327","45.6261","49.2952","52.3069","74.2703","72.1182","77.9085","131.2017","44.4040","231.1827","43.0382","55.3563","112.8998","98.8707","43.8880","80.5834"
"C:\Users\cfg364\Sommerlab Dropbox\Casper van der Luijt\Casper\Data\BioLog\OmniLog\CL2\DATA_2024\07\_NRRL 3483_Aspergillus oryzae__1_30_CL2_769_7#24#2024_A_14B_17.OKA","7/24/2024 10:32:48 PM","14-B","PM01","","NRRL 3483","Aspergillus oryzae","",68.5000,"58.0947","232.0465","194.3200","71.9473","66.1580","149.8662","65.9062","128.5961","125.4090","175.4751","167.7906","142.4696","59.0035","168.0766","144.3007","48.0679","64.9088","71.6375","44.6579","207.7262","63.2872","45.9351","105.3568","104.2449","55.2616","44.5962","46.8004","247.2697","58.1355","163.7186","169.2737","84.8534","133.9918","122.4112","118.9054","60.4863","83.3121","25.7412","36.3911","33.8274","57.1474","45.8761","41.5307","43.5966","61.6545","56.6533","137.6380","54.8508","104.7491","35.0323","29.3241","53.0717","63.3268","19.1797","29.5898","76.0617","92.1543","133.1171","43.8316","67.9552","59.3235","30.6685","137.8404","36.9377","42.0429","31.7463","35.7729","48.7862","80.9872","34.9337","134.4693","63.5734","71.2671","22.7281","85.5603","71.4354","118.4727","106.7944","31.2005","29.7170","45.1206","52.7975","51.6026","55.0332","73.7110","69.9722","77.1034","133.1257","46.2702","227.0271","39.6328","58.0606","108.8969","97.9517","45.9459","85.2679"
"C:\Users\cfg364\Sommerlab Dropbox\Casper van der Luijt\Casper\Data\BioLog\OmniLog\CL2\DATA_2024\07\_NRRL 3483_Aspergillus oryzae__1_30_CL2_769_7#24#2024_A_14B_17.OKA","7/24/2024 10:32:48 PM","14-B","PM01","","NRRL 3483","Aspergillus oryzae","",68.7500,"60.0789","233.9429","195.4492","68.0025","65.0201","153.3002","63.3138","123.7219","124.2496","172.6764","166.8000","143.2647","57.1134","169.2356","144.3258","46.6802","66.3493","64.7090","43.8415","204.3183","64.3462","48.9569","103.9234","105.5107","58.0988","44.0999","43.2401","250.1775","59.8445","164.3449","168.6956","82.8161","133.0100","122.5294","116.7015","58.3541","80.9747","29.8867","37.3836","32.0853","56.6363","41.1706","39.5414","47.8900","62.3683","54.6760","137.3531","58.3670","102.6276","36.1619","31.1182","57.3345","62.3638","22.2354","29.9243","72.5739","94.8455","133.5730","39.5283","67.0247","60.3053","30.1600","135.5194","38.6377","41.3915","32.9114","33.6675","46.9462","81.2763","34.6431","134.5249","66.7767","62.9675","25.1965","84.3773","71.8475","118.7105","106.4127","29.1662","28.3236","42.3480","45.2991","50.2726","52.2795","71.8905","71.6009","81.9839","134.4537","49.8650","225.7130","40.0945","56.5808","111.0057","101.2042","46.7684","83.3537"
"C:\Users\cfg364\Sommerlab Dropbox\Casper van der Luijt\Casper\Data\BioLog\OmniLog\CL2\DATA_2024\07\_NRRL 3483_Aspergillus oryzae__1_30_CL2_769_7#24#2024_A_14B_17.OKA","7/24/2024 10:32:48 PM","14-B","PM01","","NRRL 3483","Aspergillus oryzae","",69.0000,"57.8850","232.7686","195.7939","70.4685","57.6154","152.1080","69.8316","128.1192","123.0930","172.8905","167.9528","140.0579","58.3228","166.5199","144.7154","45.6684","65.5040","67.7903","42.8306","207.0438","61.4758","38.9062","102.4252","104.5468","54.6208","44.4972","41.6235","247.6371","58.0162","166.4940","166.1016","84.9957","136.4470","122.5561","123.3832","58.2149","80.3515","29.1046","37.8792","33.7432","57.1791","41.8656","38.2825","44.0407","63.5360","55.3918","136.4308","54.2381","102.3065","38.8516","31.0369","51.7539","58.6654","20.3655","29.9511","75.2242","93.9681","129.4416","42.6569","67.6921","60.4000","32.2723","135.8043","36.0312","42.2064","32.4264","38.7743","44.3408","77.3834","35.3389","135.6444","60.1798","66.0061","23.5187","83.1171","75.6659","116.9374","103.9638","33.6168","27.5064","42.9717","47.2742","45.7129","51.0121","70.8356","73.6163","80.7380","133.1286","46.7989","229.7618","41.3144","51.3991","110.7350","95.6499","45.2410","84.7143"
"C:\Users\cfg364\Sommerlab Dropbox\Casper van der Luijt\Casper\Data\BioLog\OmniLog\CL2\DATA_2024\07\_NRRL 3483_Aspergillus oryzae__1_30_CL2_769_7#24#2024_A_14B_17.OKA","7/24/2024 10:32:48 PM","14-B","PM01","","NRRL 3483","Aspergillus oryzae","",69.2500,"58.6749","234.3966","191.3020","66.6694","69.3468","152.6775","68.2917","120.2363","124.9960","173.6527","164.4120","141.1034","57.0843","167.0339","141.4194","46.6565","64.6674","65.4790","40.6195","204.8608","58.3238","44.0103","102.8875","105.5990","54.1453","38.6216","47.4169","248.8878","61.4285","168.3431","167.4241","82.2594","133.2375","120.8569","122.4012","56.4971","78.2719","28.0000","37.3776","31.7858","52.6897","43.1756","41.0454","46.2391","63.1402","50.9355","140.4454","56.8429","102.9316","37.4701","30.8258","52.1819","59.6255","18.0922","33.2338","75.7692","90.3967","134.1974","40.8884","63.4817","59.6905","28.9609","135.5151","33.6803","36.7069","31.6329","34.8874","47.9085","84.8427","38.1032","135.6452","62.7172","64.8568","21.5459","81.5946","74.5364","118.5034","105.8834","30.2706","30.0890","40.2629","47.5801","49.3483","54.5897","74.6484","73.4028","84.0347","131.6813","50.0571","226.3995","37.8611","55.3393","109.8945","104.0038","46.7695","81.6984"
"C:\Users\cfg364\Sommerlab Dropbox\Casper van der Luijt\Casper\Data\BioLog\OmniLog\CL2\DATA_2024\07\_NRRL 3483_Aspergillus oryzae__1_30_CL2_769_7#24#2024_A_14B_17.OKA","7/24/2024 10:32:48 PM","14-B","PM01","","NRRL 3483","Aspergillus oryzae","",69.5000,"64.0591","230.5616","195.2422","69.9849","62.7441","155.8915","66.3332","128.4211","124.6655","178.3621","168.1571","142.5045","63.0001","167.7448","141.6253","51.7439","65.6912","66.9143","43.2695","210.2320","61.8469","49.5325","102.1659","108.1949","58.1415","40.4506","44.7211","244.6359","58.0480","166.7565","169.7912","84.0014","133.2929","122.8216","119.7441","62.0875","80.7459","29.0663","34.7324","33.7490","50.5252","44.9950","41.4847","47.3667","63.0027","54.0260","138.8437","59.6894","103.4328","36.1928","33.2947","54.3699","57.8489","19.2872","26.7407","76.5944","89.4906","129.7823","37.5523","66.2231","60.3398","29.6578","137.4062","37.4769","37.4863","34.4413","36.7940","48.1191","76.9698","37.3901","134.0973","63.4428","64.9755","22.5236","83.0059","75.6538","118.7031","108.7580","29.2998","28.3185","39.9628","48.0932","46.0499","55.9615","72.9201","73.9982","82.5198","133.9620","46.3954","226.6428","39.8050","53.1214","111.3980","100.3195","46.1163","85.9380"
"C:\Users\cfg364\Sommerlab Dropbox\Casper van der Luijt\Casper\Data\BioLog\OmniLog\CL2\DATA_2024\07\_NRRL 3483_Aspergillus oryzae__1_30_CL2_769_7#24#2024_A_14B_17.OKA","7/24/2024 10:32:48 PM","14-B","PM01","","NRRL 3483","Aspergillus oryzae","",69.7500,"62.1355","237.4167","192.4120","69.4332","64.7095","154.1010","68.2909","129.7825","130.8011","177.2736","163.6188","139.1553","55.7863","169.1586","139.5665","45.7777","67.6229","68.9806","41.3894","208.0472","65.1835","45.2910","104.5211","103.6210","57.7620","41.3757","45.5411","249.5040","59.9121","172.3455","167.5873","83.6567","131.0276","126.3553","121.6543","57.8675","80.6805","29.9344","39.5119","34.4954","54.1947","43.7020","41.1116","44.2747","62.1431","52.0311","137.2676","57.1928","101.7427","34.6521","32.0119","51.4807","62.0536","18.5018","31.0060","75.8472","90.5537","134.6523","42.2543","67.7282","58.7500","33.2858","137.5468","35.1261","37.6224","33.0558","34.8321","45.8640","76.6615","39.1780","136.2655","62.3660","67.6870","21.8089","85.6209","75.2011","119.3931","109.6550","29.8832","32.8134","41.4506","48.2087","45.5806","54.6768","74.4264","76.5011","83.1337","135.3714","47.5160","227.7978","38.4633","55.4863","109.5521","101.5021","45.7837","85.8451"
"C:\Users\cfg364\Sommerlab Dropbox\Casper van der Luijt\Casper\Data\BioLog\OmniLog\CL2\DATA_2024\07\_NRRL 3483_Aspergillus oryzae__1_30_CL2_769_7#24#2024_A_14B_17.OKA","7/24/2024 10:32:48 PM","14-B","PM01","","NRRL 3483","Aspergillus oryzae","",70.0000,"64.5060","232.5030","195.0515","68.9931","65.0570","154.0687","67.7998","126.0252","128.4762","174.2132","166.2846","142.1846","58.1352","170.9339","142.5399","47.3497","68.3413","65.6692","44.8376","208.0472","64.5671","48.6516","103.5318","105.8003","57.8252","43.1319","48.0892","245.0361","59.2236","170.7126","170.1360","81.0182","132.8282","122.8743","121.7508","61.2246","82.3305","30.1942","40.4570","32.0272","58.8046","44.4231","38.3742","46.6606","63.0776","55.0342","141.4081","52.2494","105.4240","36.7673","33.0391","53.7804","60.2018","18.3449","27.2151","77.6256","93.3344","136.9271","40.1123","64.5112","60.2615","32.8055","136.2290","35.2197","42.1287","34.2881","32.5411","47.5377","76.6615","36.7208","134.3632","64.0698","69.1483","23.3758","82.1965","76.6532","120.3563","110.6422","30.0104","32.9075","42.1848","48.4010","47.1613","54.2720","73.7484","76.9113","82.4130","134.7228","44.9669","225.0188","40.9974","55.1056","110.6139","101.4700","46.8281","85.7522"
"C:\Users\cfg364\Sommerlab Dropbox\Casper van der Luijt\Casper\Data\BioLog\OmniLog\CL2\DATA_2024\07\_NRRL 3483_Aspergillus oryzae__1_30_CL2_769_7#24#2024_A_14B_17.OKA","7/24/2024 10:32:48 PM","14-B","PM01","","NRRL 3483","Aspergillus oryzae","",70.2500,"60.4653","232.4014","195.7217","73.7168","62.0481","155.0782","68.6938","124.4614","128.6019","174.1664","167.7877","142.8727","57.5385","169.2489","140.5775","50.3306","66.5584","69.4315","39.0430","209.5865","63.4150","43.9784","105.6779","107.1503","56.6716","39.3355","49.3168","247.3976","66.1437","166.9280","168.2847","84.3254","130.6437","122.5553","120.8901","62.2395","82.9543","27.0513","37.3422","32.2034","56.2033","44.8379","42.9337","43.6432","65.2396","59.9253","140.8856","58.2766","101.8981","37.2425","33.5809","56.4607","60.0262","22.6524","31.4674","80.8431","96.3827","131.7435","41.1322","60.6828","57.6286","32.1715","136.7760","37.4231","39.7577","38.4113","35.8122","44.0647","83.1220","37.6619","134.2775","63.6339","68.6788","22.0839","83.0445","72.8266","120.5483","108.2066","29.3264","28.7876","40.4182","48.1078","50.6151","52.1867","73.7757","74.9487","87.5211","138.7085","46.9522","227.5376","44.7750","55.2023","113.4420","101.6380","45.0671","88.3009"
"C:\Users\cfg364\Sommerlab Dropbox\Casper van der Luijt\Casper\Data\BioLog\OmniLog\CL2\DATA_2024\07\_NRRL 3483_Aspergillus oryzae__1_30_CL2_769_7#24#2024_A_14B_17.OKA","7/24/2024 10:32:48 PM","14-B","PM01","","NRRL 3483","Aspergillus oryzae","",70.5000,"61.8330","234.2108","200.6592","66.7976","66.7982","156.2359","64.9594","126.6930","129.5684","174.6258","167.3459","139.9192","61.5930","172.9438","145.1290","48.0024","71.9010","66.5863","45.3587","211.1636","62.2511","44.5241","104.3234","108.1126","58.9288","41.1775","48.1191","246.0171","63.2385","169.4681","167.0859","84.5786","133.8719","126.2968","123.9384","60.6523","86.6439","27.7066","39.9049","35.5698","55.4422","46.3723","42.4393","41.5972","59.2258","54.7367","137.2499","55.8075","107.9737","38.2123","34.3766","54.9633","57.3322","18.8028","29.5433","78.0452","95.8850","130.8601","44.5125","62.6965","59.7079","30.1378","136.9818","35.2964","40.0094","33.0214","36.4576","48.4843","82.0761","34.0032","137.8181","64.0977","64.1098","25.1358","82.4860","77.9243","117.5470","109.1187","28.9533","25.4674","43.8712","48.0722","47.9062","58.1602","73.1643","78.3189","87.8219","136.0455","47.4204","225.8161","36.3221","54.0722","111.7484","105.9614","44.6253","86.5535"
"C:\Users\cfg364\Sommerlab Dropbox\Casper van der Luijt\Casper\Data\BioLog\OmniLog\CL2\DATA_2024\07\_NRRL 3483_Aspergillus oryzae__1_30_CL2_769_7#24#2024_A_14B_17.OKA","7/24/2024 10:32:48 PM","14-B","PM01","","NRRL 3483","Aspergillus oryzae","",70.7500,"59.4177","233.5665","201.9074","67.4134","63.7483","161.3574","68.2178","126.5909","128.4434","172.3583","167.6297","148.1569","56.6534","174.4590","145.5715","46.9897","70.3734","67.3365","45.8000","207.6418","59.9807","45.9203","105.0312","106.8920","58.5668","41.4669","44.7997","249.5857","59.8927","171.3280","165.0460","81.1260","138.0104","126.0175","123.7098","59.0144","81.5307","25.9671","37.9351","30.2114","55.5166","44.5947","39.0513","45.8746","62.9566","55.0654","139.6847","58.4548","107.4422","35.8016","34.2349","54.7551","59.5440","20.2432","27.6347","79.8443","95.7774","132.8962","42.4743","67.4170","58.7208","32.7677","139.3636","36.9090","37.7467","30.0488","37.9366","44.7863","81.8918","37.4487","137.6603","62.7133","66.6468","21.1229","80.6772","73.3035","120.9392","109.6105","28.8204","31.1492","39.5036","46.5558","50.8946","52.3255","74.8241","80.9011","85.6824","139.7063","48.4944","226.2294","38.0128","56.4339","109.9399","97.5388","43.6092","86.2850"
"C:\Users\cfg364\Sommerlab Dropbox\Casper van der Luijt\Casper\Data\BioLog\OmniLog\CL2\DATA_2024\07\_NRRL 3483_Aspergillus oryzae__1_30_CL2_769_7#24#2024_A_14B_17.OKA","7/24/2024 10:32:48 PM","14-B","PM01","","NRRL 3483","Aspergillus oryzae","",71.0000,"59.3446","234.3716","198.5806","70.9674","64.5900","155.3854","72.2099","127.1142","129.5275","174.1947","164.8966","145.8630","61.9763","170.8843","144.9068","50.5891","68.2974","70.3694","42.1770","211.7965","61.7395","45.5750","103.6451","105.5071","58.7408","44.0988","45.1464","248.9679","62.1484","169.5769","171.2171","81.3481","136.9342","124.9812","127.0023","63.5743","80.4242","26.3259","39.0932","30.2174","54.1237","45.3724","44.0039","46.8300","66.3690","57.2056","139.7041","61.4496","105.4786","37.4520","34.4005","56.0667","63.5485","21.2628","33.2384","77.6598","96.1401","130.6583","45.7460","65.9305","59.9461","31.6289","138.9282","32.7244","43.0966","36.8175","35.4520","46.1388","80.7335","36.6887","138.0233","61.9041","66.5910","24.9214","84.0124","73.8698","115.8689","108.2307","30.1327","28.1422","44.6931","51.5402","53.2854","52.0000","76.0090","78.6230","87.2093","138.7059","47.1831","226.6426","37.7679","53.7633","110.2257","101.6581","41.7528","86.9950"
"C:\Users\cfg364\Sommerlab Dropbox\Casper van der Luijt\Casper\Data\BioLog\OmniLog\CL2\DATA_2024\07\_NRRL 3483_Aspergillus oryzae__1_30_CL2_769_7#24#2024_A_14B_17.OKA","7/24/2024 10:32:48 PM","14-B","PM01","","NRRL 3483","Aspergillus oryzae","",71.2500,"59.9255","234.0377","196.5459","69.6543","64.5045","158.7264","69.9609","124.7394","125.0146","178.5859","166.3630","141.1977","59.2869","171.5140","147.0732","47.0589","66.7439","69.0167","45.3674","207.7611","59.4480","42.2017","108.8748","103.1726","59.8294","40.5801","45.3099","248.4886","61.7351","173.2031","171.1709","79.0090","137.0228","130.6484","119.1806","63.4460","86.7576","28.9463","41.7576","31.7630","53.9472","45.6920","43.1158","45.6155","64.9570","55.1745","140.2265","55.4459","108.6231","35.5379","34.6905","55.7517","61.9467","19.6825","29.3444","79.7477","99.9083","134.3438","38.8630","64.2447","60.4287","28.0590","137.2639","38.1032","41.4120","33.3551","38.0521","43.1570","79.5102","35.0440","135.4978","64.0428","69.4158","26.0045","83.5046","75.0581","118.5189","109.6114","30.8808","26.5823","40.5560","48.9538","47.4396","51.9500","75.8326","74.8346","89.4745","138.9729","47.1729","226.2702","43.6268","55.6520","106.4601","97.1026","45.3380","88.2896"
"C:\Users\cfg364\Sommerlab Dropbox\Casper van der Luijt\Casper\Data\BioLog\OmniLog\CL2\DATA_2024\07\_NRRL 3483_Aspergillus oryzae__1_30_CL2_769_7#24#2024_A_14B_17.OKA","7/24/2024 10:32:48 PM","14-B","PM01","","NRRL 3483","Aspergillus oryzae","",71.5000,"60.3891","234.6842","197.6554","68.4894","62.8601","159.3722","69.9934","123.3414","126.8848","177.7523","161.9165","141.4289","57.0084","174.2018","145.9181","47.9258","67.3416","70.4472","47.5515","209.2879","62.8524","45.9787","108.6121","106.2955","58.4942","38.1808","46.5432","246.6531","59.4233","172.8867","173.0906","80.8811","136.6400","128.2138","118.9860","61.2072","85.4003","32.6008","42.1648","33.4932","57.9121","44.5971","42.0952","46.4087","60.8213","59.5724","136.6487","58.4548","107.1174","36.3138","32.1755","56.0662","64.1369","19.6195","34.4224","79.6209","97.8362","131.0332","37.9810","64.6597","62.9651","33.1895","137.1097","39.3747","42.2434","35.3731","36.4030","45.4449","78.4872","38.0774","137.6719","65.7023","68.4711","22.6914","80.6306","74.0364","119.2899","111.9276","31.0708","27.1251","45.9241","48.9858","48.9177","55.0500","76.4794","78.5708","87.5149","139.0966","47.1411","225.8837","42.7757","56.3472","113.1223","98.8863","41.3845","89.7760"
"C:\Users\cfg364\Sommerlab Dropbox\Casper van der Luijt\Casper\Data\BioLog\OmniLog\CL2\DATA_2024\07\_NRRL 3483_Aspergillus oryzae__1_30_CL2_769_7#24#2024_A_14B_17.OKA","7/24/2024 10:32:48 PM","14-B","PM01","","NRRL 3483","Aspergillus oryzae","",71.7500,"60.1139","230.1427","201.6657","65.7305","65.2647","162.2514","64.1456","126.8488","130.1020","179.1979","163.5410","146.6595","62.1738","172.6359","147.6094","47.4524","65.8357","68.2011","40.3531","210.6799","60.1367","45.2450","110.9981","110.6254","60.2228","40.1618","46.9146","246.5433","55.7830","169.6586","173.2368","79.9493","135.7481","124.4798","122.3188","60.8955","83.4277","31.9043","37.1742","32.8293","54.4249","46.5001","40.6860","44.8447","66.4992","56.3160","138.9971","53.2703","107.5299","35.4560","31.3319","52.2309","61.1016","23.5616","28.2185","83.4119","100.0300","134.7851","39.2402","62.6939","56.6919","29.9755","141.9801","37.7909","40.6773","29.8458","31.6091","49.4163","79.4303","35.3653","135.2323","61.1570","68.7123","25.0467","81.8593","76.3013","119.9958","112.0230","26.9172","27.7742","40.1789","49.5169","51.5037","53.1908","73.2004","76.5712","85.4768","139.8273","46.7676","224.7283","39.8776","56.7995","111.3864","101.2626","46.6511","88.4334"
"C:\Users\cfg364\Sommerlab Dropbox\Casper van der Luijt\Casper\Data\BioLog\OmniLog\CL2\DATA_2024\07\_NRRL 3483_Aspergillus oryzae__1_30_CL2_769_7#24#2024_A_14B_17.OKA","7/24/2024 10:32:48 PM","14-B","PM01","","NRRL 3483","Aspergillus oryzae","",72.0000,"63.8170","233.1062","203.1624","67.8157","65.6986","162.2019","73.4174","127.7685","129.0408","175.5118","167.0905","147.1989","61.3798","172.5497","148.7133","47.5412","66.2594","71.9225","45.0232","208.8063","64.9894","42.8074","114.4322","107.1120","60.0775","44.2118","47.9867","248.9160","60.6011","178.0544","173.0139","84.5037","137.9099","127.3748","125.6386","64.2686","87.5889","30.0659","35.0393","32.1328","60.1016","47.0840","40.9171","48.2512","68.3637","60.5262","146.5892","55.0899","108.7882","39.2690","31.1146","57.5977","60.3193","18.7142","26.9869","76.9708","99.9151","137.8454","43.4603","64.6033","62.7269","31.7216","140.7204","37.8705","39.6914","32.5770","37.9636","44.6996","82.2184","40.6416","137.6238","63.3753","67.7216","25.8197","83.6965","76.0150","119.2571","109.6357","34.3527","29.3031","41.0094","50.6607","51.5540","54.0486","76.0043","81.5590","93.3414","140.4757","51.1392","226.1866","44.6677","60.8776","109.9559","100.4907","43.9761","89.1264"
"C:\Users\cfg364\Sommerlab Dropbox\Casper van der Luijt\Casper\Data\BioLog\OmniLog\CL2\DATA_2024\07\_NRRL 3483_Aspergillus oryzae__1_30_CL2_769_7#24#2024_A_14B_17.OKA","7/24/2024 10:32:48 PM","14-B","PM01","","NRRL 3483","Aspergillus oryzae","",72.2500,"61.2695","234.2252","202.8050","69.1189","65.1806","162.7603","71.8630","130.7025","136.2795","177.5613","167.3356","146.2333","60.1730","174.7400","147.5270","48.6639","67.2326","69.3508","44.0338","212.7463","64.4297","49.7612","108.9935","105.1031","56.2405","39.7198","48.1777","247.6640","61.3685","176.1845","173.7157","82.9457","134.7187","127.9772","124.0213","58.8999","82.5702","27.7001","37.8378","31.2855","55.6161","48.2999","39.9157","50.1887","63.5477","56.9767","142.9385","58.8447","110.2870","34.7920","33.8641","55.3771","56.0406","19.0616","30.7343","80.9082","100.7138","133.4582","41.7685","66.3826","62.1745","31.9421","141.9681","34.2753","42.8457","38.2621","39.2892","48.2124","78.2360","38.0527","139.9183","65.8124","68.7037","27.2156","82.4977","82.6205","121.5863","110.6749","32.4512","29.4755","43.0297","51.6499","52.5327","52.8089","77.1029","79.0773","89.1095","139.6184","48.5131","229.2997","42.2574","56.5471","110.5928","98.6528","43.0815","90.5596"
"C:\Users\cfg364\Sommerlab Dropbox\Casper van der Luijt\Casper\Data\BioLog\OmniLog\CL2\DATA_2024\07\_NRRL 3483_Aspergillus oryzae__1_30_CL2_769_7#24#2024_A_14B_17.OKA","7/24/2024 10:32:48 PM","14-B","PM01","","NRRL 3483","Aspergillus oryzae","",72.5000,"59.2313","231.9948","203.4633","68.5833","66.2972","162.7419","68.6577","131.3985","129.5931","175.7633","165.6001","148.9964","61.4496","173.9259","146.3179","50.6952","70.1942","70.4226","43.6724","211.8345","66.3630","47.9150","108.3471","109.4145","59.0906","42.1771","48.9718","248.4867","57.4452","174.4156","171.1152","83.7588","136.8131","127.5650","129.5260","65.3015","84.1429","29.1677","38.8070","29.5972","57.6867","42.9646","46.2424","44.6561","61.2712","59.3073","145.9774","59.3310","110.7461","38.9500","31.5435","54.2006","62.2931","17.9579","28.2637","79.2736","98.8081","134.5751","43.9061","66.6888","60.3455","33.9411","141.2036","39.3581","45.8835","33.6175","35.7724","43.9257","81.1021","35.8362","137.0414","66.0209","68.6395","24.9084","82.8996","73.1861","120.3141","110.2645","32.4002","27.9759","42.9117","50.6284","54.7660","55.8382","78.1892","82.7946","92.5556","136.9661","45.8876","227.7019","37.1281","55.1020","110.0616","99.9827","43.1217","89.5605"
"C:\Users\cfg364\Sommerlab Dropbox\Casper van der Luijt\Casper\Data\BioLog\OmniLog\CL2\DATA_2024\07\_NRRL 3483_Aspergillus oryzae__1_30_CL2_769_7#24#2024_A_14B_17.OKA","7/24/2024 10:32:48 PM","14-B","PM01","","NRRL 3483","Aspergillus oryzae","",72.7500,"58.9270","233.9173","202.5109","69.2153","68.0187","163.3408","73.3733","123.6773","132.4096","178.8244","164.7149","149.8904","64.2998","175.9112","148.3409","48.2611","71.9945","69.4792","46.9368","208.7941","63.0800","45.2465","110.3747","105.7254","61.4446","43.8124","46.3243","247.0394","62.7719","173.2670","174.5915","84.3375","136.0170","126.5293","125.5036","60.4386","81.5525","30.7259","37.2303","31.1892","56.2342","47.6071","44.9899","45.6015","62.7211","56.8974","147.3736","56.9132","110.5658","38.2209","31.0645","55.9100","60.2981","18.5646","31.1686","81.9071","97.5275","133.1279","41.4966","65.1371","63.2750","31.3264","141.9242","40.6843","40.5272","33.3167","38.1256","48.7792","77.7503","35.5407","139.8239","66.3003","68.0668","21.8516","79.7847","79.8587","119.4564","106.0955","27.6886","26.7325","41.2590","49.5984","54.0743","52.2185","79.1272","78.9002","92.1475","138.8067","48.0131","225.9429","40.1688","54.4205","111.9491","100.8019","44.2250","90.3997"
"C:\Users\cfg364\Sommerlab Dropbox\Casper van der Luijt\Casper\Data\BioLog\OmniLog\CL2\DATA_2024\07\_NRRL 3483_Aspergillus oryzae__1_30_CL2_769_7#24#2024_A_14B_17.OKA","7/24/2024 10:32:48 PM","14-B","PM01","","NRRL 3483","Aspergillus oryzae","",73.0000,"59.1584","232.5130","202.3464","62.9814","65.3803","167.2157","65.1800","128.6098","130.8727","178.3867","168.0485","146.5072","58.0275","172.0589","148.7437","51.6831","68.1349","68.7259","46.1373","206.5865","65.8565","43.0518","111.2869","105.8219","58.2541","41.7079","47.6635","248.3602","58.8208","178.7191","174.8001","79.3638","137.4793","128.7012","128.3268","56.7396","82.7619","29.8911","40.3854","32.1264","54.7645","43.0035","46.1704","45.5435","62.8886","55.2920","144.8714","57.7691","109.8622","36.6302","31.2664","54.5266","60.2531","20.8618","26.8506","80.3949","99.5923","134.7251","38.6147","66.4568","63.0678","31.1151","141.0426","39.2918","40.7677","33.4911","35.7776","45.5685","81.5197","34.7364","139.7244","63.0877","65.2566","28.2816","83.3365","77.4508","118.5905","111.4175","29.2628","30.1190","41.2383","51.3017","51.8205","51.2915","75.9742","79.5156","91.3690","140.3088","48.7799","225.7686","37.4733","57.1309","109.4897","103.0133","44.7834","90.0886"
"C:\Users\cfg364\Sommerlab Dropbox\Casper van der Luijt\Casper\Data\BioLog\OmniLog\CL2\DATA_2024\07\_NRRL 3483_Aspergillus oryzae__1_30_CL2_769_7#24#2024_A_14B_17.OKA","7/24/2024 10:32:48 PM","14-B","PM01","","NRRL 3483","Aspergillus oryzae","",73.2500,"60.5134","234.9494","202.3843","68.1794","63.4117","166.3938","67.0045","127.3003","127.4896","180.2204","167.5159","149.6047","64.3965","175.1651","149.6737","52.4580","68.3139","71.9006","40.0537","210.4958","64.6153","42.4446","113.6594","107.1546","56.9339","41.5788","45.2849","247.8387","60.5237","179.7988","174.3168","79.6706","135.1465","129.7924","131.4188","55.6204","85.3506","27.2628","39.6106","32.4394","56.1137","43.9923","43.0112","43.7710","61.6717","56.1114","143.5979","56.2933","109.1688","37.2758","30.8645","55.4459","58.9590","20.1492","30.2054","82.4879","102.2722","132.6550","44.4411","64.9728","62.5478","26.6311","144.4016","38.8913","41.5885","32.9235","37.6118","45.7996","82.2969","34.4739","141.9208","61.5616","69.7730","28.0266","83.6663","82.1000","124.3697","109.2089","31.6421","32.4914","42.2349","49.2574","49.3247","55.4202","73.4872","76.9070","91.2660","141.0989","45.8774","226.2782","41.1181","58.8575","114.1472","99.4975","44.1094","93.3447"
"C:\Users\cfg364\Sommerlab Dropbox\Casper van der Luijt\Casper\Data\BioLog\OmniLog\CL2\DATA_2024\07\_NRRL 3483_Aspergillus oryzae__1_30_CL2_769_7#24#2024_A_14B_17.OKA","7/24/2024 10:32:48 PM","14-B","PM01","","NRRL 3483","Aspergillus oryzae","",73.5000,"58.1188","231.5011","204.0196","63.1498","62.6444","167.0610","66.7270","131.0627","128.8310","179.6123","168.9298","144.3489","58.7325","173.3909","151.6839","48.7693","71.2992","73.1804","42.0707","212.1878","61.8745","46.6076","113.1047","101.5759","58.6411","39.4883","45.5426","246.8023","62.8636","174.1725","174.5034","82.7607","137.2284","125.3026","129.6897","57.5030","85.3512","26.6257","38.3706","30.6774","52.0513","44.9900","39.7558","49.0460","67.1854","54.6968","144.0508","55.6766","112.1020","35.5815","33.1734","54.9590","59.7312","22.4746","27.5113","82.9893","101.4499","133.7371","41.8706","67.4765","61.2477","31.7786","142.7531","37.0210","38.9550","30.4374","33.3751","48.0248","76.3061","37.8790","139.9286","64.5020","66.5281","24.2106","81.2069","77.9195","123.2672","105.6043","28.2006","31.8182","38.7480","45.7200","52.0155","56.4713","80.3715","78.3718","90.4966","140.6275","43.2906","229.3528","44.9370","54.9852","107.8667","96.9224","44.6281","91.5714"
"C:\Users\cfg364\Sommerlab Dropbox\Casper van der Luijt\Casper\Data\BioLog\OmniLog\CL2\DATA_2024\07\_NRRL 3483_Aspergillus oryzae__1_30_CL2_769_7#24#2024_A_14B_17.OKA","7/24/2024 10:32:48 PM","14-B","PM01","","NRRL 3483","Aspergillus oryzae","",73.7500,"57.8394","231.8899","203.5330","67.7298","66.8770","167.5789","65.4157","134.2057","134.4309","179.4795","168.6656","146.8904","59.8570","178.0850","152.6133","52.4890","68.3936","72.6085","45.0129","209.2383","65.8608","47.2621","118.0104","99.5182","62.9490","43.7452","47.0499","247.5456","62.6136","177.1340","174.2792","82.9846","135.7551","127.2410","132.5431","60.9709","86.7457","30.7773","37.9302","32.6611","55.6651","44.2374","44.6281","46.8602","67.8592","56.1968","148.3859","57.8337","112.6503","38.1454","31.3671","51.9404","62.5113","20.6249","30.7245","84.0345","103.6730","134.4567","41.6104","66.5257","63.0609","29.1813","144.9413","36.6795","41.1153","34.7042","34.6428","48.0248","78.2513","39.7261","140.7615","66.1671","70.2382","25.1974","87.2956","83.1380","122.2457","109.2811","29.6604","32.1637","42.3047","47.2574","50.1599","55.3213","81.5675","83.4685","93.7376","139.6998","47.1668","225.7832","42.4500","58.0318","109.6968","96.5354","46.6661","91.3233"
"C:\Users\cfg364\Sommerlab Dropbox\Casper van der Luijt\Casper\Data\BioLog\OmniLog\CL2\DATA_2024\07\_NRRL 3483_Aspergillus oryzae__1_30_CL2_769_7#24#2024_A_14B_17.OKA","7/24/2024 10:32:48 PM","14-B","PM01","","NRRL 3483","Aspergillus oryzae","",74.0000,"60.9508","231.6169","206.7941","70.9670","67.0683","170.3588","67.2996","134.5788","132.6512","178.6141","164.0013","147.1256","63.8749","174.8816","145.2139","46.7629","71.7992","71.6413","43.5004","213.0018","63.8932","44.4846","115.0481","110.6089","58.0288","43.7723","49.7849","246.0631","64.5502","177.9868","175.7287","83.5383","135.5812","127.0119","133.4973","65.7258","87.0740","29.2543","37.5526","33.8718","54.6949","40.4067","42.5263","45.8847","66.4951","58.3887","146.9869","56.3403","111.3626","36.6778","36.7660","53.1180","61.4292","21.5891","31.9465","78.9452","99.5869","134.3253","46.2900","66.4155","60.5510","30.0082","144.1218","39.0484","44.9257","35.4325","35.6294","51.0843","82.1348","38.0977","138.5933","64.7064","70.0125","25.3456","88.1005","77.5539","121.5639","116.1880","28.4261","28.4414","42.2986","50.9842","51.0616","60.1730","77.4911","82.9892","92.6260","142.5476","46.5829","223.6625","40.7775","59.3873","117.1223","99.0917","44.5711","86.8751"
"C:\Users\cfg364\Sommerlab Dropbox\Casper van der Luijt\Casper\Data\BioLog\OmniLog\CL2\DATA_2024\07\_NRRL 3483_Aspergillus oryzae__1_30_CL2_769_7#24#2024_A_14B_17.OKA","7/24/2024 10:32:48 PM","14-B","PM01","","NRRL 3483","Aspergillus oryzae","",74.2500,"61.5126","232.5602","201.1067","67.1119","65.4321","171.6900","68.5385","133.0635","133.6972","175.9024","165.5364","150.7935","61.3520","173.2966","147.2270","47.5892","69.1050","71.2683","40.2636","213.7263","61.3542","48.0917","112.5759","110.8813","62.7209","45.4040","46.3641","248.7555","56.2081","180.3680","176.7455","81.9243","140.4685","132.1300","133.9078","60.9766","83.8935","27.2643","35.9276","30.6218","53.8220","45.6567","45.8418","45.4077","69.1334","57.6563","148.2518","61.4718","113.6788","37.0644","35.7769","57.6586","63.4452","19.3377","28.9223","84.5082","101.1120","136.2518","45.0855","64.6013","63.0339","30.4765","147.6435","42.4700","43.9336","33.4264","39.8746","47.0116","80.9577","37.6264","143.6454","61.5417","69.6964","25.0792","83.5450","80.5190","121.0386","111.7795","30.4945","32.3338","45.6495","48.9602","49.9682","54.4279","79.4032","86.3481","94.6980","142.1882","42.6643","225.1290","41.9715","57.8032","110.0379","94.1902","43.7780","92.7736"
"C:\Users\cfg364\Sommerlab Dropbox\Casper van der Luijt\Casper\Data\BioLog\OmniLog\CL2\DATA_2024\07\_NRRL 3483_Aspergillus oryzae__1_30_CL2_769_7#24#2024_A_14B_17.OKA","7/24/2024 10:32:48 PM","14-B","PM01","","NRRL 3483","Aspergillus oryzae","",74.5000,"58.7525","230.9177","205.1855","66.5615","61.1839","172.6410","66.1114","131.5789","131.8239","177.6640","163.1724","148.6181","62.9677","173.8937","152.9986","51.2333","68.9758","69.8222","42.1537","208.7083","62.9589","46.7532","114.8699","105.9352","60.6902","44.0291","45.8288","248.8099","59.6493","181.7389","173.1154","80.3845","135.2752","128.5085","129.4468","56.8764","80.9880","26.6233","37.2322","35.5069","52.3878","46.3041","46.3691","46.1862","66.4012","56.7707","143.9885","55.2695","115.8425","41.7578","31.0272","54.1000","64.7018","16.6700","25.4625","84.2398","104.7692","137.8313","40.5968","67.6413","64.2673","34.9374","147.0957","40.6541","36.6891","31.6815","35.6400","43.9286","82.3049","39.9497","142.6847","66.5319","66.1222","22.0281","82.9608","84.9385","120.2455","109.4460","30.8101","29.6127","41.2403","47.3128","53.8614","55.0387","82.7301","87.0633","94.2242","141.4394","44.4202","222.7560","40.1373","55.0909","107.4635","100.3347","48.9696","94.0857"
"C:\Users\cfg364\Sommerlab Dropbox\Casper van der Luijt\Casper\Data\BioLog\OmniLog\CL2\DATA_2024\07\_NRRL 3483_Aspergillus oryzae__1_30_CL2_769_7#24#2024_A_14B_17.OKA","7/24/2024 10:32:48 PM","14-B","PM01","","NRRL 3483","Aspergillus oryzae","",74.7500,"60.1522","231.2420","210.3688","65.9726","67.6561","169.3752","66.8976","131.6441","130.3872","177.2045","167.3758","149.0986","61.1052","172.3040","149.7958","46.6033","73.1032","67.9288","44.3078","212.4695","63.9585","45.2026","116.4271","109.5149","59.9551","41.2241","44.2485","250.5390","59.3305","179.3968","175.2381","79.5992","139.3844","128.4892","131.0494","61.5286","84.2453","26.9634","37.3458","33.5253","56.8464","44.2653","43.3231","47.0387","63.3097","54.9644","148.6035","55.4430","111.0684","35.9791","32.9329","55.8691","59.2597","22.9153","29.0728","88.4883","107.1963","134.3829","38.4404","62.6001","60.0587","29.6268","143.1494","44.3188","44.4736","37.9851","39.0300","47.1830","82.9651","37.7137","137.8661","66.9293","66.8766","25.2487","85.3098","83.5060","122.0077","108.3455","30.1097","30.4659","42.1759","46.3257","51.2628","50.0524","80.1968","86.7010","92.4630","143.1563","51.9769","227.1094","39.2278","58.9793","109.2131","101.1164","44.3327","94.4755"
"C:\Users\cfg364\Sommerlab Dropbox\Casper van der Luijt\Casper\Data\BioLog\OmniLog\CL2\DATA_2024\07\_NRRL 3483_Aspergillus oryzae__1_30_CL2_769_7#24#2024_A_14B_17.OKA","7/24/2024 10:32:48 PM","14-B","PM01","","NRRL 3483","Aspergillus oryzae","",75.0000,"61.4417","234.4622","205.0744","69.5392","64.6975","169.2495","70.5516","137.4526","133.1059","179.5115","166.4075","155.7087","60.6619","174.1825","152.9139","49.2468","73.0226","73.1232","43.5704","212.2592","66.7819","46.0972","111.8805","107.4166","58.8105","45.3032","45.1433","250.2196","61.5693","178.7882","180.3131","82.3428","135.5069","128.4932","132.6821","64.0266","79.6472","25.4240","38.7092","30.9789","56.2485","46.0952","44.1827","48.3872","63.3431","57.9649","149.0289","56.8330","114.3239","37.4620","34.7244","54.6942","64.1685","21.3902","33.7718","82.4046","101.0626","136.4098","46.1154","64.5808","63.4357","31.4804","147.5631","40.3328","44.3709","34.9851","36.8969","47.9771","80.4027","40.1717","142.9165","60.0118","70.4155","28.6977","85.9560","79.0310","124.7122","113.7626","28.8222","33.4348","45.9520","50.5119","50.5349","57.0513","77.7460","87.8320","98.7221","144.9351","48.4130","223.6124","39.4851","59.5300","111.8415","98.0210","45.1419","91.5602"
"C:\Users\cfg364\Sommerlab Dropbox\Casper van der Luijt\Casper\Data\BioLog\OmniLog\CL2\DATA_2024\07\_NRRL 3483_Aspergillus oryzae__1_30_CL2_769_7#24#2024_A_14B_17.OKA","7/24/2024 10:32:48 PM","14-B","PM01","","NRRL 3483","Aspergillus oryzae","",75.2500,"61.9228","230.8701","205.4466","72.7264","67.5890","171.5902","69.5264","138.6219","133.6828","179.8265","169.9293","150.4018","65.7008","176.8950","147.3492","46.8295","71.0994","68.3334","44.5331","213.7379","60.0699","43.9345","114.0792","107.7541","58.7212","46.7428","47.9865","252.1649","62.1638","178.8587","176.4236","83.0524","136.3090","132.4470","135.3887","58.7105","85.7117","29.0655","42.4687","33.3870","56.2700","47.2030","42.6344","44.9705","65.0252","56.7813","148.0220","56.8983","114.7513","37.0616","33.9502","55.2617","62.8067","19.3020","31.4578","84.0593","104.5613","138.3402","44.9431","68.5551","62.8646","38.0124","146.9963","38.1615","42.8053","31.1854","37.5743","47.3154","84.6218","39.8136","142.9730","66.2253","72.0233","21.5729","82.2915","80.3720","117.8053","113.6125","28.6101","33.9899","43.9008","49.1608","55.5690","54.2998","79.5285","84.7436","96.0250","146.3862","49.8648","226.7305","42.7757","57.0076","111.7407","99.0111","45.1529","94.0534"
"C:\Users\cfg364\Sommerlab Dropbox\Casper van der Luijt\Casper\Data\BioLog\OmniLog\CL2\DATA_2024\07\_NRRL 3483_Aspergillus oryzae__1_30_CL2_769_7#24#2024_A_14B_17.OKA","7/24/2024 10:32:48 PM","14-B","PM01","","NRRL 3483","Aspergillus oryzae","",75.5000,"63.6964","232.7476","208.1997","68.5254","62.8401","172.6872","67.0184","137.1822","135.3170","181.1466","166.5105","154.5304","64.2466","174.9328","150.2621","51.0985","70.1934","71.0353","44.9910","214.2212","64.9791","45.4230","113.7039","104.7437","56.3713","46.5440","45.4723","251.6490","63.6416","178.3678","179.4561","81.5813","137.5397","132.6868","130.0773","63.0408","84.2287","27.1852","38.5302","35.8128","54.8967","46.5891","47.6632","42.5267","69.1998","55.8329","149.0899","53.1851","114.9031","37.7628","35.1913","58.0930","61.5345","23.2849","34.5970","87.6098","106.4173","138.8171","41.7347","65.3337","61.0654","34.9609","146.5310","39.6710","43.3806","35.7788","37.1854","48.3564","83.4917","43.1777","145.3498","66.0226","70.0584","23.6575","84.8522","79.4400","125.6516","113.9208","30.1548","32.8841","41.9689","48.8155","49.2458","56.5591","83.5880","87.8099","101.3233","145.1748","47.7051","225.0073","42.4205","60.8402","112.8136","100.4003","48.5842","94.2798"
"C:\Users\cfg364\Sommerlab Dropbox\Casper van der Luijt\Casper\Data\BioLog\OmniLog\CL2\DATA_2024\07\_NRRL 3483_Aspergillus oryzae__1_30_CL2_769_7#24#2024_A_14B_17.OKA","7/24/2024 10:32:48 PM","14-B","PM01","","NRRL 3483","Aspergillus oryzae","",75.7500,"63.9814","228.6814","209.9190","68.0007","67.9357","173.9167","68.5264","132.7042","136.4153","178.6316","170.7610","150.4697","63.9692","176.4235","150.7176","48.7785","73.5595","72.7322","39.1691","214.8133","68.7727","50.4491","117.5632","111.1475","61.7216","45.8339","42.2066","248.9767","62.6487","183.3092","176.7269","83.4876","139.0067","131.7620","132.9042","62.5052","80.0149","30.9561","38.2638","32.1136","55.0213","45.7227","46.6745","47.3115","67.3179","57.9965","148.9997","58.6476","110.3793","37.8748","32.6576","60.2531","62.9886","21.9933","35.5946","82.2191","104.8843","138.6865","43.7422","69.6819","62.5049","31.4742","148.0988","41.4591","42.4032","34.1420","37.6340","45.8241","81.8386","37.0783","140.6435","67.4958","70.4799","22.6478","84.5487","81.0724","121.3526","112.4107","33.6346","31.4968","42.8981","50.7073","51.1754","57.2294","81.8127","86.1962","98.2768","145.6868","49.5381","225.5309","46.2571","57.7494","111.9487","100.2439","46.7183","93.3569"
"C:\Users\cfg364\Sommerlab Dropbox\Casper van der Luijt\Casper\Data\BioLog\OmniLog\CL2\DATA_2024\07\_NRRL 3483_Aspergillus oryzae__1_30_CL2_769_7#24#2024_A_14B_17.OKA","7/24/2024 10:32:48 PM","14-B","PM01","","NRRL 3483","Aspergillus oryzae","",76.0000,"62.3059","231.2732","208.6722","65.8458","63.8722","173.1885","63.6628","132.8187","130.6486","180.3993","166.9055","153.4237","64.0976","175.5714","153.4745","50.7157","74.8813","68.5967","45.8615","213.8550","66.1817","43.6720","113.9124","110.8280","59.8137","47.6625","52.3888","249.3483","57.1252","180.1615","178.4504","83.3662","136.6172","133.4451","133.0751","62.3407","79.1604","31.4584","34.7108","32.5507","58.1062","45.2529","43.8574","47.4651","67.6967","58.8247","148.2515","52.5300","114.1776","41.9666","33.7400","51.7103","60.6728","22.6516","30.3038","83.5045","104.9110","137.1330","47.1613","65.4635","61.6151","36.9586","148.4855","43.1843","45.9381","32.8710","37.7029","48.4842","79.8299","38.0805","144.2238","69.2230","68.9978","28.2134","86.7615","81.8025","122.2867","110.8836","33.8754","27.4756","41.5997","52.9208","56.3949","54.3597","82.5395","89.0019","101.4202","145.1306","44.3601","226.8617","43.0552","56.9750","111.7019","97.9633","46.6861","97.4564"
"C:\Users\cfg364\Sommerlab Dropbox\Casper van der Luijt\Casper\Data\BioLog\OmniLog\CL2\DATA_2024\07\_NRRL 3483_Aspergillus oryzae__1_30_CL2_769_7#24#2024_A_14B_17.OKA","7/24/2024 10:32:48 PM","14-B","PM01","","NRRL 3483","Aspergillus oryzae","",76.2500,"63.4791","233.3942","208.2727","65.7614","64.2516","174.5288","68.6438","131.1926","130.8316","181.1603","167.0635","153.7111","61.3055","173.5320","152.9231","47.5540","73.0920","72.5772","45.8318","214.4668","66.3767","48.0536","113.3154","110.0844","63.5164","44.5218","45.8288","247.8605","61.0074","183.4606","179.1403","81.0019","141.7154","135.4985","133.3270","59.3994","79.5515","28.0039","35.8508","32.7379","58.8793","46.9461","46.3530","47.8720","67.0173","61.7477","152.2433","58.0266","113.7856","35.7438","32.1139","56.2041","61.3630","17.7705","28.6143","86.2953","105.1042","140.9630","41.8376","64.9390","61.3871","30.3211","148.4927","40.7379","42.5124","35.8630","37.6337","46.2140","81.6428","39.9961","143.5904","68.1307","73.0166","29.7828","84.6073","82.6421","122.7260","112.0144","30.2678","30.2678","43.0291","50.9496","50.9608","53.1039","79.4638","87.0938","101.5078","145.6752","48.5300","228.6546","44.6961","58.8922","108.6712","98.5076","46.3344","92.5000"
"C:\Users\cfg364\Sommerlab Dropbox\Casper van der Luijt\Casper\Data\BioLog\OmniLog\CL2\DATA_2024\07\_NRRL 3483_Aspergillus oryzae__1_30_CL2_769_7#24#2024_A_14B_17.OKA","7/24/2024 10:32:48 PM","14-B","PM01","","NRRL 3483","Aspergillus oryzae","",76.5000,"62.3920","231.7405","208.6346","65.2674","66.0141","174.9517","68.3933","130.5615","129.5690","180.3916","169.4323","151.3527","66.2531","175.5418","152.8274","50.5066","72.3005","74.5615","42.5044","214.6404","69.0665","47.4624","120.8281","107.0941","58.6299","48.8952","48.0251","250.7750","66.2995","186.9709","174.6716","83.4133","139.8249","132.7314","136.2794","63.6150","81.0176","28.2759","38.4950","32.5328","59.5116","43.3650","45.1008","51.2031","68.3019","62.2953","150.0319","57.5641","114.3984","38.8641","36.5409","59.1781","59.7233","20.8007","33.6071","91.6138","108.4944","143.9305","42.8177","66.7924","59.5785","32.6162","151.2948","40.6122","44.2614","37.6354","37.6478","46.1232","86.3241","37.5265","144.7354","68.1138","72.8532","26.0872","85.8919","85.1096","122.2805","111.7935","28.4513","34.3336","47.4414","50.8048","51.3128","56.3483","81.8900","90.5165","104.6088","143.1671","47.7706","221.4595","44.5617","62.0330","111.6393","100.6026","48.9793","96.2921"
"C:\Users\cfg364\Sommerlab Dropbox\Casper van der Luijt\Casper\Data\BioLog\OmniLog\CL2\DATA_2024\07\_NRRL 3483_Aspergillus oryzae__1_30_CL2_769_7#24#2024_A_14B_17.OKA","7/24/2024 10:32:48 PM","14-B","PM01","","NRRL 3483","Aspergillus oryzae","",76.7500,"66.2025","235.0272","208.8448","68.3204","66.5820","176.1916","72.5436","133.5917","134.7547","186.0529","166.1253","155.8901","70.6269","176.3732","153.8710","53.0455","70.3308","72.8281","45.5626","209.5005","66.9228","48.9805","117.4400","106.2438","64.4246","48.3855","51.7892","249.0530","61.3905","184.5243","181.4070","81.3768","138.8406","133.2899","138.6864","64.4533","87.4716","33.9050","39.2424","31.6127","58.7610","52.5023","46.8855","50.1179","67.3362","63.4651","154.5107","56.9415","115.1604","39.5239","37.0115","57.3927","63.3990","20.5685","35.3273","90.9458","109.0451","138.4119","46.9128","70.8592","64.0015","33.0211","153.0149","41.8047","44.0965","34.6728","39.7793","49.7794","85.6419","37.7598","143.9810","68.5195","71.7534","28.8193","86.0239","82.0908","123.4925","112.0816","31.7333","32.7713","46.2517","53.2243","54.3791","55.9711","84.1484","89.9756","103.5699","145.5605","52.3067","225.3425","45.1407","58.2575","108.0490","99.2715","47.6801","93.9352"
"C:\Users\cfg364\Sommerlab Dropbox\Casper van der Luijt\Casper\Data\BioLog\OmniLog\CL2\DATA_2024\07\_NRRL 3483_Aspergillus oryzae__1_30_CL2_769_7#24#2024_A_14B_17.OKA","7/24/2024 10:32:48 PM","14-B","PM01","","NRRL 3483","Aspergillus oryzae","",77.0000,"69.0866","230.5476","212.1882","68.4563","65.9072","179.0577","71.6533","135.5587","134.9142","179.9900","167.5509","164.2230","69.6368","178.6209","159.1230","47.4158","73.1489","74.7723","44.2067","215.6548","70.7276","49.6304","115.9774","105.4555","62.6216","47.8238","50.9535","250.5583","62.9309","186.8588","182.9112","81.6085","142.4930","136.5856","136.4472","65.5724","88.7674","29.8838","42.0623","31.8359","58.1304","45.1976","46.0917","52.7518","70.4304","60.2013","152.6231","58.5997","112.4880","40.0423","32.9401","58.1801","65.4634","25.5968","34.3489","87.0653","111.0783","141.9092","44.4207","70.5101","66.1209","40.0887","150.2829","41.7439","48.1381","38.9968","37.0152","50.0544","81.7485","38.3873","147.8333","70.7505","73.5188","24.8910","87.5657","87.1990","126.1640","114.1718","29.8648","30.8013","44.4941","52.2943","54.2443","57.3433","86.4659","90.7487","101.1752","150.5929","47.6076","226.4061","41.7971","62.2170","112.4591","99.5685","50.3794","95.5845"
"C:\Users\cfg364\Sommerlab Dropbox\Casper van der Luijt\Casper\Data\BioLog\OmniLog\CL2\DATA_2024\07\_NRRL 3483_Aspergillus oryzae__1_30_CL2_769_7#24#2024_A_14B_17.OKA","7/24/2024 10:32:48 PM","14-B","PM01","","NRRL 3483","Aspergillus oryzae","",77.2500,"63.6659","235.6119","209.5456","69.2902","74.9119","177.2089","74.4449","137.1454","134.1380","180.8531","169.4926","159.5418","65.5606","178.1792","152.5051","53.4616","75.8981","71.8786","44.8602","214.6742","68.0590","46.4167","119.1800","109.1048","62.3329","50.3320","48.5297","252.0337","63.4985","187.8461","178.4652","82.0791","140.3408","134.5120","135.6783","63.0704","84.8841","30.7712","38.8927","30.8598","56.9562","48.5471","48.4814","48.6898","71.0030","59.8476","152.4816","58.9597","115.3758","39.5822","33.5998","57.1075","64.1051","19.8607","34.5318","92.5807","110.6154","141.1528","45.8536","72.4213","63.0327","33.6992","153.8165","40.8797","42.1714","37.1860","39.2308","49.1560","79.8441","36.8485","147.3304","70.9439","68.4795","26.4071","85.5079","83.7553","122.5525","116.5724","30.0854","31.5947","44.7170","50.4558","54.7887","56.5557","84.4865","93.7675","105.0702","143.9574","51.4384","226.6124","43.3885","63.2907","109.4631","103.1961","48.7714","99.9700"
"C:\Users\cfg364\Sommerlab Dropbox\Casper van der Luijt\Casper\Data\BioLog\OmniLog\CL2\DATA_2024\07\_NRRL 3483_Aspergillus oryzae__1_30_CL2_769_7#24#2024_A_14B_17.OKA","7/24/2024 10:32:48 PM","14-B","PM01","","NRRL 3483","Aspergillus oryzae","",77.5000,"62.2979","231.2973","210.0704","67.1919","66.5989","179.1198","71.0266","135.8847","130.5718","183.5303","169.7745","163.9207","69.5777","182.2813","155.2672","49.5431","75.7786","73.0751","46.1798","209.9911","70.1859","49.8758","121.9666","107.5126","63.5075","44.7499","51.8178","252.9673","61.9987","188.7072","183.9149","81.7052","140.4877","137.7273","138.4038","63.5743","85.6441","30.4453","44.3463","36.1611","58.8586","50.6696","47.3270","51.4320","71.5573","63.8694","151.4570","57.6483","116.8743","35.7952","34.1494","60.0118","67.0531","22.8866","32.2294","89.3220","107.3746","143.4102","47.3924","70.1448","63.8352","32.1905","153.6618","42.3393","48.9419","37.0417","42.2611","47.6668","82.7916","41.2934","146.3840","67.2698","68.6089","25.3641","88.3321","86.9304","124.5606","112.3946","31.3409","34.8114","47.5978","50.8829","54.2225","56.0937","84.1578","90.5311","102.9984","147.3231","50.4350","224.3352","41.5110","59.8677","110.3565","101.6062","50.9012","94.9322"
"C:\Users\cfg364\Sommerlab Dropbox\Casper van der Luijt\Casper\Data\BioLog\OmniLog\CL2\DATA_2024\07\_NRRL 3483_Aspergillus oryzae__1_30_CL2_769_7#24#2024_A_14B_17.OKA","7/24/2024 10:32:48 PM","14-B","PM01","","NRRL 3483","Aspergillus oryzae","",77.7500,"62.9152","231.7918","211.3465","66.9816","66.8113","178.3379","68.1066","137.6371","134.9223","178.3634","168.8241","164.9349","69.8820","176.6908","152.9466","51.2547","75.4858","71.5772","48.5238","210.8851","69.0555","45.7703","119.5465","107.0985","66.7953","47.4109","46.4430","252.0000","63.2826","184.7106","180.7829","84.2394","138.9850","133.9296","137.3877","60.8662","84.2168","30.5571","38.4468","35.5809","62.1152","46.1987","50.9208","50.8934","66.9159","61.5875","152.9389","55.5756","114.7584","39.5922","33.3537","53.5063","63.6746","23.1214","34.1749","90.6816","111.2530","138.1543","43.7945","66.0307","65.0018","36.8532","150.3948","45.5776","43.4256","36.6520","37.3561","47.3906","85.6643","38.9014","145.7718","69.1010","71.4874","21.6682","86.6934","83.5519","123.4415","113.5433","30.1622","33.0517","43.1130","49.4086","51.6837","58.0530","82.1158","94.7711","106.6250","150.4820","51.0901","227.5327","45.0958","65.9778","112.1798","99.1086","55.1468","98.2368"
"C:\Users\cfg364\Sommerlab Dropbox\Casper van der Luijt\Casper\Data\BioLog\OmniLog\CL2\DATA_2024\07\_NRRL 3483_Aspergillus oryzae__1_30_CL2_769_7#24#2024_A_14B_17.OKA","7/24/2024 10:32:48 PM","14-B","PM01","","NRRL 3483","Aspergillus oryzae","",78.0000,"66.1017","230.9414","214.6371","68.9718","70.6853","181.3806","69.5276","136.5058","132.2281","181.2823","165.7092","165.4827","65.4848","175.8931","154.9813","54.8029","74.6469","73.5609","48.8308","218.2110","66.7078","46.5727","123.8607","110.8637","63.7582","46.2396","49.3812","250.9947","66.5179","187.2566","179.3896","85.0190","139.6888","132.2297","137.1563","62.8076","83.3431","31.9953","37.3137","34.9255","62.8048","52.7040","50.9911","49.2851","67.1375","64.2391","154.6015","57.4167","115.7142","37.9421","37.0730","56.5537","69.2157","23.5120","36.4423","89.9182","110.7605","138.4570","46.7710","73.0875","65.9651","32.1086","154.3243","46.8985","43.2339","38.0051","33.6705","50.8923","83.0140","38.5782","147.0103","70.0644","72.9709","29.4368","87.2797","86.4122","125.1012","116.7760","33.2435","31.9896","44.2126","50.2841","54.8383","56.6624","86.5535","93.8247","105.3753","149.5075","50.2425","225.9040","43.2652","61.4286","109.7494","101.1876","52.8702","98.4436"
"C:\Users\cfg364\Sommerlab Dropbox\Casper van der Luijt\Casper\Data\BioLog\OmniLog\CL2\DATA_2024\07\_NRRL 3483_Aspergillus oryzae__1_30_CL2_769_7#24#2024_A_14B_17.OKA","7/24/2024 10:32:48 PM","14-B","PM01","","NRRL 3483","Aspergillus oryzae","",78.2500,"66.9243","232.1801","212.3824","67.0874","65.5341","183.1641","71.1646","138.6161","134.9196","182.0415","167.3877","166.3494","68.8280","179.4682","156.5219","49.6974","76.9033","71.9590","44.1870","216.5959","66.4036","49.3469","120.7071","110.7118","61.4081","49.9749","47.6488","252.6813","65.1513","188.9798","185.2070","84.6231","144.3614","134.5585","138.3777","64.9243","82.0501","29.9601","42.6757","30.2491","56.1757","50.2548","49.8461","47.4897","72.4920","64.4254","155.7849","55.6607","118.6150","38.9169","32.9133","55.1517","67.0517","20.8333","32.2500","89.7601","111.4772","140.4730","42.4694","68.6736","64.1289","36.1527","151.3673","46.2594","50.0022","38.2116","36.2054","52.2673","84.1731","41.4369","146.4520","69.5535","67.8419","28.6327","88.9648","85.0340","121.5244","116.7187","29.8776","31.1524","42.8558","50.9827","54.3301","58.1290","84.8540","96.4685","107.5314","148.1808","52.8376","226.7475","44.2439","64.9337","112.1233","98.0528","50.1880","96.8257"
"C:\Users\cfg364\Sommerlab Dropbox\Casper van der Luijt\Casper\Data\BioLog\OmniLog\CL2\DATA_2024\07\_NRRL 3483_Aspergillus oryzae__1_30_CL2_769_7#24#2024_A_14B_17.OKA","7/24/2024 10:32:48 PM","14-B","PM01","","NRRL 3483","Aspergillus oryzae","",78.5000,"65.2038","230.5958","211.2519","64.5033","64.7480","182.6160","67.8259","135.3263","133.5640","183.5959","169.6490","163.0090","64.9365","180.0367","156.8567","53.5570","75.8919","72.6843","48.3289","216.0181","69.1747","48.3264","117.7214","107.1734","63.1436","47.3455","51.5979","248.7607","63.9142","189.9457","182.3443","84.9589","145.2038","135.9414","139.4339","62.0539","83.3730","34.1297","41.8988","32.3853","61.0521","51.9292","46.9728","51.5595","69.0266","64.9259","153.5498","57.3099","116.2733","33.7742","36.2002","58.5261","63.9563","22.9625","35.6883","92.1916","110.4538","139.2251","46.0319","68.1501","61.2582","37.3977","153.1695","43.4237","41.8600","36.7490","41.5102","48.2918","82.3784","41.0556","147.0657","71.5939","69.1945","30.8346","84.2812","88.1040","123.0844","115.0032","33.0030","33.9730","45.1332","52.7037","54.4440","57.5920","84.1981","94.0610","108.8473","150.0836","54.9096","224.8203","44.2471","63.0247","111.2776","100.5142","54.5425","94.7018"
"C:\Users\cfg364\Sommerlab Dropbox\Casper van der Luijt\Casper\Data\BioLog\OmniLog\CL2\DATA_2024\07\_NRRL 3483_Aspergillus oryzae__1_30_CL2_769_7#24#2024_A_14B_17.OKA","7/24/2024 10:32:48 PM","14-B","PM01","","NRRL 3483","Aspergillus oryzae","",78.7500,"66.3214","232.7716","213.2635","67.4985","65.1290","184.0380","73.5837","132.9692","131.4601","181.4326","167.0601","166.8915","68.4012","177.4966","159.1392","57.5180","77.7040","73.9275","46.9392","211.8034","68.3297","45.1939","120.5995","111.5014","63.0802","46.1361","50.1153","253.5152","65.4135","190.3870","183.3636","86.6202","145.4270","135.5878","140.2362","65.6372","83.6278","32.0448","42.1190","32.9328","58.4894","53.2434","47.7672","49.7781","69.1882","62.9744","154.4984","55.9961","118.1352","39.0871","31.5786","60.8207","63.8278","22.0834","36.8624","90.8564","112.4959","140.8657","47.2265","67.9265","64.2255","39.5896","154.4317","44.6708","45.4282","37.8836","41.2581","49.5875","84.0295","41.7539","147.0979","71.9372","76.4879","30.3903","87.0566","85.4121","123.0200","114.9715","34.3029","32.0111","43.5322","54.2388","53.3844","58.3088","88.3711","95.1099","109.1582","150.4232","51.2504","226.8812","42.0011","63.2780","107.7456","100.1932","52.7626","101.2240"
"C:\Users\cfg364\Sommerlab Dropbox\Casper van der Luijt\Casper\Data\BioLog\OmniLog\CL2\DATA_2024\07\_NRRL 3483_Aspergillus oryzae__1_30_CL2_769_7#24#2024_A_14B_17.OKA","7/24/2024 10:32:48 PM","14-B","PM01","","NRRL 3483","Aspergillus oryzae","",79.0000,"64.7136","233.4211","214.1236","68.7673","67.0773","186.8699","71.0832","142.3943","133.6629","183.7751","167.6018","167.0969","67.0316","178.6427","156.8758","52.7471","79.4169","74.2566","46.5294","218.2815","67.3756","49.5555","122.8697","107.8057","63.8168","49.0788","48.3737","252.9068","62.0701","191.6941","184.9247","83.9640","146.1082","138.0400","142.2033","59.8167","87.1458","30.7409","40.1174","35.8166","57.7204","47.5183","46.2786","48.7849","74.2332","60.8656","157.8448","58.1496","116.0789","41.0447","35.4120","59.0235","63.8736","19.8725","30.5454","91.0674","113.2983","142.3896","44.2448","72.1637","60.5502","34.0533","158.6695","43.8762","46.6814","35.4122","39.6730","48.6853","85.2525","36.4315","145.3940","70.3771","71.9714","24.7273","88.0431","90.9306","128.6390","114.0187","30.3138","34.2743","45.1140","52.9592","52.2922","58.9804","88.8649","95.1050","112.3887","152.2871","51.3415","225.7113","46.7146","63.8360","109.2518","99.8818","51.4073","100.4526"
"C:\Users\cfg364\Sommerlab Dropbox\Casper van der Luijt\Casper\Data\BioLog\OmniLog\CL2\DATA_2024\07\_NRRL 3483_Aspergillus oryzae__1_30_CL2_769_7#24#2024_A_14B_17.OKA","7/24/2024 10:32:48 PM","14-B","PM01","","NRRL 3483","Aspergillus oryzae","",79.2500,"63.1442","233.1716","213.2371","64.6925","65.6708","182.8120","70.4516","139.4002","130.4667","181.9418","166.8289","162.5106","69.0577","180.9539","159.0192","52.5103","78.2336","77.2911","44.5722","211.4219","64.6411","50.6684","125.4142","109.3708","64.3982","45.9789","49.9833","254.1656","62.5313","191.1816","184.4837","81.0882","143.8783","135.3824","143.9174","58.7031","85.3821","34.3585","39.8727","32.7544","59.8842","48.5445","45.5113","49.7032","71.7926","64.2629","153.1035","60.5295","114.6196","39.0676","35.8177","62.0854","63.0526","20.2589","32.6064","94.7948","116.5989","143.8717","47.7332","69.9077","66.4831","36.2029","154.2581","48.7365","47.6800","37.6493","40.4829","50.5951","84.8646","40.8419","148.4356","65.7992","73.5701","28.6131","92.6141","86.1871","126.2689","113.7321","30.6554","30.7468","44.5383","54.4281","54.0737","59.5989","88.9966","97.2006","110.1677","151.3503","51.8079","223.6298","44.5335","63.0917","103.7332","102.9634","53.9454","99.7175"
"C:\Users\cfg364\Sommerlab Dropbox\Casper van der Luijt\Casper\Data\BioLog\OmniLog\CL2\DATA_2024\07\_NRRL 3483_Aspergillus oryzae__1_30_CL2_769_7#24#2024_A_14B_17.OKA","7/24/2024 10:32:48 PM","14-B","PM01","","NRRL 3483","Aspergillus oryzae","",79.5000,"60.8869","232.1586","218.1133","69.6498","67.0262","186.8910","70.7600","136.1174","132.3479","180.8065","166.2756","162.3533","69.1818","181.5905","155.6426","53.5064","76.0901","76.0861","50.0471","216.3983","66.0986","48.8700","125.4218","104.6846","60.8427","45.5550","52.2679","250.8598","60.2493","193.2198","184.0359","85.3718","145.9541","135.9056","143.5317","59.7434","80.7971","29.6536","41.3504","32.8887","59.5650","47.5102","48.8468","49.2984","74.6195","65.1482","154.2533","59.3103","116.6300","38.1625","33.2304","56.6533","65.6310","20.9501","37.4436","93.2663","111.8296","145.3666","44.6669","70.5868","69.2912","34.2745","155.8353","46.6963","47.9134","37.1815","41.5336","52.9356","83.0630","41.8115","147.8770","69.8080","73.5089","24.4633","85.2688","88.3621","128.8788","117.2740","33.9421","29.9579","44.4716","53.1001","54.3817","58.2118","84.7352","95.7645","112.0269","151.6270","51.5428","224.8593","45.3896","59.0832","108.1264","98.7328","53.6524","97.9841"
"C:\Users\cfg364\Sommerlab Dropbox\Casper van der Luijt\Casper\Data\BioLog\OmniLog\CL2\DATA_2024\07\_NRRL 3483_Aspergillus oryzae__1_30_CL2_769_7#24#2024_A_14B_17.OKA","7/24/2024 10:32:48 PM","14-B","PM01","","NRRL 3483","Aspergillus oryzae","",79.7500,"65.3651","233.5714","211.9339","69.2213","68.5006","185.4812","72.0275","142.7896","131.8758","184.2467","167.0994","167.0573","67.9010","180.9340","158.7855","51.3817","80.0824","73.8427","43.3215","217.1008","67.9547","47.4314","124.8084","111.6970","64.5016","47.1369","49.8893","251.2638","62.1040","192.9943","182.8147","83.6490","140.6068","135.8108","142.8932","62.3841","84.9501","31.9075","39.8157","32.5259","58.4384","53.6658","46.4935","50.5802","71.7281","61.1055","155.6028","56.6365","116.6603","41.8693","37.1869","57.5363","62.9676","23.5074","32.8719","89.6353","116.1103","145.2242","44.2642","71.9179","66.2120","38.2109","159.8932","44.1197","50.0005","32.0950","41.0731","47.4458","82.6178","41.2068","147.6612","68.8458","69.7159","28.0510","89.5018","87.3455","123.6797","112.3969","31.3195","30.5318","47.2731","51.5371","56.2053","58.3645","87.6541","93.8217","112.9862","153.5549","55.4351","223.8719","42.6814","67.4849","107.9878","98.6279","52.1741","100.0291"
"C:\Users\cfg364\Sommerlab Dropbox\Casper van der Luijt\Casper\Data\BioLog\OmniLog\CL2\DATA_2024\07\_NRRL 3483_Aspergillus oryzae__1_30_CL2_769_7#24#2024_A_14B_17.OKA","7/24/2024 10:32:48 PM","14-B","PM01","","NRRL 3483","Aspergillus oryzae","",80.0000,"60.6475","232.6884","214.6012","72.4541","66.3810","186.4475","74.1337","137.6297","132.8201","184.4557","165.2943","168.0616","69.1173","177.9513","159.7516","53.5703","75.2857","74.4447","47.2073","220.6266","66.1694","48.7924","125.4510","111.7580","59.9017","46.3950","49.0682","250.0766","63.4668","190.2138","185.4415","81.3191","144.1225","139.5639","144.7010","61.7187","81.7327","32.2942","42.3568","34.8543","58.3386","51.8075","45.3769","51.4701","73.3909","58.7201","158.0265","60.2308","113.3290","38.7887","32.4606","56.3773","60.7964","26.1941","36.0075","94.7895","111.2157","144.1880","41.5779","72.9706","69.7593","34.0040","156.7416","43.7688","45.2254","39.1338","39.0971","51.9642","83.1127","41.2748","148.9428","69.2346","73.1869","28.2276","88.1401","91.4204","126.6684","118.6154","31.1416","30.3528","45.6171","50.6441","56.0937","57.2772","89.7871","102.9524","111.8957","152.5432","52.6046","225.0731","38.7132","66.8739","111.0814","100.3093","55.3189","94.6952"
"C:\Users\cfg364\Sommerlab Dropbox\Casper van der Luijt\Casper\Data\BioLog\OmniLog\CL2\DATA_2024\07\_NRRL 3483_Aspergillus oryzae__1_30_CL2_769_7#24#2024_A_14B_17.OKA","7/24/2024 10:32:48 PM","14-B","PM01","","NRRL 3483","Aspergillus oryzae","",80.2500,"60.4208","231.2605","217.9122","72.6525","68.7858","185.8970","74.1030","137.5880","134.2490","182.0199","170.5697","161.1788","68.0826","175.7669","156.1573","52.9725","77.4160","77.2465","44.2592","214.4648","68.9753","49.3390","125.8418","105.4628","67.0755","47.2681","50.2923","248.9896","60.7284","194.7685","187.6951","84.4152","143.9025","138.3491","145.6468","62.2215","82.8806","32.0079","40.9034","34.4771","60.5368","52.3430","45.8674","50.0603","69.8933","58.4441","154.4486","54.1707","116.6825","41.1786","33.9477","60.7827","63.8659","18.1826","34.6873","94.2504","116.4960","143.9580","43.4114","73.8881","65.9045","33.3294","156.3899","44.3735","46.5187","35.4027","38.0688","50.1139","85.3655","37.8397","150.3748","67.1071","70.8549","27.9415","86.4513","86.6416","124.0754","116.5576","29.2011","30.0516","47.2143","53.2406","55.9005","60.4944","87.1962","97.3226","113.7339","158.4307","50.3542","224.1925","44.7950","63.9044","110.1987","99.2618","49.9172","98.7636"
"C:\Users\cfg364\Sommerlab Dropbox\Casper van der Luijt\Casper\Data\BioLog\OmniLog\CL2\DATA_2024\07\_NRRL 3483_Aspergillus oryzae__1_30_CL2_769_7#24#2024_A_14B_17.OKA","7/24/2024 10:32:48 PM","14-B","PM01","","NRRL 3483","Aspergillus oryzae","",80.5000,"58.2707","231.8746","213.1126","67.6457","67.1363","185.6513","68.6204","139.7798","134.6472","183.3000","164.4565","170.3133","67.6584","178.2487","160.4863","53.0590","73.1745","73.4066","45.8070","215.9276","66.6148","50.9421","123.8797","112.5926","63.3787","46.9733","53.9587","248.6323","63.6563","193.1068","186.5967","80.9833","138.6738","139.6218","143.4275","67.0072","80.6497","29.8044","40.9331","34.9180","57.2758","49.3019","48.1998","50.8667","71.9261","61.0768","160.5990","57.2376","113.4152","39.4965","35.8702","57.0859","66.4445","21.9690","36.2689","89.8745","114.7918","142.0446","42.7936","67.8469","68.4748","36.0000","156.8031","45.6724","47.0077","38.9940","43.2609","49.3062","81.0630","40.9435","150.3443","67.2407","73.3648","28.2860","89.4534","86.4102","125.1543","114.8058","29.6412","29.7575","48.3025","54.7999","54.5231","58.6630","89.3657","100.8245","112.6883","155.4981","51.1525","223.6288","43.1256","62.9135","109.0620","100.4550","53.7759","101.2718"
"C:\Users\cfg364\Sommerlab Dropbox\Casper van der Luijt\Casper\Data\BioLog\OmniLog\CL2\DATA_2024\07\_NRRL 3483_Aspergillus oryzae__1_30_CL2_769_7#24#2024_A_14B_17.OKA","7/24/2024 10:32:48 PM","14-B","PM01","","NRRL 3483","Aspergillus oryzae","",80.7500,"60.9909","233.0738","215.9474","69.7920","70.1668","188.4909","71.2274","138.3442","132.7838","182.5412","169.0886","171.3774","68.5714","181.2878","160.1228","51.1106","76.8837","77.7970","44.3168","217.7365","68.5063","49.2056","124.7681","106.5911","61.8986","47.5595","52.2854","249.1558","61.9548","192.9983","183.4299","83.3841","144.0685","137.1523","144.0463","60.8285","87.3664","32.2827","41.7653","35.0645","61.8787","48.8043","45.9629","49.5462","70.7545","64.0194","158.9598","59.5827","116.3883","40.3956","39.9273","58.2292","63.8658","21.9288","34.9289","95.4172","112.5354","140.0161","48.2421","71.0130","66.4001","34.1044","158.5510","47.4974","46.9237","39.4743","38.1068","51.5093","79.7275","40.4627","148.5123","69.9863","75.0569","27.3277","89.1158","90.9174","122.7442","113.0153","32.9561","35.0970","44.2116","53.3364","54.7821","59.1321","90.2607","97.4600","114.2036","155.9916","52.5044","225.7113","41.6338","63.7844","106.5872","99.3331","51.5612","99.5521"
"C:\Users\cfg364\Sommerlab Dropbox\Casper van der Luijt\Casper\Data\BioLog\OmniLog\CL2\DATA_2024\07\_NRRL 3483_Aspergillus oryzae__1_30_CL2_769_7#24#2024_A_14B_17.OKA","7/24/2024 10:32:48 PM","14-B","PM01","","NRRL 3483","Aspergillus oryzae","",81.0000,"63.2554","230.5016","214.9909","72.3373","69.0119","187.9160","73.8381","141.1930","136.5637","188.6819","167.3510","179.9447","67.7394","180.1287","157.3717","52.0990","76.9239","77.9863","44.1768","219.1765","66.8798","52.2274","127.0436","108.0965","62.6044","49.1364","49.0884","249.6849","65.9245","191.2359","186.1051","80.8437","141.9837","136.1825","142.1768","64.2570","84.2474","34.6840","43.5226","33.2889","59.0575","48.1359","49.5412","53.2647","75.5504","62.6701","158.3693","57.0630","113.9577","38.2457","38.9564","61.0258","65.7766","21.1610","36.1225","94.3228","112.3304","140.4704","52.7408","70.6542","65.3924","32.6886","158.6015","46.6353","49.4614","40.0488","38.0328","50.2706","80.9339","40.1065","151.8146","69.6594","73.0084","27.5493","90.2852","90.6065","124.1792","116.7973","34.2146","30.4875","46.9502","55.9876","55.7553","61.6093","90.0985","99.3220","115.9379","156.0047","52.2029","221.6972","48.7771","62.2625","109.1482","101.1086","54.3732","106.3861"
"C:\Users\cfg364\Sommerlab Dropbox\Casper van der Luijt\Casper\Data\BioLog\OmniLog\CL2\DATA_2024\07\_NRRL 3483_Aspergillus oryzae__1_30_CL2_769_7#24#2024_A_14B_17.OKA","7/24/2024 10:32:48 PM","14-B","PM01","","NRRL 3483","Aspergillus oryzae","",81.2500,"62.2018","230.0224","214.1212","65.0083","70.9937","188.9317","67.7673","140.7313","132.8828","184.7806","165.9871","179.0333","69.6499","181.7586","158.4240","51.1419","77.5682","74.8264","45.7718","217.3460","69.9128","51.1549","126.7229","113.9387","59.5760","50.7202","51.5092","255.0588","60.9061","190.0880","186.8709","86.2704","146.9361","139.2903","148.2085","68.2735","88.3733","31.6130","42.2810","36.1171","60.0994","48.8247","50.7095","50.5334","76.2040","59.1120","161.6461","60.6906","115.2263","38.4329","36.1176","58.6538","67.1225","17.8742","32.8145","96.0444","113.5553","146.0046","47.0192","68.4109","64.6260","36.1969","159.6948","47.5305","47.7414","39.4239","40.6129","49.5272","81.5571","42.7605","148.9403","70.7421","74.4808","25.6198","91.6512","91.2376","123.9458","114.8591","36.4892","31.6363","47.4049","52.7576","56.0331","61.1502","91.7466","106.9188","117.0704","158.7062","50.4425","221.9175","47.1924","66.0394","105.5091","97.4735","54.9929","100.9771"
"C:\Users\cfg364\Sommerlab Dropbox\Casper van der Luijt\Casper\Data\BioLog\OmniLog\CL2\DATA_2024\07\_NRRL 3483_Aspergillus oryzae__1_30_CL2_769_7#24#2024_A_14B_17.OKA","7/24/2024 10:32:48 PM","14-B","PM01","","NRRL 3483","Aspergillus oryzae","",81.5000,"56.5335","232.0624","217.4490","62.3242","68.3955","185.2801","69.1738","134.1190","128.2529","182.5838","164.8399","178.9540","68.7483","181.4925","157.4025","53.2700","80.8997","70.9073","47.6001","213.9622","67.9310","47.7674","127.5339","109.3354","64.8992","47.3321","50.0986","252.4795","63.4020","191.9980","186.9314","79.2702","145.2970","137.8594","143.0850","56.4034","86.1536","32.5252","41.6414","35.5698","57.6533","49.3161","44.1049","49.7640","74.6343","66.8673","153.8168","56.2253","116.5437","40.5663","36.4541","55.9510","66.9503","21.4057","32.9591","91.3994","111.8749","144.9777","39.9861","71.0316","66.1654","32.1649","159.3060","47.4153","48.7465","41.5980","38.8058","47.6722","84.5075","37.1474","146.7260","68.2617","68.6292","25.4843","90.0878","89.2108","122.6683","113.7959","35.5271","32.2373","45.3953","48.3743","53.5000","59.7690","92.9548","102.1076","121.0296","153.5725","53.8630","223.3219","47.5896","64.4749","108.9063","98.3729","56.8330","96.8149"
"C:\Users\cfg364\Sommerlab Dropbox\Casper van der Luijt\Casper\Data\BioLog\OmniLog\CL2\DATA_2024\07\_NRRL 3483_Aspergillus oryzae__1_30_CL2_769_7#24#2024_A_14B_17.OKA","7/24/2024 10:32:48 PM","14-B","PM01","","NRRL 3483","Aspergillus oryzae","",81.7500,"59.3783","234.1501","216.9828","65.9963","69.0972","189.6587","67.2683","137.0551","127.5458","183.6437","171.0783","177.0806","70.5978","178.3613","157.5029","52.6396","78.2010","76.8693","46.3924","218.1352","71.6119","43.5137","127.8271","107.8061","62.1615","51.3760","49.6106","251.4737","64.9628","193.9447","186.6045","84.1799","142.1851","142.6522","147.8056","63.8988","81.7167","34.9727","36.3850","33.7782","57.6541","47.4944","45.0000","50.2801","70.5934","63.2941","156.5671","59.4807","118.1577","41.6923","39.6958","59.9308","67.0003","22.1710","33.4944","93.1853","120.7946","143.7879","45.7157","74.1116","66.4334","35.6354","158.9648","48.5437","49.4713","41.3459","37.8261","47.5017","80.3605","44.1461","148.9066","70.9904","74.6326","26.5317","86.0883","88.7160","120.2820","117.9646","32.1331","33.0176","47.1539","55.1947","53.8027","56.1372","92.4425","102.2958","119.1966","158.0597","52.4330","223.0794","45.7492","65.6248","109.1679","102.1613","57.4057","101.9586"
"C:\Users\cfg364\Sommerlab Dropbox\Casper van der Luijt\Casper\Data\BioLog\OmniLog\CL2\DATA_2024\07\_NRRL 3483_Aspergillus oryzae__1_30_CL2_769_7#24#2024_A_14B_17.OKA","7/24/2024 10:32:48 PM","14-B","PM01","","NRRL 3483","Aspergillus oryzae","",82.0000,"59.4504","233.1657","217.8426","66.8963","73.8566","189.1456","69.1830","142.0844","132.6887","185.9003","167.1643","180.7241","69.1753","178.9743","159.6312","52.7534","77.8901","79.0724","49.1406","216.6975","74.9746","49.8245","123.5964","108.2246","60.2800","46.9086","49.7343","248.4278","64.2036","193.2510","189.6089","81.1041","148.3805","136.9259","146.8728","64.7002","83.4996","24.4978","40.6335","34.6967","60.0262","52.1139","47.0575","53.3668","76.4413","63.1793","159.1358","58.6079","114.0117","43.1660","36.1265","61.6228","66.2031","23.0218","36.6624","96.2846","116.0555","145.7712","45.7660","71.9259","68.1024","33.1806","162.3622","45.3541","49.5901","34.6304","38.6781","50.4050","88.1808","38.5187","149.3991","70.1728","73.0735","23.0522","90.2641","88.2163","123.1246","114.4677","32.8305","34.2924","45.0538","50.0831","53.0590","58.2778","87.9981","101.5930","118.9395","155.7117","53.0827","226.7464","42.4323","63.6762","106.3024","98.2598","55.6250","99.2263"
"C:\Users\cfg364\Sommerlab Dropbox\Casper van der Luijt\Casper\Data\BioLog\OmniLog\CL2\DATA_2024\07\_NRRL 3483_Aspergillus oryzae__1_30_CL2_769_7#24#2024_A_14B_17.OKA","7/24/2024 10:32:48 PM","14-B","PM01","","NRRL 3483","Aspergillus oryzae","",82.2500,"62.6762","231.6401","218.6539","64.2753","67.2370","193.3683","69.5178","138.1313","132.9834","185.9648","166.4683","177.8855","72.2441","180.8875","158.3595","52.7750","76.1375","78.8977","46.9879","219.4150","72.2659","48.2416","128.8810","109.4664","63.7803","48.6404","50.4027","250.7890","62.5638","195.5947","189.1035","85.2805","146.6145","140.2428","148.0303","70.5690","85.7823","28.7863","39.8205","34.5272","57.9729","49.9589","49.6624","50.9356","73.1196","64.5144","157.6623","61.6692","113.9932","40.8611","34.7632","60.4354","67.3883","24.0296","40.6607","95.0161","120.4110","145.5691","49.4945","70.5044","64.5896","36.4295","159.0643","46.1933","48.9253","36.4779","38.1452","50.5884","83.7145","41.2932","152.0011","74.5780","75.7210","26.9791","87.9912","91.6205","122.8165","116.2329","32.3197","32.3606","49.9838","54.4554","57.6956","61.6767","92.9262","102.7451","122.3533","157.8434","55.0788","222.5944","44.3078","67.8851","104.4594","103.0871","56.8296","102.7505"
"C:\Users\cfg364\Sommerlab Dropbox\Casper van der Luijt\Casper\Data\BioLog\OmniLog\CL2\DATA_2024\07\_NRRL 3483_Aspergillus oryzae__1_30_CL2_769_7#24#2024_A_14B_17.OKA","7/24/2024 10:32:48 PM","14-B","PM01","","NRRL 3483","Aspergillus oryzae","",82.5000,"61.5856","232.3771","219.5355","64.9853","66.6752","191.7486","70.1084","138.2913","132.4191","183.8400","171.4430","182.1431","67.8018","183.7725","161.3021","49.2445","77.1558","75.7934","46.8613","214.3162","69.0269","44.8158","132.1150","105.6753","65.5627","51.0568","55.4457","249.8568","64.5895","195.3940","192.4277","87.1413","142.3186","138.9186","148.5254","69.9984","81.8228","29.9630","43.8465","32.8637","63.8757","52.6341","50.0462","52.4999","73.7929","67.3488","157.4758","58.9016","115.0246","41.4904","37.8782","61.2593","67.6730","24.3740","33.8286","97.5209","120.6066","143.3277","44.9454","72.8343","66.6262","36.8022","162.4562","45.4485","47.7625","36.7986","37.4019","51.1674","85.8061","39.6147","151.4566","70.8822","71.9731","25.4408","90.5712","93.2928","127.5488","118.3544","29.6053","32.9713","49.1050","53.5064","59.9674","59.4110","91.7925","107.3430","117.9675","156.7741","53.4075","225.1120","47.0837","65.6717","110.5296","100.6712","58.2609","100.5684"
"C:\Users\cfg364\Sommerlab Dropbox\Casper van der Luijt\Casper\Data\BioLog\OmniLog\CL2\DATA_2024\07\_NRRL 3483_Aspergillus oryzae__1_30_CL2_769_7#24#2024_A_14B_17.OKA","7/24/2024 10:32:48 PM","14-B","PM01","","NRRL 3483","Aspergillus oryzae","",82.7500,"61.0274","230.3036","218.4261","65.5536","68.2005","192.2334","64.0096","136.8339","129.2710","184.0071","171.4761","183.6870","69.4862","179.7224","162.1047","50.0808","79.1986","74.1100","45.8589","215.9148","71.4636","47.8092","131.0667","105.8731","67.1787","51.3504","54.7856","252.2764","66.1198","196.0888","187.9638","83.5034","145.9860","137.6307","148.3018","65.2799","85.2722","32.0228","42.3748","35.3250","59.0947","49.5594","51.3160","52.4681","70.7212","67.3488","156.4899","58.3457","114.8405","37.7917","34.9160","61.1964","62.9529","24.3115","35.7045","95.6592","117.7750","143.9823","45.4656","71.8227","68.5963","35.1375","161.4721","46.5047","48.3083","39.9801","37.2115","51.2304","85.0770","38.5916","155.4081","69.9692","74.5827","26.3653","88.1515","90.4318","125.2140","115.4941","31.1292","29.4521","49.9035","51.5144","62.5161","56.8532","92.5317","107.2484","117.2188","157.6983","51.4291","222.0814","47.5879","66.2083","110.5617","102.2112","59.8415","98.7684"
"C:\Users\cfg364\Sommerlab Dropbox\Casper van der Luijt\Casper\Data\BioLog\OmniLog\CL2\DATA_2024\07\_NRRL 3483_Aspergillus oryzae__1_30_CL2_769_7#24#2024_A_14B_17.OKA","7/24/2024 10:32:48 PM","14-B","PM01","","NRRL 3483","Aspergillus oryzae","",83.0000,"60.2993","228.6774","214.0501","70.2280","67.9712","191.7698","65.5712","135.0973","128.2563","187.2933","168.0456","180.9082","68.8882","183.1876","161.6022","52.1600","81.2719","77.1147","48.5057","220.1203","70.3988","47.5067","124.6563","113.9595","66.8521","50.4139","49.9354","251.6965","65.4463","192.1967","188.2223","76.4394","142.9930","139.6070","146.5087","63.3615","81.7854","30.3226","42.8217","32.1004","59.7814","51.2133","46.0871","50.9696","71.3359","62.4993","157.6149","57.0792","117.0450","42.2448","31.7110","60.1110","63.9163","22.9678","36.2289","99.2368","119.7619","144.3645","45.3985","70.9147","65.8169","34.9880","160.6826","46.1602","46.8573","36.8893","40.3854","50.5613","80.1727","39.3867","150.5701","71.8482","73.5846","27.0185","89.4439","88.0278","124.2459","117.8954","34.1191","31.0190","45.2437","54.5988","50.5133","60.4821","91.3171","107.5131","122.2097","159.0635","51.0542","224.8049","44.3445","60.7391","110.5241","97.2352","57.8382","100.5340"
"C:\Users\cfg364\Sommerlab Dropbox\Casper van der Luijt\Casper\Data\BioLog\OmniLog\CL2\DATA_2024\07\_NRRL 3483_Aspergillus oryzae__1_30_CL2_769_7#24#2024_A_14B_17.OKA","7/24/2024 10:32:48 PM","14-B","PM01","","NRRL 3483","Aspergillus oryzae","",83.2500,"60.0217","226.6896","222.1860","64.3023","73.1875","190.3709","73.6985","137.6105","130.2499","183.2389","166.4537","185.7120","65.0289","182.2967","162.3434","54.5824","79.3549","80.3301","48.1919","219.1786","68.4430","52.3172","130.2820","108.6110","66.9818","46.6422","50.3150","250.2578","60.2854","198.4065","187.8491","84.2923","145.1063","141.1727","149.4763","65.5628","82.4051","34.4465","39.6346","33.6932","59.8882","51.6661","46.7041","55.0819","74.6307","65.2900","161.6931","54.5239","119.2585","42.4660","37.8591","61.3725","64.6007","24.4109","36.8869","93.4281","118.9118","142.2824","46.0629","76.2463","69.6419","37.4786","159.1075","49.1629","49.0984","38.2973","39.4893","47.9813","84.2890","42.0539","153.5121","65.3638","78.4314","24.8809","85.9543","90.1852","124.9899","117.7195","32.7250","34.5461","46.2058","55.6280","51.2079","58.3157","94.1200","109.5259","120.8809","157.4410","55.6252","222.7421","48.1439","65.2479","106.2564","101.2621","57.5810","101.1723"
"C:\Users\cfg364\Sommerlab Dropbox\Casper van der Luijt\Casper\Data\BioLog\OmniLog\CL2\DATA_2024\07\_NRRL 3483_Aspergillus oryzae__1_30_CL2_769_7#24#2024_A_14B_17.OKA","7/24/2024 10:32:48 PM","14-B","PM01","","NRRL 3483","Aspergillus oryzae","",83.5000,"60.7781","232.3650","218.8256","68.2991","68.1580","194.0452","71.4536","135.4008","134.7095","180.9465","166.5604","186.9175","70.0034","187.0266","160.3287","52.2127","79.7944","77.4341","49.4139","220.3201","70.4167","45.5083","131.0582","113.3624","69.3339","50.7098","51.5989","251.4470","63.1268","197.1337","190.2173","84.0189","145.8942","139.7071","147.0719","69.2619","81.3120","31.4898","42.4686","30.6228","61.4087","51.1538","50.5886","53.9261","72.8665","61.9648","159.3722","59.0102","119.4789","41.6416","34.1267","62.2741","65.3433","19.7350","38.2208","96.5588","122.3956","145.1229","47.1930","70.0101","69.1891","35.9849","163.2840","49.5575","51.1855","34.5478","40.9985","48.6996","85.4675","42.6408","154.7372","70.5750","77.3079","27.8099","87.5050","91.9348","120.7044","112.5715","34.3579","35.2079","44.7890","53.3585","52.8175","61.7125","94.2105","107.7719","121.0828","153.0582","53.6749","223.9838","45.9596","65.6708","107.7592","99.8522","56.3612","101.3106"
"C:\Users\cfg364\Sommerlab Dropbox\Casper van der Luijt\Casper\Data\BioLog\OmniLog\CL2\DATA_2024\07\_NRRL 3483_Aspergillus oryzae__1_30_CL2_769_7#24#2024_A_14B_17.OKA","7/24/2024 10:32:48 PM","14-B","PM01","","NRRL 3483","Aspergillus oryzae","",83.7500,"60.0552","232.6828","217.3328","66.2692","70.5622","192.9403","65.7336","141.6044","133.2785","184.4075","166.6446","185.6313","72.7193","182.3938","160.0621","54.0206","81.1706","80.1412","48.2141","223.5647","71.2308","49.7259","129.7023","108.1759","67.1671","42.9861","53.5975","250.5778","63.0895","197.4919","192.0161","85.1183","147.6575","138.7773","150.8848","69.7811","86.4899","33.3150","39.3544","34.0398","59.0382","52.4336","49.3929","55.1002","74.5984","66.8725","159.8893","57.8571","121.4114","41.9184","35.4317","63.2369","67.3003","22.8613","35.9813","96.5491","120.6105","149.9379","47.8370","74.7452","66.1880","38.4142","162.9686","48.9520","48.0151","37.4676","40.7924","51.8043","80.6532","38.3987","152.7204","70.4153","74.7956","26.3757","92.8431","91.1409","126.4502","115.1103","30.8043","37.2676","48.4501","54.7057","53.5451","62.9909","94.3175","109.1232","125.6046","159.5742","51.4549","222.0766","45.5072","66.0442","110.9981","97.8509","61.0687","102.7071"
"C:\Users\cfg364\Sommerlab Dropbox\Casper van der Luijt\Casper\Data\BioLog\OmniLog\CL2\DATA_2024\07\_NRRL 3483_Aspergillus oryzae__1_30_CL2_769_7#24#2024_A_14B_17.OKA","7/24/2024 10:32:48 PM","14-B","PM01","","NRRL 3483","Aspergillus oryzae","",84.0000,"60.5389","230.0254","218.1172","60.0043","69.2296","192.3446","69.4012","135.5083","124.9601","185.2271","167.5789","187.6779","73.4059","182.9651","161.0170","56.4320","80.4965","81.3527","46.2521","216.9828","68.5252","48.5272","129.0318","110.2957","69.2032","50.7592","48.7335","250.4293","65.8660","196.4345","188.7273","86.9396","145.0940","137.3435","146.9819","68.1503","83.4514","32.0991","38.6348","32.7907","63.4684","50.9506","45.4095","52.6717","75.2521","61.9438","158.9102","56.9193","116.5104","41.1227","35.1314","61.2130","66.9531","19.4566","33.3064","95.3332","123.3714","139.8450","44.1355","70.3834","67.7056","34.9821","162.8696","47.7630","47.4295","33.3182","41.6048","51.2745","84.9433","41.0015","156.9254","73.9897","75.7355","29.0892","89.1731","91.9832","122.9181","117.3854","31.3441","30.5530","47.7776","52.4673","54.1822","56.3146","96.9278","105.9326","123.8249","154.2985","50.7988","227.7690","45.5289","62.3852","110.0766","103.1416","58.1481","96.9624"
"C:\Users\cfg364\Sommerlab Dropbox\Casper van der Luijt\Casper\Data\BioLog\OmniLog\CL2\DATA_2024\07\_NRRL 3483_Aspergillus oryzae__1_30_CL2_769_7#24#2024_A_14B_17.OKA","7/24/2024 10:32:48 PM","14-B","PM01","","NRRL 3483","Aspergillus oryzae","",84.2500,"61.7946","231.5934","216.1210","61.2863","67.7552","195.5149","66.9529","139.9710","131.8813","186.2345","166.6795","184.6673","66.5401","184.9701","159.7903","52.0270","80.1831","73.3376","47.6018","219.1553","66.9297","53.3132","126.5078","109.8043","63.1101","48.3583","50.3082","250.4957","66.0805","195.3080","192.1329","80.2697","142.1297","141.3367","149.3975","65.9535","81.2138","32.2957","40.7289","37.3844","60.2182","51.7702","50.0080","52.5023","75.8272","64.4089","158.2271","57.3162","116.6643","39.6941","37.8097","54.6068","65.5533","18.7497","37.5665","97.3257","122.7130","149.4894","44.1717","67.9627","68.6297","34.3126","162.0700","47.6647","50.9307","39.7558","39.4892","50.8191","78.2935","40.8190","154.6420","72.7067","78.2891","22.2967","91.2988","92.6266","124.3333","116.5912","30.9669","37.8202","46.9785","52.2275","51.7961","61.2661","92.9717","111.3715","123.5774","157.0091","53.9286","219.0645","40.5663","63.6770","107.3286","98.1186","55.5369","97.4735"
"C:\Users\cfg364\Sommerlab Dropbox\Casper van der Luijt\Casper\Data\BioLog\OmniLog\CL2\DATA_2024\07\_NRRL 3483_Aspergillus oryzae__1_30_CL2_769_7#24#2024_A_14B_17.OKA","7/24/2024 10:32:48 PM","14-B","PM01","","NRRL 3483","Aspergillus oryzae","",84.5000,"60.7364","231.2049","219.4618","60.2366","68.5145","192.8389","67.5095","136.7168","129.8996","184.8395","168.2179","188.4269","65.3129","178.5731","160.8862","49.9820","80.1831","75.5081","44.8284","224.3754","66.9625","48.2002","130.6260","110.3973","66.0280","50.8315","51.8176","255.0083","65.5809","199.2947","188.4539","81.7477","143.3813","143.0298","149.7512","67.7326","83.9143","34.7742","38.9950","34.6627","61.8914","50.2660","54.4760","52.4385","76.8256","68.0431","162.9606","62.0783","120.9542","40.6549","37.2803","59.1287","66.6036","18.4018","38.3581","99.5667","121.4707","144.5119","46.4437","68.8572","69.7338","37.1588","162.3783","49.0629","45.1395","37.7379","40.6894","48.6402","82.8607","39.4781","156.1557","72.9257","78.6537","26.9878","87.2311","93.6731","123.5641","119.1628","31.5048","35.3963","49.4069","53.1594","52.8249","59.8933","98.5921","108.8011","122.5124","158.0562","50.3724","221.9032","44.2780","64.0576","107.6492","102.6446","58.0910","99.1280"
"C:\Users\cfg364\Sommerlab Dropbox\Casper van der Luijt\Casper\Data\BioLog\OmniLog\CL2\DATA_2024\07\_NRRL 3483_Aspergillus oryzae__1_30_CL2_769_7#24#2024_A_14B_17.OKA","7/24/2024 10:32:48 PM","14-B","PM01","","NRRL 3483","Aspergillus oryzae","",84.7500,"59.4966","228.5727","219.9887","61.9610","67.5483","196.3603","68.0258","137.2827","129.6557","184.1605","169.0554","195.3271","67.4546","184.6874","163.0047","55.3583","82.7666","77.8987","46.2688","221.7211","65.7391","50.1340","126.6926","111.6112","64.3502","47.9537","53.3805","251.0514","61.6288","197.4290","186.5887","81.8654","143.0161","136.8134","148.3783","66.0000","82.4336","27.5144","38.6831","32.6912","58.1164","50.8851","46.6450","52.3748","73.8664","63.1303","162.1494","61.3491","120.1192","39.4127","37.4502","61.0461","67.6348","21.7559","35.1821","93.7234","121.7888","141.1409","45.4314","72.7370","65.5812","36.0814","162.6764","49.6335","50.3460","37.2945","39.2431","49.0180","80.0785","39.2545","150.7437","66.2279","77.0422","28.0013","88.3827","92.3790","125.0643","115.2115","33.0128","30.6359","49.7752","49.9535","53.9732","58.7714","97.3921","106.8826","124.0090","156.9709","52.5316","222.7779","43.1628","63.3990","108.7834","100.7761","62.2364","100.4068"
"C:\Users\cfg364\Sommerlab Dropbox\Casper van der Luijt\Casper\Data\BioLog\OmniLog\CL2\DATA_2024\07\_NRRL 3483_Aspergillus oryzae__1_30_CL2_769_7#24#2024_A_14B_17.OKA","7/24/2024 10:32:48 PM","14-B","PM01","","NRRL 3483","Aspergillus oryzae","",85.0000,"62.1770","228.1500","221.3542","64.4476","67.3581","194.8048","66.7776","138.7342","126.7973","182.3269","163.3243","196.8004","70.1058","182.3540","165.7802","53.2900","86.7484","80.5570","49.4310","216.6946","66.8562","48.8557","129.2393","110.0658","66.0569","50.0103","52.5945","250.5337","64.9518","199.4187","190.7450","80.1674","145.8406","138.7197","149.6295","62.6118","85.1823","33.9765","40.7348","35.9962","57.8306","51.8618","53.3662","54.9249","74.7033","66.5407","160.7839","62.3926","119.1729","39.1875","40.8572","60.7638","65.2445","21.7559","36.5185","96.6722","121.6607","146.0618","45.5286","73.1171","70.0500","35.4375","165.6763","49.6647","51.8433","38.3980","43.3048","47.5239","80.8442","44.2086","155.3202","67.3621","80.1146","26.5049","89.2201","91.6684","124.7757","116.6185","30.6656","31.7162","50.1251","52.9303","55.3161","60.1792","96.1294","108.9815","128.8113","155.4536","52.7221","226.1797","46.4616","63.0816","111.3169","101.0008","63.0266","102.6691"
"C:\Users\cfg364\Sommerlab Dropbox\Casper van der Luijt\Casper\Data\BioLog\OmniLog\CL2\DATA_2024\07\_NRRL 3483_Aspergillus oryzae__1_30_CL2_769_7#24#2024_A_14B_17.OKA","7/24/2024 10:32:48 PM","14-B","PM01","","NRRL 3483","Aspergillus oryzae","",85.2500,"63.8081","229.9640","218.5075","61.6849","66.6472","198.2539","71.4496","137.4196","122.9423","182.0834","167.2324","192.4481","70.6807","182.3667","160.4774","47.4936","81.0718","75.4142","47.5373","222.2466","70.3488","50.4090","132.3489","109.8825","64.2557","48.9598","52.7966","251.5807","62.8972","195.2582","191.2596","83.5430","143.9928","141.8211","152.4617","69.1120","80.7496","29.3548","42.1711","36.6202","57.7072","50.8359","45.6322","52.6035","77.3531","65.8250","162.1263","56.2546","117.4481","40.3037","37.3585","62.6029","63.9092","22.3099","33.4570","94.9866","125.2066","146.3164","45.0324","70.4905","70.3444","32.1408","163.7647","47.3333","45.6072","35.4184","41.3323","52.8921","83.4363","39.5660","154.1385","70.6965","75.4505","23.4067","91.0478","92.2505","124.8814","115.5766","27.5928","31.0609","44.1031","52.7425","53.0273","60.1032","99.3193","111.1906","123.8499","156.4534","53.7517","225.2873","45.9747","69.6054","106.0831","100.8693","62.6639","100.5909"
"C:\Users\cfg364\Sommerlab Dropbox\Casper van der Luijt\Casper\Data\BioLog\OmniLog\CL2\DATA_2024\07\_NRRL 3483_Aspergillus oryzae__1_30_CL2_769_7#24#2024_A_14B_17.OKA","7/24/2024 10:32:48 PM","14-B","PM01","","NRRL 3483","Aspergillus oryzae","",85.5000,"62.2239","227.6577","220.5873","62.4903","68.9545","196.0266","73.5855","136.0589","126.6998","182.5083","167.7757","194.8271","71.1244","184.7665","162.6154","50.8826","84.4930","74.6399","50.9075","224.1649","73.5172","51.0412","134.1688","107.9681","61.7448","53.5065","50.3419","253.3934","66.3369","197.7367","193.0244","77.5402","148.2123","141.1382","148.8352","68.9979","84.1339","31.8381","39.5985","34.6486","63.0376","48.9835","49.6074","51.5463","72.6654","65.6765","160.5358","57.7137","119.5907","42.1443","35.7394","58.7128","65.6757","21.0884","34.7528","98.0024","118.7588","149.2761","43.5827","72.2152","66.8056","38.9458","163.0278","54.4543","47.9593","37.8345","39.5103","48.1047","80.6324","42.3360","153.6463","69.2951","74.9086","24.2332","90.6973","94.2570","127.5281","117.7298","30.6446","34.0216","48.3440","54.8375","51.4701","57.7310","99.7302","112.3142","129.4268","160.4131","56.3920","224.8324","43.9894","68.9961","107.1597","98.7010","62.7551","106.5098"
"C:\Users\cfg364\Sommerlab Dropbox\Casper van der Luijt\Casper\Data\BioLog\OmniLog\CL2\DATA_2024\07\_NRRL 3483_Aspergillus oryzae__1_30_CL2_769_7#24#2024_A_14B_17.OKA","7/24/2024 10:32:48 PM","14-B","PM01","","NRRL 3483","Aspergillus oryzae","",85.7500,"58.1497","228.8921","221.8495","62.9630","68.1932","198.1870","69.1758","133.8578","127.6340","182.9775","162.8024","196.5957","72.1567","182.1043","165.4195","53.8794","83.8073","79.6801","47.0883","220.2402","70.9542","50.2555","131.8579","109.7203","64.1370","54.8724","47.9978","251.5612","63.7108","199.0976","193.5983","76.6053","147.6049","142.1677","149.9943","66.3003","82.5193","31.8381","37.6098","34.7774","63.9866","52.3221","49.2245","51.5784","75.3156","67.1789","159.4553","58.7925","119.1623","42.6873","33.1188","59.1227","66.3152","21.7798","36.4745","95.4994","124.8583","147.3588","44.2305","72.4994","64.4572","34.3787","163.5823","55.9677","45.3561","38.1813","40.2689","51.2914","82.3860","40.3555","152.6451","69.6098","79.6980","23.8487","87.4806","93.0826","127.4003","114.9152","31.1191","32.5690","49.3663","52.4697","52.1789","61.4359","102.7771","110.7297","134.3069","155.8892","52.1157","222.4886","43.5778","68.3651","109.8290","96.4987","60.6013","105.5201"
"C:\Users\cfg364\Sommerlab Dropbox\Casper van der Luijt\Casper\Data\BioLog\OmniLog\CL2\DATA_2024\07\_NRRL 3483_Aspergillus oryzae__1_30_CL2_769_7#24#2024_A_14B_17.OKA","7/24/2024 10:32:48 PM","14-B","PM01","","NRRL 3483","Aspergillus oryzae","",86.0000,"62.6211","228.8830","219.7164","62.4568","72.8015","194.7785","64.5366","140.3976","126.1925","181.4137","165.0525","198.3295","70.3038","185.6454","164.4202","54.6340","83.6888","74.7724","49.5631","220.0126","70.5176","47.6351","130.1478","105.3044","62.7598","49.6127","48.5705","252.5320","64.4574","199.5234","193.2066","81.1410","143.5501","137.1835","151.2716","63.5804","80.2976","32.6586","42.2236","35.2590","62.4825","53.6125","46.0270","52.5138","76.7067","64.5901","159.5823","61.5797","114.4165","42.3937","38.8617","58.7182","66.8403","25.7101","39.2193","99.7064","124.4880","142.4095","45.7231","73.6006","68.6084","42.1362","161.3913","50.7428","44.0363","36.0613","38.2765","47.5749","83.6653","39.4251","157.7308","76.9063","71.3760","29.6501","89.7245","93.3538","126.5741","119.9238","30.8081","35.9406","52.1485","52.6503","53.4775","59.4066","97.6147","114.9779","129.7271","157.5877","55.3104","221.4476","43.2128","65.7305","105.5304","99.7687","60.9495","102.7268"
"C:\Users\cfg364\Sommerlab Dropbox\Casper van der Luijt\Casper\Data\BioLog\OmniLog\CL2\DATA_2024\07\_NRRL 3483_Aspergillus oryzae__1_30_CL2_769_7#24#2024_A_14B_17.OKA","7/24/2024 10:32:48 PM","14-B","PM01","","NRRL 3483","Aspergillus oryzae","",86.2500,"59.7613","230.0472","219.9104","61.2499","66.3382","195.0094","64.4705","134.1568","126.0549","180.3599","168.9396","198.2169","70.6268","186.3481","166.5585","53.2230","84.2026","76.3773","46.5485","217.4006","68.4862","50.0594","130.2570","106.9018","65.9490","47.8684","51.3429","252.8974","68.3995","200.5279","190.8888","81.5499","145.3371","141.0738","149.5386","60.7109","80.7439","32.9850","40.0889","35.4142","61.0130","55.2245","50.6211","54.1321","75.3217","68.1620","161.8779","52.5203","118.8491","39.6575","34.1178","59.1299","68.3106","22.2369","35.1619","100.1531","125.4923","147.1201","42.6728","70.4025","73.0190","34.5558","166.7791","48.4945","46.5020","36.9992","40.8246","51.7374","86.5887","42.9989","156.5135","69.6272","76.3987","25.9688","92.3440","91.5772","127.1560","118.3165","27.3498","31.4678","46.4947","53.2916","55.5125","58.4686","101.1702","113.5479","126.1649","155.2655","50.3062","225.6370","44.0566","70.9423","104.6894","98.3509","64.7939","105.8158"
"C:\Users\cfg364\Sommerlab Dropbox\Casper van der Luijt\Casper\Data\BioLog\OmniLog\CL2\DATA_2024\07\_NRRL 3483_Aspergillus oryzae__1_30_CL2_769_7#24#2024_A_14B_17.OKA","7/24/2024 10:32:48 PM","14-B","PM01","","NRRL 3483","Aspergillus oryzae","",86.5000,"62.9417","229.2878","220.7773","61.0167","66.4306","199.2388","69.3667","134.9265","130.5033","184.0741","165.1449","196.4401","71.4872","187.3503","162.9074","52.2572","84.8138","78.6433","47.3870","219.9736","66.5474","45.0513","131.6148","105.3490","64.8652","49.8807","51.2952","251.4864","65.2773","203.1794","189.3748","82.3260","145.9171","137.2901","152.0242","65.9037","79.8210","33.4131","37.2857","30.9259","60.2744","54.9296","47.8969","52.7724","72.2165","64.1984","163.4018","58.7791","119.7799","43.6502","30.8880","59.7019","66.2442","22.1461","37.9357","95.8091","125.2068","150.4746","43.9680","71.0015","65.9545","36.9330","164.2560","52.8272","45.8797","38.2489","39.4657","44.2877","87.4606","43.2595","156.5431","66.9136","76.8137","26.7172","89.1323","90.1746","126.2047","116.1784","31.5384","35.6180","44.5863","53.1988","57.2138","58.7602","102.3177","115.4395","128.1892","154.8767","52.8672","224.3063","48.3841","65.4041","106.2797","103.3703","62.7695","100.0663"
"C:\Users\cfg364\Sommerlab Dropbox\Casper van der Luijt\Casper\Data\BioLog\OmniLog\CL2\DATA_2024\07\_NRRL 3483_Aspergillus oryzae__1_30_CL2_769_7#24#2024_A_14B_17.OKA","7/24/2024 10:32:48 PM","14-B","PM01","","NRRL 3483","Aspergillus oryzae","",86.7500,"60.5305","227.8195","221.9307","63.2705","68.5843","198.3788","66.9634","133.8740","127.3936","184.8107","162.9120","199.7129","74.0496","185.2806","165.5543","57.1977","84.4603","78.2239","48.8387","223.6137","71.6397","48.0712","131.7184","106.9816","60.4876","50.5805","48.0211","251.4448","64.6875","200.9628","192.5515","84.7963","144.9375","143.7865","153.1692","61.2117","85.6951","35.1725","40.6894","34.5754","59.0274","51.5776","51.5895","53.7547","73.1691","66.6957","160.7970","56.9557","118.7716","43.0785","39.0295","58.4114","67.7624","25.1573","35.2085","97.4703","126.5836","147.4555","41.6327","73.6286","71.2665","34.8681","166.8436","52.2140","49.0812","41.5995","37.2537","52.9458","82.5451","42.7226","157.8499","72.3144","74.1464","25.4360","93.5177","98.6886","126.8771","117.5625","32.5447","33.3601","48.4643","55.7807","54.1425","57.8038","100.4850","112.1433","134.4653","158.6166","54.1191","221.0270","41.8596","68.9170","105.8302","101.3778","61.2668","103.9240"
"C:\Users\cfg364\Sommerlab Dropbox\Casper van der Luijt\Casper\Data\BioLog\OmniLog\CL2\DATA_2024\07\_NRRL 3483_Aspergillus oryzae__1_30_CL2_769_7#24#2024_A_14B_17.OKA","7/24/2024 10:32:48 PM","14-B","PM01","","NRRL 3483","Aspergillus oryzae","",87.0000,"60.3304","230.8823","222.8677","65.3799","69.8730","199.6121","69.4420","136.3635","125.1191","185.5161","162.3064","196.0849","74.8748","183.6891","162.3367","57.1520","85.3586","82.0719","46.7840","221.3670","74.9746","50.6785","131.5367","110.4996","65.5490","52.2467","51.5453","253.4669","66.7515","203.2215","196.3073","82.9838","150.7580","144.4239","154.6216","69.7238","83.8053","33.6810","42.9582","32.3932","59.3590","54.9925","50.7384","49.0094","75.2895","70.0069","163.9502","60.8889","113.8137","44.0769","35.4457","60.2667","62.8986","21.5317","38.6420","100.8886","128.6069","147.9014","46.3681","74.3584","68.6585","36.3326","166.0917","52.1081","49.0348","37.4242","43.5199","50.3069","83.5811","37.8800","158.3506","70.4476","75.6332","27.6830","92.8656","94.2503","120.1731","119.6987","32.3767","35.0274","48.1530","54.6488","58.0058","58.8446","99.5814","117.5125","131.9027","157.3595","50.3750","222.4836","46.2247","73.5102","107.8403","99.9070","62.5190","103.8535"
"C:\Users\cfg364\Sommerlab Dropbox\Casper van der Luijt\Casper\Data\BioLog\OmniLog\CL2\DATA_2024\07\_NRRL 3483_Aspergillus oryzae__1_30_CL2_769_7#24#2024_A_14B_17.OKA","7/24/2024 10:32:48 PM","14-B","PM01","","NRRL 3483","Aspergillus oryzae","",87.2500,"59.9664","229.2869","217.5845","64.1210","70.0286","200.6000","66.9729","138.5199","125.0293","188.6223","167.9430","199.2110","74.7078","183.7498","165.3055","52.2804","80.8151","79.7030","44.6624","223.5163","72.3828","47.0861","135.6961","111.7715","66.9468","54.0980","52.0124","248.6216","63.7210","199.8959","193.2067","83.4396","142.8667","142.0179","152.3114","71.7567","79.6795","27.3727","38.3237","36.2348","59.3619","51.0754","49.3176","50.2347","76.8483","62.7255","162.4723","57.7785","116.5699","41.5408","34.2598","63.8343","65.8139","17.9863","36.2014","98.9913","126.8049","148.2355","46.0152","72.3014","67.7715","32.6074","162.9131","52.3736","50.2450","41.0832","38.6565","52.2328","83.3973","41.0579","157.5617","72.7887","75.9322","26.0471","89.6933","96.3024","123.8029","116.5720","27.2899","34.1812","45.4534","51.1696","57.7837","58.5538","98.9844","119.5646","131.7450","157.9140","52.8153","220.8179","44.5893","69.7611","107.4653","99.9004","65.1610","104.9166"
"C:\Users\cfg364\Sommerlab Dropbox\Casper van der Luijt\Casper\Data\BioLog\OmniLog\CL2\DATA_2024\07\_NRRL 3483_Aspergillus oryzae__1_30_CL2_769_7#24#2024_A_14B_17.OKA","7/24/2024 10:32:48 PM","14-B","PM01","","NRRL 3483","Aspergillus oryzae","",87.5000,"67.1549","227.1149","220.5236","64.1250","69.1267","204.5173","65.6316","138.6132","126.3505","187.9365","166.0469","196.4611","73.5676","185.8472","164.4568","50.9921","83.9305","78.4456","48.0130","222.4223","74.8544","47.2229","130.9238","110.1158","62.1359","47.7792","50.3887","249.8533","66.1579","201.1040","196.2023","82.6008","146.9846","140.0190","154.1582","66.8549","81.4698","31.2600","38.5700","33.4805","60.5604","54.1286","49.9281","50.3193","75.1692","65.2165","161.4730","61.4950","119.6179","40.8099","36.8558","59.3399","68.5924","25.0498","38.0154","99.9386","125.6226","145.2658","42.4839","73.4168","69.2512","32.5976","163.2388","51.6955","50.0783","36.1027","39.0188","52.2535","84.6260","40.6682","158.9496","72.1937","77.9786","24.3951","88.3380","91.7394","126.3795","116.2250","28.1404","33.3734","48.9755","52.1951","53.9898","60.4099","105.7425","113.4789","133.9089","154.9431","52.0901","222.8360","46.8674","67.3158","100.6502","104.0041","65.0661","105.1554"
"C:\Users\cfg364\Sommerlab Dropbox\Casper van der Luijt\Casper\Data\BioLog\OmniLog\CL2\DATA_2024\07\_NRRL 3483_Aspergillus oryzae__1_30_CL2_769_7#24#2024_A_14B_17.OKA","7/24/2024 10:32:48 PM","14-B","PM01","","NRRL 3483","Aspergillus oryzae","",87.7500,"64.1328","227.4647","223.8900","62.2795","71.8319","200.1904","73.3919","136.2915","131.0857","188.1693","166.1719","198.1780","74.1938","183.8746","172.0921","51.7675","85.8508","82.5447","52.8271","219.1580","69.1065","50.6784","128.0114","111.7037","65.9386","53.6468","50.7140","252.0251","63.0883","203.3227","195.1357","80.0753","148.5113","145.6598","154.4742","73.0901","82.6802","32.6517","39.5862","34.8825","63.0988","53.3114","48.5948","52.1579","78.3408","66.7906","164.1549","56.1673","117.3495","40.7326","36.8179","61.0666","68.5075","19.8378","39.5065","99.2380","126.6450","145.9102","47.8916","71.5964","68.9825","38.1501","164.1373","53.0078","52.4322","37.2062","43.5716","53.6160","86.5923","37.3107","157.4818","71.9160","77.5942","29.6584","93.2050","93.1883","121.0507","118.1203","27.6961","35.4534","48.9447","55.0330","56.1010","58.5583","101.8204","116.8206","133.2306","158.7576","53.9418","222.5310","46.2220","70.2257","103.8161","98.4148","68.3390","102.6130"
"C:\Users\cfg364\Sommerlab Dropbox\Casper van der Luijt\Casper\Data\BioLog\OmniLog\CL2\DATA_2024\07\_NRRL 3483_Aspergillus oryzae__1_30_CL2_769_7#24#2024_A_14B_17.OKA","7/24/2024 10:32:48 PM","14-B","PM01","","NRRL 3483","Aspergillus oryzae","",88.0000,"64.0129","231.3204","221.5999","63.1025","71.0736","199.2351","67.6863","141.1695","127.2786","187.2203","163.1406","201.6194","71.1764","185.6193","166.4109","52.4393","83.7027","79.3698","46.4892","224.9379","71.2811","48.4564","133.6954","108.5828","68.7845","49.9795","52.6370","253.7699","64.3042","201.4614","195.8886","80.8083","146.1937","143.6793","153.3317","71.7851","83.9044","32.5177","39.6701","36.9645","60.6626","54.8734","50.8786","51.2053","77.6395","63.7446","163.5633","58.4886","114.9197","38.9216","36.2238","63.6388","66.8983","22.1176","38.3178","100.7265","128.3182","147.6762","46.0439","72.5036","68.0573","31.9085","166.0322","48.7632","49.4545","39.6070","40.6880","52.0379","84.4768","41.8501","159.3060","73.6214","78.7435","25.0673","91.0833","93.9019","127.2727","119.8817","33.9167","29.3346","52.1720","57.7522","56.0412","59.0141","100.5175","117.9293","134.4012","157.4195","51.9677","222.3564","48.7211","73.6402","102.5646","100.8871","69.5297","106.4126"
"C:\Users\cfg364\Sommerlab Dropbox\Casper van der Luijt\Casper\Data\BioLog\OmniLog\CL2\DATA_2024\07\_NRRL 3483_Aspergillus oryzae__1_30_CL2_769_7#24#2024_A_14B_17.OKA","7/24/2024 10:32:48 PM","14-B","PM01","","NRRL 3483","Aspergillus oryzae","",88.2500,"62.4664","229.1686","219.0665","61.3091","72.6844","203.9232","68.9962","139.4185","124.9464","185.0823","163.9799","195.8571","70.0470","187.7548","165.5425","54.7008","86.4521","76.8424","48.1009","224.5824","70.4009","50.2683","136.6073","105.3378","66.0902","52.2571","51.6922","252.3560","65.5511","201.7788","195.3503","77.0088","145.6160","144.8418","155.5843","66.1660","76.8173","32.4524","39.1649","32.3579","61.5183","50.4421","48.8719","52.8672","74.9688","66.0350","167.6699","60.5905","113.6583","39.9831","36.1926","59.2470","65.5857","21.9615","38.4768","97.6730","131.2146","146.7261","46.7246","73.5771","66.8237","32.8428","163.8474","52.2558","46.0672","39.9859","37.9027","52.5399","82.5977","42.6452","160.8183","72.6209","78.4092","26.4132","89.5313","93.1902","126.7607","117.0020","31.6124","30.6056","50.9359","51.9202","52.9571","56.9510","102.9861","116.2350","132.4687","157.2648","53.0827","223.9027","45.8268","69.2832","103.6887","101.0803","65.4285","105.5444"
"C:\Users\cfg364\Sommerlab Dropbox\Casper van der Luijt\Casper\Data\BioLog\OmniLog\CL2\DATA_2024\07\_NRRL 3483_Aspergillus oryzae__1_30_CL2_769_7#24#2024_A_14B_17.OKA","7/24/2024 10:32:48 PM","14-B","PM01","","NRRL 3483","Aspergillus oryzae","",88.5000,"64.3918","228.4139","217.2926","62.6824","70.3790","202.5161","64.6427","134.4655","125.6038","184.9723","165.4102","201.9029","69.7686","185.7857","168.5839","52.8022","84.5607","77.2955","46.7673","219.1753","74.8802","48.8005","136.9443","106.6085","67.7509","50.4868","48.8310","252.9415","66.1199","201.4889","193.6805","78.8387","146.3536","142.3103","159.7818","66.5663","79.2956","29.4925","41.5149","29.9683","59.2127","53.7358","48.4168","49.0914","74.2979","69.0138","162.0358","57.0482","117.1348","39.4235","35.5138","60.3887","67.6581","21.8628","36.4092","101.2700","128.9163","144.0326","41.3338","70.6880","67.6851","34.9269","163.1242","50.6229","48.1634","40.7425","42.5085","50.5679","83.8590","39.6524","159.6349","70.5689","75.1774","29.9144","87.3436","94.9219","128.2766","116.8747","29.1851","31.9928","45.5331","50.3899","54.8426","58.3963","106.1299","116.5978","134.0370","157.4527","49.4939","220.8085","47.4726","68.7949","104.4052","100.0467","65.5207","107.0835"
"C:\Users\cfg364\Sommerlab Dropbox\Casper van der Luijt\Casper\Data\BioLog\OmniLog\CL2\DATA_2024\07\_NRRL 3483_Aspergillus oryzae__1_30_CL2_769_7#24#2024_A_14B_17.OKA","7/24/2024 10:32:48 PM","14-B","PM01","","NRRL 3483","Aspergillus oryzae","",88.7500,"60.3262","229.8619","222.6057","57.3791","71.8000","203.4784","70.4357","134.7069","121.7226","183.3000","163.1461","201.6327","73.9895","183.6604","169.2279","52.3243","86.1131","77.8618","49.6982","221.2655","70.0613","49.6543","133.5258","104.7490","64.8312","53.3273","52.5532","252.7007","62.2920","204.8053","194.9814","76.9788","146.7462","137.8575","158.6643","64.9735","81.3844","35.7819","44.3913","33.9478","65.2687","53.2922","48.6643","51.5919","71.1363","62.0315","161.8793","59.1360","119.5503","45.1375","37.0236","60.2251","65.0096","23.0200","39.5059","101.9221","132.2702","147.0445","46.7483","71.0457","68.3110","32.9353","164.2660","54.9421","48.8668","37.3909","40.4231","52.2554","86.6480","41.5504","160.0184","70.8640","72.1517","27.6805","89.1314","92.5488","123.9922","117.4331","29.3508","32.6349","47.8080","51.4579","55.0519","58.6280","103.8001","120.7244","136.2655","152.4165","45.0962","222.1420","47.8006","69.2470","103.4655","97.4811","65.7721","109.7011"
"C:\Users\cfg364\Sommerlab Dropbox\Casper van der Luijt\Casper\Data\BioLog\OmniLog\CL2\DATA_2024\07\_NRRL 3483_Aspergillus oryzae__1_30_CL2_769_7#24#2024_A_14B_17.OKA","7/24/2024 10:32:48 PM","14-B","PM01","","NRRL 3483","Aspergillus oryzae","",89.0000,"62.4992","227.9526","218.3880","58.1590","67.4342","199.8996","65.2957","136.9771","121.4204","184.1247","165.6781","202.7399","69.9991","187.4515","169.1448","53.7100","85.6613","79.7977","49.2041","221.1666","72.3636","50.2540","131.4283","107.7426","65.7947","52.6910","52.6099","254.0003","66.0441","202.9088","194.3490","83.0708","147.6413","147.8302","157.4348","63.5429","80.3949","30.5549","43.8888","37.4767","64.3464","55.5077","51.4732","52.4611","74.5918","71.1033","162.3699","54.3493","116.5608","39.2714","36.3810","62.9469","66.3917","22.6387","33.7116","97.9282","131.7690","149.1429","44.1611","68.7870","69.6355","38.6306","162.8915","51.0128","48.3004","38.5950","37.6896","48.1927","85.2354","36.4282","160.6914","72.4613","77.7792","29.0615","88.5518","95.5501","123.1225","120.3200","30.4773","33.3800","49.7637","52.9114","56.9503","60.3732","104.3309","117.4800","136.0589","155.1772","49.2201","220.3085","43.4367","72.0977","107.1889","100.3097","69.5048","105.9071"
"C:\Users\cfg364\Sommerlab Dropbox\Casper van der Luijt\Casper\Data\BioLog\OmniLog\CL2\DATA_2024\07\_NRRL 3483_Aspergillus oryzae__1_30_CL2_769_7#24#2024_A_14B_17.OKA","7/24/2024 10:32:48 PM","14-B","PM01","","NRRL 3483","Aspergillus oryzae","",89.2500,"62.7464","229.7918","220.2172","60.3385","69.6852","204.2754","70.0114","135.1351","124.0280","185.9236","165.7113","202.1501","72.9694","187.9744","167.8904","54.5375","86.9756","79.0025","48.1689","222.8402","75.7403","51.4027","133.2866","111.6700","65.6043","52.7562","51.8551","249.9918","66.4497","201.4800","197.6751","80.8946","149.8087","145.0436","158.3948","62.7173","80.2680","30.9807","43.5735","38.3709","63.9985","54.8186","53.2578","56.1578","76.3027","67.3772","161.7484","57.7467","117.4185","43.6578","38.9222","63.7297","70.3506","25.0165","38.9919","103.1146","130.5591","149.9913","47.3378","71.9321","69.6662","36.7460","166.7181","51.1372","51.0980","40.9548","35.8150","49.8443","87.3807","41.5587","163.8455","74.2146","76.2837","26.5221","93.5131","96.9675","125.1441","118.4890","31.6230","37.7868","49.9228","55.6133","53.6154","64.9884","105.6528","124.3333","138.1870","160.5570","53.7989","222.0906","47.6139","69.0981","107.8618","101.6906","71.2163","108.0514"
"C:\Users\cfg364\Sommerlab Dropbox\Casper van der Luijt\Casper\Data\BioLog\OmniLog\CL2\DATA_2024\07\_NRRL 3483_Aspergillus oryzae__1_30_CL2_769_7#24#2024_A_14B_17.OKA","7/24/2024 10:32:48 PM","14-B","PM01","","NRRL 3483","Aspergillus oryzae","",89.5000,"56.8370","227.2389","220.1388","59.9839","73.8299","200.1153","69.0317","133.7866","122.9541","180.6313","165.7932","204.2118","74.2906","184.3764","170.0806","50.0528","85.8498","80.9001","47.2564","222.3480","69.8271","48.4779","135.8836","104.0243","64.5197","51.0642","55.4469","255.4986","67.8863","203.7599","195.6201","85.8506","147.1610","141.3124","157.0837","63.1335","77.7666","33.4182","41.5160","37.3802","59.0940","51.1823","50.4133","56.0342","78.8352","66.2461","164.2814","58.7594","118.4132","41.7503","40.4545","64.2897","64.3604","23.0245","38.5653","103.7445","129.0858","147.5302","45.7458","68.2036","66.3555","34.6218","165.5062","52.2485","52.7043","42.3244","41.6081","47.8737","82.7446","41.9485","162.3477","74.1234","76.1400","24.1119","85.6178","91.8786","128.0863","118.6212","28.4779","29.8028","51.3149","50.7655","57.4784","60.9065","105.3552","121.3481","138.0140","155.6551","56.2033","224.9212","46.3428","69.7263","106.6688","95.1413","71.8320","108.5177"
"C:\Users\cfg364\Sommerlab Dropbox\Casper van der Luijt\Casper\Data\BioLog\OmniLog\CL2\DATA_2024\07\_NRRL 3483_Aspergillus oryzae__1_30_CL2_769_7#24#2024_A_14B_17.OKA","7/24/2024 10:32:48 PM","14-B","PM01","","NRRL 3483","Aspergillus oryzae","",89.7500,"60.3593","227.1691","218.9104","60.0893","71.2567","202.7104","66.7731","132.2151","125.9436","185.4262","163.8183","202.0650","76.6421","186.0733","171.7645","55.2239","87.2845","77.5863","43.9102","218.8413","72.8794","51.1970","135.8834","105.3893","63.0929","57.3358","55.0338","253.2870","63.9180","205.7352","194.8140","80.2271","146.7116","139.1710","159.1899","64.8079","83.0463","32.4324","43.1779","33.6341","63.8080","55.3674","49.3793","54.1275","79.1662","66.9546","162.3300","59.6179","117.9002","39.0125","36.0440","58.4323","68.4385","22.5704","41.5402","101.1967","133.6408","148.2815","49.2099","75.9072","64.8985","38.8352","167.2269","56.6422","55.8876","42.7258","39.0592","50.9970","82.8337","41.7762","159.7243","75.6508","77.5508","27.5377","91.5328","95.2576","126.9178","119.2412","32.8233","35.8721","48.6707","55.7553","57.2351","60.7291","107.0671","121.3921","136.9109","155.7495","50.8029","221.9574","44.8437","72.6717","108.9909","94.9985","73.6556","109.7461"
"C:\Users\cfg364\Sommerlab Dropbox\Casper van der Luijt\Casper\Data\BioLog\OmniLog\CL2\DATA_2024\07\_NRRL 3483_Aspergillus oryzae__1_30_CL2_769_7#24#2024_A_14B_17.OKA","7/24/2024 10:32:48 PM","14-B","PM01","","NRRL 3483","Aspergillus oryzae","",90.0000,"61.8611","228.7373","217.0606","59.5191","71.5157","206.0053","68.2485","133.7371","127.0024","184.6390","162.7285","202.1060","77.3519","182.6416","167.4841","55.4505","83.6450","78.6816","49.2668","224.3933","72.3506","50.7037","135.9826","104.3259","64.4422","53.9504","52.3789","249.8604","62.6194","206.3308","193.2880","81.6680","146.4952","142.6036","158.4594","67.2442","81.6159","32.9788","42.0822","33.8039","62.0750","54.2670","51.4249","54.4949","79.4089","67.2309","164.3377","56.6539","119.7451","40.9097","35.6774","61.8563","66.6218","18.3303","39.4920","106.2150","128.6334","146.1425","45.6780","74.1800","66.7702","33.5140","168.1132","52.6343","54.4167","39.7303","40.0477","51.5539","84.0583","40.4390","159.9462","72.2785","78.9829","28.1060","91.7797","96.7722","120.9966","117.7918","30.3775","32.5298","50.5282","56.0229","52.2376","60.6947","105.4445","123.3571","138.0882","155.8906","52.7918","220.7390","42.8101","67.0464","103.4890","98.8035","67.5883","107.7616"
"C:\Users\cfg364\Sommerlab Dropbox\Casper van der Luijt\Casper\Data\BioLog\OmniLog\CL2\DATA_2024\07\_NRRL 3483_Aspergillus oryzae__1_30_CL2_769_7#24#2024_A_14B_17.OKA","7/24/2024 10:32:48 PM","14-B","PM01","","NRRL 3483","Aspergillus oryzae","",90.2500,"66.3463","227.9365","218.2631","59.3958","71.6827","207.6182","66.6069","135.5747","126.7788","185.6000","163.0636","203.0560","76.9499","186.7576","169.7423","51.0877","85.1531","80.6774","45.4972","225.1254","72.1443","47.9195","137.4234","110.5810","66.3631","53.6700","50.3285","251.4580","65.7963","205.8471","200.9670","80.0509","146.9423","147.9366","156.5629","66.6965","79.7383","30.5305","39.6304","34.6933","61.4377","53.8752","52.2470","52.0384","77.1334","66.4833","166.7787","59.6966","121.3130","39.4427","33.0706","58.5706","68.2575","23.3148","37.7230","101.7927","135.5903","147.5159","48.8678","68.8676","69.1754","34.5219","166.2701","50.6767","50.8357","40.6299","40.1573","51.2545","87.5349","38.7035","164.4821","75.8167","74.7193","27.2382","90.9691","98.9938","126.3803","117.9671","34.0789","38.4255","52.6861","53.0972","56.4245","58.2257","113.4078","125.7138","139.2432","156.5187","52.7991","219.8978","46.8285","70.6380","105.6157","94.4475","66.3469","106.5046"
"C:\Users\cfg364\Sommerlab Dropbox\Casper van der Luijt\Casper\Data\BioLog\OmniLog\CL2\DATA_2024\07\_NRRL 3483_Aspergillus oryzae__1_30_CL2_769_7#24#2024_A_14B_17.OKA","7/24/2024 10:32:48 PM","14-B","PM01","","NRRL 3483","Aspergillus oryzae","",90.5000,"62.6888","227.7086","219.8790","57.0790","72.8791","202.4199","65.3036","132.6229","121.4540","187.2228","163.9146","203.3117","74.6269","188.1217","169.0050","54.6224","87.6838","76.2492","47.9523","219.1100","70.6618","45.1494","138.1241","103.6083","66.6060","53.2034","52.7842","253.5302","66.2459","204.1125","193.5364","80.5763","147.8998","143.6023","156.0284","65.4914","76.4286","33.6033","42.1045","35.5315","60.5521","54.5608","52.2040","53.2606","78.2491","69.3537","164.4894","56.4103","118.7810","38.2720","40.8469","60.4486","64.4288","22.4687","39.1091","101.2017","134.4610","145.8922","46.2084","69.7990","65.7381","35.0850","168.3164","57.0738","51.0949","37.1267","41.3052","50.2823","82.4430","41.6102","158.4384","74.1296","81.8384","22.2653","90.1392","94.8307","128.9490","119.8446","30.2069","33.6084","49.0716","55.2795","54.8111","61.0824","108.6905","122.5282","139.3486","155.3262","54.3473","221.0448","46.3747","71.5422","103.1450","100.3067","70.1318","110.6079"
"C:\Users\cfg364\Sommerlab Dropbox\Casper van der Luijt\Casper\Data\BioLog\OmniLog\CL2\DATA_2024\07\_NRRL 3483_Aspergillus oryzae__1_30_CL2_769_7#24#2024_A_14B_17.OKA","7/24/2024 10:32:48 PM","14-B","PM01","","NRRL 3483","Aspergillus oryzae","",90.7500,"65.9854","232.9244","221.9081","60.9833","70.0596","204.6259","69.2769","135.1528","124.4749","189.1203","169.5262","204.1610","78.1315","189.2184","171.1361","51.0792","85.0578","81.6476","51.0084","224.5540","74.7321","53.5229","136.1588","109.1530","65.7866","54.5286","54.5615","253.1974","67.7313","203.9810","197.3800","86.1979","147.4098","144.3233","160.9284","71.9206","84.9308","33.7049","39.2197","35.8297","66.7309","55.8180","52.0994","55.0202","81.6344","70.6566","168.1784","57.8947","115.0779","46.0109","36.0604","62.7489","69.6284","22.7986","37.9932","107.1787","134.3871","151.0432","43.8709","76.8442","67.6935","41.2008","166.1524","56.0426","52.5865","39.7534","40.2091","52.2563","79.3121","41.4828","163.3196","71.0670","79.5887","27.5906","90.4500","96.1477","123.9963","118.4050","29.6273","32.0921","48.4953","56.1503","57.1094","64.5111","111.0108","131.0950","142.5469","159.0073","49.7000","224.4686","46.9168","73.7101","104.4929","100.3568","72.6966","110.0777"
"C:\Users\cfg364\Sommerlab Dropbox\Casper van der Luijt\Casper\Data\BioLog\OmniLog\CL2\DATA_2024\07\_NRRL 3483_Aspergillus oryzae__1_30_CL2_769_7#24#2024_A_14B_17.OKA","7/24/2024 10:32:48 PM","14-B","PM01","","NRRL 3483","Aspergillus oryzae","",91.0000,"62.8861","225.3018","217.6358","58.6421","74.4662","207.7700","69.0843","134.7405","123.3632","185.3400","164.4272","202.0968","76.3033","186.9548","172.6097","51.7776","89.7844","79.5709","48.1124","225.1402","77.1793","49.8794","134.4715","106.8089","68.2391","53.7519","52.3282","255.9678","60.5492","205.0600","193.5151","83.1951","149.2972","147.9295","160.7845","66.3060","82.5990","32.1470","42.9002","34.6111","58.8722","57.5418","53.2209","54.9633","81.3194","70.4778","162.0412","57.7083","119.1423","40.4312","39.9434","63.3709","71.4285","22.1768","36.0281","104.7593","133.8700","149.0448","45.4013","76.5947","70.4159","35.7448","167.3435","57.5957","50.6116","40.3245","39.7718","51.4987","82.5988","43.5554","165.5484","73.7090","78.0377","28.7654","93.3720","98.3448","126.3901","121.2627","29.8452","35.9441","49.5375","53.3207","50.6323","59.7700","108.9531","126.9523","140.2025","159.5697","52.7661","222.2100","48.2757","73.8481","101.6938","95.0571","70.2205","110.6810"
"C:\Users\cfg364\Sommerlab Dropbox\Casper van der Luijt\Casper\Data\BioLog\OmniLog\CL2\DATA_2024\07\_NRRL 3483_Aspergillus oryzae__1_30_CL2_769_7#24#2024_A_14B_17.OKA","7/24/2024 10:32:48 PM","14-B","PM01","","NRRL 3483","Aspergillus oryzae","",91.2500,"65.4164","229.4667","224.3280","61.2253","72.0862","207.3624","64.9265","132.8313","124.6109","187.8685","166.8939","201.5218","75.7010","185.1317","169.9712","53.8934","88.4345","84.7601","49.3371","222.3563","74.3881","44.1186","135.8347","105.7065","67.5803","55.3461","51.1092","249.0557","67.9090","204.4500","198.7847","79.7991","143.9398","140.5356","158.1092","71.5879","83.1531","31.3400","41.6665","38.0216","63.6810","57.0029","50.3902","52.2148","77.9146","68.2676","166.2003","59.7265","116.2111","41.9430","39.2071","64.5982","68.6168","19.8489","37.2778","101.8155","136.3369","151.4631","48.0790","71.3515","70.7359","33.2034","168.6503","57.9212","48.2762","40.4648","41.9315","53.7958","85.3964","37.9309","165.7706","69.7830","79.9939","24.5492","90.2108","99.8092","122.5529","120.4176","31.5048","32.7179","52.5567","59.6325","59.9268","59.1529","110.4760","123.5291","139.5764","158.0029","54.7585","221.8580","48.8573","71.4737","107.3146","94.3359","70.9600","109.3422"
"C:\Users\cfg364\Sommerlab Dropbox\Casper van der Luijt\Casper\Data\BioLog\OmniLog\CL2\DATA_2024\07\_NRRL 3483_Aspergillus oryzae__1_30_CL2_769_7#24#2024_A_14B_17.OKA","7/24/2024 10:32:48 PM","14-B","PM01","","NRRL 3483","Aspergillus oryzae","",91.5000,"61.9650","226.4916","220.7496","62.7432","72.4553","206.5931","68.1387","129.4153","123.5654","190.1910","164.1000","202.0393","81.6266","187.5203","169.5144","54.7846","89.0995","81.8069","47.2817","225.6200","79.5925","48.5803","141.6635","110.0452","64.9324","53.9402","54.7077","253.0022","67.8187","203.2581","198.5904","80.9274","147.7956","147.1263","160.5814","69.8136","76.6595","32.4322","40.7148","37.4983","61.6866","54.9029","51.8879","57.7913","79.4985","67.7795","163.3369","57.3168","120.4725","44.4868","39.8532","62.2888","66.6532","16.8599","40.4642","103.3090","134.1694","153.0580","44.8763","72.1497","72.9266","32.6810","168.5497","57.4868","48.5199","40.2113","40.7065","53.1143","85.7124","39.0860","162.6343","71.3734","78.2671","28.8411","90.1111","97.6106","123.8475","120.2875","32.9844","31.8022","50.4563","54.6397","56.0480","59.3274","112.3339","126.4919","144.6824","155.7001","55.3987","221.4107","44.5401","70.2325","105.0348","96.7745","72.0563","109.8250"
"C:\Users\cfg364\Sommerlab Dropbox\Casper van der Luijt\Casper\Data\BioLog\OmniLog\CL2\DATA_2024\07\_NRRL 3483_Aspergillus oryzae__1_30_CL2_769_7#24#2024_A_14B_17.OKA","7/24/2024 10:32:48 PM","14-B","PM01","","NRRL 3483","Aspergillus oryzae","",91.7500,"62.7710","230.0379","218.9925","61.4804","73.2525","205.2040","67.8724","131.4554","124.8334","188.2821","165.8015","204.4626","78.6922","186.3483","171.7656","53.3064","87.5287","82.2508","52.8148","226.3069","72.4544","48.2577","138.0134","108.3773","66.9576","53.6924","47.4484","253.4022","64.3132","206.7759","197.8488","78.2935","148.1884","145.0899","160.2896","72.2454","79.2535","36.1743","46.4795","36.2510","63.8003","57.4288","55.9739","53.7339","78.8188","70.6173","168.6198","61.5465","118.7314","40.1405","36.6178","63.7519","75.6312","22.3409","38.1406","107.8186","135.5431","148.6568","44.1549","73.0016","69.7001","38.0216","167.3656","57.2051","49.9820","37.3681","43.6319","51.4431","85.1912","41.3252","164.2089","75.9110","80.5609","27.4358","88.8330","96.2782","119.6531","121.2252","31.3600","33.9713","49.0454","54.8223","56.9278","60.1967","113.5566","125.6861","142.9866","157.3954","49.8441","222.3242","46.5297","75.3202","103.9707","94.6818","69.5320","112.1064"
"C:\Users\cfg364\Sommerlab Dropbox\Casper van der Luijt\Casper\Data\BioLog\OmniLog\CL2\DATA_2024\07\_NRRL 3483_Aspergillus oryzae__1_30_CL2_769_7#24#2024_A_14B_17.OKA","7/24/2024 10:32:48 PM","14-B","PM01","","NRRL 3483","Aspergillus oryzae","",92.0000,"59.2905","224.6019","221.1087","57.5560","70.7079","202.1785","62.4354","134.3286","123.6630","187.5175","161.2101","204.8746","73.8389","188.4243","171.2883","53.3178","84.6587","77.4651","49.5836","223.7434","74.0446","48.7968","137.4075","105.8770","68.9517","53.8533","52.0913","253.2119","62.9952","204.9133","195.7188","81.1245","145.2291","145.3308","162.6213","67.3174","79.9258","27.9421","41.8675","33.9964","57.7659","57.8011","51.1512","54.8621","81.1080","69.5300","168.5213","61.4099","116.0434","42.2444","38.9842","61.1346","68.2818","26.6794","40.2743","104.2117","134.5446","148.1177","44.7348","75.0594","69.3786","34.9288","170.3712","55.5898","52.1301","40.1654","43.9126","49.7285","81.9767","38.7488","164.7879","70.4485","77.3330","30.0426","89.3294","98.8012","126.5570","114.8582","30.2705","35.5709","46.8980","54.0210","56.0481","60.6996","111.6652","127.5312","142.8879","153.0182","50.7303","219.4967","49.1977","68.3799","105.8067","97.2830","71.8554","111.2169"
"C:\Users\cfg364\Sommerlab Dropbox\Casper van der Luijt\Casper\Data\BioLog\OmniLog\CL2\DATA_2024\07\_NRRL 3483_Aspergillus oryzae__1_30_CL2_769_7#24#2024_A_14B_17.OKA","7/24/2024 10:32:48 PM","14-B","PM01","","NRRL 3483","Aspergillus oryzae","",92.2500,"60.1988","225.7457","220.6693","57.5545","72.5027","204.5927","66.7757","129.1909","121.9583","187.8537","164.8873","199.7014","77.5580","185.6206","173.6464","53.1065","92.3520","79.4357","51.8505","221.8198","73.2649","45.7414","140.4047","104.3440","64.5373","49.3146","51.3020","252.5732","65.9094","205.2902","194.5907","81.4756","150.7638","140.4364","160.1245","72.5127","82.7504","31.2631","38.2208","36.8459","61.7601","52.9605","54.9590","53.9267","76.9488","67.4724","163.2001","55.0201","118.7216","38.3654","37.6623","60.0288","68.2011","21.1034","38.9932","100.2854","132.5524","151.6374","46.4004","70.0979","67.0715","34.4613","165.3795","58.0708","55.7101","36.2403","39.1512","49.3781","81.4348","44.1132","163.2537","71.2654","77.0429","25.6629","89.4026","94.1481","120.3852","114.1519","27.5228","31.8622","50.6254","49.6685","52.5307","59.6527","109.9679","125.6815","141.2112","154.5173","53.1972","219.3485","48.5425","74.8730","104.3678","98.7857","73.5662","106.6654"
"C:\Users\cfg364\Sommerlab Dropbox\Casper van der Luijt\Casper\Data\BioLog\OmniLog\CL2\DATA_2024\07\_NRRL 3483_Aspergillus oryzae__1_30_CL2_769_7#24#2024_A_14B_17.OKA","7/24/2024 10:32:48 PM","14-B","PM01","","NRRL 3483","Aspergillus oryzae","",92.5000,"61.8290","225.0892","221.7328","62.2801","74.2757","207.7766","61.2904","129.6789","121.0782","182.7828","162.2644","203.4328","73.3804","184.1568","174.5603","50.8798","89.2730","78.3068","46.5190","222.1449","69.2603","49.6155","139.3484","102.2710","65.1329","52.6161","54.5873","250.4926","61.5490","205.9985","197.9630","79.4787","152.0706","141.7742","159.3847","62.5041","76.8642","30.9739","40.2811","30.1712","60.3111","55.1660","52.2294","53.8579","77.2844","70.0097","164.4495","57.8311","122.1703","39.8966","38.2508","61.6789","65.9492","20.7230","38.4377","101.6523","136.7105","150.8457","49.2367","72.7823","68.6978","39.3930","168.0585","50.9043","53.0400","43.9126","42.4604","49.1621","82.3111","43.0157","166.7507","70.9612","75.3642","27.1425","89.7106","95.1920","125.7149","118.6917","30.7461","32.1002","50.6819","52.2232","56.3704","62.1019","107.4815","122.8741","146.7483","152.2742","53.1709","221.8840","45.6720","73.8186","101.9637","97.0115","74.8327","110.9323"
"C:\Users\cfg364\Sommerlab Dropbox\Casper van der Luijt\Casper\Data\BioLog\OmniLog\CL2\DATA_2024\07\_NRRL 3483_Aspergillus oryzae__1_30_CL2_769_7#24#2024_A_14B_17.OKA","7/24/2024 10:32:48 PM","14-B","PM01","","NRRL 3483","Aspergillus oryzae","",92.7500,"61.0931","224.6614","220.7466","60.7595","70.2146","207.6350","62.6212","130.0546","117.9344","185.2084","165.8276","206.6719","77.0667","187.9769","171.5441","52.9568","89.2796","81.0518","47.2170","223.9394","75.1036","49.5265","140.4453","103.7842","63.3576","51.0081","50.5643","252.4209","63.7450","209.8306","195.6527","80.4758","145.0055","143.3834","159.7869","68.0797","80.0368","32.6519","42.6850","36.8215","62.9727","53.5566","48.0442","53.3203","80.0229","68.3919","163.2705","59.3252","117.6869","39.8059","37.9184","65.2373","70.7766","23.4862","39.1446","106.9319","137.1909","151.1282","45.1895","71.4045","67.3275","36.3182","168.2820","54.8504","51.1854","39.4092","42.6972","53.0440","81.7536","38.0633","166.1093","72.4651","78.6754","28.2565","92.2491","97.8060","126.2920","122.0032","28.1708","35.9143","51.2341","54.7716","57.4286","57.5736","112.6680","129.6672","143.5883","154.4274","52.2875","219.2061","43.1367","69.3129","102.8381","94.2792","75.5461","109.1176"
"C:\Users\cfg364\Sommerlab Dropbox\Casper van der Luijt\Casper\Data\BioLog\OmniLog\CL2\DATA_2024\07\_NRRL 3483_Aspergillus oryzae__1_30_CL2_769_7#24#2024_A_14B_17.OKA","7/24/2024 10:32:48 PM","14-B","PM01","","NRRL 3483","Aspergillus oryzae","",93.0000,"61.0037","228.0569","219.5850","61.0314","74.0084","208.1289","64.3466","128.1717","120.7761","184.9592","158.8841","208.2990","77.1042","183.8437","174.9065","58.7073","88.7016","78.9084","51.2451","224.2976","72.6623","48.2287","138.3243","103.7092","67.5573","51.9812","48.4257","248.2968","65.8216","208.4963","196.1343","79.3474","149.0647","146.2699","164.1158","64.5700","78.0684","31.0410","44.7167","35.2517","60.5600","56.4897","52.8821","56.0946","79.3388","68.2059","164.5313","58.7595","117.6096","39.8130","36.7538","63.4905","66.0132","20.6177","37.9249","108.8533","138.3979","147.0170","46.1785","76.7617","70.6459","34.1637","167.0189","56.9215","51.4335","38.7359","41.2097","53.4558","82.2749","42.4091","166.5614","75.8512","83.3145","26.4725","90.1422","98.1503","128.2910","119.6277","32.2627","34.3489","50.1527","53.3657","58.5775","58.7000","111.6677","129.6945","147.7037","157.9560","52.8969","221.3944","49.2317","68.5557","103.0502","98.8587","76.4705","114.2454"
"C:\Users\cfg364\Sommerlab Dropbox\Casper van der Luijt\Casper\Data\BioLog\OmniLog\CL2\DATA_2024\07\_NRRL 3483_Aspergillus oryzae__1_30_CL2_769_7#24#2024_A_14B_17.OKA","7/24/2024 10:32:48 PM","14-B","PM01","","NRRL 3483","Aspergillus oryzae","",93.2500,"61.1898","226.8009","223.8087","60.4340","75.4854","208.7065","64.9047","132.8784","121.1088","185.6937","163.3553","206.2194","79.2869","185.1695","175.2922","55.1381","92.9507","83.0096","48.9805","221.0747","68.6873","46.8120","138.6227","100.4667","69.9874","51.9485","51.1080","251.2809","65.5088","208.1148","200.0026","78.4757","145.0125","142.7484","160.3208","66.6139","82.1148","30.3839","42.6074","31.1614","60.8465","53.8804","53.9969","57.1797","79.9853","67.5182","164.8912","57.0820","121.1296","42.1900","40.0588","61.3783","70.1096","22.3463","38.6578","108.6005","141.1411","151.4756","47.5752","74.4381","69.3840","35.1946","172.1242","55.7040","52.1053","41.6704","39.0496","51.4972","83.2963","43.0175","167.6533","73.8746","79.2971","25.8345","88.3662","96.6408","127.6510","118.2281","29.7800","33.8420","51.6205","53.5895","56.3073","60.9432","115.0696","128.1420","148.1700","153.7183","52.6097","222.6803","48.9476","70.4700","105.5476","98.5683","76.1197","110.1667"
"C:\Users\cfg364\Sommerlab Dropbox\Casper van der Luijt\Casper\Data\BioLog\OmniLog\CL2\DATA_2024\07\_NRRL 3483_Aspergillus oryzae__1_30_CL2_769_7#24#2024_A_14B_17.OKA","7/24/2024 10:32:48 PM","14-B","PM01","","NRRL 3483","Aspergillus oryzae","",93.5000,"62.7718","227.8959","223.2888","58.1384","73.5055","205.1445","64.5764","135.0992","121.7408","195.4415","163.6890","203.9748","77.9772","179.8002","170.5036","53.1622","91.5760","79.6397","51.6333","223.5163","72.7608","46.5814","138.3906","107.0841","69.7034","50.1155","48.7413","250.7619","67.1350","206.6208","199.5550","77.8946","147.0386","142.7807","162.1540","69.6798","79.8526","31.5666","43.4889","34.7364","61.5786","55.5466","50.7801","59.1265","78.3367","66.1429","167.7701","59.5489","118.7116","41.4512","32.2640","63.5536","66.8773","22.5035","35.1528","107.6527","135.8780","149.8036","45.8536","69.5043","70.0303","33.3260","168.0338","55.1421","51.1776","40.1558","40.7014","52.4449","82.4983","40.1999","164.1529","73.4982","78.1709","30.4922","90.3915","96.4867","125.3468","119.6913","26.4696","30.6739","49.8974","51.6711","57.2026","64.2769","110.4924","127.7300","149.8485","156.9043","52.2268","221.7481","45.9799","71.0124","107.3086","97.3422","73.4728","110.0733"
"C:\Users\cfg364\Sommerlab Dropbox\Casper van der Luijt\Casper\Data\BioLog\OmniLog\CL2\DATA_2024\07\_NRRL 3483_Aspergillus oryzae__1_30_CL2_769_7#24#2024_A_14B_17.OKA","7/24/2024 10:32:48 PM","14-B","PM01","","NRRL 3483","Aspergillus oryzae","",93.7500,"62.0273","234.4656","219.6175","57.0377","73.0342","209.7976","64.3138","130.5250","121.6411","198.6463","163.2219","204.6019","77.2601","185.4015","171.3713","52.3973","89.0140","79.8940","49.1099","217.4937","73.0237","46.1860","137.3298","99.4079","67.2732","51.5884","51.1080","250.2754","66.6659","204.9996","197.3171","77.5717","143.6296","142.2315","160.6425","63.0536","80.8085","30.2853","42.3870","32.3531","61.3558","56.1439","51.9903","53.7649","77.3022","67.6819","165.2510","57.7398","119.9971","39.4918","39.7782","60.8424","65.2451","20.8691","39.7412","102.7553","139.1954","150.2626","42.5404","71.7643","70.3997","35.7101","169.5715","56.2659","50.1860","39.9350","39.8437","51.8447","82.8175","42.9214","167.4928","72.7138","80.7579","26.9192","91.9806","98.6740","125.5708","120.9955","28.5704","34.0004","52.9607","55.4440","55.0923","59.3231","113.0285","130.0114","149.1025","152.8213","51.0143","219.3693","45.3170","73.7243","103.6266","95.4708","75.8646","110.4780"
"C:\Users\cfg364\Sommerlab Dropbox\Casper van der Luijt\Casper\Data\BioLog\OmniLog\CL2\DATA_2024\07\_NRRL 3483_Aspergillus oryzae__1_30_CL2_769_7#24#2024_A_14B_17.OKA","7/24/2024 10:32:48 PM","14-B","PM01","","NRRL 3483","Aspergillus oryzae","",94.0000,"60.1412","237.4492","223.7273","59.5858","72.0253","209.2753","63.7924","131.7371","126.2268","201.1351","163.0464","208.1366","77.5372","186.0154","174.9989","57.2997","91.0792","78.4618","52.7261","222.3450","73.1824","49.5257","140.6571","105.5722","68.1951","58.2186","53.8603","252.9067","65.1814","212.8482","196.8221","80.4813","150.5695","147.7272","164.4062","70.2488","80.1823","34.5368","38.3826","32.0648","62.2136","56.5804","53.2481","55.0701","79.5236","70.1236","165.0177","62.8737","116.6988","41.2195","33.7104","60.2066","68.0433","20.9325","37.8015","105.9820","137.4991","152.3292","48.2779","72.6034","67.5473","36.3568","168.0451","58.7413","51.9079","43.1783","41.8312","51.5049","84.9858","40.7869","167.7079","75.0291","76.5514","25.0838","88.2926","97.5063","124.9892","123.2755","29.2878","37.2821","51.6388","53.4776","55.4308","60.7633","113.3484","133.0372","151.6439","155.2467","52.2711","221.8632","48.4991","71.2444","103.3074","97.4657","80.3291","113.7479"
"C:\Users\cfg364\Sommerlab Dropbox\Casper van der Luijt\Casper\Data\BioLog\OmniLog\CL2\DATA_2024\07\_NRRL 3483_Aspergillus oryzae__1_30_CL2_769_7#24#2024_A_14B_17.OKA","7/24/2024 10:32:48 PM","14-B","PM01","","NRRL 3483","Aspergillus oryzae","",94.2500,"62.1330","235.3629","223.9692","58.2117","72.9640","208.7242","69.1314","132.2290","123.3205","200.1258","160.5482","205.2302","77.3410","188.8696","172.4446","54.5148","94.9954","82.0193","50.3196","223.2239","74.2404","50.9946","142.0493","103.3784","67.0139","57.4327","51.0134","253.8342","68.3819","210.5718","198.0550","80.7316","148.6679","144.3996","167.1159","67.6469","79.4069","31.5252","39.8419","34.0338","61.1442","58.8435","50.4449","52.8645","83.3834","69.5756","168.9104","58.4451","119.2700","41.9762","38.6023","64.8812","73.4026","17.4756","38.4470","107.7539","143.8621","151.4220","45.8079","74.2103","68.2815","39.4989","169.0360","60.6523","52.9285","39.1541","41.6030","52.9090","80.9456","43.2502","168.9623","76.4593","75.8750","28.2590","87.7661","101.5349","126.9586","115.3231","32.6011","29.1304","48.7756","52.3342","58.2967","59.9098","116.0291","128.6246","145.1003","157.1344","52.9840","223.7907","49.5104","74.8526","101.8164","96.8108","79.1601","112.1177"
"C:\Users\cfg364\Sommerlab Dropbox\Casper van der Luijt\Casper\Data\BioLog\OmniLog\CL2\DATA_2024\07\_NRRL 3483_Aspergillus oryzae__1_30_CL2_769_7#24#2024_A_14B_17.OKA","7/24/2024 10:32:48 PM","14-B","PM01","","NRRL 3483","Aspergillus oryzae","",94.5000,"63.0516","236.8875","220.8155","53.5507","71.8455","206.9135","65.9315","127.1177","120.5794","205.4915","160.8474","206.1154","75.5930","190.2418","171.3398","53.2340","89.8514","83.2249","49.2941","223.9413","73.4990","46.3314","137.9258","102.5446","66.3605","54.5622","51.6453","251.4741","66.9038","209.8306","202.8469","78.8706","147.7624","143.9253","165.4931","67.9261","73.7892","31.8555","37.1670","38.8300","58.7507","56.6999","50.6008","58.2824","80.7902","71.6863","166.2803","57.5340","119.1985","41.1368","37.1208","61.9409","67.3288","21.1033","39.8878","107.9703","140.5342","152.4609","46.2358","74.1365","68.6599","37.3474","166.9763","57.7531","49.7350","34.6357","39.8237","48.5715","86.5988","44.4356","165.6215","73.8830","81.0821","25.9791","90.0792","97.8540","126.2868","119.0271","32.9686","34.6991","48.5564","53.1389","58.0553","58.0898","115.3332","127.8114","146.8393","153.4377","51.6093","222.5524","48.0623","73.8448","101.2712","94.9981","81.1579","116.8461"
"C:\Users\cfg364\Sommerlab Dropbox\Casper van der Luijt\Casper\Data\BioLog\OmniLog\CL2\DATA_2024\07\_NRRL 3483_Aspergillus oryzae__1_30_CL2_769_7#24#2024_A_14B_17.OKA","7/24/2024 10:32:48 PM","14-B","PM01","","NRRL 3483","Aspergillus oryzae","",94.7500,"64.8841","234.5805","219.4372","57.5853","72.0216","210.8130","61.5443","128.9483","125.6658","207.8060","160.5327","205.3100","76.9375","187.9824","178.1807","51.4655","90.2908","79.7219","49.6510","222.1442","75.4403","50.4991","138.6824","103.8390","70.0225","51.5705","53.5884","253.9396","64.5938","212.1700","200.7208","79.6474","145.8793","145.3858","167.1349","70.2901","76.4142","26.2821","41.5512","35.5791","63.5838","57.6299","53.3855","54.5684","82.4622","70.8775","166.8627","59.0670","113.9275","41.9097","38.3834","59.4859","68.5058","18.4490","37.6123","106.7199","143.6551","152.7861","48.5066","74.4503","65.4533","35.8568","167.7785","61.2059","51.8205","40.1790","38.8917","51.7836","85.9682","43.7906","169.1119","71.7322","80.7256","25.7487","90.8064","96.1117","125.0158","116.6610","29.3665","32.0377","49.3223","52.5712","56.4074","60.2794","116.2574","129.4562","148.9151","157.9626","49.9501","222.1791","45.1921","75.2769","101.5516","94.0248","77.2226","114.8799"
"C:\Users\cfg364\Sommerlab Dropbox\Casper van der Luijt\Casper\Data\BioLog\OmniLog\CL2\DATA_2024\07\_NRRL 3483_Aspergillus oryzae__1_30_CL2_769_7#24#2024_A_14B_17.OKA","7/24/2024 10:32:48 PM","14-B","PM01","","NRRL 3483","Aspergillus oryzae","",95.0000,"66.2475","235.6142","220.8673","57.3963","74.0145","211.7444","59.0747","129.3810","123.6176","208.8036","161.8735","207.0783","77.6250","189.0959","176.6499","51.3378","93.1048","84.4965","49.1352","223.9084","72.0864","52.2335","140.0421","101.1153","65.9172","56.0531","50.3367","253.0094","64.3750","209.4634","201.5491","76.7365","149.2891","148.4925","165.4025","71.0116","78.4324","31.1565","42.2147","34.3598","64.8163","53.8669","55.2616","55.3681","82.2364","73.4483","167.4175","58.4797","115.3459","43.7713","36.8965","63.6446","64.9916","21.9231","38.5684","110.8940","142.6349","154.4803","49.0231","74.5772","67.8489","38.3553","168.7030","61.2368","51.2766","43.2952","38.4797","53.8622","82.7875","42.0329","169.8497","74.9319","78.3171","25.8126","92.3027","96.8564","128.5988","122.7097","31.2381","32.1328","49.6102","53.7562","52.3640","63.2877","119.7968","131.2668","152.7081","156.0844","51.4518","222.1147","46.3614","71.5741","99.9737","92.9886","80.5258","115.9333"
"C:\Users\cfg364\Sommerlab Dropbox\Casper van der Luijt\Casper\Data\BioLog\OmniLog\CL2\DATA_2024\07\_NRRL 3483_Aspergillus oryzae__1_30_CL2_769_7#24#2024_A_14B_17.OKA","7/24/2024 10:32:48 PM","14-B","PM01","","NRRL 3483","Aspergillus oryzae","",95.2500,"65.5897","235.6631","221.1412","61.9836","72.1697","209.9355","65.8945","130.6068","122.8925","205.3922","161.3908","201.5729","76.1200","186.0797","175.0289","51.5279","93.7390","85.0288","48.7144","224.8492","74.0185","53.0604","141.8779","104.9565","63.2387","59.0222","52.3392","252.4743","66.0792","210.0141","202.7952","78.9769","148.8327","146.7335","163.0978","72.0903","81.6057","30.2061","39.2282","34.7378","63.3374","53.6921","53.8110","57.8261","86.0740","73.7856","164.8249","59.8216","117.5561","40.9512","38.2404","61.0780","67.4213","17.8848","38.8751","106.8368","145.8210","150.8954","48.2045","77.8721","70.5528","33.7984","169.0749","57.1645","52.0756","40.0858","37.7394","51.0153","82.8031","41.2794","168.1927","74.6059","79.7540","24.4072","92.1514","100.3284","127.3698","117.7371","28.8497","33.8610","49.8388","53.7500","56.1883","60.6316","116.0232","131.4717","150.7674","155.6440","51.9186","220.1984","46.0990","76.0170","102.4113","94.3112","81.6479","112.7597"
"C:\Users\cfg364\Sommerlab Dropbox\Casper van der Luijt\Casper\Data\BioLog\OmniLog\CL2\DATA_2024\07\_NRRL 3483_Aspergillus oryzae__1_30_CL2_769_7#24#2024_A_14B_17.OKA","7/24/2024 10:32:48 PM","14-B","PM01","","NRRL 3483","Aspergillus oryzae","",95.5000,"63.0433","234.0595","220.5984","58.0228","76.3919","208.0669","63.2846","125.3269","121.1729","204.9725","162.3080","204.7514","78.7428","187.1368","177.1185","55.6850","90.0328","82.8278","47.3628","223.3868","75.0912","45.2993","140.8885","104.3532","64.1012","53.8626","50.9117","249.5001","64.1407","211.4544","198.9437","82.3079","145.4664","147.0697","166.2848","68.3157","80.9891","30.2526","38.7414","35.5093","65.5546","55.1611","56.0377","55.9793","80.2844","70.1681","170.0038","58.9575","116.1660","40.1572","37.5313","60.5643","71.3257","21.1990","36.2919","109.4415","142.5940","153.1015","46.7598","72.8101","69.7059","33.6984","169.1871","58.9193","55.4771","38.3408","40.3114","52.9385","82.7719","39.6193","164.8194","76.1200","81.8079","24.8191","89.7302","100.4997","125.0648","119.1056","30.7970","33.0981","51.5962","57.2505","55.8513","60.1613","115.2441","133.1551","148.2331","154.6541","54.2139","220.1373","48.3706","72.4125","102.3692","94.6734","80.8280","116.5404"
"C:\Users\cfg364\Sommerlab Dropbox\Casper van der Luijt\Casper\Data\BioLog\OmniLog\CL2\DATA_2024\07\_NRRL 3483_Aspergillus oryzae__1_30_CL2_769_7#24#2024_A_14B_17.OKA","7/24/2024 10:32:48 PM","14-B","PM01","","NRRL 3483","Aspergillus oryzae","",95.7500,"62.6506","236.4639","219.9554","58.3240","72.9149","206.6830","60.0107","128.8280","121.1827","203.3487","163.8559","206.7194","76.1900","189.2438","172.1980","52.7445","93.9215","80.1883","50.3884","221.3857","75.1841","45.4408","146.1810","100.8566","69.9978","54.6224","51.5918","251.8806","63.6256","209.9348","198.5509","81.2847","144.5751","148.7760","163.4878","67.9615","79.9070","32.7434","42.0876","34.4862","64.4861","56.7833","55.4900","55.9317","81.9353","71.1868","169.1868","62.1765","116.9816","40.0373","35.7086","60.8243","67.4566","19.7964","39.9447","110.6554","143.9837","154.4959","46.5412","77.1679","69.1985","36.8782","168.5508","58.8411","51.8457","38.2704","38.6348","52.0093","80.5805","43.5521","168.2464","73.4047","78.3739","28.3392","91.7254","98.5091","123.2944","121.9877","28.4470","33.9799","49.6393","52.0026","58.5026","61.1303","115.8050","128.4183","150.6022","153.8421","50.8457","221.9463","43.7265","72.2377","102.4492","95.7420","82.8381","114.5646"
"C:\Users\cfg364\Sommerlab Dropbox\Casper van der Luijt\Casper\Data\BioLog\OmniLog\CL2\DATA_2024\07\_NRRL 3483_Aspergillus oryzae__1_30_CL2_769_7#24#2024_A_14B_17.OKA","7/24/2024 10:32:48 PM","14-B","PM01","","NRRL 3483","Aspergillus oryzae","",96.0000,"67.8379","238.0770","222.1234","62.1749","75.5586","214.5712","61.4583","125.1482","118.3162","208.3095","164.2530","200.2948","80.1331","186.5356","172.1088","53.2788","91.2140","81.0262","50.3237","220.7458","75.3219","48.9370","144.7242","103.2501","66.6006","55.2144","53.5537","252.7871","69.8653","210.7869","199.5633","80.3956","147.4126","146.2830","162.3562","74.0679","81.8703","33.0762","44.3684","37.5384","60.8496","51.8654","55.0072","58.1232","84.9862","73.7337","168.2458","58.9388","118.2607","39.1328","38.0398","60.8287","67.7243","24.6956","40.1542","109.2566","146.3985","153.3309","46.1368","78.8859","69.3910","33.1767","167.9293","57.6083","52.0682","36.5570","41.2489","54.6616","85.6329","42.2067","170.6653","73.8552","81.0234","28.0572","88.8869","100.6871","121.0507","120.1061","29.4204","30.3297","52.0180","58.3675","57.0156","62.9753","121.2467","130.4403","152.0926","157.4085","49.8134","220.0190","46.7669","74.1414","101.3346","94.5705","86.8161","116.1354"
