"Plate File","Setup Time","Position","Plate Type","Field 1","Field 2","Field 3","Field 4","Hour","A01","A02","A03","A04","A05","A06","A07","A08","A09","A10","A11","A12","B01","B02","B03","B04","B05","B06","B07","B08","B09","B10","B11","B12","C01","C02","C03","C04","C05","C06","C07","C08","C09","C10","C11","C12","D01","D02","D03","D04","D05","D06","D07","D08","D09","D10","D11","D12","E01","E02","E03","E04","E05","E06","E07","E08","E09","E10","E11","E12","F01","F02","F03","F04","F05","F06","F07","F08","F09","F10","F11","F12","G01","G02","G03","G04","G05","G06","G07","G08","G09","G10","G11","G12","H01","H02","H03","H04","H05","H06","H07","H08","H09","H10","H11","H12"
"C:\Users\cfg364\Sommerlab Dropbox\Casper van der Luijt\Casper\Data\BioLog\OmniLog\CL2\DATA_2024\07\_NRRL 471_Aspergillus oryzae__1_30_CL2_769_7#24#2024_A_24B_35.OKA","7/24/2024 10:32:48 PM","24-B","PM01","","NRRL 471","Aspergillus oryzae","",0.0000,"19.9210","93.5230","13.2221","11.1884","11.0000","11.0000","11.0000","11.0000","48.1615","13.5383","15.5820","24.1041","19.2948","11.0000","11.0000","11.0000","11.0000","11.0000","11.0000","96.3425","11.0000","11.0000","11.0000","20.5980","14.1566","11.0000","11.0000","94.7331","11.0000","11.0000","11.0000","11.0000","11.0000","11.0000","11.0000","14.4068","13.5564","11.0000","11.0000","11.0000","11.0000","11.0000","11.0000","11.0000","11.0000","11.0000","11.0000","11.2601","15.4571","11.0000","11.0000","11.0000","11.0000","11.0000","11.0000","11.0000","11.0000","11.0000","11.0000","13.2507","14.3069","11.0000","11.0000","11.0000","11.0000","11.0000","11.0000","11.0000","11.0000","34.8995","11.0000","11.4703","13.7949","11.0000","11.0000","11.0000","11.0000","11.0000","11.0000","11.0000","11.0000","11.0000","11.0000","13.8461","15.2849","11.0000","11.0000","11.0000","11.0000","121.6486","11.0000","11.0000","11.0000","11.0000","11.0000","11.0000"
"C:\Users\cfg364\Sommerlab Dropbox\Casper van der Luijt\Casper\Data\BioLog\OmniLog\CL2\DATA_2024\07\_NRRL 471_Aspergillus oryzae__1_30_CL2_769_7#24#2024_A_24B_35.OKA","7/24/2024 10:32:48 PM","24-B","PM01","","NRRL 471","Aspergillus oryzae","",0.2500,"18.8187","96.5711","17.1743","11.0000","12.3273","11.0321","15.5078","11.0000","48.1672","11.9975","15.1188","18.2683","19.3547","11.0000","11.0000","11.0000","13.4778","11.0000","11.0000","97.7115","11.0000","11.0000","11.0000","17.1585","11.3798","11.0000","11.0000","99.7049","11.0000","11.0000","11.0000","11.0000","11.0000","11.0000","11.0000","16.6785","11.0000","11.0000","11.0000","11.0000","11.0000","11.0000","11.0000","11.0000","11.0000","11.0000","11.0000","11.0000","11.0000","11.0000","11.0000","11.0000","11.0000","11.0000","11.0000","11.0000","11.0000","11.0000","11.0000","14.0072","13.1815","11.0000","11.0000","11.0000","11.0000","11.0000","11.0000","11.0000","11.0000","28.9303","11.0000","13.0931","11.0000","11.0000","11.0000","11.0000","11.0000","11.0000","11.0000","11.0000","11.0000","11.0000","11.0000","13.6975","11.0000","11.0000","11.0000","11.0000","11.0000","120.3024","11.0000","11.0000","11.0000","11.0000","11.0000","14.8515"
"C:\Users\cfg364\Sommerlab Dropbox\Casper van der Luijt\Casper\Data\BioLog\OmniLog\CL2\DATA_2024\07\_NRRL 471_Aspergillus oryzae__1_30_CL2_769_7#24#2024_A_24B_35.OKA","7/24/2024 10:32:48 PM","24-B","PM01","","NRRL 471","Aspergillus oryzae","",0.5000,"21.0196","98.7528","13.0774","13.5419","11.0000","15.0598","11.0000","11.0000","50.9965","13.7314","19.4841","20.2341","17.5188","11.0000","11.0000","11.3481","13.1369","11.0000","11.0000","97.3662","11.0000","13.1494","15.8329","15.9040","15.3473","11.0000","11.0000","105.1956","11.0000","11.0000","11.0000","11.0000","11.0000","11.0000","11.0000","11.0000","13.2420","11.0000","11.0000","11.0000","11.0000","11.0000","11.0000","11.0000","11.0000","11.0000","11.0000","14.3676","14.3210","11.0000","11.0000","12.3135","11.0000","11.0000","11.0000","11.0000","11.0000","11.0000","11.0000","12.2336","13.5813","11.0000","11.0000","11.0000","11.0000","11.0000","11.0000","11.0000","11.0000","29.4866","11.0000","16.3070","12.3344","11.0000","11.0000","11.0000","11.0000","11.0000","11.0000","11.0000","11.0000","11.0000","11.0000","17.4586","13.1438","11.0000","11.0000","11.0000","11.7883","125.9849","11.0000","11.0000","11.0000","11.0000","11.0000","17.7082"
"C:\Users\cfg364\Sommerlab Dropbox\Casper van der Luijt\Casper\Data\BioLog\OmniLog\CL2\DATA_2024\07\_NRRL 471_Aspergillus oryzae__1_30_CL2_769_7#24#2024_A_24B_35.OKA","7/24/2024 10:32:48 PM","24-B","PM01","","NRRL 471","Aspergillus oryzae","",0.7500,"19.2645","98.2112","19.0629","11.0000","12.1093","13.2275","12.6066","14.9954","49.5393","12.0740","15.3514","19.9140","19.1707","11.0000","11.1282","11.0000","11.5947","11.0000","11.0000","97.6381","11.0000","11.0000","13.7057","18.3350","15.3726","11.0000","11.0000","104.0145","11.0000","11.0000","11.0000","11.0000","11.0000","11.0000","14.6039","14.5222","11.0000","11.0000","11.0000","11.0000","11.0000","11.0000","11.0000","11.0000","11.0000","11.0000","11.0000","11.0000","12.6584","11.0000","11.0000","11.0000","11.0000","11.0000","11.0000","11.0000","11.0000","11.0000","11.0000","12.1803","12.7314","11.0000","11.0000","11.0000","11.0000","11.0000","11.0000","11.0000","11.0000","30.6563","11.0000","13.7363","13.5969","11.0000","11.0000","11.0000","11.0000","11.0000","11.0000","11.0000","11.0000","11.0000","11.2571","12.2233","11.6199","11.0000","11.0000","11.0000","11.8241","131.6208","11.0000","11.0000","11.0000","11.0000","11.0000","17.8969"
"C:\Users\cfg364\Sommerlab Dropbox\Casper van der Luijt\Casper\Data\BioLog\OmniLog\CL2\DATA_2024\07\_NRRL 471_Aspergillus oryzae__1_30_CL2_769_7#24#2024_A_24B_35.OKA","7/24/2024 10:32:48 PM","24-B","PM01","","NRRL 471","Aspergillus oryzae","",1.0000,"22.5752","98.6536","12.8205","11.0000","12.8054","11.4842","11.3609","11.8645","51.3394","14.5151","16.0390","17.7613","18.6416","11.0000","11.0000","11.0000","11.0000","11.0000","11.0000","99.5362","11.0000","11.0000","16.1573","17.3009","13.5367","11.0000","12.7307","105.1756","11.0000","11.0000","11.0000","11.0000","11.0000","11.0321","11.0000","14.0275","13.7871","11.0000","11.0000","11.0000","11.0000","11.0000","11.0000","11.0000","11.0000","11.0000","11.0000","11.0000","12.9265","11.0000","11.0000","11.0000","11.0000","11.0000","11.0000","11.0000","11.0000","11.0000","11.0000","13.8903","13.8360","11.0000","11.0000","11.4658","11.0000","11.0000","11.0000","11.0000","11.0000","34.0697","11.0963","15.7020","13.6883","11.0000","11.0000","11.0000","11.0000","11.0000","11.0000","11.0000","11.0000","11.0000","11.0000","15.1712","12.9014","11.0000","11.0000","11.0000","11.0000","132.7664","11.0000","11.0000","11.0000","11.0000","11.0000","17.3753"
"C:\Users\cfg364\Sommerlab Dropbox\Casper van der Luijt\Casper\Data\BioLog\OmniLog\CL2\DATA_2024\07\_NRRL 471_Aspergillus oryzae__1_30_CL2_769_7#24#2024_A_24B_35.OKA","7/24/2024 10:32:48 PM","24-B","PM01","","NRRL 471","Aspergillus oryzae","",1.2500,"20.1067","100.9169","12.4638","11.0000","11.0000","11.0000","13.0249","11.0000","51.0567","13.2036","13.7284","19.6466","18.9530","11.0000","11.0000","11.0000","12.3694","11.0000","11.0000","101.5352","11.0000","11.0000","11.8201","13.7419","13.6046","11.0000","11.0000","107.1187","11.0000","11.0000","11.0000","11.0000","11.0000","12.3506","11.0000","12.0566","11.9556","11.0000","11.0000","11.0000","11.0000","11.0000","11.0000","11.0000","11.0000","11.0000","11.0000","11.0000","13.0781","11.0000","11.0000","14.9103","11.0000","11.0000","11.0000","11.0000","11.0000","11.0000","11.0000","14.5108","13.4973","11.0000","11.0000","11.0000","11.0000","11.0000","11.0000","11.0000","11.0000","29.2043","11.7053","14.2586","12.9518","11.0000","11.0000","11.0000","11.0000","11.0000","11.0000","11.0000","11.0000","11.0000","11.0000","15.6738","11.0000","11.0000","11.0000","11.0000","11.0000","131.3903","11.0000","11.0000","11.0000","11.0000","11.0000","15.8391"
"C:\Users\cfg364\Sommerlab Dropbox\Casper van der Luijt\Casper\Data\BioLog\OmniLog\CL2\DATA_2024\07\_NRRL 471_Aspergillus oryzae__1_30_CL2_769_7#24#2024_A_24B_35.OKA","7/24/2024 10:32:48 PM","24-B","PM01","","NRRL 471","Aspergillus oryzae","",1.5000,"21.4432","104.3503","15.0987","11.0000","11.1266","11.0000","11.0000","11.0000","50.7908","11.4674","15.9577","21.1590","22.5708","11.0000","11.0000","11.0000","13.0540","11.0000","11.0000","102.1553","11.0000","12.9312","13.5259","13.8410","11.0000","11.0000","11.0000","111.3828","11.0000","11.0000","11.0000","11.0000","11.0000","11.0000","13.4903","11.0000","13.2617","11.0000","11.0000","11.0000","11.0000","11.0000","11.0000","11.0000","11.0000","11.0000","11.0000","11.0000","11.8251","11.0000","11.0000","14.5975","11.0000","11.0000","11.0000","11.0000","11.0000","11.0000","11.0000","16.1239","11.0000","11.0000","11.0000","11.0000","11.0000","11.0000","11.0000","11.0000","11.0000","30.9229","11.0000","15.1359","12.2199","11.0000","11.0000","11.0000","11.0000","11.0000","11.0000","11.0000","11.0000","11.0000","11.0000","12.0282","11.0000","11.0000","11.0000","11.0000","11.0000","133.0700","11.0000","11.0000","11.0000","11.0000","11.0000","16.3974"
"C:\Users\cfg364\Sommerlab Dropbox\Casper van der Luijt\Casper\Data\BioLog\OmniLog\CL2\DATA_2024\07\_NRRL 471_Aspergillus oryzae__1_30_CL2_769_7#24#2024_A_24B_35.OKA","7/24/2024 10:32:48 PM","24-B","PM01","","NRRL 471","Aspergillus oryzae","",1.7500,"19.3297","100.2043","15.8469","11.0000","12.6459","11.6143","16.8461","11.0667","48.8295","13.0701","15.1259","20.3042","19.1089","11.0000","11.0000","12.7496","13.1474","11.0000","11.0000","101.8290","11.0000","11.0000","15.0020","14.8982","13.4458","11.0000","11.0000","111.6714","14.2987","11.0000","11.0000","11.0000","11.0000","11.0000","11.0000","12.0235","11.0000","11.0000","11.0000","11.0000","11.0000","11.0000","11.0000","11.0000","11.0000","11.0000","11.0000","11.0000","15.6757","11.0000","11.0000","12.2826","11.0000","11.0000","11.0000","11.0000","11.0000","11.0000","11.0000","16.6932","11.9866","11.0000","11.0000","11.0000","11.0000","11.0000","11.0000","11.0000","11.0000","30.6364","11.0000","14.6346","13.1043","11.0000","11.0000","11.0000","11.0000","11.0000","11.0000","11.0000","11.0000","11.0000","11.0000","13.5238","11.0000","11.0000","11.0000","11.0000","11.0000","133.5222","11.0000","11.0000","11.0000","11.0000","11.0000","14.3501"
"C:\Users\cfg364\Sommerlab Dropbox\Casper van der Luijt\Casper\Data\BioLog\OmniLog\CL2\DATA_2024\07\_NRRL 471_Aspergillus oryzae__1_30_CL2_769_7#24#2024_A_24B_35.OKA","7/24/2024 10:32:48 PM","24-B","PM01","","NRRL 471","Aspergillus oryzae","",2.0000,"19.0463","104.5431","15.0563","11.0000","11.0000","14.0998","11.0000","14.8241","53.7777","11.4359","16.1285","20.5343","21.8560","11.0000","11.0000","11.0000","11.0000","11.0000","11.0000","105.4625","11.0000","11.0000","14.6794","18.4556","12.2945","11.0000","11.0000","111.5590","11.0000","11.9777","11.0000","11.0000","11.0000","11.0000","16.5837","16.1079","12.9402","11.0000","11.0000","11.0000","11.0000","11.0000","11.0000","11.0000","11.0000","11.0000","11.0000","11.0000","11.5818","11.0000","11.0000","14.7952","11.0000","11.0000","11.0000","11.0000","11.0000","11.0000","11.0000","14.9876","13.8368","11.0000","11.0000","11.0000","11.0000","11.0000","11.0000","11.0000","11.0000","28.3064","11.0000","16.9996","11.0000","11.0000","11.0000","11.0000","11.0000","11.0000","11.0000","11.0000","11.0000","11.0000","11.0000","14.9848","11.0000","11.0000","11.0000","11.0000","11.0000","134.4277","11.0000","11.0000","11.0000","11.0000","11.4118","19.1749"
"C:\Users\cfg364\Sommerlab Dropbox\Casper van der Luijt\Casper\Data\BioLog\OmniLog\CL2\DATA_2024\07\_NRRL 471_Aspergillus oryzae__1_30_CL2_769_7#24#2024_A_24B_35.OKA","7/24/2024 10:32:48 PM","24-B","PM01","","NRRL 471","Aspergillus oryzae","",2.2500,"20.0406","103.8430","14.0788","11.0000","11.0000","11.0000","11.0000","11.0000","50.0388","13.4990","15.1026","20.8959","19.3738","11.0000","11.0000","11.0000","11.0000","11.0000","11.0000","102.2765","11.0000","11.0000","11.0000","16.5105","14.8988","11.0000","11.0000","107.0754","11.0000","11.0000","11.0000","11.0000","11.0000","11.0000","11.8674","14.0301","16.2711","11.0000","11.0000","11.0000","11.0000","11.0000","11.0000","11.0000","11.0000","11.0000","11.0000","11.0000","13.6843","11.0000","11.0000","11.0000","11.0000","11.0000","11.0000","11.0000","11.0000","11.0000","11.0000","16.7108","13.6206","11.0000","11.0000","11.0000","11.0000","11.0000","11.0000","11.0000","11.0000","32.8588","11.0000","13.2219","14.3289","11.0000","11.0000","11.0000","11.0000","11.0000","11.0000","11.0000","11.0000","11.0000","11.0000","13.4867","13.2164","11.0000","11.0000","11.0000","11.0000","136.6811","11.0000","11.0000","11.0000","11.0000","11.0000","13.6409"
"C:\Users\cfg364\Sommerlab Dropbox\Casper van der Luijt\Casper\Data\BioLog\OmniLog\CL2\DATA_2024\07\_NRRL 471_Aspergillus oryzae__1_30_CL2_769_7#24#2024_A_24B_35.OKA","7/24/2024 10:32:48 PM","24-B","PM01","","NRRL 471","Aspergillus oryzae","",2.5000,"21.1324","104.3423","14.7570","11.5042","13.8392","11.0000","11.6199","14.5304","47.3847","11.2349","11.0000","19.3507","20.0512","12.5570","11.7681","11.0000","11.0000","11.0000","11.7053","106.8384","11.0000","12.1744","11.8198","23.3964","13.8179","11.0000","11.0000","111.3208","11.0000","13.9865","11.0000","11.0000","11.0000","11.0000","12.2899","11.2633","14.9308","11.0000","11.0000","11.0000","11.0000","11.0000","11.0000","11.0000","11.0000","11.0000","11.0000","11.0000","14.7570","11.0000","11.0000","14.7633","11.0000","11.0000","11.0000","11.0000","11.0000","11.0000","11.0000","17.2892","14.5954","11.0000","11.0000","11.0000","11.0000","11.0000","11.0000","11.0000","11.0000","28.7721","11.0000","15.8600","17.1815","11.0000","11.0000","11.0000","11.0000","11.0000","11.5336","11.0000","11.0000","11.0000","11.0000","17.5304","12.1124","11.0000","11.0000","11.0000","11.0000","133.8301","11.0000","11.0000","11.0000","11.0000","11.0000","17.2947"
"C:\Users\cfg364\Sommerlab Dropbox\Casper van der Luijt\Casper\Data\BioLog\OmniLog\CL2\DATA_2024\07\_NRRL 471_Aspergillus oryzae__1_30_CL2_769_7#24#2024_A_24B_35.OKA","7/24/2024 10:32:48 PM","24-B","PM01","","NRRL 471","Aspergillus oryzae","",2.7500,"23.5018","105.0832","13.4766","11.0000","11.0000","11.3227","15.4716","11.0000","49.2308","15.3997","16.8751","21.1590","20.2276","11.0000","11.0000","11.0000","12.2133","11.0000","11.0000","107.6499","11.0000","11.0000","13.5459","17.1170","16.7864","11.0000","11.0000","113.4718","11.0000","11.0000","11.0000","11.0000","11.0000","11.0000","11.2249","14.3165","12.4879","11.0000","11.0000","11.0000","11.0000","11.0000","11.0000","11.0000","11.0000","11.0000","11.0000","12.1687","13.5095","11.0000","11.0000","12.6069","11.0000","11.0000","11.0000","11.0000","11.0000","11.0000","11.0000","13.8701","14.1110","11.0000","11.0000","11.0000","11.0000","11.0000","11.0000","11.0000","11.0000","32.4900","11.0000","13.7379","14.0455","11.0000","11.0000","11.0000","11.0000","11.0000","11.0000","11.0000","11.0000","11.0000","11.0000","14.0450","12.8127","11.0000","11.0000","11.0000","11.0000","134.5480","11.0000","11.0000","11.0000","11.0000","13.2070","16.9114"
"C:\Users\cfg364\Sommerlab Dropbox\Casper van der Luijt\Casper\Data\BioLog\OmniLog\CL2\DATA_2024\07\_NRRL 471_Aspergillus oryzae__1_30_CL2_769_7#24#2024_A_24B_35.OKA","7/24/2024 10:32:48 PM","24-B","PM01","","NRRL 471","Aspergillus oryzae","",3.0000,"20.8780","102.5834","15.7887","14.6239","13.8382","11.4185","11.0000","11.0000","49.4354","11.7041","13.4672","21.3018","17.4583","11.0000","11.0000","11.0000","11.0000","11.0000","11.0000","105.9904","11.0000","11.0000","11.0000","16.2701","16.5611","11.0000","11.0000","112.7262","11.0000","11.0000","11.0000","11.0000","11.0000","11.0000","12.8656","14.4013","12.7773","11.0000","11.0000","11.0000","11.0000","11.0000","11.0000","11.0000","11.0000","11.0000","11.0000","11.0000","14.8470","11.0000","11.0000","13.1289","11.0000","11.0000","11.0000","11.0000","11.0000","11.0000","11.0000","12.2976","16.8337","11.0000","11.0000","11.0000","11.0000","11.0000","11.0000","11.0000","11.0000","29.1076","11.0000","13.6285","13.5878","11.0000","11.0000","11.0000","11.0000","11.0000","11.0000","11.0000","11.0000","11.0000","11.0000","11.0000","12.0770","11.0000","11.0000","11.0000","11.0000","135.5829","11.0000","11.0000","11.0000","11.0000","13.2705","15.4281"
"C:\Users\cfg364\Sommerlab Dropbox\Casper van der Luijt\Casper\Data\BioLog\OmniLog\CL2\DATA_2024\07\_NRRL 471_Aspergillus oryzae__1_30_CL2_769_7#24#2024_A_24B_35.OKA","7/24/2024 10:32:48 PM","24-B","PM01","","NRRL 471","Aspergillus oryzae","",3.2500,"21.2805","103.4266","11.3883","14.4990","14.8158","11.0000","11.1636","11.0000","51.3489","11.0000","16.2679","20.1207","19.9543","11.0000","11.0000","11.0000","11.0000","11.0000","11.0000","108.6589","11.0000","11.0000","11.0000","15.5784","18.5091","11.0000","11.0000","113.8189","11.0000","11.0000","11.0000","11.0000","11.0000","11.0000","11.9971","11.1321","11.0635","11.0000","11.0000","11.0000","11.0000","11.0000","11.0000","11.0000","11.0000","11.0000","11.0000","11.0982","15.3050","11.0000","11.0000","14.8195","11.0000","11.0000","11.0000","11.0000","11.0000","11.0000","11.0000","14.6395","16.7416","11.0000","11.0000","11.0000","11.0000","11.0000","11.0000","11.0000","11.0000","25.9027","11.0000","13.4094","14.4097","11.0000","11.0000","11.0000","11.0000","11.0000","11.0000","11.0000","11.0000","11.0000","11.0000","13.5880","14.9389","11.0000","11.0000","11.0000","11.0000","137.4846","11.0000","11.0000","11.0000","11.0000","11.0000","17.2550"
"C:\Users\cfg364\Sommerlab Dropbox\Casper van der Luijt\Casper\Data\BioLog\OmniLog\CL2\DATA_2024\07\_NRRL 471_Aspergillus oryzae__1_30_CL2_769_7#24#2024_A_24B_35.OKA","7/24/2024 10:32:48 PM","24-B","PM01","","NRRL 471","Aspergillus oryzae","",3.5000,"19.2651","106.1507","16.2817","11.0000","12.4172","12.1627","11.0000","12.4810","42.9594","20.0440","18.0402","17.7276","18.6149","11.0000","11.0000","11.6038","11.0000","11.0000","11.0000","108.9849","11.0000","11.0000","11.0000","17.1892","13.4619","11.0000","11.0000","111.5785","11.0000","11.0000","11.0000","11.0000","11.0000","11.0000","11.0000","11.0000","12.1123","11.0000","11.0000","11.0000","11.0000","11.0000","11.0000","11.0000","11.0000","11.0000","11.0000","11.0000","11.5810","11.0000","11.0000","12.5708","11.0000","11.0000","11.0000","11.0000","11.0000","11.0000","11.0000","13.3143","14.7785","11.0000","11.0000","11.0000","11.0000","11.0000","11.0000","11.0000","11.0000","28.1982","11.0000","13.6287","13.9569","11.0000","11.0000","11.0000","11.0000","11.0000","11.0000","11.0000","11.0000","11.0000","11.0000","11.3111","19.0563","11.0000","11.0000","11.0000","11.0000","139.1283","11.0000","11.0000","11.0000","11.0000","11.0000","17.8045"
"C:\Users\cfg364\Sommerlab Dropbox\Casper van der Luijt\Casper\Data\BioLog\OmniLog\CL2\DATA_2024\07\_NRRL 471_Aspergillus oryzae__1_30_CL2_769_7#24#2024_A_24B_35.OKA","7/24/2024 10:32:48 PM","24-B","PM01","","NRRL 471","Aspergillus oryzae","",3.7500,"19.7933","102.5834","13.7543","11.0000","14.5272","11.0000","12.9259","12.9417","44.9652","17.0624","19.2689","17.0979","20.7059","11.0000","11.0000","11.0000","11.0000","11.0000","11.0000","110.5038","11.0000","12.4103","11.0000","12.2577","15.8608","11.0000","11.0000","112.7793","11.0000","11.0000","11.0000","11.0000","11.0000","11.0000","12.1899","11.7263","11.6038","11.0000","11.0000","11.0000","11.0000","11.0000","11.0000","11.0000","11.0000","11.0000","11.0000","11.0000","14.1495","11.0000","11.0000","13.0421","11.0000","11.0000","11.0000","11.0000","11.0000","11.0000","11.0000","14.4555","14.0105","11.0000","11.7629","11.0000","11.0000","11.0000","11.0000","11.0000","11.0000","26.9835","11.0000","13.3470","16.3346","11.0000","11.0000","11.0000","11.0000","11.0000","11.0000","11.0000","11.0000","11.0000","11.0000","13.7064","15.1502","11.0000","11.0000","11.0000","11.0000","139.8335","11.0000","11.0000","11.0000","11.0000","11.0000","15.3610"
"C:\Users\cfg364\Sommerlab Dropbox\Casper van der Luijt\Casper\Data\BioLog\OmniLog\CL2\DATA_2024\07\_NRRL 471_Aspergillus oryzae__1_30_CL2_769_7#24#2024_A_24B_35.OKA","7/24/2024 10:32:48 PM","24-B","PM01","","NRRL 471","Aspergillus oryzae","",4.0000,"19.9753","104.8501","11.0000","11.0000","12.3920","12.3531","19.0341","15.5944","49.9713","13.6975","18.3202","22.7946","22.8912","11.0000","11.0000","11.0000","13.6907","11.0000","15.2127","106.4921","11.0000","11.0000","11.0000","15.9357","12.4243","11.0000","11.0000","112.4930","11.0000","12.0415","11.0000","11.0000","11.0000","11.0000","12.0955","11.4290","11.4446","11.0000","11.0000","11.0000","11.0000","11.0000","11.0000","11.0000","11.0000","11.0000","11.0000","13.9541","12.4729","11.0000","11.0000","11.5676","11.0000","11.0000","11.0000","11.0000","11.0000","11.0000","11.2261","12.2091","13.8998","11.0000","11.0000","11.0000","11.0000","11.0000","11.0000","11.0000","11.0000","30.3807","11.0000","15.2607","13.1917","11.0000","11.0000","11.0000","11.0000","11.0000","11.0000","11.0000","11.0000","11.0000","11.0000","13.2467","14.9318","11.0000","11.0000","11.0000","11.0000","139.7937","11.0000","11.0000","11.0000","11.0000","11.4123","15.3472"
"C:\Users\cfg364\Sommerlab Dropbox\Casper van der Luijt\Casper\Data\BioLog\OmniLog\CL2\DATA_2024\07\_NRRL 471_Aspergillus oryzae__1_30_CL2_769_7#24#2024_A_24B_35.OKA","7/24/2024 10:32:48 PM","24-B","PM01","","NRRL 471","Aspergillus oryzae","",4.2500,"20.3550","108.0370","15.1146","11.0000","11.0000","11.0000","14.2610","11.0000","50.1430","11.9030","17.8288","25.5213","20.9583","11.0000","11.0000","11.0000","13.2147","11.0000","11.0000","108.4508","11.0000","11.0000","12.9427","14.5689","13.4451","11.0000","11.0000","118.4225","11.0000","12.1078","11.0000","11.0000","11.0000","11.0000","14.0465","13.7324","13.9842","11.0000","11.0000","11.0000","11.0000","11.0000","11.0000","11.0000","11.0000","11.0000","11.0000","12.8273","12.4978","11.0000","11.0000","11.0000","11.0000","11.0000","11.0000","11.0000","11.0000","11.0000","11.0000","11.6952","11.0000","11.0000","11.0000","11.0000","11.0000","11.0000","11.0000","11.0000","11.0000","32.9367","11.0000","16.8711","16.4261","11.0000","11.0000","11.0000","11.0000","11.0000","11.0000","11.0000","11.0000","11.0000","11.0000","12.0933","14.2941","11.0000","11.0000","11.0000","11.0000","139.9591","11.0000","11.0000","11.0000","11.0000","11.0000","15.7589"
"C:\Users\cfg364\Sommerlab Dropbox\Casper van der Luijt\Casper\Data\BioLog\OmniLog\CL2\DATA_2024\07\_NRRL 471_Aspergillus oryzae__1_30_CL2_769_7#24#2024_A_24B_35.OKA","7/24/2024 10:32:48 PM","24-B","PM01","","NRRL 471","Aspergillus oryzae","",4.5000,"21.3871","110.4105","11.0000","11.0000","12.9813","12.0980","13.0272","11.2656","52.5334","16.9761","14.4639","19.4051","21.6646","11.0000","11.0000","11.0000","11.0000","11.0000","11.0000","107.5347","11.0000","11.0000","11.0000","16.6943","13.5633","11.0000","11.0000","118.9119","11.0000","11.0000","11.0000","11.0000","11.0000","11.0000","11.7073","15.0774","14.1907","11.0000","11.0000","11.0000","11.0000","11.0000","11.0000","11.0000","11.0000","11.0000","11.0000","11.6212","14.6445","11.0000","11.0000","11.0000","11.0000","11.0000","11.0000","11.0000","11.0000","11.0000","11.0000","13.3762","12.2057","11.0000","11.0000","11.0000","11.0000","11.0000","11.0000","11.0000","11.0000","28.7618","11.0000","16.3623","13.9327","11.0000","11.0000","11.0000","11.0000","11.0000","11.0000","11.0000","11.0000","11.0000","11.0000","14.5497","13.7135","11.0000","11.0000","11.0000","11.5360","141.9451","11.0000","11.0000","11.0000","11.0000","11.4107","15.9011"
"C:\Users\cfg364\Sommerlab Dropbox\Casper van der Luijt\Casper\Data\BioLog\OmniLog\CL2\DATA_2024\07\_NRRL 471_Aspergillus oryzae__1_30_CL2_769_7#24#2024_A_24B_35.OKA","7/24/2024 10:32:48 PM","24-B","PM01","","NRRL 471","Aspergillus oryzae","",4.7500,"22.7745","111.3274","11.5195","11.3460","14.3730","11.5147","12.1064","11.2639","46.5467","11.8032","17.5466","22.2222","20.6916","11.0000","11.0000","11.0000","11.4674","11.0000","11.0000","109.9859","11.0000","11.0000","11.0000","18.2466","15.3403","11.0000","11.0000","117.0965","11.0000","11.0000","11.0000","11.0000","11.0000","11.0000","16.9989","18.1097","13.9967","11.0000","11.0000","11.0000","11.0000","11.0000","11.0000","11.0000","11.0000","11.0000","11.0000","13.8006","14.2655","11.0000","11.0000","13.5735","11.0000","11.0000","11.0000","11.0000","11.0000","11.0000","11.0000","18.9528","12.9115","11.0000","11.0000","11.0000","11.0000","11.0000","11.0000","11.0000","11.0000","29.1988","11.0000","17.8235","13.6505","11.0000","11.0000","11.0000","11.0000","11.0000","11.0000","11.0000","11.0000","11.0000","11.0000","15.5966","13.1027","11.0000","11.0000","11.0000","11.5099","140.0508","11.0000","11.0000","11.0000","11.0000","11.0000","16.1791"
"C:\Users\cfg364\Sommerlab Dropbox\Casper van der Luijt\Casper\Data\BioLog\OmniLog\CL2\DATA_2024\07\_NRRL 471_Aspergillus oryzae__1_30_CL2_769_7#24#2024_A_24B_35.OKA","7/24/2024 10:32:48 PM","24-B","PM01","","NRRL 471","Aspergillus oryzae","",5.0000,"20.3485","110.0623","13.0111","11.0000","11.6960","11.0000","14.8853","14.2895","49.0211","11.9326","15.1294","23.6277","19.6728","11.0000","11.0000","11.0000","14.0277","11.0000","11.0000","110.7130","11.0000","11.0000","11.0000","14.0971","14.1641","11.0000","11.6592","117.3469","11.0000","11.1899","11.0000","11.0000","11.0000","11.0000","11.2252","14.3683","15.2123","11.0000","11.0000","11.0000","11.0000","11.0000","11.0000","11.0000","11.0000","11.0000","11.0000","11.0000","12.7136","11.0000","11.0000","11.0000","11.0000","11.0000","11.0000","11.0000","11.0000","11.0000","11.9661","16.9735","12.9477","11.0000","11.0000","11.0000","11.0000","11.0000","11.0000","11.0000","11.0000","28.0360","11.0000","14.2526","14.7783","11.0000","11.0000","11.0000","11.0000","11.0000","11.0000","11.0000","11.0000","11.0000","11.0000","11.8114","15.4756","11.0000","11.0000","11.0000","11.0000","140.5595","11.0000","11.0000","11.0000","11.0000","11.0000","15.4223"
"C:\Users\cfg364\Sommerlab Dropbox\Casper van der Luijt\Casper\Data\BioLog\OmniLog\CL2\DATA_2024\07\_NRRL 471_Aspergillus oryzae__1_30_CL2_769_7#24#2024_A_24B_35.OKA","7/24/2024 10:32:48 PM","24-B","PM01","","NRRL 471","Aspergillus oryzae","",5.2500,"19.2594","107.0559","16.5414","11.0000","11.6014","13.0631","11.0000","13.2773","46.0862","17.0690","11.0000","19.5329","23.2050","11.0000","11.0000","11.0000","12.9971","11.0000","11.0000","111.3973","11.0000","11.6863","11.0000","11.1994","12.1725","11.0000","11.0000","117.3385","11.0000","11.3777","11.0000","11.0000","11.0000","11.0000","12.1251","13.2082","11.2851","11.0000","11.0000","11.0000","11.0000","11.0000","11.0000","11.0000","11.0000","11.0000","11.0000","11.0000","13.2590","11.0000","11.0000","11.3154","11.0000","11.0000","11.0000","11.0000","11.0000","11.0000","13.4013","11.0319","11.4040","11.0000","11.0000","11.0000","11.0000","11.0000","11.0000","11.0000","11.0000","27.0196","11.0000","14.6333","14.2394","11.0000","11.0000","11.0000","11.0000","11.0000","11.0000","11.0000","11.0000","11.0000","11.0000","11.0000","14.4081","11.0000","11.0000","11.0000","11.0000","143.4327","11.0000","11.0000","11.0000","11.0000","11.5382","16.7165"
"C:\Users\cfg364\Sommerlab Dropbox\Casper van der Luijt\Casper\Data\BioLog\OmniLog\CL2\DATA_2024\07\_NRRL 471_Aspergillus oryzae__1_30_CL2_769_7#24#2024_A_24B_35.OKA","7/24/2024 10:32:48 PM","24-B","PM01","","NRRL 471","Aspergillus oryzae","",5.5000,"19.4313","111.7250","11.0000","11.3152","11.0000","11.0000","11.0000","11.0000","44.4711","11.0000","16.6987","23.0605","22.5259","11.0000","11.0000","11.0000","11.0000","11.0000","11.0000","109.9165","11.0000","11.0000","11.0000","15.5894","15.3658","11.0000","11.0000","117.4196","11.0000","11.0000","11.0000","11.0000","11.0000","11.0000","11.8047","16.4449","11.0000","11.0000","11.0000","11.0000","11.0000","11.0000","11.0000","11.0000","11.0000","11.0000","11.0000","11.0000","13.6595","11.0000","11.0000","17.9197","11.0000","11.0000","11.0000","11.0000","11.0000","11.0000","11.0000","12.1165","14.3022","11.0000","11.0000","11.0000","11.0000","11.0000","11.0000","11.0000","11.0000","27.4940","11.0000","14.1121","15.2843","11.0000","11.0000","11.0000","11.0000","11.0000","11.0000","11.0000","11.0000","11.0000","11.0000","11.0000","13.9679","11.0000","11.0000","11.0000","11.0000","144.5529","11.0000","11.0000","11.0000","11.0000","11.0000","16.0943"
"C:\Users\cfg364\Sommerlab Dropbox\Casper van der Luijt\Casper\Data\BioLog\OmniLog\CL2\DATA_2024\07\_NRRL 471_Aspergillus oryzae__1_30_CL2_769_7#24#2024_A_24B_35.OKA","7/24/2024 10:32:48 PM","24-B","PM01","","NRRL 471","Aspergillus oryzae","",5.7500,"24.6158","108.7532","13.7342","11.0000","14.7214","11.1934","13.0241","11.0000","50.3408","18.9957","14.8285","20.8669","21.6650","11.0000","12.2769","11.0000","13.6991","11.0000","11.0000","111.7160","11.0000","11.0000","11.0000","17.5217","14.3848","11.0000","11.0000","118.9658","11.7149","11.0000","11.0000","11.0000","11.0000","11.0000","11.4513","11.6566","11.4790","11.0000","11.0000","11.0000","11.0000","11.0000","11.0000","11.0000","11.0000","11.0000","11.0000","11.0000","13.9697","11.0000","11.0000","14.0485","11.0000","11.0000","11.0000","11.0000","11.0000","11.0000","11.0000","14.2595","16.6416","11.0000","11.0000","11.0000","11.0000","11.0000","11.0000","11.0000","11.0000","32.5967","11.0000","12.4431","11.3659","11.0000","11.0000","11.0000","11.0000","11.0000","12.5408","11.0000","11.0000","11.0000","11.0000","11.5934","13.5886","11.0000","11.0000","11.0000","11.0000","145.9308","11.0000","11.0000","11.0000","11.0000","11.0000","17.3525"
"C:\Users\cfg364\Sommerlab Dropbox\Casper van der Luijt\Casper\Data\BioLog\OmniLog\CL2\DATA_2024\07\_NRRL 471_Aspergillus oryzae__1_30_CL2_769_7#24#2024_A_24B_35.OKA","7/24/2024 10:32:48 PM","24-B","PM01","","NRRL 471","Aspergillus oryzae","",6.0000,"24.6777","106.8759","13.4738","11.6315","14.9422","14.9976","12.5018","11.0000","52.5264","16.9387","17.6250","19.5885","15.4228","11.0000","11.9257","11.0000","15.2813","11.0000","11.0000","113.7608","11.0000","11.0000","11.0000","18.1476","18.4023","11.0000","11.0000","118.4478","11.0000","11.0000","11.0000","11.0000","11.0000","11.0000","13.6436","15.4979","11.0000","11.0000","11.0000","11.0000","11.0000","11.0000","11.0000","11.0000","11.0000","11.0000","11.0000","12.7278","13.4186","11.0000","11.0000","11.0000","11.0000","11.0000","11.0000","11.0000","11.0000","11.0000","11.0000","14.9873","15.1310","11.0000","11.0000","11.0000","11.0000","11.0000","11.0000","11.0000","11.0000","27.1578","11.0000","13.8235","12.8907","11.0000","11.0000","11.0000","11.0000","11.0000","11.0000","11.0000","11.0000","11.0000","11.0000","11.4997","15.6842","11.0000","11.0000","11.0000","11.0000","144.9028","11.0000","11.0000","11.0000","11.0000","12.1724","15.6482"
"C:\Users\cfg364\Sommerlab Dropbox\Casper van der Luijt\Casper\Data\BioLog\OmniLog\CL2\DATA_2024\07\_NRRL 471_Aspergillus oryzae__1_30_CL2_769_7#24#2024_A_24B_35.OKA","7/24/2024 10:32:48 PM","24-B","PM01","","NRRL 471","Aspergillus oryzae","",6.2500,"20.0353","108.5484","14.0830","11.0000","15.5966","11.0000","12.7978","11.0000","50.2668","17.7254","17.3542","19.4513","21.0362","11.0000","11.0000","11.0000","13.1540","11.0000","11.0000","114.1271","11.0000","11.0000","11.7568","22.6564","19.8109","11.0000","11.0000","118.7901","11.0000","11.0000","11.0000","11.0000","11.0000","11.0000","11.0000","15.8594","12.6483","11.0000","11.0000","11.0000","11.0000","11.0000","11.0000","11.0000","11.0000","11.0000","11.0000","12.5927","16.4862","11.0000","11.0000","11.0948","11.0000","11.0000","11.0000","11.0000","11.0000","11.0000","11.0000","14.7114","14.0467","11.0000","11.0000","11.0000","11.0000","11.0000","11.0000","11.0000","11.0000","29.1878","11.0000","11.0000","15.6730","11.0000","11.0000","11.0000","11.0000","11.0000","11.0000","11.0000","11.0000","11.0000","11.0000","11.9622","12.2077","11.0000","11.0000","11.0000","11.0000","146.1877","11.0000","11.0000","11.0000","11.0000","11.0000","14.4512"
"C:\Users\cfg364\Sommerlab Dropbox\Casper van der Luijt\Casper\Data\BioLog\OmniLog\CL2\DATA_2024\07\_NRRL 471_Aspergillus oryzae__1_30_CL2_769_7#24#2024_A_24B_35.OKA","7/24/2024 10:32:48 PM","24-B","PM01","","NRRL 471","Aspergillus oryzae","",6.5000,"21.0910","110.4281","15.2838","11.0000","12.4797","11.0000","11.3269","11.0000","49.5733","13.9965","19.1082","17.8400","22.3101","11.0000","11.0000","11.0000","13.5286","11.0000","11.0000","111.1253","11.0000","12.1813","11.7897","19.1202","17.5138","11.0000","11.0000","121.8541","11.1871","11.0000","11.0000","11.0000","11.0000","11.0000","11.0000","13.8565","12.2362","11.0000","11.0000","11.0000","11.0000","11.0000","11.0000","11.0000","11.0000","11.0000","11.0000","13.1453","16.6996","11.0000","11.0000","11.0000","11.0000","11.0000","11.0000","11.0000","11.0000","11.0000","11.0000","11.9834","15.6470","11.0000","11.0000","11.0000","11.0000","11.0000","11.0000","11.0000","11.0000","26.9503","11.0000","15.0817","13.9932","11.0000","11.0000","11.0000","11.0000","11.0000","11.0000","11.0000","11.0000","11.0000","11.0000","13.7624","11.0000","11.0000","11.0000","11.0000","11.0000","145.1562","11.0000","11.0000","11.0000","11.0000","11.0000","14.3269"
"C:\Users\cfg364\Sommerlab Dropbox\Casper van der Luijt\Casper\Data\BioLog\OmniLog\CL2\DATA_2024\07\_NRRL 471_Aspergillus oryzae__1_30_CL2_769_7#24#2024_A_24B_35.OKA","7/24/2024 10:32:48 PM","24-B","PM01","","NRRL 471","Aspergillus oryzae","",6.7500,"25.9134","108.9086","15.6005","11.3455","11.7598","14.3866","11.0000","11.2974","41.8419","13.3422","20.2889","19.0719","19.2691","11.0000","11.0000","11.0000","11.0000","11.0000","13.3415","111.5481","11.0000","11.0000","11.0000","22.3666","15.9759","11.0000","11.0000","122.4453","11.0000","11.0000","11.0000","11.0000","11.0000","11.0000","14.1141","14.6928","13.9582","11.0000","11.0000","11.0000","11.0000","11.0000","11.0000","11.0000","11.0000","11.0000","11.0000","12.5990","13.4595","11.0000","11.0000","13.2319","11.0000","11.0000","11.0000","11.0000","11.0000","11.0000","11.0000","13.3871","14.6879","11.0000","11.0000","11.0000","11.0000","11.0000","11.0000","11.0000","11.0000","29.2284","11.0000","17.5048","14.3217","11.0000","11.0000","11.0000","11.0000","11.0000","12.1993","11.0000","11.0000","11.0000","11.0000","14.6033","13.3508","11.0000","11.0000","11.0000","11.0000","142.8485","11.0000","11.0000","11.0000","11.0000","13.1384","15.4061"
"C:\Users\cfg364\Sommerlab Dropbox\Casper van der Luijt\Casper\Data\BioLog\OmniLog\CL2\DATA_2024\07\_NRRL 471_Aspergillus oryzae__1_30_CL2_769_7#24#2024_A_24B_35.OKA","7/24/2024 10:32:48 PM","24-B","PM01","","NRRL 471","Aspergillus oryzae","",7.0000,"18.1589","109.5855","12.6261","12.1667","15.0808","11.0000","11.0000","11.0000","46.9468","15.5086","15.7966","22.0105","19.6089","11.0000","11.0000","11.0000","11.8115","11.0000","11.0000","114.8271","11.0000","11.0000","13.9976","18.1009","13.8131","11.0000","11.0000","126.6318","11.0000","11.0000","11.0000","11.0000","11.0000","11.4497","12.1250","12.8101","14.5093","11.0000","11.0000","11.0000","11.0000","11.0000","11.0000","11.0000","11.0000","11.0000","11.0000","13.1582","16.0741","11.0000","11.0000","13.3501","11.0000","11.0000","11.0000","11.0000","11.0000","11.0000","11.0000","13.6323","13.5584","11.0000","11.0000","11.0000","11.0000","11.0000","11.0000","11.0000","11.0000","31.3106","11.0000","13.4422","11.0000","11.0000","11.0000","11.0000","11.0000","11.0000","11.0000","11.0000","11.0000","11.0000","11.0000","17.5570","11.0000","11.0000","11.0000","11.0000","11.0000","142.8687","11.0000","11.0000","11.0000","11.0000","12.8047","16.0124"
"C:\Users\cfg364\Sommerlab Dropbox\Casper van der Luijt\Casper\Data\BioLog\OmniLog\CL2\DATA_2024\07\_NRRL 471_Aspergillus oryzae__1_30_CL2_769_7#24#2024_A_24B_35.OKA","7/24/2024 10:32:48 PM","24-B","PM01","","NRRL 471","Aspergillus oryzae","",7.2500,"18.8779","112.2430","11.0000","11.0000","12.5817","11.0967","12.0160","13.2489","47.5762","17.5971","14.3976","23.4808","18.0124","11.0000","11.0000","11.0000","13.7154","11.0000","11.0000","114.6656","11.0000","11.0000","11.0000","17.0160","13.4654","11.0000","11.0000","120.0188","11.0000","13.2387","11.0000","11.0000","11.0000","11.0000","11.0000","16.0023","13.4344","11.0000","11.0000","11.0000","11.0000","11.0000","11.0000","11.0000","11.0000","11.0000","11.0000","12.9293","13.0480","11.0000","11.0000","12.7234","11.0000","11.0000","11.0000","11.0000","11.0000","11.0000","11.0000","16.2645","14.2057","11.0000","11.0000","11.0000","11.0000","11.0000","11.0000","11.0000","11.0000","32.8022","11.0000","14.5380","12.7470","11.0000","11.0000","11.0000","11.0000","11.0000","11.0000","11.0000","11.0000","11.0000","11.0000","15.2992","12.7905","11.0000","11.0000","11.0000","11.0000","144.0975","11.0000","11.0000","11.0000","11.0000","12.2348","15.6720"
"C:\Users\cfg364\Sommerlab Dropbox\Casper van der Luijt\Casper\Data\BioLog\OmniLog\CL2\DATA_2024\07\_NRRL 471_Aspergillus oryzae__1_30_CL2_769_7#24#2024_A_24B_35.OKA","7/24/2024 10:32:48 PM","24-B","PM01","","NRRL 471","Aspergillus oryzae","",7.5000,"19.8470","112.2754","12.7237","11.8199","12.6766","12.0316","11.0000","12.5544","47.7419","16.5031","16.6627","25.8005","21.4560","11.0000","11.0000","11.0000","16.3059","11.0000","11.0000","117.7346","11.0000","11.0000","11.0000","16.8516","13.3074","11.0000","11.0000","123.0043","11.0000","11.1892","11.0000","11.0000","11.0000","11.0000","12.9286","11.0000","13.8770","11.0000","11.0000","11.0000","11.0000","11.0000","11.0000","11.0000","11.0000","11.0000","11.0000","11.1962","12.2532","11.0000","11.0000","11.3760","11.0000","11.0000","11.0000","11.0000","11.0000","11.0000","11.0000","14.0763","14.5756","11.0000","11.0000","11.0000","11.0000","11.0000","11.0000","11.0000","11.0000","34.3572","11.0000","14.3502","11.4597","11.0000","11.0000","11.0000","11.0000","11.0000","11.0000","11.0000","11.0000","11.0000","11.0000","14.0311","14.3341","11.0000","11.0000","11.0000","11.0000","146.6197","11.0000","11.0000","11.0000","11.0000","13.8179","17.1572"
"C:\Users\cfg364\Sommerlab Dropbox\Casper van der Luijt\Casper\Data\BioLog\OmniLog\CL2\DATA_2024\07\_NRRL 471_Aspergillus oryzae__1_30_CL2_769_7#24#2024_A_24B_35.OKA","7/24/2024 10:32:48 PM","24-B","PM01","","NRRL 471","Aspergillus oryzae","",7.7500,"19.8470","110.8494","11.5854","11.0000","11.0000","14.7071","11.4916","11.0000","47.6094","14.9782","15.2303","22.4026","18.2002","11.0000","11.1606","11.0000","14.2459","11.0000","11.0000","116.7331","11.0000","11.0000","12.8776","20.5336","14.0660","11.0000","11.0000","121.3671","11.0000","11.9774","11.0000","11.0000","11.0000","11.0000","15.2108","15.5087","15.1099","11.0000","11.0000","11.0000","11.0000","11.0000","11.0000","11.0000","11.0000","11.0000","11.0000","13.8776","14.6069","11.0000","11.0000","13.1621","11.0000","11.0000","11.0000","11.0000","11.0000","11.0000","11.0000","14.4568","16.8874","11.0000","11.0000","11.0000","11.0000","11.0000","11.0000","11.0000","11.0000","28.7718","11.0000","14.1936","11.5210","11.0000","11.0000","11.0000","11.0000","11.0000","11.0000","11.0000","11.0000","11.0000","11.0000","16.3198","15.6306","11.0000","11.0000","11.0000","11.0000","148.3982","11.0000","11.0000","11.0000","11.0000","11.0000","13.5371"
"C:\Users\cfg364\Sommerlab Dropbox\Casper van der Luijt\Casper\Data\BioLog\OmniLog\CL2\DATA_2024\07\_NRRL 471_Aspergillus oryzae__1_30_CL2_769_7#24#2024_A_24B_35.OKA","7/24/2024 10:32:48 PM","24-B","PM01","","NRRL 471","Aspergillus oryzae","",8.0000,"17.2523","108.2892","12.7887","11.0000","15.7134","11.0000","11.0000","13.3481","49.6303","15.7406","16.1297","21.1937","17.6054","11.0000","11.0000","11.0000","13.4345","11.0000","11.0000","117.2823","11.0000","13.7540","11.0000","16.1942","14.5085","11.0000","11.0000","123.2932","11.0000","11.1261","11.0000","11.0000","11.0000","11.0000","11.9964","11.0000","16.3113","11.0000","11.0000","11.0000","11.0000","11.0000","11.0000","11.0000","11.0000","11.0000","11.0000","13.7468","11.0000","11.0000","11.0000","13.0681","11.0000","11.0000","11.0000","11.0000","11.0000","11.0000","11.0000","14.9960","14.2673","11.0000","11.0000","11.0000","11.0000","11.0000","11.0000","11.0000","11.0000","30.1364","11.0000","15.1642","11.0000","11.0000","11.0000","11.0000","11.0000","11.0000","11.0000","11.0000","11.0000","11.0000","11.0639","15.0827","15.1676","11.0000","11.0000","11.0000","11.0000","149.8534","11.0000","11.0000","11.0000","11.0000","12.4881","16.2908"
"C:\Users\cfg364\Sommerlab Dropbox\Casper van der Luijt\Casper\Data\BioLog\OmniLog\CL2\DATA_2024\07\_NRRL 471_Aspergillus oryzae__1_30_CL2_769_7#24#2024_A_24B_35.OKA","7/24/2024 10:32:48 PM","24-B","PM01","","NRRL 471","Aspergillus oryzae","",8.2500,"22.3561","111.5449","11.0000","11.0000","11.0000","11.0000","11.0000","11.0000","43.7128","12.9634","13.6331","21.1198","19.8295","11.0000","11.0000","11.0000","11.0000","11.0000","11.0000","116.0434","11.0000","11.0000","11.0000","14.3095","14.6643","11.0000","11.0000","123.6798","11.0000","11.0000","11.0000","11.0000","11.0000","11.0000","11.0000","12.2586","13.9840","11.0000","11.0000","11.0000","11.0000","11.0000","11.0000","11.0000","11.0000","11.0000","11.0000","11.0000","11.0919","11.0000","11.0000","11.0000","11.0000","11.0000","11.0000","11.0000","11.0000","11.0000","11.0000","11.5065","13.8058","11.0000","11.0000","11.0000","11.0000","11.0000","11.0000","11.0000","11.0000","23.8749","11.0000","11.0000","17.9940","11.0000","11.0000","11.0000","11.0000","11.0000","11.0000","11.0000","11.0000","11.0000","11.0000","12.2472","13.9281","11.0000","11.0000","11.0000","11.0000","146.6156","11.0000","11.0000","11.0000","11.0000","13.8118","12.4038"
"C:\Users\cfg364\Sommerlab Dropbox\Casper van der Luijt\Casper\Data\BioLog\OmniLog\CL2\DATA_2024\07\_NRRL 471_Aspergillus oryzae__1_30_CL2_769_7#24#2024_A_24B_35.OKA","7/24/2024 10:32:48 PM","24-B","PM01","","NRRL 471","Aspergillus oryzae","",8.5000,"19.2304","113.5270","15.1441","11.0000","11.9821","11.0000","11.7522","11.0000","45.4056","12.5386","13.1778","25.2816","18.3185","11.0000","11.0000","11.0000","13.7375","11.0000","11.0000","115.3338","11.0000","11.0000","11.0000","16.0764","14.1686","11.0000","11.0000","122.5742","11.0000","12.9167","11.0000","11.0000","11.0000","11.0000","13.1932","16.7184","14.0198","11.0000","11.0000","11.0000","11.0000","11.0000","11.0000","11.0000","11.0000","11.0000","11.0000","11.0000","14.8850","11.0000","11.0000","12.6605","11.0000","11.0000","11.0000","11.0000","11.0000","11.0000","11.0000","15.2709","15.4390","11.0000","11.0000","11.0000","11.0000","11.0000","11.0000","11.0000","11.0000","26.5881","11.6743","13.5731","11.2449","11.0000","11.0000","11.0000","11.0000","11.0000","11.0000","11.0000","11.0000","11.0000","11.0000","12.9906","15.6085","11.0000","11.0000","11.0000","11.0000","145.5249","11.0000","11.0000","11.0000","11.0000","11.0000","17.7628"
"C:\Users\cfg364\Sommerlab Dropbox\Casper van der Luijt\Casper\Data\BioLog\OmniLog\CL2\DATA_2024\07\_NRRL 471_Aspergillus oryzae__1_30_CL2_769_7#24#2024_A_24B_35.OKA","7/24/2024 10:32:48 PM","24-B","PM01","","NRRL 471","Aspergillus oryzae","",8.7500,"22.7229","112.5210","13.3942","11.0000","13.7106","12.8337","11.6532","11.9951","46.8852","14.7619","13.2779","20.9197","23.4744","11.0000","11.9634","11.0000","11.4686","11.0000","11.0000","118.3114","11.0000","14.3694","11.2650","16.6996","16.2052","11.0000","11.5670","123.9478","11.0000","11.0000","11.0000","11.0000","11.0000","12.4097","11.0000","15.1109","14.5119","11.0000","11.0000","11.0000","11.0000","11.0000","11.0000","11.0000","11.0000","11.0000","11.0000","11.0000","11.0000","11.0000","11.0000","13.8062","11.0000","11.0000","11.0000","11.0000","11.0000","11.0000","11.0000","11.7956","14.9955","11.0000","11.0000","11.0000","11.0000","11.0000","11.0000","11.0000","11.0000","28.3339","11.0000","12.9088","13.8460","11.0000","11.0000","11.0000","11.0000","11.0000","11.0000","11.0000","11.0000","11.0000","11.0000","11.2190","16.4656","11.0000","11.0000","11.0000","11.0000","150.7070","11.0000","11.0000","11.0000","11.0000","12.5466","16.5639"
"C:\Users\cfg364\Sommerlab Dropbox\Casper van der Luijt\Casper\Data\BioLog\OmniLog\CL2\DATA_2024\07\_NRRL 471_Aspergillus oryzae__1_30_CL2_769_7#24#2024_A_24B_35.OKA","7/24/2024 10:32:48 PM","24-B","PM01","","NRRL 471","Aspergillus oryzae","",9.0000,"20.0253","110.3750","12.1731","12.9262","16.8940","13.8621","12.8962","11.0000","46.3613","18.0750","14.7720","16.5448","18.6276","11.0000","11.0961","11.0000","17.0156","11.0000","11.0000","114.7315","11.0000","11.0000","11.0000","18.0526","15.9290","11.0000","13.2610","122.2370","11.0000","11.5352","11.0000","11.0000","11.0000","11.8042","11.1290","13.1059","16.8011","11.0000","11.0000","11.0000","11.0000","11.0000","11.0000","11.0000","11.0000","11.0000","11.0000","12.1425","14.2130","11.0000","11.0000","16.8288","11.0000","11.0000","11.0000","11.0000","11.0000","11.0000","11.0000","11.9524","12.6664","11.0000","11.0000","11.0000","11.0000","11.0000","11.0000","14.5249","11.0000","30.2267","11.0000","16.2086","16.3909","11.0000","11.0000","11.0000","11.0000","11.0000","11.0000","11.0000","11.0000","11.0000","11.0000","15.4819","17.9053","11.0000","11.0000","11.0000","11.0000","148.4346","11.0000","11.0000","11.0000","11.0000","13.1899","14.5709"
"C:\Users\cfg364\Sommerlab Dropbox\Casper van der Luijt\Casper\Data\BioLog\OmniLog\CL2\DATA_2024\07\_NRRL 471_Aspergillus oryzae__1_30_CL2_769_7#24#2024_A_24B_35.OKA","7/24/2024 10:32:48 PM","24-B","PM01","","NRRL 471","Aspergillus oryzae","",9.2500,"22.0010","111.4085","11.5853","11.0000","11.0000","11.0000","11.7823","13.4494","45.9242","16.8968","17.0852","22.8128","20.6740","11.0000","11.0000","11.0000","11.0000","11.0000","11.0000","115.3355","11.0000","11.0000","12.1543","13.8923","16.0026","11.0000","12.7857","128.1470","11.0000","12.8602","11.0000","11.0000","11.0000","11.0000","11.0000","12.2523","13.0501","11.0000","11.0000","11.0000","11.0000","11.0000","11.0000","11.0000","11.0000","11.0000","11.0000","11.0000","11.8281","11.0000","11.0000","13.7610","11.0000","11.0000","11.0000","11.0000","11.0000","11.0000","11.0000","13.3395","15.4799","11.0000","11.0000","11.0000","11.0000","11.0000","11.0000","11.0000","11.0000","27.7696","11.0000","16.6016","18.4711","11.0000","11.0000","11.0000","11.0000","11.0000","11.0000","11.0000","11.0000","11.0000","11.0000","16.1784","13.1613","11.0000","11.0000","11.0000","11.0000","153.3626","11.0000","11.0000","11.0000","11.0000","11.0000","13.0530"
"C:\Users\cfg364\Sommerlab Dropbox\Casper van der Luijt\Casper\Data\BioLog\OmniLog\CL2\DATA_2024\07\_NRRL 471_Aspergillus oryzae__1_30_CL2_769_7#24#2024_A_24B_35.OKA","7/24/2024 10:32:48 PM","24-B","PM01","","NRRL 471","Aspergillus oryzae","",9.5000,"20.0921","113.2987","12.8831","13.7626","11.0000","14.4623","16.0207","11.0000","43.7869","15.9807","16.9704","21.4635","19.3798","11.0000","11.0000","11.0000","13.0257","11.0000","11.0000","117.2745","11.0000","11.0000","11.0000","14.7716","11.0000","11.0000","11.0000","128.5319","11.0000","11.2837","11.0000","11.0000","11.0000","11.8996","11.0000","17.0887","11.0000","11.0000","11.0000","11.0000","11.0000","11.0000","11.0000","11.0000","11.0000","11.0000","11.0000","11.0000","11.2143","11.0000","11.0000","13.9617","11.0000","11.0000","11.0000","11.0000","11.0000","11.0000","11.0000","13.6044","16.3864","11.0000","11.0000","11.0000","11.0000","11.0000","11.0000","11.5681","11.0000","23.9720","11.0000","12.5695","14.6515","11.0000","11.0000","11.0000","11.0000","11.0000","11.0000","11.0000","11.0000","11.0000","11.0000","14.3288","13.3474","11.0000","11.0000","11.0000","11.0000","149.5023","11.0000","11.0000","11.0000","11.0000","11.0000","15.8790"
"C:\Users\cfg364\Sommerlab Dropbox\Casper van der Luijt\Casper\Data\BioLog\OmniLog\CL2\DATA_2024\07\_NRRL 471_Aspergillus oryzae__1_30_CL2_769_7#24#2024_A_24B_35.OKA","7/24/2024 10:32:48 PM","24-B","PM01","","NRRL 471","Aspergillus oryzae","",9.7500,"23.4124","111.7149","11.8117","12.4755","11.6663","14.8470","12.2063","11.0000","43.2882","14.1088","14.7023","26.2196","19.9716","11.0000","11.0000","11.0000","14.3347","11.0000","11.0000","114.6983","11.0000","11.0000","11.0000","16.4258","13.3844","11.0000","11.0000","125.5944","11.0000","13.3639","11.0000","11.0000","11.0000","12.0281","11.0000","17.1215","12.0198","11.0000","11.0000","11.0000","11.0000","11.0000","11.0000","11.0000","11.0000","11.0000","11.0000","11.0000","13.8168","11.0000","11.0000","13.5206","11.0000","11.0000","11.0000","11.0000","11.0000","11.0000","11.0000","13.7632","13.4623","11.0000","11.0000","11.0000","11.0000","11.0000","11.0000","11.0000","11.0000","26.9827","11.0000","11.9417","15.4122","11.0000","11.0000","11.0000","11.0000","11.0000","11.0000","11.0000","11.0000","11.0000","11.0000","11.0000","11.8957","11.0000","11.0000","11.0000","11.0000","152.5916","11.0000","11.0000","11.0000","11.0000","11.4443","14.9778"
"C:\Users\cfg364\Sommerlab Dropbox\Casper van der Luijt\Casper\Data\BioLog\OmniLog\CL2\DATA_2024\07\_NRRL 471_Aspergillus oryzae__1_30_CL2_769_7#24#2024_A_24B_35.OKA","7/24/2024 10:32:48 PM","24-B","PM01","","NRRL 471","Aspergillus oryzae","",10.0000,"23.3220","113.8848","14.6804","11.0000","17.4045","11.0000","11.0000","11.4299","43.6821","12.3673","18.4147","24.7879","22.8888","11.0000","11.0321","11.0000","11.0000","11.0000","11.0000","114.2680","11.0000","11.0000","11.0000","19.0619","15.3808","11.0000","11.0000","127.1471","11.0000","11.0000","11.0000","11.0000","11.0000","11.0000","11.0646","15.7379","12.7829","11.0000","11.0000","11.0000","11.0000","11.0000","11.0000","11.0000","11.0000","11.0000","11.0000","11.0000","13.4527","11.0000","11.0000","12.2282","11.0000","11.0000","11.0000","11.0000","11.0000","11.0000","11.0000","15.0826","19.7790","11.0000","11.0000","11.0000","11.0000","11.0000","11.0000","11.0000","11.0000","29.0749","11.0000","13.9191","15.6740","11.0000","11.0000","11.0000","11.0000","11.0000","11.0000","11.0000","11.0000","11.0000","11.0000","11.0000","13.7754","11.0000","11.0000","11.0000","11.2212","151.2966","11.0000","11.0000","11.0000","11.0000","11.0000","13.3382"
"C:\Users\cfg364\Sommerlab Dropbox\Casper van der Luijt\Casper\Data\BioLog\OmniLog\CL2\DATA_2024\07\_NRRL 471_Aspergillus oryzae__1_30_CL2_769_7#24#2024_A_24B_35.OKA","7/24/2024 10:32:48 PM","24-B","PM01","","NRRL 471","Aspergillus oryzae","",10.2500,"22.4219","114.0146","15.0061","11.0000","11.6625","11.0000","11.3937","13.1827","44.5430","13.9681","16.7855","22.5936","17.2408","11.0000","11.6426","12.5610","11.6273","11.0000","11.0000","117.6340","11.0000","11.0000","11.0000","14.7666","11.6666","11.0000","11.0000","124.1739","11.0000","11.0000","11.0000","11.0000","11.0000","11.0000","11.0000","13.0399","12.4964","11.0000","11.0000","11.0000","11.0000","11.0000","11.0000","11.0000","11.0000","11.0000","11.0000","11.0000","11.0000","11.0000","11.0000","15.0626","11.0000","11.0000","11.0000","11.0000","11.0000","11.0000","11.0000","15.9687","19.5037","11.0000","11.0000","11.0000","11.0000","11.0000","11.0000","11.0000","11.0000","25.6839","11.0000","12.1300","16.0101","11.0000","11.0000","11.0000","11.0000","11.0000","11.0000","11.0000","11.0000","11.0000","11.0000","12.4075","14.1146","11.0000","11.0000","11.0000","12.5802","152.6559","11.0000","11.0000","11.0000","11.0000","13.8492","15.2400"
"C:\Users\cfg364\Sommerlab Dropbox\Casper van der Luijt\Casper\Data\BioLog\OmniLog\CL2\DATA_2024\07\_NRRL 471_Aspergillus oryzae__1_30_CL2_769_7#24#2024_A_24B_35.OKA","7/24/2024 10:32:48 PM","24-B","PM01","","NRRL 471","Aspergillus oryzae","",10.5000,"21.3666","115.0525","12.4982","11.0630","13.4924","11.0000","13.6577","12.3890","49.5430","15.1353","14.0922","22.4298","20.7669","11.0000","11.3534","11.0000","11.0000","11.0000","11.0000","116.1307","11.0000","11.0000","11.1652","18.0046","13.9523","11.0000","12.3529","126.0160","11.0000","11.0000","11.0000","11.0000","11.0000","12.7372","11.0000","14.1257","11.0000","11.0000","11.0000","11.0000","11.0000","11.0000","11.0000","11.0000","11.0000","11.0000","11.0000","14.7622","14.3112","11.0000","11.0000","14.2123","11.0000","11.0000","11.0000","11.0000","11.0000","11.0000","11.0000","15.6839","20.5437","11.0000","11.0000","11.0000","11.0000","11.0000","11.0000","11.0000","11.0000","26.0358","11.0000","15.5199","16.0712","11.0000","11.0000","11.0000","11.0000","11.0000","11.0000","11.0000","11.0000","11.0000","11.0000","11.0000","14.1762","11.0000","11.0000","11.0000","12.6118","151.7821","11.0000","11.0000","11.0000","11.0000","16.6667","14.2424"
"C:\Users\cfg364\Sommerlab Dropbox\Casper van der Luijt\Casper\Data\BioLog\OmniLog\CL2\DATA_2024\07\_NRRL 471_Aspergillus oryzae__1_30_CL2_769_7#24#2024_A_24B_35.OKA","7/24/2024 10:32:48 PM","24-B","PM01","","NRRL 471","Aspergillus oryzae","",10.7500,"25.0690","113.0742","13.1907","11.0000","11.0000","12.4884","11.0000","11.8252","41.3429","13.4994","14.8915","19.1471","20.0025","11.0000","11.8345","11.0000","12.4975","11.0000","11.0000","117.1523","11.0000","11.0000","11.0000","14.8808","13.8793","11.0000","11.0000","132.3597","11.0000","11.0000","11.0000","11.0000","11.0000","11.0000","11.7734","11.0000","11.0000","11.0000","11.0000","11.0000","11.0000","11.0000","11.0000","11.0000","11.0000","11.0000","11.0000","11.0000","12.0479","11.0000","11.0000","12.4464","11.0000","11.0000","11.0000","11.0000","11.0000","11.0000","11.0000","15.2408","16.0493","11.0000","11.0000","11.0000","11.0000","11.0000","11.0000","11.0000","11.0000","27.2687","11.0000","17.5831","14.2728","11.0000","11.0000","11.0000","11.0000","11.0000","11.0000","11.0000","11.0000","11.0000","11.0000","13.0888","15.5898","11.0000","11.0000","11.0000","11.0000","152.8281","11.0000","11.0000","11.0000","11.0000","11.0000","15.5609"
"C:\Users\cfg364\Sommerlab Dropbox\Casper van der Luijt\Casper\Data\BioLog\OmniLog\CL2\DATA_2024\07\_NRRL 471_Aspergillus oryzae__1_30_CL2_769_7#24#2024_A_24B_35.OKA","7/24/2024 10:32:48 PM","24-B","PM01","","NRRL 471","Aspergillus oryzae","",11.0000,"23.7277","119.7390","16.6727","11.0000","14.6322","12.0656","11.0000","11.8593","46.3890","17.8554","17.7856","22.2535","25.8906","11.0000","13.6613","12.5306","12.7849","11.0000","11.0000","117.9016","11.0000","11.0000","11.0000","17.7881","12.7176","11.0000","11.0000","128.8317","11.2502","11.6953","11.0000","11.0000","11.0000","11.0000","13.6673","15.4871","13.1927","11.0000","11.0000","11.0000","11.0000","11.0000","11.0000","11.0000","11.0000","11.0000","11.0000","16.2441","12.1946","11.0000","11.0000","14.7405","11.0000","11.0000","11.0000","11.0000","11.0000","11.0000","11.0000","17.7415","14.4884","11.0000","11.0000","11.0000","11.0000","11.0000","11.0000","11.0000","11.0000","25.4192","11.0000","13.1420","13.9560","11.0000","11.0000","11.0000","11.0000","11.0000","12.4238","11.0000","11.0000","11.0000","11.0000","12.5050","16.8790","11.0000","11.0000","11.0000","11.0000","153.7073","11.0000","11.0000","11.0000","11.0000","11.0000","15.4086"
"C:\Users\cfg364\Sommerlab Dropbox\Casper van der Luijt\Casper\Data\BioLog\OmniLog\CL2\DATA_2024\07\_NRRL 471_Aspergillus oryzae__1_30_CL2_769_7#24#2024_A_24B_35.OKA","7/24/2024 10:32:48 PM","24-B","PM01","","NRRL 471","Aspergillus oryzae","",11.2500,"21.5909","115.8277","16.5106","11.0000","13.4320","14.3259","11.0000","12.9498","46.4554","13.9951","17.9519","20.5424","25.1801","11.0000","12.6994","11.0000","11.0000","11.0000","11.0000","116.5658","11.0000","13.7208","11.0000","16.2980","11.7952","11.0000","11.3137","127.5744","11.0000","14.3499","11.0000","11.0000","11.0000","11.0000","14.6314","15.7492","11.6356","11.0000","11.0000","11.0000","11.0000","11.0000","11.0000","11.0000","11.0000","11.0000","11.0000","11.5537","11.5820","11.0000","11.0000","14.5204","11.0000","11.0000","11.0000","11.0000","11.0000","11.0000","11.0000","16.1664","12.2348","11.0000","11.0000","11.0000","11.0000","11.0000","11.0000","13.3248","11.0000","29.3518","11.0000","13.7405","14.6570","11.0000","11.0000","11.0000","11.0000","11.0000","11.6961","11.0000","11.0000","11.0000","11.0000","12.3796","18.6855","11.0000","11.0000","11.0000","11.0000","151.1969","11.0000","11.0000","11.0000","11.0000","14.2880","18.0476"
"C:\Users\cfg364\Sommerlab Dropbox\Casper van der Luijt\Casper\Data\BioLog\OmniLog\CL2\DATA_2024\07\_NRRL 471_Aspergillus oryzae__1_30_CL2_769_7#24#2024_A_24B_35.OKA","7/24/2024 10:32:48 PM","24-B","PM01","","NRRL 471","Aspergillus oryzae","",11.5000,"25.8677","118.7765","18.4998","12.1005","12.8618","11.0000","13.7128","11.7964","47.4428","19.8590","22.1154","21.3442","22.0491","11.0000","14.6812","12.3732","11.9702","11.0000","11.0000","119.3812","11.3564","11.0000","13.9541","20.9066","18.5216","11.0000","12.4087","131.1802","12.5543","11.1904","11.0000","11.0000","11.0000","11.8046","12.5115","13.3428","13.6417","11.0000","11.0000","11.0000","11.0000","11.0000","11.0000","11.0000","11.0000","11.0000","11.0000","13.1555","16.9070","11.0000","11.0000","12.6391","11.0000","11.0000","11.0000","11.0000","11.0000","11.0000","11.0000","15.0019","14.7913","11.0000","11.0000","11.0000","11.0000","11.0000","11.0000","11.0000","11.0000","26.8599","11.0000","16.9275","16.0428","11.0000","11.0000","11.0000","11.0000","11.0000","11.0000","11.0000","11.0317","11.0000","12.5953","16.6575","14.8211","11.0000","11.0000","11.0000","11.0000","150.9244","11.0000","11.0000","11.0000","11.0000","13.8156","18.0705"
"C:\Users\cfg364\Sommerlab Dropbox\Casper van der Luijt\Casper\Data\BioLog\OmniLog\CL2\DATA_2024\07\_NRRL 471_Aspergillus oryzae__1_30_CL2_769_7#24#2024_A_24B_35.OKA","7/24/2024 10:32:48 PM","24-B","PM01","","NRRL 471","Aspergillus oryzae","",11.7500,"21.3216","117.6701","11.6550","12.7610","13.3812","13.9973","11.0000","15.8430","46.4249","14.8727","19.0684","20.1665","23.3550","11.0000","11.0000","11.0000","11.4685","11.0000","11.0000","119.4095","11.0000","11.6919","11.8228","20.7671","15.2303","11.0000","11.0000","132.0235","11.0000","14.3171","11.0000","11.0000","11.0000","11.0000","11.0000","12.5579","11.1266","11.0000","11.0000","11.0000","11.0000","11.0000","11.0000","11.0000","11.0000","11.0000","11.0000","11.0000","18.2282","11.0000","11.0000","12.4165","11.0000","11.0000","11.0000","11.0000","11.0000","11.0000","11.0000","17.1452","13.4445","11.0000","11.0000","11.0000","11.0000","11.0000","11.0000","11.0000","11.0000","26.4458","11.0000","21.0227","17.5067","11.0000","11.0000","11.0000","11.0000","11.0000","11.0000","11.0000","11.0000","11.0000","11.0000","15.3875","17.9667","11.0000","11.0000","11.0000","11.0000","156.2258","11.0000","11.0000","11.0000","11.0000","11.6639","16.5856"
"C:\Users\cfg364\Sommerlab Dropbox\Casper van der Luijt\Casper\Data\BioLog\OmniLog\CL2\DATA_2024\07\_NRRL 471_Aspergillus oryzae__1_30_CL2_769_7#24#2024_A_24B_35.OKA","7/24/2024 10:32:48 PM","24-B","PM01","","NRRL 471","Aspergillus oryzae","",12.0000,"23.7997","116.8783","14.6149","12.2303","11.1594","11.0000","13.4487","11.0000","43.4623","15.6108","17.4293","21.5805","18.5692","11.0000","11.0000","11.0000","14.7357","11.0000","11.0000","120.7079","11.0000","11.5583","11.4624","21.5896","14.3861","11.0000","11.0000","129.7149","11.0000","11.9179","11.0000","11.0635","11.0000","11.5171","12.6765","14.5598","14.7893","11.0000","11.0000","11.0000","11.0000","11.0000","11.0000","11.0000","11.0000","11.0000","11.0000","12.8982","15.9259","11.0000","11.0000","13.2029","11.0000","11.0000","11.0000","11.0000","11.0000","11.0000","11.0000","15.7642","15.6897","11.0000","11.0000","11.0000","11.0000","11.0000","11.0000","11.0000","11.0000","29.4532","11.0000","17.7575","14.5786","11.0000","11.0000","11.0000","11.0000","11.0000","11.5063","11.0000","11.0000","11.0000","11.0000","13.1498","14.8060","11.0000","11.0000","11.0000","11.0000","155.2622","11.0000","11.0000","11.0000","11.0000","11.0000","17.4427"
"C:\Users\cfg364\Sommerlab Dropbox\Casper van der Luijt\Casper\Data\BioLog\OmniLog\CL2\DATA_2024\07\_NRRL 471_Aspergillus oryzae__1_30_CL2_769_7#24#2024_A_24B_35.OKA","7/24/2024 10:32:48 PM","24-B","PM01","","NRRL 471","Aspergillus oryzae","",12.2500,"27.9826","118.2101","15.5583","11.2526","12.9073","15.2073","15.5884","11.0000","45.2512","11.0000","17.0482","24.7203","24.4945","11.0000","11.0000","11.0000","14.1445","11.0000","11.0000","121.2747","11.0000","11.0000","16.7264","19.6288","20.7799","11.0000","11.0000","131.5938","11.0000","17.9338","11.0000","11.0000","11.0000","11.0000","11.0000","14.7240","14.9809","11.0000","11.0000","11.0000","11.0000","11.0000","11.0000","11.0000","11.0000","11.0000","11.0000","12.3484","15.6612","11.0000","11.0000","13.9040","11.0000","11.0000","11.0000","11.0000","11.0000","11.0000","11.0000","16.5904","16.7991","11.0000","11.0000","11.0000","11.0000","11.0000","11.0000","11.0000","11.0000","27.4467","11.0000","18.5177","17.6320","11.0000","11.0000","11.0000","11.0000","11.0000","11.0000","11.0000","11.0000","11.0000","11.3194","11.0940","15.7652","11.0000","11.0000","11.0000","11.0000","154.1794","11.0000","11.0000","11.0000","11.0000","11.0000","15.9137"
"C:\Users\cfg364\Sommerlab Dropbox\Casper van der Luijt\Casper\Data\BioLog\OmniLog\CL2\DATA_2024\07\_NRRL 471_Aspergillus oryzae__1_30_CL2_769_7#24#2024_A_24B_35.OKA","7/24/2024 10:32:48 PM","24-B","PM01","","NRRL 471","Aspergillus oryzae","",12.5000,"25.2722","119.1824","15.1177","12.6429","14.7717","17.3864","15.7914","11.0997","44.8290","20.4777","20.2595","25.1293","23.7422","11.0000","11.3864","11.0000","14.9600","11.0000","11.0000","121.3578","11.0000","12.8209","15.7306","23.4437","20.2699","11.0000","11.0000","132.3687","11.0000","14.5786","11.0000","11.0000","11.0000","11.0000","12.8701","26.8952","11.0954","11.0000","11.0000","11.0000","11.0000","11.0000","11.0000","11.0000","11.0000","11.0000","11.0000","12.7921","17.9148","11.0000","11.0000","15.3361","11.0000","11.0000","11.0000","11.0000","11.0000","11.0000","11.1621","19.8153","18.8227","11.0000","11.0000","11.0000","11.0000","11.0000","11.0000","12.6688","11.0000","30.8363","11.0000","16.3420","14.5389","11.0000","11.0000","11.0000","11.0000","11.0000","11.0000","11.0000","11.0000","11.0000","11.0000","18.0559","19.2393","11.0000","11.0000","11.0000","11.0952","154.0264","11.0000","11.0000","11.0000","11.0000","13.8815","13.9934"
"C:\Users\cfg364\Sommerlab Dropbox\Casper van der Luijt\Casper\Data\BioLog\OmniLog\CL2\DATA_2024\07\_NRRL 471_Aspergillus oryzae__1_30_CL2_769_7#24#2024_A_24B_35.OKA","7/24/2024 10:32:48 PM","24-B","PM01","","NRRL 471","Aspergillus oryzae","",12.7500,"21.5545","112.9792","14.0557","14.2238","14.3937","13.8705","11.4277","13.8078","48.7947","16.2386","14.6551","25.7806","19.7352","11.0000","11.0000","11.0000","14.8756","11.0000","11.0000","117.7819","11.0000","11.0000","19.0752","16.8419","20.6806","11.0000","11.0000","132.4102","11.0000","16.5477","11.0000","12.1209","11.0000","11.0000","16.2683","19.3720","19.1275","11.0000","11.0000","11.0000","11.0000","11.0000","11.0000","11.0000","11.0000","11.0000","11.0000","16.2409","14.3498","11.0000","11.0000","16.7892","11.0000","11.0000","11.0000","11.0000","11.0000","11.0000","11.0000","18.6216","19.8413","11.0000","11.0000","11.2169","11.0000","11.0000","11.0000","14.6004","11.0000","28.5169","11.0000","14.5140","15.0316","11.0000","11.0000","11.0000","11.0000","11.0000","11.0000","11.0000","11.0000","11.0000","11.0000","15.9111","16.7478","11.0000","11.0000","11.0000","11.0000","158.8471","11.0000","11.0000","11.0000","11.0000","13.4022","19.0394"
"C:\Users\cfg364\Sommerlab Dropbox\Casper van der Luijt\Casper\Data\BioLog\OmniLog\CL2\DATA_2024\07\_NRRL 471_Aspergillus oryzae__1_30_CL2_769_7#24#2024_A_24B_35.OKA","7/24/2024 10:32:48 PM","24-B","PM01","","NRRL 471","Aspergillus oryzae","",13.0000,"25.6787","118.3026","16.5831","14.0281","14.2724","11.6795","15.6721","11.9301","43.4511","15.9092","20.1624","27.2679","22.2647","11.9860","11.6460","13.3008","12.1584","11.0000","11.0000","121.4831","11.0000","11.0000","11.0000","18.7453","17.3831","11.0000","11.0000","129.5926","11.0000","13.7571","11.0000","11.0000","11.0000","11.0000","11.0000","13.1902","17.4346","11.0000","11.0000","11.0000","11.0000","11.0000","11.0000","11.0000","11.0000","11.0000","11.0000","14.8182","15.4721","11.0000","11.0000","11.2534","11.0000","11.0000","11.0000","11.0000","11.0000","11.0000","11.0000","14.4094","15.4048","11.0000","11.0000","11.0000","11.0000","11.0000","11.0000","12.0117","11.0000","27.4956","11.0000","15.3383","15.0709","11.0000","11.0000","11.0000","11.0000","11.0000","11.0000","11.0000","11.0000","11.0000","11.0000","16.6405","18.0493","11.0000","11.0000","11.0000","11.0000","157.3803","11.0000","11.0000","11.0000","11.0000","14.6496","17.3005"
"C:\Users\cfg364\Sommerlab Dropbox\Casper van der Luijt\Casper\Data\BioLog\OmniLog\CL2\DATA_2024\07\_NRRL 471_Aspergillus oryzae__1_30_CL2_769_7#24#2024_A_24B_35.OKA","7/24/2024 10:32:48 PM","24-B","PM01","","NRRL 471","Aspergillus oryzae","",13.2500,"26.1309","121.6373","17.6062","11.8203","13.8942","11.7133","12.9661","16.4742","49.6543","17.9084","15.7925","24.9614","21.4658","11.0000","11.2255","16.1182","11.0000","11.0000","11.0000","123.6498","11.0000","11.0000","15.8041","20.0854","20.4437","11.0000","13.8877","130.8188","11.0000","14.4424","11.0000","11.0000","11.0000","12.0958","15.0708","12.3261","11.0000","11.0000","11.0000","11.0000","11.0000","11.0000","11.0000","11.0000","11.0000","11.0000","11.0000","12.3849","16.6605","11.0000","11.0000","12.0769","11.0000","11.0000","11.0000","11.0000","11.0000","11.0000","11.0000","19.2127","18.3867","11.0000","11.0000","11.0000","11.0000","11.0000","11.0000","12.0117","11.0000","25.6717","11.0000","17.9631","22.1282","11.0000","11.0000","11.0000","11.0000","11.0000","11.0000","11.0000","11.0000","11.0000","11.0000","17.9952","19.0519","11.0000","11.0000","11.0000","12.6880","159.1031","11.0000","11.0000","11.0000","11.0000","11.0000","14.2630"
"C:\Users\cfg364\Sommerlab Dropbox\Casper van der Luijt\Casper\Data\BioLog\OmniLog\CL2\DATA_2024\07\_NRRL 471_Aspergillus oryzae__1_30_CL2_769_7#24#2024_A_24B_35.OKA","7/24/2024 10:32:48 PM","24-B","PM01","","NRRL 471","Aspergillus oryzae","",13.5000,"27.5290","122.8677","18.6425","14.4707","11.5407","13.4641","14.9322","13.6874","49.2921","17.7091","18.5548","26.0151","26.5590","11.0000","11.0000","15.4188","12.1304","11.0000","11.0000","121.6580","11.0000","15.4501","16.6596","22.7945","20.3804","11.0000","15.8024","137.7929","11.0000","16.4637","11.0000","11.8315","11.0000","11.0000","14.6541","13.9173","13.1744","11.0000","11.0000","11.0000","11.0000","11.0000","11.0317","11.0000","11.0000","11.2909","11.0000","12.5498","19.0778","11.0000","11.0000","16.0361","11.0000","11.0000","11.0000","11.0000","11.0000","11.0000","15.3513","18.6419","16.5632","11.0000","11.0000","11.1553","11.0000","11.0000","11.0000","12.5491","11.0000","26.2163","11.0000","16.3635","20.3647","11.0000","11.0000","11.0000","11.0000","11.0000","11.0000","11.0000","11.0000","11.0000","12.7296","19.8606","17.6382","11.0000","11.0000","11.0000","12.2740","157.0654","11.0000","11.0000","11.0000","11.6435","11.0000","16.2830"
"C:\Users\cfg364\Sommerlab Dropbox\Casper van der Luijt\Casper\Data\BioLog\OmniLog\CL2\DATA_2024\07\_NRRL 471_Aspergillus oryzae__1_30_CL2_769_7#24#2024_A_24B_35.OKA","7/24/2024 10:32:48 PM","24-B","PM01","","NRRL 471","Aspergillus oryzae","",13.7500,"28.7407","122.6734","19.1282","16.8370","12.6220","12.1348","13.2938","15.9766","51.7286","18.7387","20.5850","23.9077","25.0062","11.0000","11.7409","18.2481","12.7898","11.0000","14.2881","122.9968","11.0000","15.9445","14.3234","20.7792","18.3205","11.0000","12.1928","136.2431","11.0000","18.1691","11.0000","11.0000","11.0000","14.0617","16.0645","14.5472","14.5174","11.0000","11.0000","11.0000","11.0000","11.0000","11.0000","11.0000","11.0000","11.0000","11.0000","15.0228","18.0680","11.0000","11.4056","15.8461","11.0000","11.0000","11.0000","11.0000","11.0000","11.0000","13.4679","18.3249","14.3998","11.0000","11.0000","11.2174","11.0000","11.0000","11.0000","13.5292","11.0000","27.5618","11.0000","19.8450","20.4255","11.0000","11.0000","11.0000","11.0000","11.0000","11.0000","11.0000","11.0000","11.0000","11.8648","16.1920","21.0188","11.0000","11.0000","11.0000","14.6945","161.7877","11.0000","11.0000","11.0000","11.0000","11.0000","16.0965"
"C:\Users\cfg364\Sommerlab Dropbox\Casper van der Luijt\Casper\Data\BioLog\OmniLog\CL2\DATA_2024\07\_NRRL 471_Aspergillus oryzae__1_30_CL2_769_7#24#2024_A_24B_35.OKA","7/24/2024 10:32:48 PM","24-B","PM01","","NRRL 471","Aspergillus oryzae","",14.0000,"25.9967","123.4486","14.4561","15.1382","16.0836","19.4318","16.8818","13.2889","48.4266","18.4456","22.8837","23.2359","20.8113","11.3603","13.6627","17.8666","17.0372","11.2546","15.4177","125.2334","11.1307","13.9105","14.5631","22.8174","21.0903","11.0000","15.3473","137.3583","11.0000","19.2469","11.0000","11.0000","11.0000","11.7761","13.2874","19.5197","17.9020","11.0000","11.3460","11.0000","13.7068","11.0000","11.0000","11.0000","11.6107","11.0000","11.0000","14.4142","19.2623","11.0000","11.9942","16.2473","11.0000","11.0000","11.0000","11.0000","11.0000","11.0000","12.0400","20.0256","21.9991","11.0000","11.5226","11.0000","11.0000","11.0000","11.0000","14.9504","11.0000","28.6964","13.4131","25.1988","19.0964","11.0000","11.0000","11.0000","11.0000","11.0000","11.0000","11.0000","11.0000","11.0000","11.0000","19.1731","22.6421","12.2973","11.0000","11.0000","14.9094","162.1814","11.0000","11.0000","11.0000","11.0000","13.6905","19.3755"
"C:\Users\cfg364\Sommerlab Dropbox\Casper van der Luijt\Casper\Data\BioLog\OmniLog\CL2\DATA_2024\07\_NRRL 471_Aspergillus oryzae__1_30_CL2_769_7#24#2024_A_24B_35.OKA","7/24/2024 10:32:48 PM","24-B","PM01","","NRRL 471","Aspergillus oryzae","",14.2500,"26.4240","124.7803","17.3544","15.5597","17.1406","12.8154","16.8456","19.2004","50.0705","20.8272","25.1744","31.0428","23.5516","11.0000","15.8150","18.4010","14.8161","11.0000","15.7977","125.7649","11.5845","19.6030","17.0039","25.1601","20.3195","11.0000","15.8721","135.7142","12.7482","16.5158","11.4134","11.0000","11.4799","14.8187","18.9514","18.1253","14.2761","11.0000","11.0000","11.0000","11.0000","11.0000","14.2941","11.0000","11.0000","11.0000","11.3256","15.9650","20.7978","11.0000","11.0000","21.7551","11.0000","11.0000","11.0000","11.0000","11.0953","11.0000","11.0000","22.2357","21.6673","11.0000","11.0000","13.1046","11.0000","11.0000","11.0000","12.9579","11.0000","31.2214","12.1524","20.0239","20.3497","11.0000","11.0000","11.0000","11.0000","11.0000","13.6124","11.0000","11.0000","11.0000","12.3752","17.6954","21.1051","11.0000","11.0000","11.0000","14.2778","161.4831","11.0000","11.0000","11.0000","12.4128","12.7698","18.6473"
"C:\Users\cfg364\Sommerlab Dropbox\Casper van der Luijt\Casper\Data\BioLog\OmniLog\CL2\DATA_2024\07\_NRRL 471_Aspergillus oryzae__1_30_CL2_769_7#24#2024_A_24B_35.OKA","7/24/2024 10:32:48 PM","24-B","PM01","","NRRL 471","Aspergillus oryzae","",14.5000,"32.5598","128.9477","18.0596","16.6519","20.1310","16.9046","14.3521","16.5540","47.2736","16.7759","20.9677","29.3543","20.8504","15.4837","12.5507","16.8469","14.4246","14.8257","15.0498","125.1806","11.0000","15.6678","16.7561","26.2927","21.5582","11.0000","12.9235","139.1638","11.0000","26.2213","11.0000","11.8334","11.2244","11.3873","14.7771","20.0045","17.2800","11.0000","11.0000","11.0000","11.0000","11.0000","11.0000","11.0000","11.0000","12.2944","11.0000","19.3539","20.2851","13.0502","11.0000","21.2584","11.0000","11.0000","11.0000","11.7596","11.0000","11.0000","11.0324","19.5362","22.9009","14.2995","11.0000","15.1331","11.0000","11.0000","11.0000","16.0389","11.0000","32.8047","11.0000","21.1108","20.9705","11.0000","11.0000","11.0000","11.0000","11.0000","11.0000","11.0000","11.0000","11.0000","11.8046","19.1892","20.7011","11.0000","11.0000","11.0000","15.7197","162.7004","11.0000","11.0000","11.0000","11.0000","11.0000","20.9033"
"C:\Users\cfg364\Sommerlab Dropbox\Casper van der Luijt\Casper\Data\BioLog\OmniLog\CL2\DATA_2024\07\_NRRL 471_Aspergillus oryzae__1_30_CL2_769_7#24#2024_A_24B_35.OKA","7/24/2024 10:32:48 PM","24-B","PM01","","NRRL 471","Aspergillus oryzae","",14.7500,"31.5434","129.5858","20.7537","15.7226","15.9105","17.2875","17.6697","18.9716","49.8568","22.1421","17.3192","27.4902","24.3697","11.0000","13.0012","18.3882","18.2176","11.0000","11.5500","130.8312","11.0000","16.5648","15.7160","24.7171","17.1428","11.0000","15.6407","143.8145","11.0000","22.6260","14.5045","11.0000","11.8325","11.0000","16.7079","20.7323","22.7182","11.0000","11.2524","11.0000","11.0000","11.0000","11.0000","11.0000","11.0000","11.0000","14.4195","20.2920","18.2060","11.0000","13.9127","24.0393","11.0000","11.0000","11.0000","11.0000","13.2933","11.0000","13.2668","24.4625","23.9141","11.1917","11.0000","11.1561","11.0000","11.0000","11.0000","15.2437","11.0000","31.2548","11.0000","19.7165","25.3589","11.0000","11.0000","11.0000","11.0000","11.0000","11.0000","11.0000","11.0000","12.8812","12.1848","17.0468","22.0958","15.3335","11.0000","11.0000","16.4397","168.8158","11.0000","11.0000","11.0000","11.0000","11.8929","22.2846"
"C:\Users\cfg364\Sommerlab Dropbox\Casper van der Luijt\Casper\Data\BioLog\OmniLog\CL2\DATA_2024\07\_NRRL 471_Aspergillus oryzae__1_30_CL2_769_7#24#2024_A_24B_35.OKA","7/24/2024 10:32:48 PM","24-B","PM01","","NRRL 471","Aspergillus oryzae","",15.0000,"26.8753","132.0342","20.2166","15.3157","20.4972","16.7160","17.2722","17.6811","50.6808","17.2629","23.5461","30.9419","23.3892","11.0000","15.1371","20.7267","14.5101","11.0000","12.3273","125.7925","11.5225","15.4515","17.6714","22.2905","21.6797","11.0000","12.0434","143.7221","12.1881","18.8592","11.0000","11.0000","16.6279","14.7961","17.2722","21.9701","19.9757","13.4740","11.5991","11.0000","11.0000","11.0000","11.0000","11.0000","11.0000","11.0000","15.6287","19.5341","20.6849","11.0000","11.0000","17.1258","11.0000","11.0000","11.0000","11.3814","11.1911","11.0000","11.0000","19.2170","22.2772","11.0000","11.0617","17.5608","11.0000","11.0000","11.0000","14.1036","11.0000","30.3356","11.7735","21.1781","21.0923","11.0000","11.0000","11.0000","11.0000","11.0000","11.2858","11.0000","11.0000","11.0000","11.2565","20.3413","19.3436","11.4442","11.0000","11.0000","15.7180","166.6921","11.0000","11.0000","11.0000","13.3474","12.5563","22.9363"
"C:\Users\cfg364\Sommerlab Dropbox\Casper van der Luijt\Casper\Data\BioLog\OmniLog\CL2\DATA_2024\07\_NRRL 471_Aspergillus oryzae__1_30_CL2_769_7#24#2024_A_24B_35.OKA","7/24/2024 10:32:48 PM","24-B","PM01","","NRRL 471","Aspergillus oryzae","",15.2500,"31.9911","134.9111","21.9705","13.0903","19.5989","17.4898","19.8222","17.7883","53.1201","23.5832","29.7519","28.0093","22.2228","15.0850","18.0433","17.1520","16.1239","14.1799","11.0000","132.7031","11.0000","18.7088","18.8581","28.5217","21.2061","11.0000","16.0367","144.5622","12.3422","28.2892","11.0641","11.0000","12.4763","17.9376","18.4573","23.5358","20.7241","11.0000","11.0000","11.0000","11.0000","14.4135","12.7703","11.8576","11.0000","11.0000","11.3594","19.9674","23.9186","11.0000","14.6992","22.2918","11.0000","11.0000","11.0000","11.0000","11.2230","11.0000","14.4353","18.4109","21.0226","11.0000","12.4783","13.8282","11.0000","11.0000","11.0000","17.2430","11.0000","25.5658","11.0000","18.8715","23.2822","11.0000","11.0000","11.0000","11.0000","11.0000","11.0000","11.0000","11.5110","11.0000","12.2221","20.6690","22.7429","13.6107","11.0000","11.5558","19.6767","169.1876","11.0000","11.0000","11.0000","12.0644","14.1152","22.9269"
"C:\Users\cfg364\Sommerlab Dropbox\Casper van der Luijt\Casper\Data\BioLog\OmniLog\CL2\DATA_2024\07\_NRRL 471_Aspergillus oryzae__1_30_CL2_769_7#24#2024_A_24B_35.OKA","7/24/2024 10:32:48 PM","24-B","PM01","","NRRL 471","Aspergillus oryzae","",15.5000,"30.9677","135.2669","17.3127","18.4069","20.2712","18.3365","19.1586","20.9922","55.5373","23.6591","25.8205","31.0596","25.5631","12.9054","16.0300","21.8589","17.4831","11.0000","11.0000","132.9000","13.2466","17.6647","15.1015","28.7537","24.3259","11.0000","15.4386","146.3491","11.0000","25.4326","12.5326","11.0000","11.1598","15.8862","19.9084","22.2995","17.8292","11.0000","12.2925","11.0000","11.0000","11.0000","11.3165","11.0000","11.0000","11.0000","13.6080","21.7926","22.5742","11.0000","11.0000","24.1307","11.0000","11.0000","11.0000","11.3812","13.1002","11.0000","14.5159","20.2128","21.0542","11.0000","14.6119","11.9351","11.0000","11.0000","11.0000","15.7553","11.0000","33.3869","11.8708","21.4406","22.8327","11.0000","11.0000","11.0000","11.0000","11.0000","11.0000","11.0000","11.0000","11.0000","14.0688","20.6158","23.6180","13.3983","11.0000","11.1244","19.5511","170.4513","11.0000","11.0000","11.6723","14.7579","16.2328","25.3633"
"C:\Users\cfg364\Sommerlab Dropbox\Casper van der Luijt\Casper\Data\BioLog\OmniLog\CL2\DATA_2024\07\_NRRL 471_Aspergillus oryzae__1_30_CL2_769_7#24#2024_A_24B_35.OKA","7/24/2024 10:32:48 PM","24-B","PM01","","NRRL 471","Aspergillus oryzae","",15.7500,"34.8460","135.2582","25.5575","25.6573","19.4227","23.2036","16.5977","23.1674","54.4864","21.8837","21.9077","36.1409","22.4281","11.7272","12.7123","25.1113","22.0390","11.0000","12.7468","134.3411","13.4572","23.2110","20.6928","29.2011","26.5045","11.0000","15.7247","152.5485","12.5020","27.7410","14.1943","13.4596","15.4619","17.7000","20.5293","22.5527","25.2696","11.0000","11.6634","11.0000","11.0000","12.3461","14.1714","11.0000","16.0317","11.0000","11.0000","23.1251","19.2207","11.7731","17.4831","25.6715","11.0000","11.0000","11.0000","11.0000","11.7342","11.0000","13.5840","23.1890","23.5905","11.0000","15.7753","16.6232","11.0000","12.0656","11.0000","15.9437","11.3160","31.1437","14.2821","23.3220","25.9807","11.0000","11.0000","11.0000","11.0000","11.0000","12.4058","13.1511","11.0000","11.1597","20.0270","20.4805","14.7644","14.4198","11.0000","11.8024","19.8905","168.7299","11.0000","15.3805","11.0000","16.2282","13.0391","23.1446"
"C:\Users\cfg364\Sommerlab Dropbox\Casper van der Luijt\Casper\Data\BioLog\OmniLog\CL2\DATA_2024\07\_NRRL 471_Aspergillus oryzae__1_30_CL2_769_7#24#2024_A_24B_35.OKA","7/24/2024 10:32:48 PM","24-B","PM01","","NRRL 471","Aspergillus oryzae","",16.0000,"34.0073","141.4125","22.5953","27.6580","24.4756","19.2565","21.8106","16.0504","56.7513","25.9787","29.8985","29.5056","24.6595","11.4960","15.7025","24.7014","23.2007","13.9107","16.2887","141.0658","14.9439","19.0046","17.3699","28.8250","23.4757","11.0000","20.0046","155.7408","14.2152","28.0254","11.2242","11.4796","15.5685","15.4010","20.8666","27.5020","22.9714","11.0000","13.0545","13.6136","16.0434","11.0000","12.6253","11.0000","11.0000","11.0000","11.7205","22.5751","24.1532","11.0000","16.0485","26.2943","11.0000","11.0000","11.0000","11.0000","14.0214","11.0000","12.2411","21.6481","24.7562","13.2717","16.4134","17.0550","11.0000","11.0000","11.0000","16.2907","11.9544","27.4439","13.9081","21.1817","23.1795","11.5697","11.7745","11.0000","11.0000","11.0000","11.6036","15.3226","12.1808","13.0909","13.2620","20.4263","20.7442","15.8564","13.7981","11.9282","25.8462","177.3296","11.0000","12.3305","15.1610","17.2865","16.4039","28.2272"
"C:\Users\cfg364\Sommerlab Dropbox\Casper van der Luijt\Casper\Data\BioLog\OmniLog\CL2\DATA_2024\07\_NRRL 471_Aspergillus oryzae__1_30_CL2_769_7#24#2024_A_24B_35.OKA","7/24/2024 10:32:48 PM","24-B","PM01","","NRRL 471","Aspergillus oryzae","",16.2500,"35.3807","144.4791","21.9933","21.1785","26.3782","19.0495","21.6675","20.4393","57.6076","27.3513","27.5200","34.0479","22.9789","12.7152","17.6426","26.3165","23.9752","14.7058","17.1758","142.8965","14.9940","18.6668","22.7051","23.7590","23.3734","11.0000","15.5811","156.5417","11.0000","32.3005","15.1064","11.8666","15.6689","14.2913","20.0371","24.6309","18.4768","11.0000","11.2218","11.0000","11.0000","11.0000","14.1533","11.0000","13.0703","13.4013","13.3555","21.0309","22.5811","11.0000","13.8571","25.6368","11.0000","11.0000","11.0000","15.3300","17.2673","11.0000","14.6231","27.9305","22.2665","13.5622","17.5120","14.8305","11.6991","11.0000","11.0000","18.9549","11.0000","29.7397","14.6596","25.0927","23.4308","11.0000","11.0000","15.5908","11.0000","11.0000","12.6472","13.0518","13.0404","14.7698","12.9365","24.9745","22.9340","15.3484","11.3751","14.7498","20.1587","178.8278","11.0000","12.3274","11.8047","14.1948","16.1361","22.9037"
"C:\Users\cfg364\Sommerlab Dropbox\Casper van der Luijt\Casper\Data\BioLog\OmniLog\CL2\DATA_2024\07\_NRRL 471_Aspergillus oryzae__1_30_CL2_769_7#24#2024_A_24B_35.OKA","7/24/2024 10:32:48 PM","24-B","PM01","","NRRL 471","Aspergillus oryzae","",16.5000,"34.5232","142.9470","20.6709","23.9370","21.6742","24.2772","22.7610","23.4649","54.6501","30.0671","25.6322","34.7698","23.6120","14.8190","23.0199","28.2751","23.0806","18.2980","12.3567","142.1985","16.1790","21.1645","24.4759","30.1952","27.4311","11.0000","14.9399","157.3663","11.0000","34.1475","15.2430","16.5083","17.4413","16.2429","20.0405","26.5006","17.9274","11.0000","14.8356","12.7973","11.0000","13.4132","12.1761","11.0000","11.9713","12.3974","11.0000","23.5163","20.9449","13.3049","14.4973","27.8718","11.0000","11.0000","11.0000","11.0000","14.2173","11.0000","12.8817","25.9666","24.5215","11.7993","12.4797","15.6970","11.0000","11.2837","11.0631","17.6765","11.0000","33.4238","17.4959","23.7933","21.7186","11.0000","13.7938","11.0000","11.0000","11.5729","17.4265","12.3296","11.5725","15.5465","15.8762","22.7355","21.4794","16.1044","11.0000","11.0000","25.7196","179.9969","11.0000","16.1772","11.0000","16.0512","15.3316","26.3618"
"C:\Users\cfg364\Sommerlab Dropbox\Casper van der Luijt\Casper\Data\BioLog\OmniLog\CL2\DATA_2024\07\_NRRL 471_Aspergillus oryzae__1_30_CL2_769_7#24#2024_A_24B_35.OKA","7/24/2024 10:32:48 PM","24-B","PM01","","NRRL 471","Aspergillus oryzae","",16.7500,"35.3924","148.4962","24.6554","21.0205","26.6139","22.1885","22.3918","20.3083","53.7064","29.1729","27.7929","34.0774","22.2721","14.3309","16.3266","27.7174","21.5292","16.7261","16.8387","145.3134","16.3834","20.7739","15.4775","30.5633","25.2154","11.0000","17.7794","162.0004","11.9990","31.6283","15.2271","12.6285","15.8408","17.1160","16.2525","28.1608","19.6889","11.1306","11.0000","13.8070","11.0000","14.2452","14.0391","11.0000","11.9038","13.5769","12.3125","25.9106","26.8764","12.6408","15.5276","27.8726","11.0000","11.0000","11.0000","11.0955","13.3887","11.0000","13.2961","25.4262","25.2530","11.9304","15.6320","16.0033","11.0000","11.0000","11.3777","18.8089","11.0000","33.6476","15.4361","26.0910","26.2450","11.1583","11.8396","13.8658","11.0000","11.0000","11.8236","11.5709","11.0000","14.9147","11.0000","22.1144","25.3328","15.7166","13.3627","13.7865","24.5137","183.5898","11.0000","12.5863","12.5731","16.0987","15.8403","20.2635"
"C:\Users\cfg364\Sommerlab Dropbox\Casper van der Luijt\Casper\Data\BioLog\OmniLog\CL2\DATA_2024\07\_NRRL 471_Aspergillus oryzae__1_30_CL2_769_7#24#2024_A_24B_35.OKA","7/24/2024 10:32:48 PM","24-B","PM01","","NRRL 471","Aspergillus oryzae","",17.0000,"37.7258","154.8167","25.1408","24.9085","24.1949","26.9282","22.0317","21.9645","54.2390","29.2062","32.5719","35.1338","26.4562","17.2990","19.6517","29.0919","25.3608","22.8952","19.1290","147.9528","16.8375","22.7090","20.2867","34.8376","28.4592","11.0000","20.2589","164.6365","16.7441","35.4882","19.5814","16.5879","17.9246","18.6289","22.6650","34.3714","26.9877","11.4896","12.6746","16.9967","12.0786","14.8069","18.1862","11.7984","17.0359","15.2079","15.6267","28.9123","28.2504","14.5390","15.5900","31.8779","11.0000","11.0000","11.0000","11.0000","17.5292","11.5876","16.6270","26.3477","27.7828","13.9195","14.3659","17.7436","12.2103","11.0000","13.2663","20.0419","13.9669","33.7747","19.8722","24.9277","27.4951","17.1090","12.7102","13.0030","11.9924","11.0000","11.2218","11.0000","13.6473","17.1608","15.0381","25.1115","30.6845","13.5495","13.8290","18.1520","28.3114","186.4566","11.0000","13.3160","14.4994","17.6477","18.6876","23.7257"
"C:\Users\cfg364\Sommerlab Dropbox\Casper van der Luijt\Casper\Data\BioLog\OmniLog\CL2\DATA_2024\07\_NRRL 471_Aspergillus oryzae__1_30_CL2_769_7#24#2024_A_24B_35.OKA","7/24/2024 10:32:48 PM","24-B","PM01","","NRRL 471","Aspergillus oryzae","",17.2500,"38.5659","157.7015","29.8004","28.1644","32.3945","30.1203","26.9420","29.0865","59.1320","33.4665","34.8619","37.0157","26.5811","18.3213","20.1360","30.9139","25.8904","22.2625","19.8710","149.4191","17.5185","24.6769","22.3762","35.6267","29.6995","11.0000","19.0349","168.6872","14.9335","35.2667","19.5496","15.2149","20.0726","21.0432","24.6629","33.2927","25.1867","13.6114","15.9290","20.8563","12.3641","17.8025","19.5791","12.2774","16.2935","16.6758","17.8252","30.4784","29.7464","15.8902","19.1809","31.8148","11.2868","11.0000","15.0040","13.9282","16.6692","14.9500","19.7962","27.2374","28.3690","17.2882","17.2377","20.8823","13.1976","11.2544","14.1162","23.5511","14.4135","36.6334","16.4969","27.3800","28.7147","17.3938","12.7724","16.7932","13.1128","11.3513","15.7518","13.0616","15.1782","17.3533","17.3640","23.2695","29.4234","14.9517","19.7667","15.7989","30.9065","190.4187","11.0000","17.3452","16.0083","19.0353","23.0217","27.6868"
"C:\Users\cfg364\Sommerlab Dropbox\Casper van der Luijt\Casper\Data\BioLog\OmniLog\CL2\DATA_2024\07\_NRRL 471_Aspergillus oryzae__1_30_CL2_769_7#24#2024_A_24B_35.OKA","7/24/2024 10:32:48 PM","24-B","PM01","","NRRL 471","Aspergillus oryzae","",17.5000,"45.0534","161.4731","28.3224","27.5823","26.3744","26.0943","25.2377","29.4211","59.3395","32.2316","30.5990","38.2757","26.5678","19.6614","24.7751","34.5686","27.1812","21.8161","18.8949","154.1966","15.2523","24.3131","22.4695","37.7503","28.3767","11.0000","17.9543","169.0344","16.4358","39.8706","19.3396","15.7785","19.4143","19.9463","25.3752","32.9969","27.8361","13.9224","14.9416","20.2910","14.4961","13.6133","19.6923","12.4721","18.0469","15.3454","18.4333","31.7445","26.6897","18.8632","18.5416","33.9798","11.1911","15.6315","14.4356","13.7030","17.1594","13.0881","16.4462","25.8680","30.1358","16.5656","17.2152","20.8599","11.0000","12.9561","11.7938","24.0615","12.2780","32.0627","20.2461","29.7643","28.9345","15.9784","13.4807","14.2469","11.0000","15.7614","14.6739","12.1788","14.1344","20.8934","19.3610","28.4091","29.2650","22.5782","18.9715","21.3101","28.2233","189.6760","11.0000","17.5751","13.6774","21.5993","19.6378","32.3274"
"C:\Users\cfg364\Sommerlab Dropbox\Casper van der Luijt\Casper\Data\BioLog\OmniLog\CL2\DATA_2024\07\_NRRL 471_Aspergillus oryzae__1_30_CL2_769_7#24#2024_A_24B_35.OKA","7/24/2024 10:32:48 PM","24-B","PM01","","NRRL 471","Aspergillus oryzae","",17.7500,"43.7736","161.5181","26.6068","28.7176","26.5026","29.7338","27.8265","27.9072","55.6595","31.1603","35.9352","40.5143","30.2773","17.3821","24.7014","33.2268","28.9512","19.8264","21.3389","157.4062","20.1092","26.5404","28.7779","39.0060","30.8021","11.0000","19.9887","172.1437","15.7362","40.0168","20.0976","15.7800","21.0151","21.2077","27.0607","32.5319","29.1570","15.1250","17.6244","16.1735","18.8949","14.9890","22.8680","14.0298","15.9359","13.7114","22.6665","29.0426","32.9843","16.0254","18.4169","34.7544","11.0000","11.4084","13.0013","18.3101","18.1152","11.0000","15.8467","30.6276","28.8164","16.6572","20.5533","20.9270","11.1278","13.8475","15.9529","22.1734","15.8249","39.1678","20.2384","27.2099","30.7312","11.0000","15.6987","15.8847","15.2554","12.9127","15.8231","14.9023","12.7632","20.0507","17.0332","26.0627","31.0483","22.4607","20.0894","17.1630","28.6247","191.6718","11.0000","13.6445","20.2817","21.5260","16.4008","29.5512"
"C:\Users\cfg364\Sommerlab Dropbox\Casper van der Luijt\Casper\Data\BioLog\OmniLog\CL2\DATA_2024\07\_NRRL 471_Aspergillus oryzae__1_30_CL2_769_7#24#2024_A_24B_35.OKA","7/24/2024 10:32:48 PM","24-B","PM01","","NRRL 471","Aspergillus oryzae","",18.0000,"43.5657","163.7177","33.6964","32.0962","28.4828","32.2983","28.2165","28.7578","61.6865","35.8979","34.6518","42.6178","27.4458","22.1661","22.2510","37.0048","24.7147","17.2275","22.1571","158.5703","23.5977","26.4432","26.2785","41.9025","34.8003","11.0000","20.8867","174.4690","13.7601","43.1399","20.2994","12.4518","23.5047","23.2108","24.3084","33.9302","25.2549","16.2057","17.7150","17.5587","17.4188","19.0613","21.1990","14.9151","20.2419","16.5869","20.3051","30.2363","29.7009","19.1373","17.1989","38.5139","11.0000","12.0381","15.7025","16.9576","20.8763","16.0127","23.2630","33.4922","33.0839","20.2827","17.5018","21.1884","11.9312","12.8281","13.7187","24.8542","17.6342","39.9462","21.9428","30.2393","31.8044","15.2611","11.6241","16.8985","16.5531","13.7719","13.2270","20.6805","11.9311","20.4630","19.0824","28.6746","30.4487","24.4280","19.2821","21.6899","33.5489","191.9348","11.0000","19.3705","19.4897","21.8051","21.1289","31.7681"
"C:\Users\cfg364\Sommerlab Dropbox\Casper van der Luijt\Casper\Data\BioLog\OmniLog\CL2\DATA_2024\07\_NRRL 471_Aspergillus oryzae__1_30_CL2_769_7#24#2024_A_24B_35.OKA","7/24/2024 10:32:48 PM","24-B","PM01","","NRRL 471","Aspergillus oryzae","",18.2500,"44.2260","166.9173","25.8579","28.7662","28.4909","30.5960","31.6895","27.8534","61.4344","36.4279","37.9472","46.6996","31.2174","19.8081","21.7758","36.8317","26.7118","18.5380","17.3243","162.2745","20.1642","26.8187","24.8329","41.2468","34.0776","11.9415","23.2887","177.2762","14.1020","45.7189","19.9501","13.7084","19.2102","26.1144","28.3417","32.7696","28.5549","13.6936","20.0298","19.0417","13.7730","15.4588","17.0915","14.4604","19.4710","21.3817","22.8652","32.0354","30.9913","17.6100","21.9826","36.0185","16.9712","15.1999","15.0154","18.6307","18.9436","14.8541","22.4944","30.6364","32.6331","19.4427","22.5876","20.4183","13.2337","12.2665","12.8104","24.7555","17.2178","34.0742","21.9919","29.8458","32.3629","16.5520","15.2715","15.7888","11.0000","13.2985","13.6672","15.0688","12.5372","22.1851","21.3166","26.2920","31.4845","22.1391","20.7863","19.3461","31.3293","197.7478","11.0000","21.8772","16.9533","23.0526","20.6620","32.2407"
"C:\Users\cfg364\Sommerlab Dropbox\Casper van der Luijt\Casper\Data\BioLog\OmniLog\CL2\DATA_2024\07\_NRRL 471_Aspergillus oryzae__1_30_CL2_769_7#24#2024_A_24B_35.OKA","7/24/2024 10:32:48 PM","24-B","PM01","","NRRL 471","Aspergillus oryzae","",18.5000,"48.1744","169.4064","27.3324","33.0349","31.7095","31.4355","28.8697","24.1664","64.0467","35.5468","38.0830","42.5748","29.1817","21.3291","23.9577","34.1125","28.3692","21.4296","16.6563","162.7857","20.9881","27.6885","28.6699","41.0655","30.1190","11.0000","21.5809","177.4666","14.4540","44.0100","21.9015","16.7969","25.3040","25.0060","21.3910","29.3628","25.6519","14.6694","21.2599","22.4753","18.7250","21.4300","20.7282","13.9072","20.3417","14.5531","24.5669","25.8344","32.7274","16.1049","19.7867","34.1738","11.3523","14.9793","12.1760","17.9219","18.7105","13.3887","17.9179","31.1277","29.2267","15.7608","17.7785","19.3796","11.6396","12.7054","16.3396","30.3225","17.5137","35.0463","27.5070","36.2969","33.0095","12.9125","14.7476","14.2353","14.4243","12.7599","14.6014","15.5696","11.6724","25.0880","21.3083","33.8934","32.0128","22.7095","20.2940","17.8947","27.7763","198.5190","11.0000","21.2800","21.3034","21.9215","19.2654","29.9062"
"C:\Users\cfg364\Sommerlab Dropbox\Casper van der Luijt\Casper\Data\BioLog\OmniLog\CL2\DATA_2024\07\_NRRL 471_Aspergillus oryzae__1_30_CL2_769_7#24#2024_A_24B_35.OKA","7/24/2024 10:32:48 PM","24-B","PM01","","NRRL 471","Aspergillus oryzae","",18.7500,"46.8867","171.3896","29.8406","32.8586","28.4662","35.2525","27.3059","33.0681","60.8786","38.6985","34.8158","46.7950","30.1755","22.6340","23.0592","39.7930","26.8442","24.2594","24.1680","161.6103","23.5882","29.7766","27.2725","34.5302","34.7233","11.0000","24.2537","180.2007","14.1505","45.1943","20.9402","19.4719","24.4457","23.7655","28.2872","34.4883","27.8555","16.8440","17.0127","19.5148","21.3736","19.1713","22.0209","14.6396","22.4813","15.4720","24.6645","32.6435","35.1664","22.6320","19.7568","36.6796","14.0081","12.2589","15.5405","17.7329","21.8747","16.3922","22.0146","34.3085","33.4399","17.6863","21.8004","21.4651","12.3147","13.8413","12.2990","27.3099","17.7214","34.4619","17.1678","33.5118","31.7816","16.2175","15.4508","17.2878","14.0192","13.8770","14.8907","15.2971","16.6334","22.1817","20.5618","31.2737","32.7300","25.1392","21.1660","19.8109","31.8265","199.0317","11.0000","19.1335","19.1972","24.6517","21.6725","34.6490"
"C:\Users\cfg364\Sommerlab Dropbox\Casper van der Luijt\Casper\Data\BioLog\OmniLog\CL2\DATA_2024\07\_NRRL 471_Aspergillus oryzae__1_30_CL2_769_7#24#2024_A_24B_35.OKA","7/24/2024 10:32:48 PM","24-B","PM01","","NRRL 471","Aspergillus oryzae","",19.0000,"47.9795","174.9743","32.2711","32.4819","29.6670","34.8869","29.9586","31.9631","61.0392","39.6987","41.5566","45.2631","28.3756","26.7177","25.1827","37.5444","29.6264","24.3282","24.1898","164.8411","18.8819","26.6799","28.9485","36.2393","35.9533","11.0000","23.8150","184.0604","15.4942","47.9882","20.7907","18.6591","30.2285","23.5892","24.2742","38.0814","27.7408","20.6872","17.8114","21.2854","20.0466","19.5824","20.4508","15.5531","21.3816","19.6774","22.1954","31.8898","34.9690","19.5891","24.2861","42.2039","18.6471","13.0776","15.5034","16.7875","20.7010","17.4806","19.7264","34.0667","32.2608","19.6285","21.4300","23.1110","13.5296","14.7214","17.8885","26.7314","17.7829","39.6021","20.7653","34.0350","32.4196","13.5193","18.3319","16.1947","15.9389","18.2514","13.1580","16.2884","14.7843","20.8710","18.3781","35.5013","31.1381","22.1549","21.9046","23.7722","34.3467","200.6767","11.0000","18.9175","22.3851","26.3269","23.4851","35.8618"
"C:\Users\cfg364\Sommerlab Dropbox\Casper van der Luijt\Casper\Data\BioLog\OmniLog\CL2\DATA_2024\07\_NRRL 471_Aspergillus oryzae__1_30_CL2_769_7#24#2024_A_24B_35.OKA","7/24/2024 10:32:48 PM","24-B","PM01","","NRRL 471","Aspergillus oryzae","",19.2500,"47.5137","180.4083","30.4704","34.6619","34.6602","36.6990","30.2545","36.6243","62.1423","39.7040","40.1823","49.1360","32.7028","19.4769","27.0420","37.7460","32.7269","25.0296","24.8811","170.3261","22.9274","33.8474","28.4137","44.4594","35.4943","11.0000","27.5841","187.1197","16.2898","50.5941","24.2354","18.8164","31.5133","28.1467","29.8789","40.1010","29.1578","19.8990","21.5596","22.8002","21.8080","21.2148","19.8835","14.8018","21.2077","21.1260","29.2988","36.6612","35.7516","21.6427","21.9438","45.1582","16.8420","17.2090","19.3532","20.2860","24.4637","19.3250","21.5746","36.1322","36.1248","19.2020","23.5091","23.0902","11.6729","15.5729","14.5656","27.2655","18.2841","41.5370","26.8298","36.6028","35.9281","19.9584","14.7448","18.6685","14.4910","15.1801","15.3919","16.9480","19.4981","27.3842","29.0655","32.6834","38.4273","30.8365","23.4799","24.5721","41.7275","205.9509","11.0000","25.2649","21.5696","25.4024","23.8268","36.9471"
"C:\Users\cfg364\Sommerlab Dropbox\Casper van der Luijt\Casper\Data\BioLog\OmniLog\CL2\DATA_2024\07\_NRRL 471_Aspergillus oryzae__1_30_CL2_769_7#24#2024_A_24B_35.OKA","7/24/2024 10:32:48 PM","24-B","PM01","","NRRL 471","Aspergillus oryzae","",19.5000,"49.6843","177.7260","34.1299","36.6591","35.3925","36.1523","35.4847","33.2395","65.1955","42.7025","40.8445","52.6763","32.0461","20.3958","25.2762","42.1930","29.7560","26.2750","27.2042","172.3203","21.7871","26.5327","31.7373","44.5692","34.3586","11.0000","25.2833","187.0349","17.4313","52.1936","27.4953","20.4879","26.2015","25.8222","28.9379","36.0292","32.9987","18.8971","22.8029","20.3523","24.9422","20.5060","22.1205","12.7612","21.1290","20.7264","26.1634","35.3503","34.3584","23.7887","22.4957","44.5427","16.5385","18.4994","23.5381","22.6769","23.1775","19.4902","22.6519","37.6263","33.8849","22.7629","24.0514","25.0323","11.3215","18.6582","12.8076","30.0303","18.8627","41.9305","24.1197","36.0813","35.3817","20.0473","16.6609","22.6223","17.4423","23.8251","17.1489","18.8277","19.3152","20.7147","24.2089","36.2171","34.3322","29.0520","24.8889","24.6228","37.7440","206.1227","11.4081","25.1151","24.2803","28.0631","28.1730","36.2184"
"C:\Users\cfg364\Sommerlab Dropbox\Casper van der Luijt\Casper\Data\BioLog\OmniLog\CL2\DATA_2024\07\_NRRL 471_Aspergillus oryzae__1_30_CL2_769_7#24#2024_A_24B_35.OKA","7/24/2024 10:32:48 PM","24-B","PM01","","NRRL 471","Aspergillus oryzae","",19.7500,"49.2301","183.0601","31.8687","38.4499","38.2143","37.7505","30.8911","38.4586","67.3153","43.5488","41.9857","51.2756","34.9459","24.4733","26.1855","43.7608","33.4848","22.4623","29.8468","174.8664","22.6092","29.9165","29.1686","46.9220","37.8455","11.0000","28.5070","188.5492","23.2452","57.2018","23.8131","21.0924","27.2871","27.3993","29.5833","37.6931","32.5699","18.0199","23.9932","21.2890","24.8831","25.2304","21.3953","14.2214","23.2649","21.6673","25.1699","32.9635","35.8448","20.3964","20.4306","47.4818","14.0557","17.7072","18.1463","24.2407","27.3095","15.3006","24.7284","37.4395","36.2631","19.6905","24.2379","25.6691","15.9989","17.9956","13.6015","28.5662","23.8096","37.6406","27.8613","39.9851","34.6501","16.1705","15.1694","20.4027","19.0267","22.7870","14.7261","24.2015","19.3221","25.6185","24.4540","36.6637","37.8828","28.6636","24.3960","25.6786","36.8375","206.9898","11.0000","27.5986","23.0538","28.2389","21.1667","36.3439"
"C:\Users\cfg364\Sommerlab Dropbox\Casper van der Luijt\Casper\Data\BioLog\OmniLog\CL2\DATA_2024\07\_NRRL 471_Aspergillus oryzae__1_30_CL2_769_7#24#2024_A_24B_35.OKA","7/24/2024 10:32:48 PM","24-B","PM01","","NRRL 471","Aspergillus oryzae","",20.0000,"48.3913","185.1563","33.1476","38.2589","37.2209","41.1580","31.4519","32.3676","65.3609","45.2758","44.7891","53.4670","32.8529","23.0838","25.9947","44.2351","29.2571","23.4915","24.7128","176.9913","21.3212","26.4186","30.9609","46.2100","40.5756","13.3096","24.4227","191.4622","17.6308","56.9671","20.4530","20.9762","30.9529","26.4798","30.1065","42.4705","33.8797","18.3016","21.6534","21.4397","23.4860","23.6110","21.1381","16.8460","24.5156","23.2419","25.0339","36.8927","37.4325","23.7375","28.0012","45.7498","21.2013","18.2802","18.4522","20.1633","25.3334","17.9726","20.8483","37.1612","36.0835","24.4137","25.0046","25.3784","15.6043","18.7565","12.3032","28.4796","26.0313","44.6493","22.7912","44.6550","34.5413","20.2115","18.3881","20.9975","15.2449","19.6131","19.0189","21.9435","21.0744","24.0537","23.2016","39.4282","35.4352","27.6660","24.5582","26.1741","37.9440","209.5836","11.0000","28.9854","23.9840","30.3182","24.9069","38.7557"
"C:\Users\cfg364\Sommerlab Dropbox\Casper van der Luijt\Casper\Data\BioLog\OmniLog\CL2\DATA_2024\07\_NRRL 471_Aspergillus oryzae__1_30_CL2_769_7#24#2024_A_24B_35.OKA","7/24/2024 10:32:48 PM","24-B","PM01","","NRRL 471","Aspergillus oryzae","",20.2500,"51.6832","185.9369","34.8713","39.7069","36.4311","43.3694","30.4031","39.6227","66.7257","48.8890","47.9392","51.3535","35.1777","24.8241","32.0119","45.8314","31.3481","24.0027","27.2295","178.1264","26.3186","30.8992","31.9146","45.1190","41.5216","11.3904","27.9120","190.8821","18.2907","57.8771","26.1120","18.2817","33.0987","26.6091","31.5516","42.7671","36.3165","22.9838","25.0259","18.1531","22.3769","19.4597","21.4579","17.6446","25.6097","22.9504","26.6984","35.9094","38.9927","22.5473","25.2711","47.1675","21.3597","19.0926","16.0104","22.3511","25.3334","22.2408","21.5934","37.3837","37.8113","24.5730","23.7734","26.0911","16.2757","20.2069","14.9414","29.6154","25.0483","43.6680","21.8544","43.3786","34.7865","21.1644","18.2949","19.7284","15.1162","19.0411","18.1948","21.9435","20.6613","23.9896","26.6052","38.7167","39.6513","27.3169","26.3743","25.8638","39.7020","211.1047","11.0000","25.9139","25.3016","31.5997","28.0748","40.6432"
"C:\Users\cfg364\Sommerlab Dropbox\Casper van der Luijt\Casper\Data\BioLog\OmniLog\CL2\DATA_2024\07\_NRRL 471_Aspergillus oryzae__1_30_CL2_769_7#24#2024_A_24B_35.OKA","7/24/2024 10:32:48 PM","24-B","PM01","","NRRL 471","Aspergillus oryzae","",20.5000,"52.1120","190.6229","32.7024","40.6769","36.1511","44.4643","35.3515","40.9535","69.2904","46.4139","48.5683","54.0012","37.2138","27.7563","27.0799","49.1361","32.3159","27.3083","25.8181","179.3630","25.6405","34.3542","32.0611","50.7494","38.6139","11.0000","24.8067","195.0022","24.2011","58.6408","28.8257","20.2684","28.6683","30.4671","29.0090","46.0536","31.5133","20.8685","26.0815","25.9895","21.6918","25.6724","27.8370","21.2606","21.5380","23.2953","29.1524","40.4548","44.1584","22.7252","25.2750","49.6107","16.9228","20.8036","18.9812","17.9390","29.0001","24.8352","23.8229","40.0712","37.6686","23.1832","25.5649","25.7035","18.5032","19.5942","16.5533","30.6654","24.1378","41.0204","30.9409","38.8838","36.9273","21.5495","17.3804","21.9339","17.2637","21.3760","16.6121","23.4694","22.8626","24.4732","29.2431","37.7071","39.6416","27.8847","31.1522","28.9503","42.7226","212.1250","11.0000","27.9936","26.0329","35.1394","26.3607","39.5508"
"C:\Users\cfg364\Sommerlab Dropbox\Casper van der Luijt\Casper\Data\BioLog\OmniLog\CL2\DATA_2024\07\_NRRL 471_Aspergillus oryzae__1_30_CL2_769_7#24#2024_A_24B_35.OKA","7/24/2024 10:32:48 PM","24-B","PM01","","NRRL 471","Aspergillus oryzae","",20.7500,"51.5014","189.2729","43.2707","37.1587","38.1544","44.9330","36.6336","43.3069","66.7328","52.0593","47.7424","57.2106","32.1877","31.7093","29.8688","51.3505","37.6506","28.9018","29.5119","183.7801","27.6890","33.3857","34.0229","48.8873","43.3455","16.3608","32.0163","196.1205","21.8582","62.4464","29.6574","19.5693","32.8799","31.6028","26.2838","47.8768","35.0261","22.5385","25.2139","23.9199","27.2875","21.8139","27.8304","20.2592","27.8081","23.0526","32.7932","40.5017","40.6819","24.0685","26.0514","49.7052","18.3342","21.7488","23.0895","25.3809","22.2119","24.6099","24.0152","46.8655","37.6684","25.6178","25.3044","27.2746","13.0323","21.0300","20.1595","31.0733","23.6285","41.5551","26.9596","40.7051","38.9300","22.6699","21.1433","22.3029","18.5750","22.3397","19.2743","25.3053","21.2210","32.2564","28.4960","39.8426","42.9035","30.2907","28.4952","32.0927","41.1568","212.7004","11.0000","33.4697","30.4728","30.9954","27.1148","45.1135"
"C:\Users\cfg364\Sommerlab Dropbox\Casper van der Luijt\Casper\Data\BioLog\OmniLog\CL2\DATA_2024\07\_NRRL 471_Aspergillus oryzae__1_30_CL2_769_7#24#2024_A_24B_35.OKA","7/24/2024 10:32:48 PM","24-B","PM01","","NRRL 471","Aspergillus oryzae","",21.0000,"55.2275","191.5776","34.8830","42.4384","37.7306","41.9460","34.4420","36.2996","69.4795","45.1789","47.6938","51.7041","32.0384","31.5867","29.0243","49.0330","33.0421","28.0255","26.9517","186.4843","21.9720","29.9342","34.0284","46.6588","43.9030","13.9927","24.2990","198.0000","18.8605","58.5876","28.8686","19.4641","33.5774","32.4251","30.9053","40.5442","34.8383","19.9371","21.3505","20.4495","22.2511","22.5128","24.1721","18.6989","28.6497","20.6829","29.7365","42.5129","42.8765","23.2788","22.5110","49.8048","16.7618","19.4918","18.5314","20.8623","26.9470","18.8928","23.1966","41.0242","37.2212","21.7051","25.8259","26.8577","18.7941","20.6805","16.5601","33.2690","21.3471","41.2886","26.7919","41.3012","39.6219","20.3902","17.1045","25.9096","15.1657","22.4538","18.7695","22.1608","19.0092","29.5088","27.9078","34.3335","39.6025","28.3917","24.9498","27.9183","41.4597","218.4405","11.0000","30.4114","25.5214","34.8689","27.5070","43.7329"
"C:\Users\cfg364\Sommerlab Dropbox\Casper van der Luijt\Casper\Data\BioLog\OmniLog\CL2\DATA_2024\07\_NRRL 471_Aspergillus oryzae__1_30_CL2_769_7#24#2024_A_24B_35.OKA","7/24/2024 10:32:48 PM","24-B","PM01","","NRRL 471","Aspergillus oryzae","",21.2500,"52.6145","192.8665","36.6412","40.1087","39.6464","41.4629","36.1060","40.9175","68.4396","51.3069","47.6575","53.8712","31.8786","28.5960","27.8291","52.7160","36.5425","29.4162","27.4621","184.3016","24.3812","33.2647","30.7467","51.7660","38.0628","11.0000","25.6279","198.4800","21.5302","63.0158","29.5477","24.5458","33.7398","33.8908","32.8014","42.1574","35.7613","22.8328","24.2396","23.7648","28.0266","24.5568","23.1329","20.5810","26.0819","23.0757","33.2246","36.9431","41.7277","22.7476","24.4434","50.4798","17.3814","18.9572","17.3679","23.5719","25.5361","19.9156","19.7273","37.8227","34.5389","22.5463","25.8744","26.9006","16.1360","18.6540","19.0213","27.6934","22.9153","42.8535","24.5889","43.1941","36.4798","22.4461","21.6103","25.4698","18.3657","23.3457","17.5463","24.9588","18.6013","29.5613","24.1032","37.8555","37.3081","31.7132","28.6836","29.0674","43.0688","218.2763","11.0000","25.2969","25.7731","30.7734","24.2733","39.9265"
"C:\Users\cfg364\Sommerlab Dropbox\Casper van der Luijt\Casper\Data\BioLog\OmniLog\CL2\DATA_2024\07\_NRRL 471_Aspergillus oryzae__1_30_CL2_769_7#24#2024_A_24B_35.OKA","7/24/2024 10:32:48 PM","24-B","PM01","","NRRL 471","Aspergillus oryzae","",21.5000,"53.6153","197.1156","44.3276","41.3122","36.5197","42.7426","39.8213","41.0656","70.8316","53.8277","49.6060","55.9907","37.9368","31.8650","29.7810","52.5803","36.3226","29.6529","29.5950","186.8386","32.0213","30.1477","34.6696","51.5893","43.9362","16.7938","27.9887","205.6518","22.6477","61.3157","29.8719","21.5117","33.5053","33.5561","35.3964","46.2431","38.5739","24.6761","27.3884","27.3055","23.7366","23.8035","27.2766","22.0125","24.3267","23.7555","31.9909","42.1232","41.6326","26.4112","27.7330","53.8479","18.4696","21.4204","22.8990","28.1315","28.5037","24.4983","24.6164","41.5682","38.9556","24.0447","30.4626","32.4431","22.3759","19.1414","20.4381","32.8622","27.0215","39.2605","28.1766","46.4922","41.0847","24.8663","23.1996","26.4900","18.9085","21.5787","20.7010","27.0771","23.5282","28.9415","27.6131","40.2953","43.2450","30.3990","29.9429","28.4810","45.9661","222.4378","11.0000","30.0951","34.5439","33.6270","30.5286","41.7895"
"C:\Users\cfg364\Sommerlab Dropbox\Casper van der Luijt\Casper\Data\BioLog\OmniLog\CL2\DATA_2024\07\_NRRL 471_Aspergillus oryzae__1_30_CL2_769_7#24#2024_A_24B_35.OKA","7/24/2024 10:32:48 PM","24-B","PM01","","NRRL 471","Aspergillus oryzae","",21.7500,"55.4229","195.1364","38.8202","40.2245","34.0815","45.7058","39.0697","41.0160","70.5086","47.4343","49.9536","59.1891","34.7880","27.2930","31.4355","51.3334","36.2939","29.9423","30.3725","191.0782","28.1145","32.7949","33.9311","48.9002","43.6557","15.5548","30.5662","199.5964","25.1813","64.0380","32.1575","22.6180","36.1811","31.0856","34.5508","43.6796","36.4396","23.7601","23.4572","26.4943","30.1703","26.9256","23.6543","19.0309","27.0128","22.8411","34.5570","38.2237","43.7229","26.0121","26.9814","52.8038","18.3596","21.0354","18.6319","24.1798","26.9914","24.9500","23.4484","44.1569","39.8544","26.1157","25.2673","26.2564","18.3375","21.3705","14.3062","30.5886","22.7354","44.0463","28.1763","45.7399","42.5977","21.0788","21.1198","22.3226","16.7856","22.5487","19.5494","21.8378","24.8356","28.6214","29.7538","42.5160","44.4525","29.7163","31.0920","32.5970","45.6582","220.3259","11.0000","28.7560","29.1056","32.9755","29.0007","45.8705"
"C:\Users\cfg364\Sommerlab Dropbox\Casper van der Luijt\Casper\Data\BioLog\OmniLog\CL2\DATA_2024\07\_NRRL 471_Aspergillus oryzae__1_30_CL2_769_7#24#2024_A_24B_35.OKA","7/24/2024 10:32:48 PM","24-B","PM01","","NRRL 471","Aspergillus oryzae","",22.0000,"52.7069","198.1655","38.8576","42.8491","41.2962","47.5421","37.7184","43.9558","72.9819","55.8193","53.7404","58.8420","38.4365","32.3586","31.7798","53.9926","44.3797","32.5089","29.6186","190.0864","31.5666","34.3256","34.0344","50.4446","43.3954","19.4974","31.6051","201.6533","23.5736","65.8479","31.7801","24.6128","39.8823","34.7949","32.3857","45.4122","36.9004","27.9333","24.0502","26.3081","28.2357","24.3562","24.6737","20.4096","23.0329","28.1986","31.3426","45.2500","42.3109","30.0744","25.6789","54.9819","19.7068","24.8417","20.3951","25.6815","25.8579","23.3369","25.0490","45.4765","42.0810","26.8309","28.7660","24.2235","18.9469","21.9273","19.6561","30.7461","26.4718","45.2382","34.2600","46.1889","42.1974","24.9817","16.3199","23.4004","19.3377","22.4666","22.5036","22.1675","24.6005","33.1817","24.9873","39.9631","42.0576","35.4851","28.3655","31.8020","48.7728","224.3397","11.0000","30.1161","30.0174","35.3105","30.2779","46.3366"
"C:\Users\cfg364\Sommerlab Dropbox\Casper van der Luijt\Casper\Data\BioLog\OmniLog\CL2\DATA_2024\07\_NRRL 471_Aspergillus oryzae__1_30_CL2_769_7#24#2024_A_24B_35.OKA","7/24/2024 10:32:48 PM","24-B","PM01","","NRRL 471","Aspergillus oryzae","",22.2500,"56.2200","200.7229","42.1459","41.5533","41.6184","46.4086","36.3951","43.4293","73.7093","56.7764","53.5133","59.4165","35.4952","33.3960","31.7325","52.4275","34.3441","29.7599","32.2193","191.6258","30.1685","31.8832","37.7554","51.7803","43.2797","19.0641","31.7025","205.7822","27.0720","65.9069","35.7211","25.9702","35.0171","33.7661","31.9400","49.8775","37.3896","27.9492","22.7888","26.1958","27.8958","28.4524","25.8108","24.7824","28.6141","25.9755","34.4669","40.2130","45.3487","23.5340","28.9118","54.9884","21.9236","18.0807","22.5707","26.2012","27.3412","23.4441","25.4189","44.8853","39.2363","23.2128","29.3123","29.0001","21.5422","25.1593","15.2576","31.9224","24.2803","43.2583","30.7779","47.3991","43.0882","22.0173","20.5848","23.6579","21.8203","24.2922","19.0980","26.9596","20.9627","28.7579","27.4502","43.6015","37.3998","32.1645","33.3144","33.0270","47.5492","223.0641","11.0000","31.6465","28.3706","35.9791","28.5346","45.3365"
"C:\Users\cfg364\Sommerlab Dropbox\Casper van der Luijt\Casper\Data\BioLog\OmniLog\CL2\DATA_2024\07\_NRRL 471_Aspergillus oryzae__1_30_CL2_769_7#24#2024_A_24B_35.OKA","7/24/2024 10:32:48 PM","24-B","PM01","","NRRL 471","Aspergillus oryzae","",22.5000,"57.2978","205.7394","39.0008","42.6745","41.9517","45.2088","41.1245","43.8272","71.4085","55.4791","56.6427","58.8688","35.9780","32.1581","33.5581","57.7849","42.9053","30.3269","31.9550","197.6596","30.1310","35.9711","34.4595","52.0778","44.7809","16.1209","31.3461","206.0137","21.7615","67.0714","31.9027","25.2916","36.5685","34.5933","34.9097","45.7497","39.6874","25.4786","26.2889","29.1281","29.7612","27.8118","26.1854","18.8698","27.0548","25.4668","34.7840","42.2732","47.3511","24.6983","27.5233","57.5262","21.4396","19.7359","25.5016","31.0326","25.0902","26.0788","25.1753","45.3701","44.3544","26.7207","27.6570","31.4628","20.6409","21.0185","16.9917","34.5639","29.1486","39.3098","30.8305","50.1070","38.8985","23.0100","22.7771","23.7129","21.8637","26.3403","21.2938","24.5389","23.5787","28.5906","31.0321","45.1318","44.1021","32.5833","32.5419","31.1951","47.4432","224.8347","11.0000","35.6901","30.3983","34.2819","27.8408","47.1913"
"C:\Users\cfg364\Sommerlab Dropbox\Casper van der Luijt\Casper\Data\BioLog\OmniLog\CL2\DATA_2024\07\_NRRL 471_Aspergillus oryzae__1_30_CL2_769_7#24#2024_A_24B_35.OKA","7/24/2024 10:32:48 PM","24-B","PM01","","NRRL 471","Aspergillus oryzae","",22.7500,"56.2266","203.7548","42.8025","44.9133","38.5974","51.6640","35.6609","40.7836","70.6427","54.8873","57.0884","59.6072","41.9136","29.7977","30.9693","55.3350","40.0963","31.4669","24.7764","194.8465","31.6425","40.0183","38.8780","48.4151","41.8778","18.7059","29.8545","206.0656","24.8173","67.2962","34.1353","23.3114","38.2880","35.3752","34.3577","43.5601","40.2118","24.8761","30.6864","29.5342","29.0357","24.3749","25.7591","21.5461","24.5876","27.0205","32.4280","45.2568","46.4371","29.7067","28.2795","61.1348","17.8103","19.0680","20.4494","26.5774","24.5808","23.8161","24.0314","45.7449","45.2057","25.6210","25.5697","28.4819","21.5890","19.1536","21.4864","36.1833","28.7229","38.9094","32.8320","48.4760","40.3177","27.1574","21.4831","25.1811","25.2381","22.4347","24.4936","30.8474","23.3687","35.9756","30.4449","45.8055","42.3213","36.1027","31.4864","31.8473","52.9019","225.4718","11.0000","33.6350","26.8734","32.9744","31.4238","48.0914"
"C:\Users\cfg364\Sommerlab Dropbox\Casper van der Luijt\Casper\Data\BioLog\OmniLog\CL2\DATA_2024\07\_NRRL 471_Aspergillus oryzae__1_30_CL2_769_7#24#2024_A_24B_35.OKA","7/24/2024 10:32:48 PM","24-B","PM01","","NRRL 471","Aspergillus oryzae","",23.0000,"52.9846","205.2290","42.7848","43.3140","44.3315","53.7254","44.6908","43.0417","69.4207","57.7960","61.5841","63.7692","37.0575","31.5879","35.6522","57.2248","36.8232","33.5560","25.2668","199.9718","34.4503","31.4206","40.3603","54.5073","45.1313","17.5970","32.3364","208.2098","25.4068","69.8491","36.2677","23.3146","39.9081","38.1441","36.4865","47.4173","40.5218","26.7770","28.4485","26.0579","27.9489","27.7301","27.3791","22.4735","24.8728","24.5363","32.3663","45.6659","48.8170","30.3997","28.4743","59.3891","19.6270","20.2425","20.9835","24.6708","24.5713","29.5787","24.7380","52.6271","42.1878","29.4435","27.5548","29.5351","24.9433","20.6088","21.0610","30.2593","29.8202","41.7549","30.3682","47.1635","45.2362","19.1078","23.3976","30.1711","21.5037","22.3688","21.7498","27.6070","22.8100","31.9758","31.7247","40.8882","44.1545","35.5857","30.5755","36.6660","49.1235","225.1951","11.0000","35.0351","34.5898","36.4106","30.0289","50.3627"
"C:\Users\cfg364\Sommerlab Dropbox\Casper van der Luijt\Casper\Data\BioLog\OmniLog\CL2\DATA_2024\07\_NRRL 471_Aspergillus oryzae__1_30_CL2_769_7#24#2024_A_24B_35.OKA","7/24/2024 10:32:48 PM","24-B","PM01","","NRRL 471","Aspergillus oryzae","",23.2500,"53.8905","208.5806","42.4273","45.5523","41.9394","54.4659","42.2447","44.3353","69.2532","56.6286","56.5191","69.3308","38.3416","34.2231","33.9398","57.7998","39.1764","36.0692","26.7033","198.3816","34.8406","33.2049","39.7678","55.2363","45.8643","16.9406","31.6765","210.6266","28.9772","68.5498","37.0951","22.5712","41.1900","36.1477","35.7171","48.2419","38.7834","25.8624","29.8973","27.1519","26.9275","28.3892","28.7413","23.2427","27.3686","22.4059","35.0863","48.8648","50.6135","30.2076","31.8884","61.2756","18.9214","20.7770","22.6051","30.3485","26.0437","30.4897","26.0728","51.7763","43.2367","25.8955","29.1271","28.9433","22.7736","22.7265","19.4158","36.0371","27.6548","42.6190","32.4375","50.1093","45.7869","19.6525","23.5841","27.1814","21.0862","25.4431","22.5449","27.9239","22.5860","35.0680","33.1936","41.9824","48.1910","36.7595","32.7644","37.4989","54.2555","230.1674","11.0000","35.2568","34.9734","36.5071","32.3518","48.6284"
"C:\Users\cfg364\Sommerlab Dropbox\Casper van der Luijt\Casper\Data\BioLog\OmniLog\CL2\DATA_2024\07\_NRRL 471_Aspergillus oryzae__1_30_CL2_769_7#24#2024_A_24B_35.OKA","7/24/2024 10:32:48 PM","24-B","PM01","","NRRL 471","Aspergillus oryzae","",23.5000,"58.0525","210.3919","45.2747","43.1108","39.7818","51.6683","39.8325","43.8332","76.2520","58.3555","61.0664","62.0762","41.8337","34.6603","33.7018","63.9257","38.5990","36.5178","32.6682","200.1889","26.4331","37.5871","41.0897","55.4867","45.4344","15.3177","29.4728","211.3544","27.1563","71.3941","35.3194","24.5114","45.0077","40.6047","37.2651","47.9292","37.3852","29.0463","28.4623","27.0426","33.8556","30.2954","28.7044","21.3409","26.9160","26.7153","38.6423","45.3690","46.9931","29.7954","30.4210","59.4352","22.5692","20.7484","22.2648","33.5415","30.9448","29.6300","28.2485","51.5774","46.0839","26.4055","29.6444","24.2236","26.0852","23.4171","20.7290","34.9726","30.1390","39.9213","34.0113","51.1133","45.1933","25.3484","22.5250","27.4127","22.4657","26.9674","23.2410","29.5681","21.7579","35.3049","29.1187","45.1295","43.3467","35.8709","33.0037","36.4765","52.8164","231.2232","11.0000","35.2125","30.4930","35.1807","28.8526","52.0909"
"C:\Users\cfg364\Sommerlab Dropbox\Casper van der Luijt\Casper\Data\BioLog\OmniLog\CL2\DATA_2024\07\_NRRL 471_Aspergillus oryzae__1_30_CL2_769_7#24#2024_A_24B_35.OKA","7/24/2024 10:32:48 PM","24-B","PM01","","NRRL 471","Aspergillus oryzae","",23.7500,"59.3484","210.0260","44.4215","47.2486","43.7021","56.1333","44.4008","48.8516","77.6680","60.1537","61.2166","65.9432","42.7299","35.1548","35.3051","61.6722","40.1421","37.0542","31.3961","201.9647","31.7413","38.7024","42.8742","60.3118","44.9975","22.0457","36.2774","216.9722","27.4887","72.7396","37.8434","30.1234","46.9640","38.9133","38.4589","53.9107","39.9490","25.3163","29.0777","32.9502","36.4417","33.2085","26.4048","21.1175","30.0222","26.0419","37.1710","47.4380","50.5541","28.0399","27.4571","59.6646","25.6003","23.3521","25.7994","30.7365","32.8468","32.5115","29.3476","50.7282","42.7832","29.1668","31.9354","31.3532","18.5227","23.9198","22.5234","36.1115","30.5899","48.3941","35.6695","52.4847","45.1461","27.3987","22.3417","24.8015","27.5393","21.6499","20.8040","28.6900","25.0551","34.3171","30.2070","47.3264","44.3182","37.6435","33.8253","36.6599","53.2706","229.6047","11.0000","37.8265","38.5395","38.5147","32.6248","53.7937"
"C:\Users\cfg364\Sommerlab Dropbox\Casper van der Luijt\Casper\Data\BioLog\OmniLog\CL2\DATA_2024\07\_NRRL 471_Aspergillus oryzae__1_30_CL2_769_7#24#2024_A_24B_35.OKA","7/24/2024 10:32:48 PM","24-B","PM01","","NRRL 471","Aspergillus oryzae","",24.0000,"57.6875","215.9021","44.3857","47.4448","42.8021","56.9276","40.7952","43.8895","73.8825","63.1789","61.8906","66.9959","37.8052","36.3231","36.7144","65.4790","40.7845","35.5254","38.1133","203.6974","32.1882","35.8173","41.4728","58.5246","46.1971","21.2765","33.5608","215.4084","28.8208","71.2507","36.5358","23.0786","45.1501","41.2953","37.0270","48.3612","46.0257","28.5738","30.1203","30.0000","33.7230","30.7733","25.5242","21.3666","28.1619","24.0629","35.5976","49.5771","49.6587","28.1420","30.6503","63.4796","25.4328","21.0332","24.0563","30.2908","30.3328","26.4354","28.7083","46.7965","42.9115","29.4811","28.9051","30.0739","23.9854","22.8355","24.0769","32.3689","28.5370","41.2472","35.8691","52.8413","46.4116","22.7014","23.1580","24.9115","23.5826","30.5424","19.5678","31.6225","27.2294","34.6414","28.1639","50.1198","44.7605","41.2350","33.3206","37.6071","56.7095","233.1363","11.0000","38.3958","34.0663","36.4138","36.5482","53.3260"
"C:\Users\cfg364\Sommerlab Dropbox\Casper van der Luijt\Casper\Data\BioLog\OmniLog\CL2\DATA_2024\07\_NRRL 471_Aspergillus oryzae__1_30_CL2_769_7#24#2024_A_24B_35.OKA","7/24/2024 10:32:48 PM","24-B","PM01","","NRRL 471","Aspergillus oryzae","",24.2500,"55.7779","215.4616","47.4183","48.7176","41.5298","56.0694","42.3003","46.1229","77.4653","59.6554","58.9311","67.0732","41.3571","38.9216","36.4884","63.7154","43.5435","34.3122","32.7452","206.5585","32.4788","37.2065","47.1124","60.2523","50.0692","22.8326","34.1904","212.1635","29.3311","78.9171","39.1262","27.9018","46.3925","42.6336","38.9415","48.7213","45.7435","24.7636","29.7329","31.9758","34.6926","28.2951","30.9035","23.5845","28.6922","26.4062","41.9780","45.5181","50.1375","26.6442","31.1651","63.6116","27.6885","23.6693","23.2624","28.3463","27.8114","27.9856","27.8894","51.0495","41.2618","27.1809","29.3400","30.1968","21.5552","25.1825","23.1066","32.7144","30.7299","42.7877","37.8587","52.0308","46.3685","26.3611","27.3473","31.8769","21.5680","26.3660","28.8656","29.1402","26.9236","36.5861","33.4917","49.6675","50.9746","37.5824","34.9454","37.3960","56.2215","232.5511","11.0000","34.2833","39.2887","38.9216","34.3340","53.3260"
"C:\Users\cfg364\Sommerlab Dropbox\Casper van der Luijt\Casper\Data\BioLog\OmniLog\CL2\DATA_2024\07\_NRRL 471_Aspergillus oryzae__1_30_CL2_769_7#24#2024_A_24B_35.OKA","7/24/2024 10:32:48 PM","24-B","PM01","","NRRL 471","Aspergillus oryzae","",24.5000,"61.0514","216.6608","49.2099","47.3638","40.4485","53.9309","44.3218","47.6861","75.6098","60.4240","61.6366","67.2374","44.6230","40.0713","35.8423","67.2467","42.7010","36.2976","35.3908","207.9568","32.4135","37.1407","44.7551","61.5101","47.4032","23.8729","35.9501","219.3674","30.0518","79.7967","39.3184","33.0999","43.1107","44.3340","40.8685","48.1933","47.1635","25.5501","33.0387","30.5966","33.6084","33.1917","31.2214","24.9899","31.8561","26.5704","44.8209","42.3950","53.1693","32.0842","30.4461","66.6215","27.7838","25.9842","21.9850","32.7067","29.1267","31.4220","28.2148","51.2395","44.3966","26.7288","32.4584","29.8551","22.4215","24.0769","23.8673","34.1409","29.4631","45.5435","39.1807","54.6678","50.3862","29.5348","28.3071","31.6918","23.4632","29.7701","29.4318","30.9732","26.0318","36.4254","33.3634","46.9858","49.4348","35.1282","36.3558","37.7987","57.7141","234.5840","11.0000","34.4747","38.3638","41.4307","37.6809","50.8709"
"C:\Users\cfg364\Sommerlab Dropbox\Casper van der Luijt\Casper\Data\BioLog\OmniLog\CL2\DATA_2024\07\_NRRL 471_Aspergillus oryzae__1_30_CL2_769_7#24#2024_A_24B_35.OKA","7/24/2024 10:32:48 PM","24-B","PM01","","NRRL 471","Aspergillus oryzae","",24.7500,"68.5862","219.4704","50.7807","49.5243","45.6416","56.5832","46.3620","54.0245","79.9879","71.4027","69.1663","69.2677","44.6118","34.6111","42.4207","65.4684","42.7234","36.6859","35.1448","210.7822","34.8409","43.0878","47.6278","60.1834","56.1020","22.9718","33.6296","218.2036","31.8333","78.0084","44.1669","29.7298","48.6513","46.8983","34.8042","53.9590","45.4775","26.8602","31.0326","33.0413","37.6997","34.0104","30.4025","27.5129","32.3130","28.7490","41.8185","48.8389","52.9355","30.0863","29.7605","67.5575","26.1031","22.4533","27.8285","30.4224","32.5044","32.0763","25.0388","54.3563","46.7237","30.8932","31.4756","33.4373","25.1784","23.9867","25.6127","37.3721","33.7155","48.2824","38.8514","53.2772","47.7171","28.3431","29.1268","30.7026","25.8689","27.5185","30.7066","29.1026","25.8932","36.3621","36.6557","44.6293","47.8445","41.2006","33.6466","37.3866","55.3949","235.9294","11.0000","40.4884","37.9350","41.1064","36.0449","53.6335"
"C:\Users\cfg364\Sommerlab Dropbox\Casper van der Luijt\Casper\Data\BioLog\OmniLog\CL2\DATA_2024\07\_NRRL 471_Aspergillus oryzae__1_30_CL2_769_7#24#2024_A_24B_35.OKA","7/24/2024 10:32:48 PM","24-B","PM01","","NRRL 471","Aspergillus oryzae","",25.0000,"67.4936","222.5957","50.9740","49.0388","46.4535","60.2881","40.5239","52.4731","79.0690","63.1343","66.5030","71.2858","46.7410","40.7877","39.9677","69.4526","43.5387","34.9899","33.9046","209.4268","33.8386","41.4066","41.9609","65.1538","49.1754","21.4696","31.4363","220.3788","32.4054","82.9104","45.0933","26.7157","49.7645","46.3066","42.2359","49.6304","44.7246","28.8982","29.9930","33.5797","34.9899","31.1616","29.6655","27.5232","30.6759","32.5029","48.6023","47.3172","51.9232","30.3942","31.5877","71.9612","26.6530","21.9873","30.1782","30.2139","33.5047","33.3322","29.0339","54.6246","46.0506","32.3826","30.8486","31.7233","26.6457","27.7988","27.5814","33.3065","31.9810","48.4962","41.5004","52.1493","52.6141","27.5319","25.6358","29.3971","25.2276","28.9505","26.5329","32.0352","28.7110","37.1637","33.2825","49.5796","51.5850","33.2015","38.5446","41.8640","61.8948","233.8312","11.0000","42.2031","39.8157","41.4196","39.1787","54.8957"
"C:\Users\cfg364\Sommerlab Dropbox\Casper van der Luijt\Casper\Data\BioLog\OmniLog\CL2\DATA_2024\07\_NRRL 471_Aspergillus oryzae__1_30_CL2_769_7#24#2024_A_24B_35.OKA","7/24/2024 10:32:48 PM","24-B","PM01","","NRRL 471","Aspergillus oryzae","",25.2500,"65.1139","222.1113","52.3737","49.9914","49.2317","60.5801","48.8470","55.7090","81.9218","67.2475","70.6749","71.1210","46.9589","44.0027","42.9032","72.0010","46.4713","38.6237","36.1107","212.4600","34.2312","43.6138","43.0880","63.3102","49.6219","24.3487","35.6308","221.2476","33.8177","82.0551","45.4128","32.3078","53.3847","43.7617","47.6821","55.6014","47.4659","28.4393","29.7714","35.0893","39.0360","33.8078","30.9099","25.5736","37.9657","28.7831","49.4473","51.9674","56.1260","31.7450","33.7746","72.1183","30.4302","20.0298","27.1935","33.9420","36.3498","36.2793","28.4479","56.6463","48.7730","37.1450","32.7007","31.9727","26.8702","28.0202","28.4325","36.2299","33.1271","49.5200","41.1446","52.4642","52.2488","30.1859","26.9777","28.0896","27.8872","34.3804","27.9277","31.9089","32.6680","39.1837","37.5725","49.9544","53.0367","40.8262","36.3535","40.5935","63.5427","235.3486","12.2648","44.0980","41.1925","41.3548","38.4480","54.4284"
"C:\Users\cfg364\Sommerlab Dropbox\Casper van der Luijt\Casper\Data\BioLog\OmniLog\CL2\DATA_2024\07\_NRRL 471_Aspergillus oryzae__1_30_CL2_769_7#24#2024_A_24B_35.OKA","7/24/2024 10:32:48 PM","24-B","PM01","","NRRL 471","Aspergillus oryzae","",25.5000,"69.1315","224.5011","51.1367","48.4356","51.5995","61.7158","50.2560","57.5582","81.9550","67.2475","69.9406","72.0769","46.9900","43.5434","43.8710","69.5163","47.6256","36.8229","35.8511","214.4821","34.9510","40.8795","46.6349","68.6433","49.1116","25.6901","38.2484","223.2104","34.7593","83.6073","46.6590","29.0940","51.6867","46.0489","46.3045","56.6571","50.7810","29.2916","31.9873","32.4877","36.9651","33.1462","31.0056","25.0623","34.9014","31.6871","50.0648","51.4107","56.7395","34.9613","31.9938","72.8725","29.8220","22.9661","27.1935","33.0816","34.3998","35.3952","27.9271","60.3422","46.5146","34.0447","32.6389","33.4996","27.8961","27.0395","29.3467","39.4075","33.3818","50.5758","38.2336","55.9589","51.5487","27.9156","30.1919","27.9963","31.5402","30.8989","28.7202","33.8671","30.2428","38.9272","39.2053","53.0783","51.7395","37.3663","41.0173","42.4838","61.5779","240.0622","11.0000","40.6240","43.2736","42.3580","35.3347","56.2353"
"C:\Users\cfg364\Sommerlab Dropbox\Casper van der Luijt\Casper\Data\BioLog\OmniLog\CL2\DATA_2024\07\_NRRL 471_Aspergillus oryzae__1_30_CL2_769_7#24#2024_A_24B_35.OKA","7/24/2024 10:32:48 PM","24-B","PM01","","NRRL 471","Aspergillus oryzae","",25.7500,"65.9440","224.4565","56.8970","56.0587","50.9799","64.6632","49.3175","54.7363","83.7221","74.3284","73.6884","74.6477","48.9665","44.8387","41.8679","74.5937","50.1053","45.2297","36.4229","214.5472","40.5103","40.2142","48.7120","68.7367","56.3890","28.5775","41.1055","225.2287","37.2967","88.3187","48.0092","32.1043","53.6218","47.6967","44.4063","58.1348","45.9563","32.1864","36.4139","35.3855","36.4344","38.5549","34.2385","29.8251","35.2243","30.2901","51.9580","52.0263","60.0655","36.5160","36.7792","71.3530","29.7429","27.8988","28.6356","36.8803","36.1274","42.3896","33.0624","58.0078","51.1977","33.9652","35.7064","35.0970","31.0760","32.2986","28.8216","41.7339","36.0824","48.7636","42.1498","57.1881","52.4186","32.6356","30.6972","30.6425","26.7800","35.1684","26.4730","33.0225","31.7123","44.6072","35.7224","54.2145","55.6206","43.8307","41.0389","46.5067","66.7702","238.1731","15.9715","44.5734","42.3459","44.2177","41.3775","59.9240"
"C:\Users\cfg364\Sommerlab Dropbox\Casper van der Luijt\Casper\Data\BioLog\OmniLog\CL2\DATA_2024\07\_NRRL 471_Aspergillus oryzae__1_30_CL2_769_7#24#2024_A_24B_35.OKA","7/24/2024 10:32:48 PM","24-B","PM01","","NRRL 471","Aspergillus oryzae","",26.0000,"66.7019","228.3615","56.7101","55.2116","48.9803","62.2446","54.3034","51.9747","85.5074","71.4763","72.6471","72.6253","46.9914","47.2609","48.1266","72.3049","48.3935","47.5033","34.3599","215.9680","37.4318","41.5876","52.2282","64.3986","54.2882","29.4697","36.4370","223.5162","37.1105","88.1353","43.6380","32.9069","50.7896","46.4032","49.8317","60.0787","47.5934","33.4268","37.5527","32.6472","42.6929","35.5386","29.9775","25.1314","36.6013","34.8830","50.1788","52.3769","55.1698","35.7059","35.0854","73.5009","28.7003","26.1629","28.3638","36.7268","34.2539","36.0349","33.5485","56.4767","46.3781","33.5202","36.2821","37.1505","27.7149","31.4483","27.4373","43.5368","34.2777","49.8370","46.0509","58.5854","51.4004","28.4465","30.7696","31.6864","29.0769","35.4739","30.7468","35.6423","30.2817","43.7884","37.6427","54.5793","50.0391","41.5822","43.3105","41.9728","62.4307","239.2431","11.0000","45.7598","45.9254","45.2228","37.2377","62.9155"
"C:\Users\cfg364\Sommerlab Dropbox\Casper van der Luijt\Casper\Data\BioLog\OmniLog\CL2\DATA_2024\07\_NRRL 471_Aspergillus oryzae__1_30_CL2_769_7#24#2024_A_24B_35.OKA","7/24/2024 10:32:48 PM","24-B","PM01","","NRRL 471","Aspergillus oryzae","",26.2500,"65.8277","227.0398","56.5322","57.9039","47.8005","67.4930","51.9025","53.1589","86.7680","73.6813","76.9180","73.9935","50.3623","43.1284","48.1347","70.1083","47.0636","43.2511","39.3204","221.4974","41.8108","47.4968","49.1495","69.2324","53.0210","27.0402","41.1574","225.2735","35.7436","86.7676","49.2360","33.7358","55.2902","50.0634","45.4542","55.1987","53.1831","30.4118","35.5156","34.9971","41.7217","35.1941","35.3147","31.9755","37.0948","36.1335","49.1318","51.6705","59.6646","34.5969","35.2305","76.4305","32.3810","29.7693","27.9099","37.9323","38.3750","42.9735","33.8463","60.5287","55.3193","38.7382","35.5799","34.3851","28.5886","29.4783","29.6952","40.6226","33.9609","48.4962","46.7549","64.1211","52.9263","32.8571","33.7040","35.8817","30.4978","34.0985","33.2565","32.2722","33.7701","45.5148","41.3800","58.1532","54.2793","42.5966","42.7029","43.9525","60.6121","244.3276","12.5463","45.0202","43.6477","43.4709","40.4201","60.3298"
"C:\Users\cfg364\Sommerlab Dropbox\Casper van der Luijt\Casper\Data\BioLog\OmniLog\CL2\DATA_2024\07\_NRRL 471_Aspergillus oryzae__1_30_CL2_769_7#24#2024_A_24B_35.OKA","7/24/2024 10:32:48 PM","24-B","PM01","","NRRL 471","Aspergillus oryzae","",26.5000,"68.8443","227.2661","60.1397","59.5408","50.3724","66.2712","52.1311","54.5498","87.0977","78.2375","79.4392","76.6635","51.7034","46.1993","47.6545","71.2679","49.8811","46.5973","41.8013","221.8204","36.9579","47.4968","49.9429","65.9437","53.2126","33.0796","40.9375","224.6931","37.6566","87.5575","48.9168","33.5117","52.3119","49.1303","47.1640","57.8704","51.5667","28.6144","30.8144","35.1901","44.0679","36.6081","32.1487","34.9267","36.6755","37.6578","52.1354","52.2957","60.1826","33.3144","35.5108","75.1112","33.9471","29.3939","29.0203","35.4054","35.4363","46.8155","30.8848","60.8757","53.2366","39.7266","36.6929","35.6894","32.8342","31.0287","26.7583","41.4112","38.9856","53.7112","46.6905","65.0574","53.4756","33.5602","31.4025","34.3652","28.5705","36.7074","29.0338","36.3873","31.5122","43.8820","39.5553","56.1976","56.1584","45.0076","45.0698","45.0074","63.7169","241.1758","13.3352","45.8407","43.8411","45.4114","39.8470","56.7907"
"C:\Users\cfg364\Sommerlab Dropbox\Casper van der Luijt\Casper\Data\BioLog\OmniLog\CL2\DATA_2024\07\_NRRL 471_Aspergillus oryzae__1_30_CL2_769_7#24#2024_A_24B_35.OKA","7/24/2024 10:32:48 PM","24-B","PM01","","NRRL 471","Aspergillus oryzae","",26.7500,"66.4131","225.8613","55.0487","53.7307","51.5349","66.3631","54.5520","57.0193","82.6139","76.8324","77.6608","76.0705","49.1837","47.1639","49.6188","75.7786","49.9638","50.7432","39.5235","217.8016","36.9400","41.9426","52.9664","66.6284","59.0977","29.4683","36.9084","225.0160","41.2587","90.7864","49.9530","35.4268","54.7462","50.2506","45.5437","57.2657","51.4006","35.6999","33.2818","36.1660","41.5742","36.9009","30.1444","30.0670","36.7099","33.2619","49.1048","52.3158","62.4421","37.1568","35.6825","73.9501","30.4375","24.9488","30.5832","37.1475","37.0185","38.6540","32.1818","60.2175","48.5336","37.2452","37.5279","34.6907","32.1111","33.1413","25.6650","41.4904","36.6652","50.2480","44.6389","59.6697","54.0040","31.2640","33.8040","32.9934","28.2662","32.9623","34.3641","35.4496","32.0469","49.2245","41.6033","54.1458","57.8957","46.3214","47.5302","47.3098","65.2553","242.8710","15.0308","43.6093","44.1826","45.6945","37.7627","60.4857"
"C:\Users\cfg364\Sommerlab Dropbox\Casper van der Luijt\Casper\Data\BioLog\OmniLog\CL2\DATA_2024\07\_NRRL 471_Aspergillus oryzae__1_30_CL2_769_7#24#2024_A_24B_35.OKA","7/24/2024 10:32:48 PM","24-B","PM01","","NRRL 471","Aspergillus oryzae","",27.0000,"66.8884","232.5374","55.1702","61.0811","51.9977","66.6987","54.6816","56.6314","81.3103","75.6128","79.9001","71.0745","51.1309","46.1754","48.0082","74.9177","49.7358","45.6001","39.6325","224.3439","38.3417","44.5060","50.8294","65.0372","53.6582","28.1651","41.5839","222.5085","42.4385","96.0252","51.5263","37.2432","53.3227","49.0265","47.7554","58.9891","51.5491","30.5485","36.5290","38.3354","42.2453","36.9173","35.6152","32.3173","35.3953","33.0261","51.2796","53.4214","61.9108","38.7230","36.1628","81.2684","29.4127","29.1718","29.8500","38.6164","39.3142","43.9414","30.6828","56.5924","48.3133","37.5946","35.7819","36.6720","30.8523","38.3375","30.5431","48.9230","32.4272","51.2951","44.8866","57.9385","56.3009","30.2978","35.3052","31.9765","31.8609","34.8354","32.1692","33.6510","36.5758","48.0039","39.3077","56.5802","55.9841","45.9680","44.6600","45.7764","66.3425","241.4844","14.3085","42.0302","44.1850","46.4596","42.1932","61.0018"
"C:\Users\cfg364\Sommerlab Dropbox\Casper van der Luijt\Casper\Data\BioLog\OmniLog\CL2\DATA_2024\07\_NRRL 471_Aspergillus oryzae__1_30_CL2_769_7#24#2024_A_24B_35.OKA","7/24/2024 10:32:48 PM","24-B","PM01","","NRRL 471","Aspergillus oryzae","",27.2500,"67.6956","232.6023","57.7474","63.1495","50.9246","67.3733","56.0161","58.5492","80.9097","74.2417","79.0384","73.6951","54.1939","47.6232","49.0693","77.9203","52.5785","46.8449","41.0205","226.2589","38.7974","45.2943","56.5193","69.8803","58.4367","30.7530","43.4070","225.3693","39.5862","95.1434","53.2162","35.2638","56.3849","54.9611","53.9562","61.1155","48.0743","31.9542","37.0970","39.2991","44.9734","40.6198","34.6989","28.3424","36.7488","32.7320","55.9285","56.5334","63.8654","40.7789","39.7709","82.0844","33.5828","28.9211","29.2461","39.9845","39.1867","44.3013","35.4249","60.4341","51.8124","37.8516","38.4393","37.5412","33.0617","37.9304","31.0159","48.6416","36.4828","54.4586","49.7184","58.7896","55.1135","31.6398","37.0103","35.1152","34.3488","33.8102","31.8523","32.7932","38.3756","51.4991","42.0968","59.8226","59.6381","47.5200","43.1342","47.1762","69.1302","245.5886","14.1825","46.6308","46.7278","49.9701","45.3885","62.9809"
"C:\Users\cfg364\Sommerlab Dropbox\Casper van der Luijt\Casper\Data\BioLog\OmniLog\CL2\DATA_2024\07\_NRRL 471_Aspergillus oryzae__1_30_CL2_769_7#24#2024_A_24B_35.OKA","7/24/2024 10:32:48 PM","24-B","PM01","","NRRL 471","Aspergillus oryzae","",27.5000,"69.1311","231.8888","63.3626","56.9264","49.9905","68.7610","53.0028","63.5699","86.6168","79.5344","79.2433","77.7393","54.2336","48.7213","49.2407","79.0218","49.2044","44.9553","41.9375","220.1720","38.3083","42.8148","55.0121","70.3507","54.2800","31.8829","39.4704","227.1427","40.9384","89.9254","55.0061","34.3506","56.2435","50.7821","50.6551","53.8471","55.9146","30.8821","36.4810","37.1098","41.4661","35.0893","32.3201","30.7294","40.6132","34.1063","54.5463","57.5875","60.9150","37.3175","39.8035","78.5245","34.5113","28.7201","35.4907","38.2130","42.2622","45.4515","26.5124","57.9852","50.1627","35.0572","34.7948","37.3658","29.7109","30.5944","27.6224","43.6947","40.3267","47.5066","47.1702","61.1760","56.9459","32.5303","34.4588","35.3008","32.9155","40.0598","32.9636","33.2112","33.7844","53.2120","35.9505","57.2649","61.2768","43.5652","41.8937","48.3367","63.9282","246.0425","13.2851","48.2374","48.2361","47.4987","44.0189","60.4765"
"C:\Users\cfg364\Sommerlab Dropbox\Casper van der Luijt\Casper\Data\BioLog\OmniLog\CL2\DATA_2024\07\_NRRL 471_Aspergillus oryzae__1_30_CL2_769_7#24#2024_A_24B_35.OKA","7/24/2024 10:32:48 PM","24-B","PM01","","NRRL 471","Aspergillus oryzae","",27.7500,"69.1999","233.7435","66.5947","63.9244","52.6219","69.2343","55.1541","60.8166","86.3055","82.2509","82.7300","79.4812","53.3097","52.1617","52.3714","79.0921","48.4658","51.0041","41.8327","226.7952","40.4357","44.4563","56.7220","73.8293","60.9534","36.1707","35.6750","227.4414","41.2113","94.9769","52.8211","36.4008","59.3290","54.1595","47.0120","61.4187","53.1661","34.3825","39.0651","37.8303","42.6917","38.3716","32.0453","30.4124","38.2565","34.2886","53.3029","57.0993","62.1200","42.1622","35.8251","80.0724","34.2740","26.2538","30.5751","40.9753","40.5852","45.6041","35.6951","58.9025","54.1361","38.2912","37.2823","34.3544","30.8152","38.4661","31.9462","48.1769","40.7138","52.2538","50.5131","64.0036","54.1337","34.7776","34.6509","35.3814","33.2685","40.8045","33.6044","35.0703","31.6881","49.2718","41.7098","60.8388","57.1257","45.0506","44.1306","48.8204","70.1097","247.7170","16.9374","46.1261","50.6744","47.1956","41.7934","64.7021"
"C:\Users\cfg364\Sommerlab Dropbox\Casper van der Luijt\Casper\Data\BioLog\OmniLog\CL2\DATA_2024\07\_NRRL 471_Aspergillus oryzae__1_30_CL2_769_7#24#2024_A_24B_35.OKA","7/24/2024 10:32:48 PM","24-B","PM01","","NRRL 471","Aspergillus oryzae","",28.0000,"71.4533","233.4658","64.6509","59.1096","51.4339","67.7923","55.8352","59.2187","88.6308","81.9333","81.9892","80.4964","53.4216","51.7426","46.5058","81.5415","52.7433","51.4717","41.8619","228.7565","42.8270","44.9134","56.6409","70.9355","58.2786","30.7477","40.6526","229.8856","43.5504","96.5429","53.2338","32.3639","63.0623","55.5824","52.4108","58.8383","55.0410","32.1928","38.8849","40.1017","44.2598","35.5204","33.8038","31.8321","37.8649","36.6954","52.9042","55.7989","60.9675","35.3273","36.4482","82.8208","35.8684","26.7593","30.3470","44.5836","40.7909","45.4808","33.3684","61.7088","50.7133","41.6077","37.3475","38.3030","35.0915","34.3120","29.7356","42.0365","36.8312","51.2308","47.8454","58.8527","53.5304","33.8406","33.1899","34.6267","35.5334","41.9254","32.6343","38.7908","36.2248","47.5969","44.8569","58.4300","56.6248","49.8783","43.8031","44.3106","68.8997","249.2365","14.6548","51.0902","51.8641","48.8043","42.6097","61.8680"
"C:\Users\cfg364\Sommerlab Dropbox\Casper van der Luijt\Casper\Data\BioLog\OmniLog\CL2\DATA_2024\07\_NRRL 471_Aspergillus oryzae__1_30_CL2_769_7#24#2024_A_24B_35.OKA","7/24/2024 10:32:48 PM","24-B","PM01","","NRRL 471","Aspergillus oryzae","",28.2500,"69.3229","233.7551","63.0275","64.9792","50.1652","67.4511","53.7901","63.9047","87.6644","82.2756","84.8695","81.2888","55.5612","49.1110","51.2798","80.4557","50.7161","47.2118","38.3742","224.8848","38.4162","47.5680","57.5304","75.3919","57.6328","33.3120","44.0605","227.3288","42.6025","98.2275","54.9710","35.6977","61.6358","53.0152","50.4597","57.2237","51.9103","31.0707","36.0280","35.9717","45.1422","40.8911","37.2106","29.7027","37.5524","38.7806","58.1494","62.7391","63.6682","37.8754","33.6972","84.1162","39.0423","30.2724","33.3718","43.8213","34.6842","43.8575","37.5322","61.7572","51.6118","42.9457","37.3228","37.0962","33.5876","37.0578","31.1780","44.8133","37.0789","53.9506","48.4684","65.6464","56.2616","30.9234","31.7796","34.6094","32.3881","38.3214","31.2457","39.0147","36.2165","52.2474","42.3946","64.6626","53.7480","44.7881","44.8861","50.1794","68.6508","246.3157","15.3668","49.2433","49.8448","48.0677","41.4301","62.3712"
"C:\Users\cfg364\Sommerlab Dropbox\Casper van der Luijt\Casper\Data\BioLog\OmniLog\CL2\DATA_2024\07\_NRRL 471_Aspergillus oryzae__1_30_CL2_769_7#24#2024_A_24B_35.OKA","7/24/2024 10:32:48 PM","24-B","PM01","","NRRL 471","Aspergillus oryzae","",28.5000,"70.0961","235.5173","67.7228","65.1155","52.6561","70.5194","51.3931","59.4996","88.0134","87.9282","84.0129","79.7529","53.9192","53.3423","51.2754","78.3992","49.8922","45.0717","40.5175","225.4100","39.4310","41.5853","57.8024","72.1456","59.6438","30.2229","42.3680","228.2215","43.1027","97.8317","56.2427","32.1776","65.1299","57.8019","55.8887","57.2208","52.3897","34.2944","36.6523","40.5068","42.1525","40.6132","32.7467","33.4543","36.3219","34.3670","56.4398","56.0185","63.2581","39.9648","39.9213","82.4015","36.2817","25.7640","27.4830","43.7751","40.9831","47.9024","33.2963","61.4082","52.9956","41.6823","41.3176","38.3873","32.8844","37.9992","29.5732","42.5506","41.6094","50.4455","52.0147","66.5385","55.1392","32.7482","33.4899","36.3764","33.7089","39.8748","33.4972","39.2283","28.9242","51.8839","43.1703","61.7407","60.7072","45.4155","43.7621","52.9071","73.7472","247.7056","14.4748","49.1848","45.8334","51.3824","44.3259","61.6331"
"C:\Users\cfg364\Sommerlab Dropbox\Casper van der Luijt\Casper\Data\BioLog\OmniLog\CL2\DATA_2024\07\_NRRL 471_Aspergillus oryzae__1_30_CL2_769_7#24#2024_A_24B_35.OKA","7/24/2024 10:32:48 PM","24-B","PM01","","NRRL 471","Aspergillus oryzae","",28.7500,"68.9503","235.8543","64.5793","66.1952","57.0551","69.6129","55.1788","64.3440","91.0883","87.7407","89.8547","79.3509","62.6054","53.2035","50.8417","82.9871","55.6236","53.9088","39.0917","230.1983","42.8047","46.6112","60.0663","73.0749","58.6225","31.8523","45.4007","230.6054","40.6716","99.6048","60.7076","38.0233","60.7716","58.7640","52.0634","65.0599","58.9388","32.7747","36.0167","39.3889","46.5516","40.9335","32.1400","32.0823","40.9591","37.6421","60.8816","59.5370","67.8337","39.2240","42.0453","82.9590","39.8190","30.2329","33.2598","44.8386","40.1810","52.3012","35.8213","60.3810","55.2966","43.2106","39.6343","38.6363","34.0376","39.8551","31.2275","47.1796","42.6570","54.5283","52.9626","63.8553","55.8720","37.0476","35.8520","35.6426","38.3482","41.7814","34.6638","39.1229","35.8233","52.1683","41.7790","67.8069","63.8807","45.3328","42.7974","53.0438","68.9938","247.6466","19.6388","50.9297","49.6744","51.3001","43.8682","65.9636"
"C:\Users\cfg364\Sommerlab Dropbox\Casper van der Luijt\Casper\Data\BioLog\OmniLog\CL2\DATA_2024\07\_NRRL 471_Aspergillus oryzae__1_30_CL2_769_7#24#2024_A_24B_35.OKA","7/24/2024 10:32:48 PM","24-B","PM01","","NRRL 471","Aspergillus oryzae","",29.0000,"72.9876","235.1045","68.0193","69.2494","55.4148","74.2036","59.2040","62.3279","90.3611","87.8737","88.9929","81.5769","62.5433","53.6977","53.5648","84.3843","60.5194","53.5285","44.8848","230.4895","41.1377","45.9207","58.3210","75.1584","62.7306","34.0455","49.2755","231.8032","45.2341","105.8548","60.7076","35.2985","60.3223","57.0318","54.9366","64.2398","58.3352","35.2014","41.5760","39.4850","48.0117","44.9600","35.1372","33.5836","40.1859","39.6011","61.9208","62.0469","68.8115","44.1745","42.5114","84.0005","36.5920","32.7347","32.2436","43.1228","40.7214","50.4671","37.5019","63.5188","53.2284","41.4122","40.8712","40.5177","36.4273","39.1007","31.4491","48.7581","44.2367","53.2190","54.1533","68.0461","57.7060","36.7624","39.0206","37.3785","37.7084","41.4301","39.5674","39.5017","35.3441","56.9382","44.0898","69.0755","66.1401","46.6398","45.4942","54.3076","69.0577","250.2814","21.3666","49.3490","50.8015","55.9315","45.2020","68.9982"
"C:\Users\cfg364\Sommerlab Dropbox\Casper van der Luijt\Casper\Data\BioLog\OmniLog\CL2\DATA_2024\07\_NRRL 471_Aspergillus oryzae__1_30_CL2_769_7#24#2024_A_24B_35.OKA","7/24/2024 10:32:48 PM","24-B","PM01","","NRRL 471","Aspergillus oryzae","",29.2500,"72.6149","238.9510","69.9016","67.1398","56.6134","73.3954","59.4658","64.1457","91.6171","90.1347","93.5339","86.9455","62.4193","53.8953","51.0038","84.7336","55.9978","53.7187","42.1015","231.8809","41.2684","47.2689","58.3869","76.3159","57.8641","34.6675","45.3692","231.6737","40.6087","103.4874","58.7639","39.6582","62.7612","56.9035","52.3540","64.4694","56.4926","33.2994","38.1646","38.7480","47.7895","44.6479","36.9547","33.4239","42.2154","37.7400","63.8693","59.1784","66.1531","38.3240","39.4659","86.1467","37.7742","32.6409","34.0219","46.8403","41.2618","50.3361","39.6027","61.8390","52.7962","42.2151","40.1909","40.0242","34.1650","37.9692","32.8419","47.3375","43.0045","56.0612","56.2771","64.5746","57.7365","36.9208","38.1197","37.2545","37.9963","41.1108","35.8027","40.2908","35.9511","55.8497","41.8432","70.9938","66.1706","49.6364","43.6441","56.3111","69.3772","250.7955","23.3143","51.7517","47.9677","55.3204","45.5195","66.6758"
"C:\Users\cfg364\Sommerlab Dropbox\Casper van der Luijt\Casper\Data\BioLog\OmniLog\CL2\DATA_2024\07\_NRRL 471_Aspergillus oryzae__1_30_CL2_769_7#24#2024_A_24B_35.OKA","7/24/2024 10:32:48 PM","24-B","PM01","","NRRL 471","Aspergillus oryzae","",29.5000,"73.8431","238.2168","70.7199","65.3638","55.5129","72.0145","60.8177","62.4707","92.0642","90.3378","88.0696","84.6213","61.8952","56.5697","57.0727","88.0929","53.9744","55.0019","42.8556","226.9707","47.8581","47.9064","55.2391","78.0149","61.7326","33.6040","47.5919","234.2202","48.1453","105.6520","58.1158","36.8403","65.2089","59.8103","58.5859","59.8116","61.9077","37.7160","41.2405","39.9809","49.4061","41.5141","38.6451","35.3338","37.8807","40.9908","57.8488","57.1964","67.2320","41.4238","42.4044","89.4964","40.8441","26.6964","29.6869","49.8177","41.0930","48.7135","36.3053","66.1403","57.6508","44.2798","41.9427","37.2511","32.5531","37.0637","28.2220","48.6594","41.8350","55.9522","58.9766","68.3259","58.5915","36.8801","38.7174","39.5558","34.9735","39.7842","34.9320","41.3526","32.1538","57.2674","44.2617","67.6272","60.7110","49.1276","45.6576","52.9385","71.9236","250.8809","15.8519","53.8786","52.5295","55.6727","48.0061","65.6606"
"C:\Users\cfg364\Sommerlab Dropbox\Casper van der Luijt\Casper\Data\BioLog\OmniLog\CL2\DATA_2024\07\_NRRL 471_Aspergillus oryzae__1_30_CL2_769_7#24#2024_A_24B_35.OKA","7/24/2024 10:32:48 PM","24-B","PM01","","NRRL 471","Aspergillus oryzae","",29.7500,"74.3726","242.7531","73.9017","68.9273","54.6344","75.8912","57.7029","72.0018","91.3562","89.7929","95.6221","84.7861","59.0856","63.7810","57.1432","86.9761","56.0493","55.1944","47.4249","232.0221","41.1418","51.1686","61.8662","79.1907","63.5203","39.1264","45.2153","232.1675","45.3014","109.7335","59.3196","37.8894","67.3009","59.1740","54.5047","62.2654","61.4571","38.0798","43.5399","39.2261","49.3430","45.0300","41.4362","32.4433","45.1043","38.5776","63.2600","60.2978","72.3154","42.8428","42.4665","90.3925","42.1069","30.4494","33.3150","47.3259","39.3397","59.0899","38.1414","65.3302","55.1321","44.2800","43.0970","36.2753","35.8675","38.2872","34.3627","48.7589","44.7744","58.3073","62.2409","70.1180","59.7840","33.8560","40.6389","41.1327","39.5323","38.7160","37.1163","41.1588","37.4646","60.0569","46.0694","69.8957","61.5042","51.8337","50.5037","55.4934","77.9464","252.0800","23.4740","52.4101","54.7018","54.1290","43.3103","68.8713"
"C:\Users\cfg364\Sommerlab Dropbox\Casper van der Luijt\Casper\Data\BioLog\OmniLog\CL2\DATA_2024\07\_NRRL 471_Aspergillus oryzae__1_30_CL2_769_7#24#2024_A_24B_35.OKA","7/24/2024 10:32:48 PM","24-B","PM01","","NRRL 471","Aspergillus oryzae","",30.0000,"71.8874","240.5723","75.0371","68.1381","59.5461","74.3116","60.9613","70.0553","92.4161","89.0237","91.8766","84.5236","65.9550","61.7825","55.1817","87.2632","56.8303","53.7585","45.1281","232.8012","43.2387","48.0863","65.9985","77.3700","62.6349","38.9304","44.5543","230.7176","50.1480","106.2875","60.5742","38.5311","69.3220","59.6248","57.6605","61.9369","61.3936","38.2753","40.8047","36.1685","51.2412","44.6234","38.6204","35.9586","43.5263","41.9882","63.6517","57.9299","71.1872","43.8087","39.4726","90.4240","41.9155","30.2611","32.8706","47.0078","43.4340","58.9923","35.1617","64.9813","54.2959","48.0524","43.8370","37.3987","33.1652","40.3984","33.2292","50.0206","46.8972","55.6260","57.6998","70.4613","58.1070","32.9905","39.7389","43.7516","37.9918","40.7987","35.4027","41.2535","35.9944","58.0409","45.5886","68.2067","60.6101","50.9467","46.9493","59.0640","75.5952","251.0783","21.8318","54.8180","54.8303","56.9032","48.2762","69.3370"
"C:\Users\cfg364\Sommerlab Dropbox\Casper van der Luijt\Casper\Data\BioLog\OmniLog\CL2\DATA_2024\07\_NRRL 471_Aspergillus oryzae__1_30_CL2_769_7#24#2024_A_24B_35.OKA","7/24/2024 10:32:48 PM","24-B","PM01","","NRRL 471","Aspergillus oryzae","",30.2500,"81.4824","243.9852","71.0734","70.7799","56.4619","81.8870","62.0758","63.6222","86.7273","93.2430","96.4607","80.6307","64.2105","56.5228","56.4390","89.1473","55.0838","56.5516","44.7044","232.5241","45.8558","46.1316","60.7640","77.7211","61.8843","38.2729","44.3768","232.2581","50.1242","106.3868","64.9461","39.5321","68.2171","62.3786","58.6717","63.8707","62.8912","38.2050","41.0426","42.0100","46.9429","43.8294","38.2509","34.7510","41.8055","37.2317","65.2060","60.3014","71.2331","45.9478","42.1181","88.6379","37.8418","34.3572","34.1998","49.1866","46.5201","56.7522","37.3943","64.8194","58.3113","43.7614","45.1295","38.2292","36.3827","46.2804","36.1744","51.4268","46.0964","56.5277","59.6607","66.9920","60.6948","42.5321","37.9406","40.2248","38.6915","45.8194","37.0068","39.6207","36.0884","56.1126","48.5359","67.5265","64.5137","50.5068","51.3074","58.0630","74.2707","252.1524","23.0417","48.4803","50.8488","57.2442","47.3104","67.1968"
"C:\Users\cfg364\Sommerlab Dropbox\Casper van der Luijt\Casper\Data\BioLog\OmniLog\CL2\DATA_2024\07\_NRRL 471_Aspergillus oryzae__1_30_CL2_769_7#24#2024_A_24B_35.OKA","7/24/2024 10:32:48 PM","24-B","PM01","","NRRL 471","Aspergillus oryzae","",30.5000,"72.7266","240.5627","77.2300","75.7556","62.7878","75.3870","65.7504","65.2702","90.1667","90.5417","95.1170","85.5545","62.6778","59.5856","59.0471","88.7068","59.4323","62.5889","44.8630","232.3691","46.2094","54.7384","60.9610","78.3781","61.0728","42.6396","50.4924","233.9397","47.7593","107.6310","62.4657","42.5524","70.1265","63.7509","55.6518","64.6570","64.5218","40.7891","43.2845","39.1363","51.1490","49.1924","37.0022","36.5630","43.8339","44.5569","65.9338","61.1156","72.6896","44.0366","43.5703","92.9580","40.1351","32.5926","31.5789","45.1320","43.1536","56.0331","37.2466","67.4727","54.3642","44.4433","45.3294","42.5563","38.3230","40.4661","33.3834","48.7223","46.6259","55.4838","61.2080","69.4108","62.3871","37.1480","46.1301","43.6447","38.6488","40.1201","35.1984","41.2034","39.1255","58.6088","50.2618","69.8582","66.4789","49.7989","51.4599","59.8094","81.5345","253.6964","23.6786","53.1472","58.5946","57.6657","45.1410","70.4377"
"C:\Users\cfg364\Sommerlab Dropbox\Casper van der Luijt\Casper\Data\BioLog\OmniLog\CL2\DATA_2024\07\_NRRL 471_Aspergillus oryzae__1_30_CL2_769_7#24#2024_A_24B_35.OKA","7/24/2024 10:32:48 PM","24-B","PM01","","NRRL 471","Aspergillus oryzae","",30.7500,"76.8936","242.3914","73.4169","74.1384","57.6247","77.6743","61.2276","68.1916","89.6320","98.0003","94.6016","85.9690","64.4688","60.3506","56.9880","87.7158","57.0794","55.0800","47.6185","236.7062","43.5991","51.2049","69.1986","76.8823","60.6943","38.1929","51.7409","233.3136","48.7540","106.9616","64.1770","40.2053","70.1792","59.1969","60.6600","62.4567","61.6936","37.0855","43.8083","39.4986","54.0926","40.2646","35.5278","35.6469","44.4085","39.4511","67.3473","62.8796","73.7154","46.7645","40.4952","93.5675","41.2592","35.0637","31.8452","50.7813","42.4484","57.7575","36.7487","65.7272","56.6069","48.0401","43.6281","38.0330","35.3845","43.0499","33.8457","48.8650","46.5998","55.4250","58.0857","69.8023","61.1894","37.6003","40.3886","42.4036","42.3891","44.6297","41.6480","40.8079","40.1567","63.7440","48.7228","70.0892","63.1811","53.0937","46.6143","59.2626","77.4181","253.9124","22.5522","54.3635","58.4832","57.4950","46.7664","70.2439"
"C:\Users\cfg364\Sommerlab Dropbox\Casper van der Luijt\Casper\Data\BioLog\OmniLog\CL2\DATA_2024\07\_NRRL 471_Aspergillus oryzae__1_30_CL2_769_7#24#2024_A_24B_35.OKA","7/24/2024 10:32:48 PM","24-B","PM01","","NRRL 471","Aspergillus oryzae","",31.0000,"78.0289","243.9355","78.2701","70.8983","58.2187","80.2886","63.5871","70.0554","91.9492","91.1564","97.9966","87.7096","65.8518","61.5614","59.9338","88.2088","63.5256","59.1692","46.7075","235.9312","47.8189","44.2419","64.8154","79.6424","63.5160","39.4619","49.8192","233.8469","52.5484","106.7099","68.6293","40.8173","76.1367","62.2281","61.4706","64.9270","59.8436","40.2406","43.7534","42.0537","52.9616","45.5205","37.9518","36.5672","47.2105","42.7639","63.9282","59.4161","71.2377","45.6853","41.4906","92.4835","41.8615","34.2928","35.6248","49.4147","45.5567","56.2869","40.5301","62.3982","57.7077","48.5914","45.4853","40.3543","38.5129","44.9104","31.5691","52.2643","47.0627","54.5364","59.8091","67.5036","61.0518","38.6669","40.7240","39.1107","43.4508","43.9158","39.2846","41.8361","38.0686","65.2533","48.9281","75.2539","67.0555","55.3104","48.1684","56.2180","72.4700","252.9964","26.4158","54.9710","55.5063","60.5615","48.6109","68.8002"
"C:\Users\cfg364\Sommerlab Dropbox\Casper van der Luijt\Casper\Data\BioLog\OmniLog\CL2\DATA_2024\07\_NRRL 471_Aspergillus oryzae__1_30_CL2_769_7#24#2024_A_24B_35.OKA","7/24/2024 10:32:48 PM","24-B","PM01","","NRRL 471","Aspergillus oryzae","",31.2500,"80.1133","245.9670","77.5463","74.1744","56.9562","75.6936","65.5500","71.1522","92.6403","98.0921","97.1783","90.4528","63.6024","63.7351","54.9310","90.3795","59.3869","61.6519","49.5983","237.3672","48.3241","51.9405","65.0274","82.6318","63.4059","37.9608","51.6061","236.0588","52.3576","109.4001","66.5458","42.4992","73.3286","64.3135","60.2605","62.0131","66.3950","37.6856","45.0944","38.0522","49.1765","44.8210","39.9585","35.7446","44.2422","39.1394","66.0574","62.5686","71.2852","47.1229","42.7178","96.4338","42.5855","29.6671","33.7951","51.1989","43.8761","59.7587","37.5200","65.0470","58.9675","50.0951","47.2291","41.8187","39.5379","41.6571","34.0115","47.9882","49.3256","52.3994","61.7617","70.3279","62.1143","37.9983","41.0175","42.2258","39.0997","40.5366","35.5143","40.6218","37.8159","68.2837","48.3669","72.7057","66.2337","52.2181","50.3450","55.1287","78.7358","253.5705","22.1368","56.8361","58.7632","61.6765","46.8663","70.0080"
"C:\Users\cfg364\Sommerlab Dropbox\Casper van der Luijt\Casper\Data\BioLog\OmniLog\CL2\DATA_2024\07\_NRRL 471_Aspergillus oryzae__1_30_CL2_769_7#24#2024_A_24B_35.OKA","7/24/2024 10:32:48 PM","24-B","PM01","","NRRL 471","Aspergillus oryzae","",31.5000,"78.1380","248.2602","77.8070","76.5307","58.6948","79.0259","62.1550","70.9657","92.8296","99.7896","98.9299","86.5467","66.3140","63.1261","59.4813","90.2356","58.5922","55.9081","52.1508","234.3903","43.8889","50.1612","61.9247","81.5284","59.0512","41.1125","47.1473","234.6620","52.0451","109.4582","65.7552","37.6108","69.8288","68.5038","58.2975","62.4378","63.3254","40.1466","39.9693","39.2147","48.8287","45.5350","38.1222","34.0034","44.0363","42.1087","65.2054","60.8585","73.7478","50.5991","40.8848","96.1952","42.0146","30.3139","36.5641","52.5561","47.3750","58.7385","39.4394","68.3989","58.0297","50.3127","46.6783","37.6015","38.7933","40.5848","37.9492","48.5215","49.7977","55.1383","57.0187","70.9492","62.2715","35.5439","43.2663","45.5651","40.7555","43.6750","37.4512","41.0034","37.8854","68.0833","49.9829","72.2376","67.4135","53.7966","50.3855","58.5955","76.7167","251.1077","25.7490","56.8928","57.5525","58.2330","47.6044","70.4059"
"C:\Users\cfg364\Sommerlab Dropbox\Casper van der Luijt\Casper\Data\BioLog\OmniLog\CL2\DATA_2024\07\_NRRL 471_Aspergillus oryzae__1_30_CL2_769_7#24#2024_A_24B_35.OKA","7/24/2024 10:32:48 PM","24-B","PM01","","NRRL 471","Aspergillus oryzae","",31.7500,"78.6488","246.6461","79.0494","74.0753","64.4908","77.8554","68.0086","74.8260","94.0356","97.7436","97.6276","89.5229","63.3467","64.8783","62.4593","92.0746","63.2942","59.0518","45.1604","237.4328","49.2107","47.8178","64.7929","84.7336","61.9835","41.5777","47.8367","236.5985","50.7299","112.8734","66.2522","40.6052","71.4763","66.2616","63.1997","60.3729","67.9245","39.0867","46.9093","43.2578","51.3533","42.1589","37.7212","37.8647","42.4623","43.8595","68.6421","67.7342","77.3967","49.5985","41.8430","95.6788","42.6438","32.7467","35.7822","50.6430","48.2567","58.9902","43.5808","66.0277","59.3046","53.8563","44.3679","40.8605","37.4310","40.5051","34.9557","55.2106","48.9798","58.0410","60.8095","71.7277","63.9154","41.0627","41.7517","44.8545","40.3859","45.1873","36.4573","40.4385","36.2298","70.5458","50.5028","74.0254","65.7521","57.1929","51.4717","65.2389","73.5534","253.9032","23.0695","57.0543","58.1471","59.3461","49.8528","71.0168"
"C:\Users\cfg364\Sommerlab Dropbox\Casper van der Luijt\Casper\Data\BioLog\OmniLog\CL2\DATA_2024\07\_NRRL 471_Aspergillus oryzae__1_30_CL2_769_7#24#2024_A_24B_35.OKA","7/24/2024 10:32:48 PM","24-B","PM01","","NRRL 471","Aspergillus oryzae","",32.0000,"78.8921","248.0292","79.3344","79.3818","59.0874","83.0137","70.5804","75.5246","93.3733","99.8480","102.3911","91.2618","65.0585","62.5650","58.5276","97.1525","63.9194","60.6956","50.2936","237.7099","47.4165","51.4746","65.3765","82.8757","66.9852","43.3217","49.1491","237.4796","52.6145","113.6581","72.4297","39.1750","74.5514","67.9346","61.3775","60.9961","66.6442","37.3382","46.0926","43.1515","51.0314","46.1327","41.3436","37.6384","46.3147","39.8512","70.3788","57.4488","75.0822","47.2797","40.8701","99.7788","46.9603","36.2441","35.8811","49.5812","43.4857","63.0335","41.9711","67.1571","59.9511","50.7055","47.7788","39.4717","39.9364","46.7656","33.8030","51.5558","47.0564","54.5438","67.3756","69.9903","59.6979","41.3047","47.3977","46.3110","47.3384","43.6435","43.0618","43.1458","39.9011","64.9361","52.0705","76.9226","64.2601","57.0217","51.6053","61.6019","78.7439","255.6785","27.8361","56.0729","54.2029","60.4410","45.7922","73.3106"
"C:\Users\cfg364\Sommerlab Dropbox\Casper van der Luijt\Casper\Data\BioLog\OmniLog\CL2\DATA_2024\07\_NRRL 471_Aspergillus oryzae__1_30_CL2_769_7#24#2024_A_24B_35.OKA","7/24/2024 10:32:48 PM","24-B","PM01","","NRRL 471","Aspergillus oryzae","",32.2500,"78.3898","247.8143","83.4922","78.3496","58.9011","77.6052","65.0921","78.9422","90.9972","100.9128","100.0946","88.8641","68.0741","69.1188","61.1280","87.4974","61.6978","57.0840","49.1423","236.7731","47.4846","51.2271","68.1048","85.8135","63.7078","45.4023","52.1402","234.5594","52.7961","114.2949","68.6569","33.8290","74.4924","66.5551","62.5308","66.5510","68.1785","43.4363","41.6923","41.8805","52.3513","45.4222","38.5560","34.9401","46.0555","43.7780","73.5951","64.6246","76.8533","50.1778","41.1649","95.9432","46.9043","34.8464","33.9635","51.8995","44.7883","61.3633","38.8604","69.4979","54.8458","53.4807","45.8901","43.2832","43.8029","41.8035","34.8175","51.6000","48.7927","54.1933","62.9373","70.5308","60.5496","40.6764","45.9879","42.0642","43.8699","44.4553","39.8807","40.6903","40.0129","69.7984","51.7372","79.8499","63.0037","54.3217","49.4168","67.6810","83.2189","253.3978","29.2558","58.9240","58.7803","61.3687","51.4777","71.3800"
"C:\Users\cfg364\Sommerlab Dropbox\Casper van der Luijt\Casper\Data\BioLog\OmniLog\CL2\DATA_2024\07\_NRRL 471_Aspergillus oryzae__1_30_CL2_769_7#24#2024_A_24B_35.OKA","7/24/2024 10:32:48 PM","24-B","PM01","","NRRL 471","Aspergillus oryzae","",32.5000,"80.4631","249.2246","81.4284","78.1992","64.7771","83.1193","67.1673","71.8752","95.7285","102.5115","103.8744","88.5271","67.5151","64.3675","61.1781","94.2402","59.9964","58.4605","48.7225","239.2887","43.3103","48.7332","67.3880","82.1937","64.9179","43.5092","51.6412","238.3807","56.3183","114.9984","68.5554","42.1069","78.5787","70.1100","61.7386","62.2845","70.0540","35.4725","42.2644","41.5434","51.6430","44.6172","38.3103","36.2653","43.6998","41.3267","67.8222","67.3742","78.7369","53.5671","44.6867","97.0687","43.0984","37.4061","35.8621","53.8219","45.0814","64.1779","40.7464","69.4434","57.6475","52.9194","48.5581","41.1272","39.1311","45.6650","35.2171","49.1617","49.6944","51.8765","63.8713","68.0296","62.1882","43.1989","44.9553","44.6854","46.5343","43.6212","39.4118","42.7730","41.6872","72.8468","52.6529","82.6939","69.0371","57.8813","50.9073","66.3264","80.7066","255.4782","29.9898","59.1743","60.9605","60.7437","49.4715","72.7566"
"C:\Users\cfg364\Sommerlab Dropbox\Casper van der Luijt\Casper\Data\BioLog\OmniLog\CL2\DATA_2024\07\_NRRL 471_Aspergillus oryzae__1_30_CL2_769_7#24#2024_A_24B_35.OKA","7/24/2024 10:32:48 PM","24-B","PM01","","NRRL 471","Aspergillus oryzae","",32.7500,"76.4349","249.0247","81.8930","74.7104","64.9763","82.5694","67.4658","73.8126","93.1317","101.7469","100.7709","90.9717","69.4628","66.4891","61.3196","94.3604","59.6519","61.7311","50.9359","238.9183","48.4723","47.2809","66.2708","81.4405","64.0613","41.8836","52.3681","239.4051","53.7570","115.7350","71.4370","40.8438","75.8931","73.1905","62.0400","61.6070","67.1899","40.5675","43.4953","44.6681","50.7514","48.2240","38.5002","36.5396","44.2334","43.9528","71.9144","65.6742","73.8296","50.0956","47.5816","98.0246","46.4643","29.8609","33.9187","54.7547","48.1393","64.7138","37.3148","68.2952","62.5376","54.1043","49.6587","40.2771","40.4199","43.4430","36.4766","50.1689","52.2991","56.7113","66.9211","72.0639","63.5575","36.9092","42.7995","46.8720","44.2528","47.2906","37.8742","41.6343","42.2276","70.8425","52.7316","82.0299","66.8478","59.1210","48.6101","62.9824","82.0240","257.0831","25.8628","56.5651","57.8928","64.6686","49.3230","75.4061"
"C:\Users\cfg364\Sommerlab Dropbox\Casper van der Luijt\Casper\Data\BioLog\OmniLog\CL2\DATA_2024\07\_NRRL 471_Aspergillus oryzae__1_30_CL2_769_7#24#2024_A_24B_35.OKA","7/24/2024 10:32:48 PM","24-B","PM01","","NRRL 471","Aspergillus oryzae","",33.0000,"79.7647","252.8298","87.1290","81.9489","68.2984","86.8468","71.4011","75.9126","95.6400","106.7812","106.3342","92.4061","69.5240","64.8635","61.6223","95.0448","64.2893","61.0862","54.8441","238.8340","47.2949","51.1557","74.6513","88.3542","69.2058","42.1986","51.4114","240.9565","56.3618","118.6045","70.2316","41.9190","85.1780","70.5154","63.5049","64.5210","68.8427","43.8451","42.9289","45.0541","51.2538","52.8549","41.8054","38.7042","47.9018","46.3489","75.0857","64.9885","81.2474","50.4721","46.3073","100.9711","43.6477","35.0531","36.8263","58.6748","47.5852","65.9400","43.8932","77.2629","59.2057","51.5374","50.1805","40.9879","41.3045","46.8343","38.1417","53.2055","50.5038","65.2695","65.9494","68.9889","66.4388","43.7901","47.6594","45.3206","46.8376","50.0563","42.1022","46.9606","43.1184","73.9075","55.5461","83.2522","64.7723","58.8636","56.1322","68.3020","84.6075","253.6444","30.3052","63.0866","61.7631","63.7513","54.1628","74.8887"
"C:\Users\cfg364\Sommerlab Dropbox\Casper van der Luijt\Casper\Data\BioLog\OmniLog\CL2\DATA_2024\07\_NRRL 471_Aspergillus oryzae__1_30_CL2_769_7#24#2024_A_24B_35.OKA","7/24/2024 10:32:48 PM","24-B","PM01","","NRRL 471","Aspergillus oryzae","",33.2500,"75.9901","251.9957","83.8226","78.1036","64.8147","82.1030","61.8742","80.0431","92.6563","102.8154","103.1453","95.7298","68.9503","68.7144","64.0768","95.6688","60.9114","62.2662","48.4198","240.6037","48.4760","47.5705","70.0661","84.4967","66.9694","40.1055","51.8988","236.9522","57.0685","116.6108","70.1017","38.9665","81.1008","73.1394","63.0638","61.5346","70.3738","36.5913","46.9555","41.4771","53.6620","45.5671","38.5887","36.7032","49.7183","41.8373","74.6079","66.8598","80.5109","51.5449","45.5007","99.1722","41.5813","34.8280","34.9136","53.6527","42.1897","63.7382","40.8246","68.0572","60.1310","55.6541","46.0997","44.4448","41.5558","43.6826","34.8900","53.0019","49.6017","56.2489","70.4045","70.7999","61.8476","39.7231","45.3216","47.1307","48.2155","51.3551","41.1369","41.9166","40.7129","74.7644","57.1783","82.2402","66.2617","55.4571","53.8060","63.8888","82.9938","255.6138","26.8596","59.0267","60.1736","65.6814","52.3714","72.7631"
"C:\Users\cfg364\Sommerlab Dropbox\Casper van der Luijt\Casper\Data\BioLog\OmniLog\CL2\DATA_2024\07\_NRRL 471_Aspergillus oryzae__1_30_CL2_769_7#24#2024_A_24B_35.OKA","7/24/2024 10:32:48 PM","24-B","PM01","","NRRL 471","Aspergillus oryzae","",33.5000,"74.8593","251.7784","85.2627","81.1927","73.3830","81.5746","70.4602","77.9049","91.4371","108.3493","108.8100","93.2952","71.1029","65.7261","65.2185","97.9848","65.2380","64.2241","50.1007","241.1267","48.0118","50.2186","73.1462","92.1540","68.0669","47.8716","55.1987","239.3360","55.1505","121.4209","78.8835","44.5930","79.2309","71.8799","66.1677","69.0469","72.5635","44.1599","45.5710","46.4060","50.6675","45.8975","42.8488","41.0147","48.5659","46.6630","77.6570","64.3775","80.7917","52.7749","44.9863","102.2426","44.2506","32.4500","41.0891","56.7502","41.9208","64.9382","38.4477","72.2687","64.8991","55.4235","52.3652","41.9487","42.7739","46.7217","33.7334","55.3184","48.6627","61.3623","67.7289","75.2192","64.2814","43.1946","47.5392","47.3346","47.1088","49.0516","43.0911","45.6939","41.7999","75.2089","55.0076","83.7006","67.5987","55.6252","53.4342","67.2035","81.1882","256.8003","31.2020","65.1103","62.1479","63.4052","52.1013","75.6591"
"C:\Users\cfg364\Sommerlab Dropbox\Casper van der Luijt\Casper\Data\BioLog\OmniLog\CL2\DATA_2024\07\_NRRL 471_Aspergillus oryzae__1_30_CL2_769_7#24#2024_A_24B_35.OKA","7/24/2024 10:32:48 PM","24-B","PM01","","NRRL 471","Aspergillus oryzae","",33.7500,"81.0062","254.0147","90.9473","86.7871","76.4525","87.8131","73.2687","81.9612","99.5610","109.9648","112.4284","97.3199","72.7001","74.8647","64.6651","93.4881","66.5704","70.1796","53.6981","241.9513","52.7905","56.7389","73.5834","93.9671","70.7280","47.9679","56.6121","244.4494","63.8588","123.1171","76.5520","42.2179","84.1266","75.6487","68.1594","68.5294","74.6522","41.2195","49.2065","46.3575","56.5641","51.6500","43.2651","41.5190","52.2715","48.6421","76.3821","69.4523","84.2716","53.7118","48.2671","104.4950","45.5062","39.0360","41.9039","60.4965","50.9164","72.1143","44.8296","76.0280","64.7591","61.0623","52.7765","44.8515","42.8878","52.5477","35.5503","59.7456","59.3603","62.4337","72.6868","75.4642","68.6012","40.4770","49.6505","49.6364","51.5785","50.0043","46.1451","50.5459","43.4496","78.2448","60.2146","87.1510","70.0398","60.1486","58.2361","67.4485","85.1412","258.2985","39.5328","64.5563","67.8057","64.8933","54.8284","83.7100"
"C:\Users\cfg364\Sommerlab Dropbox\Casper van der Luijt\Casper\Data\BioLog\OmniLog\CL2\DATA_2024\07\_NRRL 471_Aspergillus oryzae__1_30_CL2_769_7#24#2024_A_24B_35.OKA","7/24/2024 10:32:48 PM","24-B","PM01","","NRRL 471","Aspergillus oryzae","",34.0000,"84.1850","252.1433","85.9081","85.7530","71.6826","87.7986","71.9071","84.7440","98.4705","104.8546","113.6594","93.9180","70.7461","69.3210","62.2235","100.4603","67.5832","65.3501","56.0479","242.6554","52.8038","56.3999","72.1504","88.1854","71.3473","46.6703","55.5521","240.7911","59.5465","123.7236","74.3803","42.6500","83.8544","78.1798","68.2903","71.1446","74.7230","43.9868","48.4005","48.9825","60.2002","49.2572","40.6986","45.4995","53.7623","49.4524","76.7913","67.8792","84.0641","57.7237","47.2527","108.6720","46.4805","38.2158","39.8668","62.8370","50.0794","73.2786","43.1000","72.8546","64.1789","62.5364","53.8786","45.5056","47.5496","49.9937","38.6032","57.5096","58.6102","61.8138","69.1695","78.3689","65.1993","43.7732","48.4278","51.8867","51.2783","53.2384","42.7492","45.8532","41.8940","80.6904","57.1370","86.5230","74.5281","63.8844","55.5721","66.5419","83.6193","259.0049","35.1315","62.6293","64.9345","66.5921","54.6311","79.9029"
"C:\Users\cfg364\Sommerlab Dropbox\Casper van der Luijt\Casper\Data\BioLog\OmniLog\CL2\DATA_2024\07\_NRRL 471_Aspergillus oryzae__1_30_CL2_769_7#24#2024_A_24B_35.OKA","7/24/2024 10:32:48 PM","24-B","PM01","","NRRL 471","Aspergillus oryzae","",34.2500,"80.9458","254.3246","89.0340","81.8122","76.5304","86.2301","78.3222","82.7507","98.8149","109.9928","110.7982","93.7883","74.9651","72.4351","66.6970","98.2247","67.0955","67.8967","55.2479","242.2385","47.2940","52.7399","74.2762","92.8161","67.5398","49.7161","52.3619","241.1478","59.2642","123.7512","78.4522","39.7180","90.6097","76.7309","68.3482","69.7895","74.3948","42.0632","49.9851","49.0898","58.4756","49.8018","48.1473","41.7306","53.6889","53.0212","78.8505","65.3092","83.9106","52.0201","47.5625","103.6512","47.0402","40.5858","37.9136","61.0746","47.6407","72.9505","43.7594","76.1194","65.4273","62.3434","49.3873","46.6005","42.5100","50.5437","38.8771","59.7231","56.8995","58.3677","71.8842","76.4497","67.5161","41.2428","50.9308","50.1634","49.4903","51.7469","38.5040","49.2962","42.2876","79.1334","57.8681","85.9084","71.1721","64.7762","58.0625","73.9641","81.4229","256.5959","40.0308","63.1358","64.4136","67.2117","55.3135","81.6180"
"C:\Users\cfg364\Sommerlab Dropbox\Casper van der Luijt\Casper\Data\BioLog\OmniLog\CL2\DATA_2024\07\_NRRL 471_Aspergillus oryzae__1_30_CL2_769_7#24#2024_A_24B_35.OKA","7/24/2024 10:32:48 PM","24-B","PM01","","NRRL 471","Aspergillus oryzae","",34.5000,"85.5271","252.8886","91.3427","86.1761","80.3426","87.4365","76.3821","80.2408","97.8165","107.9052","113.2270","97.3430","73.1480","71.1067","62.0065","99.4072","63.5253","68.2930","53.5972","242.9816","53.1157","54.4641","77.7744","91.6415","71.0901","47.5133","57.5991","240.2704","62.4045","123.2498","82.6967","40.8737","83.5305","79.5412","70.8818","69.0869","76.1409","44.4034","51.5392","48.2141","54.4949","46.7878","45.3531","43.0121","48.0463","49.2542","80.4932","70.1376","85.9114","59.2474","48.7193","105.9311","48.1103","39.4146","38.1081","62.8115","48.2813","76.6472","38.4726","71.3419","67.2885","63.6862","51.8612","45.0708","49.4802","52.2688","37.8594","63.4695","58.3844","61.4638","76.3254","78.4478","66.2643","43.5967","49.9085","48.5128","53.7203","51.6533","44.4893","43.8166","41.7475","83.0609","58.5838","86.5092","71.2204","66.7568","61.5634","72.6410","86.7451","259.6901","40.6270","62.5692","65.1698","69.9475","56.4496","81.7559"
"C:\Users\cfg364\Sommerlab Dropbox\Casper van der Luijt\Casper\Data\BioLog\OmniLog\CL2\DATA_2024\07\_NRRL 471_Aspergillus oryzae__1_30_CL2_769_7#24#2024_A_24B_35.OKA","7/24/2024 10:32:48 PM","24-B","PM01","","NRRL 471","Aspergillus oryzae","",34.7500,"80.6032","253.6948","91.0824","91.3714","80.2708","87.1266","74.2770","78.1754","102.0310","114.9576","118.2613","100.5048","76.1442","72.7662","68.2029","99.4697","71.2370","64.1893","59.9404","244.4521","53.6923","56.7384","78.2313","90.5594","70.8278","48.3386","59.7973","242.3674","61.9115","125.4024","80.0116","46.2325","84.9089","79.8310","73.1119","70.3115","76.5860","44.2205","48.7862","49.3480","61.2586","51.0399","48.9481","43.5593","53.8390","51.0950","80.1496","68.9620","88.5541","60.0298","51.2103","111.9861","47.3994","38.1370","39.0711","66.0815","49.2676","75.6739","44.7873","72.9831","63.3248","64.2367","55.8857","45.0434","48.3941","51.1517","39.3629","61.9485","60.4533","65.8695","75.6235","75.0926","70.4224","40.9647","47.8616","52.5650","53.2340","52.9135","45.6718","51.7716","50.2830","85.8125","60.0090","92.9318","73.5036","62.4203","59.1025","78.5633","88.1247","256.4526","42.3826","68.5478","68.9473","71.4748","56.7673","81.6832"
"C:\Users\cfg364\Sommerlab Dropbox\Casper van der Luijt\Casper\Data\BioLog\OmniLog\CL2\DATA_2024\07\_NRRL 471_Aspergillus oryzae__1_30_CL2_769_7#24#2024_A_24B_35.OKA","7/24/2024 10:32:48 PM","24-B","PM01","","NRRL 471","Aspergillus oryzae","",35.0000,"85.7417","256.2273","91.8314","89.6734","80.5875","87.5135","77.8451","80.2403","100.8648","116.7184","114.7467","100.0116","77.5821","76.6122","65.8221","99.9498","69.1760","67.3086","57.1964","246.6541","49.7164","54.3104","76.2963","91.6502","66.2134","48.5673","61.2150","240.9186","63.3456","124.8953","82.6400","44.9513","86.7702","79.4123","73.3050","71.6296","75.1172","42.6837","47.8730","53.7691","62.3340","50.2868","46.7941","40.7420","51.7083","49.3375","83.7133","72.9391","85.9802","62.2804","48.1220","109.1348","46.0891","36.5630","39.9593","67.0933","49.1079","77.8210","45.9222","75.3939","64.4072","65.6091","55.0249","46.0966","47.4067","49.9158","37.1787","63.4257","58.7086","64.4038","76.1392","76.6712","69.2920","40.2299","49.5768","52.7193","51.0550","55.3359","44.6539","50.1572","43.6141","87.4063","65.3694","91.2826","74.8335","60.0888","56.5245","77.2717","88.3163","257.1651","44.9899","67.3146","70.1638","71.1847","55.7820","80.7205"
"C:\Users\cfg364\Sommerlab Dropbox\Casper van der Luijt\Casper\Data\BioLog\OmniLog\CL2\DATA_2024\07\_NRRL 471_Aspergillus oryzae__1_30_CL2_769_7#24#2024_A_24B_35.OKA","7/24/2024 10:32:48 PM","24-B","PM01","","NRRL 471","Aspergillus oryzae","",35.2500,"80.4912","254.5984","96.4005","89.1609","82.3026","90.5746","78.1035","84.2358","99.9767","114.3369","112.7091","104.3687","79.8143","77.4216","66.8614","99.8266","68.9873","68.1396","57.5652","243.9753","53.0179","51.1398","75.8606","95.8616","71.0030","51.9192","56.3629","239.6548","62.7508","124.5959","83.1746","44.9872","90.1773","78.6628","72.2335","71.8129","77.3586","41.8351","52.2339","50.2253","57.5532","52.3403","45.3162","46.3079","50.7278","47.9408","83.6738","65.9722","85.3511","58.4187","47.0254","108.1249","50.5045","36.0352","39.1266","62.7369","50.5149","75.6859","39.6824","78.9723","64.1599","61.1062","54.6551","45.3249","49.9914","56.2255","38.5859","61.1578","60.7530","61.6553","76.8019","78.9035","69.4130","45.9794","52.0678","48.8691","54.6596","51.8924","49.8700","48.8797","49.0246","88.0503","63.3220","90.5371","74.7869","63.1313","61.3896","81.4604","89.8271","257.9919","43.0963","69.2572","66.7262","68.8548","57.8228","84.6845"
"C:\Users\cfg364\Sommerlab Dropbox\Casper van der Luijt\Casper\Data\BioLog\OmniLog\CL2\DATA_2024\07\_NRRL 471_Aspergillus oryzae__1_30_CL2_769_7#24#2024_A_24B_35.OKA","7/24/2024 10:32:48 PM","24-B","PM01","","NRRL 471","Aspergillus oryzae","",35.5000,"84.3155","255.7058","91.3031","90.8409","85.4042","87.1756","76.6173","84.6035","102.9495","108.5432","113.9746","105.8009","78.7790","80.2028","68.6770","99.4804","72.3820","70.6598","61.8005","248.6355","54.2469","54.7510","76.5090","94.2246","73.2369","50.9186","60.7310","241.5189","65.4751","131.3121","87.9490","48.5028","91.3165","82.3513","73.5377","71.2341","77.7271","41.5564","50.8703","54.4376","55.4388","49.8082","47.9579","44.8383","56.8204","47.3849","82.7486","72.6502","89.9299","60.3625","50.8816","110.6852","50.9312","43.1828","37.7041","59.8809","50.7719","78.5084","43.7172","77.8996","67.8499","64.2969","52.7322","45.2772","49.2535","55.6705","40.0182","60.0774","65.4612","63.8082","77.7095","79.7662","72.8470","45.4389","52.9761","49.1133","55.7080","52.6115","46.7140","47.8918","47.6111","89.8974","62.0013","92.4382","71.1555","64.7596","60.5486","76.8168","87.7730","261.7587","43.2745","67.7573","71.0529","71.0242","56.2944","85.7473"
"C:\Users\cfg364\Sommerlab Dropbox\Casper van der Luijt\Casper\Data\BioLog\OmniLog\CL2\DATA_2024\07\_NRRL 471_Aspergillus oryzae__1_30_CL2_769_7#24#2024_A_24B_35.OKA","7/24/2024 10:32:48 PM","24-B","PM01","","NRRL 471","Aspergillus oryzae","",35.7500,"84.8089","253.3841","98.9455","91.9403","88.1718","92.7370","79.5589","88.2458","106.2992","114.1385","114.8830","103.0276","80.3428","75.4049","75.4173","103.7174","73.9132","73.9911","60.5715","247.3605","53.3311","56.7521","74.8852","93.7545","70.4644","53.8176","62.1015","243.4899","63.7120","134.5094","86.9293","46.7703","91.8310","81.0965","72.7055","73.2353","79.7177","45.4771","50.2439","49.3065","61.3548","49.1742","46.2786","44.4313","51.3185","49.3717","81.3516","72.6741","92.8467","61.9640","50.1394","108.2348","48.3154","32.8750","40.8034","62.6403","50.1137","85.1971","39.5355","78.3839","69.1563","68.6076","56.7212","47.0989","50.1057","52.2045","39.9830","61.5772","64.7116","67.0893","81.4698","83.1138","66.3278","42.5298","52.3436","54.7705","57.2472","55.4049","49.0233","49.6220","43.8644","89.6136","67.7649","95.6885","70.9877","62.9547","64.4935","79.6183","91.0261","262.2198","46.7350","69.5977","68.1059","73.8751","56.7449","83.7332"
"C:\Users\cfg364\Sommerlab Dropbox\Casper van der Luijt\Casper\Data\BioLog\OmniLog\CL2\DATA_2024\07\_NRRL 471_Aspergillus oryzae__1_30_CL2_769_7#24#2024_A_24B_35.OKA","7/24/2024 10:32:48 PM","24-B","PM01","","NRRL 471","Aspergillus oryzae","",36.0000,"86.3074","259.3678","99.2961","94.0518","90.1657","94.2890","76.2863","88.3507","104.8497","109.8317","118.2153","101.2025","78.4450","77.1785","71.5719","106.5529","72.2357","73.1093","60.1380","245.2848","56.4476","57.2634","77.6272","98.7078","74.0894","51.9485","60.1989","240.7810","66.6198","128.9464","85.1006","46.5285","94.6245","81.5775","76.4314","77.4114","79.0089","43.3533","52.3238","52.9646","65.2963","52.4344","46.1098","43.7415","57.4339","51.2711","87.7280","71.9012","87.3787","57.8679","51.8810","111.6098","48.5234","35.7576","43.5732","69.2700","49.8663","81.5662","50.8168","73.2488","68.2536","67.2571","57.8236","48.5137","49.8511","54.1567","38.9380","64.6481","64.9415","61.9036","81.5048","80.3436","72.8515","44.1847","53.9996","51.9271","59.6509","55.4035","46.1656","50.9699","43.5281","90.4744","63.2144","92.5883","77.4340","67.8273","59.4299","76.4325","87.7383","258.0870","47.7020","71.0254","71.1304","72.4659","52.2581","81.5281"
"C:\Users\cfg364\Sommerlab Dropbox\Casper van der Luijt\Casper\Data\BioLog\OmniLog\CL2\DATA_2024\07\_NRRL 471_Aspergillus oryzae__1_30_CL2_769_7#24#2024_A_24B_35.OKA","7/24/2024 10:32:48 PM","24-B","PM01","","NRRL 471","Aspergillus oryzae","",36.2500,"82.2465","259.8468","101.8911","94.9882","95.7413","89.2818","79.9693","87.2388","104.0391","114.3322","118.0459","102.3272","79.0898","74.5496","66.8681","102.4082","72.8850","71.7006","59.1144","249.1289","51.0123","57.0400","77.4948","97.4396","67.8803","51.4793","63.8268","245.1113","65.0699","131.1032","91.7014","46.4514","92.6926","80.4622","75.6384","71.6203","81.6425","47.1841","53.1729","48.6012","60.0385","53.7012","48.0172","42.8368","56.2497","54.7757","85.3922","70.5026","87.0555","65.8108","53.2896","109.8357","46.6433","39.8719","45.3078","67.9454","52.1486","80.9470","46.3979","79.3420","69.4586","67.3534","57.4565","45.6129","45.1231","56.1907","38.3040","64.2200","68.0744","61.8405","79.8763","79.0239","65.9056","44.4209","54.3705","54.1660","57.8534","56.8523","43.1503","49.4866","46.6546","94.7198","66.1488","102.3121","76.5144","66.3125","62.1468","80.2069","90.3659","258.1169","48.1267","70.4290","67.4730","73.0274","58.8605","85.6491"
"C:\Users\cfg364\Sommerlab Dropbox\Casper van der Luijt\Casper\Data\BioLog\OmniLog\CL2\DATA_2024\07\_NRRL 471_Aspergillus oryzae__1_30_CL2_769_7#24#2024_A_24B_35.OKA","7/24/2024 10:32:48 PM","24-B","PM01","","NRRL 471","Aspergillus oryzae","",36.5000,"84.2961","262.2790","100.5727","98.8997","99.3043","93.3719","82.5872","87.2804","107.5006","115.3789","118.4996","104.8047","84.1479","78.9263","75.6760","106.4736","73.0306","74.9417","61.3285","247.1619","53.1477","56.4093","77.0920","97.0478","74.7643","51.2732","62.0429","243.6776","60.9130","133.7401","89.8958","47.2876","93.6442","83.3445","77.3682","71.7664","80.4775","44.8198","52.1015","53.9364","62.4554","51.7693","52.1433","45.2912","56.6715","55.0894","91.9076","76.7142","93.2660","63.5455","53.8691","111.5295","48.5206","42.1379","42.3641","65.9318","51.7896","79.2357","50.9666","79.7598","69.1052","71.4498","59.7841","48.0670","50.0023","56.1400","41.0265","63.1763","65.3102","62.5103","83.4355","81.8124","72.2907","43.0918","52.3436","55.9154","58.0254","55.7200","47.1999","51.1485","45.0115","94.0408","68.6694","97.4138","76.1302","62.4573","62.6203","80.8384","90.3893","262.5509","54.0196","66.9370","71.0530","72.7477","58.5375","89.7737"
"C:\Users\cfg364\Sommerlab Dropbox\Casper van der Luijt\Casper\Data\BioLog\OmniLog\CL2\DATA_2024\07\_NRRL 471_Aspergillus oryzae__1_30_CL2_769_7#24#2024_A_24B_35.OKA","7/24/2024 10:32:48 PM","24-B","PM01","","NRRL 471","Aspergillus oryzae","",36.7500,"83.8607","260.9221","96.4727","94.4743","98.9913","92.8674","84.7368","88.5329","102.5897","116.0483","116.4698","101.5231","83.7531","84.1253","71.5257","104.9248","73.5976","74.3932","59.7764","248.8836","53.1054","54.1088","82.9927","101.4977","72.5144","53.0731","60.2245","243.0423","68.1268","134.5786","86.1053","48.8944","92.3130","84.2037","76.4167","74.7418","80.5535","48.8414","52.9206","56.9831","61.4044","55.4404","45.1646","49.4460","53.6752","48.3619","90.3203","78.2999","96.7807","63.9558","54.4840","110.2536","47.3204","38.1290","40.5567","68.0953","53.5096","80.1936","47.6502","78.7017","71.6527","68.0310","59.1278","48.7177","48.1144","58.8869","37.8230","66.2128","69.3041","67.3893","81.2766","81.1203","73.0674","44.1921","55.7171","55.9747","57.4075","55.1113","45.8564","52.7612","47.5913","93.0721","66.9075","102.7494","76.1615","68.6067","63.6131","83.7706","91.6812","263.8253","53.6866","68.8866","69.1293","74.1246","58.8658","87.5819"
"C:\Users\cfg364\Sommerlab Dropbox\Casper van der Luijt\Casper\Data\BioLog\OmniLog\CL2\DATA_2024\07\_NRRL 471_Aspergillus oryzae__1_30_CL2_769_7#24#2024_A_24B_35.OKA","7/24/2024 10:32:48 PM","24-B","PM01","","NRRL 471","Aspergillus oryzae","",37.0000,"82.8091","260.2216","101.6486","96.8418","103.3982","91.7409","85.3252","87.9961","103.8046","117.5239","117.3001","103.1446","82.0939","82.7401","74.5529","105.4124","79.2176","73.4719","60.9582","249.2595","54.7997","52.6127","79.6462","97.6800","72.2886","52.2764","64.9658","244.8924","64.7647","138.2485","88.6501","46.9887","97.9223","86.9273","73.9140","68.6277","88.1352","44.5060","55.5762","55.9171","61.9657","56.6172","46.1031","41.8586","56.5369","54.8685","92.5752","71.5498","97.2495","64.5625","53.5625","115.1728","52.0991","41.7331","44.4913","69.8432","51.3006","80.4139","45.1205","77.1012","71.8640","69.4765","59.2466","49.7881","52.7037","55.1670","38.5628","62.1712","69.4734","67.9288","79.7263","83.1698","68.4934","43.5252","55.3246","52.2185","57.5455","58.4271","49.8656","45.7199","43.6580","95.0649","64.0487","96.6802","73.6826","67.8718","63.4548","85.6998","85.1186","262.0747","54.8818","70.6092","67.0025","73.6244","60.4105","86.4087"
"C:\Users\cfg364\Sommerlab Dropbox\Casper van der Luijt\Casper\Data\BioLog\OmniLog\CL2\DATA_2024\07\_NRRL 471_Aspergillus oryzae__1_30_CL2_769_7#24#2024_A_24B_35.OKA","7/24/2024 10:32:48 PM","24-B","PM01","","NRRL 471","Aspergillus oryzae","",37.2500,"82.5770","258.5282","102.1062","98.7956","107.0867","95.0773","82.0635","91.2018","108.8070","116.2426","118.7937","104.4717","78.6364","77.8997","72.9705","109.1113","77.9091","74.1163","62.6340","251.1069","55.2303","54.5091","83.4627","97.4648","77.9101","54.8181","64.3646","243.4103","70.0894","133.7213","91.4728","48.1971","96.9543","85.7694","74.6902","76.4326","84.0162","48.3691","55.7616","56.0443","63.1791","53.8991","46.8083","47.5797","61.1040","55.1626","91.5043","73.7448","92.6197","65.6701","53.3569","112.2448","51.3185","38.3543","40.0156","71.5071","50.0687","88.3762","50.0134","81.4264","69.0136","69.9071","56.4863","50.3925","53.4425","59.0155","38.2799","63.5483","71.3513","68.3263","85.2431","83.1497","73.3479","43.7952","55.0191","56.0519","62.3955","56.5266","45.3839","50.2279","45.7207","97.5888","66.4012","98.0437","76.6574","69.8012","66.1133","85.2730","93.5843","261.2742","53.8471","74.4437","71.0061","78.7411","61.5114","85.2571"
"C:\Users\cfg364\Sommerlab Dropbox\Casper van der Luijt\Casper\Data\BioLog\OmniLog\CL2\DATA_2024\07\_NRRL 471_Aspergillus oryzae__1_30_CL2_769_7#24#2024_A_24B_35.OKA","7/24/2024 10:32:48 PM","24-B","PM01","","NRRL 471","Aspergillus oryzae","",37.5000,"89.6671","260.5651","103.9900","97.9203","112.2444","94.9737","81.3618","91.3348","106.6125","121.7361","123.9160","106.9433","81.2857","81.1763","74.0201","105.3766","80.0687","75.1804","66.2581","250.2249","50.5760","58.4880","84.0365","102.6215","76.0747","56.3094","64.1721","244.3098","67.8378","136.5388","89.4350","47.7649","93.8598","84.2859","77.9492","72.8230","82.9863","46.1842","56.5976","53.8334","59.8367","54.1345","48.6731","46.1026","60.5989","55.6340","88.6643","76.4374","94.2014","64.8623","52.7951","114.4938","47.5805","40.2111","44.4946","70.5646","56.1748","87.1024","48.2032","81.9968","72.1847","73.5615","62.2920","49.7438","52.6365","58.7231","39.4111","65.6068","79.0604","69.9122","82.2579","87.1217","71.1297","46.4993","58.5186","57.5576","59.0878","62.0647","49.2154","51.8033","42.4459","101.7296","70.4186","100.2774","77.7703","70.9456","67.5898","86.6520","93.8350","260.8840","56.1636","76.0377","71.8105","76.1280","57.0946","89.2797"
"C:\Users\cfg364\Sommerlab Dropbox\Casper van der Luijt\Casper\Data\BioLog\OmniLog\CL2\DATA_2024\07\_NRRL 471_Aspergillus oryzae__1_30_CL2_769_7#24#2024_A_24B_35.OKA","7/24/2024 10:32:48 PM","24-B","PM01","","NRRL 471","Aspergillus oryzae","",37.7500,"88.0439","261.7299","101.9536","105.2533","113.8129","94.1494","82.2969","94.0792","109.0719","117.4752","123.7483","113.1965","82.9901","81.2580","73.6677","110.6736","74.9458","74.6005","67.0514","252.6191","59.0367","58.1201","85.9477","99.2764","71.4380","59.1714","65.4240","242.4459","65.5057","140.4147","94.9502","46.1733","100.5289","84.5756","79.1094","73.9642","85.9648","50.3114","54.0240","50.0132","61.1934","58.3995","48.1059","46.5338","61.1875","52.7396","91.8994","77.0074","96.4261","68.6836","52.7300","114.1950","47.5678","39.2034","42.2281","71.1170","51.4792","83.9107","46.9521","84.5736","72.9535","72.8783","57.3811","51.3446","54.4641","58.9216","40.6556","66.6089","75.6417","73.4851","84.3081","85.3860","73.0931","44.0243","59.7735","56.9158","61.8539","60.8840","49.4510","54.4796","46.9915","95.7102","70.5566","103.0084","76.6635","72.1706","62.6630","85.7080","90.2622","262.8018","54.6562","72.5667","74.5688","79.3024","62.0742","88.4135"
"C:\Users\cfg364\Sommerlab Dropbox\Casper van der Luijt\Casper\Data\BioLog\OmniLog\CL2\DATA_2024\07\_NRRL 471_Aspergillus oryzae__1_30_CL2_769_7#24#2024_A_24B_35.OKA","7/24/2024 10:32:48 PM","24-B","PM01","","NRRL 471","Aspergillus oryzae","",38.0000,"87.7387","260.4516","104.0863","99.0531","111.3897","93.9418","86.7037","91.5553","109.5295","120.8028","121.5859","107.4849","84.2244","80.3971","76.1194","108.4250","75.3247","75.7692","69.1403","249.5795","55.4199","58.3133","84.3385","101.5705","74.6279","56.1646","67.9034","247.7072","66.6555","138.7506","95.1448","44.7179","96.0128","89.4966","78.0222","77.5956","82.3425","45.0276","55.3744","53.0903","65.9806","51.8975","52.5664","47.4413","57.3276","52.5290","95.7145","74.9113","96.0738","68.4220","49.9662","115.7234","53.3027","41.0924","41.9893","70.3785","56.1254","86.9869","48.3333","79.1167","71.1691","75.2169","61.4269","49.4302","53.7617","63.8722","39.7777","67.2124","69.1777","69.4391","88.9688","83.0158","72.7699","45.6183","56.1303","57.5719","63.7701","58.6156","50.8467","51.6196","43.8943","98.1399","72.6095","101.0902","79.8456","73.0982","64.9435","86.3008","93.2055","261.1458","51.9444","74.0941","77.1501","77.9441","57.7001","91.3427"
"C:\Users\cfg364\Sommerlab Dropbox\Casper van der Luijt\Casper\Data\BioLog\OmniLog\CL2\DATA_2024\07\_NRRL 471_Aspergillus oryzae__1_30_CL2_769_7#24#2024_A_24B_35.OKA","7/24/2024 10:32:48 PM","24-B","PM01","","NRRL 471","Aspergillus oryzae","",38.2500,"84.9401","265.5591","107.0428","99.2578","118.5973","97.0285","83.7069","96.1971","106.1562","119.2991","124.7417","109.6103","83.8339","80.0695","75.6851","107.3389","76.3317","75.8088","65.4606","249.4876","56.0886","58.3063","81.6111","106.5386","71.3823","58.6268","67.2745","244.9207","71.2193","140.0224","90.8077","50.5133","99.5577","89.3776","80.3858","77.1413","83.7561","51.9517","56.1200","54.3752","64.0340","55.3813","48.6828","49.5266","60.3713","56.5543","94.1770","75.1361","97.5628","71.9609","52.7527","114.3315","51.1975","39.3062","40.5262","74.6935","57.0104","85.7830","45.8536","83.2357","72.0429","76.1528","58.7677","49.4696","56.6543","65.0881","43.3578","70.5051","76.4140","69.7837","87.2153","85.9687","72.5027","50.3847","61.8283","58.8986","67.0906","61.0639","47.0897","58.0359","48.6530","102.6610","73.6255","102.1845","79.0370","73.3062","66.2453","88.3570","94.2923","263.5760","57.7092","71.5965","74.8619","81.7323","60.1550","92.9833"
"C:\Users\cfg364\Sommerlab Dropbox\Casper van der Luijt\Casper\Data\BioLog\OmniLog\CL2\DATA_2024\07\_NRRL 471_Aspergillus oryzae__1_30_CL2_769_7#24#2024_A_24B_35.OKA","7/24/2024 10:32:48 PM","24-B","PM01","","NRRL 471","Aspergillus oryzae","",38.5000,"84.7359","262.7454","106.2788","106.1657","120.4702","96.0781","87.4980","93.2656","106.9397","118.9243","124.5226","110.0715","86.9597","81.3501","80.3130","108.2129","78.0166","75.2208","62.1514","250.0686","57.0593","53.2719","85.5337","103.2079","72.7799","54.4718","62.1700","245.7619","70.2638","139.7812","98.4458","50.2771","95.2792","88.1732","80.2350","77.2702","89.6452","46.4221","55.8966","56.1811","62.8820","55.2873","52.5526","48.9926","64.2100","57.2013","96.2682","72.8380","98.8531","69.0336","53.1135","117.5175","48.6696","40.5510","41.9889","76.1631","58.2822","85.9479","44.3639","83.9795","67.8942","75.5078","61.0418","49.3449","59.2431","64.5411","42.0166","66.5007","79.3303","70.8790","87.0330","90.4080","72.0974","47.4522","59.1702","60.2278","62.9006","60.7048","49.4806","53.9056","47.1654","100.8854","73.9440","104.1661","79.3592","74.1085","66.9591","88.1912","89.8683","262.0615","58.7060","74.6659","77.6174","78.3600","58.8941","89.3875"
"C:\Users\cfg364\Sommerlab Dropbox\Casper van der Luijt\Casper\Data\BioLog\OmniLog\CL2\DATA_2024\07\_NRRL 471_Aspergillus oryzae__1_30_CL2_769_7#24#2024_A_24B_35.OKA","7/24/2024 10:32:48 PM","24-B","PM01","","NRRL 471","Aspergillus oryzae","",38.7500,"90.5559","263.6053","111.5109","103.7623","126.1743","98.6738","91.4142","93.5676","109.6951","122.3611","125.3542","114.2836","86.0881","87.7043","79.9652","111.9479","80.1577","80.1588","69.5267","250.6042","57.8066","58.4448","88.2428","105.4737","76.2581","55.8971","66.0996","248.0186","69.6649","143.6237","95.3379","53.5064","99.3138","89.4412","81.5001","78.7636","85.5223","44.8770","58.5513","55.9785","65.4750","57.1411","51.3779","48.5169","63.3822","54.4447","96.0392","76.7832","96.5129","69.7245","52.0008","118.7849","49.6393","41.5056","43.2925","76.7979","59.7491","88.3621","46.9324","85.2876","73.5362","78.0311","63.0932","48.5679","57.1248","63.1780","39.6353","67.1876","79.2745","68.4246","89.1468","89.4851","71.6399","47.4949","59.1420","59.8654","66.5533","57.7763","52.5447","54.4063","47.9967","104.2825","73.5104","106.9898","76.7694","72.1534","69.5435","89.2498","89.9451","263.0951","55.7368","77.7204","74.7885","80.7852","60.3536","92.0057"
"C:\Users\cfg364\Sommerlab Dropbox\Casper van der Luijt\Casper\Data\BioLog\OmniLog\CL2\DATA_2024\07\_NRRL 471_Aspergillus oryzae__1_30_CL2_769_7#24#2024_A_24B_35.OKA","7/24/2024 10:32:48 PM","24-B","PM01","","NRRL 471","Aspergillus oryzae","",39.0000,"89.0385","268.4977","107.1198","106.1960","126.8976","95.7029","92.5541","91.6017","109.9608","121.1271","126.3486","113.4314","85.1206","85.6745","78.7700","109.1287","81.2817","81.7118","70.4027","251.9951","56.1802","57.8538","89.1976","106.7237","76.1949","56.5848","65.8141","244.4998","69.4773","146.9597","96.7842","53.6023","100.1134","88.1527","82.1773","77.1221","87.5605","47.5911","58.5829","55.3364","62.9171","56.1366","50.4883","50.4999","63.2853","55.7523","94.3749","78.5212","99.1995","71.6137","54.5673","120.1318","50.7295","37.4130","43.3559","78.5045","54.1058","86.7231","49.8160","86.8134","71.9996","76.8776","62.1039","49.3161","59.1705","62.8939","40.2055","67.7891","80.7747","69.1633","89.6953","88.7355","70.4155","48.8301","60.6046","61.4676","66.9379","57.1984","47.8158","52.0531","47.6780","104.0587","70.8804","104.2828","79.0235","74.0228","63.7948","92.6680","92.9950","264.7449","57.9832","75.3252","74.2104","82.7745","57.5588","88.4594"
"C:\Users\cfg364\Sommerlab Dropbox\Casper van der Luijt\Casper\Data\BioLog\OmniLog\CL2\DATA_2024\07\_NRRL 471_Aspergillus oryzae__1_30_CL2_769_7#24#2024_A_24B_35.OKA","7/24/2024 10:32:48 PM","24-B","PM01","","NRRL 471","Aspergillus oryzae","",39.2500,"82.3058","266.0065","106.5111","103.9707","129.8723","97.4598","86.9011","94.7921","111.1385","125.1860","125.0720","111.3316","86.7241","86.9716","79.4382","112.3391","81.3174","77.6492","65.4049","252.1873","55.7317","61.0458","89.0565","106.5490","75.5016","57.5933","68.7670","248.7058","68.8532","141.8567","94.7232","47.8647","96.1662","91.0520","78.2852","75.3478","87.5528","44.2606","56.8633","53.8952","61.2966","57.5659","53.1501","50.6871","61.2014","56.7827","96.4701","78.0002","99.0040","72.4679","54.6362","118.3213","50.6517","40.6204","39.1678","78.9481","55.1236","87.8477","43.3242","87.0900","70.3791","81.0026","61.2008","50.6192","59.8458","60.6864","42.6962","68.2328","80.9009","71.1487","89.5013","88.2101","77.2085","45.1796","59.5936","61.4494","65.8490","62.0063","52.3641","55.1493","48.4850","110.2389","73.0241","107.9636","81.2940","73.5233","68.7253","91.7192","94.7644","262.4540","56.1174","75.4332","77.0962","80.4962","60.6605","90.6195"
"C:\Users\cfg364\Sommerlab Dropbox\Casper van der Luijt\Casper\Data\BioLog\OmniLog\CL2\DATA_2024\07\_NRRL 471_Aspergillus oryzae__1_30_CL2_769_7#24#2024_A_24B_35.OKA","7/24/2024 10:32:48 PM","24-B","PM01","","NRRL 471","Aspergillus oryzae","",39.5000,"86.6485","265.1133","113.0232","105.8703","130.0505","100.3580","91.8837","94.1101","113.0612","124.7192","123.9615","114.4697","85.3523","88.3383","79.5752","108.9980","82.9212","80.5495","70.7874","251.2499","58.0557","62.4429","89.8789","106.7887","74.8980","60.1127","68.7967","247.7742","72.4097","146.1856","99.7468","46.5769","99.7015","89.4710","84.1488","77.2923","92.2453","48.3386","51.3088","59.9234","66.1801","56.0590","52.3672","48.3426","64.1532","57.7425","94.8764","75.5390","98.8153","73.0628","55.3085","119.3321","51.4701","42.1515","43.4774","74.0797","57.5679","92.3502","45.6667","83.8344","74.2114","78.5441","60.9180","49.7129","56.9268","69.9131","39.0517","71.1611","84.3852","69.8279","95.3146","88.3756","75.7968","50.6722","58.0976","58.9944","66.2770","63.4916","50.4935","57.0065","48.8156","109.0892","74.4478","107.8118","78.4010","75.9881","66.0414","95.8272","96.7087","262.5293","56.3616","73.9935","78.2848","80.5154","63.3028","93.6269"
"C:\Users\cfg364\Sommerlab Dropbox\Casper van der Luijt\Casper\Data\BioLog\OmniLog\CL2\DATA_2024\07\_NRRL 471_Aspergillus oryzae__1_30_CL2_769_7#24#2024_A_24B_35.OKA","7/24/2024 10:32:48 PM","24-B","PM01","","NRRL 471","Aspergillus oryzae","",39.7500,"91.3853","265.7263","113.3706","104.3358","131.6716","103.9487","89.9919","97.1115","111.8684","128.4984","126.4395","116.2593","87.0520","88.0462","82.4164","108.5117","85.7376","79.6389","72.3774","249.7311","59.0630","57.1233","91.2760","111.9765","78.3148","61.2695","68.4658","244.2368","70.1764","145.8258","100.9351","49.9279","99.2971","90.5205","84.6396","85.1275","89.5631","48.7308","56.2797","54.8260","60.9210","56.5021","52.7078","47.0734","64.2899","53.8935","101.3732","76.6608","101.5918","77.0642","54.7482","116.7596","53.6464","38.3950","39.6542","76.4287","59.2672","92.4676","43.0958","84.6131","73.4746","79.2676","61.5364","49.1617","57.8675","65.2844","41.9292","69.6831","85.3393","70.4623","91.4829","88.5442","74.1843","50.2229","62.4181","59.1712","69.2674","63.8944","50.0319","53.1032","44.9346","110.1506","74.7084","108.0631","80.5332","74.6899","64.2471","97.2108","95.0744","266.3485","57.2129","76.7429","74.0604","82.1182","60.5484","95.7585"
"C:\Users\cfg364\Sommerlab Dropbox\Casper van der Luijt\Casper\Data\BioLog\OmniLog\CL2\DATA_2024\07\_NRRL 471_Aspergillus oryzae__1_30_CL2_769_7#24#2024_A_24B_35.OKA","7/24/2024 10:32:48 PM","24-B","PM01","","NRRL 471","Aspergillus oryzae","",40.0000,"85.5275","267.4082","112.0814","105.8271","134.6813","100.8287","89.4127","97.5661","113.8504","131.2679","127.7105","117.0695","85.7833","86.3693","82.0490","112.1829","85.0186","80.4170","71.3903","253.1443","53.1109","56.8916","88.6757","107.0812","76.8419","58.6519","69.1019","245.4338","72.8347","148.2000","102.1673","45.3240","99.6702","86.6129","83.7008","78.7301","89.4737","47.0147","58.3026","54.0870","65.0396","57.8058","52.5171","51.0823","62.4515","51.9737","96.7063","76.9602","103.5618","73.1057","52.5275","117.5660","51.4914","38.7242","45.2579","72.2910","60.1240","88.6354","46.5246","85.5492","67.7493","81.3036","67.5538","50.8952","59.8630","64.9723","41.8735","71.0882","84.1497","76.7184","89.2699","87.3842","70.6297","46.2065","61.9926","62.2405","65.6686","63.1517","53.0518","53.2811","50.2583","111.8610","74.7436","108.1375","74.8258","73.4748","68.6165","90.2625","92.5831","264.5714","63.1226","77.3134","77.7188","84.9704","62.4003","93.0903"
"C:\Users\cfg364\Sommerlab Dropbox\Casper van der Luijt\Casper\Data\BioLog\OmniLog\CL2\DATA_2024\07\_NRRL 471_Aspergillus oryzae__1_30_CL2_769_7#24#2024_A_24B_35.OKA","7/24/2024 10:32:48 PM","24-B","PM01","","NRRL 471","Aspergillus oryzae","",40.2500,"84.1889","266.3325","114.0811","110.0297","135.4096","103.4109","95.7970","100.0442","116.4374","132.7996","129.6140","115.0019","88.5935","88.4072","81.3696","111.6714","87.7889","82.9951","72.4270","253.8618","57.5574","58.2772","91.1568","109.2045","81.1112","56.8166","73.2251","248.5949","73.5845","148.1049","102.9981","49.4056","99.4131","87.4516","84.5701","78.1679","89.8856","47.7684","57.0131","57.0218","64.2161","56.3884","51.4959","53.0546","66.0734","56.5264","96.8044","77.9775","102.2750","78.9563","53.8096","119.0830","55.0623","40.2313","44.9418","78.9669","58.4092","94.4565","49.1153","89.6662","72.3028","81.6568","65.5219","52.4786","62.6060","69.0076","40.2320","70.3577","88.7296","76.1122","94.1417","88.7127","75.0866","48.0578","63.9777","61.8705","67.2122","65.7895","51.5897","54.4547","47.8286","112.4055","74.1020","111.5956","79.8069","73.3798","69.7414","91.0698","93.7669","263.9546","63.1226","78.9886","77.3662","83.6512","63.7264","99.8074"
"C:\Users\cfg364\Sommerlab Dropbox\Casper van der Luijt\Casper\Data\BioLog\OmniLog\CL2\DATA_2024\07\_NRRL 471_Aspergillus oryzae__1_30_CL2_769_7#24#2024_A_24B_35.OKA","7/24/2024 10:32:48 PM","24-B","PM01","","NRRL 471","Aspergillus oryzae","",40.5000,"88.7666","267.8635","116.7571","109.1013","143.5830","100.4856","97.9444","97.1909","115.2415","129.2265","130.7875","111.9537","90.6914","92.1883","80.5854","111.2183","85.5010","81.0213","69.3861","250.5870","61.9346","57.9196","91.7164","107.2488","80.0095","61.6597","68.3408","247.2221","74.8280","144.7986","100.4635","52.9832","99.2729","90.7440","84.2847","81.4934","90.1797","47.8656","55.9650","60.8831","67.4307","60.1061","56.2843","48.0668","65.1714","55.6234","97.1769","81.1479","99.7783","74.6647","56.4825","121.6646","53.0224","39.4422","44.5992","78.8484","60.6399","91.7317","44.6859","83.8953","74.7438","85.8663","66.1788","51.0051","59.6853","66.7408","40.2764","64.0016","89.1861","72.7968","95.6722","91.4461","80.6043","52.8419","62.9666","61.2778","70.4021","63.8321","50.5275","57.5606","51.7140","116.2180","81.0665","110.5697","81.5803","75.4219","70.0867","93.6734","98.0436","265.3651","61.1224","76.7029","79.2812","79.9372","60.9438","98.6768"
"C:\Users\cfg364\Sommerlab Dropbox\Casper van der Luijt\Casper\Data\BioLog\OmniLog\CL2\DATA_2024\07\_NRRL 471_Aspergillus oryzae__1_30_CL2_769_7#24#2024_A_24B_35.OKA","7/24/2024 10:32:48 PM","24-B","PM01","","NRRL 471","Aspergillus oryzae","",40.7500,"88.4501","268.3070","114.5665","110.3200","144.9743","102.3202","97.1139","102.6718","115.2222","130.1055","131.6627","113.8576","89.3896","94.0989","82.0588","113.6060","87.0280","82.8673","74.0370","255.8454","55.9290","64.2521","94.6562","110.0656","81.0689","64.3934","72.0382","248.6055","68.9873","151.3794","103.1442","52.1538","100.5395","91.0790","85.9962","83.1624","91.1630","51.8005","60.8424","54.1006","68.2552","59.2571","55.1278","54.1675","66.6210","60.3702","100.0699","82.7362","104.7042","71.7189","58.4531","120.7344","54.5538","40.8334","48.2674","78.4553","57.5426","92.4307","48.9100","86.4673","74.5274","81.0140","63.0705","50.3720","59.6336","66.3606","38.2959","74.4560","90.5524","72.1752","97.2384","89.1379","74.7638","49.4942","66.3306","61.6137","71.7688","67.6962","51.6790","56.2349","50.3631","115.7639","79.9858","111.3117","76.8898","76.6283","68.6176","95.8761","95.1918","264.0525","61.9987","79.9547","77.9670","83.7024","65.9778","95.3974"
"C:\Users\cfg364\Sommerlab Dropbox\Casper van der Luijt\Casper\Data\BioLog\OmniLog\CL2\DATA_2024\07\_NRRL 471_Aspergillus oryzae__1_30_CL2_769_7#24#2024_A_24B_35.OKA","7/24/2024 10:32:48 PM","24-B","PM01","","NRRL 471","Aspergillus oryzae","",41.0000,"92.6547","271.5898","114.6284","111.4540","152.1205","106.2581","96.4178","99.8790","117.0592","132.0399","129.0445","122.3478","90.0958","93.6298","90.2150","111.2090","87.2131","84.6870","79.1222","255.3346","58.6551","59.9854","93.5074","116.0695","76.9116","66.0715","75.6214","246.9052","73.3922","154.5537","107.3427","53.6084","101.9911","90.9769","92.0579","86.9812","94.9306","53.0673","58.8003","64.7591","67.4411","62.6675","58.1694","53.1981","68.0511","63.3316","102.8664","84.8306","105.6353","78.7722","60.5564","120.9837","54.3862","41.2472","44.7909","79.6383","59.5422","93.6780","45.8249","87.7920","76.3515","86.7081","62.6929","53.3078","60.4536","67.5635","40.2786","71.6421","95.7213","76.9058","96.7745","93.1431","77.7002","45.8644","68.5357","63.6176","73.7396","65.2141","53.7177","60.0978","51.3803","118.7792","78.0239","116.9948","85.0733","77.8835","72.8017","99.0313","100.8555","263.8894","62.8577","84.1386","80.7684","82.0590","62.8277","95.7511"
"C:\Users\cfg364\Sommerlab Dropbox\Casper van der Luijt\Casper\Data\BioLog\OmniLog\CL2\DATA_2024\07\_NRRL 471_Aspergillus oryzae__1_30_CL2_769_7#24#2024_A_24B_35.OKA","7/24/2024 10:32:48 PM","24-B","PM01","","NRRL 471","Aspergillus oryzae","",41.2500,"89.5699","268.2546","118.0951","112.6304","153.1497","101.7698","95.3680","103.0571","115.7795","133.7557","129.0945","118.7381","87.6214","94.4336","89.1982","114.7244","87.7822","85.5000","74.8599","253.4914","59.1625","59.1543","96.9646","108.9249","77.8443","64.1331","76.6537","248.2085","73.1982","147.9508","101.7250","51.0276","97.5937","92.3809","87.0421","81.2280","93.2744","51.4421","60.7668","58.0507","67.9859","60.2422","60.2611","52.6336","73.1169","64.3801","102.1993","88.1241","104.6606","78.2791","53.5592","123.8462","52.2516","38.9096","45.1990","80.7856","56.3890","95.4917","51.1809","86.7932","76.2351","88.3220","67.1263","52.1961","63.3382","69.9056","41.3458","70.7641","95.6000","80.4053","100.7543","94.6389","76.9467","49.2627","64.6420","62.0025","74.1589","67.6858","53.7784","54.4710","52.3292","119.1853","84.3610","111.6760","82.5362","77.9813","72.0311","102.7470","97.1572","265.1720","61.9874","78.7495","79.8132","86.0583","65.6293","100.3744"
"C:\Users\cfg364\Sommerlab Dropbox\Casper van der Luijt\Casper\Data\BioLog\OmniLog\CL2\DATA_2024\07\_NRRL 471_Aspergillus oryzae__1_30_CL2_769_7#24#2024_A_24B_35.OKA","7/24/2024 10:32:48 PM","24-B","PM01","","NRRL 471","Aspergillus oryzae","",41.5000,"92.8436","268.7056","114.1948","111.4952","154.7250","105.3800","100.5474","102.9913","113.2871","134.8837","128.6271","118.9684","87.4337","93.0244","87.9457","113.6760","90.2630","86.4551","77.6083","256.0191","56.6466","58.4938","96.7678","111.4611","78.9568","67.3179","76.0549","247.5651","73.3546","151.4007","106.7336","48.1983","100.2285","91.6443","89.2286","82.5157","96.2852","49.2604","56.5200","55.1884","66.0198","58.5496","58.6710","53.3662","71.4164","62.1127","102.5249","85.4093","108.8444","81.3256","59.3231","123.4091","54.0077","40.9863","43.2656","83.5972","57.9179","94.7748","49.8243","90.1244","72.5647","87.4930","68.5132","50.9854","61.7725","65.6325","41.3141","71.0809","98.0126","78.4305","98.6342","94.4508","75.0206","49.6769","63.4603","67.7345","71.8326","67.3038","54.2531","57.7075","50.8577","116.9781","80.8661","110.4234","81.3049","79.5094","74.4673","99.0192","98.4607","269.5045","64.8955","79.3504","80.0377","87.2730","63.9192","98.7657"
"C:\Users\cfg364\Sommerlab Dropbox\Casper van der Luijt\Casper\Data\BioLog\OmniLog\CL2\DATA_2024\07\_NRRL 471_Aspergillus oryzae__1_30_CL2_769_7#24#2024_A_24B_35.OKA","7/24/2024 10:32:48 PM","24-B","PM01","","NRRL 471","Aspergillus oryzae","",41.7500,"90.8851","266.0454","114.0058","110.5621","153.8955","102.6509","99.4143","105.0948","118.8839","129.6958","132.8214","116.7150","91.1681","92.5895","82.8010","110.2846","91.6330","90.5565","77.7157","253.5801","55.0447","58.9744","93.8672","112.5982","81.1447","66.7920","77.8229","249.1401","72.5924","149.7439","101.2593","51.0522","103.6546","91.5402","85.3734","84.9288","95.1871","51.6070","56.8169","58.3860","66.5120","59.8813","50.7148","54.5677","71.0102","60.6939","99.9337","84.4195","107.2864","76.0011","57.5629","119.1370","54.5414","38.8859","45.1834","83.0457","57.1171","94.8427","46.5436","90.6085","76.1500","90.2584","65.8139","53.0541","61.5285","70.7824","40.7807","73.6283","97.0594","78.5278","99.6260","91.2879","75.2616","49.5841","61.8952","66.7088","71.8708","68.0562","54.6237","54.2914","52.5716","117.0817","79.3912","113.4584","81.6276","76.5072","73.4181","102.4444","95.1421","264.8199","61.6730","81.3496","81.3789","85.1941","62.6030","95.3850"
"C:\Users\cfg364\Sommerlab Dropbox\Casper van der Luijt\Casper\Data\BioLog\OmniLog\CL2\DATA_2024\07\_NRRL 471_Aspergillus oryzae__1_30_CL2_769_7#24#2024_A_24B_35.OKA","7/24/2024 10:32:48 PM","24-B","PM01","","NRRL 471","Aspergillus oryzae","",42.0000,"87.8779","267.2210","120.4756","119.7144","161.1785","102.9181","99.6435","103.8214","115.1490","130.6849","136.3535","125.6779","90.6313","92.9934","87.9038","111.6999","91.3834","89.5222","75.2065","257.5298","58.6975","58.9086","97.0111","114.0905","78.5768","62.4953","75.3315","250.0746","75.0210","152.8565","103.8168","54.1312","106.3762","93.4193","90.3727","83.3943","98.0143","51.9556","61.9059","58.7064","63.0714","63.9379","57.1383","51.4365","74.0105","66.0134","101.7910","82.3300","109.8636","83.2067","61.5997","120.8622","50.6227","38.1190","45.7319","80.8451","58.2044","96.1443","48.8697","89.7448","75.9717","89.7179","67.0725","51.7080","62.5518","73.4472","45.8629","72.0534","98.2064","78.9975","99.2003","95.4041","75.5701","50.1188","63.5200","64.9309","77.4643","67.8707","53.2680","58.8117","51.0594","122.8691","82.6454","117.7945","82.7180","81.9072","74.4608","105.4101","98.5996","266.6298","65.7360","81.2067","83.7840","82.8369","64.8344","101.4887"
"C:\Users\cfg364\Sommerlab Dropbox\Casper van der Luijt\Casper\Data\BioLog\OmniLog\CL2\DATA_2024\07\_NRRL 471_Aspergillus oryzae__1_30_CL2_769_7#24#2024_A_24B_35.OKA","7/24/2024 10:32:48 PM","24-B","PM01","","NRRL 471","Aspergillus oryzae","",42.2500,"90.1511","269.3563","121.7633","116.6520","158.4140","100.7787","98.5425","102.5124","121.5313","133.2074","135.7229","124.8041","88.7500","96.5588","85.9334","112.1415","87.9547","87.6215","77.4417","255.0777","58.0379","59.7581","93.0053","111.4328","78.7227","65.1913","73.4228","248.5987","70.4648","153.6525","105.5441","52.1528","101.8043","94.0508","90.8157","83.4364","95.3633","51.1443","61.0850","59.1338","62.4920","64.1837","54.2160","51.8463","67.9865","61.3982","103.0399","82.1677","108.3205","78.6107","59.1650","117.6781","55.0947","40.3986","42.0356","77.2140","58.1009","94.8811","49.4175","92.4718","77.3377","90.8954","65.4896","48.7382","64.6103","71.7143","43.0767","73.5463","98.2317","76.3548","103.8636","94.2245","72.2231","49.1832","64.2964","65.6101","76.9632","67.2402","54.0948","54.0472","48.2296","118.7961","89.3505","113.9180","79.9626","74.5987","71.3880","101.9809","96.3691","267.2186","64.8449","80.1994","79.0090","87.7312","60.0898","101.4998"
"C:\Users\cfg364\Sommerlab Dropbox\Casper van der Luijt\Casper\Data\BioLog\OmniLog\CL2\DATA_2024\07\_NRRL 471_Aspergillus oryzae__1_30_CL2_769_7#24#2024_A_24B_35.OKA","7/24/2024 10:32:48 PM","24-B","PM01","","NRRL 471","Aspergillus oryzae","",42.5000,"90.8556","274.1964","117.9470","118.3714","164.4819","106.8321","100.1572","106.7287","119.3917","130.8598","139.4520","124.4632","91.7052","93.6097","90.1211","114.6228","94.1400","93.8256","77.2761","254.1023","57.9241","60.2298","101.1020","118.9303","80.4364","69.9144","78.4101","250.2175","74.7016","152.3944","105.5650","54.7688","106.9965","92.7407","91.7458","81.6024","96.9601","58.5218","62.2747","60.6975","68.2140","63.4063","60.2052","58.4836","71.2215","62.9855","101.9152","82.3136","110.9174","83.3411","61.2185","120.4434","54.8151","37.6038","46.3221","82.3338","60.1864","96.1764","48.8218","91.8538","76.8831","87.6330","65.1089","52.5437","64.9227","70.7133","42.4393","73.9185","102.0556","83.4399","100.6768","94.4335","81.1297","45.2432","64.6829","63.2886","76.6269","68.2368","50.7661","54.4612","50.6760","119.4456","85.4954","115.4213","83.5219","79.6634","78.8748","108.1182","97.2808","266.2383","65.2122","81.4795","77.5375","87.5166","63.4590","101.4829"
"C:\Users\cfg364\Sommerlab Dropbox\Casper van der Luijt\Casper\Data\BioLog\OmniLog\CL2\DATA_2024\07\_NRRL 471_Aspergillus oryzae__1_30_CL2_769_7#24#2024_A_24B_35.OKA","7/24/2024 10:32:48 PM","24-B","PM01","","NRRL 471","Aspergillus oryzae","",42.7500,"93.7543","269.7961","118.0474","113.5142","167.2379","102.2848","98.4904","102.3130","119.8857","130.9232","133.0585","123.2313","92.1228","89.1696","85.4921","117.1065","89.9856","90.0335","80.0403","258.8706","60.6492","56.6480","99.7008","115.2602","76.3871","67.3426","79.7856","250.0364","73.6520","148.2429","102.6786","52.1549","102.5370","93.2643","92.0692","81.5411","98.0111","51.8692","61.9962","60.1849","66.4805","62.9122","59.9776","60.9421","70.2197","65.6405","103.2232","83.1791","112.1759","81.8120","63.6593","121.2919","53.8198","40.0207","45.4312","85.9739","56.6646","97.1124","49.2900","91.5054","73.5945","91.6861","69.0313","50.5023","59.5440","72.5336","47.7156","76.0807","103.0403","80.9748","98.0907","92.1681","78.2093","49.2446","69.1732","66.4200","77.2941","68.3506","55.3038","59.7288","51.2113","122.9720","86.1992","113.9851","84.0878","82.1771","75.2343","104.9904","99.0031","266.6653","66.2418","83.4331","81.7215","87.4219","65.0495","99.7619"
"C:\Users\cfg364\Sommerlab Dropbox\Casper van der Luijt\Casper\Data\BioLog\OmniLog\CL2\DATA_2024\07\_NRRL 471_Aspergillus oryzae__1_30_CL2_769_7#24#2024_A_24B_35.OKA","7/24/2024 10:32:48 PM","24-B","PM01","","NRRL 471","Aspergillus oryzae","",43.0000,"90.4973","268.5502","123.9538","117.5892","168.6623","105.2321","101.6070","108.2351","125.5054","135.2559","140.2585","121.7793","91.2423","95.6446","88.7797","115.8864","92.3490","91.6978","82.6125","258.9626","63.5529","60.1872","101.5163","119.4415","84.7248","70.8560","78.6108","253.6367","77.2427","158.2984","113.0191","58.4949","107.8338","97.3488","95.6655","87.8816","103.5004","57.3500","65.2266","60.8465","66.5551","64.9170","62.6450","62.4485","71.3535","63.8838","107.0770","85.4876","113.3148","87.4268","62.5839","127.1825","57.8212","42.6523","43.8643","88.0328","65.5845","99.4323","54.6429","93.4896","80.9938","94.5135","70.5826","53.4224","66.8790","72.4828","46.9763","78.3953","105.2497","81.9240","103.1835","96.0250","81.3754","53.5224","69.6057","70.1154","79.6074","73.0543","58.4476","64.1605","51.2578","124.7808","88.2727","121.2830","84.8618","89.6323","81.6321","108.9527","99.9016","270.7544","69.9393","84.4960","84.1107","92.2702","71.4127","104.7044"
"C:\Users\cfg364\Sommerlab Dropbox\Casper van der Luijt\Casper\Data\BioLog\OmniLog\CL2\DATA_2024\07\_NRRL 471_Aspergillus oryzae__1_30_CL2_769_7#24#2024_A_24B_35.OKA","7/24/2024 10:32:48 PM","24-B","PM01","","NRRL 471","Aspergillus oryzae","",43.2500,"95.0271","272.6877","121.5802","118.5662","176.6447","106.8749","104.9888","106.4358","123.9927","140.0040","141.1252","124.8541","93.3115","98.2543","87.4179","118.7083","94.1026","92.5361","80.9814","259.5709","64.5070","62.8558","100.6241","115.7307","84.3139","72.8194","83.2133","254.8283","76.1831","156.6429","110.2726","53.3142","109.5921","95.2689","96.9162","86.2918","101.3383","55.2688","65.6469","63.1160","66.2923","63.2294","62.5983","61.8780","74.7967","67.8816","107.0932","90.7810","110.7762","87.5708","59.2077","126.2905","60.0348","42.8663","46.2738","90.2211","64.4981","102.8576","50.0319","90.3609","77.5357","96.2362","69.9436","52.7020","64.6056","77.6698","44.0443","78.8104","109.4861","86.0113","108.5331","92.1064","77.5788","51.4458","68.1780","68.3595","80.6190","73.8557","54.8115","58.4885","57.5391","126.8598","93.8466","119.9887","79.1938","84.9944","77.1201","110.5445","99.7422","268.8017","67.2755","86.9427","82.7324","90.8974","69.2097","100.2609"
"C:\Users\cfg364\Sommerlab Dropbox\Casper van der Luijt\Casper\Data\BioLog\OmniLog\CL2\DATA_2024\07\_NRRL 471_Aspergillus oryzae__1_30_CL2_769_7#24#2024_A_24B_35.OKA","7/24/2024 10:32:48 PM","24-B","PM01","","NRRL 471","Aspergillus oryzae","",43.5000,"94.0804","271.1483","123.9566","119.8668","175.4181","104.2689","103.8312","107.6814","123.8277","142.3098","142.0123","128.7977","96.3594","101.0632","92.7951","116.3180","96.5719","96.5084","82.9330","258.5371","65.3045","67.2456","105.4298","119.2385","80.1073","75.6633","86.9086","253.8526","75.8891","160.2176","109.6579","54.3366","108.3334","96.4887","91.5147","86.0332","105.9256","56.2946","61.9535","65.6164","67.2509","67.3641","61.2548","61.6460","80.1348","69.7083","106.8927","88.1188","116.1322","87.8057","63.5905","124.8578","56.0090","46.3074","45.6545","84.2101","64.6272","99.9906","50.6649","96.5088","82.0987","93.5302","75.4042","56.9325","63.8885","71.3195","48.1776","78.3838","104.7207","87.6712","105.6512","96.9962","80.2868","51.8071","71.7898","70.6734","79.3311","73.8649","56.2458","60.2042","57.0348","133.4081","91.6106","123.7247","81.5854","85.3386","82.3068","113.1676","101.7454","266.6199","71.9086","88.0821","82.8745","93.1118","68.0933","104.1065"
"C:\Users\cfg364\Sommerlab Dropbox\Casper van der Luijt\Casper\Data\BioLog\OmniLog\CL2\DATA_2024\07\_NRRL 471_Aspergillus oryzae__1_30_CL2_769_7#24#2024_A_24B_35.OKA","7/24/2024 10:32:48 PM","24-B","PM01","","NRRL 471","Aspergillus oryzae","",43.7500,"97.0369","275.3741","125.9467","116.4013","177.6132","108.7888","102.7285","107.7253","124.7361","140.9188","140.4448","126.4676","96.6991","98.2259","88.9172","115.3899","94.6461","93.8554","84.2536","255.3123","64.6417","60.6595","104.8470","119.9480","78.9758","72.3000","84.0636","251.1711","75.0700","157.9128","108.6802","54.7575","105.7473","98.4765","96.1538","90.4353","104.7621","54.2081","63.0793","59.4882","70.0005","61.2688","63.1790","62.3222","72.3778","69.9244","106.1341","86.5570","115.8769","86.5541","60.3034","124.4781","55.1923","41.5327","50.7835","87.6367","64.0931","99.6302","51.2273","94.3115","83.9645","93.7539","69.7974","51.6200","63.7851","74.0766","44.8936","77.9254","112.9644","86.6454","108.8555","95.7742","77.5990","53.5926","71.8732","70.7294","83.2791","73.8178","60.0873","61.7590","55.4645","127.8726","91.7984","121.0070","81.9156","86.4421","77.8035","113.9539","96.5081","268.9071","69.7793","86.8296","86.0968","90.3093","65.0389","100.9357"
"C:\Users\cfg364\Sommerlab Dropbox\Casper van der Luijt\Casper\Data\BioLog\OmniLog\CL2\DATA_2024\07\_NRRL 471_Aspergillus oryzae__1_30_CL2_769_7#24#2024_A_24B_35.OKA","7/24/2024 10:32:48 PM","24-B","PM01","","NRRL 471","Aspergillus oryzae","",44.0000,"96.2601","275.7530","125.7701","122.3916","180.7100","112.9716","106.9551","106.1851","121.8465","144.9406","146.9406","125.4510","94.3928","100.9492","93.2974","118.3490","96.4373","96.7626","87.9066","257.1928","67.1327","63.0160","106.1114","118.5970","84.5631","71.0004","82.9844","250.6446","79.2160","164.7903","112.6922","57.0053","107.4288","101.7736","98.9820","91.0054","102.7643","55.7900","62.1565","66.7540","68.6481","68.8734","62.4612","61.2110","77.6496","68.7112","113.0715","89.4310","115.0409","91.1193","67.9072","125.2344","59.7026","40.6724","44.5686","90.8937","62.9162","102.7551","52.8600","95.6055","83.7172","97.1435","72.1067","52.3194","71.6093","75.9236","44.5301","78.0320","110.9361","83.5267","110.7271","95.6362","81.6050","52.2292","70.7028","72.0191","81.7853","75.9977","59.7223","60.7882","56.1631","130.0848","95.8652","124.9812","84.4712","91.2932","79.1298","112.1596","102.3379","271.0276","69.7995","88.1377","84.6475","92.1765","68.3173","109.8854"
"C:\Users\cfg364\Sommerlab Dropbox\Casper van der Luijt\Casper\Data\BioLog\OmniLog\CL2\DATA_2024\07\_NRRL 471_Aspergillus oryzae__1_30_CL2_769_7#24#2024_A_24B_35.OKA","7/24/2024 10:32:48 PM","24-B","PM01","","NRRL 471","Aspergillus oryzae","",44.2500,"93.8429","274.1786","127.0354","125.9420","181.0127","108.8983","106.0602","112.2552","126.4620","145.6672","143.1913","127.3568","96.2613","100.7244","98.1770","121.8096","99.7065","95.5795","85.7363","259.3864","65.4638","62.5500","106.6718","122.6301","83.0226","75.9076","86.4799","250.2129","77.0026","164.3330","113.9377","51.2376","110.6094","103.0017","99.8132","90.1799","107.5737","57.4272","65.5139","64.6600","69.8530","66.4812","66.2497","61.7722","77.7140","67.8008","112.7830","86.8172","115.6834","90.7839","67.4763","127.3035","62.3555","41.6704","49.3316","89.5479","64.4555","106.0088","49.3317","95.4232","84.0209","96.1926","74.0143","56.3694","67.6645","73.4758","47.2628","81.6028","112.8203","86.3128","106.4095","100.8399","80.5599","53.1819","71.4784","73.1287","80.6547","79.8745","57.3072","62.7336","57.5929","127.2316","95.9425","123.7722","89.1874","88.8913","78.3465","115.9699","101.5514","270.2990","71.5695","84.9711","85.4023","90.2651","69.7015","108.3131"
"C:\Users\cfg364\Sommerlab Dropbox\Casper van der Luijt\Casper\Data\BioLog\OmniLog\CL2\DATA_2024\07\_NRRL 471_Aspergillus oryzae__1_30_CL2_769_7#24#2024_A_24B_35.OKA","7/24/2024 10:32:48 PM","24-B","PM01","","NRRL 471","Aspergillus oryzae","",44.5000,"93.1681","275.9149","121.4811","122.5423","182.5846","110.7524","109.1772","113.3783","124.6023","142.8851","148.8137","129.7766","95.8012","101.4962","95.5691","119.3302","99.2134","101.3129","85.3266","261.0076","62.1258","64.6580","105.8699","118.0048","80.6727","77.7737","84.8938","251.0053","78.6435","163.2087","115.4988","54.7212","112.6893","98.1556","93.3310","91.0763","106.0261","54.8800","65.5638","63.0415","70.9660","64.5928","62.5990","62.2920","76.0069","65.7792","111.3237","90.4295","121.9413","94.1799","60.7655","129.1443","58.0202","44.0722","45.9193","95.3572","68.6476","104.8134","51.6386","97.1864","83.6233","95.7368","76.7042","58.2771","68.4359","73.3514","43.6533","80.6164","117.5694","87.1605","109.3522","98.1322","80.4876","50.9719","72.6600","72.4443","85.1017","75.8354","56.0104","59.7679","56.6801","132.2096","91.4669","124.0339","88.1554","86.3706","78.9614","116.4124","103.3652","270.5704","69.9012","88.1663","85.5411","88.4516","69.2036","108.4654"
"C:\Users\cfg364\Sommerlab Dropbox\Casper van der Luijt\Casper\Data\BioLog\OmniLog\CL2\DATA_2024\07\_NRRL 471_Aspergillus oryzae__1_30_CL2_769_7#24#2024_A_24B_35.OKA","7/24/2024 10:32:48 PM","24-B","PM01","","NRRL 471","Aspergillus oryzae","",44.7500,"96.9210","274.3830","127.3408","120.0400","181.2916","113.1847","104.5889","113.8622","126.4823","143.4910","143.0431","130.3835","96.7952","106.1106","97.3777","121.7087","99.2270","100.9234","86.4637","262.6310","64.9116","68.1492","110.5463","120.3733","87.0101","75.1374","88.7940","253.9723","79.3321","163.4316","109.7601","57.6354","111.3811","99.4031","99.8952","90.2741","106.1502","57.8437","65.5074","65.1428","70.6971","68.5855","66.7949","63.4793","79.1749","68.5731","114.9571","87.5457","117.6249","92.6134","67.9351","129.6083","58.6095","43.2355","51.2436","87.7087","67.6603","107.1705","51.2793","97.6486","86.9455","103.1821","75.1125","55.4420","66.5017","79.7147","50.9048","79.5504","120.2522","91.7373","109.6751","101.8789","79.1105","52.9800","72.5911","74.3051","88.2146","79.9009","60.2987","64.4382","60.4275","131.7430","98.4322","124.8582","84.7879","86.5725","81.2006","116.6832","105.2020","273.0097","71.5744","90.6539","89.0265","91.6285","70.7790","107.6461"
"C:\Users\cfg364\Sommerlab Dropbox\Casper van der Luijt\Casper\Data\BioLog\OmniLog\CL2\DATA_2024\07\_NRRL 471_Aspergillus oryzae__1_30_CL2_769_7#24#2024_A_24B_35.OKA","7/24/2024 10:32:48 PM","24-B","PM01","","NRRL 471","Aspergillus oryzae","",45.0000,"93.6803","273.1217","127.2687","124.5335","188.1728","110.6870","112.4342","111.3780","129.3931","146.5184","145.9714","134.0854","97.7144","101.5111","98.5841","119.3715","102.3394","100.2892","87.1835","262.9343","63.6959","64.3872","105.4701","123.1387","85.9685","74.2575","91.0208","255.0393","77.6979","164.9345","113.8756","52.6239","113.0688","102.3542","102.4801","89.4934","110.7766","57.4854","61.2396","64.6339","71.1702","67.0661","68.2578","66.5136","76.8323","70.3008","113.9788","92.2075","121.0788","90.9724","66.5817","123.2083","59.8806","44.7178","51.6362","95.7331","66.4776","104.3532","54.9588","99.3372","86.7700","102.5241","75.0133","57.2764","71.2740","75.0861","48.4152","79.5657","119.6231","90.1130","111.1101","102.2384","82.1434","54.7819","72.1410","67.9690","88.5266","77.1783","56.4269","63.2013","58.4426","135.0288","93.7601","125.5571","87.3026","88.6626","81.3554","116.9095","100.4837","270.1983","72.3153","86.5542","89.6680","90.0540","66.6787","109.6446"
"C:\Users\cfg364\Sommerlab Dropbox\Casper van der Luijt\Casper\Data\BioLog\OmniLog\CL2\DATA_2024\07\_NRRL 471_Aspergillus oryzae__1_30_CL2_769_7#24#2024_A_24B_35.OKA","7/24/2024 10:32:48 PM","24-B","PM01","","NRRL 471","Aspergillus oryzae","",45.2500,"92.7785","275.1021","130.0078","127.1966","187.7582","113.9596","112.6064","116.1921","124.1355","142.7369","147.9268","132.8605","97.6592","105.9385","101.0768","120.3849","101.4050","97.8232","86.9836","263.1285","67.5951","69.5214","108.0724","125.7484","81.3036","77.9284","89.7540","253.4805","78.1266","164.9141","116.4043","57.3479","115.0575","101.2629","101.5517","92.4830","109.0428","54.1771","66.6596","60.8243","71.0712","64.8630","65.3327","62.6490","84.1694","73.9510","116.5764","89.2498","119.1890","93.4460","67.3302","129.6570","57.5824","43.6707","48.2233","94.6704","70.4165","109.3314","59.4434","101.2933","83.8404","102.2715","73.1379","58.9468","68.8353","75.0346","45.1662","81.5141","118.4647","93.6842","114.5936","100.7555","79.6075","52.8722","76.9526","72.9984","88.4091","77.9407","56.6822","60.8467","59.6566","136.1891","95.1229","129.3568","85.9600","89.3346","78.6499","115.8910","103.8289","273.7068","73.1468","88.8735","90.6234","92.7258","71.3513","110.6642"
"C:\Users\cfg364\Sommerlab Dropbox\Casper van der Luijt\Casper\Data\BioLog\OmniLog\CL2\DATA_2024\07\_NRRL 471_Aspergillus oryzae__1_30_CL2_769_7#24#2024_A_24B_35.OKA","7/24/2024 10:32:48 PM","24-B","PM01","","NRRL 471","Aspergillus oryzae","",45.5000,"95.7525","276.1884","127.5869","124.9201","189.6578","112.4102","111.5489","107.8735","131.2555","147.4893","142.8472","135.9595","95.3428","102.6654","97.5113","122.3118","99.9601","101.1959","88.6709","261.2160","69.0477","63.1363","109.8456","123.8029","84.5307","77.8085","89.5078","252.7387","77.8599","164.6324","115.2072","55.5134","114.2716","101.9566","98.1852","93.6499","110.4349","61.6642","61.1959","65.3992","74.1392","67.7924","65.8933","64.1808","80.7408","69.8722","118.0871","92.1096","120.5158","91.2233","66.6507","127.0812","63.2442","41.0448","54.0912","98.2613","68.7614","103.1173","51.5723","102.1664","87.7408","100.1129","75.2091","58.4287","69.5013","83.7540","42.5380","81.1401","122.1295","92.4237","107.6041","102.4835","81.5629","55.3232","73.8836","73.4266","89.7842","83.6861","58.5145","61.0931","56.8022","137.5162","95.3010","126.8127","87.3441","93.9715","82.8800","117.7456","100.7258","268.9613","72.1668","91.3394","90.6975","91.3450","73.0762","111.0845"
"C:\Users\cfg364\Sommerlab Dropbox\Casper van der Luijt\Casper\Data\BioLog\OmniLog\CL2\DATA_2024\07\_NRRL 471_Aspergillus oryzae__1_30_CL2_769_7#24#2024_A_24B_35.OKA","7/24/2024 10:32:48 PM","24-B","PM01","","NRRL 471","Aspergillus oryzae","",45.7500,"90.8926","275.9326","133.1201","123.2094","190.3023","110.5943","109.8691","115.9439","129.1312","146.4432","148.4063","129.9934","98.1476","102.7302","100.5058","123.1581","102.0382","100.3649","84.0774","260.7396","66.8603","68.2644","112.3542","120.6732","82.6485","76.3444","83.7638","252.3732","75.8087","166.0097","114.9102","56.7179","111.1507","99.1235","100.6280","92.4381","111.5366","55.8711","64.0700","63.3858","70.1824","68.7997","70.2065","60.6703","80.9367","71.0668","117.9858","91.5146","120.2508","96.0192","63.6353","130.3592","57.2407","43.7043","47.5314","94.6253","68.1466","108.2033","55.1377","95.3850","85.1912","104.2271","76.6086","59.1879","68.2936","76.1266","46.4510","76.7105","122.8304","89.8366","116.9043","99.4078","79.6064","55.7836","70.8715","72.8749","87.6804","79.9111","57.3873","61.4382","59.7449","133.9131","98.2656","124.2413","88.3233","89.0322","84.2887","121.2308","104.5419","269.4254","74.7014","88.3797","91.1264","92.6279","71.4703","110.0255"
"C:\Users\cfg364\Sommerlab Dropbox\Casper van der Luijt\Casper\Data\BioLog\OmniLog\CL2\DATA_2024\07\_NRRL 471_Aspergillus oryzae__1_30_CL2_769_7#24#2024_A_24B_35.OKA","7/24/2024 10:32:48 PM","24-B","PM01","","NRRL 471","Aspergillus oryzae","",46.0000,"94.3097","275.7093","131.1143","124.1331","194.8833","113.1238","106.9285","115.2267","129.3173","148.0775","150.8022","135.5526","100.0654","108.2789","93.8123","118.4934","102.5447","105.9576","86.6386","258.9167","63.9094","61.0272","110.3485","123.6966","83.3256","80.1853","87.6932","256.1490","79.6856","169.6528","114.7417","59.2759","114.5207","101.0386","102.6679","92.7623","110.6243","58.7348","65.0281","65.5827","72.2996","69.7419","69.0024","66.3669","81.6450","71.0299","117.6803","91.7045","126.6113","95.0773","67.1168","129.7431","59.0091","43.2515","48.0964","94.3183","64.5574","110.7250","55.5133","98.1140","86.0745","103.5055","76.4581","58.1705","68.2534","79.7190","47.6024","77.5146","128.8067","96.2110","117.0567","101.9978","84.2948","48.4172","74.7159","76.2354","93.2191","82.1360","61.2477","66.6668","57.8928","133.4728","98.8395","127.6788","86.2398","91.7440","86.0129","124.2021","104.2849","273.0085","71.7413","94.4445","89.4738","92.5206","69.9200","110.6021"
"C:\Users\cfg364\Sommerlab Dropbox\Casper van der Luijt\Casper\Data\BioLog\OmniLog\CL2\DATA_2024\07\_NRRL 471_Aspergillus oryzae__1_30_CL2_769_7#24#2024_A_24B_35.OKA","7/24/2024 10:32:48 PM","24-B","PM01","","NRRL 471","Aspergillus oryzae","",46.2500,"95.3207","275.7265","130.7537","130.0789","194.8739","111.6818","111.6267","113.1609","129.0778","148.8396","149.3303","135.2680","98.4036","105.9173","98.2333","120.5305","103.0309","108.0472","91.1006","261.2963","64.7690","62.1434","109.1075","123.5068","84.8771","81.7135","92.8290","256.4475","78.3128","167.0183","116.4375","58.7841","117.6724","104.7137","104.8158","93.8214","114.7713","57.2745","67.7591","65.9121","70.8186","70.0330","69.5067","64.0811","81.5425","75.9071","117.6251","95.5620","124.6949","97.1899","65.4553","129.9197","58.8329","43.1139","46.4483","98.4869","70.2511","108.8328","57.6503","95.9172","86.6099","104.8883","77.7335","56.1171","70.9523","82.4161","52.7666","81.5960","123.8118","93.8238","117.5150","100.5102","83.5758","54.9184","70.8315","73.1442","88.9081","78.9987","59.7486","63.1496","59.7391","136.7962","99.7049","127.5101","86.9732","93.4613","81.8699","124.7647","104.2725","271.7265","71.1176","91.7270","96.9267","93.7300","71.4419","111.4290"
"C:\Users\cfg364\Sommerlab Dropbox\Casper van der Luijt\Casper\Data\BioLog\OmniLog\CL2\DATA_2024\07\_NRRL 471_Aspergillus oryzae__1_30_CL2_769_7#24#2024_A_24B_35.OKA","7/24/2024 10:32:48 PM","24-B","PM01","","NRRL 471","Aspergillus oryzae","",46.5000,"92.6386","275.6024","130.5587","129.5111","196.9474","116.2549","111.9771","112.4920","133.6927","148.3724","150.5329","133.3860","99.7868","108.8325","101.4528","122.6742","102.0043","104.4943","88.4456","265.8965","61.4817","66.4205","115.9254","127.9171","81.8067","78.9058","95.0248","254.9421","77.3179","171.6723","119.6033","56.1285","115.5443","108.4526","104.4775","92.1013","111.1475","60.7042","67.8992","66.8048","73.3136","69.4532","70.5717","66.4458","82.0643","72.2346","120.0364","84.9616","124.2029","98.0111","68.1630","126.4819","60.3571","43.1989","47.0305","101.7990","66.1857","110.6516","53.6327","100.6042","88.9655","104.8666","80.6671","57.5826","69.7061","83.2202","47.5523","79.5841","130.0497","97.2928","116.4052","104.5921","82.3633","51.2591","75.7654","74.8101","91.0780","81.2511","56.0917","63.1068","62.2997","136.0433","101.5560","131.4037","86.3504","91.0444","82.5898","125.6928","105.2181","271.9083","74.6950","88.8093","92.9705","92.9223","69.7810","111.3649"
"C:\Users\cfg364\Sommerlab Dropbox\Casper van der Luijt\Casper\Data\BioLog\OmniLog\CL2\DATA_2024\07\_NRRL 471_Aspergillus oryzae__1_30_CL2_769_7#24#2024_A_24B_35.OKA","7/24/2024 10:32:48 PM","24-B","PM01","","NRRL 471","Aspergillus oryzae","",46.7500,"93.9435","272.4185","132.8919","131.9780","198.7310","118.3667","109.6237","118.3419","127.9660","149.3519","150.6273","136.7342","99.6053","102.3226","100.7602","120.2025","106.2731","108.5062","90.8368","261.2394","63.1174","64.5420","114.4114","125.4395","85.9014","82.4865","89.3821","255.1743","77.5493","171.4078","120.4973","61.1760","116.6456","107.1562","103.1026","94.9868","115.2238","61.0230","61.7897","66.2835","74.9917","66.3305","75.1157","64.8854","87.5803","73.6412","117.8226","94.2376","124.4597","95.4788","65.5694","128.2338","60.5139","41.3594","47.3142","99.7164","73.7910","108.2383","56.9503","101.1104","89.4005","109.8097","81.7461","55.1858","72.5018","82.5340","47.1526","82.8706","127.3865","95.4163","117.6296","102.1231","82.3472","56.2148","78.4588","78.2950","94.2210","85.4960","58.5260","63.1830","59.4189","134.3436","103.1275","130.8135","86.7163","94.2039","89.1898","127.4801","103.6742","272.9359","74.6791","94.3569","91.0762","95.7809","71.1630","113.3434"
"C:\Users\cfg364\Sommerlab Dropbox\Casper van der Luijt\Casper\Data\BioLog\OmniLog\CL2\DATA_2024\07\_NRRL 471_Aspergillus oryzae__1_30_CL2_769_7#24#2024_A_24B_35.OKA","7/24/2024 10:32:48 PM","24-B","PM01","","NRRL 471","Aspergillus oryzae","",47.0000,"94.9346","274.4000","133.5082","129.5812","200.3781","118.0454","112.3221","114.9007","127.9326","151.1205","150.1973","138.3722","100.7593","105.9383","99.6007","119.1783","105.3682","108.0622","87.3516","260.2951","61.2419","65.4008","111.7048","125.7352","87.2294","80.7230","93.0587","255.4967","78.0508","169.0335","120.7207","62.2267","118.7133","106.1933","106.7918","93.1116","111.6462","60.3708","62.0114","64.5116","71.8001","65.2258","72.8360","65.7134","85.1701","73.4779","116.7756","91.8791","129.6281","97.8273","62.5793","127.0378","60.5780","43.3770","47.0918","98.1282","72.2641","109.6788","56.7240","103.2265","87.7998","105.4302","80.3601","58.9251","71.4502","79.9420","46.4220","83.9763","133.1151","91.3430","117.1773","101.3680","83.4463","51.4202","79.8210","79.5891","92.4293","86.1649","57.8902","62.1381","56.1910","135.4340","103.5107","124.2420","90.8266","92.0143","84.5649","127.1414","104.3089","270.1266","78.0804","95.1784","91.8776","98.6166","73.4088","117.4199"
"C:\Users\cfg364\Sommerlab Dropbox\Casper van der Luijt\Casper\Data\BioLog\OmniLog\CL2\DATA_2024\07\_NRRL 471_Aspergillus oryzae__1_30_CL2_769_7#24#2024_A_24B_35.OKA","7/24/2024 10:32:48 PM","24-B","PM01","","NRRL 471","Aspergillus oryzae","",47.2500,"93.2761","276.3460","136.1570","131.8577","202.8796","117.6812","111.5214","115.4624","134.5369","151.7744","156.0265","136.4577","98.7242","107.8975","99.0189","122.8791","106.0805","106.4424","88.9420","262.4901","67.7077","65.6649","115.9830","126.1117","84.8786","84.6662","93.8438","256.5627","75.8932","170.7495","121.0344","60.0385","115.6277","104.7911","107.5151","94.6487","113.8563","61.6944","66.2288","62.3980","73.8236","69.9421","74.3033","66.2915","85.3798","73.4971","116.1802","95.5575","123.8753","98.8479","68.0441","131.0719","57.2158","45.1448","49.8837","96.4233","70.5720","110.6511","55.9285","102.9833","87.4408","107.4315","80.8900","57.9226","71.9248","79.2770","48.9549","80.3592","134.6300","99.0341","120.9138","108.0445","85.6836","54.1330","73.2743","78.0007","92.5236","80.7361","58.1306","63.9193","61.6089","137.2150","104.5639","129.9145","88.1161","93.9493","87.1287","128.1051","107.1488","273.9448","75.5327","94.7207","90.0855","99.2264","69.0706","112.9702"
"C:\Users\cfg364\Sommerlab Dropbox\Casper van der Luijt\Casper\Data\BioLog\OmniLog\CL2\DATA_2024\07\_NRRL 471_Aspergillus oryzae__1_30_CL2_769_7#24#2024_A_24B_35.OKA","7/24/2024 10:32:48 PM","24-B","PM01","","NRRL 471","Aspergillus oryzae","",47.5000,"89.0886","275.8612","132.8255","133.4088","202.2879","116.0133","113.6709","120.1570","136.5667","151.8640","151.5333","133.4302","98.1314","110.4212","101.9543","120.8983","106.5334","108.9146","91.2760","263.0428","67.7892","65.2821","114.8471","123.7097","82.9612","79.9916","95.7603","255.2893","79.4705","172.5813","119.1073","58.3041","115.7612","104.6255","107.7095","94.9531","115.9146","60.5019","70.4547","68.1643","72.5416","70.0330","74.3257","65.2689","85.8308","75.9179","115.6949","90.1187","127.0796","100.8891","69.9570","132.2803","57.9050","41.7357","50.5157","100.0848","70.9392","111.6830","55.8510","99.0427","90.6374","107.0847","79.1044","59.3011","73.1703","83.4482","49.6306","83.0409","133.7005","98.2254","118.1204","107.5781","85.4670","50.6675","78.4638","77.5062","93.1570","86.7643","54.8533","62.3265","55.6473","138.3842","102.4969","129.9475","86.2949","97.9634","86.0480","132.1210","104.9230","274.5721","81.6868","93.2478","94.2988","97.5968","69.1673","114.7114"
"C:\Users\cfg364\Sommerlab Dropbox\Casper van der Luijt\Casper\Data\BioLog\OmniLog\CL2\DATA_2024\07\_NRRL 471_Aspergillus oryzae__1_30_CL2_769_7#24#2024_A_24B_35.OKA","7/24/2024 10:32:48 PM","24-B","PM01","","NRRL 471","Aspergillus oryzae","",47.7500,"91.0503","276.7949","134.7637","128.7882","200.8781","115.7162","109.8479","116.7367","139.4868","153.5128","154.2787","135.3878","100.4540","113.7322","101.6606","121.9664","104.2866","110.3787","90.4647","260.8377","67.1665","68.5089","113.4994","127.1963","86.4735","83.6655","95.4887","255.7176","79.6310","172.3192","124.8416","56.3930","121.0158","105.7307","104.6648","92.8813","112.4902","58.9892","68.0624","64.5955","72.1906","69.4914","76.3554","62.7165","85.0897","73.6958","121.7129","92.6880","123.0499","99.4814","65.5448","128.0799","54.7264","38.3654","44.1986","102.9933","73.7384","116.5970","57.7279","98.6999","88.1825","111.0979","79.1028","58.1703","75.6051","79.5494","46.9231","81.8333","138.1698","95.6026","121.5738","107.3124","86.1663","55.5416","73.1944","77.8348","97.4288","88.2727","61.1588","63.9905","61.2981","142.6439","105.5546","130.2073","87.0153","96.3823","89.1609","128.7950","101.4105","273.3933","71.7685","93.1232","93.3055","96.7691","68.6531","114.1873"
"C:\Users\cfg364\Sommerlab Dropbox\Casper van der Luijt\Casper\Data\BioLog\OmniLog\CL2\DATA_2024\07\_NRRL 471_Aspergillus oryzae__1_30_CL2_769_7#24#2024_A_24B_35.OKA","7/24/2024 10:32:48 PM","24-B","PM01","","NRRL 471","Aspergillus oryzae","",48.0000,"94.7295","276.2099","137.5327","131.2676","204.0871","116.6115","113.3336","119.7148","135.4380","154.8344","154.9393","139.4822","97.4972","112.9398","103.8561","126.9177","107.7442","109.8890","94.2992","265.4218","67.6122","70.9363","114.7420","126.5798","89.9020","84.1179","97.0437","257.5823","82.0259","170.3947","122.9027","58.9258","119.6800","107.7886","109.4842","97.4418","115.6779","56.7258","69.6445","66.6452","71.3513","72.9081","76.9018","66.6711","88.1154","71.4574","125.3292","94.5716","127.6582","99.8704","66.7499","132.3837","60.5663","39.7222","51.4898","99.3257","76.3284","115.5340","53.8114","98.8782","88.0894","109.8023","79.1955","61.7245","69.1847","79.0737","48.1725","83.6019","138.6976","102.2904","120.4707","111.1209","83.1127","53.4170","78.1986","80.8896","96.0384","82.7375","58.8355","66.2763","62.9047","143.7504","105.1819","128.5027","92.3308","97.8692","89.3672","133.4032","101.7339","275.5352","77.6580","97.9211","92.2274","97.2775","72.7125","119.1576"
"C:\Users\cfg364\Sommerlab Dropbox\Casper van der Luijt\Casper\Data\BioLog\OmniLog\CL2\DATA_2024\07\_NRRL 471_Aspergillus oryzae__1_30_CL2_769_7#24#2024_A_24B_35.OKA","7/24/2024 10:32:48 PM","24-B","PM01","","NRRL 471","Aspergillus oryzae","",48.2500,"93.6639","276.4875","139.0367","127.4890","204.0182","117.5151","115.8701","122.2023","138.8273","155.5682","156.9868","138.6092","96.2937","111.2402","104.0039","124.2844","109.4989","109.8231","91.0004","263.4730","65.9121","73.6388","117.1102","125.9059","86.6679","87.5352","97.5881","258.2944","77.9040","173.3912","124.9659","61.0681","120.2427","108.5161","110.2448","96.3367","115.7823","61.2730","66.9693","67.8118","72.7673","74.5029","74.8423","66.0470","88.8614","73.8252","117.3891","97.7413","130.3368","98.1431","64.6036","130.1173","62.6965","41.9615","52.8625","102.4392","73.2402","114.5431","57.2638","100.2785","90.9888","112.3679","81.9867","59.5457","73.6881","87.6733","49.6191","84.1071","140.9587","100.8027","126.0473","109.0431","86.9668","54.0287","80.7520","78.4440","99.9357","85.0676","60.6581","63.9273","62.1910","138.6475","105.7495","128.8805","92.5502","95.1559","84.8396","133.9464","102.8196","275.3845","74.3786","93.4929","95.2033","97.8380","68.5561","118.8953"
"C:\Users\cfg364\Sommerlab Dropbox\Casper van der Luijt\Casper\Data\BioLog\OmniLog\CL2\DATA_2024\07\_NRRL 471_Aspergillus oryzae__1_30_CL2_769_7#24#2024_A_24B_35.OKA","7/24/2024 10:32:48 PM","24-B","PM01","","NRRL 471","Aspergillus oryzae","",48.5000,"91.8311","276.5199","138.1910","131.4677","206.3863","122.4633","116.4907","121.1754","140.8767","156.9252","155.4249","138.4768","99.0118","112.9855","109.0745","124.0927","109.0914","108.6386","94.7146","264.4825","72.4430","72.3697","115.0702","127.0292","84.8550","88.5778","98.1868","257.5541","79.0640","173.0117","126.3079","60.0076","118.0662","105.7742","110.6941","96.7989","116.4805","63.6592","68.7707","66.7871","72.7673","69.4340","76.4654","67.4536","87.3151","75.1626","123.2796","97.9038","131.9231","101.3706","69.3663","130.4012","61.7682","42.9957","48.9934","101.3586","77.7361","115.0294","57.8130","101.3878","96.6694","111.5649","82.0480","60.1676","76.9825","87.8617","48.1605","89.1283","142.9065","102.8117","127.6219","104.8377","89.0364","54.4427","80.7520","77.3246","101.1815","84.4912","63.0589","67.5022","64.8970","142.4621","106.1645","130.2222","91.0769","94.3308","87.5281","135.8670","103.7111","273.2969","75.0108","93.9678","93.3399","99.3858","73.6383","119.7914"
"C:\Users\cfg364\Sommerlab Dropbox\Casper van der Luijt\Casper\Data\BioLog\OmniLog\CL2\DATA_2024\07\_NRRL 471_Aspergillus oryzae__1_30_CL2_769_7#24#2024_A_24B_35.OKA","7/24/2024 10:32:48 PM","24-B","PM01","","NRRL 471","Aspergillus oryzae","",48.7500,"90.7499","279.6655","137.4808","131.2842","209.0386","119.7247","113.7799","119.7379","139.9292","156.6121","153.9954","141.5009","99.9797","111.7888","105.9368","121.4353","112.7689","110.2265","90.6172","264.2129","70.5819","69.8158","114.5664","125.5727","87.9707","88.8928","96.5056","255.7646","78.1913","172.9707","124.8142","57.6526","119.7880","106.9189","108.7807","93.6719","118.6738","59.7678","70.1908","68.0829","72.5157","69.5517","76.2891","69.0338","87.0846","79.2195","123.5904","93.0095","126.8589","103.4317","66.9399","129.1886","60.9080","41.4964","48.5590","106.8892","73.2573","114.2560","56.0501","100.7017","94.6262","110.9812","86.2470","57.4751","76.2054","80.3581","51.2099","83.6607","146.6748","100.3958","124.5139","106.5859","86.2123","58.6244","80.3053","77.4295","97.0751","82.6375","58.2293","62.9773","60.9022","141.2125","104.7768","131.2535","89.6050","98.8044","87.5999","132.8088","100.3950","275.7250","79.7205","93.8736","91.6868","97.1356","69.9669","118.7189"
"C:\Users\cfg364\Sommerlab Dropbox\Casper van der Luijt\Casper\Data\BioLog\OmniLog\CL2\DATA_2024\07\_NRRL 471_Aspergillus oryzae__1_30_CL2_769_7#24#2024_A_24B_35.OKA","7/24/2024 10:32:48 PM","24-B","PM01","","NRRL 471","Aspergillus oryzae","",49.0000,"95.8446","275.6368","136.9488","134.1405","208.9847","121.1996","115.8625","121.7672","141.5265","158.9958","157.2366","139.7132","100.7046","116.9540","104.3577","124.3845","110.2500","114.6144","92.4078","265.7600","69.0480","68.8309","122.2205","128.8316","85.4479","89.9560","100.7268","258.0272","81.2234","176.8628","124.9033","59.4891","124.2230","109.2428","111.8146","99.7947","117.9637","59.3651","69.0233","66.6594","72.4919","72.8228","76.2697","67.9347","93.4469","77.2841","123.2357","92.1569","130.3079","106.3271","71.9315","134.6117","63.1745","42.4815","52.8733","105.5466","74.5998","113.0367","57.0738","105.9029","92.7355","113.6824","83.0773","58.3706","74.0091","83.6815","51.5530","85.0526","149.0685","106.1080","129.7898","108.8780","86.3250","55.3214","80.2136","79.6734","101.9286","90.7133","59.4322","64.0099","62.5529","142.1051","107.8302","131.7273","87.5830","100.5587","91.8096","139.7738","105.0361","275.8663","75.7833","93.6469","96.5075","103.4081","75.9393","122.2462"
"C:\Users\cfg364\Sommerlab Dropbox\Casper van der Luijt\Casper\Data\BioLog\OmniLog\CL2\DATA_2024\07\_NRRL 471_Aspergillus oryzae__1_30_CL2_769_7#24#2024_A_24B_35.OKA","7/24/2024 10:32:48 PM","24-B","PM01","","NRRL 471","Aspergillus oryzae","",49.2500,"93.2249","275.8710","138.5000","137.5984","209.8494","119.8875","116.9063","125.8300","138.8103","159.8533","156.4877","141.6628","100.1809","115.5017","111.9447","126.2450","111.5282","113.3862","93.8461","265.1529","67.2447","65.5352","122.1412","131.8843","87.7724","88.4157","101.1133","255.2558","76.6690","177.9430","126.5671","59.0702","120.5603","113.5663","113.6128","95.9669","125.3125","58.5247","68.3856","68.9618","73.1227","70.4294","80.4059","68.8692","93.3266","82.1596","126.4969","95.5304","130.8820","103.3173","67.5440","132.4600","60.5662","41.3058","52.1066","107.7897","75.1972","119.6653","59.3249","102.4019","94.0853","113.7155","82.1480","58.3367","76.4314","80.7709","50.3835","82.3767","145.9440","103.4581","129.6219","107.9826","86.7386","54.8299","80.4634","82.0396","99.9163","87.4751","61.2046","66.0914","64.4887","141.2824","108.3473","131.1067","89.6968","100.7169","93.9944","137.2343","106.2252","275.8042","76.6522","94.6342","92.0230","100.0482","70.6822","120.1681"
"C:\Users\cfg364\Sommerlab Dropbox\Casper van der Luijt\Casper\Data\BioLog\OmniLog\CL2\DATA_2024\07\_NRRL 471_Aspergillus oryzae__1_30_CL2_769_7#24#2024_A_24B_35.OKA","7/24/2024 10:32:48 PM","24-B","PM01","","NRRL 471","Aspergillus oryzae","",49.5000,"95.8450","276.6048","139.6068","135.8833","213.0981","123.4981","114.3412","120.9354","140.8639","157.4297","161.8022","146.7749","101.5743","117.8882","108.6630","121.0913","113.4593","114.8500","95.1549","265.5908","71.2347","66.9029","120.5108","129.7771","88.6854","89.8233","101.2041","259.7170","85.6019","176.3778","125.2117","62.5035","124.0200","113.3148","117.7416","97.6492","119.1177","63.0995","67.7510","69.7544","74.1632","72.3201","81.3844","72.9481","91.6202","79.6954","124.3049","94.2379","133.5744","105.1541","74.4043","134.7489","63.3412","42.7178","49.8704","109.3881","78.3804","122.8575","56.8215","107.4555","93.4317","112.8012","83.4880","60.7393","76.8199","86.1224","49.8460","86.1299","149.7215","106.7363","132.5983","107.0812","87.5956","59.5823","79.0062","78.9156","102.0530","89.9995","62.7045","68.0376","63.1829","144.3797","104.2637","133.5568","96.2153","98.4944","93.3114","138.5742","104.5134","273.7991","78.4035","97.3024","92.1867","104.7637","75.8627","119.2986"
"C:\Users\cfg364\Sommerlab Dropbox\Casper van der Luijt\Casper\Data\BioLog\OmniLog\CL2\DATA_2024\07\_NRRL 471_Aspergillus oryzae__1_30_CL2_769_7#24#2024_A_24B_35.OKA","7/24/2024 10:32:48 PM","24-B","PM01","","NRRL 471","Aspergillus oryzae","",49.7500,"95.8008","278.5411","139.8655","134.0280","213.8748","121.5167","114.1693","122.9347","141.6485","155.7493","160.9551","149.5827","102.5591","115.7178","106.4628","125.1363","111.3986","114.6617","93.1085","264.6636","70.2533","69.2598","120.5667","128.5884","86.2935","90.2670","100.5681","258.1902","77.0734","176.2918","128.6869","63.5374","120.6196","113.9690","115.1849","100.4737","121.4455","60.8305","71.0832","69.3472","74.4726","75.3106","79.5721","68.4822","89.4980","78.0673","127.0187","98.8107","131.2796","104.7576","68.4392","133.8369","62.0089","40.3440","52.3975","107.0364","77.8765","126.3530","56.6345","104.6484","90.5233","118.9138","80.7051","64.3028","73.8011","85.6702","52.4964","86.9695","153.3864","110.2830","129.5152","108.8773","89.3447","56.5778","80.6273","83.3686","102.1264","93.1052","59.3171","69.8827","62.6269","141.1709","110.4469","134.3931","94.6851","99.7747","91.3733","146.5892","106.2482","273.9462","76.7490","96.8784","96.7589","101.7996","77.3716","123.3849"
"C:\Users\cfg364\Sommerlab Dropbox\Casper van der Luijt\Casper\Data\BioLog\OmniLog\CL2\DATA_2024\07\_NRRL 471_Aspergillus oryzae__1_30_CL2_769_7#24#2024_A_24B_35.OKA","7/24/2024 10:32:48 PM","24-B","PM01","","NRRL 471","Aspergillus oryzae","",50.0000,"92.9056","280.2227","142.4928","134.6903","212.5428","121.6455","116.8567","123.9306","140.5467","158.3293","160.9220","144.3192","104.4919","115.8496","106.5274","126.5064","113.7831","115.7129","94.2755","266.3503","72.1364","66.6265","120.8637","131.7665","85.5307","92.2495","103.2737","256.5820","80.8122","176.9870","130.1863","62.5527","121.8682","113.4236","113.3599","99.9497","120.0206","61.1252","70.1049","68.9939","74.8213","77.8406","80.5298","70.4206","87.5818","79.3463","130.3103","96.8217","134.2957","103.4697","66.9752","134.3689","63.5740","41.7593","48.9345","108.9108","77.0458","119.6173","56.6671","101.6684","93.6758","118.2451","82.0033","62.8805","77.4053","86.3316","49.9796","87.6010","155.2282","110.1878","128.8688","111.5666","91.0769","58.8057","83.8571","84.7242","100.8113","90.1149","61.2181","65.9888","60.7831","140.2388","110.8320","136.8878","91.7359","99.4252","89.3413","145.2979","104.6230","274.8176","77.6964","100.2276","93.9613","99.2514","76.9914","121.8939"
"C:\Users\cfg364\Sommerlab Dropbox\Casper van der Luijt\Casper\Data\BioLog\OmniLog\CL2\DATA_2024\07\_NRRL 471_Aspergillus oryzae__1_30_CL2_769_7#24#2024_A_24B_35.OKA","7/24/2024 10:32:48 PM","24-B","PM01","","NRRL 471","Aspergillus oryzae","",50.2500,"97.8163","278.4893","147.2383","133.1583","215.3409","124.2000","118.3801","125.6999","141.2349","158.6160","160.1532","142.1794","101.8662","115.8180","108.2518","122.3937","112.4269","115.6907","90.8174","265.2307","68.7080","68.5741","119.5875","131.0264","85.8071","92.4480","99.1233","257.2874","78.4036","182.8995","127.9980","60.5716","122.8320","114.5046","116.4944","97.5613","119.3383","61.4604","67.3089","65.0938","77.7567","70.8983","83.3485","71.6779","93.4501","82.0338","131.4626","101.5936","132.2186","112.1051","70.8351","132.2443","64.8323","42.4211","50.2107","109.3304","81.4830","120.6257","57.1788","102.8157","94.6156","118.3523","83.8325","60.8149","76.7213","88.2470","50.4424","89.0793","153.1145","108.3234","132.0663","113.6078","88.9427","53.1766","80.8421","81.0110","106.2033","93.7209","61.4280","67.8816","59.2144","146.2055","109.8887","135.6550","97.0320","101.0919","94.0699","146.1131","104.4182","273.1281","79.6310","100.1298","95.4642","101.1134","77.6406","127.1692"
"C:\Users\cfg364\Sommerlab Dropbox\Casper van der Luijt\Casper\Data\BioLog\OmniLog\CL2\DATA_2024\07\_NRRL 471_Aspergillus oryzae__1_30_CL2_769_7#24#2024_A_24B_35.OKA","7/24/2024 10:32:48 PM","24-B","PM01","","NRRL 471","Aspergillus oryzae","",50.5000,"93.5077","280.0836","140.0950","135.3764","214.4766","123.9486","112.6118","123.7793","146.2847","156.7392","157.0436","144.0087","102.2251","116.7056","109.3332","123.9196","112.0623","118.6071","94.4290","266.4672","68.6504","69.6173","122.8577","131.6855","89.2744","91.3665","102.1097","258.0369","80.2880","179.9644","131.0506","61.3374","120.3004","113.4830","115.3000","95.6709","119.6030","66.8912","71.1400","69.7273","75.7279","73.9700","80.6295","69.4619","90.9438","77.7531","130.9256","94.5521","132.1744","102.2743","68.2043","131.4272","63.5570","42.8202","49.2538","107.1495","79.4471","122.9844","59.4136","102.0532","96.0863","115.1019","85.7001","62.9393","75.1225","84.6014","45.5975","89.4392","155.5723","105.2416","133.4195","113.4402","87.9523","60.1368","82.1699","82.3391","102.6623","88.5875","56.9631","64.4701","60.1696","142.4644","108.3878","130.1165","91.8140","98.2674","93.0438","144.2256","108.7725","275.9646","79.9419","94.8853","102.4071","104.9122","75.4970","124.7690"
"C:\Users\cfg364\Sommerlab Dropbox\Casper van der Luijt\Casper\Data\BioLog\OmniLog\CL2\DATA_2024\07\_NRRL 471_Aspergillus oryzae__1_30_CL2_769_7#24#2024_A_24B_35.OKA","7/24/2024 10:32:48 PM","24-B","PM01","","NRRL 471","Aspergillus oryzae","",50.7500,"95.4655","274.6793","143.2785","136.0705","214.2238","127.0117","114.7246","122.9879","146.3844","161.2579","160.0507","144.1078","101.1336","115.9798","107.1983","124.0796","109.5584","116.5954","95.9806","266.2076","68.0301","69.9457","126.3769","127.3458","88.4146","90.8429","107.3115","259.6462","81.2277","177.8043","129.0131","63.7085","119.9151","114.9962","116.2992","94.1572","120.0467","67.0208","72.1450","66.3466","74.7086","75.6684","84.5577","69.0141","91.4927","80.2012","130.2701","97.6454","130.8246","104.8886","69.6735","133.7848","63.1757","42.3817","49.6364","106.9267","81.4330","123.7338","59.5761","102.9143","95.1306","116.2561","86.0091","62.0684","73.7418","87.7589","50.4493","90.4189","158.9956","105.9141","132.5524","109.1758","86.2055","57.6432","81.8282","84.6923","106.5096","90.1264","59.7247","65.7077","57.5326","144.0669","111.9198","131.4626","91.1339","102.4276","91.5470","146.8634","108.5825","278.4941","77.0418","98.4522","97.8991","101.7936","75.0202","127.5877"
"C:\Users\cfg364\Sommerlab Dropbox\Casper van der Luijt\Casper\Data\BioLog\OmniLog\CL2\DATA_2024\07\_NRRL 471_Aspergillus oryzae__1_30_CL2_769_7#24#2024_A_24B_35.OKA","7/24/2024 10:32:48 PM","24-B","PM01","","NRRL 471","Aspergillus oryzae","",51.0000,"94.0349","280.1882","140.9897","133.0522","214.3487","125.3337","121.7473","122.8876","151.9068","158.9369","165.2056","143.6372","102.8198","117.0683","107.2003","125.7640","116.8112","117.0428","94.1036","266.6369","75.2028","74.0078","122.5913","131.1758","92.7647","94.1571","102.2949","260.7649","78.8724","180.4038","131.6111","56.9503","121.7595","113.4159","118.7044","97.5350","121.4036","64.7109","65.5034","70.0652","75.8934","75.7852","83.0237","70.6099","93.9189","83.4484","132.6528","97.1890","131.0829","108.2984","69.0695","135.3741","64.9006","41.3795","48.5516","110.3962","81.5240","125.0743","62.8426","109.0233","96.1536","118.7262","82.5764","59.8108","76.1155","84.4619","49.5962","87.0124","160.2933","111.1706","135.8353","109.5847","87.9520","61.7794","79.9071","83.8396","104.7812","92.2789","61.6020","68.2457","62.1559","146.6036","114.8776","133.2740","96.4259","105.3916","91.3987","147.2259","107.3176","274.9266","79.7685","99.8404","97.6909","102.4329","80.4277","127.1290"
"C:\Users\cfg364\Sommerlab Dropbox\Casper van der Luijt\Casper\Data\BioLog\OmniLog\CL2\DATA_2024\07\_NRRL 471_Aspergillus oryzae__1_30_CL2_769_7#24#2024_A_24B_35.OKA","7/24/2024 10:32:48 PM","24-B","PM01","","NRRL 471","Aspergillus oryzae","",51.2500,"94.8771","280.4461","142.4886","134.1912","217.5043","125.8500","116.1870","125.6441","147.9422","162.7594","160.9377","143.5712","104.5868","117.6629","109.3889","125.4133","116.6545","116.7878","94.1360","266.2469","75.1705","72.2421","124.8264","133.4749","89.5484","93.2811","102.8637","257.0577","81.2182","182.7822","133.9447","60.5196","122.5285","114.9011","116.1652","97.7656","121.3085","64.5482","66.8304","67.6923","75.8934","75.5339","81.6587","70.6418","91.9155","84.3263","128.6958","99.6581","133.9790","108.2344","70.9427","132.9502","64.4233","40.8466","51.7740","112.4176","79.8601","126.7968","62.1329","109.1183","98.5199","117.1622","87.2805","62.2093","75.6983","89.6032","52.5603","87.3598","161.0900","108.9078","137.9272","110.1479","93.3052","58.7998","80.9663","86.4256","104.0430","91.8345","61.3485","66.7242","62.7630","145.5487","113.5719","132.2094","89.9449","98.3574","92.3962","148.7775","107.0632","277.5407","82.2211","98.9561","96.1857","102.5940","80.2382","127.0050"
"C:\Users\cfg364\Sommerlab Dropbox\Casper van der Luijt\Casper\Data\BioLog\OmniLog\CL2\DATA_2024\07\_NRRL 471_Aspergillus oryzae__1_30_CL2_769_7#24#2024_A_24B_35.OKA","7/24/2024 10:32:48 PM","24-B","PM01","","NRRL 471","Aspergillus oryzae","",51.5000,"94.9083","283.4128","144.3135","133.6533","215.8318","128.5930","122.6958","126.9061","151.1469","161.2505","164.5108","147.5305","104.7108","120.9001","112.4786","129.5587","118.0022","118.1265","95.3010","267.2868","75.2675","76.7543","125.4509","137.8760","89.1385","97.5963","107.4774","257.3801","79.8107","182.2748","134.4242","62.8991","126.5654","114.9011","123.2684","100.0385","125.1450","65.6550","72.0438","71.7967","78.1268","76.3508","86.4836","74.9864","97.6028","87.7406","137.3620","100.3403","137.5763","112.2057","73.0345","134.9334","65.6642","44.0131","47.9773","114.3127","83.8599","129.6893","62.2942","110.1002","98.1204","120.5456","90.7548","64.3898","77.8164","89.5402","55.8082","87.0440","164.6271","111.0431","140.8557","115.3102","92.5143","58.7681","82.8665","93.8142","104.8774","99.8354","63.9151","69.2917","69.2494","144.9733","117.1704","137.0628","99.3578","105.3283","93.6432","152.5632","106.7769","273.4744","82.0010","103.6302","98.9078","101.9494","80.8699","128.3077"
"C:\Users\cfg364\Sommerlab Dropbox\Casper van der Luijt\Casper\Data\BioLog\OmniLog\CL2\DATA_2024\07\_NRRL 471_Aspergillus oryzae__1_30_CL2_769_7#24#2024_A_24B_35.OKA","7/24/2024 10:32:48 PM","24-B","PM01","","NRRL 471","Aspergillus oryzae","",51.7500,"93.2862","280.8008","144.3787","132.6093","217.7883","130.4001","120.7333","127.8692","148.7352","162.6252","166.4297","144.9900","106.6328","122.1223","113.9913","132.7475","121.2618","119.1783","96.0129","268.6516","75.7203","77.8334","127.6860","132.6209","92.4809","99.3808","108.1411","256.9288","80.4050","179.8964","132.5701","60.1658","126.1809","118.6464","120.5364","99.5774","127.4279","66.5664","69.8952","71.5081","78.6301","76.9792","85.3726","72.1113","98.1198","85.0092","135.0074","100.0154","134.2229","114.0313","71.5047","136.3185","66.5870","45.8628","51.0083","115.5129","83.1559","130.2418","65.0686","106.2362","98.8886","122.1096","90.0169","66.8194","79.7741","91.0542","51.4567","91.4967","166.8578","114.5489","144.0096","114.9035","92.3623","59.9409","85.8882","89.4118","108.8893","97.1684","62.6160","71.4471","67.4600","147.5946","117.0112","136.0295","94.9445","108.3701","97.0412","151.3841","107.3813","276.8953","83.6361","103.9461","102.7508","103.0774","81.6280","130.0136"
"C:\Users\cfg364\Sommerlab Dropbox\Casper van der Luijt\Casper\Data\BioLog\OmniLog\CL2\DATA_2024\07\_NRRL 471_Aspergillus oryzae__1_30_CL2_769_7#24#2024_A_24B_35.OKA","7/24/2024 10:32:48 PM","24-B","PM01","","NRRL 471","Aspergillus oryzae","",52.0000,"96.2482","280.6878","148.5000","140.8111","217.3773","128.3874","119.7362","129.9697","151.1125","162.3329","167.3939","148.2536","104.1301","126.3360","114.6270","128.6411","123.4178","125.1550","96.6464","265.8561","75.5060","71.0154","125.9658","134.0765","91.0660","99.1105","107.5565","263.4586","79.3793","185.1162","136.7926","66.6289","131.2553","119.6947","128.1602","100.2008","127.7980","65.9431","73.3821","71.9436","78.4987","80.8351","87.5972","73.2875","100.1025","86.7648","139.2094","96.2559","137.3290","111.1685","73.8285","134.2683","66.2804","47.7617","54.8472","112.0147","86.3487","128.8270","67.5656","111.6095","100.3666","119.9678","88.4299","66.8739","78.7457","89.9088","52.4111","91.8757","172.9259","114.7155","141.4334","118.0563","92.3473","61.1946","83.9262","86.6351","108.8623","93.6353","56.3389","74.0178","67.1666","142.1342","118.9960","135.8821","97.3623","105.7481","95.5825","153.7931","109.3787","278.5962","81.6433","103.1223","104.6074","102.6046","79.7700","130.7705"
"C:\Users\cfg364\Sommerlab Dropbox\Casper van der Luijt\Casper\Data\BioLog\OmniLog\CL2\DATA_2024\07\_NRRL 471_Aspergillus oryzae__1_30_CL2_769_7#24#2024_A_24B_35.OKA","7/24/2024 10:32:48 PM","24-B","PM01","","NRRL 471","Aspergillus oryzae","",52.2500,"93.5741","279.3833","150.1682","137.8647","218.2986","129.8155","120.5767","128.3143","152.5119","162.0067","164.7836","149.1720","107.0280","124.6754","114.9829","129.2525","120.6976","124.4013","97.4390","266.2734","76.5302","73.7323","127.4727","135.5592","94.6382","96.2023","116.1216","258.7476","81.2280","184.1797","139.1731","68.9284","126.9295","119.1285","124.3205","99.6376","121.9277","65.0730","74.0852","70.9268","80.5570","79.3013","86.1409","76.6749","96.3693","85.7289","135.4325","101.4554","137.3008","111.5708","72.7931","136.2894","63.9414","45.3979","54.3926","116.5686","93.0087","127.8841","63.9466","106.6488","102.0648","120.9342","91.6729","67.6108","78.5750","88.5088","54.9764","90.8426","172.0270","115.1539","140.8352","110.3936","92.2922","57.4764","79.6026","90.8724","112.1538","98.2691","62.6896","68.5017","61.8065","149.7573","116.1729","140.6605","94.7539","105.7899","97.5160","159.8116","111.7207","277.2024","81.8281","104.1915","102.9223","104.2864","79.8750","134.7732"
"C:\Users\cfg364\Sommerlab Dropbox\Casper van der Luijt\Casper\Data\BioLog\OmniLog\CL2\DATA_2024\07\_NRRL 471_Aspergillus oryzae__1_30_CL2_769_7#24#2024_A_24B_35.OKA","7/24/2024 10:32:48 PM","24-B","PM01","","NRRL 471","Aspergillus oryzae","",52.5000,"93.2441","279.3681","145.8129","137.2891","216.5120","129.0627","120.8015","124.7845","157.9403","164.6472","166.2744","149.9012","102.3531","126.7659","115.4304","124.3825","121.3120","121.8668","99.2288","265.7127","74.0706","67.8838","127.4415","134.3059","92.6210","98.5134","106.8711","258.7985","82.0948","185.3169","138.2894","64.2764","123.3871","122.2483","122.2795","97.2381","121.9069","63.7365","71.6470","75.4560","77.3814","79.7560","90.2717","76.8927","100.6482","88.3140","137.0989","102.5676","138.4969","114.9003","74.9775","136.3048","68.6444","40.9066","53.5379","113.2136","88.6745","133.8676","60.5850","106.2252","96.8349","125.1605","87.5419","65.9309","78.7583","89.7587","50.5319","90.3426","170.3710","116.6674","142.0446","112.4379","93.1352","60.9663","81.9008","92.5719","107.7790","95.0354","65.1942","68.2391","66.6194","147.4388","114.5079","136.4563","97.7585","105.5815","98.2313","157.6470","110.0485","280.4294","81.2542","103.2750","98.9111","103.3787","81.2105","132.7863"
"C:\Users\cfg364\Sommerlab Dropbox\Casper van der Luijt\Casper\Data\BioLog\OmniLog\CL2\DATA_2024\07\_NRRL 471_Aspergillus oryzae__1_30_CL2_769_7#24#2024_A_24B_35.OKA","7/24/2024 10:32:48 PM","24-B","PM01","","NRRL 471","Aspergillus oryzae","",52.7500,"93.8716","280.8095","148.5555","139.4503","219.5712","132.1712","121.9820","126.3695","156.2448","164.5421","165.3304","149.3775","109.3337","128.9111","111.7599","126.4776","122.9404","122.4895","101.3433","268.1600","77.1125","75.6406","125.2659","135.5033","93.8638","97.2489","108.7834","259.7166","83.7101","186.8381","140.1695","66.9867","127.4203","124.4485","126.0330","100.9253","125.2241","66.0397","73.9150","73.5340","73.7237","76.5181","89.7203","74.2747","99.7540","87.3674","138.7671","101.6017","136.2525","112.2778","74.8907","134.9662","66.6119","44.6036","61.1690","116.5533","87.9330","130.6257","65.1593","112.2026","102.1198","119.2220","92.2405","62.6518","78.8558","92.2351","51.9688","94.5322","173.6308","116.3343","142.2809","117.1637","95.9022","58.8644","86.1813","92.7403","116.4858","95.6351","62.2553","67.4381","67.5649","148.4296","117.9158","134.0164","96.6532","108.9839","96.2808","155.9244","109.0035","276.8136","79.3155","104.8177","105.4657","104.8471","84.8138","133.5944"
"C:\Users\cfg364\Sommerlab Dropbox\Casper van der Luijt\Casper\Data\BioLog\OmniLog\CL2\DATA_2024\07\_NRRL 471_Aspergillus oryzae__1_30_CL2_769_7#24#2024_A_24B_35.OKA","7/24/2024 10:32:48 PM","24-B","PM01","","NRRL 471","Aspergillus oryzae","",53.0000,"95.4231","279.4720","149.1396","138.0739","220.0122","131.1052","118.6115","129.5900","159.9895","169.3132","164.3262","153.4275","104.4172","127.5555","114.7074","128.9371","119.9086","123.1633","100.7330","267.4007","77.8361","70.7306","127.8092","136.2753","96.6506","99.9119","112.0421","259.8927","85.2815","186.6805","137.4328","63.2216","127.4872","119.5771","127.8630","98.4299","128.2490","66.8199","72.0243","71.1110","75.4683","79.2301","89.0178","75.1834","101.5021","88.1983","139.0862","99.2569","136.9021","113.6721","75.1803","133.1442","65.8067","44.0385","54.9786","116.9009","88.2034","130.7575","63.1456","106.6035","101.9218","122.6084","93.2343","68.1569","81.6901","94.0297","52.1403","91.0638","177.9069","115.2663","146.6616","116.8674","96.6953","60.3309","84.7963","89.7973","114.0903","101.5544","61.7918","69.7985","66.1651","145.1516","118.6479","137.3328","97.1882","104.3144","96.5250","159.9704","107.0264","279.8920","83.4974","98.8097","100.7571","107.9552","80.2741","132.1487"
"C:\Users\cfg364\Sommerlab Dropbox\Casper van der Luijt\Casper\Data\BioLog\OmniLog\CL2\DATA_2024\07\_NRRL 471_Aspergillus oryzae__1_30_CL2_769_7#24#2024_A_24B_35.OKA","7/24/2024 10:32:48 PM","24-B","PM01","","NRRL 471","Aspergillus oryzae","",53.2500,"98.0665","279.8683","150.5964","139.7707","220.9706","134.5978","124.3661","129.0463","154.1656","167.5667","165.3964","151.8987","106.8223","126.0016","118.5177","125.1977","117.1323","126.5763","97.7420","267.9244","75.0193","75.5016","130.3428","135.2537","90.3824","100.8218","111.6225","258.8978","80.5249","188.0833","141.3626","65.4831","133.9824","122.7500","125.5761","98.0434","127.3883","64.1903","72.6307","70.8846","79.8217","78.9234","93.3996","80.8318","101.5616","90.8114","141.6514","97.6002","138.5000","111.5649","70.0844","139.6992","67.1976","43.3147","56.2107","120.0896","88.2236","131.3932","64.2795","110.1084","103.6546","122.2038","90.0060","68.1478","80.5344","91.9014","51.4612","92.9866","177.7516","116.6340","144.9492","114.9383","96.1643","58.0201","86.5874","90.5796","111.6781","100.6733","65.2371","68.8481","66.8615","149.6758","119.9193","138.6588","96.3451","113.2533","100.1009","161.9933","108.1920","277.3060","85.0889","105.3566","98.1555","108.7571","87.5316","134.2513"
"C:\Users\cfg364\Sommerlab Dropbox\Casper van der Luijt\Casper\Data\BioLog\OmniLog\CL2\DATA_2024\07\_NRRL 471_Aspergillus oryzae__1_30_CL2_769_7#24#2024_A_24B_35.OKA","7/24/2024 10:32:48 PM","24-B","PM01","","NRRL 471","Aspergillus oryzae","",53.5000,"97.9220","282.6748","146.9318","139.7592","219.2109","133.2572","121.3841","130.0185","156.0649","169.0363","165.6701","152.8742","107.1817","131.5307","119.0921","128.3230","124.5617","125.3998","101.7732","270.6214","77.4470","75.1192","126.8370","135.7634","96.2720","100.8562","115.2358","260.0529","83.7151","190.0823","138.3657","65.9671","131.2987","122.2440","129.3332","100.7575","128.9587","67.4906","72.4754","71.2958","75.4917","78.6387","95.1876","71.3929","100.8579","93.4109","140.0377","102.1182","140.9584","113.2050","79.8369","139.9417","64.6209","42.9095","54.4738","119.4280","90.8206","138.8468","67.1705","111.1641","100.2052","124.5569","91.7854","68.3713","82.0041","91.6998","55.3735","93.1816","177.4120","118.4302","142.6455","116.6178","96.5055","62.4584","83.1745","95.5569","115.7756","100.3432","64.5166","68.6743","67.0204","147.3304","119.0568","138.2449","98.4573","109.7300","102.3388","162.6066","108.7382","279.0571","85.9833","99.3871","106.0214","106.6000","84.4415","132.5572"
"C:\Users\cfg364\Sommerlab Dropbox\Casper van der Luijt\Casper\Data\BioLog\OmniLog\CL2\DATA_2024\07\_NRRL 471_Aspergillus oryzae__1_30_CL2_769_7#24#2024_A_24B_35.OKA","7/24/2024 10:32:48 PM","24-B","PM01","","NRRL 471","Aspergillus oryzae","",53.7500,"96.5338","280.5304","149.7835","139.2541","221.2784","131.1591","124.0108","128.5045","157.8940","168.7265","169.0060","153.9363","111.2361","132.4802","114.1378","126.9526","124.9658","124.8637","101.1672","263.1856","80.0686","70.6277","129.9420","138.4604","94.4844","100.6449","115.0585","261.6633","82.7471","192.3580","137.8914","69.6833","130.2382","121.0053","129.0520","100.2899","127.2030","69.0612","74.8885","73.7012","79.3602","79.9631","91.7969","76.0097","103.6776","88.0462","139.4572","100.5424","137.2532","116.0662","73.3391","135.5776","65.5640","43.9525","56.1919","119.1299","90.2799","134.3871","65.3503","106.0796","101.8610","123.6668","96.7964","70.7304","82.2439","92.5275","53.9299","91.4071","177.5639","119.3026","150.9076","118.6299","93.8578","59.2984","82.6530","89.8379","116.8182","98.8859","62.8215","70.1560","67.1375","150.9339","121.4604","140.8871","98.7243","108.4818","98.8502","165.9653","110.0774","279.8762","88.2784","102.9969","105.9342","109.1388","86.4947","136.0365"
"C:\Users\cfg364\Sommerlab Dropbox\Casper van der Luijt\Casper\Data\BioLog\OmniLog\CL2\DATA_2024\07\_NRRL 471_Aspergillus oryzae__1_30_CL2_769_7#24#2024_A_24B_35.OKA","7/24/2024 10:32:48 PM","24-B","PM01","","NRRL 471","Aspergillus oryzae","",54.0000,"95.1372","281.5697","149.9793","139.0323","222.5389","129.1307","126.1860","126.9785","160.4415","171.1785","165.8864","149.6348","108.1242","132.9071","118.0401","128.8022","121.8139","124.8001","101.3932","266.5485","76.9600","70.6936","132.2826","134.5350","94.1686","100.7750","112.9458","259.6980","80.1467","191.9813","143.1174","65.3801","128.3496","121.3614","128.3455","101.7725","124.5721","68.8005","71.1748","75.2680","80.6919","79.0516","93.4769","77.7934","103.3564","89.1281","139.3265","100.2161","136.0217","118.5297","74.3025","136.8005","66.8715","42.6996","57.0440","114.6562","93.8430","133.9279","68.5531","111.8275","100.5586","128.7939","94.9892","69.9583","80.0685","92.4961","51.3693","91.7551","179.5963","122.4655","148.9126","117.5950","96.4138","58.1796","85.9524","92.3151","117.3620","99.9713","60.5007","70.0612","66.9462","149.6825","120.6630","138.7057","96.5412","105.9560","97.3501","164.5394","107.6228","278.0436","87.7782","103.2182","104.0496","108.3020","85.2524","137.2450"
"C:\Users\cfg364\Sommerlab Dropbox\Casper van der Luijt\Casper\Data\BioLog\OmniLog\CL2\DATA_2024\07\_NRRL 471_Aspergillus oryzae__1_30_CL2_769_7#24#2024_A_24B_35.OKA","7/24/2024 10:32:48 PM","24-B","PM01","","NRRL 471","Aspergillus oryzae","",54.2500,"96.6322","281.5165","157.1835","141.6891","223.8002","132.6865","124.3899","129.3120","158.6689","170.3625","170.2628","153.1164","109.0506","132.4333","117.7569","131.1066","123.1950","125.0447","103.1824","271.5468","76.7025","73.6855","132.3246","142.2235","93.0170","102.8567","115.7562","263.6255","80.2655","188.3183","144.3785","67.0362","132.6754","123.6979","128.7077","102.4850","123.9149","68.0538","73.5614","75.3462","81.5901","83.7040","94.8154","79.9954","105.8403","90.0211","145.0600","102.2897","139.4535","117.3701","76.7801","138.5471","64.1969","43.7838","54.5751","119.4871","94.3383","138.3629","71.7879","113.3838","103.3066","123.2005","91.3551","67.9966","82.4497","92.8627","55.1071","93.4141","182.9602","117.6822","149.7676","117.5166","97.4443","60.1080","81.3710","91.3718","115.6020","100.3271","63.8501","68.8883","69.6053","146.2682","120.5635","141.5753","101.6572","111.6088","99.4303","166.5513","110.5040","280.1268","86.8647","104.2688","102.0187","109.3942","86.7883","133.9861"
"C:\Users\cfg364\Sommerlab Dropbox\Casper van der Luijt\Casper\Data\BioLog\OmniLog\CL2\DATA_2024\07\_NRRL 471_Aspergillus oryzae__1_30_CL2_769_7#24#2024_A_24B_35.OKA","7/24/2024 10:32:48 PM","24-B","PM01","","NRRL 471","Aspergillus oryzae","",54.5000,"95.6467","284.2834","152.3094","138.9059","219.8063","139.2605","123.9382","125.5093","159.0739","169.9177","169.9035","153.9602","105.5761","129.5625","121.7127","127.2139","128.7188","124.0119","99.2082","267.9881","73.1337","73.6828","135.2915","133.1462","93.1988","102.8505","111.7781","262.8483","81.0780","192.6509","143.2816","70.0057","136.1508","123.8760","130.7663","97.1777","127.0589","66.9193","71.9802","74.2117","78.5505","83.8124","95.8866","78.4350","104.4055","91.3992","139.5224","100.9850","138.3533","116.3370","74.2476","141.1996","66.1744","41.2312","55.3362","121.5405","94.3839","142.8496","66.2940","113.0623","101.7279","123.8686","94.2726","66.2950","84.3100","89.7283","54.0244","91.7601","180.2162","120.0448","149.6045","117.5557","95.9572","57.8034","85.0794","92.0699","117.7247","101.2610","62.2947","71.8899","67.6538","150.1135","121.5256","141.0660","98.0571","112.6036","100.8366","168.2032","110.0030","278.6309","82.2942","100.6841","105.3767","108.6391","84.1617","140.4192"
"C:\Users\cfg364\Sommerlab Dropbox\Casper van der Luijt\Casper\Data\BioLog\OmniLog\CL2\DATA_2024\07\_NRRL 471_Aspergillus oryzae__1_30_CL2_769_7#24#2024_A_24B_35.OKA","7/24/2024 10:32:48 PM","24-B","PM01","","NRRL 471","Aspergillus oryzae","",54.7500,"91.6847","280.7228","152.4505","139.3377","221.6949","138.1236","124.2266","130.0998","161.0098","172.2550","169.1062","150.6396","106.5278","130.5251","119.3233","128.5123","123.5462","127.6885","97.1886","267.6246","75.7064","76.0069","132.1412","136.4925","93.7778","104.9916","113.9218","263.1737","82.4496","191.2704","143.0469","66.6159","133.3044","126.3709","130.5353","99.6781","128.6987","66.5485","70.5412","71.2492","77.1391","81.7862","98.0076","78.7163","103.8313","89.9505","144.5882","98.8801","139.2666","115.8426","71.1745","138.3071","65.5166","41.9778","52.9304","120.5024","93.2047","134.8153","62.9148","112.2342","106.1313","123.0182","93.8944","70.2282","78.5610","90.0491","51.1194","95.8553","182.3844","120.9512","150.8964","118.2758","96.6663","59.9763","84.1736","96.5597","117.7791","98.3494","61.6179","70.5868","68.7212","148.3411","119.9341","138.9918","98.0519","107.9632","97.1718","165.1359","109.8119","278.8706","85.9260","107.2413","106.9471","107.7010","86.5062","138.3546"
"C:\Users\cfg364\Sommerlab Dropbox\Casper van der Luijt\Casper\Data\BioLog\OmniLog\CL2\DATA_2024\07\_NRRL 471_Aspergillus oryzae__1_30_CL2_769_7#24#2024_A_24B_35.OKA","7/24/2024 10:32:48 PM","24-B","PM01","","NRRL 471","Aspergillus oryzae","",55.0000,"98.0460","282.1969","151.9867","138.5411","220.5548","134.7223","123.5291","132.1923","162.8924","172.6681","169.3870","149.7593","109.1538","132.6066","121.4130","130.8587","128.6103","128.1280","102.7204","271.8028","75.6220","79.0091","136.5883","135.7272","93.1381","102.4644","118.9475","260.7620","80.6110","193.3143","148.0187","67.7114","138.3814","128.8893","133.5403","99.0012","130.7165","69.6039","77.0601","73.8951","79.4408","83.6107","94.2599","79.0895","107.4094","91.8949","146.0924","98.3103","143.1226","117.1133","76.3822","137.6975","65.7261","41.3616","56.1333","118.4253","91.2316","138.6799","65.5022","115.2596","103.8427","124.1115","101.3759","73.5556","83.6312","96.0000","57.2045","96.6643","182.5108","122.7699","153.2812","119.2743","95.3395","59.0249","82.5285","93.1911","119.3826","101.5931","62.8854","73.0708","66.8687","147.8486","124.7383","138.2416","100.1574","112.2481","100.4655","168.4051","106.7949","275.4524","81.5232","107.3371","103.2218","108.2397","86.2607","141.8027"
"C:\Users\cfg364\Sommerlab Dropbox\Casper van der Luijt\Casper\Data\BioLog\OmniLog\CL2\DATA_2024\07\_NRRL 471_Aspergillus oryzae__1_30_CL2_769_7#24#2024_A_24B_35.OKA","7/24/2024 10:32:48 PM","24-B","PM01","","NRRL 471","Aspergillus oryzae","",55.2500,"99.7237","280.3931","150.3694","138.1016","223.0095","137.9862","130.5862","132.3577","161.7828","171.9297","173.4483","151.1666","107.0826","133.0424","122.9909","129.1303","129.0851","128.6430","102.5395","267.1488","80.3844","74.0411","136.5547","139.0637","94.3699","102.5511","117.0531","261.8544","80.4077","193.3097","141.7027","68.9385","135.3700","128.8243","133.8357","99.3233","130.6233","65.3753","72.8474","74.5950","80.4409","83.0999","99.0781","80.7070","104.6462","92.2123","145.0055","101.7410","140.7010","120.2719","75.4176","138.3142","68.9909","40.2745","55.8022","119.9263","97.1190","137.7761","68.0205","113.4235","106.5240","129.5365","95.9013","72.9281","82.3777","93.7088","50.4222","92.3399","183.7616","124.3567","152.3219","117.5564","102.6315","59.2097","86.7598","94.5191","120.0131","103.0218","60.3505","70.0912","66.3203","147.8508","125.0666","134.3408","100.2989","115.3737","102.7777","167.2130","109.8750","279.5814","84.4887","102.8713","103.2349","111.2737","89.9417","141.2489"
"C:\Users\cfg364\Sommerlab Dropbox\Casper van der Luijt\Casper\Data\BioLog\OmniLog\CL2\DATA_2024\07\_NRRL 471_Aspergillus oryzae__1_30_CL2_769_7#24#2024_A_24B_35.OKA","7/24/2024 10:32:48 PM","24-B","PM01","","NRRL 471","Aspergillus oryzae","",55.5000,"97.7397","280.9464","152.6019","138.7374","222.1148","133.5732","124.4202","127.7060","164.8994","171.1420","167.3188","144.4041","106.3163","134.8135","119.7568","128.9102","126.4695","131.8096","102.9511","271.4286","76.6075","72.1707","133.5626","134.2118","92.1464","99.3344","117.1713","259.5605","85.7061","191.5786","146.5072","66.3456","134.1465","126.2038","136.7918","101.7362","128.3700","65.4436","73.7464","74.4859","76.8522","79.7907","101.0923","80.4834","104.6243","95.0588","144.8670","100.5702","142.5331","119.6529","76.4996","137.7776","70.6853","41.6652","54.3052","122.0380","94.0705","137.8174","66.0553","112.1497","104.2761","126.7691","97.7717","70.4501","81.4207","91.9178","53.3488","92.8516","184.6193","123.2376","154.3379","120.1513","94.5040","59.3670","84.1598","91.9568","120.3496","101.7246","58.8460","74.5072","70.6323","149.1515","120.5918","138.0165","99.6702","111.2706","101.0121","173.4029","107.4634","281.3669","84.6220","103.5617","103.2623","110.0150","90.2136","140.8922"
"C:\Users\cfg364\Sommerlab Dropbox\Casper van der Luijt\Casper\Data\BioLog\OmniLog\CL2\DATA_2024\07\_NRRL 471_Aspergillus oryzae__1_30_CL2_769_7#24#2024_A_24B_35.OKA","7/24/2024 10:32:48 PM","24-B","PM01","","NRRL 471","Aspergillus oryzae","",55.7500,"97.9269","283.6182","154.1315","136.5847","222.4054","140.1249","127.5296","128.7806","164.1961","173.5128","171.2643","154.1179","113.2164","137.0739","121.4126","130.0334","129.1465","129.5854","110.1517","270.7457","83.0610","76.8147","135.8628","134.9583","91.3449","104.7813","114.3295","262.9608","85.2014","192.6847","151.0278","71.0422","132.1994","126.5402","134.7898","106.8753","131.7668","68.1245","74.6252","73.8675","80.9645","84.2401","96.4276","83.7690","109.6802","96.2737","147.3867","104.3070","140.9316","117.8290","76.9762","137.9704","71.0161","44.7341","57.9195","121.8861","94.6529","144.5761","66.7244","114.5240","106.3875","127.1854","98.0967","72.3277","85.7092","95.1892","57.4520","94.1249","187.3612","122.1706","156.7888","117.8078","97.6594","65.1083","87.1101","94.1932","118.5929","105.6395","67.4431","73.3900","71.3914","150.7115","123.6271","140.0117","98.2080","114.9155","100.9878","172.1133","109.3426","275.7610","82.3432","102.9667","107.0744","112.0140","91.8319","140.5963"
"C:\Users\cfg364\Sommerlab Dropbox\Casper van der Luijt\Casper\Data\BioLog\OmniLog\CL2\DATA_2024\07\_NRRL 471_Aspergillus oryzae__1_30_CL2_769_7#24#2024_A_24B_35.OKA","7/24/2024 10:32:48 PM","24-B","PM01","","NRRL 471","Aspergillus oryzae","",56.0000,"95.8823","281.1505","151.6901","140.2449","221.8660","141.3179","124.9822","130.6612","164.4963","175.1172","170.2716","155.6237","111.3200","135.3902","125.5591","129.1662","129.1465","131.1482","107.2034","268.4998","77.7811","78.1879","137.2093","138.9155","91.3769","106.5192","113.8850","261.2014","87.9104","190.9384","149.5273","65.6333","140.3799","127.1199","137.7426","103.0219","129.8629","70.8261","74.4673","74.0286","78.7393","84.9951","98.5976","83.7371","107.8481","93.1130","150.2607","101.2982","144.7244","117.7003","74.8278","140.3833","70.3813","43.0098","56.0820","125.5633","97.7665","142.7794","67.6947","116.5844","106.3260","128.6254","103.3846","71.6432","86.1238","99.0860","59.0203","97.0410","186.3454","125.6006","155.1142","119.4732","97.2628","59.7261","83.7413","96.0495","122.3884","103.1179","63.1086","72.5340","70.2453","147.2820","124.3632","142.6612","98.4864","115.9566","102.4326","173.0384","108.4471","276.9617","84.3302","101.7897","105.1484","111.6274","94.4567","145.3789"
"C:\Users\cfg364\Sommerlab Dropbox\Casper van der Luijt\Casper\Data\BioLog\OmniLog\CL2\DATA_2024\07\_NRRL 471_Aspergillus oryzae__1_30_CL2_769_7#24#2024_A_24B_35.OKA","7/24/2024 10:32:48 PM","24-B","PM01","","NRRL 471","Aspergillus oryzae","",56.2500,"92.7093","284.4842","153.2849","142.7837","226.5433","140.4572","128.7620","132.5419","166.0321","173.4745","172.3562","150.1907","113.8276","135.2064","121.5090","129.5437","128.6688","131.2319","105.5945","269.7336","77.9381","77.4693","139.6646","139.1996","95.7152","105.1541","120.5273","264.7890","83.0845","193.9548","149.3213","70.3625","137.9948","128.6913","139.8345","108.3077","124.5331","67.4640","76.7431","73.7532","83.9750","82.3348","96.0952","78.5853","105.1186","89.2921","149.1471","101.7336","141.3653","115.5702","73.3762","139.9696","64.5451","42.8531","55.5815","122.5760","98.9233","142.1143","66.0577","114.7521","109.0508","127.4796","98.6438","72.2209","84.6173","93.0192","56.9331","98.3201","185.4446","125.6805","154.1093","119.6575","97.5803","60.5346","83.6383","90.8460","124.2565","105.4796","62.3970","74.2824","70.2956","148.9071","125.7656","140.1893","103.5892","109.3534","104.5834","170.2167","111.6095","280.1344","82.9352","103.7750","106.3552","113.7622","95.4191","138.8574"
"C:\Users\cfg364\Sommerlab Dropbox\Casper van der Luijt\Casper\Data\BioLog\OmniLog\CL2\DATA_2024\07\_NRRL 471_Aspergillus oryzae__1_30_CL2_769_7#24#2024_A_24B_35.OKA","7/24/2024 10:32:48 PM","24-B","PM01","","NRRL 471","Aspergillus oryzae","",56.5000,"96.3960","280.2321","154.5820","139.8348","221.7901","139.1310","127.3729","134.6430","168.8401","173.0695","173.6162","152.3586","109.2865","135.7369","127.0086","133.0240","128.4919","126.5977","109.4937","269.4877","76.9781","74.9725","138.1497","140.3736","92.8714","104.9025","117.3680","262.7040","83.8652","195.7413","148.2169","70.3263","138.7375","131.4420","136.8617","104.0604","129.3831","69.1562","74.6574","73.3839","77.7274","86.0202","98.8665","84.4852","107.0375","94.2905","145.3578","103.0605","143.1223","120.3501","74.5161","139.3769","67.6752","44.2036","57.5670","127.5946","96.8114","144.6077","67.8655","114.5073","105.2525","133.1429","98.3878","76.5258","85.8831","94.4094","50.8537","97.4769","189.0010","128.9209","157.3215","123.3156","101.3022","62.9352","85.8145","97.2543","124.2929","106.2135","64.9390","77.0194","66.6609","152.6453","122.6037","141.3092","103.0598","114.4117","103.1176","170.1624","110.5221","282.1406","86.5970","104.8184","105.5407","111.4909","94.6654","142.1567"
"C:\Users\cfg364\Sommerlab Dropbox\Casper van der Luijt\Casper\Data\BioLog\OmniLog\CL2\DATA_2024\07\_NRRL 471_Aspergillus oryzae__1_30_CL2_769_7#24#2024_A_24B_35.OKA","7/24/2024 10:32:48 PM","24-B","PM01","","NRRL 471","Aspergillus oryzae","",56.7500,"94.3486","283.2444","154.2766","139.8414","220.4541","144.5549","126.6536","128.5468","165.8103","173.3176","172.8747","156.0058","109.7770","135.3397","126.9325","133.9065","133.0390","131.8811","102.8075","271.1982","81.2725","74.9971","134.6970","141.1994","96.1269","106.9614","120.7711","261.5790","82.1309","194.6345","147.3171","67.2345","141.4162","128.0033","139.0000","103.0039","130.3495","66.7345","78.3420","74.0631","81.8911","82.6021","101.4276","83.6417","108.8763","95.3115","151.6231","100.8218","142.9775","119.8594","74.6630","139.2005","71.1343","44.6816","58.4864","124.2592","101.0089","141.7087","73.3466","116.4652","110.7449","128.8410","97.4960","70.9680","85.0183","94.1899","55.7801","94.9815","189.0551","122.5781","159.6187","118.0829","102.6792","63.4832","88.8754","95.7654","125.2714","105.4125","64.4888","74.7373","70.8195","152.2606","125.2876","138.3816","98.9948","113.5786","100.4540","172.3807","111.2571","279.1842","84.7812","108.1528","105.6329","110.3390","91.8949","147.3300"
"C:\Users\cfg364\Sommerlab Dropbox\Casper van der Luijt\Casper\Data\BioLog\OmniLog\CL2\DATA_2024\07\_NRRL 471_Aspergillus oryzae__1_30_CL2_769_7#24#2024_A_24B_35.OKA","7/24/2024 10:32:48 PM","24-B","PM01","","NRRL 471","Aspergillus oryzae","",57.0000,"92.4826","280.6446","152.0273","139.8108","224.3698","138.2353","129.6085","134.1438","169.8300","174.8691","174.2125","152.0511","110.6864","136.6968","123.0045","128.8893","130.9668","129.3556","106.6983","271.0402","74.3974","71.3130","139.5276","139.3717","96.4044","105.8520","114.5645","261.0322","81.2586","198.2657","150.7817","66.2102","138.0539","129.6293","141.6237","105.0175","129.4295","65.0844","72.4301","79.0077","83.2418","85.8585","99.0441","83.1285","110.1065","92.1159","147.1768","102.7236","142.9727","121.0902","80.1226","141.4935","65.2471","41.8170","56.9905","127.4257","102.6025","141.6660","67.1670","115.0052","105.3619","125.0559","100.9619","77.3705","82.9117","94.0848","52.9518","94.7765","190.5400","121.0234","158.9054","124.3917","99.5621","59.3093","85.2697","94.2952","127.6042","105.0240","62.3303","72.6079","70.9420","147.5979","126.7808","137.4043","103.9054","114.1390","103.0380","173.9951","111.5859","279.5995","86.2107","104.2965","107.5044","110.0366","92.5769","144.7630"
"C:\Users\cfg364\Sommerlab Dropbox\Casper van der Luijt\Casper\Data\BioLog\OmniLog\CL2\DATA_2024\07\_NRRL 471_Aspergillus oryzae__1_30_CL2_769_7#24#2024_A_24B_35.OKA","7/24/2024 10:32:48 PM","24-B","PM01","","NRRL 471","Aspergillus oryzae","",57.2500,"95.1049","281.2077","151.5404","141.2613","221.7830","143.1353","124.3421","134.2824","168.8295","176.7787","171.8270","154.0634","110.8549","137.5023","127.4875","131.9674","135.3015","131.0809","103.5312","270.5979","84.0342","74.2507","139.0840","141.9063","93.3451","104.9872","123.1423","264.4759","83.6525","197.5336","149.5090","67.0813","141.2064","128.1903","137.3714","108.3534","130.0748","74.4810","74.1662","73.5519","82.1494","81.8439","102.9842","82.9583","112.3156","96.1109","151.3014","101.9155","143.0653","121.6217","74.6222","139.7537","66.2960","43.5063","58.7471","124.7284","96.6360","146.6543","66.2249","115.0751","107.4237","128.3336","98.0106","76.3009","84.2461","95.2359","53.6210","97.5659","189.7496","123.6011","157.5016","119.7224","101.2831","61.8256","84.8587","97.7366","124.7306","106.3919","62.7029","73.3760","70.5619","150.7479","127.5790","138.8364","102.2851","115.8478","102.6257","176.3482","110.1103","280.1774","86.6241","103.2353","105.6268","112.4077","96.1272","147.2112"
"C:\Users\cfg364\Sommerlab Dropbox\Casper van der Luijt\Casper\Data\BioLog\OmniLog\CL2\DATA_2024\07\_NRRL 471_Aspergillus oryzae__1_30_CL2_769_7#24#2024_A_24B_35.OKA","7/24/2024 10:32:48 PM","24-B","PM01","","NRRL 471","Aspergillus oryzae","",57.5000,"100.3322","280.8310","154.0235","143.6907","217.7851","145.9743","124.4337","132.0153","171.8654","177.4804","171.9107","154.6744","114.0388","138.0024","124.5528","130.9314","132.4108","133.9778","106.2364","269.8407","82.5967","80.2471","140.7692","139.7609","97.8692","109.9320","120.7545","263.5498","84.7437","197.0546","151.2888","71.2607","142.1566","130.9278","139.1008","105.0487","130.5919","72.6946","78.3647","73.8090","80.4026","87.3409","100.0141","86.3052","108.9427","99.5674","152.0264","104.6035","145.8531","125.0471","73.3388","141.2379","70.0251","42.5775","55.2191","125.4463","102.6442","145.5069","67.4119","117.5044","111.9482","131.2559","101.5550","78.0546","87.5083","92.6275","56.5505","96.8164","189.1646","126.5974","157.9355","121.2852","100.9203","60.4707","88.4403","95.5178","128.0899","112.4269","64.1210","67.8253","68.1547","152.9766","129.3259","142.7528","104.7018","116.0583","108.5323","176.8597","109.7712","278.0294","86.9063","108.4496","112.0082","113.5218","100.1527","150.0291"
"C:\Users\cfg364\Sommerlab Dropbox\Casper van der Luijt\Casper\Data\BioLog\OmniLog\CL2\DATA_2024\07\_NRRL 471_Aspergillus oryzae__1_30_CL2_769_7#24#2024_A_24B_35.OKA","7/24/2024 10:32:48 PM","24-B","PM01","","NRRL 471","Aspergillus oryzae","",57.7500,"91.8813","281.3337","152.7861","138.9411","221.4729","143.6709","127.8169","136.8867","170.5410","177.6738","169.8004","154.3323","107.8656","142.2355","125.9414","130.0587","131.2919","133.2485","102.4847","268.7965","77.6654","72.2361","137.3987","138.7243","95.5360","108.3863","122.2608","263.3407","83.7216","197.7697","151.0969","72.2824","138.8610","131.3395","142.9577","101.2853","133.7468","69.9501","75.3978","72.4384","81.7177","84.4572","100.7433","81.7640","107.8873","97.9525","151.4245","103.2349","141.1606","124.4828","74.7734","141.5387","65.1491","43.5079","58.3733","126.9695","103.5090","149.9223","67.8357","117.8121","107.7740","126.0320","100.2756","74.7951","87.4885","93.4396","54.7119","96.2770","186.8807","125.0057","161.6626","123.8672","96.1905","64.4164","88.6958","99.4126","129.4248","110.3208","63.5412","72.0886","71.8009","150.9940","127.9152","141.0109","105.1335","115.9095","104.5694","173.1515","114.0284","278.4447","85.9238","107.2174","105.6048","110.4633","101.3196","148.5794"
"C:\Users\cfg364\Sommerlab Dropbox\Casper van der Luijt\Casper\Data\BioLog\OmniLog\CL2\DATA_2024\07\_NRRL 471_Aspergillus oryzae__1_30_CL2_769_7#24#2024_A_24B_35.OKA","7/24/2024 10:32:48 PM","24-B","PM01","","NRRL 471","Aspergillus oryzae","",58.0000,"96.9961","284.9728","154.8092","140.3616","219.3564","146.1162","131.9585","132.8872","172.1887","175.2947","174.0005","153.7937","112.6176","139.8515","125.7348","131.7053","132.9685","132.9717","106.5494","268.3627","78.7598","80.5822","141.2382","138.6924","95.4490","107.3486","121.5734","264.0461","84.3385","199.7656","152.3805","71.0529","143.8265","132.6031","141.8187","105.1233","130.5870","70.8702","77.2211","75.8593","82.9197","87.3799","98.8927","84.0005","114.2809","100.4396","152.0881","104.4034","146.7453","125.8874","77.2673","138.2259","68.0134","43.9450","61.8650","130.8734","101.7761","147.3442","70.5065","115.7780","110.2521","131.2111","103.7368","77.2297","85.3910","95.8547","55.8336","96.4825","191.7170","125.9981","164.3442","118.8058","99.2970","62.0611","87.0732","95.4549","126.6033","110.4708","63.3942","73.0016","72.1895","150.6351","127.8566","139.8782","104.3100","122.1470","105.3820","176.2744","110.7219","278.5747","83.7127","106.7196","106.2205","114.6313","101.0368","148.9410"
"C:\Users\cfg364\Sommerlab Dropbox\Casper van der Luijt\Casper\Data\BioLog\OmniLog\CL2\DATA_2024\07\_NRRL 471_Aspergillus oryzae__1_30_CL2_769_7#24#2024_A_24B_35.OKA","7/24/2024 10:32:48 PM","24-B","PM01","","NRRL 471","Aspergillus oryzae","",58.2500,"91.1102","281.3596","155.1011","143.4438","220.4964","148.3539","128.6117","130.8709","169.3372","181.3796","173.4677","153.4747","108.0776","143.2033","126.2619","131.3563","134.8261","130.9357","104.7448","269.7439","80.2112","75.7794","142.1990","138.1112","97.0812","112.0251","121.6939","264.8974","80.6083","199.6296","155.2897","72.8037","140.5351","132.6081","143.4863","101.7066","132.3197","66.6867","80.0896","73.6780","77.8643","88.1361","104.4467","84.2131","109.4065","98.5019","150.0303","102.4038","145.8081","126.3123","78.0776","140.6573","70.8551","44.6825","62.5810","127.1324","102.9721","147.9572","70.5904","117.7421","108.6251","129.0360","101.1543","78.7996","87.2615","95.6909","54.2214","97.7578","193.1701","127.3255","161.1559","122.7147","98.7188","61.5861","87.3027","99.8816","127.5545","109.9066","65.2244","70.1403","72.2745","148.8551","129.0146","141.3304","101.5075","118.0363","106.5860","176.7136","111.6203","279.0137","84.0818","101.4567","108.7853","111.2798","96.2358","152.7598"
"C:\Users\cfg364\Sommerlab Dropbox\Casper van der Luijt\Casper\Data\BioLog\OmniLog\CL2\DATA_2024\07\_NRRL 471_Aspergillus oryzae__1_30_CL2_769_7#24#2024_A_24B_35.OKA","7/24/2024 10:32:48 PM","24-B","PM01","","NRRL 471","Aspergillus oryzae","",58.5000,"97.7809","281.3270","150.0576","145.5576","222.2353","147.3214","127.8586","128.7102","174.4845","178.4828","173.9672","155.9645","110.3941","144.9100","123.6203","127.2824","133.6947","132.4697","106.6599","270.5266","75.6889","75.6155","143.8848","137.1142","96.7966","110.2890","121.8202","261.8022","82.0532","199.2828","158.1570","72.0379","140.9531","133.6073","145.2796","103.6835","131.2405","69.7968","80.0582","74.7082","78.0869","88.0735","103.1457","82.3923","113.3685","100.2611","154.5078","105.9106","149.0040","124.8393","79.2229","140.2164","68.1359","43.4015","59.1780","127.8981","102.1421","148.8750","66.3966","119.9646","107.5740","128.3959","101.2159","77.1194","86.6845","92.4736","53.6835","97.6003","193.9641","129.6158","163.9354","122.5259","101.8112","62.4803","90.7457","99.6653","129.7070","109.8745","64.9396","72.9264","75.1437","152.4644","129.3350","141.5164","101.9393","124.4858","109.2403","177.7944","111.4932","278.4356","87.1635","103.4966","108.8817","112.8977","99.0079","149.5930"
"C:\Users\cfg364\Sommerlab Dropbox\Casper van der Luijt\Casper\Data\BioLog\OmniLog\CL2\DATA_2024\07\_NRRL 471_Aspergillus oryzae__1_30_CL2_769_7#24#2024_A_24B_35.OKA","7/24/2024 10:32:48 PM","24-B","PM01","","NRRL 471","Aspergillus oryzae","",58.7500,"94.7093","280.4788","150.2868","143.8855","221.6030","148.1280","130.1833","130.4056","172.9902","177.3174","169.5051","154.6869","110.8637","144.4176","126.4229","127.1220","136.3660","135.4097","102.5050","268.8960","79.4902","80.1068","142.6287","139.8392","97.1444","111.3372","125.8615","262.5438","86.1053","201.1747","156.2774","69.7406","143.2679","133.6718","143.9346","105.4957","134.2878","69.4039","79.4926","74.4184","78.7227","89.3883","105.0178","83.0951","111.1781","99.6095","151.0435","101.1585","151.5303","128.2657","77.9847","136.7836","70.3432","44.7763","61.4782","128.4086","100.2905","151.3664","71.5657","119.6153","110.6345","129.8361","102.8786","77.7106","90.5633","95.8801","53.4937","98.9234","193.8370","129.2659","164.6141","126.0170","100.8927","66.0252","88.4194","96.9457","126.0125","107.0174","67.9134","75.0159","69.4052","154.0933","129.1107","140.8034","104.2212","121.1817","110.2395","180.8826","114.0659","279.9129","88.0755","104.2297","110.0382","112.1859","101.6208","151.0522"
"C:\Users\cfg364\Sommerlab Dropbox\Casper van der Luijt\Casper\Data\BioLog\OmniLog\CL2\DATA_2024\07\_NRRL 471_Aspergillus oryzae__1_30_CL2_769_7#24#2024_A_24B_35.OKA","7/24/2024 10:32:48 PM","24-B","PM01","","NRRL 471","Aspergillus oryzae","",59.0000,"96.7372","282.5385","153.4351","147.0413","219.0165","146.1593","126.3586","129.4834","171.9268","178.1673","171.0393","160.2155","108.5292","145.2932","128.0955","130.5223","134.2428","134.1926","109.8073","272.8312","85.4204","81.3475","144.0540","142.6617","100.1460","116.6639","124.4889","267.0330","84.1575","197.8810","157.8216","72.0763","145.0641","133.6147","144.0015","103.0388","133.9510","70.8185","77.3465","77.1632","84.0642","85.4081","106.0504","84.4725","110.6245","98.9724","157.2181","107.1112","144.5899","122.7398","75.8628","138.0538","68.4350","44.0486","55.1799","131.2609","104.8597","148.9446","73.4676","118.2486","110.2884","132.5150","104.2185","79.3708","86.8826","94.4163","54.9688","102.3101","195.1518","127.3175","167.6144","127.3616","100.7368","65.4423","86.0532","100.0423","127.9096","109.7496","65.3520","73.5130","74.8856","153.7339","125.7763","140.8395","104.0700","122.0821","112.8682","180.5807","111.0112","279.4737","87.1504","109.9069","110.6664","115.4023","98.3314","150.0701"
"C:\Users\cfg364\Sommerlab Dropbox\Casper van der Luijt\Casper\Data\BioLog\OmniLog\CL2\DATA_2024\07\_NRRL 471_Aspergillus oryzae__1_30_CL2_769_7#24#2024_A_24B_35.OKA","7/24/2024 10:32:48 PM","24-B","PM01","","NRRL 471","Aspergillus oryzae","",59.2500,"92.5562","283.8195","156.6246","142.8086","221.2828","146.6084","125.9299","132.7039","174.5562","176.9405","173.1495","157.4838","112.2024","146.3514","126.6288","132.3921","135.7228","135.9098","111.9403","270.6141","81.8225","76.6327","143.3365","140.2792","93.8996","113.1424","120.1926","261.4726","84.7575","200.1803","159.9360","72.5356","142.5361","134.7889","146.3312","101.0027","129.5622","70.0944","74.3883","75.3248","80.9223","88.6581","101.1118","86.6494","108.7191","96.2420","155.2994","104.9653","146.9474","120.2182","75.4006","139.7213","67.6688","44.7858","60.4739","131.9694","106.4257","151.9801","70.6092","120.5315","111.1940","130.1171","107.4247","75.1674","88.9321","98.5541","55.2952","94.9263","193.5601","128.6103","167.0731","123.7103","104.5085","64.8144","88.8055","101.7085","130.0229","116.1843","64.5663","71.1604","71.6000","153.1672","131.9957","138.5344","107.7171","122.0983","110.8990","180.1266","113.4383","280.7196","84.4085","106.9718","107.9777","113.6906","99.5443","150.3916"
"C:\Users\cfg364\Sommerlab Dropbox\Casper van der Luijt\Casper\Data\BioLog\OmniLog\CL2\DATA_2024\07\_NRRL 471_Aspergillus oryzae__1_30_CL2_769_7#24#2024_A_24B_35.OKA","7/24/2024 10:32:48 PM","24-B","PM01","","NRRL 471","Aspergillus oryzae","",59.5000,"94.9882","280.9759","155.2544","140.7484","221.8999","149.6164","126.8080","132.7984","176.1257","177.0380","171.2628","156.6579","111.2732","145.2747","130.1799","129.3938","138.0054","138.9817","107.2643","274.3163","81.0173","78.1812","141.0568","142.9931","96.3870","113.4542","125.0221","262.3792","83.4067","202.9518","157.9548","73.4717","143.2165","130.3755","145.5426","106.5152","129.8041","71.6629","75.1748","73.2312","77.8926","88.6774","108.1102","83.6282","112.6248","100.9469","152.7759","102.1813","144.3814","125.6769","76.6337","143.6085","70.1135","40.1113","61.4086","132.9032","103.3747","148.8733","68.3770","119.1265","110.2097","129.1178","103.3325","79.2670","83.8029","94.2095","54.7020","99.1786","192.9840","126.8330","165.3489","124.9347","104.1260","62.5345","92.2049","101.6178","126.8624","110.4381","64.2876","74.2648","69.8447","153.5278","126.6419","140.4114","106.2108","122.6222","110.2468","181.4154","114.8924","276.3250","84.8596","104.6768","110.4531","110.1645","106.6369","153.2856"
"C:\Users\cfg364\Sommerlab Dropbox\Casper van der Luijt\Casper\Data\BioLog\OmniLog\CL2\DATA_2024\07\_NRRL 471_Aspergillus oryzae__1_30_CL2_769_7#24#2024_A_24B_35.OKA","7/24/2024 10:32:48 PM","24-B","PM01","","NRRL 471","Aspergillus oryzae","",59.7500,"96.5125","282.4865","155.5514","141.0078","219.6703","144.7283","125.9342","134.6032","177.8636","174.3821","169.7975","154.0893","113.0861","140.3808","126.9643","132.5154","137.2416","139.0341","109.3514","272.8364","79.5106","74.2888","147.1423","140.7662","93.1955","118.6441","126.0289","265.8394","84.3411","201.2175","156.9409","72.4993","145.3987","134.2820","148.1361","103.6033","129.8244","69.4019","77.0243","77.2674","86.3659","89.4886","103.8403","85.4222","116.3260","101.1348","154.3794","105.3500","147.6713","125.5008","76.7827","139.5635","72.0279","37.6801","59.3552","128.3548","105.3590","151.4385","67.3144","119.6065","111.9587","129.0662","106.8981","78.9403","85.2155","92.0050","58.9335","95.0760","190.5595","129.2495","167.8880","123.3806","100.8903","62.7921","91.1846","104.1896","130.2116","113.0343","64.9562","71.3700","70.9823","150.9989","131.5826","140.3017","104.5707","121.2487","108.9419","182.3554","109.6140","277.2868","86.5220","108.1447","111.4091","115.3465","106.8934","153.1717"
"C:\Users\cfg364\Sommerlab Dropbox\Casper van der Luijt\Casper\Data\BioLog\OmniLog\CL2\DATA_2024\07\_NRRL 471_Aspergillus oryzae__1_30_CL2_769_7#24#2024_A_24B_35.OKA","7/24/2024 10:32:48 PM","24-B","PM01","","NRRL 471","Aspergillus oryzae","",60.0000,"97.9918","285.7296","160.1251","144.1851","219.4540","153.1831","128.8357","133.5109","177.9166","178.4424","177.5792","156.2603","110.7497","147.0473","132.1898","131.1254","135.9356","135.4773","112.4728","272.5108","81.2846","78.7474","144.6052","144.1444","94.0653","116.6021","129.4673","265.9293","83.2844","204.9013","158.2668","71.0068","148.5680","137.1552","147.1416","105.7913","137.5446","73.3181","78.8145","77.2107","83.4486","92.9643","109.3038","86.5133","111.8508","101.0872","152.8852","107.1220","146.7974","127.1481","78.9116","142.5746","71.6183","42.4013","60.9256","131.6218","105.0889","153.7798","69.3519","121.3362","111.7286","130.4440","109.1934","81.6624","87.8320","97.3267","57.4079","99.4338","195.6989","132.4240","168.0723","126.8579","104.6663","63.3785","89.4135","105.5132","132.6564","114.2302","62.6604","73.8951","75.2575","151.3251","132.5698","141.2606","103.4250","121.4561","113.2168","184.1049","113.6060","280.9438","89.4688","106.4496","108.5326","115.1171","107.0699","153.4628"
"C:\Users\cfg364\Sommerlab Dropbox\Casper van der Luijt\Casper\Data\BioLog\OmniLog\CL2\DATA_2024\07\_NRRL 471_Aspergillus oryzae__1_30_CL2_769_7#24#2024_A_24B_35.OKA","7/24/2024 10:32:48 PM","24-B","PM01","","NRRL 471","Aspergillus oryzae","",60.2500,"97.2012","283.7208","156.4537","141.2440","223.4527","150.4974","132.6197","133.9809","177.9312","180.8342","172.4473","155.2510","114.0209","150.1824","129.5319","132.4149","138.3251","138.8453","106.1531","272.5160","81.6918","80.7917","148.2423","139.1914","97.0439","116.2263","120.3344","264.7656","85.0923","201.4769","159.4162","70.9540","146.3663","140.5688","150.8514","105.4408","133.5437","74.6163","77.5545","76.9378","81.3139","88.7213","106.0792","85.5760","115.8851","102.8840","156.1896","104.2751","149.0659","127.7326","78.0332","145.0865","69.9850","40.2413","60.9480","132.3650","107.7894","153.2466","73.5666","121.6402","111.4121","130.8324","108.4904","81.5079","89.9272","97.0250","55.7650","102.7200","195.8307","132.6249","170.6132","125.0221","104.2585","62.5585","88.4285","101.5505","128.8412","112.1981","65.9754","75.9655","77.8383","149.7931","133.0731","140.6658","107.9995","124.6252","114.9705","186.1219","114.0708","284.1867","86.3981","110.6820","108.3523","117.3547","106.8433","156.2021"
"C:\Users\cfg364\Sommerlab Dropbox\Casper van der Luijt\Casper\Data\BioLog\OmniLog\CL2\DATA_2024\07\_NRRL 471_Aspergillus oryzae__1_30_CL2_769_7#24#2024_A_24B_35.OKA","7/24/2024 10:32:48 PM","24-B","PM01","","NRRL 471","Aspergillus oryzae","",60.5000,"92.9984","285.6004","156.7958","144.5643","222.9164","154.1212","128.6342","136.8880","176.3499","178.2752","175.8463","152.6002","115.5556","146.4113","132.9029","133.9608","136.8318","140.5488","109.2163","274.6104","86.6456","75.4338","147.2150","142.8293","98.5952","117.8097","127.0460","266.5486","84.7889","203.9287","160.1773","72.4014","146.4375","139.4966","147.0246","107.6845","132.4830","74.7711","78.9132","74.7243","81.9923","94.3701","109.9648","92.2096","116.1763","102.8268","156.5982","106.4610","147.2168","127.6786","78.6193","142.2683","68.5691","42.2855","62.4931","138.1221","106.7435","152.8734","72.9663","120.9017","116.2270","134.4500","106.5412","85.5532","89.0599","98.6360","55.7385","103.1766","196.4430","130.1828","169.9977","130.3158","107.3999","67.8314","94.4490","101.0190","131.5744","114.4926","68.6829","73.0644","76.0513","152.0577","127.7848","142.4485","107.6288","124.5298","109.6529","183.1448","111.2978","281.9981","90.9701","111.4763","111.7450","116.9754","108.5680","158.4287"
"C:\Users\cfg364\Sommerlab Dropbox\Casper van der Luijt\Casper\Data\BioLog\OmniLog\CL2\DATA_2024\07\_NRRL 471_Aspergillus oryzae__1_30_CL2_769_7#24#2024_A_24B_35.OKA","7/24/2024 10:32:48 PM","24-B","PM01","","NRRL 471","Aspergillus oryzae","",60.7500,"94.8889","278.6708","152.8737","143.2426","219.5695","151.9525","124.4648","132.3002","174.0802","182.0809","171.9788","161.6546","113.9141","148.4624","130.2795","133.0477","141.5513","137.6181","109.9157","275.5498","84.1450","78.0205","145.8840","146.2288","93.3772","113.9305","124.7921","264.0652","88.2444","201.7886","160.7386","74.2761","146.3399","137.1549","152.1112","103.3497","131.6685","69.6015","76.6201","75.4708","84.7757","92.2357","110.3083","85.5126","114.7553","103.9155","159.3972","102.1302","149.9429","127.4774","80.8143","144.0563","71.0405","41.9817","62.3323","134.8234","104.5096","154.4408","69.9173","117.2659","112.8557","129.8442","104.2175","82.3089","92.1218","93.6239","52.3529","102.5020","195.6967","135.1939","165.8965","127.1698","105.0989","63.2114","90.7784","102.8301","127.3488","117.3855","65.8336","74.2346","77.2657","150.7869","133.6508","138.9892","110.2800","121.0948","109.1639","181.0496","111.0656","281.4663","87.0523","109.5557","107.6832","113.3836","109.8912","157.0369"
"C:\Users\cfg364\Sommerlab Dropbox\Casper van der Luijt\Casper\Data\BioLog\OmniLog\CL2\DATA_2024\07\_NRRL 471_Aspergillus oryzae__1_30_CL2_769_7#24#2024_A_24B_35.OKA","7/24/2024 10:32:48 PM","24-B","PM01","","NRRL 471","Aspergillus oryzae","",61.0000,"93.9420","282.6007","152.6450","138.1022","218.9733","150.0915","129.3966","135.5770","174.6978","177.5971","174.2677","154.3647","114.3557","149.1505","131.2678","128.5797","139.7888","139.2947","104.0906","272.4587","82.4665","77.0777","143.8912","140.8703","94.8598","113.5896","126.4469","263.5703","87.6516","206.6613","161.1508","71.1334","147.3364","135.5106","149.4170","103.6046","133.1104","71.8544","76.2440","75.0275","85.5175","90.9499","109.8839","86.8962","111.9379","102.3460","155.1284","103.8879","144.7395","130.7724","78.4936","142.2500","69.3202","40.5030","57.4216","132.9872","109.2040","155.9827","71.5390","119.9484","110.0726","131.8006","107.5122","79.0175","86.7114","95.9748","52.5128","99.8079","197.1381","129.8489","168.7263","124.1970","106.8384","61.4351","87.8020","102.4475","128.0011","117.7734","63.5270","77.0874","70.9785","151.3109","128.2138","139.8609","106.4699","120.7695","112.4339","185.3946","112.2253","278.3309","85.1809","106.6496","111.2964","116.7766","109.6925","157.3930"
"C:\Users\cfg364\Sommerlab Dropbox\Casper van der Luijt\Casper\Data\BioLog\OmniLog\CL2\DATA_2024\07\_NRRL 471_Aspergillus oryzae__1_30_CL2_769_7#24#2024_A_24B_35.OKA","7/24/2024 10:32:48 PM","24-B","PM01","","NRRL 471","Aspergillus oryzae","",61.2500,"97.9452","280.1396","156.7913","146.2955","215.9967","155.7250","126.9808","138.9538","177.6050","178.0061","174.3925","157.9979","112.2824","151.0955","129.0841","133.3683","139.5488","139.7840","110.2515","273.9538","84.8581","75.2749","146.9419","145.4284","97.8692","116.9641","127.6753","264.4341","83.7750","204.2996","162.1488","73.5178","146.1779","142.6824","155.2113","103.4889","132.7554","70.8049","77.9920","77.5578","81.9333","90.9378","111.2656","87.0181","117.6689","102.7769","156.4687","103.5385","148.2741","127.7572","80.1624","142.1123","70.6190","41.9154","60.6387","135.0496","106.0540","155.1534","75.4510","120.3264","112.6164","130.8407","107.1413","82.5273","93.3911","92.4618","53.5855","101.8356","196.3828","130.0741","169.7657","127.4908","104.5372","66.0738","89.4089","102.5919","131.6897","114.4293","62.4551","74.9487","71.5273","153.7864","133.0073","141.2460","108.0734","124.6242","116.8234","187.5385","109.7144","278.9017","87.0004","107.6212","109.0868","117.3066","107.5329","157.4855"
"C:\Users\cfg364\Sommerlab Dropbox\Casper van der Luijt\Casper\Data\BioLog\OmniLog\CL2\DATA_2024\07\_NRRL 471_Aspergillus oryzae__1_30_CL2_769_7#24#2024_A_24B_35.OKA","7/24/2024 10:32:48 PM","24-B","PM01","","NRRL 471","Aspergillus oryzae","",61.5000,"97.5850","282.5873","156.9750","142.6746","222.5901","158.8205","128.4712","131.7132","177.4880","176.4141","174.8423","155.4386","115.2912","148.2293","132.1435","128.4266","142.8288","139.3831","111.2192","275.6819","86.6458","81.3207","145.3213","143.4316","96.2973","117.9900","127.2665","264.8074","84.7750","205.5634","158.3914","73.0538","145.2223","140.9947","150.8203","106.6523","134.7570","70.3213","75.6753","73.9427","80.8312","91.4453","108.9104","87.6819","117.6837","105.5094","156.8799","106.8111","148.9984","127.3882","78.4969","144.9421","74.7928","41.0502","59.9250","140.5205","108.7443","158.1079","74.4583","124.1647","109.2193","131.0975","109.8938","82.5288","91.4140","98.5102","57.7342","99.0010","199.1458","133.4549","167.9042","128.8482","103.5915","59.2183","87.4532","104.7373","128.0472","118.5462","64.4549","75.9989","70.8497","152.3155","132.6250","144.5884","108.0748","126.6222","113.6875","183.7703","115.0485","279.6612","86.8544","109.9501","110.7230","118.5235","105.3160","156.8849"
"C:\Users\cfg364\Sommerlab Dropbox\Casper van der Luijt\Casper\Data\BioLog\OmniLog\CL2\DATA_2024\07\_NRRL 471_Aspergillus oryzae__1_30_CL2_769_7#24#2024_A_24B_35.OKA","7/24/2024 10:32:48 PM","24-B","PM01","","NRRL 471","Aspergillus oryzae","",61.7500,"98.1604","283.7792","156.3444","139.7660","221.3889","156.5440","131.8148","135.6578","180.7281","181.3266","178.4809","160.6252","112.3365","148.8620","137.4911","133.9869","139.5624","141.6147","113.3178","272.8008","83.5179","77.2291","146.6285","142.2758","95.7266","114.5692","126.2852","262.4157","83.6854","206.7012","162.2935","72.5064","150.4131","144.3529","152.8823","103.8184","133.4361","71.3403","78.3827","79.5577","83.7712","92.3602","111.1437","83.6381","115.7528","101.4788","156.4352","106.6446","145.4473","126.1972","81.7083","144.6828","76.0672","43.2947","60.8228","138.3197","110.8838","161.0153","70.5423","123.2468","111.6272","134.0002","109.3275","86.3420","89.2161","98.7608","59.8354","100.8947","199.3205","134.5721","171.2443","128.9405","109.2710","64.1530","89.7152","103.8107","130.3662","115.4167","63.6172","73.8472","76.0523","156.1001","134.0920","142.1377","108.6576","124.8330","115.5338","188.1783","111.7074","280.9951","82.0929","108.4460","112.3432","118.6295","111.7716","160.6754"
"C:\Users\cfg364\Sommerlab Dropbox\Casper van der Luijt\Casper\Data\BioLog\OmniLog\CL2\DATA_2024\07\_NRRL 471_Aspergillus oryzae__1_30_CL2_769_7#24#2024_A_24B_35.OKA","7/24/2024 10:32:48 PM","24-B","PM01","","NRRL 471","Aspergillus oryzae","",62.0000,"94.0804","281.9108","155.3781","146.8912","219.8444","156.3192","127.4321","134.8590","182.6333","179.1000","174.7240","159.4720","113.7107","150.5390","131.5359","129.0769","144.4570","139.9305","112.5176","273.1889","85.3050","76.5513","149.5258","142.3413","97.6724","116.9316","130.0539","264.5314","88.6989","207.8278","165.0138","73.9796","151.8054","139.1973","151.4205","99.6428","138.6805","74.7255","76.5328","78.0362","81.4251","94.7543","109.7544","87.7459","117.9844","106.3729","162.8624","102.2708","150.1658","130.1893","80.8566","140.5229","72.0643","41.2066","60.5902","137.6748","108.7276","160.5868","77.7806","124.5915","111.8119","134.8555","108.8515","81.2911","93.0641","94.8690","57.1846","102.1278","197.0114","130.0422","172.5740","131.0033","108.3547","66.0280","88.5917","104.4127","133.2104","117.8282","63.3292","74.2401","71.4206","152.2941","132.4102","143.0845","107.9157","127.3171","114.5100","184.5295","108.5168","280.9242","82.9006","102.8574","111.5273","118.8980","112.6926","160.1830"
"C:\Users\cfg364\Sommerlab Dropbox\Casper van der Luijt\Casper\Data\BioLog\OmniLog\CL2\DATA_2024\07\_NRRL 471_Aspergillus oryzae__1_30_CL2_769_7#24#2024_A_24B_35.OKA","7/24/2024 10:32:48 PM","24-B","PM01","","NRRL 471","Aspergillus oryzae","",62.2500,"95.8203","283.0077","151.7004","144.9136","224.9612","159.8946","124.2631","132.0065","180.8270","178.7027","168.0952","159.1489","116.3408","148.8565","136.4926","134.4304","141.1858","138.5222","108.2515","272.5584","81.9531","79.6256","149.5499","141.9956","102.2271","119.3416","130.7673","264.8911","86.1480","207.3070","163.4096","75.0083","149.7055","141.6134","156.2255","105.2878","136.3007","74.0586","78.1186","72.7907","83.4316","92.5086","113.9995","87.8678","117.4424","102.9279","158.8204","108.7891","151.0328","128.5655","82.6789","142.1821","69.9675","46.5362","58.2505","138.2023","109.7512","157.5033","74.1744","120.8547","110.1574","131.2473","107.8888","85.7473","93.7648","96.0948","57.8215","100.9785","197.7611","134.8078","172.4136","129.7050","103.7428","61.4194","87.4521","105.2215","131.5956","113.8827","62.8671","73.4916","76.8145","146.7791","133.7955","144.7330","112.3922","122.8670","113.2448","186.3036","108.4829","279.4768","90.7385","108.4562","109.8537","116.2261","111.4436","159.6090"
"C:\Users\cfg364\Sommerlab Dropbox\Casper van der Luijt\Casper\Data\BioLog\OmniLog\CL2\DATA_2024\07\_NRRL 471_Aspergillus oryzae__1_30_CL2_769_7#24#2024_A_24B_35.OKA","7/24/2024 10:32:48 PM","24-B","PM01","","NRRL 471","Aspergillus oryzae","",62.5000,"92.8001","281.9229","153.5961","143.7392","221.9559","155.9048","129.5811","136.7112","180.1303","177.9619","175.8707","160.5571","116.5200","148.5439","132.2217","132.3377","141.8150","139.9415","111.1599","273.7741","84.4857","79.3874","149.5348","142.3043","93.7053","114.1291","126.7397","263.4932","87.6645","205.5081","165.0601","76.0791","146.5658","138.7560","154.1359","100.1731","133.2538","73.5805","78.1535","75.3580","78.0203","92.6186","111.1999","87.7392","119.4894","105.3690","160.5201","104.2360","147.0539","130.5684","79.8459","142.3568","68.0776","42.1112","60.2799","135.3026","107.9163","159.2148","69.3748","119.5234","112.1039","128.4431","110.0873","84.0965","90.4770","91.9176","56.4307","104.0378","201.2847","133.9544","170.9445","129.5744","104.2882","59.8023","91.0581","105.1147","130.9867","118.3610","62.3921","74.5228","74.2389","147.4205","132.1215","139.9065","108.4170","125.4512","116.8812","185.0934","112.3083","279.3684","87.3015","106.7911","111.9067","113.4876","110.7760","157.9976"
"C:\Users\cfg364\Sommerlab Dropbox\Casper van der Luijt\Casper\Data\BioLog\OmniLog\CL2\DATA_2024\07\_NRRL 471_Aspergillus oryzae__1_30_CL2_769_7#24#2024_A_24B_35.OKA","7/24/2024 10:32:48 PM","24-B","PM01","","NRRL 471","Aspergillus oryzae","",62.7500,"92.0755","279.3745","157.5988","139.0493","221.9056","158.5345","126.1500","139.1151","179.7842","177.5486","176.2981","158.0736","115.7603","150.6542","133.4098","134.9199","142.8310","136.9378","110.3730","273.2396","84.2568","78.1070","150.5449","145.3391","94.1797","118.7019","122.2559","264.0321","85.9687","209.2515","167.1653","74.7419","148.0978","139.2441","153.8982","101.5608","134.6104","73.4606","78.5879","74.1848","81.8174","92.2020","110.6009","88.9825","122.2490","108.7552","158.6116","104.5463","151.0901","126.8594","81.9372","145.9117","68.7707","43.3492","59.4784","136.5059","111.8123","154.5001","71.8541","122.1475","112.5127","132.5245","112.0526","83.9839","91.6211","93.2856","56.9707","97.9361","197.9759","132.0246","172.4974","131.0712","105.3017","65.1946","91.0397","104.6750","131.9357","120.1528","69.8813","75.4723","73.6182","152.9862","132.3371","138.8552","111.5770","125.7803","116.0011","187.1130","115.5823","280.2097","86.6369","109.2028","112.1905","117.1692","113.6750","161.4013"
"C:\Users\cfg364\Sommerlab Dropbox\Casper van der Luijt\Casper\Data\BioLog\OmniLog\CL2\DATA_2024\07\_NRRL 471_Aspergillus oryzae__1_30_CL2_769_7#24#2024_A_24B_35.OKA","7/24/2024 10:32:48 PM","24-B","PM01","","NRRL 471","Aspergillus oryzae","",63.0000,"93.4906","284.3229","156.2232","142.9942","219.5989","157.8041","131.0795","134.9169","179.9635","178.9570","172.0116","159.8749","114.6175","152.1850","135.8024","133.3285","146.3416","142.0594","109.5643","275.2322","85.1624","76.4456","147.0620","142.0083","96.8398","115.4661","128.8996","269.3201","85.9115","206.0851","166.0723","72.6324","151.4420","140.5999","155.8725","103.8679","134.0605","73.9411","75.4379","78.6421","81.6690","90.8420","112.2692","89.1374","121.2582","107.1712","161.5739","107.1060","153.0044","128.1982","82.3041","144.7556","72.0114","41.7089","59.9296","135.2019","109.2685","158.3672","73.9882","118.5064","113.7983","133.6233","109.7433","84.8793","94.2934","93.4868","51.8856","100.6586","197.9962","136.7954","173.1622","131.2096","104.3277","65.0497","93.1044","104.7367","131.7106","118.6220","65.9318","73.9758","77.0600","150.9838","133.4072","140.6431","112.5842","127.5430","118.5136","185.7577","112.0814","279.9202","85.1968","109.9167","113.8478","118.2421","117.2896","163.0710"
"C:\Users\cfg364\Sommerlab Dropbox\Casper van der Luijt\Casper\Data\BioLog\OmniLog\CL2\DATA_2024\07\_NRRL 471_Aspergillus oryzae__1_30_CL2_769_7#24#2024_A_24B_35.OKA","7/24/2024 10:32:48 PM","24-B","PM01","","NRRL 471","Aspergillus oryzae","",63.2500,"96.3342","283.8883","155.6279","143.3863","220.9172","154.3102","131.5741","135.1142","180.0617","179.5518","172.5546","158.6489","115.2964","157.3427","134.0111","127.4851","141.3881","139.2319","107.8321","273.0524","85.4920","78.6062","150.2571","143.6992","97.1589","118.1867","129.7242","268.4175","88.6098","207.3762","165.8916","75.0240","146.2434","144.1097","153.8669","103.1075","135.4866","77.9780","78.8339","75.3285","81.9283","93.9038","110.9551","92.3674","119.1485","102.3848","161.4937","107.1454","151.0687","127.2550","80.3909","142.6408","70.6968","39.7764","62.1884","139.0384","114.1033","160.2988","74.2242","124.9509","111.5914","130.1502","110.0437","86.4594","91.0302","94.6050","61.0795","99.9092","197.7863","133.3150","173.7646","130.4420","107.5798","66.6781","91.8725","108.0065","134.2446","121.9026","68.9545","73.1067","74.2530","152.3691","134.9411","141.8430","111.6587","128.0912","125.9517","187.7713","113.2386","280.7320","83.9862","108.5902","109.7413","119.9785","116.1259","161.7365"
"C:\Users\cfg364\Sommerlab Dropbox\Casper van der Luijt\Casper\Data\BioLog\OmniLog\CL2\DATA_2024\07\_NRRL 471_Aspergillus oryzae__1_30_CL2_769_7#24#2024_A_24B_35.OKA","7/24/2024 10:32:48 PM","24-B","PM01","","NRRL 471","Aspergillus oryzae","",63.5000,"94.0470","281.4103","156.8704","140.5651","219.6157","159.5644","132.8863","134.5245","183.4715","176.1425","175.6704","160.3846","114.3591","151.9722","132.6821","131.1045","139.4730","142.2313","113.2082","275.7653","87.9682","77.4237","150.9647","145.3322","92.9361","119.9870","128.9089","267.3882","85.4839","204.8858","166.5993","74.0069","150.6051","144.3201","156.4397","104.6904","138.2470","73.8905","79.3199","73.8794","82.2768","95.3471","111.4917","91.7047","120.7336","106.4811","162.4984","103.4496","152.0333","128.7486","78.2051","141.9434","73.3742","43.9186","58.7106","141.1330","111.2307","156.6955","73.4263","123.7047","107.8789","130.6225","111.4529","88.9634","91.6349","95.1143","58.0818","97.3584","194.9600","132.1225","176.9603","127.8365","103.5245","64.7174","90.1922","108.9315","133.9725","119.4388","65.3941","71.0516","71.7832","148.7217","134.2746","141.4486","109.3105","129.2065","117.6497","185.0863","109.7748","279.4840","84.6456","106.9534","111.9952","118.6426","116.9566","164.9365"
"C:\Users\cfg364\Sommerlab Dropbox\Casper van der Luijt\Casper\Data\BioLog\OmniLog\CL2\DATA_2024\07\_NRRL 471_Aspergillus oryzae__1_30_CL2_769_7#24#2024_A_24B_35.OKA","7/24/2024 10:32:48 PM","24-B","PM01","","NRRL 471","Aspergillus oryzae","",63.7500,"94.5361","286.1440","158.2421","147.5692","221.8728","160.5765","132.8678","137.3943","182.1510","183.6573","181.5286","156.3127","118.0815","155.6774","140.1925","136.3661","144.3032","142.2904","110.1376","276.4052","88.0250","82.2766","150.2423","143.7919","100.7514","119.8773","128.8249","268.0880","87.4530","212.1694","167.7231","77.3983","151.2263","146.9859","157.9488","104.4605","138.9345","72.3022","80.0287","75.1121","85.7419","94.2170","118.5957","95.3478","121.4871","106.8119","163.7527","110.1928","154.8184","132.6485","84.7372","140.2455","72.5840","41.9097","63.8799","145.0804","115.4386","162.1328","76.0388","125.5045","115.5945","134.4005","113.7697","88.9074","92.7775","101.2155","58.1377","106.1286","199.2907","136.6402","175.3419","133.9228","107.2596","66.4155","93.1810","112.6198","134.4933","122.4382","69.9460","76.4816","80.9001","150.9186","137.9993","143.6590","110.7563","132.3203","119.2972","189.7925","115.7226","278.2594","88.9556","107.1291","110.1281","121.8107","117.4641","167.1960"
"C:\Users\cfg364\Sommerlab Dropbox\Casper van der Luijt\Casper\Data\BioLog\OmniLog\CL2\DATA_2024\07\_NRRL 471_Aspergillus oryzae__1_30_CL2_769_7#24#2024_A_24B_35.OKA","7/24/2024 10:32:48 PM","24-B","PM01","","NRRL 471","Aspergillus oryzae","",64.0000,"96.9701","281.5251","156.1956","141.9362","220.7312","161.6622","132.2425","133.5492","181.1261","179.9626","175.3129","161.0310","115.1942","157.2879","134.4776","129.3984","141.2657","141.6986","113.1632","276.7263","86.8442","77.6067","148.0298","140.4269","96.3424","120.0688","133.4788","265.0848","86.3846","208.8021","168.8107","73.8431","151.5232","144.8870","156.3854","101.9840","139.1064","75.1442","72.4919","75.0845","81.7592","93.1872","114.1313","93.7106","121.5607","103.6975","159.8946","107.8019","151.4242","131.9490","77.9790","143.7558","74.6751","40.9641","62.1697","143.4523","114.8294","158.9329","69.8836","124.6753","110.9096","132.6382","109.5772","86.4850","94.1084","98.4712","51.5595","100.2839","200.1110","133.9650","174.7184","126.5334","106.3056","62.8433","88.5110","107.8162","131.9996","119.9482","65.3135","73.6722","73.4303","151.2736","134.3313","140.5573","111.6335","128.9180","119.8665","187.0154","111.8113","279.7272","89.5323","106.9217","111.1268","117.6465","117.4646","166.5598"
"C:\Users\cfg364\Sommerlab Dropbox\Casper van der Luijt\Casper\Data\BioLog\OmniLog\CL2\DATA_2024\07\_NRRL 471_Aspergillus oryzae__1_30_CL2_769_7#24#2024_A_24B_35.OKA","7/24/2024 10:32:48 PM","24-B","PM01","","NRRL 471","Aspergillus oryzae","",64.2500,"96.5970","281.7513","157.3322","145.9956","219.7503","161.3084","134.6843","139.6470","182.1220","181.8701","177.0464","162.1851","120.3649","161.3751","135.2833","126.6344","143.4268","147.2407","118.3982","277.1154","91.2273","82.9352","149.0846","143.6989","98.6566","124.1422","131.9459","266.5671","84.8206","211.9766","170.4029","73.7469","152.7094","144.7910","160.3836","101.9509","136.8955","74.2972","76.7327","77.7734","84.9365","92.6221","115.2423","88.6409","120.9795","102.5838","163.1471","108.2269","151.5158","134.5067","81.8126","144.7251","77.0984","40.1781","62.6764","141.5525","116.0397","162.6009","76.8263","126.9235","113.5226","132.6382","112.9529","86.8273","99.5084","99.7352","57.8263","102.4353","200.4919","135.1458","178.2831","128.3317","106.2444","65.8048","88.9791","108.1260","138.2285","119.2160","66.2039","75.8246","73.2381","153.8258","134.9397","141.8625","111.6953","129.4577","122.3585","188.2596","115.3150","282.2154","88.8080","107.8736","111.7705","118.2938","119.7535","166.7152"
"C:\Users\cfg364\Sommerlab Dropbox\Casper van der Luijt\Casper\Data\BioLog\OmniLog\CL2\DATA_2024\07\_NRRL 471_Aspergillus oryzae__1_30_CL2_769_7#24#2024_A_24B_35.OKA","7/24/2024 10:32:48 PM","24-B","PM01","","NRRL 471","Aspergillus oryzae","",64.5000,"94.8072","285.1998","156.5457","142.0535","221.5461","162.6225","132.0499","138.4735","182.9986","182.5141","176.6245","163.1997","117.0395","158.4316","140.0736","135.2283","144.2972","147.2135","113.0026","276.8361","90.1352","83.0083","150.1244","145.8939","101.3489","125.5332","132.7257","269.4338","88.9751","213.3419","168.0068","78.6340","151.3755","142.6951","161.6467","104.1746","136.3091","76.3620","83.5831","79.9734","83.0587","96.9339","115.0479","92.9615","121.9451","107.7722","161.3584","110.8770","152.0957","130.7911","81.6673","146.2144","74.0695","42.3306","64.4023","142.2636","115.7387","163.2276","70.8418","125.3119","112.7458","136.4807","118.2792","90.5638","93.8894","101.6798","60.8391","102.3690","201.2045","138.2786","179.4786","134.9310","111.6363","64.0088","97.2001","108.1872","137.1321","124.9888","70.7968","78.0704","79.7065","156.1647","138.5863","140.0942","116.6810","131.1039","118.0020","188.5281","113.3272","283.6354","90.2133","111.0877","115.1539","121.4634","124.2598","169.1000"
"C:\Users\cfg364\Sommerlab Dropbox\Casper van der Luijt\Casper\Data\BioLog\OmniLog\CL2\DATA_2024\07\_NRRL 471_Aspergillus oryzae__1_30_CL2_769_7#24#2024_A_24B_35.OKA","7/24/2024 10:32:48 PM","24-B","PM01","","NRRL 471","Aspergillus oryzae","",64.7500,"97.0082","284.5666","155.8626","144.1982","219.1929","161.7876","130.6816","139.2937","185.2234","182.9109","177.0182","161.8765","114.7715","159.8715","139.6387","132.9401","153.4635","147.5346","112.9430","274.6451","89.0759","82.6793","156.1900","147.8795","97.6396","123.9652","130.0898","268.9277","88.3327","211.1851","169.9408","77.9907","155.6632","144.6738","161.7286","106.9390","138.2661","74.4930","81.4138","78.4156","84.8812","95.3304","122.4697","91.8597","122.1206","106.7631","166.3993","109.0317","150.4435","133.2312","84.7849","145.3068","77.0609","45.1936","63.1169","146.9747","112.8677","165.7890","80.0063","127.1369","113.1706","139.5800","115.4996","87.5137","98.7050","102.0804","56.8259","107.0135","203.2483","136.4661","179.4751","133.1789","107.5507","61.8298","93.3641","108.8261","136.4445","122.5756","70.8011","77.8110","75.2927","152.5493","137.2969","139.7454","114.8526","132.8913","125.3527","189.8170","112.5035","281.3116","85.2500","107.6859","113.3368","119.1288","118.9730","170.4757"
"C:\Users\cfg364\Sommerlab Dropbox\Casper van der Luijt\Casper\Data\BioLog\OmniLog\CL2\DATA_2024\07\_NRRL 471_Aspergillus oryzae__1_30_CL2_769_7#24#2024_A_24B_35.OKA","7/24/2024 10:32:48 PM","24-B","PM01","","NRRL 471","Aspergillus oryzae","",65.0000,"96.4515","283.3417","156.1888","141.6167","223.3896","160.8452","133.8129","138.5234","183.0285","182.7438","175.5226","161.8436","116.8537","157.5393","138.9310","132.9082","151.1041","149.5345","109.7694","276.6616","90.6466","86.5187","152.3822","146.2618","97.4801","126.5636","130.7535","268.4773","87.3907","211.0262","169.9726","79.1755","152.6667","146.9974","159.9913","103.1476","141.4897","76.6869","80.5958","80.0497","83.7024","94.6987","118.5351","95.9426","124.7333","111.8308","166.8852","108.7053","152.4105","132.6533","83.4823","142.4995","74.0668","44.9438","63.9776","150.3204","116.0782","162.8161","77.6457","126.4391","113.5105","138.1188","114.2658","89.9749","96.0192","101.4222","54.7313","104.3027","201.2771","136.0491","177.7701","134.4607","110.6898","63.1094","94.9766","112.0870","137.1489","123.1806","71.2419","77.2740","79.3712","154.4059","139.4727","140.8663","116.3943","134.4158","125.5698","191.9841","112.6311","283.4943","87.3380","111.5496","112.5976","119.0316","119.8345","173.1083"
"C:\Users\cfg364\Sommerlab Dropbox\Casper van der Luijt\Casper\Data\BioLog\OmniLog\CL2\DATA_2024\07\_NRRL 471_Aspergillus oryzae__1_30_CL2_769_7#24#2024_A_24B_35.OKA","7/24/2024 10:32:48 PM","24-B","PM01","","NRRL 471","Aspergillus oryzae","",65.2500,"97.2314","284.0964","153.6809","141.1349","221.5467","163.6477","127.5561","140.4656","186.9077","181.8238","172.2498","168.9876","115.5266","156.9377","137.8618","136.5769","144.1967","145.5223","114.3679","278.1112","89.8910","84.3957","152.7538","150.0849","95.5526","124.8625","132.1942","267.2876","87.8780","214.3298","168.2171","80.9925","152.4730","146.2755","162.6361","104.4262","139.2460","73.5164","80.4045","77.7723","85.4747","95.5982","120.0742","92.0694","124.4778","106.9877","164.3069","109.3720","152.8093","134.0983","80.7356","147.7370","74.5017","43.0109","64.6346","145.0534","117.3062","167.5411","75.7610","125.1201","112.1186","135.9471","114.5924","92.5149","99.2921","100.8238","61.1767","102.8867","203.1590","137.0919","178.3753","135.0958","109.2705","62.2500","91.4981","107.7689","136.8562","121.9209","71.3886","76.8669","80.6080","153.6361","135.4703","143.6417","115.9174","131.2812","122.5317","193.1561","110.2530","282.6839","88.5718","109.0549","113.1728","121.5992","126.2986","166.3620"
"C:\Users\cfg364\Sommerlab Dropbox\Casper van der Luijt\Casper\Data\BioLog\OmniLog\CL2\DATA_2024\07\_NRRL 471_Aspergillus oryzae__1_30_CL2_769_7#24#2024_A_24B_35.OKA","7/24/2024 10:32:48 PM","24-B","PM01","","NRRL 471","Aspergillus oryzae","",65.5000,"97.2003","281.8958","155.8730","142.2407","224.7917","164.0994","135.1319","140.5647","186.0468","180.7522","174.0321","165.7693","116.1193","157.0034","140.8593","137.0545","146.6557","145.8089","115.8251","275.5052","92.5514","85.7397","156.9365","145.8333","99.5470","126.9771","130.1123","271.3639","86.6284","215.8847","172.9716","78.1506","152.2471","145.2798","161.4436","105.1514","139.5329","74.8598","80.6251","75.6423","84.6515","98.7687","118.7768","92.7713","124.2191","108.1289","165.0548","109.7327","155.4688","133.0036","85.4179","147.9563","74.7564","42.4768","61.4178","143.0521","117.0172","165.0584","78.0727","124.0994","114.2143","132.1900","118.3207","93.5691","97.4347","99.4681","55.2010","107.2623","203.4768","140.1322","178.4399","135.4692","108.8102","65.1987","93.4310","110.6599","137.2073","124.8222","69.1402","74.8402","82.4540","153.7959","137.2070","141.4993","115.3319","133.8108","121.1274","193.1871","115.8506","280.2106","86.2940","108.6102","113.7851","122.5657","129.6721","172.9506"
"C:\Users\cfg364\Sommerlab Dropbox\Casper van der Luijt\Casper\Data\BioLog\OmniLog\CL2\DATA_2024\07\_NRRL 471_Aspergillus oryzae__1_30_CL2_769_7#24#2024_A_24B_35.OKA","7/24/2024 10:32:48 PM","24-B","PM01","","NRRL 471","Aspergillus oryzae","",65.7500,"96.0809","281.4104","157.7706","143.0305","221.6097","163.3250","130.5077","140.8951","189.6563","183.2638","175.6463","162.9781","117.9596","158.2847","140.1502","134.8257","148.1375","145.5860","114.0440","278.5021","88.0518","82.8222","157.9495","149.1291","96.0639","128.3760","133.7084","268.1934","88.8464","213.9808","170.3870","78.1187","152.6667","148.2025","166.8258","106.0085","141.3499","75.9410","82.9260","77.1914","87.9129","96.8224","122.6056","92.3246","124.0574","112.0088","167.6885","108.9786","153.7264","132.8748","82.4212","148.8649","76.3161","42.2255","62.2140","144.4816","116.6318","161.7264","77.9425","123.7805","113.6287","135.6260","120.2928","92.1428","103.7436","101.2337","60.9237","103.2672","207.3543","137.2199","178.9571","135.6870","111.7871","62.5385","94.0546","109.6030","137.7499","123.5469","69.4569","73.2569","82.0402","152.9010","137.0462","142.9897","116.2563","134.8543","125.7459","193.1561","113.2917","280.8209","86.2940","111.9454","113.9463","123.1456","125.3212","172.2048"
"C:\Users\cfg364\Sommerlab Dropbox\Casper van der Luijt\Casper\Data\BioLog\OmniLog\CL2\DATA_2024\07\_NRRL 471_Aspergillus oryzae__1_30_CL2_769_7#24#2024_A_24B_35.OKA","7/24/2024 10:32:48 PM","24-B","PM01","","NRRL 471","Aspergillus oryzae","",66.0000,"98.4273","284.6510","158.6805","144.6863","223.7058","166.6397","135.3886","139.0037","185.0270","183.3997","177.0474","166.9103","117.7728","163.0325","140.5070","133.1035","152.7809","145.8208","116.7265","277.8243","92.7358","84.4169","153.1196","146.3413","99.6590","126.3131","133.8036","268.6080","92.4979","214.9028","170.7660","75.6069","154.7345","145.3035","164.3399","107.1212","139.0304","77.2465","80.2862","77.3239","88.1542","96.8364","119.0218","92.0134","122.2855","108.7937","165.2958","112.0294","156.7186","135.5053","80.5421","146.9209","75.7446","41.2334","68.1835","148.1663","119.8861","166.1990","80.3712","127.4418","112.3110","135.4472","121.5456","90.4329","99.7678","99.6623","56.8974","106.6116","206.5915","137.9942","181.1930","133.3060","112.2660","64.3050","95.3526","115.1751","137.6026","123.9366","71.7188","75.3421","81.7962","151.3018","142.4868","140.1950","120.9286","130.2556","127.3319","194.2938","116.4192","284.7234","84.5747","113.3750","113.9262","120.0914","123.1012","171.1530"
"C:\Users\cfg364\Sommerlab Dropbox\Casper van der Luijt\Casper\Data\BioLog\OmniLog\CL2\DATA_2024\07\_NRRL 471_Aspergillus oryzae__1_30_CL2_769_7#24#2024_A_24B_35.OKA","7/24/2024 10:32:48 PM","24-B","PM01","","NRRL 471","Aspergillus oryzae","",66.2500,"98.5983","281.3014","157.6424","143.7279","225.3657","165.9962","133.1961","139.8961","189.7840","182.4684","175.6862","165.7716","112.9887","159.9880","142.3980","133.3499","151.2816","146.4827","114.9504","277.0895","96.3500","81.1786","156.4990","148.5502","97.5159","129.8617","132.3565","271.0732","91.2181","215.2146","170.3590","80.5280","154.8974","147.1145","166.6582","106.6012","138.7854","74.2337","78.7883","80.3570","86.5900","100.6659","121.7207","91.9843","129.1787","112.9181","166.1370","109.9385","155.1626","133.4994","82.6194","147.8927","74.6145","43.5674","67.4833","144.9801","121.9499","168.4810","78.1121","130.0304","116.9965","134.7415","121.0162","94.0799","98.7849","98.8346","56.1918","108.1779","205.5925","138.3820","183.0261","137.1292","112.0918","66.2242","96.0249","114.0584","136.2020","124.1174","70.7369","77.3677","81.4663","153.3772","137.4755","143.2955","114.7654","137.6166","128.8477","192.4322","115.2519","282.2239","85.6981","112.6778","112.5709","123.0974","123.5364","173.4487"
"C:\Users\cfg364\Sommerlab Dropbox\Casper van der Luijt\Casper\Data\BioLog\OmniLog\CL2\DATA_2024\07\_NRRL 471_Aspergillus oryzae__1_30_CL2_769_7#24#2024_A_24B_35.OKA","7/24/2024 10:32:48 PM","24-B","PM01","","NRRL 471","Aspergillus oryzae","",66.5000,"97.5151","283.2712","158.3567","138.7517","220.4946","165.6248","133.2035","137.8691","186.7775","183.2730","174.4359","163.2821","118.3478","164.1881","141.9700","136.3427","150.8528","147.2363","115.0375","279.1494","92.5992","79.5114","159.3444","146.6918","100.6203","126.8557","134.0833","270.3927","91.3034","216.7567","172.5435","80.0464","156.9554","148.2711","166.3915","100.7068","140.4823","77.4964","79.1009","80.5443","84.2321","97.2633","120.8200","94.4708","129.3279","112.1286","164.0575","110.6797","153.8808","137.6702","82.5134","147.3631","72.6216","42.7309","65.9690","149.1432","119.3340","169.6078","75.7135","128.0455","116.2936","139.3218","118.6803","94.5271","97.5342","99.4091","61.1041","110.4253","202.0843","138.5159","181.4236","135.1962","111.5275","64.5289","94.3400","113.9116","137.5289","126.7901","67.3562","77.7113","81.2891","154.1488","133.8543","144.7068","115.6448","136.3890","130.3282","196.4747","117.0428","282.5224","82.7063","112.6774","115.3618","125.1528","128.3538","172.2542"
"C:\Users\cfg364\Sommerlab Dropbox\Casper van der Luijt\Casper\Data\BioLog\OmniLog\CL2\DATA_2024\07\_NRRL 471_Aspergillus oryzae__1_30_CL2_769_7#24#2024_A_24B_35.OKA","7/24/2024 10:32:48 PM","24-B","PM01","","NRRL 471","Aspergillus oryzae","",66.7500,"97.7290","284.6014","158.5505","140.7840","223.1537","166.5507","131.7933","139.2523","187.0695","187.3177","176.1206","166.2399","118.6887","166.1104","138.5322","133.1110","153.9014","145.5191","115.4875","278.7439","94.4286","82.8892","151.1154","146.3979","101.9449","127.9847","135.2065","272.8366","91.7268","218.0763","173.5610","79.3041","155.6870","148.2299","163.6815","105.6456","140.0382","79.9093","81.3383","76.8555","87.4427","97.5717","121.6138","94.0276","126.1665","108.3210","163.7211","108.3123","154.6809","131.0806","84.9484","148.8948","71.7739","36.6962","64.4595","147.7663","120.5940","163.5288","80.0609","127.8387","115.0760","137.8551","119.6716","91.9568","104.1227","98.6159","62.6119","106.5170","203.3179","140.8487","182.2759","135.3339","113.3740","70.4222","91.5148","118.4765","139.8119","130.4478","67.8958","78.8051","79.7580","151.3784","136.2312","138.8144","118.8050","139.3247","125.8945","193.4292","118.0881","280.7506","87.0580","110.1319","113.9884","122.7558","123.8777","171.8611"
"C:\Users\cfg364\Sommerlab Dropbox\Casper van der Luijt\Casper\Data\BioLog\OmniLog\CL2\DATA_2024\07\_NRRL 471_Aspergillus oryzae__1_30_CL2_769_7#24#2024_A_24B_35.OKA","7/24/2024 10:32:48 PM","24-B","PM01","","NRRL 471","Aspergillus oryzae","",67.0000,"98.5656","285.6015","156.3725","140.3423","220.2254","164.1328","133.6572","140.7169","192.3920","183.6563","177.6184","169.8791","118.6575","162.3161","138.5645","130.9951","151.8470","146.9847","118.4627","277.4474","96.8085","86.5001","155.8690","145.6734","102.4825","129.9025","133.8198","271.9076","88.8717","220.1200","168.5208","87.1610","153.7659","147.1985","167.5824","108.2463","141.6524","79.1938","80.7379","79.5474","86.9019","98.2948","122.6948","92.9069","129.5112","114.6546","164.6377","112.5490","156.0237","132.8579","81.3168","149.6491","70.8108","40.9367","63.9179","148.1481","120.8175","165.2352","78.0831","131.9101","112.2597","138.0155","121.7011","93.7012","97.1512","100.0341","59.8306","105.3498","205.2567","140.5941","181.8248","136.0826","110.6936","71.0231","94.2869","114.3063","138.7001","130.1616","65.8274","79.7167","79.4713","154.0614","140.4173","142.3008","119.7904","136.2360","123.7941","191.6404","119.7011","282.5574","88.1662","115.1564","116.7841","123.8811","125.9121","175.0895"
"C:\Users\cfg364\Sommerlab Dropbox\Casper van der Luijt\Casper\Data\BioLog\OmniLog\CL2\DATA_2024\07\_NRRL 471_Aspergillus oryzae__1_30_CL2_769_7#24#2024_A_24B_35.OKA","7/24/2024 10:32:48 PM","24-B","PM01","","NRRL 471","Aspergillus oryzae","",67.2500,"91.6772","283.1859","152.9607","141.4814","220.5057","164.4668","135.5926","141.3197","189.5485","181.3557","176.7978","164.7332","117.4751","159.7632","142.5001","132.2686","151.6750","146.5656","118.5239","275.6753","96.6402","83.5650","154.8320","142.3456","100.0139","125.1010","134.4471","267.8880","86.4337","216.7023","174.5702","76.0793","155.9266","148.5266","164.4695","103.9318","140.0771","75.1234","80.7822","78.9551","86.8974","96.8149","124.5298","94.5830","128.5333","113.3057","163.5338","109.2862","154.6104","135.8108","84.2084","144.5471","75.9430","39.6230","66.3034","150.0143","119.1435","166.2285","78.5614","128.4267","116.0457","134.6416","120.4660","92.7784","98.3446","98.7104","56.6091","103.5316","203.7503","140.4564","179.8197","134.6751","111.1626","66.3767","95.9130","115.0156","139.5671","126.2216","65.4815","76.4552","83.1170","149.9744","138.6190","137.1900","117.3192","135.4885","123.8263","192.2066","117.4174","280.4995","89.4853","109.6522","115.0192","123.5588","124.5479","174.7740"
"C:\Users\cfg364\Sommerlab Dropbox\Casper van der Luijt\Casper\Data\BioLog\OmniLog\CL2\DATA_2024\07\_NRRL 471_Aspergillus oryzae__1_30_CL2_769_7#24#2024_A_24B_35.OKA","7/24/2024 10:32:48 PM","24-B","PM01","","NRRL 471","Aspergillus oryzae","",67.5000,"96.1800","284.7348","161.1587","142.7171","222.5204","168.7914","134.0842","137.7426","188.1861","186.0643","181.7658","163.2724","118.3619","162.3240","143.2287","132.6339","157.3624","146.8251","118.2084","280.4630","98.4828","88.2668","155.7118","147.3838","101.8047","130.3809","135.7076","267.9813","90.6249","217.0022","172.6879","79.2435","156.9603","147.6761","167.2736","108.7792","141.9597","77.2448","79.9344","77.5091","85.3806","98.8243","126.1760","96.0321","128.5148","113.4950","164.6928","111.0920","155.1233","136.8915","81.7710","150.3246","73.6135","44.6044","67.6540","148.4027","123.4934","164.6416","80.2034","128.2315","116.2778","135.8776","121.9847","93.8342","100.8546","103.3612","56.6316","108.1927","205.7917","141.8548","184.2950","136.3775","110.7333","70.1531","95.8628","107.7454","139.4177","129.4651","73.3055","72.3115","80.9024","153.0517","139.5345","138.4781","120.3745","138.1515","127.9722","194.5678","113.9131","282.7589","89.5783","113.0636","116.7372","125.5434","125.9783","178.3814"
"C:\Users\cfg364\Sommerlab Dropbox\Casper van der Luijt\Casper\Data\BioLog\OmniLog\CL2\DATA_2024\07\_NRRL 471_Aspergillus oryzae__1_30_CL2_769_7#24#2024_A_24B_35.OKA","7/24/2024 10:32:48 PM","24-B","PM01","","NRRL 471","Aspergillus oryzae","",67.7500,"98.2072","281.6516","157.1343","141.6436","223.1692","170.2825","136.6945","139.6311","189.0791","184.5286","178.6939","167.2956","117.1018","165.1676","142.6644","135.5442","154.0521","149.6725","113.3028","277.3868","95.4194","86.9221","157.3933","149.4310","103.5789","131.1540","134.6621","270.1763","90.3053","219.6398","172.6422","81.0462","159.3018","148.3305","171.7240","102.6835","141.5970","79.0338","80.1121","81.8813","85.7382","99.3975","125.5068","97.5504","129.7410","114.5856","165.3223","108.5249","154.7013","135.8290","80.9257","142.7155","76.1033","41.0407","67.5143","153.4957","121.8210","165.8219","79.0403","126.1967","117.4649","135.7648","122.8824","94.8406","100.1124","100.9914","57.7506","108.2850","206.2238","142.9911","182.3788","135.3627","111.6419","67.2275","92.8676","118.5112","139.5205","132.3786","72.1206","77.1789","81.0728","151.3943","140.7321","136.6036","118.6523","136.1693","128.6462","192.7519","113.3489","279.9236","85.9741","112.3272","115.7963","121.1577","126.9553","177.0649"
"C:\Users\cfg364\Sommerlab Dropbox\Casper van der Luijt\Casper\Data\BioLog\OmniLog\CL2\DATA_2024\07\_NRRL 471_Aspergillus oryzae__1_30_CL2_769_7#24#2024_A_24B_35.OKA","7/24/2024 10:32:48 PM","24-B","PM01","","NRRL 471","Aspergillus oryzae","",68.0000,"98.6812","283.9698","157.6211","142.1977","220.8519","170.0806","136.5164","141.8502","190.7720","183.6211","177.1054","169.5258","117.2733","165.4977","145.8635","136.0112","155.1391","148.4525","110.9256","280.6705","91.4802","80.4140","158.4591","147.9364","103.7772","134.1181","137.2442","267.1671","89.0893","217.9353","176.8931","78.7644","159.8056","143.7118","168.3919","104.1732","140.8003","77.1242","79.2957","79.9520","85.1852","100.8936","122.1298","102.7107","127.7996","112.2044","166.9891","111.9115","157.9851","134.8129","82.9250","148.7388","74.0067","43.8438","64.9678","149.8316","123.7389","168.7316","81.3249","126.9840","116.9880","134.3519","122.3176","96.5972","104.9161","100.3739","58.4714","107.8831","201.5659","139.3073","181.0645","134.9439","113.9627","70.1362","100.2712","114.4753","138.0915","128.0983","67.5475","79.0416","79.4594","153.2736","140.7996","140.4345","120.0187","140.6696","130.8934","193.4883","115.1682","280.7649","91.4877","111.7410","116.9771","122.4584","129.8931","176.3383"
"C:\Users\cfg364\Sommerlab Dropbox\Casper van der Luijt\Casper\Data\BioLog\OmniLog\CL2\DATA_2024\07\_NRRL 471_Aspergillus oryzae__1_30_CL2_769_7#24#2024_A_24B_35.OKA","7/24/2024 10:32:48 PM","24-B","PM01","","NRRL 471","Aspergillus oryzae","",68.2500,"94.5015","281.8067","157.7509","138.3269","222.5644","172.9524","133.7850","143.1666","190.1426","185.3420","177.4060","170.2150","119.6949","166.6810","144.9957","136.1380","151.4928","152.0330","116.4392","277.8605","95.0051","84.3419","158.7558","149.9448","103.3982","130.9253","134.6633","270.6034","89.2458","218.8839","173.6876","76.6719","156.9458","149.7676","171.0253","105.7184","140.6734","74.8927","82.9763","79.7268","86.0748","102.0200","122.8304","100.3389","129.8754","113.6717","168.4594","113.5065","155.2700","135.9981","85.6697","144.3792","77.5797","43.5313","68.5128","150.8434","123.9618","170.5540","80.8706","128.4108","114.7690","134.1917","121.9177","94.4199","105.8735","97.0872","61.4087","102.6573","201.6620","140.1723","185.3854","136.4846","111.2105","65.4701","99.7481","112.9604","137.5489","130.0766","67.0050","75.1688","76.8930","155.7971","139.8695","141.2444","120.8207","136.6036","128.3391","195.1935","113.4773","280.9263","92.6487","111.5516","114.7619","118.8943","132.3422","176.1516"
"C:\Users\cfg364\Sommerlab Dropbox\Casper van der Luijt\Casper\Data\BioLog\OmniLog\CL2\DATA_2024\07\_NRRL 471_Aspergillus oryzae__1_30_CL2_769_7#24#2024_A_24B_35.OKA","7/24/2024 10:32:48 PM","24-B","PM01","","NRRL 471","Aspergillus oryzae","",68.5000,"95.9442","282.0009","158.6357","140.9247","222.9957","169.1667","133.2643","140.3723","191.1808","184.8393","178.0949","170.1457","116.8828","165.2529","145.7733","135.1037","150.0773","150.0426","118.7183","277.1895","98.6550","80.6061","157.8941","145.2035","98.3784","131.2971","132.5953","269.1260","90.1003","219.2096","172.6057","80.5785","157.7967","146.2596","170.5277","105.0438","143.3609","73.9046","75.8074","80.3158","86.3265","103.8150","121.3261","98.4559","134.3370","111.7308","167.1749","107.5310","155.3049","132.8387","83.3551","144.4581","75.4907","42.0578","67.1177","148.5009","122.2245","166.0073","79.0246","131.8600","112.2169","133.6804","122.9524","96.8605","100.5124","100.3324","58.7741","105.5924","201.9323","141.8013","179.3877","133.7653","112.9951","65.4749","94.5547","116.0026","136.0095","130.6793","72.9607","74.4423","80.7648","151.5597","142.7906","139.3913","123.4919","136.4390","126.2107","196.3815","112.7853","278.7041","85.6036","106.0699","112.7768","117.8579","124.6461","180.2055"
"C:\Users\cfg364\Sommerlab Dropbox\Casper van der Luijt\Casper\Data\BioLog\OmniLog\CL2\DATA_2024\07\_NRRL 471_Aspergillus oryzae__1_30_CL2_769_7#24#2024_A_24B_35.OKA","7/24/2024 10:32:48 PM","24-B","PM01","","NRRL 471","Aspergillus oryzae","",68.7500,"97.1202","284.9753","162.7098","137.2041","221.3957","171.9536","132.0003","140.1051","193.0720","183.4414","177.6333","170.6798","115.2400","168.7438","144.9698","136.4716","152.1360","151.7238","117.9288","278.4983","102.6667","87.5013","159.0111","147.2689","102.8490","128.8121","132.2480","271.2548","90.8618","218.6314","175.9055","79.0346","156.0211","148.1030","169.4554","105.3455","139.5398","82.9587","82.6981","75.0309","89.5818","100.3793","123.7324","98.3829","131.8609","114.4896","168.5248","109.1546","155.7526","137.7381","82.8284","147.6442","74.7244","43.1684","65.5746","148.9841","127.7905","167.5704","78.6166","129.9771","116.7027","137.9028","125.6349","99.4097","102.6553","99.3088","58.2081","108.7219","202.6685","140.1403","184.3265","136.3410","113.2595","67.4663","98.9599","115.3543","139.8440","129.3961","71.3740","75.8843","87.0580","153.3866","139.2989","141.4731","119.8937","139.0622","132.0059","195.5950","117.6001","279.4074","87.9982","111.7260","115.6869","123.6184","129.3817","175.7883"
"C:\Users\cfg364\Sommerlab Dropbox\Casper van der Luijt\Casper\Data\BioLog\OmniLog\CL2\DATA_2024\07\_NRRL 471_Aspergillus oryzae__1_30_CL2_769_7#24#2024_A_24B_35.OKA","7/24/2024 10:32:48 PM","24-B","PM01","","NRRL 471","Aspergillus oryzae","",69.0000,"97.5855","281.0494","159.5205","137.2408","219.4990","173.1872","131.9823","141.1324","186.6080","183.0691","176.2907","167.6849","114.4484","165.7637","147.3480","134.8889","156.2192","146.5805","115.8861","276.5762","102.1801","80.0885","161.1962","144.5771","97.9550","135.4321","136.7176","272.8853","90.2927","216.5070","176.9345","80.5501","158.2542","151.4983","171.0075","106.5454","141.6691","76.3922","80.0550","81.8601","84.9627","103.5652","123.2250","96.7590","134.6311","115.1788","163.4285","110.6970","154.2356","135.5166","84.4066","147.3505","73.2995","43.1508","66.4223","150.9056","123.4239","167.6221","78.3033","127.0535","115.9942","135.7955","122.1870","99.5287","102.9936","96.9918","62.8916","104.7789","205.7057","139.5339","185.0390","134.5461","114.0220","68.7837","97.0311","118.3139","140.5040","132.2419","75.4530","77.2800","78.3005","151.7555","136.6536","142.7752","121.7083","143.6326","130.0748","192.1150","112.1222","280.5970","90.8195","109.6652","114.2740","121.7808","132.1115","181.4664"
"C:\Users\cfg364\Sommerlab Dropbox\Casper van der Luijt\Casper\Data\BioLog\OmniLog\CL2\DATA_2024\07\_NRRL 471_Aspergillus oryzae__1_30_CL2_769_7#24#2024_A_24B_35.OKA","7/24/2024 10:32:48 PM","24-B","PM01","","NRRL 471","Aspergillus oryzae","",69.2500,"95.2474","282.8655","162.3743","140.6113","223.5625","170.5855","137.7904","139.9008","195.1423","185.1727","175.9796","167.6638","117.9681","167.1325","143.7097","133.0316","154.1444","144.4895","113.1955","277.9888","101.1762","86.5038","160.8957","142.6967","104.4076","131.2159","140.7686","268.6500","92.3171","221.1801","174.6535","79.7350","160.1739","146.8654","170.7361","103.7958","142.8845","75.2404","80.5952","80.2002","83.6393","103.7284","129.3789","99.0977","135.5855","111.6871","168.7484","113.3402","160.0518","133.1996","82.2725","148.0419","74.6266","42.5698","69.0163","149.7140","128.3260","168.0921","82.2773","128.8614","116.0999","134.6416","125.5551","98.1532","99.9460","96.7595","62.1331","108.9069","205.3646","141.2805","182.7742","138.7202","107.3415","67.2448","99.2510","112.7139","136.3082","132.0417","73.5028","75.3065","83.5017","152.3685","137.5365","139.9011","121.6687","145.5600","135.5009","191.7729","118.5973","280.7487","87.9765","112.6675","115.0169","124.7175","131.8011","177.5305"
"C:\Users\cfg364\Sommerlab Dropbox\Casper van der Luijt\Casper\Data\BioLog\OmniLog\CL2\DATA_2024\07\_NRRL 471_Aspergillus oryzae__1_30_CL2_769_7#24#2024_A_24B_35.OKA","7/24/2024 10:32:48 PM","24-B","PM01","","NRRL 471","Aspergillus oryzae","",69.5000,"98.6049","282.4012","161.1580","141.8008","222.4842","171.7899","128.1472","143.7254","190.5995","186.4939","177.2117","171.8705","118.6746","169.0907","144.9152","135.1370","157.2504","151.0256","122.9085","276.0023","104.1329","86.4322","161.5098","148.9552","101.3334","132.2131","138.0300","272.9885","88.2841","221.4954","175.4532","81.3805","159.8755","150.4855","168.1817","108.3379","141.4330","79.5083","81.9441","83.1825","88.9960","103.5907","124.4566","98.2228","130.0978","115.5103","169.8718","113.6212","153.6520","136.6748","82.0254","150.1887","75.7372","42.7361","70.5741","152.8464","123.0289","167.3874","77.4948","131.5299","113.1306","135.0757","125.0851","96.0933","102.1310","102.5598","58.6051","111.6083","204.6903","142.1170","185.9226","139.0646","114.6794","69.9905","96.6413","119.2396","140.3143","132.8067","73.1237","75.5795","84.0449","154.0464","140.8227","142.1767","125.3520","144.2606","132.7896","194.6542","115.8469","281.1176","90.7507","113.5994","119.7030","126.6809","130.0638","181.0993"
"C:\Users\cfg364\Sommerlab Dropbox\Casper van der Luijt\Casper\Data\BioLog\OmniLog\CL2\DATA_2024\07\_NRRL 471_Aspergillus oryzae__1_30_CL2_769_7#24#2024_A_24B_35.OKA","7/24/2024 10:32:48 PM","24-B","PM01","","NRRL 471","Aspergillus oryzae","",69.7500,"97.5393","282.0276","159.1080","143.4255","218.9821","172.4780","134.1917","145.1082","189.6222","182.4192","177.2812","170.7660","114.3843","169.5203","143.0570","132.4652","156.0085","149.9815","116.2188","279.4878","101.1977","84.1825","159.5587","142.3534","100.2241","134.2591","138.9404","270.1079","89.0465","222.5893","178.9292","78.7336","158.8722","150.3675","170.1660","104.9325","142.4600","80.3069","81.3818","79.3064","87.1274","104.4028","126.2898","100.2309","132.9764","116.0096","170.3587","113.2724","152.3292","134.8048","86.4248","148.0673","75.5913","41.9177","68.1827","155.2390","124.8170","171.2443","81.3627","123.6602","114.6743","135.3012","125.1036","98.8277","100.9346","100.7082","57.7096","109.1814","203.3969","143.2740","185.7914","133.9250","112.0441","63.0617","98.3224","118.4549","136.8914","133.9207","68.2855","81.7758","85.3391","151.4702","138.7419","142.5906","120.2549","146.2301","131.8914","195.6886","117.3934","279.6626","86.6745","112.1572","114.7323","127.3094","132.3472","181.1983"
"C:\Users\cfg364\Sommerlab Dropbox\Casper van der Luijt\Casper\Data\BioLog\OmniLog\CL2\DATA_2024\07\_NRRL 471_Aspergillus oryzae__1_30_CL2_769_7#24#2024_A_24B_35.OKA","7/24/2024 10:32:48 PM","24-B","PM01","","NRRL 471","Aspergillus oryzae","",70.0000,"99.5404","284.6461","159.3687","138.9621","216.4230","174.0633","132.0638","141.9771","190.7847","182.5201","176.6147","171.4575","116.3261","169.8161","144.8346","132.7540","155.2277","150.4909","116.6699","279.9758","102.6578","85.8138","157.4812","143.6082","103.8284","133.7062","137.6821","273.8687","88.3581","222.7777","174.2777","79.9885","156.4286","149.4973","173.4773","103.4843","141.7936","77.7737","82.5159","78.7295","87.0643","102.2707","126.5445","98.8312","131.0106","116.3034","168.1418","108.4272","157.1148","137.9135","87.9190","147.4373","76.7088","44.2718","64.8059","155.9059","126.4471","169.9444","80.0645","128.1195","117.7898","135.7495","126.0537","98.7029","104.0666","103.5204","58.6005","112.0236","204.7987","142.4443","185.2110","134.3036","115.5756","66.5794","97.5130","121.8534","136.7951","132.3922","72.2593","81.7444","80.1044","151.1497","136.0000","141.1275","122.0116","146.8296","135.2756","196.4916","113.8246","278.6931","88.6701","110.1582","116.0193","125.5417","134.2778","180.7955"
"C:\Users\cfg364\Sommerlab Dropbox\Casper van der Luijt\Casper\Data\BioLog\OmniLog\CL2\DATA_2024\07\_NRRL 471_Aspergillus oryzae__1_30_CL2_769_7#24#2024_A_24B_35.OKA","7/24/2024 10:32:48 PM","24-B","PM01","","NRRL 471","Aspergillus oryzae","",70.2500,"96.6059","283.6085","159.1944","138.6701","220.2877","170.8454","130.5835","141.1859","191.7013","184.7104","174.7872","172.9784","119.3193","167.9337","147.1245","135.2219","158.3017","154.1126","114.1061","277.5826","102.1665","81.7291","161.1912","148.4757","100.6940","132.7414","138.1266","268.6363","94.2270","220.8181","176.7255","82.6321","160.2896","149.2266","172.2190","106.4331","140.6320","79.1035","79.9870","77.0519","88.2727","103.2137","128.2064","100.5930","129.7434","116.8054","167.8744","109.9547","155.4109","136.4198","86.3526","151.3925","76.5171","42.0938","66.9527","154.0677","129.2026","171.8717","80.7781","129.5750","114.5094","136.6839","123.5218","99.1596","104.7905","105.6849","59.2969","110.8902","207.6243","145.0414","186.5976","136.7227","111.7855","68.3736","95.6133","117.1341","136.7836","134.4046","69.7587","75.7773","78.8660","149.5744","141.3465","138.1019","121.5974","145.1938","137.5338","194.0713","114.4979","280.8207","87.4101","108.2640","114.4000","123.5670","133.5402","181.8919"
"C:\Users\cfg364\Sommerlab Dropbox\Casper van der Luijt\Casper\Data\BioLog\OmniLog\CL2\DATA_2024\07\_NRRL 471_Aspergillus oryzae__1_30_CL2_769_7#24#2024_A_24B_35.OKA","7/24/2024 10:32:48 PM","24-B","PM01","","NRRL 471","Aspergillus oryzae","",70.5000,"97.1131","282.9107","162.8505","138.6543","221.9229","171.8108","134.7893","145.3148","193.0527","188.1084","177.3318","172.6700","111.7164","169.5023","143.9355","132.7530","158.4134","151.9954","118.7044","281.2693","100.8845","85.5747","156.6270","145.9521","104.3583","135.2046","136.2182","271.4558","88.7329","221.2665","178.6277","82.1845","161.1981","151.1414","172.2946","107.1849","142.7301","78.0897","78.4238","84.4528","88.9715","102.4046","129.3560","95.8784","137.4516","118.7068","169.8242","111.0231","154.7518","138.0443","86.4383","149.1660","73.9618","37.8378","69.5242","155.0759","126.6710","170.6283","81.3634","129.8956","116.8880","135.8118","129.0059","100.1802","102.5207","101.7356","59.2904","110.8113","209.8547","143.4846","186.0624","137.1578","110.7406","66.6179","96.1616","116.6846","139.7616","136.5370","70.6125","78.6834","83.5586","154.2260","143.8688","142.6827","122.8340","147.5403","134.5139","193.4922","115.5895","281.2732","88.1691","115.9453","119.0089","127.8854","128.6093","184.4542"
"C:\Users\cfg364\Sommerlab Dropbox\Casper van der Luijt\Casper\Data\BioLog\OmniLog\CL2\DATA_2024\07\_NRRL 471_Aspergillus oryzae__1_30_CL2_769_7#24#2024_A_24B_35.OKA","7/24/2024 10:32:48 PM","24-B","PM01","","NRRL 471","Aspergillus oryzae","",70.7500,"95.0858","284.4184","160.3383","138.1992","220.6929","178.5246","132.0038","141.1565","191.5497","186.0959","176.5344","173.1895","117.1166","168.1470","148.0511","130.4087","154.1947","151.1541","120.0531","278.0685","99.6287","84.5061","159.7977","142.6696","100.6902","132.7041","135.4571","269.7561","90.2431","221.4522","175.0052","78.5216","161.4348","148.2789","167.9967","100.9274","137.2799","76.7566","79.4100","77.4837","85.3845","103.1267","128.2940","97.8215","133.9619","119.2434","167.4704","110.0958","155.2046","134.1404","84.7118","147.5450","74.7020","42.0823","65.9489","153.0687","129.1987","167.5600","82.3676","131.7633","115.8806","132.5980","127.7054","99.8041","107.4482","100.2218","62.5419","109.5461","202.2229","140.4645","184.2618","137.4207","114.4311","64.4974","96.0435","117.5530","139.8987","132.9126","68.6711","76.2873","81.2216","146.9923","141.2075","138.2876","123.1476","147.6737","136.8022","192.4447","111.1120","280.5891","84.3251","109.3767","111.9387","122.4627","135.4616","182.5032"
"C:\Users\cfg364\Sommerlab Dropbox\Casper van der Luijt\Casper\Data\BioLog\OmniLog\CL2\DATA_2024\07\_NRRL 471_Aspergillus oryzae__1_30_CL2_769_7#24#2024_A_24B_35.OKA","7/24/2024 10:32:48 PM","24-B","PM01","","NRRL 471","Aspergillus oryzae","",71.0000,"97.5260","282.6612","160.6452","141.0133","220.4107","173.1544","129.4593","142.3461","192.0431","183.2017","177.6379","174.1571","117.2811","167.2076","149.1074","137.1484","153.0726","154.8115","119.6197","281.5659","105.3467","84.3280","161.1979","145.0150","101.6570","135.6472","137.4554","273.8264","89.1530","221.3558","179.0077","82.4678","160.5169","150.1781","175.1070","104.9366","141.5214","78.6241","85.2262","81.9244","87.7805","101.6498","129.5038","101.2902","135.3149","117.3802","172.7018","111.0536","155.2655","137.6354","88.4112","150.4516","79.3257","41.6946","68.2432","153.7021","130.8587","165.9985","80.9768","132.1441","118.1273","134.6446","128.8245","99.0839","108.9858","105.5176","59.4906","111.7606","208.1764","139.3158","184.4655","136.7296","113.3531","69.0747","98.4534","119.4466","140.8575","134.1631","73.5846","77.4420","82.2223","152.0582","141.8604","141.6563","127.0766","148.3651","136.8716","196.3210","115.5713","280.4561","91.9042","114.1014","111.9636","121.7508","133.5337","180.9316"
"C:\Users\cfg364\Sommerlab Dropbox\Casper van der Luijt\Casper\Data\BioLog\OmniLog\CL2\DATA_2024\07\_NRRL 471_Aspergillus oryzae__1_30_CL2_769_7#24#2024_A_24B_35.OKA","7/24/2024 10:32:48 PM","24-B","PM01","","NRRL 471","Aspergillus oryzae","",71.2500,"97.7864","281.8130","159.1496","140.0522","219.9899","174.1610","133.5448","139.9846","190.8051","183.5541","174.2867","172.1374","117.3436","172.5302","147.9074","136.2909","151.1776","151.5752","119.7232","277.7336","99.6794","86.3439","162.7716","145.0185","100.3298","133.4287","136.6343","271.4164","89.1645","223.0728","174.2745","77.5243","158.3350","151.3746","173.0114","104.4677","140.6402","82.6545","80.1890","82.5810","84.4607","103.4076","125.8450","100.0295","132.9363","116.9405","166.2556","108.4933","158.0031","133.5924","84.8658","146.6390","78.8654","40.1932","68.8896","155.6552","128.5986","164.8601","77.3746","128.1511","116.7242","132.9141","128.7867","102.6673","108.0561","101.8710","59.0468","106.7720","205.4693","143.0342","187.4199","137.4385","114.2104","69.1066","95.3128","116.6695","140.5559","137.3102","72.7318","72.6585","77.2055","152.8477","140.9807","140.7939","122.0316","149.5585","135.2901","191.7386","115.2519","281.0299","88.2326","112.7864","114.3131","119.7390","129.0945","181.1239"
"C:\Users\cfg364\Sommerlab Dropbox\Casper van der Luijt\Casper\Data\BioLog\OmniLog\CL2\DATA_2024\07\_NRRL 471_Aspergillus oryzae__1_30_CL2_769_7#24#2024_A_24B_35.OKA","7/24/2024 10:32:48 PM","24-B","PM01","","NRRL 471","Aspergillus oryzae","",71.5000,"101.0625","281.2958","159.9980","140.2725","220.5275","174.0964","135.0099","145.0108","190.9387","188.5224","177.4294","171.8733","113.9102","173.8413","149.2229","133.0478","153.5999","152.8786","118.5990","275.5571","105.3753","84.4061","159.4216","150.8697","102.3008","134.6119","136.3181","274.4433","90.9765","221.4906","175.9703","80.9780","160.8236","156.1798","169.9613","104.5336","140.4192","78.8695","83.6343","80.9469","88.4890","105.3471","130.1505","102.5677","134.0671","120.4588","170.8181","110.9134","159.7853","135.8555","87.1634","152.2998","78.2940","43.1503","68.7627","156.4789","130.0013","171.3501","78.7465","128.4384","117.4665","136.0566","128.7250","103.0704","107.0967","101.9025","60.7911","110.0449","205.6611","143.8644","186.0132","139.0667","113.1743","68.5650","94.1257","118.0937","142.2906","138.5793","70.4842","74.3189","83.4043","152.5282","136.8997","141.5689","122.4936","147.6425","138.9914","191.1822","116.1753","283.8646","88.3902","113.8608","112.4142","122.9496","131.2626","187.6266"
"C:\Users\cfg364\Sommerlab Dropbox\Casper van der Luijt\Casper\Data\BioLog\OmniLog\CL2\DATA_2024\07\_NRRL 471_Aspergillus oryzae__1_30_CL2_769_7#24#2024_A_24B_35.OKA","7/24/2024 10:32:48 PM","24-B","PM01","","NRRL 471","Aspergillus oryzae","",71.7500,"93.4167","280.0929","161.2342","140.0122","221.6859","173.9086","132.8757","146.5606","192.5659","186.9737","178.5182","171.7043","117.9095","171.9137","146.1951","133.8746","154.1942","154.4801","114.3555","279.3576","100.6909","83.5072","161.1456","148.5087","102.8868","134.5515","137.9341","270.0233","88.2585","221.3030","179.0003","78.6647","159.8155","150.5556","172.6503","106.5452","143.2385","78.1156","82.5219","79.5928","89.0761","104.5088","130.4765","101.7873","139.1245","117.7139","169.4757","110.5058","157.8548","138.5322","85.4149","148.0153","76.6504","43.2476","68.5973","158.6746","129.6321","171.8683","80.7718","130.6199","116.6218","133.3905","125.9656","101.9343","106.3662","98.3327","60.4556","115.1516","205.5331","142.7839","185.8514","137.1621","115.1867","69.5438","94.8393","118.4951","137.2277","136.5115","70.8565","76.1627","83.0985","149.8788","143.5021","139.1340","123.6047","147.0907","137.5291","196.6301","115.6547","283.2030","85.1796","112.3293","115.0712","123.6192","134.7990","183.1087"
"C:\Users\cfg364\Sommerlab Dropbox\Casper van der Luijt\Casper\Data\BioLog\OmniLog\CL2\DATA_2024\07\_NRRL 471_Aspergillus oryzae__1_30_CL2_769_7#24#2024_A_24B_35.OKA","7/24/2024 10:32:48 PM","24-B","PM01","","NRRL 471","Aspergillus oryzae","",72.0000,"97.3551","280.7165","161.0934","140.5271","221.3279","174.5264","135.0182","140.8167","193.9649","183.4236","175.9045","171.3426","112.2900","170.6277","146.6829","134.6311","157.0449","152.7723","118.7723","279.6018","104.3695","83.2507","162.2607","143.0257","103.7687","137.5812","137.8069","273.3955","87.2539","224.2569","178.0132","82.8121","158.6735","149.6381","174.0058","105.4919","138.8491","80.4404","79.0430","80.2114","90.5218","104.1778","131.5892","102.6710","135.8297","121.7950","171.7441","111.4724","157.4075","135.1714","82.4320","151.0129","76.6421","42.2329","63.8722","153.2087","130.7398","171.6146","80.3308","127.8686","119.8777","134.5951","129.8489","100.3204","104.7940","101.4780","63.2202","111.2153","208.7657","147.3830","185.4259","139.7717","111.8588","67.5119","96.4596","119.9163","137.0806","134.5813","69.0653","73.9348","84.4062","152.7413","144.8764","141.2057","126.2084","150.7885","137.8898","194.2665","116.0284","279.2111","88.5931","116.4618","114.6421","122.3633","134.0958","186.7456"
"C:\Users\cfg364\Sommerlab Dropbox\Casper van der Luijt\Casper\Data\BioLog\OmniLog\CL2\DATA_2024\07\_NRRL 471_Aspergillus oryzae__1_30_CL2_769_7#24#2024_A_24B_35.OKA","7/24/2024 10:32:48 PM","24-B","PM01","","NRRL 471","Aspergillus oryzae","",72.2500,"97.4548","284.1035","161.9328","134.8758","221.0487","175.8626","136.8898","147.8029","192.9308","186.7090","178.6117","179.2442","114.0010","172.8311","149.9633","137.9235","158.9805","154.1726","122.0346","280.7880","106.5494","88.5877","164.9241","149.5618","103.9608","133.6402","138.1703","271.5678","93.1934","225.0048","180.5726","82.7860","156.1470","152.5057","173.5104","103.3383","140.2399","81.1402","84.3399","81.4856","89.2693","105.2529","131.4448","101.9419","133.8589","122.9037","167.3521","111.8679","157.9718","135.8597","88.3600","151.2809","73.0316","39.1528","70.5196","157.1284","133.4061","171.8752","82.5990","132.0903","119.0930","136.6848","130.9207","101.4216","109.1379","104.7038","63.9200","112.9544","209.6835","143.5424","188.6490","139.0732","115.6429","70.4994","99.3756","119.6965","145.9267","137.4200","72.5970","78.7751","84.9172","145.7210","142.3340","142.0614","125.0877","153.9972","139.3582","196.5227","115.6737","282.3163","91.1601","114.4410","116.3887","120.5983","140.1199","185.3797"
"C:\Users\cfg364\Sommerlab Dropbox\Casper van der Luijt\Casper\Data\BioLog\OmniLog\CL2\DATA_2024\07\_NRRL 471_Aspergillus oryzae__1_30_CL2_769_7#24#2024_A_24B_35.OKA","7/24/2024 10:32:48 PM","24-B","PM01","","NRRL 471","Aspergillus oryzae","",72.5000,"96.5208","283.5797","157.1120","134.7126","221.6800","175.8018","130.0564","142.0160","193.5121","186.9563","174.8909","175.6060","116.9536","173.0760","146.3179","134.1699","156.4736","152.5609","116.0762","279.5656","107.9662","81.2735","163.7246","144.7816","100.4057","138.8392","136.3540","272.4740","88.2414","225.0864","179.6300","80.7338","160.0322","152.0117","174.2832","104.3657","139.5736","79.2675","80.2658","81.7529","89.0001","103.2478","130.4184","100.6856","135.8236","120.8102","173.6559","112.4560","157.5433","137.7813","90.0445","149.4059","78.6049","39.9966","66.9319","157.1422","132.4604","170.5837","81.9519","131.2357","118.1053","136.4261","130.9146","104.4114","111.2265","102.4477","59.9738","109.7138","209.6385","141.4861","189.4113","137.4264","114.4947","69.2374","96.2871","118.9129","139.7256","137.8557","74.4734","77.5709","84.5884","150.3056","142.3939","137.9380","128.2054","152.8242","137.9332","192.7754","117.6627","283.2245","88.7208","111.1713","115.1755","123.9816","132.1966","188.8437"
"C:\Users\cfg364\Sommerlab Dropbox\Casper van der Luijt\Casper\Data\BioLog\OmniLog\CL2\DATA_2024\07\_NRRL 471_Aspergillus oryzae__1_30_CL2_769_7#24#2024_A_24B_35.OKA","7/24/2024 10:32:48 PM","24-B","PM01","","NRRL 471","Aspergillus oryzae","",72.7500,"98.6856","281.9148","161.7646","137.1699","225.1502","176.1627","133.1043","143.6551","192.0867","186.0098","175.2849","176.1278","115.9214","171.4790","150.6272","133.7856","156.8388","154.5110","117.8130","282.0487","105.9866","85.1624","161.6797","149.1644","101.2311","138.0220","137.4206","271.5151","89.0343","226.1987","179.2146","81.7855","161.8416","155.0019","173.3986","105.8481","137.6384","78.7569","81.1676","82.0955","89.5614","106.0654","130.3133","101.7414","134.2503","120.6311","171.5505","108.3242","157.4852","136.4737","85.0891","150.9012","77.9891","43.3301","73.7891","159.6109","136.0655","170.6830","80.7810","129.4348","119.3653","136.6336","127.5148","101.7571","106.4766","99.4109","64.7787","110.9666","208.3873","141.6712","188.0887","141.8774","111.9714","64.7793","97.6096","120.2274","142.6834","139.1210","68.4048","75.9244","84.2670","149.8194","142.9032","139.0831","123.2076","150.4801","139.8040","192.5011","116.9963","282.4189","89.5728","111.0448","118.2942","126.2011","134.2437","189.0852"
"C:\Users\cfg364\Sommerlab Dropbox\Casper van der Luijt\Casper\Data\BioLog\OmniLog\CL2\DATA_2024\07\_NRRL 471_Aspergillus oryzae__1_30_CL2_769_7#24#2024_A_24B_35.OKA","7/24/2024 10:32:48 PM","24-B","PM01","","NRRL 471","Aspergillus oryzae","",73.0000,"94.6010","283.1667","159.1897","131.7095","220.7210","174.1500","126.8399","142.7244","191.3586","184.0489","173.7290","173.5292","114.9111","171.7617","149.4531","135.7445","156.0011","153.3884","120.1190","276.6332","107.8018","84.6530","163.5701","146.1583","101.3021","137.5637","139.6686","270.8114","88.5906","225.2217","178.4358","78.7532","161.1562","151.0561","174.8523","100.3549","141.2157","77.2338","81.1968","77.8788","87.2535","105.1502","133.8583","101.9089","132.6139","120.9437","165.9677","107.5969","158.2663","135.5264","86.8426","147.2337","74.7468","42.7211","68.7255","157.5924","131.2324","173.0965","80.1997","131.3834","119.5028","135.2931","132.4020","103.2208","108.7163","103.1694","61.7942","113.6655","207.7599","140.4066","188.0243","138.6886","115.4455","66.6181","98.8549","121.1725","140.8085","139.1716","68.3294","76.6143","83.5399","153.2507","138.7719","137.4739","129.0761","155.0479","139.6531","195.5941","117.1631","281.9642","88.7396","111.1510","114.5026","122.1787","138.3765","187.8727"
"C:\Users\cfg364\Sommerlab Dropbox\Casper van der Luijt\Casper\Data\BioLog\OmniLog\CL2\DATA_2024\07\_NRRL 471_Aspergillus oryzae__1_30_CL2_769_7#24#2024_A_24B_35.OKA","7/24/2024 10:32:48 PM","24-B","PM01","","NRRL 471","Aspergillus oryzae","",73.2500,"96.7153","284.2350","163.4214","138.1564","219.2758","176.8268","133.3995","143.5143","191.8532","186.5174","178.4031","175.8546","118.0101","175.7551","150.2852","139.6121","159.3898","153.8539","120.4207","279.6561","110.2239","83.2762","169.2815","147.2383","99.7142","140.5027","138.3259","272.9355","93.8533","223.2945","179.6736","80.4094","163.6208","152.5385","178.0511","102.7839","142.5093","80.3221","80.6675","79.7793","88.8084","108.0269","132.9928","106.8832","134.0784","120.4489","170.3464","115.9773","156.6600","137.7268","88.0604","149.7394","75.8572","42.1763","68.2984","154.7739","130.3756","167.6919","80.5019","131.4008","115.1112","134.3446","132.6046","104.6040","108.6330","100.4604","64.0974","110.8860","207.7616","141.0366","186.3686","140.9527","113.3425","68.4213","100.3805","121.2342","141.2388","139.1166","74.2561","82.3225","85.4070","150.4326","146.3540","138.1197","122.6641","155.1856","140.7951","194.9926","116.0784","280.9054","85.5692","116.5708","115.4655","127.5421","135.1763","189.2746"
"C:\Users\cfg364\Sommerlab Dropbox\Casper van der Luijt\Casper\Data\BioLog\OmniLog\CL2\DATA_2024\07\_NRRL 471_Aspergillus oryzae__1_30_CL2_769_7#24#2024_A_24B_35.OKA","7/24/2024 10:32:48 PM","24-B","PM01","","NRRL 471","Aspergillus oryzae","",73.5000,"94.1252","281.4516","161.4580","137.5366","218.3987","176.1573","133.5338","144.2633","193.6778","185.8203","177.8156","171.4807","116.6799","174.4742","148.9600","132.7011","157.3740","152.2642","119.2465","279.5098","105.6913","88.9570","164.2551","141.5369","101.0555","137.2655","143.5809","272.5931","89.6077","221.1435","177.7389","80.2344","160.6420","151.7298","177.5246","105.7234","140.9087","81.1850","77.1300","80.8788","91.6127","104.7546","132.0100","105.1171","138.3235","124.2203","171.9192","109.4716","157.2156","138.1378","87.2365","150.1721","77.4023","41.6303","69.3464","158.4626","135.8449","171.7162","81.0364","134.4433","119.5473","136.1528","130.1788","103.9678","105.1829","105.4374","62.7226","113.1169","208.7679","146.7962","188.1367","139.3043","111.6619","67.9489","99.2245","124.5175","143.8883","138.1195","73.8043","82.4666","84.2792","152.9870","142.4928","138.1830","131.7407","154.0258","139.4224","194.9585","116.9056","283.5068","88.7907","111.7281","115.4440","124.0796","136.9778","189.7890"
"C:\Users\cfg364\Sommerlab Dropbox\Casper van der Luijt\Casper\Data\BioLog\OmniLog\CL2\DATA_2024\07\_NRRL 471_Aspergillus oryzae__1_30_CL2_769_7#24#2024_A_24B_35.OKA","7/24/2024 10:32:48 PM","24-B","PM01","","NRRL 471","Aspergillus oryzae","",73.7500,"93.8148","283.4600","164.1830","135.3571","222.9788","177.9053","130.5179","143.4362","193.2801","184.6584","177.6174","175.3096","116.5549","173.4237","154.0553","137.6925","161.2169","155.6640","119.4728","280.1580","110.0697","85.7825","161.9985","146.7478","102.4493","138.3461","141.4141","271.5912","88.8266","223.5318","177.1302","85.5749","160.8022","151.9559","176.4666","104.4683","140.8136","80.9235","84.8064","80.3989","85.5898","106.8241","133.1246","103.0263","140.9547","119.4593","171.7562","108.0990","158.4036","139.1955","89.3542","153.0650","80.6936","39.1849","68.2011","160.9646","133.1772","174.4314","81.8171","131.9713","117.9799","137.0186","129.9630","106.8866","107.5689","103.2250","63.2931","114.0284","207.0140","144.5669","187.2398","137.9848","114.9427","68.1399","98.8828","122.8292","140.5366","139.0467","71.4559","80.2372","85.9133","151.9940","145.2762","139.0843","126.3738","155.4911","142.6634","194.4018","110.7550","282.1884","93.2296","111.9185","116.6319","123.4023","134.8761","191.8979"
"C:\Users\cfg364\Sommerlab Dropbox\Casper van der Luijt\Casper\Data\BioLog\OmniLog\CL2\DATA_2024\07\_NRRL 471_Aspergillus oryzae__1_30_CL2_769_7#24#2024_A_24B_35.OKA","7/24/2024 10:32:48 PM","24-B","PM01","","NRRL 471","Aspergillus oryzae","",74.0000,"93.4359","283.4026","161.7721","139.1271","220.5765","176.0583","132.5128","145.2401","191.6698","186.6449","175.9577","173.0354","113.4665","173.5658","151.6158","134.0768","158.2128","153.3905","115.2086","281.1591","108.4914","84.6596","167.4665","146.0612","100.5953","141.0164","138.1040","269.7083","91.7622","225.6793","181.7101","80.0749","157.9411","148.1844","178.0973","104.6743","141.2767","81.2792","81.9438","81.2469","86.9814","109.4825","132.9972","103.5578","138.5967","122.5833","171.1885","109.9363","156.3463","137.4954","88.6082","149.9198","73.4285","42.8297","67.1327","157.7846","132.7750","173.0207","85.2351","130.1687","117.1192","131.3213","129.4910","105.8154","106.4402","103.4653","62.3799","113.3542","209.8410","141.8553","188.6331","139.6250","113.7617","64.9956","98.3475","117.3433","146.4568","143.7689","71.8006","78.0385","83.9231","152.7942","137.8992","137.4627","128.6097","155.2646","142.5782","194.4735","114.9311","280.9228","88.3646","115.7971","117.5372","125.7024","137.4881","188.8303"
"C:\Users\cfg364\Sommerlab Dropbox\Casper van der Luijt\Casper\Data\BioLog\OmniLog\CL2\DATA_2024\07\_NRRL 471_Aspergillus oryzae__1_30_CL2_769_7#24#2024_A_24B_35.OKA","7/24/2024 10:32:48 PM","24-B","PM01","","NRRL 471","Aspergillus oryzae","",74.2500,"97.8543","283.3228","154.6238","136.0538","220.7673","177.1589","131.0788","141.9198","194.7631","186.7398","177.1291","171.1678","113.1767","171.3625","149.9039","132.9104","158.8071","156.7334","121.6912","280.2393","107.3142","85.7400","161.5965","147.0093","99.8457","144.4132","140.3423","274.3005","90.1929","227.0390","178.3843","78.9063","164.2693","153.2240","178.9612","100.7985","137.3849","75.4356","80.6711","79.2246","86.9509","106.8561","135.8074","103.3288","137.6225","122.0087","172.0793","110.0852","158.8221","137.6580","86.8851","149.1801","76.5167","37.9395","66.9672","159.1287","130.6506","173.8633","83.0268","130.5551","115.3454","133.6954","131.2795","105.8134","109.8327","104.0445","61.4516","110.6902","206.7668","143.8445","187.9786","135.4397","113.2001","66.6769","94.1583","121.8965","137.9948","139.5011","71.9960","79.0468","84.0389","150.3369","139.4638","133.2230","129.5882","157.2658","143.1973","191.2398","108.3965","281.8065","88.9802","111.4828","114.6420","121.5960","138.9933","189.4715"
"C:\Users\cfg364\Sommerlab Dropbox\Casper van der Luijt\Casper\Data\BioLog\OmniLog\CL2\DATA_2024\07\_NRRL 471_Aspergillus oryzae__1_30_CL2_769_7#24#2024_A_24B_35.OKA","7/24/2024 10:32:48 PM","24-B","PM01","","NRRL 471","Aspergillus oryzae","",74.5000,"95.7211","283.0993","160.2760","139.2960","222.1262","179.8537","133.1822","144.7698","197.5926","187.1715","178.2834","175.8060","115.9641","176.7480","152.5489","136.4182","160.4279","155.4828","116.4233","280.0320","108.3945","88.9085","167.3630","145.8212","100.3534","141.5154","139.5140","274.1840","93.7320","230.7470","180.0064","84.2197","163.0630","152.1717","176.2402","106.4492","140.1939","81.8606","79.4443","83.7209","86.1692","108.8716","130.2081","104.0353","139.2703","121.7293","171.1036","110.5084","160.3663","145.2827","85.1504","152.7086","85.4366","38.4996","68.2115","160.8044","135.4741","176.3643","82.5257","132.6868","117.4731","135.1232","134.7986","108.0976","103.3646","98.4134","63.1825","113.0469","206.4765","144.4940","190.2250","141.0044","113.5629","64.8583","99.6244","123.6198","141.3981","138.7751","74.4177","79.2675","83.4100","151.7200","145.7896","139.6517","130.1095","160.2509","145.8095","195.9408","118.5881","280.5635","88.8467","112.6559","116.0015","122.1048","140.6846","190.6022"
"C:\Users\cfg364\Sommerlab Dropbox\Casper van der Luijt\Casper\Data\BioLog\OmniLog\CL2\DATA_2024\07\_NRRL 471_Aspergillus oryzae__1_30_CL2_769_7#24#2024_A_24B_35.OKA","7/24/2024 10:32:48 PM","24-B","PM01","","NRRL 471","Aspergillus oryzae","",74.7500,"93.9580","279.4756","163.4187","135.9464","220.1190","176.5638","128.9256","141.0294","190.7937","185.3282","174.5972","173.2163","115.1322","173.1318","151.6528","136.8750","162.1914","156.5983","118.8601","281.9618","109.9966","86.6074","168.7292","145.5570","99.9164","142.7771","136.7634","270.0510","91.9599","227.9357","179.1797","81.2386","164.2248","153.1522","178.6458","102.5440","142.8288","77.5140","81.6232","82.3567","90.1200","107.9237","137.4321","103.6754","140.8055","122.8472","171.2876","112.6539","158.4402","131.6623","88.5273","151.7345","77.5817","43.3281","67.4616","160.5072","135.2509","176.9906","79.4380","131.5276","116.5935","134.4266","132.3225","110.2160","111.8041","106.1713","64.5003","111.3643","212.0770","144.8871","186.2983","142.2140","111.2709","69.7198","100.5505","123.2484","138.4711","140.8152","74.2770","79.3357","85.7129","150.8255","142.9263","136.7762","129.6319","164.2352","140.9081","193.2708","116.8836","284.3415","85.2722","114.7544","117.0650","122.6064","138.5255","191.2439"
"C:\Users\cfg364\Sommerlab Dropbox\Casper van der Luijt\Casper\Data\BioLog\OmniLog\CL2\DATA_2024\07\_NRRL 471_Aspergillus oryzae__1_30_CL2_769_7#24#2024_A_24B_35.OKA","7/24/2024 10:32:48 PM","24-B","PM01","","NRRL 471","Aspergillus oryzae","",75.0000,"92.5043","282.8184","163.2494","134.5091","218.0513","179.7433","133.5025","147.4959","193.1144","188.1557","175.2907","173.5029","113.7284","177.1239","150.5917","136.1655","157.3186","158.3959","118.8349","277.9771","114.0293","88.7971","165.0468","144.5025","102.9750","140.4046","137.8089","273.8773","95.5519","226.1935","182.8254","79.6076","161.6479","152.7094","177.2440","104.8870","135.0501","79.0641","84.7965","83.2314","91.7126","110.6403","133.5624","103.7970","137.8226","123.1288","172.0609","111.7086","158.9111","135.8506","89.8650","153.2100","82.7253","44.1051","69.2336","161.3622","133.6127","173.0040","83.2642","134.1089","121.4476","134.7463","134.0701","105.6100","113.1266","100.7781","61.5258","116.1624","209.8611","144.0598","186.2122","141.5826","111.2197","68.0014","101.0033","120.5555","142.3340","146.6505","72.3451","78.6201","85.7151","153.0706","142.4503","137.8359","127.3499","159.4680","145.1467","195.2575","115.7627","283.1426","90.2271","115.3804","116.4383","122.7049","140.0614","191.9973"
"C:\Users\cfg364\Sommerlab Dropbox\Casper van der Luijt\Casper\Data\BioLog\OmniLog\CL2\DATA_2024\07\_NRRL 471_Aspergillus oryzae__1_30_CL2_769_7#24#2024_A_24B_35.OKA","7/24/2024 10:32:48 PM","24-B","PM01","","NRRL 471","Aspergillus oryzae","",75.2500,"94.3876","283.2403","159.0609","141.5377","221.6420","175.4595","129.9631","147.5495","195.4715","187.5610","174.4282","178.9255","113.3495","180.4136","153.7045","139.1680","158.0830","151.8810","122.4654","281.3390","106.4883","87.9566","163.4940","146.7259","104.7030","142.4591","139.6065","274.9230","91.8244","229.9270","182.2161","82.9882","160.7814","155.8542","182.5365","103.2491","145.1207","79.9447","85.4832","82.9078","87.6741","107.2478","131.7253","103.9788","141.2029","125.5188","170.1139","113.7652","158.9314","137.3011","86.3453","151.5277","81.0315","43.0489","73.6142","158.6413","134.4715","175.4499","83.8645","134.4229","119.6628","138.6720","134.7396","107.7513","112.3735","102.2610","63.9595","117.4308","209.2931","143.7985","189.1812","141.8824","116.1380","62.7753","97.1622","127.2066","140.9818","142.5211","73.1291","82.4510","89.1712","150.8372","146.7794","134.2450","132.0052","160.0083","145.8263","193.3196","120.8200","282.7144","91.2273","115.2459","113.0900","121.5458","139.9974","190.2693"
"C:\Users\cfg364\Sommerlab Dropbox\Casper van der Luijt\Casper\Data\BioLog\OmniLog\CL2\DATA_2024\07\_NRRL 471_Aspergillus oryzae__1_30_CL2_769_7#24#2024_A_24B_35.OKA","7/24/2024 10:32:48 PM","24-B","PM01","","NRRL 471","Aspergillus oryzae","",75.5000,"94.2146","282.5647","161.1470","138.1116","216.9645","177.7410","133.8083","146.5524","192.5444","190.0403","174.6638","174.4615","113.6024","174.6379","149.9386","139.1313","160.6382","153.0814","123.7341","279.8237","110.6938","87.4552","161.3607","144.5117","95.7314","142.6723","137.6833","271.1156","92.6444","226.6561","179.8084","80.1337","159.1542","154.9907","173.2376","103.7039","139.7464","85.7134","80.2198","83.3493","88.0885","106.8555","133.8789","101.3422","144.8403","122.9193","172.3441","111.0174","162.1152","136.1603","86.0367","152.4676","77.4441","43.5096","68.1479","161.6313","135.1348","172.8145","77.7550","128.9204","119.5988","134.1446","135.0847","106.0177","109.8462","105.5006","62.2969","115.3523","209.9776","145.3178","186.2165","142.0527","111.9895","65.3923","97.2075","123.0740","143.2215","142.1400","73.1416","75.2607","86.6805","150.3506","140.2734","136.2563","132.0724","156.8561","146.3766","195.0041","115.7166","282.1883","89.0444","118.9556","117.4734","120.9440","139.4603","190.4458"
"C:\Users\cfg364\Sommerlab Dropbox\Casper van der Luijt\Casper\Data\BioLog\OmniLog\CL2\DATA_2024\07\_NRRL 471_Aspergillus oryzae__1_30_CL2_769_7#24#2024_A_24B_35.OKA","7/24/2024 10:32:48 PM","24-B","PM01","","NRRL 471","Aspergillus oryzae","",75.7500,"97.3975","282.7362","165.2518","132.8787","222.5069","177.3609","127.8578","143.6170","193.9194","185.0054","178.3639","174.7138","117.4681","176.7513","150.6207","135.6850","161.7964","155.9684","119.7865","283.5614","111.2564","88.1036","164.8111","143.2435","101.4154","143.4730","135.2874","273.0138","90.8633","225.9922","178.8763","83.5196","163.5437","154.0932","179.3578","105.1959","139.9750","78.8835","83.3988","82.8120","88.6473","108.6636","140.2174","106.5599","140.4924","120.5928","171.4897","111.9894","157.1858","137.3981","89.9757","151.6739","76.8500","41.4671","74.5414","161.9998","137.0668","178.0753","86.2746","132.3878","118.1867","136.7885","134.1185","111.5893","112.0348","101.2188","64.2045","113.0279","209.7611","147.7358","191.3470","145.0526","112.4049","68.1538","98.2242","124.0911","143.1154","145.9609","74.4781","82.2492","88.4350","151.7893","143.4217","138.8289","127.3174","161.7101","146.6118","193.4649","115.2309","279.9776","90.0537","112.0256","117.6971","124.3847","143.4593","191.1577"
"C:\Users\cfg364\Sommerlab Dropbox\Casper van der Luijt\Casper\Data\BioLog\OmniLog\CL2\DATA_2024\07\_NRRL 471_Aspergillus oryzae__1_30_CL2_769_7#24#2024_A_24B_35.OKA","7/24/2024 10:32:48 PM","24-B","PM01","","NRRL 471","Aspergillus oryzae","",76.0000,"97.3562","282.0258","163.5890","132.8481","220.8453","179.2123","130.2258","144.0081","193.1144","188.0082","174.6691","178.7354","111.1252","177.6137","150.4693","132.5154","157.4612","155.2478","122.4728","284.3467","113.5593","86.0698","165.8961","151.9549","104.5305","147.6187","145.5917","274.4123","91.3655","229.4553","178.3545","84.3563","160.8845","154.3121","178.8493","103.4199","140.6702","79.8353","80.6840","80.5092","92.3365","111.6198","137.5937","104.5894","141.4347","124.5184","171.3497","109.0542","158.2918","138.5735","88.5595","153.7065","82.3448","42.1648","71.7687","162.0695","137.2389","175.5256","83.1936","131.6228","118.2323","136.8704","137.3630","108.2660","113.6764","104.8369","66.9369","114.1922","205.2775","145.8885","191.6386","143.0722","116.9050","69.6273","102.5812","129.4563","145.9831","143.6888","73.4161","76.9023","86.5862","150.9066","141.2538","137.4347","130.9899","164.8564","152.4489","196.8504","116.5186","281.9100","90.3793","116.5465","114.0498","122.4881","142.1447","193.2310"
"C:\Users\cfg364\Sommerlab Dropbox\Casper van der Luijt\Casper\Data\BioLog\OmniLog\CL2\DATA_2024\07\_NRRL 471_Aspergillus oryzae__1_30_CL2_769_7#24#2024_A_24B_35.OKA","7/24/2024 10:32:48 PM","24-B","PM01","","NRRL 471","Aspergillus oryzae","",76.2500,"94.5766","283.7385","161.2922","135.6011","219.6375","180.0996","132.9613","145.6344","190.6973","191.6492","176.7241","179.9314","115.0523","176.2063","156.0008","134.9824","158.6995","158.0921","121.7050","284.0405","113.1538","89.7718","165.1027","150.5606","102.7851","143.8492","142.0963","274.2283","92.7079","227.2952","182.0260","86.4063","167.4768","155.5405","180.8968","104.9034","138.8693","83.6264","79.7519","78.0815","90.7352","114.5297","136.6289","102.0487","142.5484","126.7022","175.6916","113.3692","160.6509","136.2031","90.2633","149.3194","82.2117","40.9163","73.9535","164.2109","138.6946","180.0005","81.1564","134.7294","121.0422","133.8796","136.6803","107.5161","114.0410","105.9200","64.3622","111.8731","209.4349","148.0464","190.0052","146.7404","112.0438","70.6592","102.0292","124.2118","143.8944","145.7709","72.3787","78.9595","85.8516","150.9835","144.5870","136.7192","132.9088","160.9944","150.5043","193.6961","116.9633","284.5825","89.7084","116.4645","116.1646","123.4868","140.1776","190.4431"
"C:\Users\cfg364\Sommerlab Dropbox\Casper van der Luijt\Casper\Data\BioLog\OmniLog\CL2\DATA_2024\07\_NRRL 471_Aspergillus oryzae__1_30_CL2_769_7#24#2024_A_24B_35.OKA","7/24/2024 10:32:48 PM","24-B","PM01","","NRRL 471","Aspergillus oryzae","",76.5000,"95.4852","279.1393","162.2103","129.9393","222.2353","181.2264","128.5525","147.5321","190.1879","188.0137","177.4387","174.6068","115.4259","175.4424","154.2100","138.2279","158.4407","155.9620","117.0874","283.0506","114.4633","86.7576","167.9772","150.7134","104.3775","144.3832","141.0293","275.0552","92.5333","233.4883","177.7876","82.4525","163.5575","155.6002","180.8203","102.0479","139.1484","78.7241","80.8144","83.2796","93.8820","107.8430","135.3451","108.6726","142.9876","128.0978","170.6948","108.8668","156.1708","135.4404","90.9042","154.2517","77.2342","41.3102","71.9725","165.6230","138.5320","178.2457","80.0298","134.3973","115.8600","131.6715","136.6143","109.9556","111.0095","102.3799","65.8500","114.0851","208.8880","146.5444","189.2279","144.6294","115.2188","66.4264","99.0642","128.5413","144.7737","145.3277","69.5546","80.7794","86.6367","153.9136","143.8686","134.8022","130.2831","166.5980","147.9945","193.0321","113.2043","282.6087","91.3782","117.1944","115.2726","125.8074","144.1493","194.8829"
"C:\Users\cfg364\Sommerlab Dropbox\Casper van der Luijt\Casper\Data\BioLog\OmniLog\CL2\DATA_2024\07\_NRRL 471_Aspergillus oryzae__1_30_CL2_769_7#24#2024_A_24B_35.OKA","7/24/2024 10:32:48 PM","24-B","PM01","","NRRL 471","Aspergillus oryzae","",76.7500,"93.4775","284.7030","162.1762","128.9308","218.5780","183.0746","133.7611","144.2923","192.4870","189.1485","176.9123","175.6268","119.5475","173.4650","151.8710","134.2446","162.4241","155.7128","123.3526","280.0191","111.7197","89.2340","164.1004","149.3405","104.4773","147.4959","142.3934","275.0905","92.4911","230.7447","186.5891","80.4101","161.3950","153.1180","178.6346","108.9759","142.4641","79.2248","80.4001","84.6213","90.4538","113.9270","136.8694","108.5075","141.1662","127.5964","171.7949","111.8552","159.7087","136.0170","89.7199","152.0289","74.7259","40.4586","73.9090","165.4651","137.3806","176.6420","80.5607","134.3414","120.5221","133.5968","136.6687","108.5639","112.2118","101.0265","64.9612","114.3069","208.7597","144.9906","189.9217","146.4946","112.9148","72.5749","95.6560","125.7772","144.0446","143.6478","74.9117","79.5463","85.4309","153.1903","141.2657","136.8568","131.3946","168.1918","150.1371","194.2882","118.5873","282.1040","87.1748","113.0951","113.8449","122.1459","141.7326","191.3181"
"C:\Users\cfg364\Sommerlab Dropbox\Casper van der Luijt\Casper\Data\BioLog\OmniLog\CL2\DATA_2024\07\_NRRL 471_Aspergillus oryzae__1_30_CL2_769_7#24#2024_A_24B_35.OKA","7/24/2024 10:32:48 PM","24-B","PM01","","NRRL 471","Aspergillus oryzae","",77.0000,"98.1454","282.7714","163.1597","131.4404","219.8564","183.4633","129.6780","150.6305","194.0266","187.0131","173.1824","176.0982","117.4680","178.0310","157.9742","134.8584","162.2838","157.1475","122.5072","281.6839","112.5564","87.1749","166.2185","145.8134","103.7670","146.9299","141.1469","275.9305","91.4960","232.7036","183.2308","80.1950","163.2231","156.2083","178.4019","105.8026","140.7495","84.0063","82.7765","81.9189","88.0040","111.6296","135.8974","108.3892","141.7147","129.4933","171.8982","113.6155","159.4346","137.1282","87.4931","150.8047","77.1296","42.9502","72.0492","162.3102","141.2476","178.8290","84.4475","134.1875","123.1383","136.8387","135.4537","105.2232","113.8072","105.6813","63.3488","119.4704","210.4950","142.4912","188.5040","143.4631","114.8226","68.0328","98.9684","124.6047","145.6184","142.5073","72.7249","79.2290","88.0936","151.9986","146.7960","137.2605","132.2261","166.9271","148.8066","192.9969","116.2829","283.1395","90.1880","116.1777","113.8691","124.0456","144.1867","193.6877"
"C:\Users\cfg364\Sommerlab Dropbox\Casper van der Luijt\Casper\Data\BioLog\OmniLog\CL2\DATA_2024\07\_NRRL 471_Aspergillus oryzae__1_30_CL2_769_7#24#2024_A_24B_35.OKA","7/24/2024 10:32:48 PM","24-B","PM01","","NRRL 471","Aspergillus oryzae","",77.2500,"90.8704","280.6313","161.2981","133.0166","221.5037","182.9246","135.9427","145.5994","195.5909","191.2727","176.7178","181.4460","115.0168","178.1792","155.5420","132.1084","160.2688","155.2233","124.2664","283.3985","112.5032","87.5276","165.2683","148.4787","101.8295","146.8059","138.0648","271.4547","92.5356","229.6374","179.8162","83.4257","164.9818","154.9683","178.6184","104.9574","139.1017","79.3007","79.0873","83.1680","91.6766","111.0314","139.1826","105.1605","141.5777","123.8784","174.1023","111.9302","158.5520","135.5645","87.7145","152.6562","81.5208","40.1272","76.1407","163.2819","141.0773","178.1477","84.1343","134.8579","117.0654","136.4866","137.5237","108.3498","111.7918","98.8786","67.5871","116.0715","212.0896","144.9334","191.2584","147.2219","108.4799","68.3309","98.9729","122.6284","146.3218","144.5040","72.4868","75.7353","86.9429","148.1651","148.6810","134.3178","131.6882","166.5775","150.7641","198.1608","117.0280","283.7973","87.5948","116.2426","118.4406","125.8042","143.7886","192.8297"
"C:\Users\cfg364\Sommerlab Dropbox\Casper van der Luijt\Casper\Data\BioLog\OmniLog\CL2\DATA_2024\07\_NRRL 471_Aspergillus oryzae__1_30_CL2_769_7#24#2024_A_24B_35.OKA","7/24/2024 10:32:48 PM","24-B","PM01","","NRRL 471","Aspergillus oryzae","",77.5000,"92.8967","283.0310","160.1890","133.8315","220.9627","182.3393","128.4988","144.9237","192.4353","192.2201","176.5668","176.3420","115.7856","177.7705","151.6243","134.1647","162.8170","158.0116","121.9342","281.9951","114.8679","85.9535","170.4611","143.2163","105.5324","146.3270","141.7234","273.1716","88.6707","229.4857","182.2529","84.7474","162.6479","153.6648","183.1474","106.1203","138.5382","76.4428","79.4245","81.7152","86.7974","109.6388","137.1600","105.2132","140.8719","130.1428","173.4279","108.9023","156.7458","131.6870","88.9146","151.1776","79.1010","41.8612","77.0646","164.2194","140.2659","176.7333","81.5144","135.9385","115.5883","131.3583","135.9946","111.3971","112.2845","102.2728","67.5722","113.9576","210.7459","144.4058","188.4941","140.9595","114.0768","69.5713","100.9876","124.1992","143.2909","145.8622","71.6100","79.3668","87.2535","151.3287","140.8611","133.4371","132.3228","170.3790","153.3129","194.1155","115.6825","283.3470","85.4875","110.8284","112.0296","124.0822","141.0988","193.3601"
"C:\Users\cfg364\Sommerlab Dropbox\Casper van der Luijt\Casper\Data\BioLog\OmniLog\CL2\DATA_2024\07\_NRRL 471_Aspergillus oryzae__1_30_CL2_769_7#24#2024_A_24B_35.OKA","7/24/2024 10:32:48 PM","24-B","PM01","","NRRL 471","Aspergillus oryzae","",77.7500,"95.4743","283.7409","158.4696","136.8956","222.0146","180.0219","127.6635","149.6586","194.8386","187.5982","176.1362","178.7614","113.6708","178.8947","156.2740","132.2132","161.2481","156.3661","120.4633","280.1287","113.2338","85.0431","167.6572","143.9828","102.4942","148.3862","139.0501","272.1935","89.9881","228.9642","183.6243","81.2238","162.7192","155.9113","185.1478","103.8112","138.2495","81.6864","83.9499","84.7107","87.4987","112.6256","139.2965","107.7296","143.0238","126.1515","175.7459","106.2461","159.6063","135.7018","89.4558","151.9819","77.8955","42.4467","71.6235","167.5490","139.7010","177.3866","83.5238","132.3285","118.8483","135.7075","137.0105","114.7945","111.3267","104.0756","63.0771","115.4843","210.7389","144.1252","188.1047","144.5571","112.7898","66.2314","100.6223","124.4882","141.1819","146.0664","72.1410","81.9121","87.1802","147.3250","146.4734","133.0146","139.1501","170.2444","151.2749","196.8221","114.3887","282.2732","87.8573","117.8086","114.3550","122.6819","146.0056","190.8173"
"C:\Users\cfg364\Sommerlab Dropbox\Casper van der Luijt\Casper\Data\BioLog\OmniLog\CL2\DATA_2024\07\_NRRL 471_Aspergillus oryzae__1_30_CL2_769_7#24#2024_A_24B_35.OKA","7/24/2024 10:32:48 PM","24-B","PM01","","NRRL 471","Aspergillus oryzae","",78.0000,"100.9419","283.0958","160.1308","133.6374","220.6760","184.7991","126.1131","147.5516","190.4697","182.8622","176.1833","181.0920","112.9252","179.5690","156.9837","133.3615","160.9155","157.9305","123.0100","282.2628","115.9077","89.6344","171.1746","146.7326","104.8730","144.0148","141.7547","273.9955","93.3996","229.1259","180.9615","82.8061","166.3495","154.5658","177.9516","103.1536","140.3658","83.4877","79.6116","79.6252","95.6177","112.4506","142.3947","110.0496","143.6157","128.0413","169.0305","111.9031","158.5029","136.5359","89.9339","153.3907","80.5795","41.4803","73.3367","162.2862","139.5498","173.1096","83.7431","137.9485","117.8132","137.6197","141.4316","113.6555","111.0019","103.8497","63.6746","117.2421","212.0800","141.3608","192.2401","141.7451","114.2645","69.1713","101.7513","127.8703","145.8151","149.2325","74.3134","78.0334","90.0275","153.0518","146.3338","136.3772","135.9456","172.5273","150.7887","197.3595","117.5292","284.9219","85.9048","114.4979","111.6528","120.5527","142.1174","199.0331"
"C:\Users\cfg364\Sommerlab Dropbox\Casper van der Luijt\Casper\Data\BioLog\OmniLog\CL2\DATA_2024\07\_NRRL 471_Aspergillus oryzae__1_30_CL2_769_7#24#2024_A_24B_35.OKA","7/24/2024 10:32:48 PM","24-B","PM01","","NRRL 471","Aspergillus oryzae","",78.2500,"90.2235","283.9691","160.3164","130.6004","219.7265","181.8115","131.9487","142.9274","192.4122","188.4171","174.5872","181.9569","112.1756","182.0322","156.0064","131.4737","161.9157","156.0075","122.5173","281.9980","112.6439","88.5801","167.1848","144.7767","100.1689","145.4684","140.0291","272.0923","92.2583","230.2395","181.4781","83.9176","167.0497","154.5880","180.6331","97.2262","141.7766","78.6352","82.4507","77.5791","88.4802","111.0404","140.3080","103.9498","141.8436","128.0812","171.9518","110.0888","159.3977","135.2897","88.7580","149.5506","80.9850","44.2071","70.3788","162.4641","139.1036","178.1664","81.9038","131.9233","118.3067","134.7127","136.4240","112.3864","118.3114","103.0523","67.2519","114.1211","211.2834","143.8185","192.4966","146.1572","111.4207","71.0595","100.9594","124.8652","144.0214","147.7397","70.8108","77.0795","84.2108","150.3317","147.2077","133.8275","133.5754","172.5671","153.2897","192.8018","116.2595","283.7871","89.0304","113.6286","119.1725","124.9641","142.2336","195.7813"
"C:\Users\cfg364\Sommerlab Dropbox\Casper van der Luijt\Casper\Data\BioLog\OmniLog\CL2\DATA_2024\07\_NRRL 471_Aspergillus oryzae__1_30_CL2_769_7#24#2024_A_24B_35.OKA","7/24/2024 10:32:48 PM","24-B","PM01","","NRRL 471","Aspergillus oryzae","",78.5000,"95.9069","281.7439","159.6316","134.4013","220.1824","184.9753","131.6855","144.4557","191.1725","187.4233","175.5236","189.1993","115.5645","177.7934","155.5064","136.6114","162.8728","158.2135","118.5589","279.4675","117.2744","85.9825","169.9904","143.8455","102.8448","147.4916","139.5757","272.5982","92.1205","231.5852","185.4978","85.5020","164.4031","156.9953","180.5122","102.7853","138.6402","79.8353","82.2371","77.8290","93.5765","111.1951","141.0041","108.9472","142.3113","130.6908","171.3113","108.9077","156.1666","128.9530","88.6617","155.0870","80.6979","40.7651","73.2284","164.7998","139.7444","175.0547","84.7123","131.1143","115.7200","136.3812","141.0706","114.8806","111.1343","102.3348","63.9832","118.3561","211.4184","143.7272","188.1718","145.7919","116.2811","67.1716","102.9913","128.4196","140.6599","148.6018","76.9138","76.0901","89.0965","150.2148","141.2036","133.8533","135.3563","173.3074","152.9672","196.4551","114.6011","285.2309","90.5274","114.2894","115.5161","121.1269","144.1065","193.2804"
"C:\Users\cfg364\Sommerlab Dropbox\Casper van der Luijt\Casper\Data\BioLog\OmniLog\CL2\DATA_2024\07\_NRRL 471_Aspergillus oryzae__1_30_CL2_769_7#24#2024_A_24B_35.OKA","7/24/2024 10:32:48 PM","24-B","PM01","","NRRL 471","Aspergillus oryzae","",78.7500,"93.1129","282.7506","160.4427","133.7392","219.0078","181.2586","128.3158","148.0743","194.1447","187.3234","176.3866","188.2122","112.4744","180.2017","154.9278","137.2451","160.8732","158.7235","125.2814","280.4803","118.5419","89.0161","164.8628","146.8190","105.1560","145.2690","141.0583","271.3044","90.8398","235.0840","184.3192","86.5243","164.5307","155.8703","182.4377","101.4045","135.9325","84.0703","80.0975","80.5021","91.2985","114.1052","138.2712","107.3567","144.4126","128.4791","174.2552","108.1194","157.1739","133.6180","89.8795","149.5548","78.7378","40.6395","74.9420","161.5255","139.0105","173.9063","85.1966","132.6476","118.0382","139.9708","140.0547","111.2017","109.1091","105.2028","67.5763","116.3967","211.8947","147.0597","193.7729","147.9760","115.4267","69.1075","102.0558","125.9753","143.4604","146.7282","73.9970","77.9254","89.2246","150.7585","141.6210","136.8451","135.2018","171.7498","154.7395","195.7759","117.4011","282.6226","88.7242","118.0574","112.4657","123.6313","147.4755","193.5289"
"C:\Users\cfg364\Sommerlab Dropbox\Casper van der Luijt\Casper\Data\BioLog\OmniLog\CL2\DATA_2024\07\_NRRL 471_Aspergillus oryzae__1_30_CL2_769_7#24#2024_A_24B_35.OKA","7/24/2024 10:32:48 PM","24-B","PM01","","NRRL 471","Aspergillus oryzae","",79.0000,"98.9118","283.3676","163.8880","136.6604","222.5843","184.0609","129.3992","149.5288","192.7425","189.7121","174.0073","188.2810","113.2266","180.1243","158.5228","134.7354","164.3858","159.9569","123.7729","283.0104","119.5800","89.0330","171.8312","146.4752","105.7289","145.9649","141.7765","275.5002","91.2218","235.1172","182.7194","88.1827","167.7000","154.4789","183.3086","103.3639","139.5435","83.5355","81.6595","80.2743","90.3198","109.7846","140.0679","107.4122","144.6985","126.7875","174.9425","115.1083","160.5047","134.7814","90.3391","152.7401","78.2414","40.3449","72.9148","166.6708","141.6295","177.2860","81.3567","136.0598","117.0324","138.1611","142.3703","116.0237","112.4288","103.5260","67.4283","119.9283","213.3373","144.5632","190.9020","148.0696","117.2653","66.6147","104.3497","129.7073","147.6049","146.6180","73.5947","77.3806","86.6595","151.9562","142.7355","137.6347","136.2476","171.3708","156.2803","195.0948","114.6989","284.1751","93.3097","112.1739","116.7456","126.0386","151.0092","197.7172"
"C:\Users\cfg364\Sommerlab Dropbox\Casper van der Luijt\Casper\Data\BioLog\OmniLog\CL2\DATA_2024\07\_NRRL 471_Aspergillus oryzae__1_30_CL2_769_7#24#2024_A_24B_35.OKA","7/24/2024 10:32:48 PM","24-B","PM01","","NRRL 471","Aspergillus oryzae","",79.2500,"96.3213","281.9977","160.6886","132.2574","221.0078","183.5238","129.0519","146.9512","193.4667","186.6173","175.7647","190.0669","113.7749","182.6992","154.8665","133.5771","160.6268","159.9406","124.6091","281.6087","116.8192","87.9744","165.8132","151.8873","102.8474","147.9136","139.7143","275.5655","92.4790","230.0962","183.3352","85.3340","162.2955","156.0914","179.3341","100.7901","140.2433","80.4211","79.3427","80.6140","86.9360","108.1870","136.3271","106.2548","146.8001","129.9896","168.2411","112.3118","157.2883","137.8988","86.1418","153.9637","78.0025","40.8796","73.9417","169.8189","142.6414","178.1590","84.1433","136.0280","117.3349","137.1105","139.7813","113.1052","113.3957","101.8098","68.1407","116.5554","208.2589","143.4854","188.3518","147.0100","115.6605","69.9960","101.0324","124.7841","145.7951","144.1831","74.4995","76.3358","83.3200","151.7172","142.3042","133.6929","137.2641","173.4281","158.4483","194.2051","117.6158","281.9708","90.1719","114.9941","111.8222","121.3884","147.3436","193.4310"
"C:\Users\cfg364\Sommerlab Dropbox\Casper van der Luijt\Casper\Data\BioLog\OmniLog\CL2\DATA_2024\07\_NRRL 471_Aspergillus oryzae__1_30_CL2_769_7#24#2024_A_24B_35.OKA","7/24/2024 10:32:48 PM","24-B","PM01","","NRRL 471","Aspergillus oryzae","",79.5000,"96.0062","284.4976","164.7948","134.5243","221.3439","185.5697","127.7366","145.5345","193.8029","187.8470","173.9724","193.3112","115.3173","183.3292","158.3402","135.0727","162.1446","160.1317","125.0755","281.8054","115.3579","86.0814","169.3669","146.4808","103.7469","146.3730","140.4613","273.8162","92.3575","232.8438","186.3639","83.6347","167.4662","161.0472","182.1681","103.5265","139.5299","80.7296","80.3768","85.9094","89.8903","114.0322","142.4495","109.4862","142.0097","131.6397","173.8145","112.1252","160.4129","138.4968","91.1480","150.3661","82.8108","39.3752","73.2408","166.3037","139.7472","181.7039","85.0088","134.5476","121.2523","136.9259","143.6221","114.7336","111.3032","102.5880","65.5107","118.0146","209.7616","145.5604","192.7277","145.1940","117.1283","70.5185","101.4156","130.0848","147.0776","147.6792","71.6598","76.5285","87.5616","154.3195","143.9668","136.7424","135.6683","173.3381","153.9367","198.6262","121.0310","283.1463","86.9976","114.8522","115.4766","121.5058","146.0714","198.6207"
"C:\Users\cfg364\Sommerlab Dropbox\Casper van der Luijt\Casper\Data\BioLog\OmniLog\CL2\DATA_2024\07\_NRRL 471_Aspergillus oryzae__1_30_CL2_769_7#24#2024_A_24B_35.OKA","7/24/2024 10:32:48 PM","24-B","PM01","","NRRL 471","Aspergillus oryzae","",79.7500,"97.1992","283.7024","163.9453","135.7154","221.0582","184.6705","128.8010","151.8967","194.2815","191.0994","178.2066","190.4379","113.9134","177.7638","158.1736","134.3850","163.9414","159.0656","122.9119","283.8726","122.2128","89.9347","168.1275","143.7774","102.4950","149.9705","137.3744","276.2124","88.9877","231.5992","182.1734","86.3646","162.2506","156.6233","182.2653","103.8677","142.3160","85.1923","80.1640","81.0955","89.0007","116.7573","140.5068","108.2095","142.8576","128.1627","173.4817","111.8858","161.4181","136.9855","88.8757","152.8338","77.4493","40.9362","73.8019","166.9023","144.1014","178.9430","84.9313","133.9446","119.1712","140.7533","142.1553","113.8977","113.7730","100.7883","68.7480","116.0198","209.3164","146.3723","189.8422","144.9455","111.5287","68.8459","102.0559","127.1873","144.6725","147.2053","74.0790","77.1542","89.0527","151.9207","147.2220","130.8318","136.2820","173.9923","151.7679","194.2981","120.1083","283.0479","88.9019","114.5240","113.7988","120.0115","146.2273","196.3302"
"C:\Users\cfg364\Sommerlab Dropbox\Casper van der Luijt\Casper\Data\BioLog\OmniLog\CL2\DATA_2024\07\_NRRL 471_Aspergillus oryzae__1_30_CL2_769_7#24#2024_A_24B_35.OKA","7/24/2024 10:32:48 PM","24-B","PM01","","NRRL 471","Aspergillus oryzae","",80.0000,"95.1431","282.1794","165.5277","133.5316","221.6445","185.9640","131.5458","148.8908","193.7467","187.7164","177.6445","191.5170","110.3316","181.6467","157.7901","136.3140","163.9449","159.4511","123.0425","283.1627","120.3920","88.5930","171.4228","144.1855","104.2942","146.5233","136.0947","273.4706","96.0561","232.0747","181.5471","82.1547","166.0109","157.0807","184.2291","101.4417","142.9283","81.1628","82.7716","85.1706","89.5909","113.5830","142.3006","108.4470","145.7128","129.6297","172.7064","110.5404","159.7362","135.6311","91.2587","155.5292","78.1963","44.2839","79.1676","168.8067","142.8141","177.7870","81.6544","133.1446","118.0555","139.7522","142.4538","116.6366","113.4508","104.1282","69.7887","117.8728","207.4307","141.7421","191.9918","148.5800","117.5321","68.6901","104.9340","127.8912","146.9566","149.3536","74.4333","77.0533","90.4664","147.9175","146.7288","131.9149","137.7565","176.0727","157.6067","195.7746","117.1155","279.7591","88.2035","117.6197","112.6255","121.3402","147.9111","196.7511"
"C:\Users\cfg364\Sommerlab Dropbox\Casper van der Luijt\Casper\Data\BioLog\OmniLog\CL2\DATA_2024\07\_NRRL 471_Aspergillus oryzae__1_30_CL2_769_7#24#2024_A_24B_35.OKA","7/24/2024 10:32:48 PM","24-B","PM01","","NRRL 471","Aspergillus oryzae","",80.2500,"96.2982","283.5295","161.9361","133.6137","218.8828","186.7726","133.6858","149.7708","196.3049","191.4192","177.9584","197.8150","113.6239","177.7516","159.3472","137.9406","161.5846","160.2849","120.4618","281.6632","122.0921","91.3745","171.5219","143.7898","105.4795","149.3804","140.2519","274.4955","91.9539","239.6890","184.4401","88.3923","164.0857","157.7067","185.2695","102.4670","139.9090","82.4005","84.1707","83.2645","90.5446","113.6187","138.5287","105.7603","146.4385","128.7754","172.6502","110.5919","158.4953","137.3531","90.4751","159.1269","81.3072","40.4548","73.9004","165.4995","141.4262","177.7219","81.6268","134.3453","119.1723","135.3745","141.8478","116.7450","113.7529","100.7409","67.8065","122.4557","212.5249","144.6844","192.3993","142.3057","116.3873","71.3601","104.1881","128.4444","144.5678","150.1413","71.5321","77.9501","93.6708","151.0121","145.0925","137.0788","135.1211","172.5275","158.9381","194.1902","112.8561","283.6184","87.9879","120.1804","115.3910","121.0931","146.7006","195.8327"
"C:\Users\cfg364\Sommerlab Dropbox\Casper van der Luijt\Casper\Data\BioLog\OmniLog\CL2\DATA_2024\07\_NRRL 471_Aspergillus oryzae__1_30_CL2_769_7#24#2024_A_24B_35.OKA","7/24/2024 10:32:48 PM","24-B","PM01","","NRRL 471","Aspergillus oryzae","",80.5000,"92.9754","284.6762","162.0274","137.4458","219.4743","185.5541","129.0300","145.7301","195.4421","192.7667","177.5995","196.3223","113.1284","180.0917","157.5217","135.4191","162.9089","162.1732","126.4432","281.1644","120.4692","91.1138","168.7196","149.6877","105.4901","148.9303","139.1801","275.9822","95.1563","233.4735","185.0703","82.1131","165.2323","159.9103","186.6718","100.3205","138.3567","81.9589","84.4979","84.5423","88.7408","113.4843","142.0578","107.0759","148.8736","131.1647","173.3168","113.4813","159.6168","139.5078","94.7192","152.6351","79.2197","40.9923","77.3150","167.7313","140.4666","181.3971","82.9832","134.0464","121.9191","138.4648","145.5022","114.5829","114.1668","106.5755","72.1193","120.1711","212.4232","142.7388","194.5126","147.9668","112.0095","72.8673","100.1360","130.2678","146.9451","149.1522","73.1796","75.1569","88.9469","152.2931","145.8030","137.3725","141.1882","175.0329","157.1945","196.2097","120.2122","282.8660","89.5433","117.0758","112.0013","122.0532","146.4939","198.1799"
"C:\Users\cfg364\Sommerlab Dropbox\Casper van der Luijt\Casper\Data\BioLog\OmniLog\CL2\DATA_2024\07\_NRRL 471_Aspergillus oryzae__1_30_CL2_769_7#24#2024_A_24B_35.OKA","7/24/2024 10:32:48 PM","24-B","PM01","","NRRL 471","Aspergillus oryzae","",80.7500,"93.9979","281.8485","160.2899","130.7847","221.0294","186.1420","129.4233","142.5216","196.8753","188.0694","178.1516","199.9324","115.4838","183.8392","157.0375","131.6198","164.8535","160.4860","120.8162","281.6559","115.5333","86.0619","169.9262","139.6015","104.0816","150.5938","140.8664","272.2639","91.1525","231.2638","184.3595","83.5125","162.9823","157.1269","181.0000","99.7901","141.4211","80.0543","81.2578","81.9726","92.3238","113.4365","139.9616","105.8461","145.1473","128.9617","171.2952","109.6058","159.8247","137.5780","88.8409","149.4088","79.4352","40.7174","72.9673","167.5756","144.4766","177.1819","84.6106","131.4061","119.6210","138.7784","141.8547","118.4542","111.2064","103.5574","67.0502","117.5502","209.4610","147.3166","192.3739","145.7015","112.5551","66.4056","103.0273","127.7073","142.2505","149.2132","75.1307","77.2824","91.5974","149.0424","142.4744","132.6741","139.0106","176.0803","156.2599","195.3972","117.8841","281.7216","84.7433","113.0520","111.1191","118.0332","142.3457","196.7973"
"C:\Users\cfg364\Sommerlab Dropbox\Casper van der Luijt\Casper\Data\BioLog\OmniLog\CL2\DATA_2024\07\_NRRL 471_Aspergillus oryzae__1_30_CL2_769_7#24#2024_A_24B_35.OKA","7/24/2024 10:32:48 PM","24-B","PM01","","NRRL 471","Aspergillus oryzae","",81.0000,"97.3296","281.2183","161.3881","132.1686","220.2526","184.4192","127.6057","150.4335","195.6777","187.5845","175.0152","198.1665","114.2789","188.7769","158.0162","134.2330","162.1502","161.4326","116.7955","283.6244","115.5334","88.5023","172.7638","139.3144","106.6377","150.9204","138.7714","277.9536","91.6498","232.9578","184.3183","81.1004","163.8410","157.8705","179.4944","103.0283","137.9600","77.1315","82.8838","82.8197","87.8604","113.7774","144.6095","109.2995","146.6850","130.7003","176.0302","112.7060","157.8238","137.6520","92.0426","157.6567","76.3920","38.6203","77.5621","169.7025","142.8062","177.2559","84.9833","131.8371","118.4288","135.3801","143.2878","114.2205","114.6437","105.6053","66.0457","120.8251","206.3039","146.3725","188.7332","143.7950","110.3720","74.4922","103.6238","130.5949","144.2521","154.1281","74.6426","80.6074","89.0469","148.7125","145.4573","133.3084","140.4620","179.7360","158.8003","193.7054","115.5332","284.7938","91.3432","116.8220","112.3761","122.0192","144.2427","199.1741"
"C:\Users\cfg364\Sommerlab Dropbox\Casper van der Luijt\Casper\Data\BioLog\OmniLog\CL2\DATA_2024\07\_NRRL 471_Aspergillus oryzae__1_30_CL2_769_7#24#2024_A_24B_35.OKA","7/24/2024 10:32:48 PM","24-B","PM01","","NRRL 471","Aspergillus oryzae","",81.2500,"93.6268","282.2669","161.3532","128.4492","221.9137","187.6108","127.7175","148.3567","196.6063","188.4017","173.5734","196.6809","111.6859","179.2189","159.1974","135.3186","163.6358","161.0749","120.5604","280.7696","118.9525","89.0826","168.4466","142.7628","102.2668","149.2042","142.2926","276.6330","93.8849","235.1783","184.0570","86.8450","164.9267","152.5371","185.8943","100.9354","142.0319","79.6011","84.5450","82.9789","92.0188","110.1519","140.5014","112.2845","148.8387","127.5714","176.0738","113.2561","158.1142","135.6890","86.7277","150.7403","84.4694","37.7399","72.2337","167.1898","141.8652","179.6741","84.6341","132.6285","120.5511","132.0608","144.2268","116.9011","116.1806","104.6093","66.8685","120.6397","210.2745","144.6232","188.2130","148.4225","116.0875","66.7861","103.1773","126.6929","144.9485","152.7304","75.5453","75.7071","90.6955","150.7361","147.0908","133.8525","139.4044","179.4266","163.2341","193.5190","114.5485","281.7927","83.8915","116.1527","110.0988","119.5120","147.0445","202.2206"
"C:\Users\cfg364\Sommerlab Dropbox\Casper van der Luijt\Casper\Data\BioLog\OmniLog\CL2\DATA_2024\07\_NRRL 471_Aspergillus oryzae__1_30_CL2_769_7#24#2024_A_24B_35.OKA","7/24/2024 10:32:48 PM","24-B","PM01","","NRRL 471","Aspergillus oryzae","",81.5000,"90.5272","280.6097","162.3070","128.3713","218.3992","185.2801","126.9866","144.2571","189.2763","188.0304","170.6522","196.0043","114.3129","184.2175","161.2450","133.9120","162.8435","157.3371","121.5749","283.1028","116.9982","87.5329","171.0039","145.4741","102.5047","142.1299","138.2126","275.5923","90.6561","236.0913","183.5794","84.9005","159.8322","157.0452","182.1511","99.7897","141.0796","79.9659","82.8337","84.2925","88.8509","113.6480","141.5359","108.2769","146.6568","130.4148","172.2851","112.3716","157.3855","137.4249","90.4937","151.9096","81.7645","39.4193","71.5549","170.3434","140.6501","179.2503","79.9682","134.1646","116.9945","137.3149","145.4621","115.1545","115.3147","102.8885","66.3256","117.7317","206.2453","141.6409","189.8038","142.1174","109.3936","66.9227","102.6636","129.3174","144.4698","151.5206","77.4880","77.5647","90.4428","148.8318","145.5619","136.8754","137.8004","181.9294","162.4969","194.6736","112.2981","282.2318","90.1935","119.3340","112.3788","117.7175","146.9481","202.5673"
"C:\Users\cfg364\Sommerlab Dropbox\Casper van der Luijt\Casper\Data\BioLog\OmniLog\CL2\DATA_2024\07\_NRRL 471_Aspergillus oryzae__1_30_CL2_769_7#24#2024_A_24B_35.OKA","7/24/2024 10:32:48 PM","24-B","PM01","","NRRL 471","Aspergillus oryzae","",81.7500,"94.8287","280.0575","161.5296","132.0864","220.2512","190.2394","128.3625","150.9062","191.5153","188.4505","177.7039","197.4695","115.4674","182.7811","161.5564","132.0984","163.5585","161.4174","123.8296","283.5822","121.1442","91.3220","170.8948","144.1249","103.4660","150.9722","140.7946","275.7916","92.4296","234.1868","185.2321","85.0438","167.0722","156.3433","186.4157","101.7965","139.9951","82.4602","79.8159","85.6137","91.6681","114.0485","139.2844","109.3283","143.5126","126.3941","174.0704","113.8210","159.3183","135.7939","93.7204","153.8616","79.5587","37.8920","74.0799","170.6371","142.9702","175.5807","84.3138","134.7266","117.2115","134.0483","142.5484","119.8830","119.4076","103.3598","66.2059","120.6315","211.6432","146.0269","195.1226","148.6840","113.6903","68.5341","102.8894","127.9444","144.0880","155.8214","76.5474","79.8643","91.3881","154.7121","141.3728","136.9975","142.3340","181.7870","160.9742","196.1189","116.6111","282.9664","89.4538","119.1445","114.2202","119.3871","146.9227","198.8015"
"C:\Users\cfg364\Sommerlab Dropbox\Casper van der Luijt\Casper\Data\BioLog\OmniLog\CL2\DATA_2024\07\_NRRL 471_Aspergillus oryzae__1_30_CL2_769_7#24#2024_A_24B_35.OKA","7/24/2024 10:32:48 PM","24-B","PM01","","NRRL 471","Aspergillus oryzae","",82.0000,"92.1763","281.8008","160.5556","132.5273","221.8268","188.2420","129.9765","143.8500","190.7682","188.7926","176.5977","198.4585","117.7325","182.6245","159.8559","132.7032","164.7254","162.0921","121.1302","281.2154","119.7732","88.6490","168.6746","137.7380","105.0886","148.5675","136.9975","275.4222","94.2779","234.2559","184.8651","84.9648","170.1924","156.0144","182.7607","97.9070","134.9530","77.1360","83.9320","83.9526","89.8614","113.3926","141.5729","112.0017","149.3855","130.7188","173.2502","112.2076","159.0103","134.3242","90.1517","158.7335","82.2535","42.4826","76.2821","168.1615","149.5662","184.0166","83.4804","136.3504","121.1658","130.9682","144.2988","114.2183","120.8897","102.8013","62.7736","119.7503","211.3793","146.5728","188.0296","145.5466","113.2729","67.5427","104.4640","126.7312","144.4052","147.6633","76.9646","78.9546","89.7653","145.8349","144.5276","135.0613","139.2891","181.8697","160.1720","193.3633","113.7059","281.4340","88.7586","114.3191","113.3488","121.5355","147.7929","197.3248"
"C:\Users\cfg364\Sommerlab Dropbox\Casper van der Luijt\Casper\Data\BioLog\OmniLog\CL2\DATA_2024\07\_NRRL 471_Aspergillus oryzae__1_30_CL2_769_7#24#2024_A_24B_35.OKA","7/24/2024 10:32:48 PM","24-B","PM01","","NRRL 471","Aspergillus oryzae","",82.2500,"96.5469","282.6168","163.3854","130.9959","222.0151","187.4740","127.3800","146.7994","192.3320","191.7803","172.2264","195.7955","111.7334","181.0529","160.4541","132.8118","158.9767","163.3043","121.8738","280.2828","119.9677","88.4009","167.8330","145.4995","105.5290","148.1210","145.2155","275.6791","91.6647","234.9682","185.2156","85.6327","167.5789","159.7001","180.6780","102.1113","140.6353","80.4715","79.4290","80.9387","91.6378","114.1578","143.2795","116.0722","147.9147","133.8008","173.2710","111.0635","161.3616","134.3169","91.0607","155.9708","80.5849","44.2114","77.4122","169.4466","141.4100","179.5063","83.2747","133.3076","121.2770","135.7136","145.1030","115.9252","116.8589","102.3221","65.9246","121.2167","212.2606","144.6992","188.1370","147.2877","116.4802","72.9825","100.7552","128.3222","144.0779","152.5607","78.9506","81.6227","92.5985","148.4276","148.9088","136.7901","141.9280","183.0896","162.7434","194.0603","119.5550","282.5601","88.2208","117.6201","109.9399","121.1257","151.2424","199.2076"
"C:\Users\cfg364\Sommerlab Dropbox\Casper van der Luijt\Casper\Data\BioLog\OmniLog\CL2\DATA_2024\07\_NRRL 471_Aspergillus oryzae__1_30_CL2_769_7#24#2024_A_24B_35.OKA","7/24/2024 10:32:48 PM","24-B","PM01","","NRRL 471","Aspergillus oryzae","",82.5000,"93.7483","280.1969","163.2822","130.6832","220.3858","189.2602","123.9092","148.8907","192.0020","190.9902","174.1253","199.6516","112.9376","185.9787","161.3021","129.6899","164.7141","157.9603","121.4942","278.1624","121.8554","87.6447","174.8017","140.3994","105.1065","149.3395","139.1821","274.2135","91.7903","236.0372","186.0188","87.2051","164.2908","156.2727","187.0108","99.2337","138.3734","80.4111","85.8361","82.8882","92.4665","115.4460","142.1380","110.5616","147.0944","135.0840","171.8703","113.0811","156.7695","131.7394","91.6346","152.8346","80.6214","42.9664","76.5289","169.8110","144.3733","179.3962","84.1581","133.1195","120.7132","134.6009","145.8806","120.1233","114.6734","103.5474","66.0567","122.2473","210.6625","144.4499","192.4177","146.8212","115.4770","70.9629","103.6624","130.7629","148.0184","150.8976","76.2454","76.4700","90.5957","149.2503","146.4010","136.6440","142.0607","184.1084","161.0165","193.4641","113.8756","284.9190","90.8254","115.1351","111.3325","119.0547","147.6297","203.0166"
"C:\Users\cfg364\Sommerlab Dropbox\Casper van der Luijt\Casper\Data\BioLog\OmniLog\CL2\DATA_2024\07\_NRRL 471_Aspergillus oryzae__1_30_CL2_769_7#24#2024_A_24B_35.OKA","7/24/2024 10:32:48 PM","24-B","PM01","","NRRL 471","Aspergillus oryzae","",82.7500,"95.6712","283.8579","160.7370","131.8197","221.3391","189.1633","130.3705","148.5263","194.0565","190.1215","177.8673","201.6226","113.4055","186.8348","164.2234","133.6784","164.1483","162.0257","126.3123","282.2079","121.1082","92.4474","175.6863","140.8611","107.0393","149.0785","141.2252","274.2780","93.0082","234.3634","185.3173","89.6942","163.8726","156.4659","188.2244","100.6856","140.7468","82.7978","85.8987","85.6051","91.6116","117.9559","144.5188","111.5808","149.5518","136.0897","173.2178","114.3890","157.7518","135.4059","91.1357","154.1572","83.9382","42.8727","75.2253","171.5464","140.4281","181.2946","81.6220","136.3756","121.2057","135.4332","146.0036","116.3647","118.1410","104.6184","70.5628","120.3586","212.9447","145.4411","190.3938","147.3879","115.2621","70.3891","101.1186","130.1784","147.9544","151.2789","72.7529","77.7382","93.1190","149.1539","145.3497","135.8642","142.7691","184.2976","162.9506","193.3101","117.0984","286.8857","90.7623","118.4179","111.7500","123.0329","146.4917","196.0336"
"C:\Users\cfg364\Sommerlab Dropbox\Casper van der Luijt\Casper\Data\BioLog\OmniLog\CL2\DATA_2024\07\_NRRL 471_Aspergillus oryzae__1_30_CL2_769_7#24#2024_A_24B_35.OKA","7/24/2024 10:32:48 PM","24-B","PM01","","NRRL 471","Aspergillus oryzae","",83.0000,"90.5631","279.8669","159.3678","134.3760","220.4230","187.3040","126.6320","146.8732","188.8992","190.0874","176.5130","201.2290","117.6149","184.7267","154.7229","135.3754","167.5757","159.7820","121.9019","282.7751","119.8379","90.6690","169.6047","148.6084","108.5912","150.6721","137.6429","274.2214","93.3105","236.7941","183.0269","83.3005","164.6865","155.8079","182.7437","100.8004","138.5224","82.6628","86.4942","80.6700","91.7427","116.5834","140.6308","110.1092","148.4354","133.7836","174.4867","110.6520","162.5796","138.7907","87.9042","152.8971","79.3930","40.2129","76.6398","171.5746","143.6325","180.1492","79.7317","135.0590","119.9570","132.6766","143.3867","119.2163","117.0017","99.5968","67.0249","119.4785","213.0429","142.9374","190.3735","146.0654","114.4205","72.4998","101.8297","128.6013","149.0315","151.8380","75.0441","75.4035","89.0422","150.5097","142.4225","135.3562","140.1482","186.1698","163.5641","190.6570","116.2336","283.8622","88.7933","114.7854","111.8083","117.9174","150.4363","198.8944"
"C:\Users\cfg364\Sommerlab Dropbox\Casper van der Luijt\Casper\Data\BioLog\OmniLog\CL2\DATA_2024\07\_NRRL 471_Aspergillus oryzae__1_30_CL2_769_7#24#2024_A_24B_35.OKA","7/24/2024 10:32:48 PM","24-B","PM01","","NRRL 471","Aspergillus oryzae","",83.2500,"92.8168","281.1084","165.5366","128.1642","222.3053","185.2117","131.4967","148.6546","193.0147","188.9858","174.1797","204.6060","112.1085","185.3244","161.2467","136.0503","162.8616","158.3621","119.5463","281.9367","119.1854","88.4534","169.4359","142.6375","105.3250","146.1013","141.7230","272.5533","88.6418","235.3466","187.3380","86.3636","167.5319","159.1507","181.8637","101.4792","136.0542","82.4792","80.5638","81.7476","88.2236","112.5239","141.2656","109.6988","148.3881","132.5170","173.2798","108.0892","159.4583","134.0736","91.5152","154.7143","81.2950","42.3752","77.3766","167.8547","145.5637","178.6274","83.2322","130.6130","117.6496","138.4041","147.6743","119.3814","115.8905","100.0788","67.4727","121.9439","211.5387","141.7717","193.4823","143.7633","117.2500","67.6752","103.6820","126.6750","144.9429","153.0168","75.9218","77.2137","90.6054","149.5918","141.6677","134.6194","141.4587","185.0540","165.2019","193.1870","118.1130","283.9263","91.4207","114.6074","113.1154","117.2742","145.0036","203.6210"
"C:\Users\cfg364\Sommerlab Dropbox\Casper van der Luijt\Casper\Data\BioLog\OmniLog\CL2\DATA_2024\07\_NRRL 471_Aspergillus oryzae__1_30_CL2_769_7#24#2024_A_24B_35.OKA","7/24/2024 10:32:48 PM","24-B","PM01","","NRRL 471","Aspergillus oryzae","",83.5000,"96.3958","284.2885","162.6345","131.9226","222.7408","190.5648","129.6259","144.6516","193.4963","189.2096","176.0865","207.0477","112.5786","186.1442","160.9753","133.3892","166.3944","158.2426","126.3061","280.7874","120.8150","89.3085","173.1620","142.4864","106.8163","150.1807","139.4898","274.5644","94.8520","238.1021","188.7840","89.2962","169.1232","158.2314","183.2401","105.8930","137.5808","80.5801","81.2746","83.0792","92.0219","114.2975","144.9241","110.3023","149.0497","131.7764","173.6992","112.0208","161.6533","134.6907","86.6618","154.4796","80.2196","39.8130","74.3566","170.6568","149.8604","178.5311","85.8205","136.8566","117.0569","138.5578","146.2778","122.5226","119.8252","103.3555","66.7341","118.7085","210.0793","146.8674","192.0394","147.0454","116.4635","68.3195","103.3358","128.5833","146.1497","153.5699","76.5161","76.2408","87.8804","148.2068","144.8800","139.7484","142.7114","188.4940","160.4160","192.0036","116.1927","283.0439","89.8088","118.5434","112.6213","117.4032","146.5762","200.1926"
"C:\Users\cfg364\Sommerlab Dropbox\Casper van der Luijt\Casper\Data\BioLog\OmniLog\CL2\DATA_2024\07\_NRRL 471_Aspergillus oryzae__1_30_CL2_769_7#24#2024_A_24B_35.OKA","7/24/2024 10:32:48 PM","24-B","PM01","","NRRL 471","Aspergillus oryzae","",83.7500,"94.0403","282.5323","164.8383","129.6903","215.8166","192.2960","127.2143","151.5242","193.6367","191.9759","173.0729","204.9285","112.9587","185.1550","158.6714","132.2050","167.3416","161.9972","125.7648","285.4158","122.8061","88.0906","171.3755","141.5274","107.0571","147.8293","139.4532","274.9559","90.1697","234.3658","186.8434","89.1367","165.2804","155.6445","183.2155","102.7431","142.4316","81.5493","82.3128","83.8149","87.8421","117.1716","145.1199","113.5194","149.8716","133.2009","174.3783","111.4175","156.9935","138.5064","91.1510","155.9113","81.4233","39.1472","74.0419","171.2428","146.4087","182.1305","85.2238","135.7314","120.3522","135.5954","148.1017","116.4256","118.5491","104.1585","68.6239","122.0870","208.3615","145.9450","191.1809","145.8211","116.7480","68.6109","101.8229","130.1309","148.4286","153.4651","73.0155","79.5159","91.2412","150.5503","141.7296","135.1093","137.7767","188.5080","163.6186","194.6979","114.9449","281.3398","89.8871","115.2591","116.4095","117.9134","147.8291","203.4064"
"C:\Users\cfg364\Sommerlab Dropbox\Casper van der Luijt\Casper\Data\BioLog\OmniLog\CL2\DATA_2024\07\_NRRL 471_Aspergillus oryzae__1_30_CL2_769_7#24#2024_A_24B_35.OKA","7/24/2024 10:32:48 PM","24-B","PM01","","NRRL 471","Aspergillus oryzae","",84.0000,"94.8971","280.5321","160.3858","125.3963","217.3064","186.8867","129.8916","146.3871","191.4425","189.6400","173.7943","208.1288","114.4607","183.8853","162.9812","134.5343","165.7221","162.1949","125.4318","282.8050","120.5593","85.8891","171.0688","143.0006","107.0463","149.3100","137.3898","276.0364","92.4382","233.4267","185.5209","83.4893","163.8652","158.0894","181.0903","99.5977","140.1223","80.7942","79.6280","83.7109","87.9620","116.0505","145.3213","112.6687","147.3500","132.7880","174.5574","108.9152","159.0967","134.2584","87.6399","153.6426","78.1373","38.6333","74.8918","172.1412","145.7818","176.0630","82.6416","134.9002","124.1961","135.4372","148.9088","119.7636","120.7670","98.2382","69.5620","119.9371","212.1741","143.2765","190.0594","144.6610","113.6020","71.8367","102.1293","131.9357","143.4738","152.8472","74.3209","75.6167","92.5934","148.2226","143.7321","136.8113","141.1052","186.6030","161.1403","192.0363","115.1482","284.0555","88.0479","114.5330","114.0011","120.3700","150.2537","201.9860"
"C:\Users\cfg364\Sommerlab Dropbox\Casper van der Luijt\Casper\Data\BioLog\OmniLog\CL2\DATA_2024\07\_NRRL 471_Aspergillus oryzae__1_30_CL2_769_7#24#2024_A_24B_35.OKA","7/24/2024 10:32:48 PM","24-B","PM01","","NRRL 471","Aspergillus oryzae","",84.2500,"92.6697","281.6753","162.0513","126.4580","221.7600","189.7115","125.3286","147.0106","198.0026","191.4822","173.4016","207.7196","110.3429","186.5858","161.2086","131.9402","168.2003","164.1468","120.8699","281.9910","123.7779","90.2184","171.7422","139.9496","105.3246","151.9724","140.4654","275.2510","90.6543","234.5110","184.0711","83.4826","163.9525","162.1651","185.5725","100.7442","141.1020","79.8440","81.3657","81.6999","91.1887","119.0206","149.4134","112.3650","149.6717","133.8145","174.7453","112.1780","159.1674","129.4594","91.8649","152.0975","81.5946","38.5826","76.7987","172.5095","148.8335","182.1842","80.7190","130.2287","121.9042","137.7965","148.9670","117.9802","116.7461","102.3439","68.0731","121.7419","210.9643","144.2275","190.7135","147.0551","116.4450","67.3561","102.1357","132.3011","146.7051","152.5609","74.2548","80.0653","92.1913","148.1787","142.6471","133.4048","141.8661","183.2784","160.1948","195.0743","115.7815","283.2903","84.6937","113.7218","111.4959","118.3735","141.9927","202.1470"
"C:\Users\cfg364\Sommerlab Dropbox\Casper van der Luijt\Casper\Data\BioLog\OmniLog\CL2\DATA_2024\07\_NRRL 471_Aspergillus oryzae__1_30_CL2_769_7#24#2024_A_24B_35.OKA","7/24/2024 10:32:48 PM","24-B","PM01","","NRRL 471","Aspergillus oryzae","",84.5000,"94.1637","281.8371","163.5757","126.3308","220.0517","191.4203","127.6205","147.4091","197.6724","193.3089","173.2679","208.9728","111.0037","181.8046","160.5961","129.3840","166.2638","159.9016","122.4178","283.1907","118.3325","84.7121","174.9050","140.3120","104.3097","153.2416","139.6478","277.6686","90.6231","235.8399","183.0474","83.7396","167.0334","158.4913","185.0259","100.1841","135.9552","85.8772","83.2572","83.3970","90.1469","117.5477","147.4487","110.1019","152.8277","134.3337","175.1697","112.6347","160.9624","136.4088","87.6302","152.1291","80.1624","36.8745","80.0918","169.3847","146.8586","182.3468","83.1208","131.7303","120.8308","132.7758","149.3986","120.0309","120.8735","102.5647","70.1576","115.3948","210.4214","148.8568","190.2304","147.3993","115.8374","70.8344","103.4399","133.8400","146.1923","152.7196","73.9384","77.7043","90.9771","145.0938","142.9043","131.4078","140.6069","187.1816","164.1416","194.3659","116.2895","282.4839","87.5806","114.4512","114.0925","119.6254","148.0587","198.6194"
"C:\Users\cfg364\Sommerlab Dropbox\Casper van der Luijt\Casper\Data\BioLog\OmniLog\CL2\DATA_2024\07\_NRRL 471_Aspergillus oryzae__1_30_CL2_769_7#24#2024_A_24B_35.OKA","7/24/2024 10:32:48 PM","24-B","PM01","","NRRL 471","Aspergillus oryzae","",84.7500,"93.9679","283.3317","159.7760","129.2269","222.1687","189.0690","126.1028","148.4330","191.9416","191.0949","172.5074","210.5513","111.1835","187.2508","161.2297","135.8334","164.2078","162.2342","122.6145","282.1696","122.6796","90.4151","171.7724","140.9068","102.8458","148.5643","138.6446","274.8980","95.3605","237.2224","187.6757","86.8311","164.2003","156.2638","184.5997","100.2763","138.3863","82.2141","81.7386","82.8441","91.7075","117.5178","145.7118","112.2694","150.8640","134.5537","172.0981","111.5352","159.5547","135.1085","94.0673","155.6475","82.0724","40.2574","76.8007","172.7055","149.8382","182.1154","84.3652","133.3653","120.1316","132.9943","150.7076","119.3235","121.2642","101.8012","68.2733","118.4102","208.5676","141.0218","192.6732","141.7135","114.3981","67.1615","104.3555","131.1839","144.8764","152.3043","74.1521","74.9597","92.4947","148.7617","146.3464","134.0732","142.1744","186.3236","165.6702","195.7086","115.8132","285.8075","88.7110","113.4811","111.8621","120.5159","147.7042","201.9618"
"C:\Users\cfg364\Sommerlab Dropbox\Casper van der Luijt\Casper\Data\BioLog\OmniLog\CL2\DATA_2024\07\_NRRL 471_Aspergillus oryzae__1_30_CL2_769_7#24#2024_A_24B_35.OKA","7/24/2024 10:32:48 PM","24-B","PM01","","NRRL 471","Aspergillus oryzae","",85.0000,"89.9784","283.1691","161.7918","129.6361","219.5695","191.6290","124.4275","152.5237","197.2927","192.1617","175.0210","213.3014","112.0880","186.2977","164.1665","134.6879","167.8163","162.5190","125.4541","282.4960","119.2953","92.3488","169.7879","146.1346","104.9949","148.0420","140.5310","275.9981","92.0375","235.9275","185.8213","85.1652","164.9385","159.0747","186.8776","103.7961","139.9660","83.1932","82.5278","81.9456","92.5012","116.0371","144.8517","112.8750","151.4435","135.3982","177.3651","114.5026","161.0503","135.1085","97.0716","155.1768","79.3315","37.7487","78.2644","171.4372","145.7717","182.5747","88.0902","134.7907","118.9297","133.1231","148.8403","119.1988","120.0855","104.1027","70.2254","120.0314","211.0244","142.9395","192.9633","144.1709","114.4894","68.8171","104.5416","130.5042","148.6273","151.6967","73.4226","75.1821","92.0175","149.5299","142.7654","134.6051","140.4188","184.8607","164.1734","194.5938","118.1311","284.5558","85.3806","115.2585","112.1187","117.1136","150.1380","199.8545"
"C:\Users\cfg364\Sommerlab Dropbox\Casper van der Luijt\Casper\Data\BioLog\OmniLog\CL2\DATA_2024\07\_NRRL 471_Aspergillus oryzae__1_30_CL2_769_7#24#2024_A_24B_35.OKA","7/24/2024 10:32:48 PM","24-B","PM01","","NRRL 471","Aspergillus oryzae","",85.2500,"96.9523","282.4231","162.2723","130.0873","220.9619","194.7275","131.4443","146.7939","195.1555","190.0235","175.1138","216.6324","113.4074","186.2621","162.7305","133.6288","165.9153","163.3068","124.7719","281.5936","118.0438","89.0304","174.6913","139.9801","105.2192","152.2315","141.3828","275.5805","94.7112","239.3021","188.1709","86.7486","165.5921","157.6880","182.1972","99.6035","137.8752","80.0617","86.9971","79.7278","87.9182","117.3127","146.7621","111.1802","151.5105","137.0878","175.1741","112.0687","158.9666","131.9260","95.1732","156.9040","80.5013","40.8141","78.4664","171.0559","149.4978","178.0460","85.5859","136.6439","124.1434","134.6960","148.9810","120.1557","122.1870","100.1129","69.5477","122.6598","209.1683","146.1763","192.7515","148.9108","113.5029","64.6980","102.0493","129.7767","146.5170","155.4503","70.7023","78.2796","91.7149","148.5649","144.7028","134.8336","146.7767","186.7624","166.3844","194.2484","117.4332","283.2551","87.9886","117.8743","108.7484","118.3420","147.9047","199.4008"
"C:\Users\cfg364\Sommerlab Dropbox\Casper van der Luijt\Casper\Data\BioLog\OmniLog\CL2\DATA_2024\07\_NRRL 471_Aspergillus oryzae__1_30_CL2_769_7#24#2024_A_24B_35.OKA","7/24/2024 10:32:48 PM","24-B","PM01","","NRRL 471","Aspergillus oryzae","",85.5000,"94.7248","281.0264","164.0155","132.1630","218.7735","191.6089","128.1355","150.8325","196.0596","188.2397","175.4526","213.5275","115.1385","187.6588","164.9360","137.0558","168.7387","163.1936","126.3530","280.6348","128.5725","92.2283","175.2030","145.8561","103.7824","155.3660","142.0129","276.7938","96.3502","239.6100","189.8366","85.0196","167.7135","158.2218","183.3826","103.6716","140.0450","84.6497","87.0417","83.2329","95.3990","118.5886","145.9024","112.6541","153.8517","138.8724","176.8417","114.7247","159.6735","139.7937","92.9864","157.6387","87.0984","42.2394","82.0034","174.1374","145.9647","186.7780","87.7280","138.3263","121.5606","137.7622","153.1390","124.2530","120.1425","103.6436","74.4055","126.0056","209.1846","145.3198","191.3989","143.7692","119.5684","69.1235","101.4401","134.2166","153.7749","151.8564","77.9687","80.5701","94.3452","151.7921","145.3954","137.8991","146.9729","190.3360","172.0107","194.5594","120.6631","286.5742","91.1307","118.1572","110.2792","115.3473","149.8266","204.4939"
"C:\Users\cfg364\Sommerlab Dropbox\Casper van der Luijt\Casper\Data\BioLog\OmniLog\CL2\DATA_2024\07\_NRRL 471_Aspergillus oryzae__1_30_CL2_769_7#24#2024_A_24B_35.OKA","7/24/2024 10:32:48 PM","24-B","PM01","","NRRL 471","Aspergillus oryzae","",85.7500,"97.1196","284.2421","167.2843","133.3604","222.4849","196.8005","132.0553","147.6977","197.2607","191.7591","178.2230","216.4096","113.9497","190.7483","165.0649","137.3109","169.5179","162.7470","125.7057","284.8514","126.4962","94.7821","175.0050","145.7238","109.6829","156.3417","142.0762","279.9438","94.8495","237.8692","189.6772","87.7276","172.1573","161.9538","190.6269","104.5270","139.7601","89.0778","86.1578","85.2921","94.2918","121.2972","149.8589","114.3515","151.9126","137.5985","178.4133","114.4305","161.7847","142.2533","96.0125","157.1342","82.2383","43.7479","80.9512","175.9433","148.8692","186.8430","91.5822","137.4418","122.3331","139.0717","154.7101","122.8941","121.6208","107.1122","72.1929","126.8890","212.3728","145.7031","194.7899","147.8927","117.6466","70.6935","108.1857","132.3624","154.4783","156.1742","81.0372","80.4122","96.3897","153.1040","142.8499","136.6849","147.4961","189.8289","171.2026","196.2326","119.8079","286.1889","88.1231","120.1135","114.3314","117.8410","151.5370","207.9271"
"C:\Users\cfg364\Sommerlab Dropbox\Casper van der Luijt\Casper\Data\BioLog\OmniLog\CL2\DATA_2024\07\_NRRL 471_Aspergillus oryzae__1_30_CL2_769_7#24#2024_A_24B_35.OKA","7/24/2024 10:32:48 PM","24-B","PM01","","NRRL 471","Aspergillus oryzae","",86.0000,"97.2928","280.8001","166.0288","129.3097","218.8229","189.3943","129.3994","154.7279","198.0305","192.6567","178.3920","220.3415","116.2658","187.8731","166.3270","135.2578","171.0026","166.2774","126.0121","281.7701","127.1995","92.6815","173.3603","142.3431","108.3147","153.8506","144.4507","280.2961","93.9230","238.8096","190.5308","90.0244","166.7666","158.8556","186.8465","101.3736","139.0465","84.7704","87.6884","84.8724","92.9212","122.5609","147.3220","116.1684","153.1391","136.6201","174.1808","115.7163","159.4161","134.3323","96.3537","157.6439","79.3310","42.5439","79.5055","175.5733","153.3764","184.2902","86.7860","135.7262","123.4530","137.4790","150.4599","121.8453","122.2682","104.4274","69.9197","123.5552","213.6645","146.1152","193.7564","152.8438","113.9129","75.3269","102.1630","133.7888","149.0032","155.9558","77.5145","78.8447","95.3640","148.2312","145.2072","134.1798","143.4896","192.4486","168.1086","196.9970","118.8325","283.4086","92.1965","121.1571","113.8106","120.7591","149.1163","204.9934"
"C:\Users\cfg364\Sommerlab Dropbox\Casper van der Luijt\Casper\Data\BioLog\OmniLog\CL2\DATA_2024\07\_NRRL 471_Aspergillus oryzae__1_30_CL2_769_7#24#2024_A_24B_35.OKA","7/24/2024 10:32:48 PM","24-B","PM01","","NRRL 471","Aspergillus oryzae","",86.2500,"92.5588","281.4222","166.3245","134.4064","218.2010","194.9773","126.6608","150.1546","193.3951","192.3618","176.7387","215.8440","116.7373","187.0018","166.3652","135.5355","167.8092","164.1514","128.5587","283.2870","124.3420","92.8543","177.6485","141.6374","107.6039","150.7927","139.1352","276.7174","96.6621","236.8130","188.5252","87.5173","166.4284","156.9992","185.5599","104.5172","139.9850","81.8115","85.6741","82.6364","92.7016","118.7601","146.0632","118.9889","157.1652","138.3273","176.7050","115.1460","157.4436","136.7065","95.3706","155.3581","81.6468","43.3023","79.1505","175.0102","147.8573","182.6509","87.5669","132.8764","121.8320","136.7702","155.5117","124.2315","121.5077","104.6601","72.0769","126.9062","213.5549","144.8774","193.9718","145.6289","115.4792","70.3647","108.0480","129.8809","151.9850","157.7921","75.1245","78.8769","89.2886","149.9947","147.0372","134.6369","145.5612","187.3989","165.9332","193.9384","115.0797","284.5334","88.7004","123.4390","114.3192","114.5294","152.9094","202.8906"
"C:\Users\cfg364\Sommerlab Dropbox\Casper van der Luijt\Casper\Data\BioLog\OmniLog\CL2\DATA_2024\07\_NRRL 471_Aspergillus oryzae__1_30_CL2_769_7#24#2024_A_24B_35.OKA","7/24/2024 10:32:48 PM","24-B","PM01","","NRRL 471","Aspergillus oryzae","",86.5000,"93.3033","281.3781","163.4062","136.3722","218.4189","192.5795","125.4420","149.2871","198.7483","192.3760","179.5225","217.5399","115.6451","190.5549","164.2249","133.8425","168.6946","165.0764","123.6865","282.5677","124.7181","91.6704","177.3187","144.2647","104.5754","151.0822","139.3606","277.5233","93.9995","241.3317","186.6153","90.0048","166.8707","158.4140","188.1636","102.4181","137.8391","82.8719","80.0119","81.5319","93.1453","117.7313","146.8839","116.9468","154.8169","138.1412","176.4217","118.1125","159.7087","135.5534","88.7926","155.2796","80.2872","41.6360","78.4346","173.1715","154.6692","184.3699","86.7416","134.1810","123.1988","136.8596","155.6717","123.5210","118.9411","101.9878","74.3938","122.7449","213.0721","148.8940","194.9100","145.7024","118.8809","71.7052","104.8397","130.5856","147.8115","156.8358","77.8767","82.8052","95.4941","150.0927","146.7229","135.2264","147.7919","188.3692","167.5673","193.6031","118.8640","285.2279","91.2214","119.7446","113.8931","117.4918","150.7587","203.6505"
"C:\Users\cfg364\Sommerlab Dropbox\Casper van der Luijt\Casper\Data\BioLog\OmniLog\CL2\DATA_2024\07\_NRRL 471_Aspergillus oryzae__1_30_CL2_769_7#24#2024_A_24B_35.OKA","7/24/2024 10:32:48 PM","24-B","PM01","","NRRL 471","Aspergillus oryzae","",86.7500,"97.3291","277.9972","164.5630","132.7869","218.5435","194.2241","130.5508","151.3661","197.3164","191.0954","175.6938","215.5820","113.7325","192.9738","166.0711","136.9707","166.9584","164.2782","124.1613","282.1750","124.7402","88.3417","175.5023","140.6745","101.2965","153.4831","140.1471","274.9824","95.9063","239.9725","189.7815","90.3598","167.1002","161.6431","188.8719","99.9681","141.2343","86.7664","84.1811","86.2872","91.8298","120.1775","151.2068","117.9026","154.0892","141.9838","177.6003","115.6532","162.4827","139.4742","94.9024","160.2008","84.0668","42.6586","80.2534","174.7431","151.2602","182.4087","88.6676","134.0080","121.4834","132.0431","155.5185","125.3456","124.1244","103.3640","73.1982","125.5636","211.2306","145.5817","194.9817","146.2928","117.3646","71.8101","109.0555","133.3447","150.7050","153.6495","77.3132","78.3649","93.6194","150.4747","143.8647","135.1671","144.7200","185.8270","172.4832","194.4399","123.4257","285.4219","85.8360","117.7745","111.8736","122.5941","147.5889","205.8979"
"C:\Users\cfg364\Sommerlab Dropbox\Casper van der Luijt\Casper\Data\BioLog\OmniLog\CL2\DATA_2024\07\_NRRL 471_Aspergillus oryzae__1_30_CL2_769_7#24#2024_A_24B_35.OKA","7/24/2024 10:32:48 PM","24-B","PM01","","NRRL 471","Aspergillus oryzae","",87.0000,"96.3484","282.0727","165.5396","134.8967","220.7448","192.0431","129.1711","150.7838","195.2716","192.7765","175.6590","215.3611","116.6259","190.8886","167.2363","132.6473","169.0316","161.4791","124.3160","281.9045","127.0985","93.0175","178.7075","144.0948","106.7067","154.2401","141.0853","280.0756","97.4884","244.9103","185.1357","87.7678","168.5117","158.3699","185.2664","101.7311","135.3321","82.8613","87.9131","83.4472","91.2912","121.0125","149.6547","114.1226","156.1667","140.7695","176.6852","119.0166","161.2473","140.0385","95.8445","155.2652","85.8759","43.6923","77.5762","177.4909","151.4642","186.1647","85.5256","137.3061","122.3352","137.2158","153.4576","128.1689","120.0287","105.0968","74.4927","126.4621","212.7908","145.5287","196.5634","149.0485","114.4930","69.7100","106.2720","135.9982","149.6628","155.0808","77.1569","79.9839","96.4616","154.1387","149.3669","135.1643","145.1490","188.5526","170.8312","191.9854","116.7142","284.3088","89.3401","118.1604","112.7497","116.4763","151.3383","206.0047"
"C:\Users\cfg364\Sommerlab Dropbox\Casper van der Luijt\Casper\Data\BioLog\OmniLog\CL2\DATA_2024\07\_NRRL 471_Aspergillus oryzae__1_30_CL2_769_7#24#2024_A_24B_35.OKA","7/24/2024 10:32:48 PM","24-B","PM01","","NRRL 471","Aspergillus oryzae","",87.2500,"94.0463","284.6669","166.0119","132.2298","223.2640","193.3276","128.6580","148.4182","198.5000","195.0904","175.5591","218.6291","111.8708","187.3350","166.0136","139.5344","163.4155","161.6353","125.5363","283.3750","129.4112","90.2183","180.3550","144.4942","110.8960","154.2376","140.8567","276.0680","94.1297","239.3940","186.2196","92.5663","172.0101","162.9058","186.7752","101.8049","140.4845","81.9813","83.6633","84.6122","92.9579","119.0716","152.6667","111.6747","152.9138","140.4119","177.3270","116.3416","162.7530","136.9569","94.1154","156.1764","81.2143","40.1725","82.8002","174.0903","150.7997","184.7600","91.9585","137.0805","122.2611","135.6212","156.1812","127.0751","122.7096","106.1535","69.0500","127.2272","212.0329","147.6037","191.7627","151.0231","118.0422","73.5691","107.6502","133.0899","151.0091","154.4427","77.4957","80.1949","94.0596","150.4672","146.9593","140.3897","146.4749","187.8297","172.9773","197.1608","115.4904","286.6425","89.8715","120.1865","112.7995","119.3384","147.9806","203.4903"
"C:\Users\cfg364\Sommerlab Dropbox\Casper van der Luijt\Casper\Data\BioLog\OmniLog\CL2\DATA_2024\07\_NRRL 471_Aspergillus oryzae__1_30_CL2_769_7#24#2024_A_24B_35.OKA","7/24/2024 10:32:48 PM","24-B","PM01","","NRRL 471","Aspergillus oryzae","",87.5000,"93.7252","284.7585","161.5522","134.1161","219.3458","197.6496","124.9722","151.0682","196.5306","198.5108","176.5805","219.1612","116.9862","188.9383","164.0338","133.3495","167.1902","162.0883","127.2338","281.0419","129.5773","89.2573","173.4570","143.7627","105.0457","150.6490","141.9903","276.8824","95.9376","241.3183","189.9692","88.8367","168.9331","161.5490","190.5353","102.5583","144.9210","84.3234","84.0257","83.1826","93.1643","121.1516","149.2346","115.0203","154.9131","140.7091","178.5058","119.9786","159.2764","134.3601","91.7136","157.5017","82.7665","42.1975","82.0028","173.0524","152.1010","183.1776","85.3693","135.6112","122.3608","134.5667","155.9053","124.2815","121.4552","101.0015","72.2299","126.1556","214.2650","146.7266","194.2909","149.8542","115.1245","71.1023","106.5259","133.2271","154.9924","153.1258","75.0293","78.8820","94.5396","148.7220","146.3503","136.0932","147.0247","188.1707","169.8951","194.0472","120.7430","283.4392","86.8149","116.8774","110.5827","117.4197","154.0432","203.8327"
"C:\Users\cfg364\Sommerlab Dropbox\Casper van der Luijt\Casper\Data\BioLog\OmniLog\CL2\DATA_2024\07\_NRRL 471_Aspergillus oryzae__1_30_CL2_769_7#24#2024_A_24B_35.OKA","7/24/2024 10:32:48 PM","24-B","PM01","","NRRL 471","Aspergillus oryzae","",87.7500,"96.9327","279.6879","163.3475","133.8874","220.8242","195.3444","127.9441","144.6399","199.1386","193.4614","175.6933","217.9938","113.3004","192.0832","167.7694","136.5689","167.4949","160.9382","130.4322","283.1015","126.4592","94.5370","177.7272","142.4342","108.6441","153.8848","142.7198","281.6912","90.2634","240.2121","190.3575","90.9432","167.6280","160.1977","185.2994","104.5789","138.0998","84.9031","88.6717","83.0334","93.5687","120.7393","150.1454","115.1729","157.3342","136.8631","179.7133","115.2298","160.1712","139.6379","93.7728","156.0736","85.3989","42.7786","84.8951","174.3275","154.7101","187.5949","84.6208","134.5417","122.9620","135.8138","154.2126","126.6840","122.7008","108.4227","74.3546","127.3396","213.1934","145.7187","194.2873","150.6581","113.5630","74.1539","104.0745","136.4453","149.5276","155.6476","73.5385","80.8713","95.2967","148.4868","145.3741","136.1798","146.5215","185.9046","169.6458","193.6059","118.7836","286.3876","90.3758","121.1852","113.2648","119.4394","150.7955","203.0518"
"C:\Users\cfg364\Sommerlab Dropbox\Casper van der Luijt\Casper\Data\BioLog\OmniLog\CL2\DATA_2024\07\_NRRL 471_Aspergillus oryzae__1_30_CL2_769_7#24#2024_A_24B_35.OKA","7/24/2024 10:32:48 PM","24-B","PM01","","NRRL 471","Aspergillus oryzae","",88.0000,"97.4784","284.6983","164.8250","133.1702","221.8576","193.5770","130.4964","151.5103","203.7093","192.9329","174.0845","218.6102","113.2497","189.0033","167.1507","137.5795","170.1836","164.8242","128.2336","283.5196","127.5522","92.7650","176.3476","141.2649","107.8358","153.5452","143.0605","274.9460","96.5673","240.1122","192.7222","87.2804","169.5605","157.5640","188.2469","101.1695","139.1070","88.4508","87.6326","81.5810","93.5280","123.1349","150.9254","114.2937","157.2144","140.3749","177.7734","116.0267","158.5425","136.5185","94.8713","158.6270","82.8738","43.1974","80.8051","175.3130","155.7858","183.2867","87.5065","139.2798","121.9996","133.4871","156.6774","126.9403","121.0729","107.8091","73.8575","129.5018","212.6075","149.0304","195.5056","152.1248","119.7117","67.9743","106.1066","133.2950","154.7251","154.2771","80.6023","77.9196","98.0031","151.6733","147.3765","134.7864","147.2975","186.7221","173.3946","190.8232","119.0897","284.8839","92.1052","122.3569","113.6449","115.8254","152.0308","205.2361"
"C:\Users\cfg364\Sommerlab Dropbox\Casper van der Luijt\Casper\Data\BioLog\OmniLog\CL2\DATA_2024\07\_NRRL 471_Aspergillus oryzae__1_30_CL2_769_7#24#2024_A_24B_35.OKA","7/24/2024 10:32:48 PM","24-B","PM01","","NRRL 471","Aspergillus oryzae","",88.2500,"94.5711","284.3771","164.5002","133.6107","222.7420","195.4846","129.8415","148.2396","197.4456","193.2335","175.8973","218.8078","111.0849","192.0587","168.1156","137.0699","168.6840","165.2401","130.1676","284.6828","128.8237","93.1273","177.9690","140.8013","107.7724","154.3586","139.4071","280.0874","93.9800","243.3173","188.6375","89.3090","168.7902","162.4398","190.4673","101.0373","140.6642","86.5570","86.4959","85.0279","95.8732","122.6949","152.4225","116.5948","155.7021","143.0579","180.2830","119.9348","157.5889","134.6527","94.2166","162.5796","83.2260","46.2267","79.1832","176.1718","154.9583","180.6986","88.0900","134.6071","123.9118","135.1946","157.4774","125.7865","119.8147","107.0828","72.2749","131.4784","213.6903","149.5074","197.3397","156.1578","115.5785","69.1920","106.6343","132.9856","152.1974","157.9566","80.5707","79.5084","101.1726","149.3661","147.3765","136.2868","146.6803","186.0188","171.4621","197.9369","117.7517","284.8195","92.0423","117.8104","112.0070","117.7249","154.7332","201.6701"
"C:\Users\cfg364\Sommerlab Dropbox\Casper van der Luijt\Casper\Data\BioLog\OmniLog\CL2\DATA_2024\07\_NRRL 471_Aspergillus oryzae__1_30_CL2_769_7#24#2024_A_24B_35.OKA","7/24/2024 10:32:48 PM","24-B","PM01","","NRRL 471","Aspergillus oryzae","",88.5000,"100.2441","280.8619","164.2124","132.3345","219.4918","199.6129","129.5596","147.4584","200.3960","192.0800","178.2419","218.6148","113.8216","189.4291","170.9023","136.9828","170.8698","168.2644","126.3294","286.4702","126.9801","92.1705","177.4724","141.6065","107.2491","156.6711","144.9849","280.2951","93.3976","238.7846","192.5323","90.9032","171.9360","162.7005","191.5773","105.2326","139.3701","85.7570","84.2421","83.2986","93.8785","123.5472","151.6706","114.6719","158.6197","144.4643","179.3175","113.4648","156.5475","136.4753","94.7712","160.7359","82.2713","41.1396","82.2727","176.0606","153.4380","183.5277","86.3611","136.7689","122.2150","136.7047","156.7753","124.2082","121.4293","105.6608","75.5686","127.6543","213.6786","143.3086","196.9719","152.2491","115.3876","74.1434","107.8161","136.0000","153.4119","157.7874","76.5174","79.6631","96.8521","149.3146","148.2771","136.7426","150.8570","188.2795","174.1449","195.1543","117.4978","284.6590","88.0326","120.7693","109.9205","117.7470","150.3804","211.6713"
"C:\Users\cfg364\Sommerlab Dropbox\Casper van der Luijt\Casper\Data\BioLog\OmniLog\CL2\DATA_2024\07\_NRRL 471_Aspergillus oryzae__1_30_CL2_769_7#24#2024_A_24B_35.OKA","7/24/2024 10:32:48 PM","24-B","PM01","","NRRL 471","Aspergillus oryzae","",88.7500,"96.1180","280.2066","162.3467","130.8048","219.0963","196.2242","129.6092","147.7374","201.2693","187.4119","175.0642","213.9782","115.1115","188.4437","165.8792","134.9410","172.4529","162.4918","123.7591","284.3808","126.1565","92.7421","171.9943","139.5531","106.1886","154.2416","141.4789","278.5284","91.6827","241.7522","188.7540","90.2389","171.9694","158.7798","188.5885","99.5020","140.1701","84.2400","86.5234","81.7050","95.4636","119.8008","151.5708","114.8768","156.0651","139.5455","176.3032","116.9318","159.7179","135.9244","95.9191","155.5870","84.6319","42.8860","86.6054","176.4713","154.7253","182.3794","85.8611","134.3070","124.1138","139.8257","153.0688","128.5591","122.9653","107.2193","70.3223","127.7534","214.4845","147.2991","195.7379","149.5911","114.8998","68.7105","106.9068","132.9366","152.5701","159.7261","76.2474","81.8281","95.9170","150.5575","143.2522","139.0899","148.0729","185.2421","177.0351","190.4444","115.8547","283.6092","89.5394","118.5572","111.2595","113.9015","151.5659","207.8137"
"C:\Users\cfg364\Sommerlab Dropbox\Casper van der Luijt\Casper\Data\BioLog\OmniLog\CL2\DATA_2024\07\_NRRL 471_Aspergillus oryzae__1_30_CL2_769_7#24#2024_A_24B_35.OKA","7/24/2024 10:32:48 PM","24-B","PM01","","NRRL 471","Aspergillus oryzae","",89.0000,"97.6559","281.0938","162.7600","130.3032","222.1526","194.1081","129.4158","152.1075","196.5384","193.7187","179.5739","211.1619","115.8977","193.2689","169.5307","134.5154","166.9251","164.5623","126.6797","285.9868","132.2013","90.1972","176.9249","146.0339","110.0239","157.8645","145.2337","275.8532","97.0921","241.3287","188.4005","90.5275","171.2914","159.3929","189.9154","104.4610","138.8744","84.0443","88.6655","87.6194","96.2530","123.2559","149.5329","119.2577","153.2585","143.5513","176.9247","122.0684","158.3746","135.9322","96.9669","160.0772","82.0675","42.0991","82.0613","176.3609","152.9744","185.7505","89.9642","135.8187","123.3898","136.5355","161.6880","129.1419","122.6762","104.4515","67.1752","124.0072","217.5845","147.0231","195.9337","154.6183","117.9749","72.9931","108.5522","133.5422","152.6132","160.0010","76.4972","85.5686","96.4201","147.6703","146.7666","139.2031","147.6763","189.9474","176.3369","194.6184","117.9654","284.6887","88.7848","119.7760","115.2314","114.4079","149.9728","203.8908"
"C:\Users\cfg364\Sommerlab Dropbox\Casper van der Luijt\Casper\Data\BioLog\OmniLog\CL2\DATA_2024\07\_NRRL 471_Aspergillus oryzae__1_30_CL2_769_7#24#2024_A_24B_35.OKA","7/24/2024 10:32:48 PM","24-B","PM01","","NRRL 471","Aspergillus oryzae","",89.2500,"98.6136","282.3199","161.4208","127.4288","218.3163","196.8752","127.1562","152.2062","202.5893","194.4183","175.2294","212.7349","110.6138","191.9616","168.5337","135.5657","168.4584","165.0076","124.5123","284.6993","128.9221","90.7224","172.1131","145.3793","107.2635","152.9711","141.5539","279.3768","96.2496","238.5981","191.7905","89.6314","170.9726","161.9873","189.1474","103.4042","141.2859","84.5684","84.7238","85.2560","98.0238","123.5378","153.2616","117.2500","156.3251","143.0005","176.1724","117.5930","155.8014","136.3164","95.7893","158.6995","83.9511","42.8187","79.6120","175.0245","154.8848","183.7276","86.0419","134.4845","124.8020","136.3439","157.3676","125.1313","120.5540","105.7102","71.4964","127.1516","215.2814","144.7144","196.2556","150.1723","114.1293","72.1995","106.7847","131.2313","152.9341","159.3696","75.7971","81.7914","98.5842","147.3487","147.7927","142.8891","151.6420","186.0131","169.5770","193.9114","119.7779","284.2999","88.6266","119.1761","114.7507","117.2018","149.8460","203.8598"
"C:\Users\cfg364\Sommerlab Dropbox\Casper van der Luijt\Casper\Data\BioLog\OmniLog\CL2\DATA_2024\07\_NRRL 471_Aspergillus oryzae__1_30_CL2_769_7#24#2024_A_24B_35.OKA","7/24/2024 10:32:48 PM","24-B","PM01","","NRRL 471","Aspergillus oryzae","",89.5000,"94.9252","279.7771","162.5282","128.2903","222.2081","192.8056","131.1783","150.8118","198.9207","192.2953","172.9712","216.2463","112.4837","191.6209","167.4346","136.9366","169.0751","162.4448","126.2817","281.3749","125.6934","95.1701","177.2254","143.3555","110.4614","155.1918","143.3078","280.1153","90.8228","239.2030","189.0095","93.3451","173.1664","165.8402","187.0595","103.7805","139.3091","81.7463","86.9768","87.4160","92.3215","119.6748","153.0281","119.1012","157.5151","144.2367","174.8323","121.6764","159.5235","136.9129","97.1955","158.4483","82.0727","42.1757","85.2777","181.7587","154.7608","186.9679","86.0652","133.9384","121.5563","135.5690","158.4804","123.6630","126.9091","108.1464","69.6840","125.9369","215.0127","148.4213","193.4886","152.9576","118.0681","71.7509","104.5456","132.6588","154.1447","159.9796","78.3060","83.3208","98.5940","148.5906","147.3111","138.1820","147.0025","189.7025","174.3844","193.6880","117.4803","282.4793","89.8245","119.0692","111.6051","113.8756","151.0500","212.4705"
"C:\Users\cfg364\Sommerlab Dropbox\Casper van der Luijt\Casper\Data\BioLog\OmniLog\CL2\DATA_2024\07\_NRRL 471_Aspergillus oryzae__1_30_CL2_769_7#24#2024_A_24B_35.OKA","7/24/2024 10:32:48 PM","24-B","PM01","","NRRL 471","Aspergillus oryzae","",89.7500,"93.5974","283.3207","163.7379","133.0939","219.1393","196.5720","126.8942","145.6614","206.7084","194.5838","177.1472","211.9403","114.6699","191.9724","171.0859","135.4173","166.6303","163.7324","124.8997","283.1545","130.1955","99.2770","177.4451","143.9986","104.7927","154.8266","141.9070","280.0004","92.6575","241.9899","189.5403","90.6995","169.9363","162.1917","189.4459","102.2595","138.8528","82.3319","87.6934","84.9787","95.0618","124.5192","152.7302","120.1565","158.0869","144.4678","178.4282","122.1313","157.1540","136.8154","94.2307","157.1105","84.5123","41.1959","83.9485","177.2119","156.4274","181.4647","87.4521","134.6087","122.7265","135.7133","160.6301","126.2853","122.8371","105.7690","71.8318","130.1107","214.1159","148.8196","195.2693","151.3426","114.0572","69.8398","104.4380","136.6441","152.4959","160.9384","76.4699","80.0995","96.9952","148.7111","148.0495","137.5322","150.1402","183.4440","172.0648","192.4335","118.7582","285.6238","90.1262","123.0475","114.2627","112.2828","153.0045","205.9318"
"C:\Users\cfg364\Sommerlab Dropbox\Casper van der Luijt\Casper\Data\BioLog\OmniLog\CL2\DATA_2024\07\_NRRL 471_Aspergillus oryzae__1_30_CL2_769_7#24#2024_A_24B_35.OKA","7/24/2024 10:32:48 PM","24-B","PM01","","NRRL 471","Aspergillus oryzae","",90.0000,"93.8663","281.8219","162.7485","129.5848","219.9133","198.7639","128.2650","149.6246","201.9089","192.9855","175.1833","207.8640","116.1633","190.5529","170.3790","136.5241","167.8180","163.7771","127.7363","286.2446","127.3938","94.6918","180.2254","141.8357","108.5597","155.0927","144.4581","276.9969","97.9084","241.6791","195.7964","91.6857","169.7183","158.5672","187.9577","102.1657","135.8428","85.4528","88.2641","84.2228","94.3981","125.1160","155.5919","118.1747","160.1858","145.0890","181.0262","120.4513","160.0628","137.3531","96.1870","158.3384","85.1305","42.4513","83.0549","178.8848","150.9850","185.4186","88.1198","133.8446","122.8193","135.8884","162.0716","124.5991","125.9079","103.9638","72.8251","129.4601","214.1616","148.2758","196.1616","153.8682","117.5249","68.5730","110.0613","133.7126","152.7096","156.4803","77.7871","82.3866","96.4474","150.9293","146.2797","139.4479","150.4853","185.2376","172.6210","197.1816","124.2444","281.9008","86.9766","116.5196","112.4168","115.1682","151.5016","205.9197"
"C:\Users\cfg364\Sommerlab Dropbox\Casper van der Luijt\Casper\Data\BioLog\OmniLog\CL2\DATA_2024\07\_NRRL 471_Aspergillus oryzae__1_30_CL2_769_7#24#2024_A_24B_35.OKA","7/24/2024 10:32:48 PM","24-B","PM01","","NRRL 471","Aspergillus oryzae","",90.2500,"94.6981","281.6606","162.7067","130.0189","221.8091","196.7075","126.4987","148.0552","202.6098","195.3667","171.9513","210.8208","113.6930","190.3478","169.0008","135.2623","167.1794","163.4592","126.4341","283.3134","125.7313","93.5780","180.4535","143.4230","107.8776","153.9855","141.5894","275.7917","95.4176","241.5966","190.6898","87.9837","171.2601","162.1908","190.8262","100.3988","134.3471","86.6071","83.6504","85.2303","93.3668","122.1917","153.2815","117.8085","161.6354","142.8999","180.8689","116.7924","159.2551","137.6409","95.7187","157.6708","86.4613","42.3353","85.0509","178.3098","157.6910","184.7059","88.3228","134.1958","124.7372","136.5141","161.1919","125.6840","123.5264","103.5777","73.5932","126.6644","216.6994","145.7061","194.9388","149.4863","112.1832","70.9760","107.8827","134.1790","155.0823","156.8846","79.9522","83.7878","97.2768","149.6620","146.7920","139.5954","147.1331","182.8166","173.0454","194.2228","116.8996","282.0686","86.9969","118.8802","110.7865","113.9186","146.9448","207.6344"
"C:\Users\cfg364\Sommerlab Dropbox\Casper van der Luijt\Casper\Data\BioLog\OmniLog\CL2\DATA_2024\07\_NRRL 471_Aspergillus oryzae__1_30_CL2_769_7#24#2024_A_24B_35.OKA","7/24/2024 10:32:48 PM","24-B","PM01","","NRRL 471","Aspergillus oryzae","",90.5000,"97.1583","280.7688","164.1195","128.5331","218.3487","195.8515","124.9947","149.8128","206.4674","191.3535","172.4507","212.0011","114.5300","190.5876","170.3871","137.0661","170.0986","165.7869","129.0412","282.5940","128.9155","87.2659","178.1245","140.0633","108.1438","158.7283","143.6055","277.9992","93.9627","240.2178","189.3725","89.5250","169.2703","162.3396","189.2809","100.9849","136.5581","88.6132","81.5541","85.9379","93.0370","125.8962","154.1951","120.3541","159.1280","144.8168","181.7178","113.7966","157.6985","136.1684","95.8820","159.7547","81.7587","41.1641","83.1129","175.0205","160.5600","184.7124","88.2639","132.9712","124.2428","134.7285","162.6628","127.1185","125.6485","102.4118","75.0901","130.6151","214.5458","147.1021","193.9089","151.0103","115.2831","67.2302","106.6266","133.4361","155.0960","158.0150","76.2843","83.2266","97.1469","148.7584","145.6547","138.6183","146.5032","186.0263","174.0737","197.2294","119.2412","282.1006","86.6634","119.1202","111.2878","114.0856","149.1012","206.5130"
"C:\Users\cfg364\Sommerlab Dropbox\Casper van der Luijt\Casper\Data\BioLog\OmniLog\CL2\DATA_2024\07\_NRRL 471_Aspergillus oryzae__1_30_CL2_769_7#24#2024_A_24B_35.OKA","7/24/2024 10:32:48 PM","24-B","PM01","","NRRL 471","Aspergillus oryzae","",90.7500,"97.7328","283.4028","161.0267","130.4484","219.4269","197.6714","128.2402","147.1377","203.8078","192.0896","175.9189","211.5625","116.8300","193.5077","172.6423","133.3218","172.5578","164.8392","127.2440","286.2365","134.5643","93.2000","178.7675","141.2441","105.8559","154.7457","143.5743","280.1979","96.6752","243.1452","191.6075","92.1973","167.6770","161.9465","191.9580","104.4816","142.5131","83.4209","88.0202","86.4862","94.7073","122.1171","155.3707","123.2246","159.7839","143.8105","176.7695","115.1705","159.8406","137.9106","95.8197","162.9537","82.4364","43.6030","82.8972","181.1453","158.6353","190.0072","91.7219","132.9325","120.4237","141.1933","162.4435","126.8551","122.5042","103.8470","75.3547","127.0038","211.3822","149.7879","195.6972","148.3455","117.5852","73.9618","105.8978","135.3377","154.2338","161.0993","76.3065","80.7177","95.4364","149.5800","149.2002","137.6170","152.1339","185.2134","176.9811","192.3267","115.8656","283.2596","86.9718","122.7340","111.3182","112.5843","150.5858","211.2356"
"C:\Users\cfg364\Sommerlab Dropbox\Casper van der Luijt\Casper\Data\BioLog\OmniLog\CL2\DATA_2024\07\_NRRL 471_Aspergillus oryzae__1_30_CL2_769_7#24#2024_A_24B_35.OKA","7/24/2024 10:32:48 PM","24-B","PM01","","NRRL 471","Aspergillus oryzae","",91.0000,"96.1305","280.4275","157.6869","128.4835","217.1628","194.9793","126.2170","148.7064","201.3064","191.0170","173.4212","210.9283","112.9664","190.8569","168.1564","134.1362","168.6311","163.6554","127.9251","284.0588","129.7030","96.0858","178.7292","144.9617","110.3098","153.6807","141.5366","281.0323","90.4174","242.6637","189.2362","91.8126","171.5867","163.6774","188.3832","100.9380","135.8863","84.3773","85.6017","82.7662","91.7883","124.7165","156.5367","121.6575","161.1474","143.6410","177.2830","120.6531","156.0375","137.3453","95.9069","155.6990","85.3687","41.6188","83.9853","175.1265","158.0098","186.9106","81.6270","131.3944","123.2472","133.4064","158.8891","127.6132","123.2061","102.7846","74.2030","131.3283","214.3468","149.7418","194.2663","150.9160","114.5981","73.3698","109.7659","132.4682","153.5860","159.8356","78.4175","80.6727","96.5501","151.3435","142.8821","136.7126","150.9020","186.2274","171.9721","196.1189","119.6430","283.7766","88.9860","118.4051","110.0764","116.6930","151.7161","214.6071"
"C:\Users\cfg364\Sommerlab Dropbox\Casper van der Luijt\Casper\Data\BioLog\OmniLog\CL2\DATA_2024\07\_NRRL 471_Aspergillus oryzae__1_30_CL2_769_7#24#2024_A_24B_35.OKA","7/24/2024 10:32:48 PM","24-B","PM01","","NRRL 471","Aspergillus oryzae","",91.2500,"97.4643","281.6432","166.1417","129.9646","219.6265","196.3566","124.4101","146.6962","204.3831","193.6258","177.6634","208.8699","113.5550","192.3144","167.5483","132.8992","170.9875","164.3842","129.3998","285.4887","131.8090","90.5444","174.4259","141.7156","107.6067","154.5551","142.1288","276.1834","93.1984","242.8355","189.5824","90.8802","165.4984","159.8198","187.5052","103.7332","141.5193","84.6254","87.6193","87.5294","92.1940","124.5765","153.1557","116.6651","158.3156","142.9745","174.4842","120.0951","156.9658","134.9329","96.3972","158.6080","83.7016","38.6844","81.8068","175.6771","155.9838","186.7252","89.7241","135.2269","123.7457","131.5190","162.1537","129.2216","121.0627","105.0098","72.8947","130.4506","211.6035","143.3353","195.0777","149.3816","116.2134","72.2745","104.9026","136.4194","152.9881","160.5300","79.9822","79.1252","99.3717","152.3690","145.7242","134.7544","149.0703","185.1871","173.2460","196.4238","117.5215","283.9981","91.3604","117.7426","112.8503","111.5599","150.5461","205.8823"
"C:\Users\cfg364\Sommerlab Dropbox\Casper van der Luijt\Casper\Data\BioLog\OmniLog\CL2\DATA_2024\07\_NRRL 471_Aspergillus oryzae__1_30_CL2_769_7#24#2024_A_24B_35.OKA","7/24/2024 10:32:48 PM","24-B","PM01","","NRRL 471","Aspergillus oryzae","",91.5000,"92.7127","283.7684","160.8909","130.6425","220.4794","199.0790","128.3123","146.7036","201.2093","193.6954","177.1333","211.3543","116.0719","191.3249","170.1578","137.8704","171.3243","164.9860","128.4142","284.7529","132.1030","93.3674","180.3653","141.2163","111.9602","154.1339","145.1265","277.3933","95.7751","240.2601","190.6181","91.4789","168.5164","166.6465","188.7573","99.2700","135.2043","82.9766","86.4032","85.4263","95.0548","125.2039","155.9288","121.1440","158.1736","144.7444","177.7564","122.5059","159.5698","135.7094","92.3193","158.8083","83.2948","39.7639","83.9168","180.5645","154.5750","186.0614","87.2136","131.9977","127.2585","136.1646","162.6474","129.7340","122.2414","101.8233","74.9833","130.2289","212.9425","145.2240","199.7961","152.4364","118.4142","69.4295","107.1547","133.9273","150.9437","161.6043","78.6980","79.7584","100.6213","147.5695","141.8706","138.6846","145.9787","182.5169","178.0486","193.9710","122.6456","282.6760","87.4550","119.7879","109.0103","115.7172","155.0400","211.4682"
"C:\Users\cfg364\Sommerlab Dropbox\Casper van der Luijt\Casper\Data\BioLog\OmniLog\CL2\DATA_2024\07\_NRRL 471_Aspergillus oryzae__1_30_CL2_769_7#24#2024_A_24B_35.OKA","7/24/2024 10:32:48 PM","24-B","PM01","","NRRL 471","Aspergillus oryzae","",91.7500,"94.8951","282.7604","162.7695","132.2034","221.2083","199.0620","130.7535","147.3057","209.6276","194.8089","177.0032","213.0368","112.4293","193.9135","175.0452","136.2371","171.7103","167.4855","134.5234","285.3663","132.4425","94.4769","178.4551","144.8238","108.8706","155.1563","140.7804","277.6906","94.1058","244.1295","190.0621","88.8323","172.1541","160.8784","192.1517","105.7706","138.1114","82.4195","86.7986","89.4914","93.8905","126.9630","154.3265","118.3472","160.9715","148.2494","180.0878","121.6436","158.7145","136.3201","96.1122","157.3166","83.9042","42.7982","81.0360","179.5607","157.6961","188.4518","87.8413","136.5264","124.6528","136.3025","166.9664","133.5022","121.6959","104.7323","77.8970","130.6890","214.1266","146.9680","198.3843","154.8856","118.3374","70.5517","107.1376","132.0709","155.3154","161.3274","80.9955","80.1986","97.3386","148.0566","147.6631","141.5678","154.2605","184.3967","178.0276","195.8215","116.8057","282.5645","91.0523","122.1704","113.0893","114.7783","149.8507","207.9452"
"C:\Users\cfg364\Sommerlab Dropbox\Casper van der Luijt\Casper\Data\BioLog\OmniLog\CL2\DATA_2024\07\_NRRL 471_Aspergillus oryzae__1_30_CL2_769_7#24#2024_A_24B_35.OKA","7/24/2024 10:32:48 PM","24-B","PM01","","NRRL 471","Aspergillus oryzae","",92.0000,"94.5749","281.9966","164.1080","130.3880","221.3044","197.9857","125.4471","150.8296","211.1386","194.6407","179.5983","212.9883","111.6299","190.6351","171.9349","136.8987","168.7906","164.6168","130.8478","284.8333","130.7654","92.9040","179.5214","143.0558","112.6291","154.3459","141.6964","279.2462","92.1263","245.6210","192.6550","92.0925","171.9785","163.3810","189.7034","101.9592","141.0104","82.9793","90.0960","87.7829","94.1854","127.2508","155.7031","122.6171","161.4875","147.5700","181.8289","122.1428","160.4647","136.8738","100.6237","161.3412","85.4215","43.1397","85.9459","178.3639","158.8705","188.6357","89.4342","133.5360","130.6515","136.8739","165.9246","127.0700","122.8674","103.1729","77.0139","128.7688","216.2526","146.7251","197.7676","155.9449","118.5818","75.2054","107.9586","133.8477","154.2458","157.4931","78.2559","78.3961","96.5488","150.1630","147.8389","143.5945","150.2904","187.6028","175.1953","194.3923","121.6910","285.3904","88.6174","120.1238","113.9896","114.5075","154.4403","207.5613"
"C:\Users\cfg364\Sommerlab Dropbox\Casper van der Luijt\Casper\Data\BioLog\OmniLog\CL2\DATA_2024\07\_NRRL 471_Aspergillus oryzae__1_30_CL2_769_7#24#2024_A_24B_35.OKA","7/24/2024 10:32:48 PM","24-B","PM01","","NRRL 471","Aspergillus oryzae","",92.2500,"94.2952","281.4516","162.6881","131.7509","220.9466","196.5941","128.4002","147.6489","208.1625","195.5242","177.7722","212.1382","117.9971","193.9139","174.3850","136.0395","174.6331","167.5288","127.9137","284.6547","131.6626","96.2296","180.8560","142.8727","109.7649","154.7861","141.9342","277.2010","96.1816","244.5283","188.6062","92.7838","168.5309","163.3884","190.9845","99.4328","136.3497","87.0357","84.3503","89.6586","93.1541","124.5142","156.0773","120.9281","157.2753","145.8791","180.6066","118.7915","161.5113","138.5547","92.6453","159.3152","85.0005","40.4943","84.7453","176.6379","157.3636","188.3975","86.7419","135.7481","124.2242","135.5280","161.6987","132.3003","128.5863","102.2388","72.3543","132.1941","213.6634","147.1743","198.6757","154.1853","113.7607","69.8113","106.0363","135.3351","151.1407","156.6904","76.6447","82.9255","100.7474","146.7251","147.1785","140.8967","145.4593","188.3068","177.9855","195.9100","118.2460","284.4474","89.2266","123.1957","113.3196","115.6738","154.9910","204.7829"
"C:\Users\cfg364\Sommerlab Dropbox\Casper van der Luijt\Casper\Data\BioLog\OmniLog\CL2\DATA_2024\07\_NRRL 471_Aspergillus oryzae__1_30_CL2_769_7#24#2024_A_24B_35.OKA","7/24/2024 10:32:48 PM","24-B","PM01","","NRRL 471","Aspergillus oryzae","",92.5000,"95.3124","281.6197","163.7562","129.0135","220.8057","195.3728","123.7255","150.0783","207.7390","192.4008","175.3613","210.2157","112.3096","192.8776","174.6566","133.6504","168.2356","166.3578","129.3213","284.6429","129.5128","91.0220","182.5258","146.6411","108.8945","155.3193","140.5713","277.8890","92.7428","242.9619","192.2810","89.4134","170.7502","161.2136","190.8496","95.4840","136.4934","84.0418","86.7659","80.7988","92.5628","124.9201","153.8419","116.1154","157.5217","145.7957","180.7190","121.7066","158.7782","133.4882","95.8320","159.8378","84.1589","44.5773","85.4422","178.6655","157.7049","184.1142","87.2472","137.6506","125.8090","137.6815","162.3754","130.4941","124.3738","106.8744","74.9948","127.9525","215.3465","146.8030","196.6137","152.2901","114.5477","70.1146","105.3718","132.6929","155.0154","159.5381","79.3030","83.9518","99.8316","149.2341","143.4713","142.6844","148.6852","185.5056","177.3991","196.9588","116.7468","283.4848","89.9403","121.9701","111.7854","112.6998","155.4669","203.3019"
"C:\Users\cfg364\Sommerlab Dropbox\Casper van der Luijt\Casper\Data\BioLog\OmniLog\CL2\DATA_2024\07\_NRRL 471_Aspergillus oryzae__1_30_CL2_769_7#24#2024_A_24B_35.OKA","7/24/2024 10:32:48 PM","24-B","PM01","","NRRL 471","Aspergillus oryzae","",92.7500,"94.8089","283.4400","163.7668","131.2783","222.1045","200.6343","126.5673","145.8065","206.8405","192.5915","174.7388","211.0347","113.6594","195.4778","172.9631","134.5695","173.5329","170.5572","129.2226","284.1887","131.1902","96.7052","178.7579","142.9034","108.1765","152.4816","142.2384","278.3288","93.2672","244.1858","191.2203","94.0195","169.6950","162.0466","192.1655","99.3526","138.6106","82.9105","86.1459","87.3460","93.0755","122.9546","157.8962","120.9879","161.1369","150.5712","177.5285","120.2969","160.4229","137.0340","95.9253","159.6121","83.0713","44.7033","85.0347","182.6877","154.5811","185.2683","93.2030","132.7657","123.6551","135.0624","162.4032","126.4271","126.1535","104.8546","73.8277","132.8868","211.5536","146.7670","199.6247","150.8937","115.3506","69.0850","107.2527","134.2355","153.9520","159.2050","76.2106","78.7151","102.1781","150.0787","145.6939","144.1968","145.9299","184.4610","175.0351","195.0382","115.6227","283.5179","84.0553","121.6741","109.6504","110.3831","154.4887","205.3692"
"C:\Users\cfg364\Sommerlab Dropbox\Casper van der Luijt\Casper\Data\BioLog\OmniLog\CL2\DATA_2024\07\_NRRL 471_Aspergillus oryzae__1_30_CL2_769_7#24#2024_A_24B_35.OKA","7/24/2024 10:32:48 PM","24-B","PM01","","NRRL 471","Aspergillus oryzae","",93.0000,"96.1179","283.3839","163.8648","131.5031","223.2486","200.3310","126.6226","147.4627","209.9942","194.3733","175.9682","212.9204","114.8646","192.0633","174.7780","136.4349","170.2461","166.6871","129.3737","286.1838","127.5900","95.8682","177.6056","143.3803","115.6246","153.6814","143.9151","279.6618","94.4364","242.4454","190.0281","91.4220","169.4544","162.6496","191.1305","99.9098","136.6935","82.8190","87.2796","87.1367","91.0854","125.1800","156.6479","114.4655","159.8971","144.1420","180.1036","122.2743","159.2679","134.2503","94.3725","156.4918","86.5911","41.4245","82.7255","182.6304","158.7803","183.9964","87.8859","134.9796","124.3826","132.6817","164.9891","133.0306","125.9989","105.7565","74.6595","130.9123","217.4833","146.7221","198.0334","157.6761","118.5892","74.1662","104.2570","136.7502","153.8934","163.4287","74.8837","80.9199","99.7079","150.4072","146.6662","143.0706","147.9451","188.4081","176.7354","195.9400","117.4494","287.0362","90.2731","122.9848","111.6950","113.3782","153.7403","203.6044"
"C:\Users\cfg364\Sommerlab Dropbox\Casper van der Luijt\Casper\Data\BioLog\OmniLog\CL2\DATA_2024\07\_NRRL 471_Aspergillus oryzae__1_30_CL2_769_7#24#2024_A_24B_35.OKA","7/24/2024 10:32:48 PM","24-B","PM01","","NRRL 471","Aspergillus oryzae","",93.2500,"93.0469","280.6787","164.6121","130.4340","224.6942","201.2295","125.9660","148.6228","212.5556","197.0773","175.1006","209.8505","113.8045","191.4999","172.9782","133.7579","173.4017","168.1495","128.5325","286.3792","130.8094","94.0891","181.6497","145.4979","111.8057","153.0922","140.8225","279.4347","95.6247","243.1129","191.4028","90.5826","167.7499","158.3527","190.6803","102.1845","135.9606","84.6916","90.3648","86.1383","92.0721","124.7399","159.0684","118.8377","161.2225","148.4644","177.7154","121.8138","159.8801","135.9206","95.6820","160.4956","84.0629","39.8844","83.6177","179.4707","159.3864","185.9306","89.5750","134.2475","127.6449","137.8686","166.2808","130.3147","130.1894","109.2905","74.1830","133.1867","214.1318","148.6431","197.3911","154.4132","117.2500","71.0079","105.4721","135.0867","153.7654","163.3015","78.9580","80.1912","100.2822","149.3840","144.8756","144.3480","147.6359","187.9645","177.9165","193.8985","116.9389","282.3108","88.2526","119.7306","110.8305","112.7651","155.4305","206.7491"
"C:\Users\cfg364\Sommerlab Dropbox\Casper van der Luijt\Casper\Data\BioLog\OmniLog\CL2\DATA_2024\07\_NRRL 471_Aspergillus oryzae__1_30_CL2_769_7#24#2024_A_24B_35.OKA","7/24/2024 10:32:48 PM","24-B","PM01","","NRRL 471","Aspergillus oryzae","",93.5000,"94.7220","281.4194","164.4821","130.7170","219.9175","199.2400","126.0645","147.2970","210.7926","193.9727","172.8984","209.5534","115.4883","192.0302","172.8497","135.0964","170.4648","167.9270","128.5325","285.4025","128.0499","92.3430","176.3128","142.7517","108.4918","154.4669","142.4950","277.4237","96.3127","243.2401","192.6176","87.4832","169.2936","164.6849","187.0783","100.0417","135.2915","83.6403","83.1870","84.0449","91.8493","123.8911","155.8516","120.2100","163.4530","145.7465","178.9586","117.7352","157.8293","134.6037","95.4949","159.9281","85.5670","39.0358","83.5221","182.4092","161.0450","186.6518","89.2177","134.7886","123.4901","131.9407","163.6974","131.0639","126.4147","103.8317","72.5311","132.3338","211.8017","150.2760","199.4464","154.5073","116.4587","68.1367","104.1946","135.4256","155.4296","161.6474","73.8651","76.5796","99.5802","146.7301","143.3089","141.8555","147.2647","184.3207","177.3571","195.6306","114.6733","286.4576","88.5999","116.5082","110.7024","113.5395","153.5171","206.8114"
"C:\Users\cfg364\Sommerlab Dropbox\Casper van der Luijt\Casper\Data\BioLog\OmniLog\CL2\DATA_2024\07\_NRRL 471_Aspergillus oryzae__1_30_CL2_769_7#24#2024_A_24B_35.OKA","7/24/2024 10:32:48 PM","24-B","PM01","","NRRL 471","Aspergillus oryzae","",93.7500,"97.2036","282.9652","161.7205","131.3145","222.0230","203.0908","125.8675","146.2032","209.3289","196.6099","175.7346","210.9728","111.7465","195.2451","173.8460","137.2954","171.4646","166.9096","125.8474","285.6955","128.6741","92.5736","177.5724","144.5383","113.0682","155.5799","141.8324","276.6453","95.8436","245.3381","190.6036","87.9675","168.3288","161.9388","189.7798","102.6130","135.1322","84.7902","86.3981","86.3960","95.9236","127.1292","159.6417","119.7632","162.5479","146.2377","178.5987","118.8206","160.7371","137.3340","93.2500","157.9735","85.6310","40.7959","83.2035","179.2496","161.3959","188.0943","89.9648","132.8788","122.9976","134.8724","163.4206","130.0649","126.8626","106.6400","70.7840","133.2183","214.0999","145.7616","197.3911","159.1507","115.0282","70.2741","104.5374","132.6838","157.6058","159.6752","78.0667","80.9199","98.5272","146.3784","145.5471","142.6344","149.8008","187.2991","179.4707","193.8057","116.5241","283.5323","88.4421","120.9110","110.9266","109.6676","157.8222","207.5898"
"C:\Users\cfg364\Sommerlab Dropbox\Casper van der Luijt\Casper\Data\BioLog\OmniLog\CL2\DATA_2024\07\_NRRL 471_Aspergillus oryzae__1_30_CL2_769_7#24#2024_A_24B_35.OKA","7/24/2024 10:32:48 PM","24-B","PM01","","NRRL 471","Aspergillus oryzae","",94.0000,"93.5336","279.9105","158.9772","127.5871","215.8797","199.0825","124.4363","146.4232","210.2084","192.6231","171.8859","209.4469","110.1646","197.3130","172.9707","137.8567","172.9671","169.8916","124.8923","285.1694","131.5598","91.1440","179.5839","145.0567","112.3279","159.7305","146.0037","280.7469","96.6385","242.4085","192.6198","91.4149","171.8195","165.6182","190.8201","99.6102","135.7639","87.7801","85.5592","85.7897","91.6193","127.8312","157.8959","122.1165","161.9058","144.0607","178.4232","119.4602","157.5454","135.4427","95.7501","161.5752","81.2588","42.8969","86.4649","178.1416","158.7955","183.3185","91.3257","134.7784","128.5394","138.2015","163.0458","135.2265","125.2346","106.4320","69.7094","131.6265","214.4531","149.1290","196.1357","151.8828","115.7845","71.4457","106.2349","134.7649","154.1515","160.7746","79.4204","80.0854","100.8971","150.2357","145.6738","141.4452","148.5932","189.6849","180.9628","196.0222","118.7582","284.8654","89.8426","121.2110","111.7984","112.5410","157.5474","209.5073"
"C:\Users\cfg364\Sommerlab Dropbox\Casper van der Luijt\Casper\Data\BioLog\OmniLog\CL2\DATA_2024\07\_NRRL 471_Aspergillus oryzae__1_30_CL2_769_7#24#2024_A_24B_35.OKA","7/24/2024 10:32:48 PM","24-B","PM01","","NRRL 471","Aspergillus oryzae","",94.2500,"94.9997","279.1072","161.3503","126.5993","220.1681","196.8322","125.3011","143.6399","208.5062","197.0270","172.9239","210.2713","112.8018","196.4379","174.4739","134.3187","176.7274","165.4064","128.4749","284.3836","131.9773","89.4459","180.8557","139.2464","109.0085","155.4896","140.3176","280.1742","99.5365","244.5617","189.1949","93.2467","171.0566","165.5016","190.6521","99.7062","138.1821","82.6899","85.3900","83.2542","93.0773","127.0747","155.6631","121.2017","163.6883","147.8289","177.3869","116.6088","160.4010","136.7987","96.4237","156.0382","84.3604","41.6490","84.4564","179.6291","159.1643","187.8786","87.6942","133.6223","123.3421","136.4589","169.2202","130.2153","125.7738","104.6993","76.6276","133.5032","212.3208","145.5887","193.8901","152.4684","114.9832","71.4864","104.6409","136.8438","154.3955","158.4020","77.6691","78.3777","98.7380","148.0740","149.0899","143.4472","152.5945","188.8459","179.0865","194.3412","123.5412","285.9354","90.4139","120.7772","108.3791","112.8983","154.1171","214.1713"
"C:\Users\cfg364\Sommerlab Dropbox\Casper van der Luijt\Casper\Data\BioLog\OmniLog\CL2\DATA_2024\07\_NRRL 471_Aspergillus oryzae__1_30_CL2_769_7#24#2024_A_24B_35.OKA","7/24/2024 10:32:48 PM","24-B","PM01","","NRRL 471","Aspergillus oryzae","",94.5000,"92.7332","280.7894","165.3680","128.7425","220.0159","202.2758","125.6042","146.9029","211.3004","197.3587","174.8811","207.9922","112.7848","195.2775","174.3304","136.3242","171.1836","168.2440","130.9667","284.2867","134.2782","92.7574","180.6634","142.8189","111.1806","155.2081","143.2781","278.0286","94.0919","244.2491","191.0680","95.4619","172.0370","162.7397","195.9827","100.2810","134.8227","86.2369","85.1029","86.6210","92.5528","128.2683","155.1304","118.6280","160.5364","148.0504","181.2086","118.7493","156.6706","138.1658","95.2777","158.9204","85.5811","41.4676","83.3465","180.2159","158.6370","188.9712","87.2040","133.1616","125.9205","134.7264","169.3836","135.4266","126.7264","100.2658","77.2977","134.5439","216.7986","148.3259","197.8584","157.4244","116.2906","72.0906","105.8950","134.1573","155.5563","159.5412","78.5201","76.2359","99.7173","149.0234","144.5577","142.2684","151.7977","187.7440","178.4138","194.6655","120.1813","283.5833","91.1595","123.6719","112.3143","112.4183","157.4262","208.2770"
"C:\Users\cfg364\Sommerlab Dropbox\Casper van der Luijt\Casper\Data\BioLog\OmniLog\CL2\DATA_2024\07\_NRRL 471_Aspergillus oryzae__1_30_CL2_769_7#24#2024_A_24B_35.OKA","7/24/2024 10:32:48 PM","24-B","PM01","","NRRL 471","Aspergillus oryzae","",94.7500,"93.9178","280.9054","162.1032","122.4393","215.7339","198.8646","121.9998","145.1562","209.2452","197.0996","170.3876","208.8138","110.0313","195.3512","179.2013","130.3526","170.2070","168.3697","126.0504","283.9226","134.0520","96.1505","175.0636","141.6389","107.8550","155.4818","140.3437","282.8717","96.0625","244.3660","193.6799","90.6195","171.3239","164.6341","187.1530","102.3619","134.2683","82.1078","84.9295","85.0260","92.8146","125.4581","159.0155","118.1937","160.7932","149.4016","179.9818","121.5574","154.9998","137.0139","95.8761","159.1987","87.3550","40.6082","82.5186","180.0830","159.6273","189.1449","91.9201","132.7638","126.2027","133.2660","163.3405","130.2738","124.5679","104.1714","69.7628","132.5950","213.1629","150.2803","199.1368","149.5610","115.8781","69.6438","104.9595","133.2841","156.5589","161.5169","76.2504","79.4676","98.5847","148.2042","144.3019","144.8204","148.6964","181.9339","178.9481","194.0182","118.1367","282.6495","85.1040","117.7168","104.9328","107.3981","154.0536","212.1609"
"C:\Users\cfg364\Sommerlab Dropbox\Casper van der Luijt\Casper\Data\BioLog\OmniLog\CL2\DATA_2024\07\_NRRL 471_Aspergillus oryzae__1_30_CL2_769_7#24#2024_A_24B_35.OKA","7/24/2024 10:32:48 PM","24-B","PM01","","NRRL 471","Aspergillus oryzae","",95.0000,"93.8868","281.1638","160.7381","132.3926","220.0045","200.8882","121.6706","146.5873","213.0773","195.9691","170.0859","210.5165","110.7813","194.8599","176.6180","133.1312","171.9266","167.3193","124.1163","284.5107","132.1309","94.0561","175.3621","143.5655","110.7919","154.5398","143.7533","278.8943","96.0000","244.6808","193.2976","92.3789","170.9058","164.3779","192.7991","103.4113","131.9938","77.8262","84.8663","85.2828","97.8392","123.4825","156.4399","120.8487","167.3719","148.4579","179.4923","121.9490","153.8281","135.8584","98.8499","159.9863","83.1059","42.6426","80.8613","182.2965","162.2096","191.4254","91.2423","134.6664","126.5405","134.3551","163.9877","134.7648","124.8239","103.5733","75.0875","132.1856","213.9898","143.6967","196.4423","152.4785","114.5671","71.3996","105.5206","129.6227","153.9356","159.7022","78.6295","80.6082","96.0896","148.4604","145.6176","146.4951","152.2973","185.8412","180.0362","195.4653","118.6160","283.8093","87.6637","120.5968","106.8327","109.1790","157.4521","212.0370"
"C:\Users\cfg364\Sommerlab Dropbox\Casper van der Luijt\Casper\Data\BioLog\OmniLog\CL2\DATA_2024\07\_NRRL 471_Aspergillus oryzae__1_30_CL2_769_7#24#2024_A_24B_35.OKA","7/24/2024 10:32:48 PM","24-B","PM01","","NRRL 471","Aspergillus oryzae","",95.2500,"92.9311","282.5135","163.0018","128.1143","217.8344","196.3383","127.4102","147.0026","212.5123","197.2038","174.8108","209.6452","111.4636","195.4265","175.1255","134.9490","175.6394","170.3393","128.9062","288.3082","131.7908","93.6772","182.9190","147.9755","107.9421","156.0441","143.1463","281.4487","94.2636","248.4512","193.4581","93.2270","174.0413","161.2821","193.7166","103.4743","136.8706","82.6281","87.9573","86.9995","93.7647","126.3252","155.4594","122.2239","164.5985","150.4837","180.7106","116.6434","157.7175","138.5958","99.0170","158.6449","83.9029","42.4058","86.3201","180.2450","161.0019","182.6466","90.1406","136.1992","123.0488","135.0996","169.6922","133.6284","128.2996","103.6951","73.7310","129.6179","212.2468","147.1613","199.1480","157.7322","114.2836","68.3088","110.6147","136.2025","157.0758","159.4162","77.2309","79.6779","102.9280","147.9024","146.9477","145.8123","152.7490","187.2791","181.4670","196.7192","118.7375","283.9969","88.3501","127.2635","111.7357","110.7156","153.7265","210.1839"
"C:\Users\cfg364\Sommerlab Dropbox\Casper van der Luijt\Casper\Data\BioLog\OmniLog\CL2\DATA_2024\07\_NRRL 471_Aspergillus oryzae__1_30_CL2_769_7#24#2024_A_24B_35.OKA","7/24/2024 10:32:48 PM","24-B","PM01","","NRRL 471","Aspergillus oryzae","",95.5000,"97.7803","280.2432","165.2890","127.5648","217.3843","201.4872","123.2389","144.4647","215.2238","195.1756","174.6467","209.3685","117.0783","193.9189","175.4477","135.4956","173.2121","164.2477","129.4953","282.7658","133.4687","93.1395","182.4410","146.0199","108.2678","154.2239","140.8235","280.8351","92.3776","244.5955","191.2719","94.3365","168.2906","164.9261","191.8027","97.0898","136.4835","84.6649","85.2194","84.0771","97.7108","126.8720","160.1835","123.8001","164.5744","153.8837","181.2284","120.8042","156.7178","133.8722","97.1411","158.9334","86.1431","43.9192","82.5537","179.3524","162.5692","188.3578","87.7393","134.0473","122.0778","135.3589","168.1655","134.9752","125.8458","105.2232","76.3895","132.0252","214.1245","149.0386","193.8756","153.4695","113.1150","68.8353","108.1544","134.1857","156.6751","161.3689","78.0617","80.6867","105.1078","149.9748","147.3455","149.5876","146.8445","190.1735","178.5589","198.0593","120.4308","282.8008","88.6525","120.9078","110.2586","107.4541","156.4006","213.0724"
"C:\Users\cfg364\Sommerlab Dropbox\Casper van der Luijt\Casper\Data\BioLog\OmniLog\CL2\DATA_2024\07\_NRRL 471_Aspergillus oryzae__1_30_CL2_769_7#24#2024_A_24B_35.OKA","7/24/2024 10:32:48 PM","24-B","PM01","","NRRL 471","Aspergillus oryzae","",95.7500,"93.5044","279.8822","163.6297","126.4528","216.7010","198.0221","125.8728","145.4105","215.1378","192.6125","172.9318","208.8211","112.5177","192.2326","173.2674","132.7121","170.8015","164.1184","126.7094","285.8221","136.8320","92.1842","179.8450","141.2173","108.4843","157.6260","142.6790","281.2288","92.6908","241.9893","194.3553","94.4530","167.5620","162.4472","188.9671","99.5774","136.2452","82.7763","86.2413","88.2377","95.1493","126.7974","159.4585","122.6909","163.3306","151.3052","176.6274","124.2026","154.1595","132.9758","96.6543","156.6598","81.7958","39.0916","82.3906","182.0640","162.7402","191.8316","87.7352","138.8909","124.6212","133.6486","169.4725","133.1403","124.7843","102.6183","76.5258","135.9149","212.7706","147.6677","195.1029","150.2854","112.6417","74.3229","105.1848","130.1053","154.8151","159.1540","79.7692","77.6735","101.0626","144.9974","145.3299","144.0153","149.8383","183.2878","180.1304","197.5484","120.8157","281.7635","83.4750","120.5078","109.9818","110.3171","153.5657","212.6965"
"C:\Users\cfg364\Sommerlab Dropbox\Casper van der Luijt\Casper\Data\BioLog\OmniLog\CL2\DATA_2024\07\_NRRL 471_Aspergillus oryzae__1_30_CL2_769_7#24#2024_A_24B_35.OKA","7/24/2024 10:32:48 PM","24-B","PM01","","NRRL 471","Aspergillus oryzae","",96.0000,"95.4988","278.4390","166.0549","127.6297","218.7820","201.3959","123.3559","141.6793","214.6708","196.8664","176.8715","210.0377","114.2317","195.0138","176.6352","134.5991","173.3312","164.4970","122.7027","283.8488","133.5178","90.1615","179.6073","143.8746","109.3899","156.6070","138.1238","279.5987","96.6845","248.5954","193.8937","93.7681","172.7858","163.0482","191.6821","100.0661","136.0616","85.8828","85.1137","83.4913","94.0827","125.8983","163.4989","124.0638","162.0443","151.6461","182.8369","120.4662","157.9858","136.2397","96.8382","158.0168","82.5860","42.4873","84.0449","182.0416","163.0001","189.8855","91.0912","136.3449","125.0561","133.1331","168.3008","130.9703","127.7488","106.9259","78.0970","134.6186","212.4834","150.4711","196.1150","155.2322","114.6444","70.9701","106.8729","131.2743","153.3845","161.6551","80.0209","80.0982","100.0795","152.2733","142.6343","147.7196","147.8707","185.5739","182.7785","201.2939","119.6200","285.8528","87.9051","119.7224","109.3044","112.8758","158.7134","212.4471"
