"Plate File","Setup Time","Position","Plate Type","Field 1","Field 2","Field 3","Field 4","Hour","A01","A02","A03","A04","A05","A06","A07","A08","A09","A10","A11","A12","B01","B02","B03","B04","B05","B06","B07","B08","B09","B10","B11","B12","C01","C02","C03","C04","C05","C06","C07","C08","C09","C10","C11","C12","D01","D02","D03","D04","D05","D06","D07","D08","D09","D10","D11","D12","E01","E02","E03","E04","E05","E06","E07","E08","E09","E10","E11","E12","F01","F02","F03","F04","F05","F06","F07","F08","F09","F10","F11","F12","G01","G02","G03","G04","G05","G06","G07","G08","G09","G10","G11","G12","H01","H02","H03","H04","H05","H06","H07","H08","H09","H10","H11","H12"
"C:\Users\cfg364\Sommerlab Dropbox\Casper van der Luijt\Casper\Data\BioLog\OmniLog\CL2\DATA_2024\07\_NRRL 471_Aspergillus oryzae__3_30_CL2_769_7#24#2024_A_21B_29.OKA","7/24/2024 10:32:48 PM","21-B","PM03B","","NRRL 471","Aspergillus oryzae","",0.0000,"26.4961","11.2587","11.5797","11.0000","11.0000","11.0000","11.0000","11.7925","13.7368","11.0000","12.9258","19.2884","14.5861","36.7309","34.0723","31.4657","32.6049","35.7475","31.2519","30.0979","33.3616","32.3172","71.0023","16.9619","31.0758","26.7299","30.2939","22.8011","29.7818","25.0687","24.4294","31.1927","31.5203","34.6982","35.5897","15.1602","14.2823","23.8630","30.4856","21.4033","29.5562","22.2434","22.6430","23.9384","31.6404","31.6537","11.0000","16.1694","14.5475","27.7315","29.5701","24.0382","23.7991","24.6078","23.1682","26.6717","33.6954","30.9680","40.4852","13.0605","11.6430","32.9204","29.1492","29.3054","22.3794","26.9814","21.2329","26.1853","33.1695","36.1657","36.9837","13.1321","23.7591","27.7147","37.9974","42.4280","22.8868","23.1784","25.7585","25.4405","30.5920","36.4847","40.1682","13.2893","14.9176","11.0000","11.0000","11.0000","11.0000","11.0000","11.0000","11.0000","11.0000","11.0000","11.0000","17.0209"
"C:\Users\cfg364\Sommerlab Dropbox\Casper van der Luijt\Casper\Data\BioLog\OmniLog\CL2\DATA_2024\07\_NRRL 471_Aspergillus oryzae__3_30_CL2_769_7#24#2024_A_21B_29.OKA","7/24/2024 10:32:48 PM","21-B","PM03B","","NRRL 471","Aspergillus oryzae","",0.2500,"22.9141","17.2245","15.3508","11.0000","11.0000","11.0000","13.9187","11.0000","11.0000","11.0000","15.5174","21.2477","15.2709","11.0000","11.0000","11.0000","11.0000","11.0000","11.0000","11.0000","11.0000","11.0000","65.7564","13.2846","28.9787","11.0000","29.6910","24.0987","32.3294","11.0000","11.0000","11.0000","11.0000","11.0000","11.0000","11.1313","11.0000","11.0000","30.7894","24.0888","22.2804","21.0066","13.2815","11.0000","11.0000","11.0000","12.2034","13.4085","11.3055","11.0000","32.0168","21.7416","27.3303","23.9178","19.5464","11.6647","11.0000","11.0000","11.0000","13.2792","11.8296","11.0000","25.9587","27.6033","15.8350","15.1633","11.0000","11.0000","11.0000","11.0000","11.0000","13.6867","19.8280","11.0000","11.0000","11.0000","11.0000","11.0000","11.0000","11.0000","11.0000","11.0000","11.0000","11.0000","11.0000","11.0000","11.0000","11.0000","11.0000","11.0000","11.0000","11.0000","11.0000","11.0000","11.0000","13.7954"
"C:\Users\cfg364\Sommerlab Dropbox\Casper van der Luijt\Casper\Data\BioLog\OmniLog\CL2\DATA_2024\07\_NRRL 471_Aspergillus oryzae__3_30_CL2_769_7#24#2024_A_21B_29.OKA","7/24/2024 10:32:48 PM","21-B","PM03B","","NRRL 471","Aspergillus oryzae","",0.5000,"21.4526","15.0710","11.0000","11.0000","11.0000","13.8451","11.0000","11.0000","11.0000","15.3636","17.7608","18.5314","15.1171","11.0000","11.0000","11.0000","11.0000","11.0000","11.0000","11.0000","11.0000","11.0000","76.2113","14.5546","30.2795","11.0000","11.0000","11.0000","11.0000","11.0000","11.0000","11.0000","11.0000","11.0000","11.0000","11.8560","13.3999","11.0000","11.0000","11.0000","11.0000","11.0000","11.0000","11.0000","11.0000","11.0000","11.0000","18.3829","12.3101","11.0000","11.0000","11.0000","11.0000","11.0000","11.0000","11.0000","11.0000","11.0000","11.4198","13.4040","11.7068","11.0000","11.0000","11.0000","11.0000","11.0000","11.0000","11.0000","11.0000","11.0000","11.0000","16.1822","29.9846","11.0000","11.0000","11.4015","11.0000","11.0000","11.0000","11.0000","11.0000","11.0000","11.0000","16.8714","14.2158","11.0000","11.0000","11.0000","11.0000","11.0000","11.0000","11.0000","11.0000","11.0000","11.0000","17.7082"
"C:\Users\cfg364\Sommerlab Dropbox\Casper van der Luijt\Casper\Data\BioLog\OmniLog\CL2\DATA_2024\07\_NRRL 471_Aspergillus oryzae__3_30_CL2_769_7#24#2024_A_21B_29.OKA","7/24/2024 10:32:48 PM","21-B","PM03B","","NRRL 471","Aspergillus oryzae","",0.7500,"22.8686","11.0000","12.1010","11.0000","11.0000","11.0000","11.0000","11.0000","11.0000","11.0000","13.3096","22.1590","18.7964","11.0000","11.0000","11.0000","11.0000","11.0000","11.0000","11.0000","11.0000","11.0000","68.8106","19.7888","24.3080","11.0000","11.0000","11.0000","11.0000","11.0000","11.0000","11.0000","11.0000","11.0000","12.0619","14.5222","11.0000","11.0000","11.0000","11.0000","11.0000","11.0000","11.0000","11.0000","11.2561","11.0000","11.0000","13.2605","11.6449","11.0000","11.0000","11.0000","11.0000","11.0000","11.0000","11.0000","11.0000","11.0000","11.0000","12.4036","11.0000","11.0000","11.0000","11.0000","11.0000","11.0000","11.0000","11.0000","11.0000","11.0000","12.6038","15.1201","33.7913","11.0000","11.0000","11.3399","11.0000","11.0000","11.0000","11.0000","11.0000","11.7719","11.0000","11.0000","11.0000","11.0000","11.0000","11.0000","11.0000","11.0000","11.0000","11.0000","11.0000","11.0000","11.8272","17.6484"
"C:\Users\cfg364\Sommerlab Dropbox\Casper van der Luijt\Casper\Data\BioLog\OmniLog\CL2\DATA_2024\07\_NRRL 471_Aspergillus oryzae__3_30_CL2_769_7#24#2024_A_21B_29.OKA","7/24/2024 10:32:48 PM","21-B","PM03B","","NRRL 471","Aspergillus oryzae","",1.0000,"24.3393","12.8167","12.4304","14.1834","11.0000","11.0000","11.0000","11.0000","11.0000","18.8262","23.0339","17.5956","19.2654","11.0000","11.0000","11.0000","11.0000","11.0000","11.0000","11.0000","11.0000","11.0000","71.6392","18.7855","24.7301","11.0000","11.0000","11.0000","11.0000","11.0000","11.0000","11.0000","11.0000","11.0000","11.0000","12.0201","14.2622","11.0000","11.0000","11.0000","11.0000","11.0000","11.0000","11.0000","11.0000","11.0000","11.0000","16.2363","15.2200","11.0000","11.0000","11.0000","11.0000","11.0000","11.0000","11.0000","11.0000","11.0000","11.0000","17.0664","11.0000","11.0000","11.0000","11.0000","11.0000","11.0000","11.0000","11.0000","11.0000","11.0000","11.0000","14.9497","40.5105","11.0000","11.0000","11.9585","11.0000","11.0000","11.0000","11.0000","11.0000","13.5985","11.0000","15.5137","16.7350","11.0000","11.0000","11.0000","11.0000","11.0000","11.0000","11.0000","11.0000","11.0000","11.0000","18.5260"
"C:\Users\cfg364\Sommerlab Dropbox\Casper van der Luijt\Casper\Data\BioLog\OmniLog\CL2\DATA_2024\07\_NRRL 471_Aspergillus oryzae__3_30_CL2_769_7#24#2024_A_21B_29.OKA","7/24/2024 10:32:48 PM","21-B","PM03B","","NRRL 471","Aspergillus oryzae","",1.2500,"24.5202","14.2715","11.0000","11.0000","11.0000","11.8730","11.5226","11.0000","11.5651","11.0000","17.5548","21.2247","16.5203","11.0000","11.0000","11.0000","11.0000","11.0000","11.0000","11.0000","11.0000","11.0000","72.3750","17.8383","24.9443","11.0000","11.0000","11.0000","11.0000","11.0000","11.0000","11.0000","11.0000","11.0000","11.0000","12.7169","11.0000","11.0000","11.0000","11.0000","11.0000","11.0000","11.0000","11.0000","11.0000","11.0000","11.0000","11.4269","11.2139","11.0000","11.0000","11.0000","11.0000","11.0000","11.0000","11.0000","11.0000","11.0000","11.0000","18.4012","11.2158","11.0000","11.0000","11.0000","11.0000","11.0000","11.0000","11.0000","11.0000","11.0000","11.0000","20.1806","42.9299","11.0000","11.0000","11.0929","11.0000","11.0000","11.0000","11.0000","11.0000","18.0823","11.0000","13.3369","12.9474","11.0000","11.0000","11.0000","11.0000","11.0000","11.0000","11.0000","11.0000","11.0000","11.0000","17.9174"
"C:\Users\cfg364\Sommerlab Dropbox\Casper van der Luijt\Casper\Data\BioLog\OmniLog\CL2\DATA_2024\07\_NRRL 471_Aspergillus oryzae__3_30_CL2_769_7#24#2024_A_21B_29.OKA","7/24/2024 10:32:48 PM","21-B","PM03B","","NRRL 471","Aspergillus oryzae","",1.5000,"25.2972","17.6401","12.5289","11.5369","11.0000","11.0000","11.0000","11.0000","12.6621","14.5392","22.6457","22.3754","18.9841","11.0000","11.0000","11.0000","11.0000","11.0000","11.0000","11.0000","11.0000","11.0000","72.1454","13.2794","22.0220","11.0000","11.0000","11.0000","11.0000","11.0000","11.0000","11.0000","11.0000","11.0000","11.0000","13.1131","11.0000","11.0000","11.0000","11.0000","11.0000","11.0000","11.0000","11.0000","11.0000","11.0000","11.0000","12.7078","13.3837","11.0000","11.0000","11.0000","11.0000","11.0000","11.0000","11.0000","11.0000","11.0000","11.0000","16.3453","12.2949","11.0000","11.0000","11.0000","11.0000","11.0000","11.0000","11.0000","11.0000","11.0000","13.1800","16.0446","48.2668","11.0000","11.0000","11.0000","11.0000","11.0000","11.0000","11.0000","11.0000","21.1130","11.0000","13.9289","14.5239","11.0000","11.0000","11.0000","11.0000","11.0000","11.0000","11.0000","11.0000","11.0000","11.0000","17.0488"
"C:\Users\cfg364\Sommerlab Dropbox\Casper van der Luijt\Casper\Data\BioLog\OmniLog\CL2\DATA_2024\07\_NRRL 471_Aspergillus oryzae__3_30_CL2_769_7#24#2024_A_21B_29.OKA","7/24/2024 10:32:48 PM","21-B","PM03B","","NRRL 471","Aspergillus oryzae","",1.7500,"22.7175","15.7291","12.8217","11.0000","11.0000","11.3233","11.0000","11.0000","13.1940","12.9031","22.5126","22.2439","16.9881","11.0000","11.0000","11.1272","11.0000","11.0000","11.0000","11.0000","11.0000","11.0000","72.9655","15.3276","21.4503","11.0000","11.0000","11.0000","11.0000","11.0000","11.0000","11.0000","11.0000","11.0000","11.0000","11.8585","11.0000","11.0000","11.0000","11.0000","11.0000","11.0000","11.0000","11.0000","11.0000","11.0000","11.0000","12.0509","14.0560","11.0000","11.0000","11.0000","11.0000","11.0000","11.0000","11.0000","11.0000","11.0000","11.0000","16.7881","14.4530","11.0000","11.0000","11.0000","11.0000","11.0000","11.0000","11.0000","11.0000","11.0000","11.0000","17.4233","50.7980","11.0000","11.0000","11.0000","11.0000","11.0000","11.0000","11.0000","11.0000","25.1007","11.6407","12.6202","11.5255","11.0000","11.0000","11.0000","11.0000","11.0000","11.0000","11.0000","11.0000","11.0000","13.2310","20.5851"
"C:\Users\cfg364\Sommerlab Dropbox\Casper van der Luijt\Casper\Data\BioLog\OmniLog\CL2\DATA_2024\07\_NRRL 471_Aspergillus oryzae__3_30_CL2_769_7#24#2024_A_21B_29.OKA","7/24/2024 10:32:48 PM","21-B","PM03B","","NRRL 471","Aspergillus oryzae","",2.0000,"23.9669","18.2749","11.0000","11.0000","11.2849","11.0000","12.4070","13.9340","14.5373","11.0000","21.3902","24.5782","21.8249","11.0000","11.0000","11.0000","11.0000","11.0000","11.0000","11.0000","11.0000","11.0000","72.0053","19.7365","20.7560","11.0000","11.0000","11.0000","11.0000","11.0000","11.0000","11.0000","11.0000","11.0000","16.5199","16.5990","11.0000","11.0000","11.0000","11.0000","11.0000","11.0000","11.0000","11.0000","11.0000","11.0000","11.0000","12.9970","11.0000","11.0000","11.0000","11.0000","11.0000","11.0000","11.0000","11.0000","11.0000","11.0000","11.0000","19.0702","11.4625","11.0000","11.0000","11.0000","11.0000","11.0000","11.0000","11.0000","11.0000","11.0000","11.0000","18.7807","55.4039","11.0000","11.0000","11.0000","11.0000","11.0000","11.0000","11.0000","11.0000","21.3275","11.0000","12.5565","12.0772","11.0000","11.0000","11.0000","11.0000","11.0000","11.0000","11.0000","11.0000","11.0000","11.0000","19.0200"
"C:\Users\cfg364\Sommerlab Dropbox\Casper van der Luijt\Casper\Data\BioLog\OmniLog\CL2\DATA_2024\07\_NRRL 471_Aspergillus oryzae__3_30_CL2_769_7#24#2024_A_21B_29.OKA","7/24/2024 10:32:48 PM","21-B","PM03B","","NRRL 471","Aspergillus oryzae","",2.2500,"24.7628","14.9604","11.9398","12.3846","11.0000","12.0978","11.0000","12.2244","11.0000","11.0666","17.5708","25.6145","17.9677","11.0000","11.0000","11.0000","11.0000","11.0000","11.0000","11.0000","11.0000","11.0000","69.2083","19.2492","20.0655","11.0000","11.0000","11.0000","11.0000","11.0000","11.0000","11.0000","11.0000","11.0000","13.0561","11.0000","11.2841","11.0000","11.0000","11.0000","11.0000","11.0000","11.0000","11.0000","11.0000","11.0000","11.0000","16.3467","12.6167","11.0000","11.0000","11.0000","11.0000","11.0000","11.0000","11.0000","11.0000","11.0000","11.0000","17.4050","11.0000","11.0000","11.0000","11.0000","11.0000","11.0000","11.0000","11.0000","11.0000","11.0000","11.0000","17.6969","58.0017","11.0000","11.0000","11.0000","11.0000","11.0000","11.0000","11.0000","11.0000","22.6996","11.0000","12.2433","12.6008","11.0000","11.0000","11.0000","11.0000","11.0000","11.0000","11.0000","11.0000","11.0000","11.4119","18.0528"
"C:\Users\cfg364\Sommerlab Dropbox\Casper van der Luijt\Casper\Data\BioLog\OmniLog\CL2\DATA_2024\07\_NRRL 471_Aspergillus oryzae__3_30_CL2_769_7#24#2024_A_21B_29.OKA","7/24/2024 10:32:48 PM","21-B","PM03B","","NRRL 471","Aspergillus oryzae","",2.5000,"19.7295","13.6494","12.1012","12.7015","11.5048","11.0000","12.5986","11.7919","11.0000","11.0000","19.8995","24.5782","20.7665","11.0000","11.0000","11.0000","11.0000","11.0000","11.0000","11.0000","11.0000","11.0000","70.0560","18.0137","17.8707","11.0000","11.0000","11.0000","11.0000","11.0000","11.0000","11.0000","11.0000","11.0000","11.0000","11.4937","11.0634","11.0000","11.0000","11.0000","11.0000","11.0000","11.0000","11.0000","11.0000","11.0000","11.0000","13.6355","15.0319","11.0000","11.0000","11.0000","11.0000","11.0000","11.0000","11.0000","11.0000","11.0000","11.0000","14.9387","13.7350","11.0000","11.0000","11.0000","11.0000","11.0000","11.0000","11.0000","11.0000","11.0000","11.0000","17.6981","68.0341","11.0000","11.0000","11.0000","11.0000","11.0000","11.0000","11.0000","11.0000","31.8031","11.0000","14.0640","13.3793","11.0000","11.0000","11.0000","11.0000","11.0000","11.0000","11.0000","11.0000","11.0000","12.0145","15.5582"
"C:\Users\cfg364\Sommerlab Dropbox\Casper van der Luijt\Casper\Data\BioLog\OmniLog\CL2\DATA_2024\07\_NRRL 471_Aspergillus oryzae__3_30_CL2_769_7#24#2024_A_21B_29.OKA","7/24/2024 10:32:48 PM","21-B","PM03B","","NRRL 471","Aspergillus oryzae","",2.7500,"27.3390","19.7549","11.0000","11.0000","13.6315","11.0000","12.5878","11.0000","13.0156","13.4665","25.6380","21.0932","18.9495","11.0000","11.0000","11.0000","11.0000","11.0000","11.0000","11.0000","11.0000","11.0000","75.7896","15.3411","21.2764","11.0000","11.0000","11.0000","11.0000","11.0000","11.0000","11.0000","11.0000","11.0000","12.7031","14.4806","12.4879","11.0000","11.0000","11.0000","11.0000","11.0000","11.0000","11.0000","11.0000","11.0000","11.6825","18.7586","11.5815","11.0000","11.0000","11.0000","11.0000","11.0000","11.0000","11.0000","11.0000","11.0000","11.9063","18.5696","11.7700","11.0000","11.0000","11.0000","11.0000","11.0000","11.0000","11.0000","11.0000","11.0000","11.0000","14.0526","68.9255","11.0000","11.0000","11.0000","11.0000","11.0000","11.0000","11.0000","11.0000","30.0438","11.0000","13.8586","17.3598","11.0000","11.0000","11.0000","11.0000","11.0000","11.0000","11.0000","11.0000","11.0000","15.6031","19.6659"
"C:\Users\cfg364\Sommerlab Dropbox\Casper van der Luijt\Casper\Data\BioLog\OmniLog\CL2\DATA_2024\07\_NRRL 471_Aspergillus oryzae__3_30_CL2_769_7#24#2024_A_21B_29.OKA","7/24/2024 10:32:48 PM","21-B","PM03B","","NRRL 471","Aspergillus oryzae","",3.0000,"25.3060","14.9241","11.4853","14.7801","13.1444","11.0000","11.0000","11.0000","13.5734","11.0000","24.9366","20.9081","18.2071","11.0000","11.0000","11.0000","11.0000","11.0000","11.0000","11.0000","11.0000","11.0000","69.4075","15.7101","22.8134","11.0000","11.0000","11.0000","11.0000","11.0000","11.0000","11.0000","11.0000","11.0000","12.6083","11.3632","11.5713","11.0000","11.0000","11.0000","11.0000","11.0000","11.0000","11.0000","11.0000","11.0000","11.0000","13.7833","13.2899","11.0000","11.0000","11.0000","11.0000","11.0000","11.0000","11.0000","11.0000","11.0000","11.0000","14.7978","14.1625","11.0000","11.0000","11.0000","11.0000","11.0000","11.0000","11.0000","11.0000","11.0000","11.0000","14.9114","71.9187","11.0000","11.0000","11.0000","11.0000","11.0000","11.0000","11.0000","11.0000","30.5148","11.0000","13.7751","14.7235","11.0000","11.0000","11.0000","11.0000","11.0000","11.0000","11.0000","11.0000","11.0000","14.0589","19.5464"
"C:\Users\cfg364\Sommerlab Dropbox\Casper van der Luijt\Casper\Data\BioLog\OmniLog\CL2\DATA_2024\07\_NRRL 471_Aspergillus oryzae__3_30_CL2_769_7#24#2024_A_21B_29.OKA","7/24/2024 10:32:48 PM","21-B","PM03B","","NRRL 471","Aspergillus oryzae","",3.2500,"25.8324","14.9889","11.8736","15.7174","11.0000","11.0000","11.0000","11.0000","12.5176","11.0000","21.2357","24.6811","15.9295","11.0000","11.0000","11.0000","11.0000","11.0000","11.0000","11.0000","11.0000","11.0000","72.1700","13.2398","20.4570","11.0000","11.0000","11.0000","11.0000","11.0000","11.0000","11.0000","11.0000","11.0000","11.0000","13.1795","11.0000","11.0000","11.0000","11.0000","11.0000","11.0000","11.0000","11.0000","11.0000","11.0000","11.0000","15.4533","14.4195","11.0000","11.0000","11.0000","11.0000","11.0000","11.0000","11.0000","11.0000","11.0000","11.0000","15.1775","14.6844","11.0000","11.0000","11.0000","11.0000","11.0000","11.0000","11.0000","11.0000","11.0000","11.0000","15.0992","76.5766","11.0000","11.0000","11.0000","11.0000","11.0000","11.0000","11.0000","11.0000","31.4761","11.0000","12.6214","12.9694","11.0000","11.0000","11.0000","11.0000","11.0000","11.0000","11.0000","11.0000","11.0000","12.5452","15.5209"
"C:\Users\cfg364\Sommerlab Dropbox\Casper van der Luijt\Casper\Data\BioLog\OmniLog\CL2\DATA_2024\07\_NRRL 471_Aspergillus oryzae__3_30_CL2_769_7#24#2024_A_21B_29.OKA","7/24/2024 10:32:48 PM","21-B","PM03B","","NRRL 471","Aspergillus oryzae","",3.5000,"25.5105","14.2755","11.0000","12.7029","12.6062","11.0000","11.0000","12.7442","11.0000","16.5655","25.9105","18.5893","17.0857","11.0000","11.0000","11.0000","11.0000","11.0000","11.0000","11.0000","11.0000","11.0000","70.2786","12.1584","17.1548","11.0000","11.0000","11.0000","11.0000","11.0000","11.0000","11.0000","11.0000","11.0000","11.0000","14.1694","11.0000","11.0000","11.0000","11.0000","11.0000","11.0000","11.0000","11.0000","11.0000","11.0000","11.0000","11.0000","12.8347","11.0000","11.0000","11.0000","11.0000","11.0000","11.0000","11.0000","11.0000","11.0000","11.0000","16.0407","13.8262","11.0000","11.0000","11.0000","11.0000","11.0000","11.0000","11.0000","11.0000","11.0000","11.0000","17.6030","78.4598","11.0000","11.0000","11.0000","11.0000","11.0000","11.0000","11.0000","11.0000","35.0108","11.0000","12.4310","17.2558","11.0000","11.0000","11.0000","11.0000","11.0000","11.0000","11.0000","11.0000","11.0000","11.0000","19.4437"
"C:\Users\cfg364\Sommerlab Dropbox\Casper van der Luijt\Casper\Data\BioLog\OmniLog\CL2\DATA_2024\07\_NRRL 471_Aspergillus oryzae__3_30_CL2_769_7#24#2024_A_21B_29.OKA","7/24/2024 10:32:48 PM","21-B","PM03B","","NRRL 471","Aspergillus oryzae","",3.7500,"23.9569","15.6375","14.5319","11.0000","12.6376","11.0000","11.0000","15.0150","11.0000","14.7766","27.8366","16.2363","18.5837","11.0000","11.0000","11.0000","11.0000","11.0000","11.0000","11.0000","11.0000","11.0000","70.0150","13.9456","18.7961","11.0000","11.0000","11.0000","11.0000","11.0000","11.0000","11.0000","11.0000","11.0000","12.6723","11.0000","11.0000","11.0000","11.0000","11.0000","11.0000","11.0000","11.0000","11.0000","11.0000","11.0000","11.0000","12.7071","11.2752","11.0000","11.0000","11.0000","11.0000","11.0000","11.0000","11.0000","11.0000","11.0000","11.8127","16.7698","12.7510","11.0000","11.8239","11.0000","11.0000","11.0000","11.0000","11.0000","11.0000","11.0000","11.6113","14.4110","75.9297","11.0000","11.0000","11.0308","11.0000","11.0000","11.0000","11.0000","11.0000","35.2985","11.0000","14.6085","14.9061","11.0000","11.0000","11.0000","11.0000","11.0000","11.0000","11.0000","11.0000","11.0000","11.0000","21.6088"
"C:\Users\cfg364\Sommerlab Dropbox\Casper van der Luijt\Casper\Data\BioLog\OmniLog\CL2\DATA_2024\07\_NRRL 471_Aspergillus oryzae__3_30_CL2_769_7#24#2024_A_21B_29.OKA","7/24/2024 10:32:48 PM","21-B","PM03B","","NRRL 471","Aspergillus oryzae","",4.0000,"20.6321","12.8478","13.1357","11.0000","11.0000","11.0000","13.4621","12.1238","11.0000","11.8659","23.8517","23.1878","19.7472","12.2106","11.0000","11.0000","11.0000","11.5707","11.0000","11.0000","11.0000","11.0000","71.8127","17.5152","16.0007","11.0000","11.0000","11.0000","11.0000","11.0000","11.0000","11.0000","11.0000","11.0000","11.0000","12.6831","11.0000","11.0000","11.0000","11.0000","11.0000","11.0000","11.0000","11.0000","11.0000","11.0000","11.0000","18.8884","11.0000","11.0000","11.0000","11.0000","11.0000","11.0000","11.0000","11.0000","11.0000","11.0000","13.1969","14.8819","11.5244","11.0000","11.0000","11.0000","11.0000","11.0000","11.0000","11.0000","11.0000","11.0000","11.0000","15.1353","82.1986","11.0000","11.0000","11.0000","11.0000","11.0000","11.0000","11.0000","11.0000","36.5793","11.0000","11.0000","11.1229","11.0000","11.0000","11.0000","11.0000","11.0000","11.0000","11.0000","11.0000","11.0000","11.6978","17.1171"
"C:\Users\cfg364\Sommerlab Dropbox\Casper van der Luijt\Casper\Data\BioLog\OmniLog\CL2\DATA_2024\07\_NRRL 471_Aspergillus oryzae__3_30_CL2_769_7#24#2024_A_21B_29.OKA","7/24/2024 10:32:48 PM","21-B","PM03B","","NRRL 471","Aspergillus oryzae","",4.2500,"25.6520","13.1123","11.9395","11.4090","11.0000","11.0000","13.2501","11.0000","11.0663","11.0000","29.8698","22.7802","18.5621","11.0000","11.0000","11.0000","11.0000","11.0000","11.0000","11.0000","11.0000","11.0000","64.0468","15.5933","12.5242","11.0000","11.0000","11.0000","11.0000","11.0000","11.0000","11.0000","11.0000","11.0000","16.0347","15.7076","11.5080","11.0000","11.0000","11.0000","11.0000","11.0000","11.0000","11.0000","11.0000","11.0000","11.0000","17.3954","13.2925","11.0000","11.0000","11.0000","11.0000","11.0000","11.0000","11.0000","11.0000","11.0000","11.0000","15.1713","11.0000","11.0000","11.0000","11.0000","11.0000","11.0000","11.0000","11.0000","11.0000","11.0000","12.2535","17.5269","87.0562","11.0000","11.0000","11.0000","11.0000","11.0000","11.0000","11.0000","11.0000","36.8286","11.0000","11.0000","12.8164","11.0000","11.0000","11.0000","11.0000","11.0000","11.0000","11.0000","11.0000","11.0000","12.3322","16.2876"
"C:\Users\cfg364\Sommerlab Dropbox\Casper van der Luijt\Casper\Data\BioLog\OmniLog\CL2\DATA_2024\07\_NRRL 471_Aspergillus oryzae__3_30_CL2_769_7#24#2024_A_21B_29.OKA","7/24/2024 10:32:48 PM","21-B","PM03B","","NRRL 471","Aspergillus oryzae","",4.5000,"25.4611","17.1225","11.0000","11.8860","13.2643","11.0000","11.0000","12.2950","12.0557","13.4900","24.7892","22.0749","18.3689","11.0000","11.0000","11.0000","11.0000","11.0000","11.0000","11.0000","11.0000","11.0000","67.3229","16.1348","16.6013","11.0000","11.0000","11.0000","11.0000","11.0000","11.0000","11.0000","11.0000","11.0000","11.7394","11.6248","14.5067","11.0000","11.0000","11.0000","11.0000","11.0000","11.0000","11.0000","11.0000","11.0000","11.0000","14.9231","13.4807","11.0000","11.0000","11.0000","11.0000","11.0000","11.0000","11.0000","11.0000","11.0000","11.0000","14.8020","11.0000","11.0000","11.0000","11.0000","11.0000","11.0000","11.0000","11.0000","11.0000","11.0000","11.0000","15.0139","85.8149","11.0000","11.0000","11.0000","11.0000","11.0000","11.0000","11.0000","11.0000","38.4700","12.1822","13.9892","12.7576","11.0000","11.0000","11.0000","11.0000","11.0000","11.0000","11.0000","11.0000","11.0000","13.2116","17.8243"
"C:\Users\cfg364\Sommerlab Dropbox\Casper van der Luijt\Casper\Data\BioLog\OmniLog\CL2\DATA_2024\07\_NRRL 471_Aspergillus oryzae__3_30_CL2_769_7#24#2024_A_21B_29.OKA","7/24/2024 10:32:48 PM","21-B","PM03B","","NRRL 471","Aspergillus oryzae","",4.7500,"23.3026","17.0196","11.0000","12.1324","11.8511","11.0000","12.2366","12.0555","11.0000","13.5435","29.1445","23.4035","21.2196","11.0000","11.0000","11.0000","11.0000","11.0000","11.0000","11.0000","11.0000","11.0000","65.3931","14.5406","14.7700","11.0000","11.0000","11.0000","11.0000","11.0000","11.0000","11.0000","11.0000","11.0000","12.8826","13.3699","13.3974","11.0000","11.0000","11.0000","11.0000","11.0000","11.0000","11.0000","11.0000","11.0000","11.0000","18.1968","15.7304","11.0000","11.0000","11.0000","11.0000","11.0000","11.0000","11.0000","11.0000","11.0000","11.0000","16.8068","12.0174","11.0000","11.0000","11.0000","11.0000","11.0000","11.0000","11.0000","11.0000","11.0000","11.4182","19.0756","90.2115","11.0000","11.0000","11.0000","11.0000","11.0000","11.0000","11.0000","11.0000","39.2374","11.0000","15.3792","13.7830","11.0000","11.0000","11.0000","11.0000","11.0000","11.0000","11.0000","11.0000","11.0000","11.0000","17.6057"
"C:\Users\cfg364\Sommerlab Dropbox\Casper van der Luijt\Casper\Data\BioLog\OmniLog\CL2\DATA_2024\07\_NRRL 471_Aspergillus oryzae__3_30_CL2_769_7#24#2024_A_21B_29.OKA","7/24/2024 10:32:48 PM","21-B","PM03B","","NRRL 471","Aspergillus oryzae","",5.0000,"24.7898","17.4858","11.3893","11.0000","11.0316","11.0000","11.0000","13.5000","14.1850","13.6979","23.8546","19.4513","21.8177","11.0000","11.0000","11.0000","11.0000","11.0000","11.0000","11.0000","11.0000","11.0000","63.6168","15.7116","15.5563","11.0000","11.0000","11.0000","11.0000","11.0000","11.0000","11.0000","11.0000","11.0000","12.1258","11.9246","11.7284","11.0000","11.0000","11.0000","11.0000","11.0000","11.0000","11.0000","11.0000","11.0000","11.0000","16.6710","13.1726","11.0000","11.0000","11.0000","11.0000","11.0000","11.0000","11.0000","11.0000","11.0000","11.7406","16.5942","11.0000","11.0000","11.0000","11.0000","11.0000","11.0000","11.0000","11.0000","11.0000","11.0000","11.3215","15.4411","93.7269","11.0000","11.0000","11.0000","11.0000","11.0000","11.0000","11.0000","11.0000","43.5286","13.1434","11.9986","18.0506","11.0000","11.0000","11.0000","11.0000","11.0000","11.0000","11.0000","11.0000","11.0000","11.0000","19.1332"
"C:\Users\cfg364\Sommerlab Dropbox\Casper van der Luijt\Casper\Data\BioLog\OmniLog\CL2\DATA_2024\07\_NRRL 471_Aspergillus oryzae__3_30_CL2_769_7#24#2024_A_21B_29.OKA","7/24/2024 10:32:48 PM","21-B","PM03B","","NRRL 471","Aspergillus oryzae","",5.2500,"25.9916","15.7475","11.0000","12.0092","11.0000","11.9026","11.9481","12.4852","11.0000","13.2342","27.3397","22.7946","20.9689","11.0000","11.0000","11.0000","11.0000","11.0000","11.0000","11.0000","11.0000","11.0000","67.7922","12.6948","16.3874","11.0000","11.0000","11.0000","11.0000","11.0000","11.0000","11.0000","11.0000","11.0000","12.5751","11.4285","13.3127","11.0000","11.0000","11.0000","11.0000","11.0000","11.0000","11.0000","11.0000","11.0000","11.0000","18.1231","16.3117","11.0000","11.0000","11.0000","11.0000","11.0000","11.0000","11.0000","11.0000","11.0000","11.0974","14.5382","11.0000","11.0000","11.0000","11.0000","11.0000","11.0000","11.0000","11.0000","11.0000","11.0000","13.2523","16.8571","95.8350","11.0000","11.0000","11.0000","11.0000","11.0000","11.0000","11.0000","11.0000","45.2134","11.1277","13.4936","15.0222","11.0000","11.0000","11.0000","11.0000","11.0000","11.0000","11.0000","11.0000","11.0000","13.1212","18.0452"
"C:\Users\cfg364\Sommerlab Dropbox\Casper van der Luijt\Casper\Data\BioLog\OmniLog\CL2\DATA_2024\07\_NRRL 471_Aspergillus oryzae__3_30_CL2_769_7#24#2024_A_21B_29.OKA","7/24/2024 10:32:48 PM","21-B","PM03B","","NRRL 471","Aspergillus oryzae","",5.5000,"23.3035","17.5816","11.0000","11.0000","11.0000","11.0000","11.0000","11.0000","11.0000","13.5313","22.2640","23.1260","17.6173","11.4588","11.0000","11.0000","11.0000","11.0000","11.0000","11.0000","11.0000","11.0000","65.0044","14.4338","17.8967","11.0000","11.0000","11.0000","11.0000","11.0000","11.0000","11.0000","11.0000","11.0000","11.0000","17.3962","12.4957","11.0000","11.0000","11.0000","11.0000","11.0000","11.0000","11.0000","11.0000","11.0000","11.0000","11.4930","15.7993","11.0000","11.0000","11.0000","11.0000","11.0000","11.0000","11.0000","11.0000","11.0000","11.0000","11.0000","14.8269","11.0000","11.0000","11.0000","11.0000","11.0000","11.0000","11.0000","11.0000","11.0000","11.0000","15.0865","96.1094","11.0000","11.0000","11.0000","11.0000","11.0000","11.0000","11.0000","11.0000","42.4922","11.4812","11.0000","14.9572","11.0000","11.0000","11.0000","11.0000","11.0000","11.0000","11.0000","11.0000","11.0000","11.5741","18.4551"
"C:\Users\cfg364\Sommerlab Dropbox\Casper van der Luijt\Casper\Data\BioLog\OmniLog\CL2\DATA_2024\07\_NRRL 471_Aspergillus oryzae__3_30_CL2_769_7#24#2024_A_21B_29.OKA","7/24/2024 10:32:48 PM","21-B","PM03B","","NRRL 471","Aspergillus oryzae","",5.7500,"25.8846","15.0784","11.0000","11.2210","11.6308","11.0000","11.2938","11.0000","13.5830","16.2088","31.5742","26.3741","14.1368","11.0000","11.0000","11.0000","11.0000","11.0000","11.0000","11.0000","11.0000","11.0000","67.3512","15.3478","15.0175","11.0000","11.0000","11.0000","11.0000","11.0000","11.0000","11.0000","11.0000","11.0000","11.0000","15.9247","11.0000","11.0000","11.0000","11.0000","11.0000","11.0000","11.0000","11.0000","11.0000","11.0000","11.0000","14.2926","16.7557","11.0000","11.0000","11.0000","11.0000","11.0000","11.0000","11.0000","11.0000","11.0000","12.5194","17.3291","11.8015","11.0000","11.0000","11.0000","11.0000","11.0000","11.0000","11.0000","11.0000","11.0000","11.0000","15.5803","95.7439","11.0000","11.0000","11.0000","11.0000","11.0000","11.0000","11.0000","11.0000","48.3416","11.0000","14.9667","13.8660","11.0000","11.0000","11.0000","11.0000","11.0000","11.0000","11.0000","11.0000","11.0000","11.4436","18.4681"
"C:\Users\cfg364\Sommerlab Dropbox\Casper van der Luijt\Casper\Data\BioLog\OmniLog\CL2\DATA_2024\07\_NRRL 471_Aspergillus oryzae__3_30_CL2_769_7#24#2024_A_21B_29.OKA","7/24/2024 10:32:48 PM","21-B","PM03B","","NRRL 471","Aspergillus oryzae","",6.0000,"25.6061","13.4924","11.0000","11.0000","11.9777","11.0000","13.4485","11.0000","13.5499","13.6874","28.2450","22.0143","16.0188","11.0000","11.0000","11.0000","11.0000","11.0000","11.0000","11.0000","11.0000","11.0000","63.0496","18.1146","14.7012","11.0000","11.0000","11.0000","11.1243","11.0000","11.0000","11.0000","11.0000","11.0965","11.0000","14.1846","11.0000","11.0000","11.0000","11.0000","11.0000","11.0000","11.0000","11.0000","11.0000","11.0000","11.0000","15.9225","12.8063","11.0000","11.0000","11.0000","11.0000","11.0000","11.0000","11.0000","11.0000","11.0000","11.6789","17.5823","11.6782","11.0000","11.0000","11.0000","11.0000","11.0000","11.0000","11.0000","11.0000","11.0000","11.0000","15.8313","98.5188","11.0000","11.0000","11.0000","11.0000","11.0000","11.0000","11.0000","11.0000","48.9789","11.0000","11.5310","14.0817","11.0000","11.0000","11.0000","11.0000","11.0000","11.0000","11.0000","11.0000","11.0000","11.5387","17.7864"
"C:\Users\cfg364\Sommerlab Dropbox\Casper van der Luijt\Casper\Data\BioLog\OmniLog\CL2\DATA_2024\07\_NRRL 471_Aspergillus oryzae__3_30_CL2_769_7#24#2024_A_21B_29.OKA","7/24/2024 10:32:48 PM","21-B","PM03B","","NRRL 471","Aspergillus oryzae","",6.2500,"26.4004","16.6066","12.2007","12.1987","11.0000","11.0000","11.0000","11.0000","14.8639","15.6612","30.8898","23.8579","19.7622","11.0000","11.0000","11.0000","11.0000","11.0000","11.0000","11.0000","11.0000","11.0000","66.8726","15.5512","18.4578","11.0000","11.0000","11.0000","11.0000","11.0000","11.0000","11.0000","11.0000","11.0000","11.0000","16.8444","13.3773","11.0000","11.0000","11.0000","11.0000","11.0000","11.0000","11.0000","11.0000","11.0000","11.0000","19.1262","17.1263","11.0000","11.0000","11.0000","11.0000","11.0000","11.0000","11.0000","11.0000","11.0000","11.0000","15.4410","13.7697","11.0000","11.0000","11.0000","11.0000","11.0000","11.0000","11.0000","11.0000","11.0000","11.0000","12.9467","99.9400","11.0000","11.0000","11.0000","11.0000","11.0000","11.0000","11.0000","11.0000","44.6888","11.0961","14.1348","11.0000","11.0000","11.0000","11.0000","11.0000","11.0000","11.0000","11.0000","11.0000","11.0000","11.0000","16.8453"
"C:\Users\cfg364\Sommerlab Dropbox\Casper van der Luijt\Casper\Data\BioLog\OmniLog\CL2\DATA_2024\07\_NRRL 471_Aspergillus oryzae__3_30_CL2_769_7#24#2024_A_21B_29.OKA","7/24/2024 10:32:48 PM","21-B","PM03B","","NRRL 471","Aspergillus oryzae","",6.5000,"23.0470","14.0788","11.0000","12.9873","11.7871","11.0000","11.2615","11.0000","13.6750","12.3984","34.0338","20.6023","19.1719","11.0000","11.0000","11.0000","11.0000","11.0000","11.0000","11.0000","11.0000","11.0000","67.8926","16.6972","16.9474","11.0000","11.0000","11.0000","11.0000","11.0000","11.0000","11.0000","11.0000","11.0000","11.0000","17.5011","11.0000","11.0000","11.0000","11.0000","11.0000","11.0000","11.0000","11.0000","11.0000","11.0000","11.0000","14.1205","16.1814","11.0000","11.0000","11.0000","11.0000","11.0000","11.0000","11.0000","11.0000","11.0000","11.0000","15.0603","12.9080","11.0000","11.0000","11.0000","11.0000","11.0000","11.0000","11.0000","11.0000","11.0000","11.0000","16.0864","101.6809","11.0000","11.0000","11.0000","11.0000","11.0000","11.0000","11.0000","11.0000","46.1354","11.0000","13.1106","11.7741","11.0000","11.0000","11.0000","11.0000","11.0000","11.0000","11.0000","11.0000","11.0000","11.1901","14.8865"
"C:\Users\cfg364\Sommerlab Dropbox\Casper van der Luijt\Casper\Data\BioLog\OmniLog\CL2\DATA_2024\07\_NRRL 471_Aspergillus oryzae__3_30_CL2_769_7#24#2024_A_21B_29.OKA","7/24/2024 10:32:48 PM","21-B","PM03B","","NRRL 471","Aspergillus oryzae","",6.7500,"27.2129","19.1081","12.2311","14.2980","13.7227","11.0000","11.0000","13.2803","11.0000","11.0000","33.1606","18.1456","19.0195","11.0000","11.0000","11.0000","11.0000","11.0000","11.0000","11.0000","11.0000","11.0000","68.8589","17.8660","18.3694","11.0000","11.0000","11.0000","11.0000","11.0000","11.0000","11.0000","11.0000","11.0000","15.1736","13.2750","12.1769","11.0000","11.0000","11.0000","11.0000","11.0000","11.0000","11.0000","11.0000","11.0000","11.0000","15.3401","11.0000","11.0000","11.0000","11.0000","11.0000","11.0000","11.0000","11.0000","11.0000","11.0000","11.0000","14.7557","14.5035","11.0000","11.0000","11.0000","11.0000","11.0000","11.0000","11.0000","11.0000","11.0000","11.0000","19.4437","104.8620","11.0000","11.0000","11.0000","11.0000","11.0000","11.0000","11.0000","11.0000","50.7818","12.6624","14.6033","13.1652","11.0000","11.0000","11.0000","11.0000","11.0000","11.0000","11.0000","11.0000","11.0000","15.5912","18.3228"
"C:\Users\cfg364\Sommerlab Dropbox\Casper van der Luijt\Casper\Data\BioLog\OmniLog\CL2\DATA_2024\07\_NRRL 471_Aspergillus oryzae__3_30_CL2_769_7#24#2024_A_21B_29.OKA","7/24/2024 10:32:48 PM","21-B","PM03B","","NRRL 471","Aspergillus oryzae","",7.0000,"20.2534","16.0233","12.0082","11.4099","11.0000","11.0000","11.0000","12.8520","11.0663","14.4809","30.0199","25.7678","17.8245","11.0000","11.0000","11.0000","11.0000","11.0000","11.0000","11.0000","11.0000","11.0000","68.3496","16.2270","17.1952","11.0000","11.0000","11.0000","11.0000","11.0000","11.0000","11.0000","11.0000","11.0000","11.0000","13.1721","11.9484","11.0000","11.0000","11.0000","11.0000","11.0000","11.0000","11.0000","11.8306","11.0000","11.0000","16.3628","14.3623","11.0000","11.0000","11.0000","11.0000","11.0000","11.0000","11.0000","11.0000","11.0000","11.0000","17.0891","11.4932","11.0000","11.0000","11.0000","11.0000","11.0000","11.0000","11.0000","11.0000","11.0000","11.0000","16.9802","103.6805","11.0000","11.0000","11.0000","11.0000","11.0000","11.0000","11.0000","11.0000","50.9887","11.9908","15.5775","13.5005","11.0000","11.0000","11.0000","11.0000","11.0000","11.0000","11.0000","11.0000","11.0000","12.4565","17.4356"
"C:\Users\cfg364\Sommerlab Dropbox\Casper van der Luijt\Casper\Data\BioLog\OmniLog\CL2\DATA_2024\07\_NRRL 471_Aspergillus oryzae__3_30_CL2_769_7#24#2024_A_21B_29.OKA","7/24/2024 10:32:48 PM","21-B","PM03B","","NRRL 471","Aspergillus oryzae","",7.2500,"21.5976","15.0510","12.4635","11.1261","11.0000","11.0000","11.0000","11.0000","11.6626","16.4037","32.1184","21.5531","13.8175","11.0000","11.0000","11.0000","11.0000","11.0000","11.0000","11.0000","11.0000","11.0000","69.7661","18.1995","12.1379","11.0000","11.0000","11.0000","11.0000","11.0000","11.0000","11.0000","11.0000","11.0000","11.2571","16.0352","14.9835","11.0000","11.0000","11.0000","11.0000","11.0000","11.0000","11.0000","11.0000","11.0000","11.0000","15.4799","15.1876","11.0000","11.0000","11.0000","11.0000","11.0000","11.0000","11.0000","11.0000","11.0000","11.0000","17.7234","11.0000","11.0000","11.0000","11.0000","11.0000","11.0000","11.0000","11.0000","11.0000","11.0000","11.0000","14.3188","107.6647","11.0000","11.0000","11.0000","11.0000","11.0000","11.0000","11.0000","11.0000","49.9970","11.0000","15.8559","13.9019","11.0000","11.0000","11.0000","11.0000","11.0000","11.0000","11.0000","11.0000","11.0000","14.1662","19.5705"
"C:\Users\cfg364\Sommerlab Dropbox\Casper van der Luijt\Casper\Data\BioLog\OmniLog\CL2\DATA_2024\07\_NRRL 471_Aspergillus oryzae__3_30_CL2_769_7#24#2024_A_21B_29.OKA","7/24/2024 10:32:48 PM","21-B","PM03B","","NRRL 471","Aspergillus oryzae","",7.5000,"22.6918","15.5047","13.5693","11.0000","11.0000","11.0000","11.0000","11.0000","11.0000","14.4146","29.5869","24.4936","17.3863","11.0000","11.0000","11.0000","11.0000","11.0000","11.0000","11.0000","11.0000","11.3606","66.0438","16.4243","16.4366","11.0000","11.0000","11.0000","11.0000","11.0000","11.0000","11.0000","11.0000","11.0000","13.1858","11.9873","11.8220","11.0000","11.0000","11.0000","11.0000","11.0000","11.0000","11.0000","11.0000","11.0000","11.0000","15.6761","12.1615","11.0000","11.0000","11.0000","11.0000","11.0000","11.0000","11.0000","11.0000","11.0000","11.3562","15.1228","14.3906","11.0000","11.0000","11.0000","11.0000","11.0000","11.0000","11.0000","11.0000","11.0000","11.0000","16.9176","105.9791","11.0000","11.0000","11.0000","11.0000","11.0000","11.0000","11.0000","11.0000","54.7636","11.0000","14.0001","15.5072","11.0000","11.0000","11.0000","11.0000","11.0000","11.0000","11.0000","11.0000","11.0000","12.7414","17.8069"
"C:\Users\cfg364\Sommerlab Dropbox\Casper van der Luijt\Casper\Data\BioLog\OmniLog\CL2\DATA_2024\07\_NRRL 471_Aspergillus oryzae__3_30_CL2_769_7#24#2024_A_21B_29.OKA","7/24/2024 10:32:48 PM","21-B","PM03B","","NRRL 471","Aspergillus oryzae","",7.7500,"23.0357","15.5047","12.5285","11.7253","11.2847","11.5480","11.0000","12.5213","12.7891","14.0499","34.6833","20.7363","15.1323","11.0000","11.0000","11.0000","11.0000","11.0000","11.0000","11.0000","11.0000","11.3606","70.1284","16.0955","15.8676","11.0000","11.0000","11.0000","11.0000","11.0000","11.0000","11.0000","11.0000","11.0000","13.9572","13.3366","12.4227","11.0000","11.0000","11.0000","11.0000","11.0000","11.0000","11.0000","12.4695","11.0000","11.0000","11.3270","15.9212","11.0000","11.0000","11.0000","11.0000","11.0000","11.0000","11.0000","11.0000","11.0000","11.5182","13.0297","14.0207","11.0000","11.0000","11.0000","11.0000","11.0000","11.0000","11.0000","11.0000","11.0000","11.0000","15.1642","109.4117","11.0000","11.0000","11.0000","11.0000","11.0000","11.0000","11.0000","11.0000","54.4437","11.7032","13.3816","11.8335","11.0000","11.0000","11.0000","11.0000","11.0000","11.0000","11.0000","11.0000","11.0000","11.4116","18.7661"
"C:\Users\cfg364\Sommerlab Dropbox\Casper van der Luijt\Casper\Data\BioLog\OmniLog\CL2\DATA_2024\07\_NRRL 471_Aspergillus oryzae__3_30_CL2_769_7#24#2024_A_21B_29.OKA","7/24/2024 10:32:48 PM","21-B","PM03B","","NRRL 471","Aspergillus oryzae","",8.0000,"22.8481","15.1158","11.0000","11.0000","12.3919","11.0000","11.0656","11.0000","11.7620","14.6798","32.7846","25.7678","18.3567","11.0000","11.0000","11.0000","11.0000","11.0000","11.0000","11.0000","11.0000","11.0000","66.1756","16.4571","13.7183","11.0000","11.0000","11.0000","11.0000","11.0000","11.0000","11.0000","11.0000","11.0000","11.0643","14.2252","12.0433","11.0000","11.0000","11.0000","11.0000","11.0000","11.0000","11.0000","11.0000","11.0000","11.0000","14.2046","14.5763","11.0000","11.0000","11.0000","11.0000","11.0000","11.0000","11.0000","11.0000","11.0000","11.8744","14.9325","11.0616","11.0000","11.0000","11.0000","11.0000","11.0000","11.0000","11.0000","11.0000","11.0000","11.0000","16.4479","107.0824","11.0000","11.0000","11.0000","11.0000","11.0000","11.0000","11.0000","11.0000","52.4283","11.0000","14.5259","11.7100","11.0000","11.0000","11.0000","11.0000","11.0000","11.0000","11.0000","11.0000","11.0000","11.0000","17.6832"
"C:\Users\cfg364\Sommerlab Dropbox\Casper van der Luijt\Casper\Data\BioLog\OmniLog\CL2\DATA_2024\07\_NRRL 471_Aspergillus oryzae__3_30_CL2_769_7#24#2024_A_21B_29.OKA","7/24/2024 10:32:48 PM","21-B","PM03B","","NRRL 471","Aspergillus oryzae","",8.2500,"22.6362","15.3252","12.1384","11.6924","11.0000","11.0000","11.0000","11.0000","11.0000","12.7970","31.9650","22.4341","19.0183","11.0000","11.0000","11.0000","11.0000","11.0000","11.0000","11.0000","11.0000","11.0000","63.3855","12.8202","14.6012","11.0000","11.0000","11.0000","11.0000","11.0000","11.0000","11.0000","11.0000","11.0000","11.0000","11.0000","12.7777","11.0000","11.0000","11.0000","11.0000","11.0000","11.0000","11.0000","11.0000","11.0000","11.0000","14.5679","13.6955","11.0000","11.0000","11.0000","11.0000","11.0000","11.0000","11.0000","11.0000","11.0000","11.0000","16.2547","12.2641","11.0000","11.0000","11.0000","11.0000","11.0000","11.0000","11.0000","11.0000","11.0000","11.0000","15.0560","114.5478","11.0000","11.0000","11.0000","11.0000","11.0000","11.0000","11.0000","11.0000","57.4377","11.0000","11.9666","13.0651","11.0000","11.0000","11.0000","11.0000","11.0000","11.0000","11.0000","11.0000","11.0000","11.1896","17.3326"
"C:\Users\cfg364\Sommerlab Dropbox\Casper van der Luijt\Casper\Data\BioLog\OmniLog\CL2\DATA_2024\07\_NRRL 471_Aspergillus oryzae__3_30_CL2_769_7#24#2024_A_21B_29.OKA","7/24/2024 10:32:48 PM","21-B","PM03B","","NRRL 471","Aspergillus oryzae","",8.5000,"26.1564","16.6654","14.2052","11.4733","14.7384","11.0000","11.1962","11.0000","13.9585","12.1038","30.6669","23.0162","18.6922","11.0000","11.0000","11.0000","11.0000","11.0000","11.0000","11.0000","11.0000","11.0000","65.4369","18.3839","15.9430","11.0000","11.0000","11.0000","11.0000","11.0000","11.0000","11.0000","11.0000","11.0000","11.0000","13.6620","11.6675","11.0000","11.0000","11.0000","11.0000","11.0000","11.0000","11.0000","11.0000","11.0000","11.0000","12.9326","12.3154","11.0000","11.0000","11.0000","11.0000","11.0000","11.0000","11.0000","11.0000","11.0000","11.0000","16.9792","12.2022","11.0000","11.0000","11.0000","11.0000","11.0000","11.0000","11.0000","11.0000","11.0000","12.4129","12.4748","110.1248","11.0000","11.0000","11.0000","11.0000","11.0000","11.0000","11.0000","11.0000","52.3025","11.0000","14.0482","11.8042","11.0000","11.0000","11.0000","11.0000","11.0000","11.0000","11.0000","11.0000","11.0000","11.0000","16.9562"
"C:\Users\cfg364\Sommerlab Dropbox\Casper van der Luijt\Casper\Data\BioLog\OmniLog\CL2\DATA_2024\07\_NRRL 471_Aspergillus oryzae__3_30_CL2_769_7#24#2024_A_21B_29.OKA","7/24/2024 10:32:48 PM","21-B","PM03B","","NRRL 471","Aspergillus oryzae","",8.7500,"30.0419","18.3276","12.3912","11.7858","13.6161","11.6112","12.8289","12.5258","12.5875","15.0616","33.7457","20.6891","20.2391","11.0000","11.0000","11.0000","11.0000","11.0000","11.0000","11.0000","11.0000","11.6870","63.9014","15.2500","16.8046","11.0000","11.0000","11.0000","11.0000","11.0000","11.0000","11.0000","11.0000","11.4485","11.0000","17.2814","16.6000","11.0000","11.0000","11.0000","11.0000","11.0000","11.0000","11.0000","11.0000","11.0000","11.0000","13.7582","11.5531","11.0000","11.0000","11.0000","11.0000","11.0000","11.0000","11.0000","11.0000","11.0000","12.1022","13.5461","12.6904","11.0000","11.0000","11.0000","11.0000","11.0000","11.0000","11.0000","11.0000","11.0000","11.0000","17.6338","111.4356","11.0000","11.0000","11.0000","11.0000","11.0000","11.0000","11.0000","11.0000","56.3949","13.0135","11.0000","12.8424","11.0000","11.0000","11.0000","11.0000","11.0000","11.0000","11.0000","11.0000","11.0000","12.3572","15.2895"
"C:\Users\cfg364\Sommerlab Dropbox\Casper van der Luijt\Casper\Data\BioLog\OmniLog\CL2\DATA_2024\07\_NRRL 471_Aspergillus oryzae__3_30_CL2_769_7#24#2024_A_21B_29.OKA","7/24/2024 10:32:48 PM","21-B","PM03B","","NRRL 471","Aspergillus oryzae","",9.0000,"25.3343","16.3445","13.8025","11.0000","14.9083","11.0000","11.0000","11.0000","12.4623","13.2255","34.2996","20.9344","21.9589","11.0000","11.0000","11.0000","11.0000","11.0000","11.0000","11.0000","11.0000","11.0000","66.4778","16.5366","15.8342","11.0000","11.0000","11.0000","11.0000","11.0000","11.0000","11.0000","11.0000","11.0000","11.7094","14.4879","12.3948","11.0000","11.0000","11.0000","11.0000","11.0000","11.0000","11.0000","11.0000","11.0000","11.0000","17.2020","12.7748","11.0000","11.0000","11.0000","11.0000","11.0000","11.0000","11.0000","11.0000","11.0000","11.0000","13.0636","12.5738","11.0000","11.0000","11.0000","11.0000","11.0000","11.0000","11.0000","11.0000","11.0000","11.0000","13.7298","115.5596","11.0000","11.0000","11.0000","11.0000","11.0000","11.0000","11.0000","11.0000","61.8000","11.0000","13.4588","17.6291","11.0000","11.0000","11.0000","11.0000","11.0000","11.0000","11.0000","11.0000","11.0000","11.0000","15.9061"
"C:\Users\cfg364\Sommerlab Dropbox\Casper van der Luijt\Casper\Data\BioLog\OmniLog\CL2\DATA_2024\07\_NRRL 471_Aspergillus oryzae__3_30_CL2_769_7#24#2024_A_21B_29.OKA","7/24/2024 10:32:48 PM","21-B","PM03B","","NRRL 471","Aspergillus oryzae","",9.2500,"25.9788","15.8030","13.3412","11.0000","13.1188","11.0000","11.1630","11.0000","12.0623","11.0000","34.1437","23.7644","17.9278","11.0000","11.0000","11.0000","11.0000","11.0000","11.0000","11.0000","11.0000","11.0000","64.1621","12.2301","15.6250","11.0000","11.0000","11.0000","11.4978","11.0000","11.0000","11.0000","11.0000","11.0000","11.8056","15.4161","11.6308","11.0000","11.0000","11.0000","11.0000","11.0000","11.0000","11.0000","11.0000","11.0000","11.0000","14.6711","12.3188","11.0000","11.0000","11.0000","11.0000","11.0000","11.0000","11.0000","11.0000","11.0000","11.0000","18.5876","11.0927","11.0000","11.0000","11.0000","11.0000","11.0000","11.0000","11.0000","11.0000","11.0000","11.0000","14.1294","117.8118","11.0000","11.0000","11.0000","11.0000","11.0000","11.0000","11.0000","11.0000","56.4260","11.0000","13.7907","14.8903","11.0000","11.0000","11.0000","11.0000","11.0000","11.0000","11.0000","11.0000","11.0000","11.0000","15.3237"
"C:\Users\cfg364\Sommerlab Dropbox\Casper van der Luijt\Casper\Data\BioLog\OmniLog\CL2\DATA_2024\07\_NRRL 471_Aspergillus oryzae__3_30_CL2_769_7#24#2024_A_21B_29.OKA","7/24/2024 10:32:48 PM","21-B","PM03B","","NRRL 471","Aspergillus oryzae","",9.5000,"28.4704","17.7876","11.1948","12.6638","11.0000","14.3020","12.0433","11.0000","13.3609","11.0000","30.9458","23.0379","20.0028","11.0000","11.0000","11.0000","11.0000","11.0000","11.0000","11.0000","11.0000","11.0000","65.3974","13.8452","12.3989","11.0000","11.0000","11.0000","11.0000","11.0000","11.0000","11.0000","11.0000","11.0000","11.0000","15.9757","11.0000","11.0000","11.0000","11.0000","11.0000","11.0000","11.0000","11.0000","11.0000","11.0000","11.1627","12.3842","15.1640","11.0000","11.0000","11.0000","11.0000","11.0000","11.0000","11.0000","11.0000","11.0000","11.0000","15.6372","13.3392","11.0000","11.0000","11.0000","11.0000","11.0000","11.0000","11.0000","11.0000","11.0000","11.0000","15.6144","118.6573","11.0000","11.0000","11.0000","11.0000","11.0000","11.0000","11.0000","11.0000","59.7220","11.0000","12.2133","16.9920","11.0000","11.0000","11.0000","11.0000","11.0000","11.0000","11.0000","11.0000","11.0000","11.0000","16.6870"
"C:\Users\cfg364\Sommerlab Dropbox\Casper van der Luijt\Casper\Data\BioLog\OmniLog\CL2\DATA_2024\07\_NRRL 471_Aspergillus oryzae__3_30_CL2_769_7#24#2024_A_21B_29.OKA","7/24/2024 10:32:48 PM","21-B","PM03B","","NRRL 471","Aspergillus oryzae","",9.7500,"26.4224","15.2018","11.6169","16.9333","11.0000","13.8853","11.7824","15.3705","11.0000","13.3399","35.0818","25.1043","20.9062","15.0828","11.0000","11.0000","11.0000","11.0000","11.7426","11.0000","11.0000","11.0000","65.6948","11.0000","14.8469","11.0000","11.0000","11.0000","11.0000","11.0000","11.0000","11.0000","11.0000","11.0000","11.0000","16.9251","11.0000","11.0000","11.0000","11.0000","11.0000","11.0000","11.0000","11.0000","11.0000","11.0000","11.0000","12.2523","13.2657","11.0000","11.0000","11.0000","11.0000","11.0000","11.0000","11.0000","11.0000","11.0000","11.0000","14.8749","13.8009","11.0000","11.0000","11.0000","11.0000","11.0000","11.0000","11.0000","11.0000","11.0000","11.0000","16.5876","116.1013","11.0000","11.0000","11.0000","11.0000","11.0000","11.0000","11.0000","11.0000","58.5008","11.0000","12.3689","12.7605","11.0000","11.0000","11.0000","11.0000","11.0000","11.0000","11.0000","11.0000","11.0000","11.0000","15.6925"
"C:\Users\cfg364\Sommerlab Dropbox\Casper van der Luijt\Casper\Data\BioLog\OmniLog\CL2\DATA_2024\07\_NRRL 471_Aspergillus oryzae__3_30_CL2_769_7#24#2024_A_21B_29.OKA","7/24/2024 10:32:48 PM","21-B","PM03B","","NRRL 471","Aspergillus oryzae","",10.0000,"24.7187","12.9137","12.7913","11.0000","11.4101","11.0000","11.0984","11.0000","12.2583","12.3673","34.0422","24.7551","18.3330","11.0000","11.0000","11.0000","11.0000","11.0000","11.0000","11.0000","11.0000","11.0000","62.1586","11.8260","13.5713","11.0000","11.0000","11.0000","11.0000","11.0000","11.0000","11.0000","11.0000","11.0000","11.0000","14.1257","11.0000","11.0000","11.0000","11.0000","11.0000","11.0000","11.0000","11.0000","11.0000","11.0000","11.0000","15.1875","11.5519","11.0000","11.0000","11.0000","11.0000","11.0000","11.0000","11.0000","11.0000","11.0000","11.0000","16.7599","14.5483","11.0000","11.0000","11.0000","11.0000","11.0000","11.0000","11.0000","11.0000","11.0000","11.0000","13.9819","118.8997","11.0000","11.0000","11.0000","11.0000","11.0000","11.0000","11.0000","11.0000","64.7415","11.0000","11.0000","12.6961","11.0000","11.0000","11.0000","11.0000","11.0000","11.0000","11.0000","11.0000","11.0000","14.6723","13.8371"
"C:\Users\cfg364\Sommerlab Dropbox\Casper van der Luijt\Casper\Data\BioLog\OmniLog\CL2\DATA_2024\07\_NRRL 471_Aspergillus oryzae__3_30_CL2_769_7#24#2024_A_21B_29.OKA","7/24/2024 10:32:48 PM","21-B","PM03B","","NRRL 471","Aspergillus oryzae","",10.2500,"25.2774","17.0654","11.0000","14.1521","12.2620","11.0000","11.0000","11.1323","13.0861","11.6670","36.2367","25.7704","18.3954","11.0000","11.0000","11.0000","11.0000","11.0000","11.0000","11.0000","11.0000","11.0000","60.0105","16.3526","12.5238","11.0000","11.0000","11.0000","11.5303","11.0000","11.0000","11.0000","11.0000","11.0000","12.0658","15.0470","11.0000","11.0000","11.0000","11.0000","11.0000","11.0000","11.0000","11.0000","11.0000","11.0000","11.0000","15.3511","12.5330","11.0000","11.0000","11.0000","11.0000","11.0000","11.0000","11.0000","11.0000","11.0000","11.0000","15.2408","16.6895","11.0000","11.0000","11.0000","11.0000","11.0000","11.0000","11.0000","11.0000","11.0000","11.0000","12.6636","117.0667","11.0000","11.0000","11.0000","11.0000","11.0000","11.0000","11.0000","11.0000","65.5369","11.0000","11.0000","13.6212","11.0000","11.0000","11.0000","11.0000","11.0000","11.0000","11.0000","11.0000","11.0000","11.0000","15.7077"
"C:\Users\cfg364\Sommerlab Dropbox\Casper van der Luijt\Casper\Data\BioLog\OmniLog\CL2\DATA_2024\07\_NRRL 471_Aspergillus oryzae__3_30_CL2_769_7#24#2024_A_21B_29.OKA","7/24/2024 10:32:48 PM","21-B","PM03B","","NRRL 471","Aspergillus oryzae","",10.5000,"28.3811","20.1468","11.0000","12.5130","13.0192","11.0000","11.5578","11.4961","11.5298","13.7013","41.1244","22.1678","20.2676","11.0000","11.0000","11.0000","11.0000","11.0000","11.0000","11.0000","11.0000","11.0000","60.9028","16.1874","14.4602","11.0000","11.0000","11.0000","11.0000","11.0000","11.0000","11.0000","11.0000","11.0000","11.2584","15.0141","11.0000","11.0000","11.0000","11.0000","11.0000","11.0000","11.0000","11.0000","11.0000","11.0000","11.0000","16.4307","12.5636","11.0000","11.0000","11.0000","11.0000","11.0000","11.0000","11.0000","11.0000","11.0000","11.0000","16.2536","14.3036","11.0000","11.0000","11.0000","11.0000","11.0000","11.0000","11.0000","11.0000","11.0000","11.0000","14.5783","120.3660","11.0000","11.0000","11.0000","11.0000","11.0000","11.0000","11.0000","11.0000","69.8006","11.0000","12.5013","17.1983","11.0000","11.0000","11.0000","11.0000","11.0000","11.0000","11.0000","11.0000","11.0000","12.0130","14.7724"
"C:\Users\cfg364\Sommerlab Dropbox\Casper van der Luijt\Casper\Data\BioLog\OmniLog\CL2\DATA_2024\07\_NRRL 471_Aspergillus oryzae__3_30_CL2_769_7#24#2024_A_21B_29.OKA","7/24/2024 10:32:48 PM","21-B","PM03B","","NRRL 471","Aspergillus oryzae","",10.7500,"27.8457","13.3443","11.0000","13.4266","11.9499","11.0000","11.0000","14.0367","11.0000","14.8324","33.9496","20.7963","15.6738","11.0000","11.0000","11.0000","11.0000","11.0000","11.0000","11.0000","11.0000","11.0000","62.7810","11.7629","15.2715","11.0000","11.0000","11.0000","11.0000","11.0000","11.0000","11.0000","11.0000","11.0000","11.0000","14.5417","11.0000","11.0000","11.0000","11.0000","11.0000","11.0000","11.0000","11.0000","11.0000","11.0000","11.5208","15.7123","11.0000","11.0000","11.0000","11.0000","11.0000","11.0000","11.0000","11.0000","11.0000","11.0000","11.0000","17.9309","14.6946","11.0000","11.0000","11.0000","11.0000","11.0000","11.0000","11.0000","11.0000","11.0000","11.0000","17.7703","120.1022","11.0000","11.0000","11.0000","11.0000","11.0000","11.0000","11.0000","11.0000","62.4460","11.0000","11.0000","14.5424","11.0000","11.0000","11.0000","11.0000","11.0000","11.0000","11.0000","11.0000","11.0000","11.0000","18.0740"
"C:\Users\cfg364\Sommerlab Dropbox\Casper van der Luijt\Casper\Data\BioLog\OmniLog\CL2\DATA_2024\07\_NRRL 471_Aspergillus oryzae__3_30_CL2_769_7#24#2024_A_21B_29.OKA","7/24/2024 10:32:48 PM","21-B","PM03B","","NRRL 471","Aspergillus oryzae","",11.0000,"30.8503","19.0811","12.3615","11.0000","12.5161","11.0000","11.0000","11.0330","13.3239","12.3977","37.3109","22.2864","20.7005","11.0000","11.0000","11.0000","11.0000","11.0000","11.0000","11.0000","11.0000","11.0000","63.9304","14.2119","12.4313","11.0000","11.0000","11.0000","11.0000","11.0000","11.0000","11.0000","11.0000","13.2881","11.9319","17.8453","12.5889","11.0000","11.0000","11.0000","11.0000","11.0000","11.0000","11.0000","11.0000","11.0000","11.0000","16.1138","15.3189","11.0000","11.0000","11.0000","11.0000","11.0000","11.0000","11.0000","11.0000","11.0000","11.0000","20.3247","17.8842","11.0000","11.0000","11.0000","11.0000","11.0000","11.0000","11.0000","11.0000","11.0000","11.0000","13.9925","124.8839","11.0000","11.0000","11.0000","11.0000","11.0000","11.0000","11.0000","11.0000","67.2878","11.0000","11.0000","21.0738","11.0000","11.0000","11.0000","11.0000","11.0000","11.0000","11.0000","11.0000","11.0000","12.7388","15.8123"
"C:\Users\cfg364\Sommerlab Dropbox\Casper van der Luijt\Casper\Data\BioLog\OmniLog\CL2\DATA_2024\07\_NRRL 471_Aspergillus oryzae__3_30_CL2_769_7#24#2024_A_21B_29.OKA","7/24/2024 10:32:48 PM","21-B","PM03B","","NRRL 471","Aspergillus oryzae","",11.2500,"27.7845","19.0811","11.3890","11.0000","13.9689","11.0000","11.0000","11.9254","11.0000","14.4610","35.6145","21.0689","20.8241","11.0000","11.0000","11.0000","11.0000","11.0000","11.0000","11.0000","11.0000","11.0000","61.5456","15.7682","11.0636","11.0000","11.0000","11.0000","11.0000","11.0000","11.0000","11.0000","11.0000","11.0000","13.1210","17.3868","11.0000","11.0000","11.0000","11.0000","11.0000","11.0000","11.0000","11.0000","11.0000","11.0000","11.0000","19.2082","14.1550","11.0000","11.0000","11.0000","11.0000","11.0000","11.0000","11.0000","11.0000","11.0000","11.5508","21.3958","13.5314","11.0000","11.0000","11.0000","11.0000","11.0000","11.0000","11.0000","11.0000","11.0000","11.0000","18.2135","124.8230","11.0000","11.0000","11.0000","11.0000","11.0000","11.0000","11.0000","11.0000","67.7640","11.0000","11.0000","17.0321","11.0000","11.0000","11.0000","11.0000","11.0000","11.0000","11.0000","11.0000","11.0000","12.0433","15.5949"
"C:\Users\cfg364\Sommerlab Dropbox\Casper van der Luijt\Casper\Data\BioLog\OmniLog\CL2\DATA_2024\07\_NRRL 471_Aspergillus oryzae__3_30_CL2_769_7#24#2024_A_21B_29.OKA","7/24/2024 10:32:48 PM","21-B","PM03B","","NRRL 471","Aspergillus oryzae","",11.5000,"26.9209","19.3675","11.0000","15.3707","11.0000","11.0000","14.2358","11.0000","13.8875","19.9251","40.3434","21.5748","22.0802","11.0000","11.0000","11.0000","11.0000","11.0000","11.0000","11.0000","11.0000","11.0000","64.0101","18.6760","16.1513","11.0000","11.0000","11.0000","11.0000","11.0000","11.0000","11.0000","11.0000","11.4184","11.0000","14.5637","12.3049","11.0000","11.0000","11.0000","11.0000","11.0000","11.0000","11.0000","11.0000","11.0000","11.1630","15.9969","15.1931","11.0000","11.0000","11.0000","11.0000","11.0000","11.0000","11.0000","11.0000","11.0000","11.0000","17.2252","15.7777","11.0000","11.0000","11.0000","11.0000","11.0000","11.0000","11.0000","11.0000","11.0000","11.0000","16.9587","125.4254","11.0000","11.0000","11.0000","11.0000","11.0000","11.0000","11.0000","11.0000","66.0932","12.1486","12.3367","15.5914","11.0000","11.0000","11.0000","11.0000","11.0000","11.0000","11.0000","11.0000","11.0000","11.7909","20.3244"
"C:\Users\cfg364\Sommerlab Dropbox\Casper van der Luijt\Casper\Data\BioLog\OmniLog\CL2\DATA_2024\07\_NRRL 471_Aspergillus oryzae__3_30_CL2_769_7#24#2024_A_21B_29.OKA","7/24/2024 10:32:48 PM","21-B","PM03B","","NRRL 471","Aspergillus oryzae","",11.7500,"24.5432","19.9834","12.1463","14.7736","11.6985","11.0000","11.0000","12.9109","12.2888","14.7726","37.5625","18.0817","22.4502","11.0000","11.0000","11.0000","11.0000","11.0000","11.3549","11.0000","11.0000","11.0000","68.0989","18.6695","13.2901","11.0000","11.0000","11.0000","11.0000","11.0000","11.0000","11.0000","11.0000","11.0000","13.1334","13.6517","14.6406","11.0000","11.0000","11.0000","11.0000","11.0000","11.0000","11.0000","11.0000","11.0000","11.0000","13.7889","13.8974","11.0000","11.0000","11.0000","11.0000","11.0000","11.0000","11.0000","11.0000","11.0000","11.0000","17.1135","11.0619","11.0000","11.0000","11.0000","11.0000","11.0000","11.0000","11.0000","11.0000","11.0000","11.0000","21.9565","126.8732","11.0000","11.0000","11.0000","11.0000","11.0000","11.0000","11.0000","11.0000","66.4893","11.0000","13.2093","17.1074","11.0000","11.0000","11.0000","11.0000","11.0000","11.0000","11.0000","11.0000","11.0000","13.8137","15.5926"
"C:\Users\cfg364\Sommerlab Dropbox\Casper van der Luijt\Casper\Data\BioLog\OmniLog\CL2\DATA_2024\07\_NRRL 471_Aspergillus oryzae__3_30_CL2_769_7#24#2024_A_21B_29.OKA","7/24/2024 10:32:48 PM","21-B","PM03B","","NRRL 471","Aspergillus oryzae","",12.0000,"25.7259","18.9183","11.3908","14.9118","11.3187","11.0000","11.3918","11.8274","14.1233","16.5130","38.1163","22.1079","18.3502","11.0000","11.0000","11.0000","11.0000","11.0000","11.0000","11.0000","11.0000","11.0000","64.0713","18.2352","19.1646","11.0000","11.0000","11.0000","11.0000","11.0000","11.0000","11.0000","11.0000","11.0000","13.0957","14.8564","14.8840","11.0000","11.0000","11.0000","11.0000","11.0000","11.0000","11.0000","11.0000","11.0000","11.0000","15.0582","14.6103","11.0000","11.0000","11.0000","11.0000","11.0000","11.0000","11.0000","11.0000","11.0000","11.0000","16.2406","14.8875","11.0000","11.0000","11.0000","11.0000","11.0000","11.0000","11.0000","11.0000","11.0000","11.0000","15.6831","128.0853","11.0000","11.0000","11.0000","11.0000","11.0000","11.0000","11.0000","11.0000","69.9799","11.0000","13.4925","15.4248","11.0000","11.0000","11.0000","11.0000","11.0000","11.0000","11.0000","11.0000","11.0000","11.6642","18.4339"
"C:\Users\cfg364\Sommerlab Dropbox\Casper van der Luijt\Casper\Data\BioLog\OmniLog\CL2\DATA_2024\07\_NRRL 471_Aspergillus oryzae__3_30_CL2_769_7#24#2024_A_21B_29.OKA","7/24/2024 10:32:48 PM","21-B","PM03B","","NRRL 471","Aspergillus oryzae","",12.2500,"26.7430","15.6868","11.0000","12.7996","13.0662","13.3766","13.9288","12.0949","12.0631","13.0134","37.4192","22.5211","18.8796","11.8839","11.0000","11.0000","11.0000","11.0000","12.4506","11.0000","11.0000","11.0000","68.5589","13.0576","16.7287","11.0000","11.0000","11.0000","11.0000","11.0000","11.0000","11.0000","11.0000","11.0000","13.6044","16.4707","12.0828","11.0000","11.0000","11.0000","11.0000","11.0000","11.0000","11.0000","11.0000","11.0000","11.0000","15.0451","13.6373","11.0000","11.0000","11.0000","11.0000","11.0000","11.0000","11.0000","11.0000","11.0000","11.5520","19.1951","14.0538","11.0000","11.0000","11.0000","11.0000","11.0000","11.0000","11.0000","11.0000","11.0000","11.0000","14.1324","127.5342","11.0000","11.0000","11.0000","11.0000","11.0000","11.0000","11.0000","11.0000","68.2478","13.7788","11.4702","16.7244","11.0000","11.0000","11.0000","11.0000","11.0000","11.0000","11.0000","11.0000","11.0000","11.0000","19.7077"
"C:\Users\cfg364\Sommerlab Dropbox\Casper van der Luijt\Casper\Data\BioLog\OmniLog\CL2\DATA_2024\07\_NRRL 471_Aspergillus oryzae__3_30_CL2_769_7#24#2024_A_21B_29.OKA","7/24/2024 10:32:48 PM","21-B","PM03B","","NRRL 471","Aspergillus oryzae","",12.5000,"27.1027","15.1896","12.5563","11.0000","12.7115","11.2567","11.0000","12.4290","12.0603","16.8529","36.4051","20.4854","21.6600","11.0000","11.0000","11.0000","11.0000","11.0000","11.0000","11.0000","11.0000","11.0000","68.0302","15.4890","20.5527","11.0000","11.0000","11.0000","11.0000","11.0000","11.0000","11.0000","11.0000","11.0000","11.8706","23.6054","11.9224","11.0000","11.0000","11.0000","11.0000","11.0000","11.0000","11.0000","11.0000","11.0000","11.0000","19.8630","19.5292","11.0000","11.0000","11.0000","11.0000","11.0000","11.0000","11.0000","11.0000","11.0000","11.0000","17.5404","15.8163","11.0000","11.0000","11.0000","11.0000","11.0000","11.0000","11.0000","11.0000","11.0000","11.6758","12.8226","127.7827","11.0000","11.0000","11.0000","11.0000","11.0000","11.0000","11.0000","11.0000","70.9396","11.0000","11.4352","16.8105","11.0000","11.0000","11.0000","11.0000","11.0000","11.0000","11.0000","11.0000","11.0000","12.6466","13.5880"
"C:\Users\cfg364\Sommerlab Dropbox\Casper van der Luijt\Casper\Data\BioLog\OmniLog\CL2\DATA_2024\07\_NRRL 471_Aspergillus oryzae__3_30_CL2_769_7#24#2024_A_21B_29.OKA","7/24/2024 10:32:48 PM","21-B","PM03B","","NRRL 471","Aspergillus oryzae","",12.7500,"26.1898","15.0922","11.8452","12.7699","12.3004","11.0000","11.0000","11.0000","12.4600","11.3358","31.9918","28.0092","17.6762","11.0000","11.0000","11.0000","11.0000","11.0000","11.0000","11.0000","11.0000","11.0000","63.7188","12.9584","17.8426","11.0000","11.0000","11.0000","11.0000","11.0000","11.0000","11.0000","11.0000","11.0000","11.0000","16.4500","15.4274","11.0000","11.0000","11.0000","11.0000","11.0000","11.0000","11.0000","11.0000","11.0000","11.0000","18.1940","12.1986","11.0000","11.0000","11.0000","11.0000","11.0000","11.0000","11.0000","11.0000","11.0000","11.0000","14.3980","13.8650","11.0000","11.0000","11.0000","11.0000","11.0000","11.0000","11.0000","11.0000","11.0000","11.0000","17.0867","126.6647","11.0000","11.0000","11.0000","11.0000","11.0000","11.0000","11.0000","11.0000","69.8555","11.0000","14.4813","14.3684","11.0000","11.0000","11.0000","11.0000","11.0000","11.0000","11.0000","11.0000","11.0000","12.8333","16.5562"
"C:\Users\cfg364\Sommerlab Dropbox\Casper van der Luijt\Casper\Data\BioLog\OmniLog\CL2\DATA_2024\07\_NRRL 471_Aspergillus oryzae__3_30_CL2_769_7#24#2024_A_21B_29.OKA","7/24/2024 10:32:48 PM","21-B","PM03B","","NRRL 471","Aspergillus oryzae","",13.0000,"28.2855","18.7084","11.0000","18.1601","11.0000","11.0000","13.4831","11.0664","12.6676","16.6106","38.2538","27.1367","20.4860","11.8874","11.0000","11.0000","11.0000","11.0000","12.4494","11.0000","11.0000","11.0000","63.4634","14.2107","15.5412","11.0000","11.0000","11.0000","11.0000","11.0000","11.0000","11.0000","11.0000","11.0000","11.3549","15.6791","16.3569","11.0000","11.0000","11.0000","11.0000","11.0000","11.0000","11.0000","11.0000","11.0000","11.0000","15.2131","15.9315","11.0000","11.0000","11.0000","11.0000","11.0000","11.0000","11.0000","11.0000","11.0000","13.2700","13.0393","11.0000","11.0000","11.0000","11.0000","11.0000","11.0000","11.0000","11.0000","11.0000","11.0000","11.0000","14.4267","126.4555","11.0000","11.0000","11.0000","11.0000","11.0000","11.0000","11.0000","11.0000","72.4971","11.0000","11.8414","14.8648","11.0000","11.0000","11.0000","11.0000","11.0000","11.0000","11.0000","11.0000","11.0000","15.8238","18.1426"
"C:\Users\cfg364\Sommerlab Dropbox\Casper van der Luijt\Casper\Data\BioLog\OmniLog\CL2\DATA_2024\07\_NRRL 471_Aspergillus oryzae__3_30_CL2_769_7#24#2024_A_21B_29.OKA","7/24/2024 10:32:48 PM","21-B","PM03B","","NRRL 471","Aspergillus oryzae","",13.2500,"27.7775","17.1519","14.0764","12.7353","11.4771","11.0000","11.0000","11.7631","15.4449","16.9120","37.4585","23.6772","22.6770","12.9080","11.0000","11.0000","11.0000","11.0000","11.0000","11.0000","11.0000","11.0000","65.3260","15.7575","16.7993","11.0000","11.0000","11.0000","11.0000","11.0000","11.0000","11.0000","11.0000","11.0000","11.5770","15.4091","11.0000","11.0000","11.0000","11.0000","11.0000","11.0000","11.0000","11.0000","11.0000","11.0000","11.0000","13.8358","15.6814","11.0000","11.0000","11.0000","11.0000","11.0000","11.0000","11.0000","11.0000","11.0000","11.0000","16.0735","15.1415","11.0000","11.0000","11.0000","11.0000","11.0000","11.0000","11.0000","11.0000","11.0000","11.0000","17.6808","133.5622","11.0000","11.0000","11.0000","11.0000","11.0000","11.0000","11.0000","11.0000","71.4711","11.0000","12.4923","20.7729","11.0000","11.0000","11.0000","11.0000","11.0000","11.0000","11.0000","11.0000","11.0000","11.0000","16.3762"
"C:\Users\cfg364\Sommerlab Dropbox\Casper van der Luijt\Casper\Data\BioLog\OmniLog\CL2\DATA_2024\07\_NRRL 471_Aspergillus oryzae__3_30_CL2_769_7#24#2024_A_21B_29.OKA","7/24/2024 10:32:48 PM","21-B","PM03B","","NRRL 471","Aspergillus oryzae","",13.5000,"30.1699","18.6089","13.7850","13.1455","11.6043","11.0000","11.4915","12.5262","16.2022","16.8456","37.1922","22.5248","21.4348","11.0000","11.0000","11.0000","11.0000","11.0000","11.0000","11.0000","11.0000","11.0000","63.9769","15.3940","13.8204","11.0000","11.0000","11.0000","11.0000","11.0000","11.0000","11.0000","11.0000","11.0000","15.0388","11.0000","11.0000","11.0000","11.0000","11.0000","11.0000","11.0000","11.0000","11.0000","11.0000","11.0000","11.0000","16.5726","15.3143","11.0000","11.0000","11.0000","11.0000","11.0000","11.0000","11.0000","11.0000","11.0000","13.5329","19.3713","13.3180","11.0000","11.0000","11.0000","11.0000","11.0000","11.0000","11.0000","11.0000","11.0000","11.2911","17.4926","130.6434","11.0000","11.0000","11.0000","11.0000","11.0000","11.0000","11.0000","11.0000","74.3614","12.6335","11.6218","17.6690","11.0000","11.0000","11.0000","11.0000","11.0000","11.0000","11.0000","11.0000","11.0000","11.0000","18.5205"
"C:\Users\cfg364\Sommerlab Dropbox\Casper van der Luijt\Casper\Data\BioLog\OmniLog\CL2\DATA_2024\07\_NRRL 471_Aspergillus oryzae__3_30_CL2_769_7#24#2024_A_21B_29.OKA","7/24/2024 10:32:48 PM","21-B","PM03B","","NRRL 471","Aspergillus oryzae","",13.7500,"28.4611","16.3748","13.4288","12.2936","11.9859","11.0000","11.0000","11.0000","14.7206","15.7827","36.8594","25.6529","21.9627","11.0000","11.0000","11.0000","11.0000","11.0000","11.0000","11.0000","11.0000","11.0000","64.9312","15.5592","15.5317","11.0000","11.2197","11.0000","11.0000","11.0000","11.0000","11.0000","11.0000","11.0000","15.4234","18.0281","11.0000","11.0000","11.0000","11.0000","11.0000","11.0000","11.0000","11.0000","11.0000","11.0000","11.0000","16.6715","15.4672","11.0000","11.0000","11.0000","11.0000","11.0000","11.0000","11.0000","11.0000","11.0000","11.0000","17.2467","15.5433","11.0000","11.0000","11.0000","11.0000","11.0000","11.0000","11.0000","11.0000","11.0000","11.0000","16.9908","131.7379","11.0000","11.0000","11.0000","11.0000","11.0000","11.0000","11.0000","11.0000","73.2374","11.1281","11.7462","21.6642","11.0000","11.0000","11.0000","11.0000","11.0000","11.0000","11.0000","11.0000","11.0000","11.3836","17.0910"
"C:\Users\cfg364\Sommerlab Dropbox\Casper van der Luijt\Casper\Data\BioLog\OmniLog\CL2\DATA_2024\07\_NRRL 471_Aspergillus oryzae__3_30_CL2_769_7#24#2024_A_21B_29.OKA","7/24/2024 10:32:48 PM","21-B","PM03B","","NRRL 471","Aspergillus oryzae","",14.0000,"25.5593","19.3187","12.1738","14.8223","17.9149","15.1515","11.9201","13.7533","12.9628","15.6744","43.4402","26.1304","20.7178","12.8013","11.0000","11.0000","11.0000","11.0000","11.0000","11.0000","11.0000","11.0000","61.6424","19.1737","17.3144","11.0000","11.0000","11.0000","11.0000","11.0000","11.0000","11.0000","11.0000","11.0000","13.1907","18.5000","13.7990","11.0000","11.0000","11.0000","11.0000","11.0000","11.0000","11.0000","11.0000","11.0000","11.0000","18.5178","15.4229","11.0000","11.0000","11.0000","11.0000","11.0000","11.0000","11.0000","11.0000","11.0000","11.4225","17.0701","17.2676","11.0000","11.0000","11.0000","11.0000","11.0000","11.0000","11.0000","11.0000","11.0000","11.7400","18.8156","133.0547","11.0000","11.0000","11.0000","11.0000","11.0000","11.0000","11.0000","11.0000","75.9328","11.0000","12.1230","18.8846","12.2340","11.0000","11.0000","11.0000","11.0000","11.0000","11.0000","11.0000","11.0000","12.6459","18.3791"
"C:\Users\cfg364\Sommerlab Dropbox\Casper van der Luijt\Casper\Data\BioLog\OmniLog\CL2\DATA_2024\07\_NRRL 471_Aspergillus oryzae__3_30_CL2_769_7#24#2024_A_21B_29.OKA","7/24/2024 10:32:48 PM","21-B","PM03B","","NRRL 471","Aspergillus oryzae","",14.2500,"26.9527","18.3198","14.9877","20.1195","15.6213","11.0324","12.8941","14.0090","16.8705","15.3972","36.9142","28.0905","19.9520","13.4610","11.0000","11.0000","11.0000","11.0000","11.0000","11.0000","11.6819","13.3463","69.2349","16.8287","17.4131","11.0000","11.0000","11.0000","11.0000","11.0000","11.0000","11.0000","11.0000","11.2567","12.6740","15.1426","13.8308","11.0000","11.0000","11.0000","11.0000","11.0000","11.0000","11.0000","11.0000","11.0000","11.0000","18.9375","18.1118","11.0000","11.7750","11.0000","11.0000","11.0000","11.0000","11.0000","11.0000","11.0000","12.5330","18.8902","20.4376","11.0000","11.0000","11.0000","11.0000","11.0000","11.0000","11.0000","11.0000","11.0000","15.3214","20.7132","133.3379","11.0000","11.0000","11.0000","11.0000","11.0000","11.0000","11.0000","11.0000","76.3896","11.0000","11.3100","20.4889","11.0000","11.0000","11.0000","11.0000","11.0000","11.0000","11.0000","11.0000","11.0000","14.0971","17.2231"
"C:\Users\cfg364\Sommerlab Dropbox\Casper van der Luijt\Casper\Data\BioLog\OmniLog\CL2\DATA_2024\07\_NRRL 471_Aspergillus oryzae__3_30_CL2_769_7#24#2024_A_21B_29.OKA","7/24/2024 10:32:48 PM","21-B","PM03B","","NRRL 471","Aspergillus oryzae","",14.5000,"33.3652","23.4905","16.0518","16.6519","17.8640","11.5485","13.6620","14.2593","12.6972","15.7685","39.1639","30.3375","21.2244","15.2546","11.0000","11.0000","11.0000","11.0000","13.4427","11.0000","11.7811","14.1557","68.2982","16.2734","18.3462","11.0000","11.0000","11.0000","11.2502","11.0000","11.0000","11.0000","11.8976","11.0000","12.6141","19.9383","11.0000","11.0000","11.0000","11.0000","11.0000","11.0000","11.0000","11.0000","11.0000","11.0000","11.0000","20.8609","18.1094","11.0000","11.0000","11.0000","11.0000","11.0000","11.0000","11.0000","11.0000","11.0000","12.7519","14.2685","17.5532","11.0000","11.0000","11.0000","11.0000","11.0000","11.0000","11.0000","11.0000","11.0000","11.0000","19.0136","131.5023","11.0000","11.0000","11.0000","11.0000","11.0000","11.0000","11.0000","11.0000","74.6683","11.0000","11.0000","21.6558","11.0000","11.0000","11.0000","11.0000","11.0000","11.0000","11.0000","11.0000","11.0000","11.5738","16.8859"
"C:\Users\cfg364\Sommerlab Dropbox\Casper van der Luijt\Casper\Data\BioLog\OmniLog\CL2\DATA_2024\07\_NRRL 471_Aspergillus oryzae__3_30_CL2_769_7#24#2024_A_21B_29.OKA","7/24/2024 10:32:48 PM","21-B","PM03B","","NRRL 471","Aspergillus oryzae","",14.7500,"27.9950","21.1599","15.3892","18.6821","17.3679","11.0000","15.2176","15.8093","11.4317","15.8038","34.7642","28.7384","24.0277","11.0000","11.0000","11.0000","11.1244","11.0000","11.0000","11.0000","11.0000","11.0000","64.0961","18.0734","13.2598","11.0000","11.0000","11.0000","11.0000","11.0000","11.0000","11.0000","11.0000","11.0000","12.2577","23.3627","11.4446","11.0000","11.0000","11.0000","11.0000","11.0000","11.0000","11.0000","11.0000","11.3250","11.0000","17.4682","14.8943","11.0000","11.0000","11.0000","11.0000","11.0000","11.0000","11.0000","11.0000","11.6517","15.3070","21.0575","19.6503","11.0000","11.0000","11.0000","11.0000","11.0000","11.0000","11.0000","11.0000","11.0000","14.1467","16.8215","136.7089","11.0000","11.0000","11.0000","11.0000","11.0000","11.0000","11.0000","11.0000","78.1506","11.2242","12.0339","19.5068","11.2531","11.0000","11.0000","11.0000","11.0000","11.0000","11.0000","11.0000","11.0000","12.0205","20.8895"
"C:\Users\cfg364\Sommerlab Dropbox\Casper van der Luijt\Casper\Data\BioLog\OmniLog\CL2\DATA_2024\07\_NRRL 471_Aspergillus oryzae__3_30_CL2_769_7#24#2024_A_21B_29.OKA","7/24/2024 10:32:48 PM","21-B","PM03B","","NRRL 471","Aspergillus oryzae","",15.0000,"27.0318","18.9888","15.1864","14.5224","17.4264","11.0000","14.2510","13.2603","12.6603","11.6061","39.6626","29.3295","21.6149","13.9997","11.0000","11.0000","11.0000","11.0000","11.0000","11.0000","11.0000","13.1103","67.1321","20.5688","17.8134","11.0000","11.0000","11.0000","11.0000","11.0000","11.0000","11.0000","12.4389","13.1876","12.4153","21.8713","16.5187","11.0000","11.0000","11.0000","11.0000","11.0000","11.0000","11.0000","11.0000","11.0000","14.5282","18.8120","18.1411","11.0000","11.0000","11.0000","11.0000","11.0000","11.0000","11.0000","11.0000","11.0000","11.0326","18.6142","19.1737","11.0000","11.0000","11.0000","11.0000","11.0000","11.0000","11.0000","11.0000","11.0000","13.6752","16.2461","137.3965","11.0000","11.0000","11.0000","11.0000","11.0000","11.0000","11.0000","11.0000","78.6835","11.0000","12.6192","21.5521","11.0000","11.0000","11.0000","11.0000","11.0000","11.0000","11.0000","11.0000","11.0000","13.8903","19.9132"
"C:\Users\cfg364\Sommerlab Dropbox\Casper van der Luijt\Casper\Data\BioLog\OmniLog\CL2\DATA_2024\07\_NRRL 471_Aspergillus oryzae__3_30_CL2_769_7#24#2024_A_21B_29.OKA","7/24/2024 10:32:48 PM","21-B","PM03B","","NRRL 471","Aspergillus oryzae","",15.2500,"32.9523","23.5885","18.7020","19.5196","22.0242","13.7444","16.0973","13.4624","15.9553","19.0892","43.3024","28.2409","22.2228","15.8693","11.9284","11.0000","11.0000","11.0000","11.0000","11.0000","11.0000","16.8718","66.0070","21.1112","18.0266","11.0000","11.9759","11.0000","12.4670","11.0000","11.0000","11.0000","11.0000","11.0000","14.9708","22.4500","15.5443","11.0000","11.0000","11.0000","11.0000","11.0000","11.0000","11.0000","12.5766","11.0000","12.4050","20.4583","20.8340","11.0000","11.0000","11.0000","11.0000","11.0000","11.0000","11.0000","11.0000","11.8771","12.2963","18.0293","20.2492","11.0000","11.0000","11.0000","11.0000","11.0000","11.0000","11.0000","11.0000","11.0000","12.5494","17.0768","134.4923","11.0000","11.0000","11.0000","11.0000","11.0000","11.0000","11.0000","11.0000","77.4765","11.0000","14.0468","22.1248","11.0000","11.0000","11.0000","11.0000","11.0000","11.0000","11.0000","11.0000","11.0000","14.9734","20.6344"
"C:\Users\cfg364\Sommerlab Dropbox\Casper van der Luijt\Casper\Data\BioLog\OmniLog\CL2\DATA_2024\07\_NRRL 471_Aspergillus oryzae__3_30_CL2_769_7#24#2024_A_21B_29.OKA","7/24/2024 10:32:48 PM","21-B","PM03B","","NRRL 471","Aspergillus oryzae","",15.5000,"30.3437","20.1022","13.9611","19.6992","21.6541","14.2643","11.8191","16.5917","21.9448","17.2127","40.5079","31.8817","26.5257","13.8252","11.0000","11.0000","11.0000","11.0000","11.0000","11.0000","11.0000","12.5431","64.5839","21.0978","16.9015","11.0000","11.0000","11.0000","11.0000","11.0000","11.0000","11.0000","11.7671","11.0000","15.3095","21.3442","14.9705","11.0000","11.0000","11.0000","11.0000","11.0000","11.0000","11.0000","11.0000","11.0000","11.0000","21.7599","20.5227","11.0000","11.0000","11.0000","11.0000","11.0000","11.0000","11.0000","11.0000","11.0000","13.7417","16.8975","14.6814","11.0000","11.0000","11.0000","11.0000","11.0000","11.0000","11.0000","11.0000","11.0000","12.7738","20.0652","136.0540","11.0000","11.0000","11.0000","11.0000","11.0000","11.0000","11.0000","11.0000","80.8249","16.4663","14.5279","23.1552","11.1893","11.0000","11.0000","11.0000","11.0000","11.0000","11.0000","11.0000","11.0000","12.9346","25.2089"
"C:\Users\cfg364\Sommerlab Dropbox\Casper van der Luijt\Casper\Data\BioLog\OmniLog\CL2\DATA_2024\07\_NRRL 471_Aspergillus oryzae__3_30_CL2_769_7#24#2024_A_21B_29.OKA","7/24/2024 10:32:48 PM","21-B","PM03B","","NRRL 471","Aspergillus oryzae","",15.7500,"31.7059","18.7479","14.3218","19.7254","16.6996","16.1519","17.7762","13.7112","15.8318","16.6595","37.2990","31.3162","20.8626","12.8840","11.0000","11.0000","11.0000","11.0000","11.0000","11.0000","11.0000","17.9870","68.1019","17.1441","19.5259","11.0000","11.7245","11.0000","11.0000","11.0000","11.0000","11.0000","12.8804","12.3851","17.3208","21.1624","16.6700","11.0000","11.0000","11.0000","11.0000","11.0000","11.0000","11.0000","11.0000","11.0000","11.0000","20.3396","18.9456","11.0000","11.1551","11.0000","11.0000","11.0000","11.0000","11.0000","11.0000","11.0000","17.5891","19.4848","18.3265","11.0000","11.0000","11.0000","11.0000","11.0000","11.0000","11.0000","11.0000","11.0000","14.2821","19.9672","139.7667","11.0000","11.0000","11.0000","11.0000","11.0000","11.0000","11.0000","11.0000","81.8174","13.7335","11.8420","18.7776","12.6149","11.0000","11.0000","11.0000","11.0000","11.0000","11.0000","11.0000","11.0000","12.7205","22.3371"
"C:\Users\cfg364\Sommerlab Dropbox\Casper van der Luijt\Casper\Data\BioLog\OmniLog\CL2\DATA_2024\07\_NRRL 471_Aspergillus oryzae__3_30_CL2_769_7#24#2024_A_21B_29.OKA","7/24/2024 10:32:48 PM","21-B","PM03B","","NRRL 471","Aspergillus oryzae","",16.0000,"35.6794","22.1245","17.6259","20.0205","21.5543","12.4894","16.9589","12.6054","13.5343","19.9470","41.2907","28.0159","26.1841","14.4061","11.0000","11.0000","11.0000","11.0000","11.0000","11.0000","14.4224","14.1952","65.7876","23.4215","18.0335","11.1299","11.7504","11.0000","11.5931","11.0000","11.0000","11.0000","13.4919","13.1202","16.7982","23.5823","18.7388","11.0000","11.0000","11.0000","11.0000","11.0000","11.0000","11.0000","11.0000","11.0000","11.0000","22.5095","19.6260","11.0000","13.6017","11.0000","11.0000","11.0000","11.0000","11.0000","11.0000","11.0000","11.0000","18.9064","21.5321","11.0000","12.1622","11.0000","11.0000","11.0000","11.0000","11.0000","11.0000","11.0000","12.7448","18.5501","138.0757","11.0000","11.0000","11.0000","11.0000","11.0000","11.0000","11.0000","11.0000","80.3858","11.0000","11.7203","22.5074","14.7212","11.0000","11.0000","11.0000","11.0000","11.0000","11.0000","11.0000","11.0000","15.9907","25.0782"
"C:\Users\cfg364\Sommerlab Dropbox\Casper van der Luijt\Casper\Data\BioLog\OmniLog\CL2\DATA_2024\07\_NRRL 471_Aspergillus oryzae__3_30_CL2_769_7#24#2024_A_21B_29.OKA","7/24/2024 10:32:48 PM","21-B","PM03B","","NRRL 471","Aspergillus oryzae","",16.2500,"30.8772","23.7662","14.1549","20.3566","19.2417","11.1623","14.4686","15.8858","16.9626","19.1424","42.2451","29.3921","23.5092","13.5398","11.0000","11.0000","11.0000","11.0000","11.0000","11.0000","11.0000","11.7568","64.9881","18.0440","17.2975","11.0000","11.0000","11.0000","11.0000","11.0000","11.0000","11.0000","13.0147","11.0000","17.5607","21.2974","13.1953","11.0000","11.0000","11.0000","11.0000","11.0000","11.0000","11.0000","11.0000","11.0000","11.2290","19.6213","16.8981","11.0000","11.0000","11.0000","11.0000","11.0000","11.0000","11.0000","11.6681","11.0000","17.1139","21.2025","14.2809","11.0000","11.0000","11.0000","11.0000","11.0000","11.0000","11.0000","11.0000","11.0000","11.0000","21.7492","136.0719","11.0000","11.0000","11.0000","11.0000","11.0000","11.0000","11.0000","11.0000","79.1764","11.0000","11.0000","20.8371","13.0314","11.0000","11.0000","11.0000","11.0000","11.0000","11.0000","11.0000","11.0000","14.3290","24.6087"
"C:\Users\cfg364\Sommerlab Dropbox\Casper van der Luijt\Casper\Data\BioLog\OmniLog\CL2\DATA_2024\07\_NRRL 471_Aspergillus oryzae__3_30_CL2_769_7#24#2024_A_21B_29.OKA","7/24/2024 10:32:48 PM","21-B","PM03B","","NRRL 471","Aspergillus oryzae","",16.5000,"33.1267","24.0354","16.5632","23.0871","17.0996","14.8349","16.1106","20.3818","16.5350","22.2473","41.6612","33.1939","23.9554","17.9467","14.0608","11.4799","13.3352","11.0000","11.0000","11.0000","11.0000","17.2171","68.6744","23.2032","21.9120","12.8518","11.5673","11.0000","11.0000","11.0000","11.0000","11.0000","12.7857","12.3509","19.5294","25.6779","12.9154","11.0000","11.0000","11.0000","11.0000","11.0000","11.0000","11.0000","11.0000","11.0000","11.0000","23.0261","17.3035","11.0000","15.6115","11.0000","11.0000","11.0000","11.0000","11.0000","11.0000","11.7826","14.5687","20.3146","18.4708","11.0000","11.0000","11.0000","11.0000","11.0000","11.0000","11.0000","11.0000","11.0319","12.6079","21.0026","140.2327","11.0000","11.0000","11.0000","11.0000","11.0000","11.0000","11.0000","11.0000","78.9091","12.3474","15.9806","23.6369","13.5364","11.0000","11.0000","11.0000","11.0000","11.0000","11.0000","11.0000","12.3427","18.2087","28.0309"
"C:\Users\cfg364\Sommerlab Dropbox\Casper van der Luijt\Casper\Data\BioLog\OmniLog\CL2\DATA_2024\07\_NRRL 471_Aspergillus oryzae__3_30_CL2_769_7#24#2024_A_21B_29.OKA","7/24/2024 10:32:48 PM","21-B","PM03B","","NRRL 471","Aspergillus oryzae","",16.7500,"29.2010","24.6783","20.3517","20.0089","22.6555","17.5454","16.6304","19.6458","18.0234","23.4814","43.2915","32.6577","24.5515","15.9798","11.0000","11.0000","14.0528","11.8858","13.8387","11.0000","14.0160","14.5422","66.4881","23.9874","20.6042","11.5529","13.8248","11.0000","13.8408","11.0000","11.0000","11.0000","12.1220","14.3477","14.6413","27.4090","16.7821","11.0000","12.1691","11.0000","11.0000","11.3744","11.0000","11.0000","13.7113","11.0000","11.0000","23.9203","21.3807","11.0000","11.5933","11.0000","11.0000","11.0000","11.0000","11.0000","11.0000","11.6855","17.5972","16.8467","19.6382","11.0000","11.0000","11.0000","11.0000","11.0000","11.0000","11.0000","11.0000","11.7941","15.7897","18.7027","140.6434","11.9179","11.0000","11.0000","11.0000","11.0000","11.0000","11.0000","11.0000","83.9992","11.0000","12.2488","23.7949","11.0000","11.0000","11.0000","11.0000","11.0000","11.0000","11.0000","11.0000","11.0000","18.4345","23.6945"
"C:\Users\cfg364\Sommerlab Dropbox\Casper van der Luijt\Casper\Data\BioLog\OmniLog\CL2\DATA_2024\07\_NRRL 471_Aspergillus oryzae__3_30_CL2_769_7#24#2024_A_21B_29.OKA","7/24/2024 10:32:48 PM","21-B","PM03B","","NRRL 471","Aspergillus oryzae","",17.0000,"31.5033","24.1921","21.9696","21.3366","22.8125","14.4500","16.2376","16.9295","16.1261","23.4148","42.9928","30.8419","25.9879","13.8032","11.0000","11.0000","14.5824","11.2215","13.9032","11.0000","13.1080","14.0830","68.7435","22.5407","19.0459","13.4392","12.0985","11.0000","11.5307","11.0000","11.0000","11.0000","11.7053","12.0301","13.4490","28.7492","18.6463","11.0000","12.0111","11.0000","11.0000","11.0000","11.0000","11.0000","11.0000","11.0000","11.0000","22.2890","21.1976","11.0000","11.0000","11.0631","11.0000","11.0000","11.0000","11.0000","11.0000","11.0000","17.0151","19.8019","19.1137","11.0000","11.0000","11.0000","11.0000","11.0000","11.0000","11.0000","11.0000","12.9376","15.7254","19.4258","139.0885","11.4748","11.0000","11.0000","11.0000","11.0000","11.0000","11.0000","11.0000","82.4269","11.0000","15.1523","26.1017","11.0000","11.0000","11.0000","11.0000","11.0000","11.0000","11.0000","12.0273","11.0000","18.7192","22.3221"
"C:\Users\cfg364\Sommerlab Dropbox\Casper van der Luijt\Casper\Data\BioLog\OmniLog\CL2\DATA_2024\07\_NRRL 471_Aspergillus oryzae__3_30_CL2_769_7#24#2024_A_21B_29.OKA","7/24/2024 10:32:48 PM","21-B","PM03B","","NRRL 471","Aspergillus oryzae","",17.2500,"33.0900","23.9328","19.1868","21.5894","23.1895","15.9332","16.6959","17.4595","14.3952","19.5872","42.4950","29.6534","24.2705","14.3309","11.0000","11.0000","12.0592","12.2338","11.8065","11.0000","12.5567","13.3287","64.9956","22.0804","14.5936","11.9431","11.7219","11.0000","11.2497","11.0000","11.0000","11.0000","11.2885","11.1288","12.2890","26.2323","17.2876","11.0000","11.0000","11.0000","11.0000","11.0000","11.0000","11.0000","11.2582","11.0000","11.0000","26.8894","20.5564","11.0000","11.0000","11.0000","11.0000","11.0000","11.0000","11.0000","11.0000","11.0000","15.2688","17.8636","20.5637","11.0000","11.0000","11.0000","11.0000","11.0000","11.0000","11.0000","11.0000","12.7470","14.5360","21.0292","137.6554","11.0000","11.0000","11.0000","11.0000","11.0000","11.0000","11.0000","11.0000","82.0098","11.0000","11.9678","22.8107","11.0000","11.0000","11.0000","11.0000","11.0000","11.0000","11.0000","11.0000","11.0000","19.3836","24.1311"
"C:\Users\cfg364\Sommerlab Dropbox\Casper van der Luijt\Casper\Data\BioLog\OmniLog\CL2\DATA_2024\07\_NRRL 471_Aspergillus oryzae__3_30_CL2_769_7#24#2024_A_21B_29.OKA","7/24/2024 10:32:48 PM","21-B","PM03B","","NRRL 471","Aspergillus oryzae","",17.5000,"31.8294","25.6307","17.5975","21.1266","22.2218","15.3958","19.6279","21.7895","12.7037","24.1736","44.9495","32.7348","25.6026","15.1825","11.0000","11.0000","13.0657","11.0000","14.2033","11.0000","11.1308","18.2975","66.9924","24.9696","20.3225","11.0000","11.0000","11.0000","11.0000","11.0000","11.0000","11.0000","13.8154","11.0969","18.6368","28.3677","19.2289","11.0000","11.0000","11.0000","11.0000","11.0000","11.0000","11.0000","11.4505","11.0000","14.3254","23.5645","19.5190","11.0000","13.3277","11.0000","11.0000","11.0000","11.0000","11.0000","14.5242","14.5563","15.7287","17.5867","21.8025","11.0000","11.0000","11.0000","11.0000","11.0000","11.0000","11.0000","11.0000","12.9846","15.3983","22.3087","140.3545","13.4416","13.3256","11.0000","11.0000","11.0000","11.0000","11.0000","11.0000","81.0834","15.7091","15.1658","23.7114","15.1237","11.0000","11.0000","11.0000","11.0000","11.0000","12.0164","11.0000","11.0000","16.5574","26.5080"
"C:\Users\cfg364\Sommerlab Dropbox\Casper van der Luijt\Casper\Data\BioLog\OmniLog\CL2\DATA_2024\07\_NRRL 471_Aspergillus oryzae__3_30_CL2_769_7#24#2024_A_21B_29.OKA","7/24/2024 10:32:48 PM","21-B","PM03B","","NRRL 471","Aspergillus oryzae","",17.7500,"36.1866","25.0410","14.2582","22.7272","19.5312","17.2662","17.5545","17.3319","15.9065","24.7623","41.2427","28.8144","31.8579","18.8953","11.4162","11.4164","15.7059","11.0000","11.0000","11.0649","11.3918","15.5900","68.7209","24.5417","21.3604","13.2494","11.0000","11.0000","11.0000","11.0000","11.0000","11.0000","11.9951","14.2742","18.9664","26.9593","19.6522","11.0000","11.0000","11.0000","11.0000","11.0000","12.0760","11.0000","11.0000","11.0000","18.4744","24.9822","21.5209","11.0000","15.0964","11.0000","11.0000","11.0000","11.5718","11.0000","11.3829","11.0000","19.8419","20.8615","19.6457","11.0000","14.3069","11.0000","11.0000","11.0000","11.0000","11.0000","11.0000","11.2228","11.6460","20.9705","137.7383","11.0000","11.0000","11.0000","11.0000","11.0000","11.0000","11.0000","11.0000","85.4206","11.1936","12.0915","25.1481","16.6510","13.6679","11.0000","11.0000","11.0000","11.0000","11.0000","11.0000","11.0000","12.4381","27.4071"
"C:\Users\cfg364\Sommerlab Dropbox\Casper van der Luijt\Casper\Data\BioLog\OmniLog\CL2\DATA_2024\07\_NRRL 471_Aspergillus oryzae__3_30_CL2_769_7#24#2024_A_21B_29.OKA","7/24/2024 10:32:48 PM","21-B","PM03B","","NRRL 471","Aspergillus oryzae","",18.0000,"33.8798","23.3676","20.9115","25.3780","17.2734","16.2521","18.1409","19.3508","16.1687","21.2462","42.3361","36.2088","29.0061","19.7430","11.0000","12.7528","15.0521","11.0000","11.6772","11.0000","13.2461","14.6879","69.6116","24.8222","22.1278","12.2060","11.0000","11.0000","11.0000","11.0000","11.0000","11.0000","11.0321","12.5424","14.2146","28.3624","12.0524","11.0000","12.6393","11.0000","11.0000","11.0000","11.0000","11.0000","12.4491","11.0000","11.0000","22.6335","18.4497","11.0320","11.0000","11.0000","11.0000","11.0000","11.0000","11.0000","12.3381","11.0000","17.1477","19.3869","19.5080","12.8438","11.0000","11.0000","11.0000","11.0000","11.0000","11.0000","11.0000","12.7813","13.6392","20.1150","138.7159","11.0000","11.0000","11.0000","11.0000","11.0000","11.0000","11.0000","11.0000","82.8866","11.0000","15.2706","26.9603","15.3814","11.8407","11.0000","11.0000","11.0000","11.1255","11.0000","11.0000","12.9938","15.1913","24.2754"
"C:\Users\cfg364\Sommerlab Dropbox\Casper van der Luijt\Casper\Data\BioLog\OmniLog\CL2\DATA_2024\07\_NRRL 471_Aspergillus oryzae__3_30_CL2_769_7#24#2024_A_21B_29.OKA","7/24/2024 10:32:48 PM","21-B","PM03B","","NRRL 471","Aspergillus oryzae","",18.2500,"36.5728","26.4463","16.8125","24.7585","22.5762","16.3032","17.0140","16.0960","18.1529","23.1133","40.2759","36.8764","26.6762","19.7092","11.0000","14.3362","13.1553","11.0000","11.0000","11.0000","11.0000","17.1828","64.8166","23.5261","22.9953","13.9219","13.5838","11.0000","11.6893","11.0000","11.0000","11.0000","11.0000","17.1613","18.8038","27.8369","18.9680","11.0000","11.1894","11.0000","11.0000","11.0000","11.0000","11.0000","13.9955","12.5897","14.9659","27.1206","18.5734","11.0000","14.2575","11.0000","11.0000","11.0000","11.6956","11.0000","11.0000","14.9848","13.0398","20.1658","23.4321","12.4974","14.8625","11.0000","11.0000","11.0000","11.0000","11.0000","11.0000","11.0000","14.8776","21.9881","142.8397","11.0000","11.0000","11.0000","11.0000","11.0000","11.0000","11.0000","11.0000","87.3779","11.6728","15.0800","25.8782","14.8717","11.0000","11.0000","11.0000","11.0000","11.0000","12.6126","12.5446","11.0000","21.2005","26.3577"
"C:\Users\cfg364\Sommerlab Dropbox\Casper van der Luijt\Casper\Data\BioLog\OmniLog\CL2\DATA_2024\07\_NRRL 471_Aspergillus oryzae__3_30_CL2_769_7#24#2024_A_21B_29.OKA","7/24/2024 10:32:48 PM","21-B","PM03B","","NRRL 471","Aspergillus oryzae","",18.5000,"33.9788","27.6965","20.5137","24.4605","24.5130","16.2141","19.5605","16.6141","22.3483","22.1394","41.6474","33.5535","27.5231","19.6239","11.0000","12.2502","16.0829","11.0000","12.0402","11.0000","15.9127","22.3220","68.6165","25.8187","23.8624","11.5212","11.8503","11.0000","11.0000","11.0000","11.0000","11.0000","12.4049","14.5979","16.8409","26.7063","19.1822","11.0000","11.4406","11.0000","11.0000","11.0000","11.0000","11.0000","13.0041","11.0000","12.5617","24.6503","20.2112","11.0000","12.4333","11.0000","11.0000","11.6267","11.0000","11.0000","12.6887","12.0144","19.9222","24.9688","19.5408","11.0000","11.0000","11.0000","11.0000","11.0000","11.0314","14.5701","11.0000","11.6076","16.0766","22.8804","141.1393","11.0000","14.8405","11.0000","11.0000","11.0000","11.0000","11.0000","11.0000","91.6078","17.0318","17.8154","28.5004","14.8714","14.0252","11.8348","11.0000","11.0000","11.0000","13.1258","13.1759","11.1616","19.0746","29.3767"
"C:\Users\cfg364\Sommerlab Dropbox\Casper van der Luijt\Casper\Data\BioLog\OmniLog\CL2\DATA_2024\07\_NRRL 471_Aspergillus oryzae__3_30_CL2_769_7#24#2024_A_21B_29.OKA","7/24/2024 10:32:48 PM","21-B","PM03B","","NRRL 471","Aspergillus oryzae","",18.7500,"36.1951","28.9545","23.3226","26.5998","22.0861","16.8696","18.0256","21.0279","21.3553","26.2693","39.1703","39.2610","27.5027","21.0654","11.0000","12.2769","12.2864","11.7313","13.1030","11.0000","11.6849","20.4868","70.0168","20.3327","26.3633","11.8819","11.0000","11.0000","11.0000","11.0000","11.0000","11.0000","12.3478","12.8052","19.0480","28.1544","16.2277","11.0000","12.5823","11.0000","11.0000","11.0000","11.0000","11.0000","13.3799","11.0000","13.5052","28.5116","24.5003","11.2231","11.5609","11.0000","11.0000","11.0000","12.0161","11.0000","13.9168","12.7974","17.3172","23.6360","19.6735","11.0000","11.1539","11.0000","11.0000","11.0000","11.0000","11.0000","11.0000","11.0000","11.4844","22.2715","138.9852","11.0000","14.8594","11.0000","11.0000","11.0000","11.0000","11.0000","11.0000","85.6513","11.4829","14.8988","26.7419","15.9455","11.2502","11.0000","11.0000","11.0000","14.1500","13.5635","11.5786","12.5097","21.0708","27.5822"
"C:\Users\cfg364\Sommerlab Dropbox\Casper van der Luijt\Casper\Data\BioLog\OmniLog\CL2\DATA_2024\07\_NRRL 471_Aspergillus oryzae__3_30_CL2_769_7#24#2024_A_21B_29.OKA","7/24/2024 10:32:48 PM","21-B","PM03B","","NRRL 471","Aspergillus oryzae","",19.0000,"33.7279","28.5398","22.5759","26.2991","25.1033","19.3491","22.1791","20.6523","15.1311","26.4787","40.7919","39.0484","28.5004","22.8292","11.0000","12.9900","14.0627","11.0000","12.8015","11.0000","11.0000","18.9221","67.5459","22.6769","22.4925","11.0000","13.7326","12.3445","11.0000","11.0000","11.0000","11.0000","17.3034","13.4210","19.3125","28.6589","17.1626","11.0000","11.0000","11.0000","11.0000","11.0629","11.0000","12.1144","12.8700","11.0650","12.5993","23.9615","21.5952","11.0000","16.4998","12.5053","11.0000","11.0000","13.6006","11.0000","14.9758","11.4910","17.0339","20.9585","22.1527","11.0000","11.0000","11.0000","11.0000","11.0000","11.0000","11.0000","11.0000","11.0000","15.3186","20.6791","145.5064","11.0000","14.8051","11.0000","11.0000","11.0000","11.0000","11.0000","11.0000","83.8791","11.0000","16.1549","27.7406","15.5257","12.7136","14.4244","11.0000","11.0000","11.0000","11.0000","12.1545","13.5760","20.5140","30.7286"
"C:\Users\cfg364\Sommerlab Dropbox\Casper van der Luijt\Casper\Data\BioLog\OmniLog\CL2\DATA_2024\07\_NRRL 471_Aspergillus oryzae__3_30_CL2_769_7#24#2024_A_21B_29.OKA","7/24/2024 10:32:48 PM","21-B","PM03B","","NRRL 471","Aspergillus oryzae","",19.2500,"34.9699","32.6102","18.4436","24.9132","24.4074","21.6274","19.0471","20.5554","18.0495","21.8519","46.6820","38.4895","27.6752","18.9821","12.5110","13.1703","15.3329","11.0000","14.6716","11.0000","14.3800","18.5940","68.2306","25.4107","22.5044","11.6198","13.7326","11.0000","11.0000","11.0000","11.0000","11.0000","16.2395","13.8310","19.4795","27.3982","16.2335","11.0000","11.3467","11.0000","11.0000","11.0000","11.0000","11.1917","12.7334","11.0000","14.7378","26.2722","20.9435","11.0000","12.8084","11.0628","11.0000","11.0000","11.9809","11.0000","11.0000","13.5138","16.4012","23.5661","22.1017","11.3204","11.0000","11.0000","11.0000","11.0000","11.0000","11.0000","11.0000","12.8807","16.7679","21.7834","140.6507","15.3684","11.8114","11.0000","11.0000","11.0000","11.0000","11.0000","11.0000","86.8849","18.1754","15.0363","34.8992","15.6748","13.6077","11.5565","13.1180","11.0000","11.0000","12.6801","11.0000","12.3240","20.8106","29.8256"
"C:\Users\cfg364\Sommerlab Dropbox\Casper van der Luijt\Casper\Data\BioLog\OmniLog\CL2\DATA_2024\07\_NRRL 471_Aspergillus oryzae__3_30_CL2_769_7#24#2024_A_21B_29.OKA","7/24/2024 10:32:48 PM","21-B","PM03B","","NRRL 471","Aspergillus oryzae","",19.5000,"35.9836","31.8611","20.3104","25.4549","21.2955","15.1435","21.7223","22.9802","22.4078","30.4682","43.0478","44.6036","28.9950","19.3665","11.0000","13.3082","12.7848","12.6831","14.5938","11.0000","14.0308","15.3293","71.7331","24.1891","20.5024","11.0000","11.0000","11.0000","12.2549","11.0000","11.0000","11.0000","13.9567","12.1625","21.6346","27.1233","15.4824","11.0000","16.0044","11.0000","11.0000","11.0000","11.0000","11.0000","11.0000","11.0000","13.4510","27.8125","21.8186","13.5897","13.5788","11.7830","11.0000","13.1248","14.8530","11.0000","11.8288","15.9962","15.5891","20.4388","20.5638","13.2375","13.7703","11.0000","11.0000","11.0000","11.0000","11.0000","11.0000","12.4653","16.9782","22.2206","143.7247","11.0000","16.4742","11.0000","11.0000","11.0000","11.0000","11.0000","11.0000","85.6935","12.6712","20.5223","28.3210","18.1701","13.4032","11.7121","11.0000","11.0000","14.2960","14.7261","14.8401","16.3443","25.8370","30.4940"
"C:\Users\cfg364\Sommerlab Dropbox\Casper van der Luijt\Casper\Data\BioLog\OmniLog\CL2\DATA_2024\07\_NRRL 471_Aspergillus oryzae__3_30_CL2_769_7#24#2024_A_21B_29.OKA","7/24/2024 10:32:48 PM","21-B","PM03B","","NRRL 471","Aspergillus oryzae","",19.7500,"36.2902","32.4751","21.0611","27.6908","30.1346","19.6688","19.8952","23.7592","19.0877","29.7564","41.0488","39.8576","27.8956","22.7973","11.0000","16.0891","15.9516","11.0000","16.2655","11.0000","16.1885","19.3455","67.5502","26.6211","23.9445","15.0668","15.0159","11.0000","13.7419","11.0000","11.0000","11.0000","16.3757","16.1770","19.8246","25.9216","18.9818","11.0000","15.5303","11.0000","11.0000","11.0000","12.3034","11.0000","14.2107","11.0000","14.7874","27.3411","22.1035","11.0000","14.1539","11.2209","11.0000","11.0000","12.0481","11.2851","13.4750","11.0000","20.6034","21.6012","21.8579","11.4490","12.8206","11.0000","11.0000","12.2290","11.0000","11.0000","11.0000","11.0000","17.0701","27.2003","142.7387","11.0000","12.9914","11.0000","11.8315","11.0000","11.0000","12.1343","11.0000","84.9298","14.0359","20.6394","30.3642","21.5855","12.9765","13.4413","11.0000","11.0000","12.6110","13.9978","12.8643","14.8093","19.9912","31.5550"
"C:\Users\cfg364\Sommerlab Dropbox\Casper van der Luijt\Casper\Data\BioLog\OmniLog\CL2\DATA_2024\07\_NRRL 471_Aspergillus oryzae__3_30_CL2_769_7#24#2024_A_21B_29.OKA","7/24/2024 10:32:48 PM","21-B","PM03B","","NRRL 471","Aspergillus oryzae","",20.0000,"35.5652","28.6595","22.1876","28.1549","27.8067","18.7558","21.7504","22.0648","19.8216","28.8009","41.7053","37.8473","33.9068","24.7912","11.0644","16.9702","15.4004","11.0000","16.6142","11.0000","15.1808","19.6977","70.0278","28.2909","25.9455","11.9108","15.4009","11.0000","11.0000","14.0749","11.0000","11.0000","13.8824","13.7469","18.8353","28.3335","20.3987","11.0000","13.3954","11.0000","11.0000","11.0000","11.0000","14.0987","15.0547","11.0000","17.7559","24.6018","24.2162","11.0000","17.2979","12.9848","11.1584","11.8436","11.2537","11.0000","11.7326","15.4637","19.6173","17.3575","21.9220","14.9508","13.5547","11.0000","11.0000","12.1351","11.0000","11.0000","11.0634","14.9252","12.0984","24.4496","139.9867","12.4294","14.8492","11.0000","11.0000","11.0000","11.0000","11.0000","11.3178","88.3281","14.0504","20.0327","29.9265","20.5869","14.1625","11.0000","11.0000","11.0000","14.1276","16.9529","13.6354","16.2220","21.1688","30.8034"
"C:\Users\cfg364\Sommerlab Dropbox\Casper van der Luijt\Casper\Data\BioLog\OmniLog\CL2\DATA_2024\07\_NRRL 471_Aspergillus oryzae__3_30_CL2_769_7#24#2024_A_21B_29.OKA","7/24/2024 10:32:48 PM","21-B","PM03B","","NRRL 471","Aspergillus oryzae","",20.2500,"35.5031","28.6270","24.6918","29.7917","27.5855","21.0313","16.3424","21.2366","23.4501","33.2428","46.3476","38.6399","32.5739","24.3972","14.5717","17.0660","18.3653","11.0000","16.0979","14.8919","15.7360","18.0504","73.8095","28.7207","25.0941","16.0096","14.1121","11.0000","12.5713","11.1569","11.0000","11.0000","18.2381","14.6518","20.6978","30.8050","18.0253","11.0000","13.3324","11.0000","11.0000","11.0000","11.0000","11.0000","16.7924","11.0000","15.7650","28.6332","26.0824","11.6111","16.9256","12.1657","14.8968","12.5310","15.5665","11.6658","12.4333","19.0152","19.5849","21.7442","23.6497","15.0145","17.3097","11.0000","11.0000","11.4099","11.0000","11.0000","11.9514","16.9511","12.2922","27.0336","140.6917","17.8292","18.2639","11.0000","11.0000","11.0000","11.0000","12.8607","11.0000","90.7336","17.0687","20.2802","33.1271","20.6187","14.9140","13.2032","11.0000","11.0000","15.2017","18.0295","15.6601","16.2861","22.3726","34.3619"
"C:\Users\cfg364\Sommerlab Dropbox\Casper van der Luijt\Casper\Data\BioLog\OmniLog\CL2\DATA_2024\07\_NRRL 471_Aspergillus oryzae__3_30_CL2_769_7#24#2024_A_21B_29.OKA","7/24/2024 10:32:48 PM","21-B","PM03B","","NRRL 471","Aspergillus oryzae","",20.5000,"36.5822","31.8324","18.0156","28.6226","24.4795","18.9062","16.9563","21.6051","20.4444","26.5019","47.4399","44.3062","28.7979","21.3982","11.0000","16.9188","13.8568","11.0000","12.3265","11.0000","13.3582","25.6620","73.2304","29.7751","23.4421","11.7867","11.0000","11.0000","13.7528","11.0000","11.0000","11.0000","15.4571","16.2683","20.6327","34.1616","20.3040","11.0000","12.9287","11.0000","11.0000","11.0000","13.9694","11.0000","11.0000","11.0000","19.4733","29.3274","26.6810","11.0000","15.6542","13.1328","11.0000","11.0000","11.7918","11.0000","12.3944","16.6911","19.7105","20.4148","21.8341","12.0580","13.3710","11.0000","11.0000","11.6635","11.0000","11.0000","11.0000","11.0000","17.1775","24.2645","147.1567","12.4617","14.3614","11.0000","11.0000","11.0000","11.0000","11.0000","11.0000","88.2055","13.2724","12.6887","32.3040","20.5036","17.9351","12.7919","11.4468","11.0000","11.9802","16.6222","17.2316","18.4915","23.1738","31.5044"
"C:\Users\cfg364\Sommerlab Dropbox\Casper van der Luijt\Casper\Data\BioLog\OmniLog\CL2\DATA_2024\07\_NRRL 471_Aspergillus oryzae__3_30_CL2_769_7#24#2024_A_21B_29.OKA","7/24/2024 10:32:48 PM","21-B","PM03B","","NRRL 471","Aspergillus oryzae","",20.7500,"35.9909","33.1260","28.3765","29.6578","28.8407","15.8936","21.6070","27.9446","23.6106","30.2652","48.6077","40.9665","31.8449","26.9252","11.0000","17.3594","15.2591","11.7313","16.6439","12.2017","17.6691","21.9135","67.6007","26.5189","23.9571","14.9638","17.2735","11.0000","15.2434","11.4098","11.0000","11.0000","16.9962","18.7861","16.7314","34.3837","19.5468","11.0000","16.2002","11.0000","11.0000","11.0000","15.4291","11.0000","16.1197","11.0000","19.3270","33.2568","24.1988","11.2569","14.9658","11.0000","11.3827","11.0000","13.1204","11.0000","17.2430","14.1908","22.4611","23.4832","20.7004","13.6810","14.4219","11.0000","11.0000","11.9118","11.0000","11.0944","11.0000","12.2745","18.8353","23.0138","143.2854","12.5856","21.6691","11.4632","11.0000","11.0000","11.0000","12.4179","11.0000","94.7863","15.3900","15.6772","31.4478","21.8689","17.2995","16.3040","11.0000","11.0000","18.6421","15.0711","13.2777","14.7088","23.6006","38.0502"
"C:\Users\cfg364\Sommerlab Dropbox\Casper van der Luijt\Casper\Data\BioLog\OmniLog\CL2\DATA_2024\07\_NRRL 471_Aspergillus oryzae__3_30_CL2_769_7#24#2024_A_21B_29.OKA","7/24/2024 10:32:48 PM","21-B","PM03B","","NRRL 471","Aspergillus oryzae","",21.0000,"36.7425","36.5765","25.8742","28.8078","29.1894","19.9521","21.1822","21.0533","22.6493","29.7917","41.8842","45.5308","32.4741","25.3780","11.6426","15.8818","18.1700","11.0000","16.0152","14.4034","15.5063","23.6557","67.3468","29.4897","29.3564","18.3517","14.8223","11.0000","11.0000","11.0000","11.0000","11.0000","15.6436","15.6897","18.8590","32.5709","22.2852","11.0000","14.5027","11.0000","11.0000","11.2510","12.0792","11.0000","19.1534","11.0000","14.4126","30.1165","23.4389","11.0000","13.9090","15.1128","11.0000","11.0000","13.2245","11.0000","15.2082","15.3558","16.4820","22.6039","21.7661","11.0000","19.7664","11.0000","11.0000","15.1802","11.0000","11.0000","11.0000","11.0000","18.9601","26.7616","146.0014","16.4882","13.9114","11.0000","11.0000","11.0000","11.0000","11.6024","11.0000","94.2257","15.2590","15.3731","34.3012","19.8389","16.6300","14.4641","11.0000","11.0000","17.4584","16.7761","15.8084","18.9030","25.4159","33.6398"
"C:\Users\cfg364\Sommerlab Dropbox\Casper van der Luijt\Casper\Data\BioLog\OmniLog\CL2\DATA_2024\07\_NRRL 471_Aspergillus oryzae__3_30_CL2_769_7#24#2024_A_21B_29.OKA","7/24/2024 10:32:48 PM","21-B","PM03B","","NRRL 471","Aspergillus oryzae","",21.2500,"35.2441","38.7637","26.4238","30.3742","29.1206","20.0809","20.0133","22.2521","23.9895","30.4722","44.4859","48.1879","31.5665","25.3728","11.0000","18.9034","17.0652","11.0000","14.5646","11.2266","17.0705","22.9533","72.0592","29.2937","24.5314","14.4780","11.9794","11.0000","13.8519","11.0000","11.0000","11.0000","14.9129","18.4275","20.5221","30.7551","19.8456","11.0000","12.4605","11.0000","11.0000","11.0000","12.2387","13.6738","13.5136","11.0000","15.7508","28.2845","26.5317","13.5357","14.5641","11.0000","12.4677","11.0000","13.7246","11.0000","16.8271","11.2622","18.6852","22.6316","20.2176","11.7377","11.8024","11.0000","11.0000","13.9293","11.3790","11.0000","11.0000","12.7218","13.3563","28.2077","144.4698","14.7200","17.0187","11.7988","11.0000","11.0000","11.0000","11.0000","11.0000","94.6055","12.7385","20.0346","36.0435","22.6551","18.0797","19.8336","14.3186","11.0000","15.7824","17.0683","14.5804","15.2510","26.4275","34.6559"
"C:\Users\cfg364\Sommerlab Dropbox\Casper van der Luijt\Casper\Data\BioLog\OmniLog\CL2\DATA_2024\07\_NRRL 471_Aspergillus oryzae__3_30_CL2_769_7#24#2024_A_21B_29.OKA","7/24/2024 10:32:48 PM","21-B","PM03B","","NRRL 471","Aspergillus oryzae","",21.5000,"32.3856","34.0500","26.0543","30.9248","27.4941","14.7688","21.8815","22.6147","23.9895","33.2082","41.9249","44.5283","35.9197","24.5918","11.0000","15.6945","15.2936","11.0000","17.3708","13.6245","16.8717","19.3958","72.3633","29.2817","25.8355","13.4087","13.6476","11.0000","14.8930","11.0000","11.0000","11.0000","12.9263","16.7836","18.2608","32.8203","20.5192","11.0000","19.5082","11.0000","11.0000","11.0000","12.7133","12.4641","12.8114","11.0000","12.0495","31.3006","24.4343","11.2902","17.5814","14.1971","11.0000","11.0000","15.5692","12.5804","14.6028","15.2592","17.4345","22.6299","21.8046","11.0000","16.7441","11.0000","11.0000","11.0000","11.9470","11.0000","11.0000","11.0000","13.7715","26.8715","145.4659","12.9356","20.7783","11.0000","11.0000","11.0000","11.0000","11.0000","11.0000","92.8402","14.2455","17.2820","33.6761","24.8746","19.8483","14.9053","11.0000","11.0000","12.0164","18.0300","21.7365","17.5942","24.9807","33.1610"
"C:\Users\cfg364\Sommerlab Dropbox\Casper van der Luijt\Casper\Data\BioLog\OmniLog\CL2\DATA_2024\07\_NRRL 471_Aspergillus oryzae__3_30_CL2_769_7#24#2024_A_21B_29.OKA","7/24/2024 10:32:48 PM","21-B","PM03B","","NRRL 471","Aspergillus oryzae","",21.7500,"39.5177","35.4369","24.6329","32.8159","27.0359","14.8274","21.6855","24.4989","26.2177","30.0559","46.6299","46.9605","32.6652","26.6676","13.4741","17.3180","18.5882","11.0000","17.3283","11.7129","21.6722","23.8012","70.9177","29.8174","26.9157","16.7912","16.4560","11.0000","12.1270","11.0000","11.0000","11.0000","15.7155","14.7842","25.0921","36.6957","16.3105","11.0000","14.0036","11.0000","11.0000","11.0000","13.0031","13.5495","16.4772","11.0000","20.2278","32.8515","26.8267","12.1894","18.7731","13.6343","11.0000","11.4077","13.8620","11.1273","12.6598","16.7499","19.1581","22.0947","21.0095","14.8430","14.9135","11.0000","11.0000","15.5881","11.0000","11.0000","11.0000","11.0000","11.0000","25.7990","146.1968","11.0000","19.5940","11.0000","11.0000","11.0000","11.0000","11.0000","11.6981","92.3987","14.8084","21.8472","36.7799","22.3953","18.3546","21.2873","12.1457","11.0000","15.3896","18.5280","16.4253","19.2368","25.7625","33.8761"
"C:\Users\cfg364\Sommerlab Dropbox\Casper van der Luijt\Casper\Data\BioLog\OmniLog\CL2\DATA_2024\07\_NRRL 471_Aspergillus oryzae__3_30_CL2_769_7#24#2024_A_21B_29.OKA","7/24/2024 10:32:48 PM","21-B","PM03B","","NRRL 471","Aspergillus oryzae","",22.0000,"37.5917","33.5485","28.0730","32.7039","32.1251","20.4344","20.4532","21.7081","26.9857","30.0607","42.7214","47.9480","33.7545","23.9007","11.0646","14.0069","17.6946","11.2859","16.1629","11.0000","19.9816","22.1686","69.9866","27.8859","29.9501","19.6596","16.2850","11.0000","14.1590","11.0000","11.0000","11.0000","16.3616","17.9683","19.3346","36.0991","22.8275","11.0000","15.1394","11.0000","11.0000","11.0000","12.3706","13.2404","11.0326","11.0000","16.1102","35.4504","23.7700","11.0000","17.6836","11.9479","11.8003","14.1558","14.1423","11.0000","12.9491","15.2654","15.8028","22.7871","24.8925","15.9672","16.9630","11.0000","11.0000","14.7474","12.7691","11.5055","13.1559","11.9236","17.4486","27.9032","148.7453","14.1070","16.5077","11.0000","12.9882","11.0000","11.0000","12.4911","11.0000","90.2021","11.0322","14.9097","35.3449","28.7612","16.1814","17.1383","11.0000","11.0000","19.5303","18.0812","16.7823","18.0330","29.5498","37.7504"
"C:\Users\cfg364\Sommerlab Dropbox\Casper van der Luijt\Casper\Data\BioLog\OmniLog\CL2\DATA_2024\07\_NRRL 471_Aspergillus oryzae__3_30_CL2_769_7#24#2024_A_21B_29.OKA","7/24/2024 10:32:48 PM","21-B","PM03B","","NRRL 471","Aspergillus oryzae","",22.2500,"40.7745","39.9243","28.2455","32.8734","31.1810","15.8918","21.7479","23.9452","25.7629","33.2876","44.7518","48.9312","35.0584","28.2956","14.0954","16.0264","12.3824","11.0000","16.5551","11.3897","18.0415","22.9616","76.5917","30.6584","27.5049","16.6351","16.3487","11.0000","13.9392","11.0000","11.0000","11.0000","13.4790","15.1011","19.5058","39.3639","19.3302","11.3253","15.2782","11.0000","11.0000","13.0680","11.6357","11.3176","16.4943","11.0000","21.4514","30.2018","28.4955","13.9246","16.0999","11.0000","11.2229","11.0000","12.8437","13.7235","12.1832","13.5216","20.7750","20.6815","19.4833","14.3513","18.3249","11.0000","11.0000","14.0274","11.0000","11.0000","11.4777","13.5182","13.2548","29.6373","149.2541","11.0000","21.7051","11.0000","15.2257","11.0000","11.0000","11.0632","11.0000","93.8382","12.1589","19.9732","38.2364","27.6337","20.7411","19.7428","11.0959","11.0000","18.7479","20.3386","19.4923","19.6814","26.0842","34.8985"
"C:\Users\cfg364\Sommerlab Dropbox\Casper van der Luijt\Casper\Data\BioLog\OmniLog\CL2\DATA_2024\07\_NRRL 471_Aspergillus oryzae__3_30_CL2_769_7#24#2024_A_21B_29.OKA","7/24/2024 10:32:48 PM","21-B","PM03B","","NRRL 471","Aspergillus oryzae","",22.5000,"38.3705","41.6028","27.3963","34.1479","33.7549","18.2633","25.2318","29.0351","25.0150","31.2605","47.4875","48.4139","37.2238","24.6790","13.4779","16.8241","20.0803","12.8149","17.5444","15.9836","23.8405","26.4349","71.4291","32.1342","27.9379","15.6969","16.8267","11.0000","11.0000","11.0000","11.0000","11.0000","20.4402","17.4433","19.3668","36.9223","20.8911","11.8152","16.5166","11.0000","11.0000","11.6900","11.5423","13.6553","15.5456","11.0000","18.1418","33.6246","30.2877","16.4409","14.5474","13.7702","11.0000","11.0000","18.4561","15.5672","15.7817","19.1243","22.1400","22.6687","25.7251","14.2844","18.7753","11.0000","11.0000","15.7887","12.1730","11.0000","11.0000","11.0000","14.7788","30.9277","144.2144","14.1857","25.4805","11.0000","12.6664","11.0000","11.0000","12.3000","11.0000","92.4369","14.8141","20.2635","36.5579","27.1557","21.7085","17.1612","13.4891","12.0613","19.6902","19.5051","22.0298","16.5371","27.9682","36.8421"
"C:\Users\cfg364\Sommerlab Dropbox\Casper van der Luijt\Casper\Data\BioLog\OmniLog\CL2\DATA_2024\07\_NRRL 471_Aspergillus oryzae__3_30_CL2_769_7#24#2024_A_21B_29.OKA","7/24/2024 10:32:48 PM","21-B","PM03B","","NRRL 471","Aspergillus oryzae","",22.7500,"36.2190","39.9942","26.9012","35.8613","32.9828","17.6265","24.7879","27.0578","24.6355","32.0099","46.9169","49.6484","39.4405","28.2092","14.0325","14.6251","19.3890","11.0000","22.0600","11.0000","21.7785","25.4763","76.3567","28.6793","25.0383","14.6244","14.6004","11.0000","11.0000","11.0000","11.0000","11.0000","17.7017","14.2931","25.0403","33.8086","21.4781","11.0000","19.2576","11.0000","11.0000","12.1987","13.6344","11.7965","15.1733","11.0000","17.2390","36.9126","26.7873","17.0861","16.0528","14.7044","11.1927","14.0451","13.1245","11.5393","15.4417","16.8165","21.5291","23.8673","24.9163","13.2715","18.1918","11.0000","11.0000","13.5381","12.8692","11.3148","11.0000","11.0000","17.6878","28.3425","148.8329","13.1671","23.5921","11.0000","15.0315","11.0000","11.0000","14.5656","11.0000","95.0610","13.5307","22.4982","37.5335","29.1526","18.4950","20.1691","12.5272","11.7111","20.4571","21.7635","16.8396","18.0331","28.5696","38.3533"
"C:\Users\cfg364\Sommerlab Dropbox\Casper van der Luijt\Casper\Data\BioLog\OmniLog\CL2\DATA_2024\07\_NRRL 471_Aspergillus oryzae__3_30_CL2_769_7#24#2024_A_21B_29.OKA","7/24/2024 10:32:48 PM","21-B","PM03B","","NRRL 471","Aspergillus oryzae","",23.0000,"36.7093","39.6999","30.8574","36.4414","33.9449","19.4678","26.4593","27.7506","25.6806","34.3480","43.0233","52.8424","38.2163","29.1503","13.1971","18.8905","18.8442","13.7678","16.1909","14.1155","22.5788","25.7372","73.8350","33.1679","26.7431","15.1026","18.1017","11.0000","11.2819","11.0000","11.0000","11.0000","19.7493","18.0517","23.1181","37.4223","23.2955","11.0000","17.7085","11.0000","11.0000","13.2286","16.4174","11.7051","11.0972","11.0000","16.1122","36.7546","30.5175","16.1220","20.0941","13.5782","11.0000","11.2829","15.9918","11.0634","12.9845","20.4032","20.3757","29.0248","23.0618","16.2422","16.1792","11.0000","11.2553","15.8044","13.1514","11.0000","11.0000","14.7444","15.0741","30.9620","147.8836","14.0444","23.5530","12.5719","13.5697","11.0000","11.0000","12.0776","11.0000","95.0309","17.4505","20.0352","40.9500","29.2727","24.2275","21.2726","14.1238","12.9372","16.3435","22.4317","24.3931","19.4916","29.7107","40.2046"
"C:\Users\cfg364\Sommerlab Dropbox\Casper van der Luijt\Casper\Data\BioLog\OmniLog\CL2\DATA_2024\07\_NRRL 471_Aspergillus oryzae__3_30_CL2_769_7#24#2024_A_21B_29.OKA","7/24/2024 10:32:48 PM","21-B","PM03B","","NRRL 471","Aspergillus oryzae","",23.2500,"36.6468","42.1730","31.4424","36.3153","37.4700","20.8201","28.1552","29.9066","24.4069","35.2486","47.9551","55.2306","34.9904","29.7762","14.3602","17.3571","14.6397","11.0000","18.2803","14.9917","23.1968","24.1181","73.4400","32.8365","25.3090","14.1180","16.8762","11.0000","14.3511","11.0000","11.0000","11.0000","15.9035","19.5328","23.7593","39.6984","24.3701","11.0000","17.8660","11.0000","11.0000","16.1477","15.2769","12.8588","13.4310","11.0000","18.5700","36.2323","31.9790","17.4666","18.2939","14.6473","12.1545","12.9177","15.7056","14.1402","14.7769","19.9152","19.7246","24.4240","24.6967","16.5299","17.7822","11.0000","11.0000","15.8044","13.2147","11.0000","11.0000","13.9443","15.3974","28.0476","148.3119","13.9483","22.9005","12.3253","14.8867","11.0000","11.0000","13.6622","11.0000","96.1785","19.7497","21.4421","40.4570","26.8618","21.0379","24.0489","15.1439","12.0009","16.8842","25.8201","23.8497","21.0034","28.8833","42.2486"
"C:\Users\cfg364\Sommerlab Dropbox\Casper van der Luijt\Casper\Data\BioLog\OmniLog\CL2\DATA_2024\07\_NRRL 471_Aspergillus oryzae__3_30_CL2_769_7#24#2024_A_21B_29.OKA","7/24/2024 10:32:48 PM","21-B","PM03B","","NRRL 471","Aspergillus oryzae","",23.5000,"33.8247","44.7019","31.6039","34.0906","32.1342","15.7501","27.1567","29.6144","31.3912","36.0941","52.5671","53.9960","37.5937","31.9366","13.2830","19.9272","17.1957","12.9385","23.1742","13.2774","22.6076","26.9063","73.1345","36.5436","24.7035","17.5747","16.8834","11.2577","11.0000","11.0000","11.0000","11.0000","15.5386","19.5045","22.1233","37.4489","22.7268","12.7590","17.7891","11.0000","11.0000","17.0044","13.7703","13.1770","13.8526","11.0000","21.2355","35.3570","29.0884","15.4980","19.5180","15.5173","11.5418","11.9120","13.9359","14.0667","14.0954","17.2210","25.2066","22.3579","28.1425","13.7602","22.4948","11.0000","11.3508","15.7831","14.2324","11.0000","11.0000","13.3648","15.4153","26.3967","148.8742","12.9769","25.6231","11.3400","15.6760","12.2430","11.0000","12.0492","11.0000","95.2827","13.7355","22.6464","39.5977","29.2556","24.7328","22.3779","13.6834","16.8004","20.9404","23.8500","21.7002","22.0264","29.3013","41.4838"
"C:\Users\cfg364\Sommerlab Dropbox\Casper van der Luijt\Casper\Data\BioLog\OmniLog\CL2\DATA_2024\07\_NRRL 471_Aspergillus oryzae__3_30_CL2_769_7#24#2024_A_21B_29.OKA","7/24/2024 10:32:48 PM","21-B","PM03B","","NRRL 471","Aspergillus oryzae","",23.7500,"39.0763","43.6948","32.7598","38.4305","37.3204","22.0097","23.7834","33.0801","35.8260","38.5407","46.5868","51.7281","42.2307","31.1345","17.0359","18.0743","20.4431","12.1799","23.8241","14.1626","23.0665","32.4154","79.0948","34.9618","29.2990","20.4213","17.5080","13.7587","15.2085","11.0000","11.0000","11.0000","22.6054","18.2691","24.5361","42.1809","22.5605","11.0000","19.5814","11.0000","11.0000","15.0408","14.8512","11.1281","17.4804","11.0000","21.8882","36.1353","30.1193","13.5125","15.2005","12.9947","12.0497","12.0686","16.9261","15.9341","17.3957","20.8731","25.0838","23.2314","26.8299","19.1239","24.0769","11.4957","11.0000","16.4515","14.3650","11.6001","11.4770","17.4341","15.8758","31.5862","150.4450","15.0997","21.3078","11.0000","19.0297","11.0000","11.0000","15.7215","11.0000","96.3464","15.0859","24.8401","39.4921","36.6953","23.9895","23.7680","18.5176","13.7852","22.3312","28.6216","26.2462","22.2502","31.5722","42.0749"
"C:\Users\cfg364\Sommerlab Dropbox\Casper van der Luijt\Casper\Data\BioLog\OmniLog\CL2\DATA_2024\07\_NRRL 471_Aspergillus oryzae__3_30_CL2_769_7#24#2024_A_21B_29.OKA","7/24/2024 10:32:48 PM","21-B","PM03B","","NRRL 471","Aspergillus oryzae","",24.0000,"35.2500","42.8758","29.8404","35.8961","36.9680","16.2286","23.8162","31.8722","29.0858","38.0730","47.8840","54.4531","39.6214","30.1732","12.4574","18.1893","18.0155","11.0000","26.3194","14.3140","25.5160","26.1019","76.8702","32.3064","29.9157","19.1164","18.4047","11.0000","15.6748","11.0000","11.0000","11.0000","18.8241","18.3735","23.7236","35.9296","20.6043","11.0000","18.2884","11.0000","11.0000","12.8772","11.5427","16.4225","17.6057","11.0000","18.1031","39.5986","27.6294","12.0653","19.0840","12.9204","11.0000","11.6898","14.8851","14.2363","12.3466","15.9142","22.1449","24.5153","22.4856","14.7605","20.7861","11.0000","11.0000","16.9971","15.1695","11.0000","11.0000","11.0000","15.5803","29.1605","149.2154","11.8656","23.0643","11.0000","11.9356","11.0637","11.0000","15.1939","11.0000","95.5387","11.2904","24.0607","42.3226","32.1487","23.9604","20.0551","15.1034","11.0000","21.0934","26.6502","21.7750","19.9143","34.8048","41.6413"
"C:\Users\cfg364\Sommerlab Dropbox\Casper van der Luijt\Casper\Data\BioLog\OmniLog\CL2\DATA_2024\07\_NRRL 471_Aspergillus oryzae__3_30_CL2_769_7#24#2024_A_21B_29.OKA","7/24/2024 10:32:48 PM","21-B","PM03B","","NRRL 471","Aspergillus oryzae","",24.2500,"40.2070","44.1910","30.7727","37.0371","36.8867","17.0265","27.2697","34.1824","32.1721","36.7647","45.3367","53.2109","41.3571","32.1219","14.5858","20.9259","22.1703","11.0000","26.6798","15.6174","22.3769","31.7413","79.3287","33.7395","31.9152","19.9070","18.3216","11.7397","14.8856","14.7069","11.0000","12.0843","18.0463","20.9136","24.7459","40.8338","25.6106","11.0000","18.3357","11.0000","11.0000","11.9417","12.3354","14.0982","19.2973","11.0000","22.1103","38.8117","27.2001","17.5989","16.0022","17.4275","15.5774","11.9697","14.5446","15.0740","14.6574","17.2510","22.8128","26.8299","21.3976","15.1018","20.9419","11.1243","11.0000","18.3913","18.0675","11.0000","11.0000","11.8011","19.7057","34.0425","151.1346","16.9032","29.7313","13.1278","17.2637","11.5408","13.0445","16.9414","11.0000","93.9621","16.1978","25.8745","42.9058","27.6379","23.8503","25.2823","16.9703","15.5498","24.2003","24.3321","27.9668","25.4755","36.4179","40.0253"
"C:\Users\cfg364\Sommerlab Dropbox\Casper van der Luijt\Casper\Data\BioLog\OmniLog\CL2\DATA_2024\07\_NRRL 471_Aspergillus oryzae__3_30_CL2_769_7#24#2024_A_21B_29.OKA","7/24/2024 10:32:48 PM","21-B","PM03B","","NRRL 471","Aspergillus oryzae","",24.5000,"36.4001","44.3854","32.8249","39.6503","37.0139","18.9706","26.9436","31.3220","37.5397","37.1657","47.5078","59.4851","45.3384","34.9469","15.8780","24.8390","20.7038","12.6972","23.2599","13.9591","23.1615","31.6097","79.7216","34.5339","33.6607","21.6299","18.7616","11.7397","12.2221","13.7016","11.0000","11.0000","16.2124","19.5019","25.4525","43.9360","26.8728","11.0000","19.0599","11.0000","11.0000","18.2507","16.5959","15.2481","19.8138","11.0000","22.3390","36.3133","30.4462","13.1245","17.0026","14.6370","12.7801","13.2836","15.4068","11.0000","12.9250","17.2837","19.4284","24.2971","21.7701","14.2620","20.9110","11.0000","11.0000","17.8543","15.5638","11.0000","12.8368","13.8199","19.4800","31.8764","151.7434","16.3002","28.5239","11.4934","15.4328","12.4634","14.3970","14.4447","11.3185","95.7943","14.8181","26.8412","45.0924","32.5464","26.8905","22.1842","18.6216","15.7111","25.2425","24.5872","24.2992","28.4671","35.0918","42.9776"
"C:\Users\cfg364\Sommerlab Dropbox\Casper van der Luijt\Casper\Data\BioLog\OmniLog\CL2\DATA_2024\07\_NRRL 471_Aspergillus oryzae__3_30_CL2_769_7#24#2024_A_21B_29.OKA","7/24/2024 10:32:48 PM","21-B","PM03B","","NRRL 471","Aspergillus oryzae","",24.7500,"41.1848","48.4476","33.1185","40.0434","38.4918","17.0950","31.2537","31.9479","36.3939","44.3735","50.8978","60.9016","40.3050","34.4127","15.9205","17.8564","20.8765","11.9265","25.8286","18.1792","24.4187","33.4287","76.7271","38.6987","37.4935","22.5814","17.2263","11.0000","13.0050","11.0000","11.0000","11.0000","19.0704","22.8163","22.8209","42.4680","22.5243","11.0000","21.5518","11.0000","11.0000","15.8724","11.9589","19.9896","19.0731","11.0000","22.4750","39.9029","29.2222","16.3570","22.4302","15.4087","11.0000","11.7866","17.0329","17.9411","15.3201","21.1284","26.1763","22.7781","24.2184","15.2490","24.4862","11.0000","11.0000","19.6368","18.9218","11.0000","11.0000","14.4912","15.7118","32.1543","147.5263","16.9398","28.2873","11.0000","14.8858","11.0000","12.4504","15.4307","11.0000","98.8216","19.0714","27.3136","41.8538","31.6736","26.1708","23.8685","14.4568","11.5841","28.6257","29.7826","24.6930","26.2625","35.2812","44.9081"
"C:\Users\cfg364\Sommerlab Dropbox\Casper van der Luijt\Casper\Data\BioLog\OmniLog\CL2\DATA_2024\07\_NRRL 471_Aspergillus oryzae__3_30_CL2_769_7#24#2024_A_21B_29.OKA","7/24/2024 10:32:48 PM","21-B","PM03B","","NRRL 471","Aspergillus oryzae","",25.0000,"40.0194","45.9430","35.3164","39.3228","40.2341","18.5603","27.6461","39.1330","33.5570","39.2575","47.6460","58.7276","43.6276","34.9483","14.8387","22.0853","23.6349","11.0000","24.7882","15.6965","24.5461","30.7989","74.7450","35.2951","31.0285","19.0158","17.7806","11.0000","13.5423","11.0000","11.0000","11.0000","20.8673","21.6306","26.7621","43.1645","22.4434","11.0000","20.2749","11.0000","11.0000","14.0872","13.1059","14.1320","16.9673","11.0000","26.2749","44.0097","27.5349","17.0466","17.5606","13.0425","14.0090","11.0000","14.1434","11.5098","16.0827","18.1385","25.0625","24.6465","24.3644","18.7348","24.8600","11.0000","11.0000","22.2941","21.6234","11.0000","11.0000","11.8638","16.0457","32.9442","153.2856","14.8692","27.7578","11.5914","17.9536","11.1597","11.0000","17.0958","11.0000","98.1482","19.2599","26.3381","44.6664","31.0871","27.8397","26.7729","21.7114","16.9727","24.3119","32.2863","27.5530","26.1127","36.4784","41.8423"
"C:\Users\cfg364\Sommerlab Dropbox\Casper van der Luijt\Casper\Data\BioLog\OmniLog\CL2\DATA_2024\07\_NRRL 471_Aspergillus oryzae__3_30_CL2_769_7#24#2024_A_21B_29.OKA","7/24/2024 10:32:48 PM","21-B","PM03B","","NRRL 471","Aspergillus oryzae","",25.2500,"40.3285","46.8473","32.2240","38.4019","40.9918","18.3332","28.1376","37.7462","37.3054","35.6459","50.2826","55.8600","45.0909","37.9664","15.2903","17.8487","24.4148","11.0000","28.6489","13.2830","25.6913","33.8955","73.7174","37.3033","31.4431","17.0200","18.9790","11.0000","13.3226","11.0000","11.0000","11.0000","17.0550","19.1824","25.9612","45.6717","23.4953","11.0000","19.2936","11.0000","11.0000","11.0000","14.7331","13.3011","21.9992","11.0000","27.3799","41.6846","27.8417","15.0847","17.3419","14.8965","12.4725","11.0000","15.0643","13.9315","13.9090","17.8437","24.2487","27.2052","23.0032","20.1092","24.0266","11.0000","11.0000","19.0989","20.6777","11.0000","11.0000","11.4159","16.9836","29.7329","153.6205","13.4942","25.7606","11.0000","19.2674","11.0000","11.0000","15.5482","11.4149","97.3787","15.9303","25.9632","41.5160","32.3045","27.6206","24.1389","18.4156","15.0356","24.5016","29.6334","29.8583","23.2973","36.4784","43.2753"
"C:\Users\cfg364\Sommerlab Dropbox\Casper van der Luijt\Casper\Data\BioLog\OmniLog\CL2\DATA_2024\07\_NRRL 471_Aspergillus oryzae__3_30_CL2_769_7#24#2024_A_21B_29.OKA","7/24/2024 10:32:48 PM","21-B","PM03B","","NRRL 471","Aspergillus oryzae","",25.5000,"39.6795","46.9119","37.3346","40.9103","40.7708","17.2624","30.9884","41.4774","35.5473","43.1367","50.1825","59.1232","47.3948","40.9189","15.7419","20.6519","22.7926","11.0000","26.8645","17.0337","26.9346","31.7542","78.6234","38.9822","32.9740","22.3857","21.1236","11.0000","12.6949","11.2851","11.0000","11.0000","19.7781","20.4709","27.8513","45.6387","23.0172","11.0000","23.0922","11.0000","11.0000","14.5598","14.0312","15.4744","20.8057","11.0000","27.9324","47.0225","29.4369","15.5671","20.6222","18.1645","14.8412","13.5890","17.1599","14.3776","13.5574","18.3022","25.5182","26.6366","25.3234","20.8763","23.9340","11.0000","11.0000","21.0919","22.9474","11.0000","11.1910","13.6235","16.5308","32.1886","148.9325","15.0290","28.1947","11.0000","19.8121","11.0000","11.0000","16.7799","12.2126","97.5711","14.9699","25.2135","45.3459","34.8994","26.6503","26.8349","20.0318","17.8767","28.0430","31.7494","29.5061","26.5658","36.7325","42.8080"
"C:\Users\cfg364\Sommerlab Dropbox\Casper van der Luijt\Casper\Data\BioLog\OmniLog\CL2\DATA_2024\07\_NRRL 471_Aspergillus oryzae__3_30_CL2_769_7#24#2024_A_21B_29.OKA","7/24/2024 10:32:48 PM","21-B","PM03B","","NRRL 471","Aspergillus oryzae","",25.7500,"42.4055","49.1323","39.5079","46.6518","42.5481","18.6157","34.3802","32.6355","38.9192","43.1641","49.2369","61.2117","44.5017","37.9983","13.2326","22.0348","23.2223","11.3172","26.6424","18.6229","26.8300","39.9191","76.2226","39.8519","39.0994","24.5635","20.6262","11.0000","14.9085","11.0948","11.0000","11.0000","20.4217","21.8612","26.3287","50.6286","22.5251","11.4563","22.5918","11.0000","11.0000","19.7802","14.2744","17.5090","22.2619","13.1109","30.0313","43.5913","28.0477","18.5235","24.8668","12.4859","11.0000","18.0906","17.1217","18.2452","20.4904","22.2898","27.5710","25.0454","24.1207","19.1904","25.9717","11.0000","13.1635","25.5859","20.8903","12.0046","11.0000","15.0964","13.9203","33.8268","149.8074","15.0148","26.4342","11.0000","21.5414","14.9166","11.0000","17.9512","12.1136","101.3312","13.7291","27.7554","48.9919","37.7065","28.0449","28.7842","22.5571","18.1093","29.2498","28.5303","26.4160","26.0785","37.5090","48.5456"
"C:\Users\cfg364\Sommerlab Dropbox\Casper van der Luijt\Casper\Data\BioLog\OmniLog\CL2\DATA_2024\07\_NRRL 471_Aspergillus oryzae__3_30_CL2_769_7#24#2024_A_21B_29.OKA","7/24/2024 10:32:48 PM","21-B","PM03B","","NRRL 471","Aspergillus oryzae","",26.0000,"37.7282","51.5070","36.1015","42.9587","42.1755","20.0260","33.1089","37.5853","39.2340","44.2536","47.1310","61.2255","44.2325","39.9825","21.3236","21.1908","25.7639","14.6025","22.8101","17.9975","27.1074","35.3318","82.6671","38.6280","34.2332","25.3581","19.3111","11.0000","15.4144","12.9835","11.0000","11.0000","20.7948","23.2636","30.0791","50.4984","25.2166","11.6845","22.6895","11.0000","14.9734","14.5280","13.4878","16.6718","24.8420","11.0000","23.3274","45.1852","29.0178","18.2740","22.2793","14.3793","13.7207","13.0406","16.5017","15.0337","14.0707","16.3364","23.0563","21.5264","24.7256","25.9280","24.6468","12.4303","12.7578","28.9745","22.4113","11.0316","11.0000","14.9669","18.1328","33.0955","150.1671","17.3471","30.5828","14.0968","20.1346","13.8007","12.9620","16.6063","11.0000","97.3576","19.2397","30.9336","45.7944","36.5223","28.2635","25.7268","21.1025","20.1888","25.3301","30.9125","32.8921","28.3207","38.6405","49.0217"
"C:\Users\cfg364\Sommerlab Dropbox\Casper van der Luijt\Casper\Data\BioLog\OmniLog\CL2\DATA_2024\07\_NRRL 471_Aspergillus oryzae__3_30_CL2_769_7#24#2024_A_21B_29.OKA","7/24/2024 10:32:48 PM","21-B","PM03B","","NRRL 471","Aspergillus oryzae","",26.2500,"41.2905","49.8891","36.7723","46.2252","40.9421","22.3179","29.6544","36.6663","40.6412","45.4060","51.6389","61.6651","47.3992","34.5102","21.9803","19.6649","22.6769","11.0000","27.4639","20.6899","26.0471","33.7819","76.5550","35.8808","35.2994","25.6440","22.3090","11.0000","12.5053","11.0000","11.0000","11.0000","19.7748","21.4255","26.8399","48.4699","25.4519","12.4379","19.4558","11.0000","11.0000","16.4044","18.5667","20.8372","20.9992","11.0000","25.0056","46.1425","31.1423","19.9450","22.4301","18.1619","14.8991","14.7226","15.6320","12.3754","12.7569","26.0425","24.9942","27.8145","28.6726","26.0169","23.9547","11.0000","11.4150","23.0868","21.0739","11.1262","11.4452","14.6153","19.9870","39.4956","152.4327","16.7519","30.7805","11.5261","17.5849","14.7543","11.0000","19.8634","12.0495","100.9371","17.5946","32.5744","44.2065","38.6312","29.0626","30.0826","16.6334","17.7909","27.5355","32.2074","27.3077","25.4890","37.1088","47.9430"
"C:\Users\cfg364\Sommerlab Dropbox\Casper van der Luijt\Casper\Data\BioLog\OmniLog\CL2\DATA_2024\07\_NRRL 471_Aspergillus oryzae__3_30_CL2_769_7#24#2024_A_21B_29.OKA","7/24/2024 10:32:48 PM","21-B","PM03B","","NRRL 471","Aspergillus oryzae","",26.5000,"41.7570","53.9623","42.9473","50.9156","44.6253","23.8934","36.0577","40.7729","46.3782","43.9655","56.3497","66.1152","49.4889","37.0197","23.8371","21.9842","26.7778","15.8122","33.1022","24.2429","33.5381","41.5068","80.4228","40.7972","36.5766","28.5013","26.5499","11.8061","17.0840","14.4124","11.0000","13.0814","22.5929","24.9328","31.1628","49.9542","31.9489","13.6471","25.0720","11.0000","13.2193","21.0547","23.0624","25.4702","22.5475","14.2755","29.3150","49.0710","36.7797","17.8931","26.3855","19.6068","16.0496","19.6965","21.2157","13.8148","19.7523","23.5029","27.5977","29.1079","32.2255","27.8023","26.0880","16.3416","13.6814","27.1052","23.1898","12.2619","11.0000","19.6382","21.4688","38.4969","152.1276","17.2951","33.4552","13.6615","24.4910","17.0133","14.7147","21.2879","14.1802","101.1612","18.3629","37.6032","50.1824","41.1691","32.0522","29.6172","20.7944","18.8631","30.8805","35.2686","28.1134","29.6287","42.9673","52.9722"
"C:\Users\cfg364\Sommerlab Dropbox\Casper van der Luijt\Casper\Data\BioLog\OmniLog\CL2\DATA_2024\07\_NRRL 471_Aspergillus oryzae__3_30_CL2_769_7#24#2024_A_21B_29.OKA","7/24/2024 10:32:48 PM","21-B","PM03B","","NRRL 471","Aspergillus oryzae","",26.7500,"38.4727","50.0509","40.9310","50.1277","46.8274","22.6350","36.9091","43.5777","44.0832","46.5275","56.3015","69.8467","51.2998","41.9742","20.6708","26.2458","24.4056","18.8225","32.4574","19.0428","35.4103","38.3875","81.4271","45.6441","41.5357","25.9318","23.2407","16.0641","18.7056","15.9352","11.0000","12.0579","21.8563","26.8933","33.1722","50.7267","27.8018","16.0050","22.8056","11.0000","14.5448","16.3242","19.3140","23.3600","26.0215","11.0000","26.6690","49.9474","35.4846","20.0938","23.1696","19.0940","16.4758","14.1416","23.6435","20.6901","20.4700","22.5990","29.7777","26.6774","26.2789","25.2720","31.3493","13.0235","14.9603","27.9446","27.7918","13.1191","13.7635","15.3573","19.3856","33.0165","154.1836","14.6815","34.9239","13.0445","24.6972","14.1695","15.0674","20.8932","12.6633","102.6366","23.2222","32.2765","55.9672","42.6368","36.9207","35.2373","23.5450","23.3871","32.7602","34.4329","32.9082","30.2318","43.6923","51.7110"
"C:\Users\cfg364\Sommerlab Dropbox\Casper van der Luijt\Casper\Data\BioLog\OmniLog\CL2\DATA_2024\07\_NRRL 471_Aspergillus oryzae__3_30_CL2_769_7#24#2024_A_21B_29.OKA","7/24/2024 10:32:48 PM","21-B","PM03B","","NRRL 471","Aspergillus oryzae","",27.0000,"43.2600","53.9316","41.5342","50.5823","46.1274","24.0092","36.9420","46.1163","41.4478","47.0187","55.3758","64.3406","47.8492","40.3512","23.0574","27.5145","23.4017","13.1066","33.4670","20.0232","34.5334","39.8742","85.2977","40.9212","42.3291","23.5462","24.8618","11.0000","15.4509","15.5662","11.0000","13.2987","22.0561","26.3525","30.5022","53.8206","25.2495","13.2556","26.2417","11.0000","11.0000","15.9262","20.9535","18.7255","22.0214","11.0000","33.9844","51.1938","34.1496","21.0548","25.8675","20.7918","11.9944","20.6812","21.0449","17.6178","18.9395","23.3980","27.7596","27.4145","25.8944","23.2374","27.5934","13.3903","12.5049","28.3482","26.0041","18.3783","11.0000","16.7519","21.9519","34.9579","154.3005","16.1440","33.6001","11.0000","26.6297","13.6270","13.1866","20.0858","16.2415","101.5538","18.2773","33.9772","57.2430","42.2938","34.3222","33.9873","26.5225","23.2158","34.5376","34.7010","33.2736","32.5141","43.1423","56.3944"
"C:\Users\cfg364\Sommerlab Dropbox\Casper van der Luijt\Casper\Data\BioLog\OmniLog\CL2\DATA_2024\07\_NRRL 471_Aspergillus oryzae__3_30_CL2_769_7#24#2024_A_21B_29.OKA","7/24/2024 10:32:48 PM","21-B","PM03B","","NRRL 471","Aspergillus oryzae","",27.2500,"40.9624","54.1912","44.8617","51.8045","48.8732","27.6390","40.7178","45.2235","42.5829","46.6842","53.2548","64.9709","49.7244","43.1810","22.5430","26.0132","27.4939","14.1281","32.6600","21.8733","35.3471","42.7650","82.7652","40.0255","44.1013","28.0013","25.9305","12.8856","20.3407","18.2744","11.0000","15.2781","23.9901","27.9974","34.1006","54.4094","27.0347","14.7593","28.3560","11.1606","12.5543","17.9029","24.0818","18.0523","25.8241","11.0000","34.3095","54.0110","33.0807","22.2434","29.4445","21.2625","16.2608","16.0756","19.5826","13.7044","18.3336","24.8374","32.6966","27.5415","27.3807","26.0317","27.1608","12.2417","13.6577","33.3898","28.6519","16.3148","11.0000","19.5320","21.6943","36.6286","155.8531","20.5531","37.2893","12.0255","29.3091","17.3112","14.8979","16.7501","15.7678","102.3875","21.4511","34.2266","55.0015","44.9227","34.1043","32.0587","24.7802","25.3487","35.7034","36.1605","30.8595","36.4755","43.6801","56.1470"
"C:\Users\cfg364\Sommerlab Dropbox\Casper van der Luijt\Casper\Data\BioLog\OmniLog\CL2\DATA_2024\07\_NRRL 471_Aspergillus oryzae__3_30_CL2_769_7#24#2024_A_21B_29.OKA","7/24/2024 10:32:48 PM","21-B","PM03B","","NRRL 471","Aspergillus oryzae","",27.5000,"42.8152","56.5484","43.8969","48.0059","48.5019","25.8676","37.0064","51.5952","47.4646","51.5809","53.8442","68.9173","48.6844","39.2827","22.2529","29.4085","29.0079","13.5874","29.8484","19.0263","30.1453","35.1991","82.7832","42.1781","40.8680","30.1535","23.9699","11.0000","18.8686","12.9636","11.0000","11.1927","23.6425","27.8048","33.4766","52.0618","33.0628","14.7218","25.2617","11.0000","12.2707","13.8062","20.8155","18.5710","30.3575","11.0000","32.2190","52.5643","34.4044","22.4075","28.9749","15.7735","16.0038","16.3317","22.2183","16.0288","21.1236","22.9760","28.4801","26.8527","28.1201","23.2221","29.9431","12.4336","15.3253","31.7024","26.8596","11.9161","15.8508","11.9962","19.6536","38.2771","155.0838","15.5496","35.7673","14.3829","24.4394","17.1179","11.0000","19.5159","11.0000","105.2489","15.1746","33.4769","54.4194","42.4215","33.4113","34.4750","19.0662","23.7477","32.7721","37.4081","32.6085","28.9587","45.7618","55.4977"
"C:\Users\cfg364\Sommerlab Dropbox\Casper van der Luijt\Casper\Data\BioLog\OmniLog\CL2\DATA_2024\07\_NRRL 471_Aspergillus oryzae__3_30_CL2_769_7#24#2024_A_21B_29.OKA","7/24/2024 10:32:48 PM","21-B","PM03B","","NRRL 471","Aspergillus oryzae","",27.7500,"39.8347","53.7058","45.4700","55.0512","49.6738","22.3359","37.7938","46.7870","45.9228","50.2832","58.9860","67.7812","54.6513","47.3306","22.6407","28.5990","28.5552","15.0801","34.6901","25.7716","32.0535","39.8700","85.6738","44.8490","43.9750","31.1496","22.7817","15.9871","17.6578","14.2409","11.0000","14.7749","26.3599","26.8736","31.3392","57.4823","29.0621","16.9436","25.8562","11.0000","12.4029","18.9374","19.9235","23.8778","28.8365","11.0000","30.2794","58.7946","33.3153","26.8685","27.0909","20.1150","16.2647","16.0007","24.6078","20.1962","20.8511","23.6072","36.3068","25.1804","28.0136","26.4714","31.9331","12.3738","12.3467","35.7258","30.4908","13.0147","13.9492","19.5320","21.6121","39.8826","153.1973","21.0082","37.7317","13.4506","25.1592","18.5145","15.3883","22.6234","15.4058","102.6214","22.1555","37.3834","57.7693","45.9051","37.4360","39.0403","25.4364","30.5019","31.5283","36.7739","34.2209","36.4304","49.5872","55.7156"
"C:\Users\cfg364\Sommerlab Dropbox\Casper van der Luijt\Casper\Data\BioLog\OmniLog\CL2\DATA_2024\07\_NRRL 471_Aspergillus oryzae__3_30_CL2_769_7#24#2024_A_21B_29.OKA","7/24/2024 10:32:48 PM","21-B","PM03B","","NRRL 471","Aspergillus oryzae","",28.0000,"44.8501","57.3660","42.9622","52.2323","48.7405","17.5305","36.4515","46.7752","44.5087","49.7333","56.3449","72.8367","50.4744","40.6848","19.2285","27.0119","30.8242","16.6184","34.3734","25.9584","33.4642","42.6831","84.2770","43.1451","42.7624","28.0994","25.3064","15.3216","19.3799","15.7664","11.0000","11.0000","25.7334","31.1153","35.1375","57.8212","26.8218","12.8642","27.2951","11.0000","12.8124","17.1933","18.7929","21.3363","26.8029","11.7816","31.1456","54.8492","32.1472","17.4937","25.8942","18.6579","18.2240","15.4803","19.6903","16.5389","20.0140","23.7780","28.5426","27.0233","27.4544","27.1328","27.8314","13.1457","13.3932","29.8143","26.5075","11.0000","12.0870","14.2005","19.6372","38.1417","156.5100","21.5296","38.0760","12.1533","26.9611","14.0350","16.7881","20.6842","12.4014","102.5404","22.6263","39.2024","55.9783","47.4385","36.7604","29.6727","25.4272","24.0217","35.4811","38.5818","36.1496","36.6863","48.8999","54.3343"
"C:\Users\cfg364\Sommerlab Dropbox\Casper van der Luijt\Casper\Data\BioLog\OmniLog\CL2\DATA_2024\07\_NRRL 471_Aspergillus oryzae__3_30_CL2_769_7#24#2024_A_21B_29.OKA","7/24/2024 10:32:48 PM","21-B","PM03B","","NRRL 471","Aspergillus oryzae","",28.2500,"41.6421","56.3039","46.5738","51.6576","47.6220","23.7710","38.5597","46.1479","45.7204","50.1982","55.6754","70.3000","53.7214","43.6618","21.0861","28.0436","31.2037","12.6969","30.5623","21.8832","35.1407","43.4463","86.6740","46.3890","40.8920","29.3498","25.8615","13.5634","17.4085","15.1884","11.0000","11.3854","25.5409","29.4867","32.2177","55.8360","27.6328","11.0000","23.3870","11.2247","12.5548","21.4446","20.7972","21.1638","27.4048","11.0000","31.6094","57.6699","34.3091","17.8804","24.0595","18.9666","19.2534","16.3534","19.7900","20.9382","17.7715","26.5504","34.3289","25.3023","27.8390","26.5229","31.5386","11.9677","13.4991","32.7989","28.8134","12.7033","11.0000","19.2130","16.3340","42.3335","155.6535","19.8442","39.2253","15.4365","27.8279","16.3365","14.5541","23.3771","11.0000","101.3837","18.7121","36.5848","52.6320","47.9289","32.7146","37.0267","24.7764","30.3167","35.0805","38.3076","34.6362","29.2263","47.3373","56.3495"
"C:\Users\cfg364\Sommerlab Dropbox\Casper van der Luijt\Casper\Data\BioLog\OmniLog\CL2\DATA_2024\07\_NRRL 471_Aspergillus oryzae__3_30_CL2_769_7#24#2024_A_21B_29.OKA","7/24/2024 10:32:48 PM","21-B","PM03B","","NRRL 471","Aspergillus oryzae","",28.5000,"42.1196","57.3825","46.5571","53.5755","50.6891","21.3089","38.5871","43.9140","52.2264","56.6782","51.7039","71.7945","53.2935","41.2211","21.5276","27.6251","30.9776","13.5298","35.5441","20.3378","37.7701","42.3096","82.9603","45.2057","43.0492","28.7820","25.0256","11.0000","17.8792","15.3099","11.1916","11.0000","26.3742","33.0867","34.4383","57.2868","30.4700","14.4073","29.8601","11.0000","13.3475","20.3482","20.1381","23.7305","25.3448","11.8787","35.3568","56.4783","34.3520","17.7240","29.4810","18.5126","16.2351","14.7541","23.6084","19.2017","16.3644","23.0277","31.0438","27.4120","26.7522","26.5816","33.4234","11.9936","13.6595","35.7861","33.0220","13.5000","12.0182","15.9627","23.7265","39.3501","157.1233","16.6526","38.1688","13.5780","29.4810","15.8285","14.1776","23.2239","11.0000","106.3637","20.5070","35.0862","58.7718","44.8419","35.0631","39.1027","28.8914","27.0506","35.7659","42.1616","32.9967","35.4360","47.8238","58.4822"
"C:\Users\cfg364\Sommerlab Dropbox\Casper van der Luijt\Casper\Data\BioLog\OmniLog\CL2\DATA_2024\07\_NRRL 471_Aspergillus oryzae__3_30_CL2_769_7#24#2024_A_21B_29.OKA","7/24/2024 10:32:48 PM","21-B","PM03B","","NRRL 471","Aspergillus oryzae","",28.7500,"41.3106","57.8419","47.2172","56.5919","53.1751","23.7377","43.4632","49.2728","52.9447","56.7186","61.6473","74.0806","57.3642","43.7810","20.0446","30.9100","33.1715","16.3240","39.1241","28.8944","33.2600","42.9613","86.9046","43.8068","50.2167","28.8734","26.2157","13.0070","16.4749","16.0189","11.0000","11.0000","26.7883","30.3109","33.6301","61.6155","29.7752","15.8206","28.8149","13.3711","12.8728","22.2368","19.3540","22.2439","27.2681","13.3508","41.0069","64.7851","33.4279","23.1833","30.0187","17.2491","17.6137","22.8212","19.3514","20.0554","23.3336","21.9722","33.2681","28.7493","27.9160","29.4015","31.2543","18.9578","18.7429","35.6431","31.0060","12.7048","16.6237","16.1097","22.6813","45.3090","155.9169","19.3973","43.4008","14.9986","27.3129","16.7156","17.2640","26.9079","14.0350","104.8931","19.0558","41.4765","63.3006","47.2774","36.6198","41.2074","22.8863","32.1745","38.2674","41.5084","35.5378","38.6601","48.2189","60.0492"
"C:\Users\cfg364\Sommerlab Dropbox\Casper van der Luijt\Casper\Data\BioLog\OmniLog\CL2\DATA_2024\07\_NRRL 471_Aspergillus oryzae__3_30_CL2_769_7#24#2024_A_21B_29.OKA","7/24/2024 10:32:48 PM","21-B","PM03B","","NRRL 471","Aspergillus oryzae","",29.0000,"40.5652","58.7872","48.9696","55.8678","51.4086","22.3799","41.9579","50.7931","52.9447","56.1201","57.3052","75.0626","59.9073","46.2849","18.9100","31.3545","33.8575","16.4191","38.1855","26.9852","33.5542","44.4081","83.9079","44.4682","46.2034","29.2989","25.8692","12.0682","16.6952","16.8081","11.0000","11.0000","25.1196","32.8771","34.3726","60.7299","29.4893","11.0000","28.6254","12.2817","11.0000","22.6113","19.6728","22.2120","28.4278","11.0000","40.1625","61.9165","37.2474","24.5977","30.7335","20.4052","19.8182","16.6917","21.4472","18.8480","20.5998","24.6907","37.5989","28.7176","26.8048","29.4336","34.1610","16.4902","18.3605","35.9260","33.4750","14.0308","14.9492","17.5468","22.0377","42.4629","154.0524","24.3090","42.6552","14.8436","27.7607","16.9711","16.2200","27.1289","11.7667","103.1644","22.0727","42.4666","62.8121","48.2337","35.5850","39.7895","26.4331","31.9817","40.0894","43.0576","33.7345","39.9144","49.8385","60.9162"
"C:\Users\cfg364\Sommerlab Dropbox\Casper van der Luijt\Casper\Data\BioLog\OmniLog\CL2\DATA_2024\07\_NRRL 471_Aspergillus oryzae__3_30_CL2_769_7#24#2024_A_21B_29.OKA","7/24/2024 10:32:48 PM","21-B","PM03B","","NRRL 471","Aspergillus oryzae","",29.2500,"41.8385","58.8198","47.8338","54.8602","53.7113","24.9986","42.3506","52.5779","51.7548","56.7186","57.7692","79.5801","65.8927","42.0678","24.4535","34.4347","33.0467","19.3029","35.6935","25.8850","37.2479","45.2959","90.3952","48.9990","48.8894","32.8016","26.4047","17.6037","18.8978","19.7121","11.0000","11.0000","26.3390","31.5299","36.1158","58.8929","32.0308","11.0000","30.5206","12.5380","15.8566","22.3616","18.7800","24.0327","29.7808","11.0000","43.6049","62.3077","38.3780","22.8940","33.0953","18.5431","17.9012","22.2896","21.4472","19.2928","21.2356","26.5248","36.9202","28.4640","27.1443","30.3649","35.3979","16.8295","18.9978","40.2637","32.8103","14.3465","18.4245","18.7604","23.0996","41.8687","156.9868","23.3266","41.6611","13.7277","32.6866","15.7577","15.1443","22.3312","15.0893","111.0716","19.9545","45.4988","65.4989","46.8630","38.3445","40.0361","25.7620","34.7129","40.5292","43.1524","40.2715","38.2741","48.5364","61.9690"
"C:\Users\cfg364\Sommerlab Dropbox\Casper van der Luijt\Casper\Data\BioLog\OmniLog\CL2\DATA_2024\07\_NRRL 471_Aspergillus oryzae__3_30_CL2_769_7#24#2024_A_21B_29.OKA","7/24/2024 10:32:48 PM","21-B","PM03B","","NRRL 471","Aspergillus oryzae","",29.5000,"39.4350","60.9006","48.4062","55.7385","51.3537","22.6080","44.6359","47.9029","55.0875","56.3311","58.5224","74.6045","59.1197","48.4276","26.8716","31.4539","31.8786","14.4831","35.9924","19.9388","39.5812","43.3631","86.6165","45.5308","47.0927","31.2848","28.8719","14.7779","19.6537","14.9583","11.0000","13.7927","27.7636","31.6780","35.0015","59.3501","33.1654","14.0448","30.5637","12.2182","17.1108","18.1890","21.5450","26.4505","25.8833","14.4405","38.9050","63.3077","36.8049","19.2096","29.7619","20.8120","18.8186","14.2149","22.5681","21.4801","19.9578","24.2720","35.8187","31.1609","29.1061","30.3196","32.9434","11.9342","13.9507","36.5253","32.4086","12.5533","13.4846","18.8011","23.7101","43.9186","158.3781","21.8550","42.5748","15.5430","28.0964","13.9489","13.5847","23.4963","12.7308","107.3504","20.5171","38.4575","57.6524","49.0640","42.7877","40.4997","25.4268","32.4145","40.4602","43.3719","36.6335","39.9153","49.8754","61.8759"
"C:\Users\cfg364\Sommerlab Dropbox\Casper van der Luijt\Casper\Data\BioLog\OmniLog\CL2\DATA_2024\07\_NRRL 471_Aspergillus oryzae__3_30_CL2_769_7#24#2024_A_21B_29.OKA","7/24/2024 10:32:48 PM","21-B","PM03B","","NRRL 471","Aspergillus oryzae","",29.7500,"37.0325","58.8479","48.0468","53.9641","55.5851","24.5391","41.4441","50.7551","55.1197","55.3126","59.0951","76.1903","59.1478","46.2856","26.2739","31.5496","33.3997","14.4462","38.5936","25.3820","35.6049","49.6602","89.6114","45.5588","49.3547","32.0377","28.4382","16.6387","19.1298","19.8206","11.0000","11.6097","27.2006","32.7040","35.5378","60.8532","32.5021","16.5398","32.5361","11.0000","14.0687","19.5701","25.5854","25.3808","28.8412","11.0000","38.8437","62.0079","37.0689","19.8220","30.3040","18.5522","18.2423","17.5563","23.2209","19.1749","17.8450","28.8303","35.3560","27.1437","28.1264","33.6023","34.3096","11.9985","12.1581","37.5940","34.2368","14.4384","13.4396","16.3628","24.5590","44.7728","153.8456","18.7576","45.7287","16.7616","30.4816","15.7422","17.5370","25.4800","11.9908","104.7298","21.6106","42.2776","60.9492","53.4810","37.9386","40.3103","30.0322","34.0062","41.2850","44.4576","37.0925","40.3226","48.6582","61.3269"
"C:\Users\cfg364\Sommerlab Dropbox\Casper van der Luijt\Casper\Data\BioLog\OmniLog\CL2\DATA_2024\07\_NRRL 471_Aspergillus oryzae__3_30_CL2_769_7#24#2024_A_21B_29.OKA","7/24/2024 10:32:48 PM","21-B","PM03B","","NRRL 471","Aspergillus oryzae","",30.0000,"41.0398","59.9546","49.5066","57.6575","53.1768","24.5069","42.0036","55.3739","51.6087","55.8812","56.3439","81.5052","59.4586","50.7414","22.7689","31.0390","36.3363","16.7437","37.1379","28.9532","37.8656","44.8072","88.8243","47.0484","50.9356","36.9051","24.5665","18.4754","19.3174","15.4893","11.0000","13.2461","26.4627","32.0922","37.2445","60.5905","31.1701","15.2689","32.8819","11.0000","16.5363","21.9159","26.9458","26.1158","29.9683","11.0000","39.7577","60.0347","35.3005","24.3295","29.9298","17.2306","20.0609","18.2778","20.6497","18.7296","21.5874","29.6438","37.2346","30.0616","28.4361","30.3414","34.8030","14.0580","13.4771","37.6885","37.1650","12.7980","16.4495","17.5439","23.2708","42.4942","154.9737","20.0398","40.9803","20.5821","29.2620","13.5313","14.6176","24.0920","14.5158","109.2738","20.3604","41.0265","61.0417","51.2635","39.9652","38.2922","28.6024","31.7443","40.5270","45.9784","37.4139","38.2581","48.9129","63.7796"
"C:\Users\cfg364\Sommerlab Dropbox\Casper van der Luijt\Casper\Data\BioLog\OmniLog\CL2\DATA_2024\07\_NRRL 471_Aspergillus oryzae__3_30_CL2_769_7#24#2024_A_21B_29.OKA","7/24/2024 10:32:48 PM","21-B","PM03B","","NRRL 471","Aspergillus oryzae","",30.2500,"44.0425","66.4573","51.2765","58.6415","55.2529","23.7101","44.9634","50.7575","49.3676","61.2003","60.0064","72.3841","61.2578","47.0827","25.9852","32.2548","32.6678","15.8100","38.1580","27.6724","40.7835","46.0000","87.0882","49.4802","45.8340","32.8183","26.4217","20.6774","19.5487","17.0764","12.3645","12.9235","25.0301","34.1139","43.7763","61.4749","32.0739","15.0595","36.7642","12.3469","16.1666","22.7561","22.8745","27.6735","28.9591","11.0000","43.9283","68.5783","39.3252","26.7217","31.0268","20.6655","21.4048","20.3930","21.7223","21.4030","21.5669","28.9555","37.4267","30.0972","29.5976","31.6965","38.1618","14.0878","16.6406","40.0230","35.9221","16.4427","12.2387","20.9432","21.4342","43.8369","156.8486","23.7970","43.8650","15.8087","29.5791","16.8298","17.8656","26.4038","13.4289","104.7792","22.0456","41.7898","59.9567","50.3477","42.1636","40.2781","29.1184","34.8016","35.5259","45.5482","39.7725","38.7012","52.4339","62.3942"
"C:\Users\cfg364\Sommerlab Dropbox\Casper van der Luijt\Casper\Data\BioLog\OmniLog\CL2\DATA_2024\07\_NRRL 471_Aspergillus oryzae__3_30_CL2_769_7#24#2024_A_21B_29.OKA","7/24/2024 10:32:48 PM","21-B","PM03B","","NRRL 471","Aspergillus oryzae","",30.5000,"42.5471","63.3366","53.4352","62.9424","58.6662","22.5708","49.7489","51.0114","52.1376","60.1179","58.2370","80.9442","62.4594","45.9922","25.0445","34.3601","36.8077","20.0352","37.9482","25.7710","37.7670","47.2030","87.0362","49.3272","47.9124","36.1227","28.0378","17.3154","20.7295","21.6738","11.0000","11.3513","25.8297","30.5362","38.4954","62.5618","31.4119","18.9850","33.1542","12.4775","18.0277","23.0212","25.1455","29.0276","27.7882","14.0123","39.1216","67.1753","38.7680","23.4290","32.5580","21.0248","16.6920","17.9775","20.2669","22.7051","24.3071","25.8256","36.4689","27.1260","28.1289","30.3958","33.3928","14.2955","18.9745","37.6553","36.0112","14.6679","14.2416","17.6021","21.9930","44.1580","156.4947","23.7870","50.1221","17.1325","31.5354","17.4428","17.7182","27.0198","15.1361","105.3478","21.9754","40.9926","64.4481","48.0107","41.3839","46.3575","35.4134","37.3556","43.1841","44.7877","41.5806","39.3096","50.2225","62.8095"
"C:\Users\cfg364\Sommerlab Dropbox\Casper van der Luijt\Casper\Data\BioLog\OmniLog\CL2\DATA_2024\07\_NRRL 471_Aspergillus oryzae__3_30_CL2_769_7#24#2024_A_21B_29.OKA","7/24/2024 10:32:48 PM","21-B","PM03B","","NRRL 471","Aspergillus oryzae","",30.7500,"46.7895","60.9751","51.8535","61.6863","58.5104","28.6680","48.4740","52.0085","53.7870","65.1144","54.6910","81.5262","63.5313","49.1136","20.6834","37.1538","36.1968","12.8832","39.0688","29.6574","39.3399","49.4697","92.4060","49.1563","51.1230","32.4801","30.8522","18.7027","19.1350","16.7976","11.0000","11.0000","27.3906","31.2304","42.5205","62.5875","35.8542","11.8224","35.6377","13.9948","20.2364","17.3522","18.5470","27.3571","30.5554","11.0000","43.3614","66.3536","37.7342","21.8192","32.1575","23.7268","20.5337","21.2996","23.8769","21.4053","19.7073","24.6254","39.2814","27.3706","33.9721","32.9805","36.3980","12.3065","16.9201","41.9784","36.3420","13.4378","11.1911","19.6800","21.7042","43.4102","159.0771","21.9268","47.5725","16.9036","32.9916","18.3813","20.2165","26.4419","17.1433","106.8311","23.3603","44.4403","64.6297","50.9668","43.2121","46.1112","30.8843","35.4715","43.6365","48.1009","38.6985","42.3728","55.1596","65.2837"
"C:\Users\cfg364\Sommerlab Dropbox\Casper van der Luijt\Casper\Data\BioLog\OmniLog\CL2\DATA_2024\07\_NRRL 471_Aspergillus oryzae__3_30_CL2_769_7#24#2024_A_21B_29.OKA","7/24/2024 10:32:48 PM","21-B","PM03B","","NRRL 471","Aspergillus oryzae","",31.0000,"48.2829","68.2909","55.1470","59.8843","58.7876","27.2843","45.8172","56.6562","57.2614","60.8089","59.5563","82.4045","61.6012","48.0542","28.8698","33.5618","37.1227","16.0436","42.9590","27.9324","43.3296","48.0126","90.9834","50.0728","54.2783","36.1615","29.7338","16.6908","15.4595","15.8854","11.0000","11.8647","29.4144","38.9338","38.9178","61.7026","31.0727","16.4826","34.4134","14.1439","14.5786","20.5002","25.9697","29.1445","33.3870","13.7254","43.7932","67.2931","35.1196","25.4335","37.0992","20.4844","22.3095","18.1068","23.1220","20.8491","19.9179","28.5808","39.2040","27.3670","26.4046","34.2144","39.6043","14.1684","21.6481","41.0620","37.7304","14.1524","13.2241","17.4297","23.0894","44.7705","160.1233","23.7032","50.2084","13.9997","33.2639","20.4501","17.5150","28.5845","15.9737","111.4337","23.3755","45.1116","67.2400","57.1778","41.9841","43.6351","27.8572","39.3849","44.8082","48.3595","41.6263","45.0115","55.1698","69.8186"
"C:\Users\cfg364\Sommerlab Dropbox\Casper van der Luijt\Casper\Data\BioLog\OmniLog\CL2\DATA_2024\07\_NRRL 471_Aspergillus oryzae__3_30_CL2_769_7#24#2024_A_21B_29.OKA","7/24/2024 10:32:48 PM","21-B","PM03B","","NRRL 471","Aspergillus oryzae","",31.2500,"46.9203","68.0390","51.4669","62.7880","54.5124","25.1537","46.9638","52.0462","56.5582","59.4253","60.8297","79.4506","65.1000","51.4543","21.9504","36.8770","35.8642","14.3027","41.5503","28.7409","45.5280","50.2990","89.2886","53.8535","50.1622","31.3922","29.6255","19.2221","19.1467","17.0019","11.0000","11.6716","29.6314","35.3792","41.1464","64.4455","35.6550","11.2626","34.5796","11.0000","14.5950","21.5124","26.1446","28.6884","33.4393","11.0000","43.1305","71.0327","35.9784","25.8874","35.3409","19.8954","21.0499","17.2644","24.7343","22.9014","20.3659","24.4372","39.5600","26.0378","30.9377","34.4443","37.2646","14.7591","20.8109","43.2041","38.6644","13.7258","17.4562","16.9188","23.8837","47.7148","156.2547","21.6522","47.2324","15.2920","31.9623","17.9441","15.9285","30.3584","15.5970","109.7277","18.0625","43.1657","64.3524","52.9796","46.3080","42.6407","32.0193","36.8949","39.5379","46.0119","43.3547","44.2796","54.6744","65.8817"
"C:\Users\cfg364\Sommerlab Dropbox\Casper van der Luijt\Casper\Data\BioLog\OmniLog\CL2\DATA_2024\07\_NRRL 471_Aspergillus oryzae__3_30_CL2_769_7#24#2024_A_21B_29.OKA","7/24/2024 10:32:48 PM","21-B","PM03B","","NRRL 471","Aspergillus oryzae","",31.5000,"43.4200","69.2518","57.4702","60.0689","59.2933","23.4714","45.8694","55.5762","54.0173","63.7552","58.0587","78.9391","61.6004","49.9383","25.9371","31.3979","37.1993","18.1126","43.3282","29.8091","44.6423","50.6891","90.3263","50.4227","53.2481","37.4911","27.6809","18.4846","20.2187","14.5901","11.0000","12.0954","26.5220","36.6288","41.0163","63.0679","28.6870","16.0421","32.2040","11.3236","15.2987","20.4814","22.1303","28.2445","35.1901","11.0000","46.5172","67.6139","33.1969","25.3763","35.7064","20.9174","17.0939","17.4170","21.1621","20.8506","23.4851","27.9817","38.2382","26.7903","26.7178","36.3320","41.1065","12.6860","20.5739","41.4409","41.3728","13.9941","19.0512","16.1398","21.8966","42.9435","156.3151","23.0797","48.7736","22.0498","33.0746","16.7718","17.7718","28.4940","17.0915","107.5705","23.5245","44.6869","67.7531","55.5505","40.6410","43.5392","28.5884","38.5268","41.5425","46.9589","44.5999","41.8619","55.4163","68.9418"
"C:\Users\cfg364\Sommerlab Dropbox\Casper van der Luijt\Casper\Data\BioLog\OmniLog\CL2\DATA_2024\07\_NRRL 471_Aspergillus oryzae__3_30_CL2_769_7#24#2024_A_21B_29.OKA","7/24/2024 10:32:48 PM","21-B","PM03B","","NRRL 471","Aspergillus oryzae","",31.7500,"47.9471","66.7324","56.4638","61.4666","64.4908","26.0505","51.0530","58.8613","58.0779","64.8765","59.4254","82.5973","62.7209","49.5974","23.8729","35.8547","39.3417","15.9775","46.3250","32.0779","44.2677","50.0551","90.4195","54.5864","52.7513","34.0564","30.0043","20.7876","20.1394","20.5289","11.0000","16.0724","28.2652","39.3697","44.8385","60.5395","36.3561","13.3569","39.1426","16.5207","16.0004","22.0361","25.2492","29.0272","28.4467","12.1353","46.9731","71.1350","40.9394","27.5285","31.8441","23.9427","18.9669","19.1472","26.0022","21.3142","21.1493","25.6755","44.0319","27.1134","27.0500","36.8665","40.4404","16.0285","19.9272","40.7272","39.9240","18.1064","16.5433","18.5790","23.6629","47.5433","159.2913","27.0461","52.1160","20.1265","32.8461","22.6613","22.2152","26.8466","11.1281","113.9879","23.3867","44.1055","67.2019","59.9120","46.4479","47.8503","29.4824","39.2731","41.9817","50.7096","45.0489","43.5432","56.0426","67.1919"
"C:\Users\cfg364\Sommerlab Dropbox\Casper van der Luijt\Casper\Data\BioLog\OmniLog\CL2\DATA_2024\07\_NRRL 471_Aspergillus oryzae__3_30_CL2_769_7#24#2024_A_21B_29.OKA","7/24/2024 10:32:48 PM","21-B","PM03B","","NRRL 471","Aspergillus oryzae","",32.0000,"43.7209","69.4827","51.1029","63.9793","57.0533","27.8043","50.2956","57.0795","60.8210","66.1367","60.7231","87.4818","63.4024","47.4182","26.4545","38.0394","38.9961","16.5253","43.4853","34.0668","41.0761","50.0959","88.7278","51.5707","56.6047","38.4068","30.7997","18.8686","18.7597","16.9365","13.0920","11.0642","30.0270","36.7829","44.3390","67.6732","35.4632","12.4157","38.4092","17.4559","17.6401","22.9089","24.6514","29.3019","35.6269","11.0000","49.0116","71.1393","37.3003","23.3184","32.5815","22.8833","22.6791","22.0151","25.8087","16.7441","19.6650","28.0730","41.7780","29.8559","29.0766","34.1055","36.6868","17.5061","15.3629","46.6712","40.5677","13.1146","11.1911","19.9009","24.2913","49.1149","156.5747","23.7599","53.4846","17.9571","38.3813","21.4154","24.0517","27.7992","18.2093","107.5646","25.3588","45.5930","68.6753","58.6597","45.6532","48.1245","32.3392","40.3614","42.9065","54.3977","41.8868","46.0903","55.7100","72.4439"
"C:\Users\cfg364\Sommerlab Dropbox\Casper van der Luijt\Casper\Data\BioLog\OmniLog\CL2\DATA_2024\07\_NRRL 471_Aspergillus oryzae__3_30_CL2_769_7#24#2024_A_21B_29.OKA","7/24/2024 10:32:48 PM","21-B","PM03B","","NRRL 471","Aspergillus oryzae","",32.2500,"45.9221","68.9604","56.4211","66.5721","58.9328","24.3792","52.8504","60.5111","57.4446","64.8342","63.7165","87.5828","65.4414","48.9136","28.5096","31.4036","40.6258","17.7977","43.9660","32.0348","39.5731","54.5164","93.0737","53.8732","52.0726","36.3542","29.6658","12.7539","20.7419","14.2180","11.0000","11.0000","30.5758","36.1382","44.9664","68.4324","30.3037","20.9528","31.1656","13.6350","15.8498","21.4927","26.3868","33.2846","36.9036","11.0000","50.5957","74.2554","38.7876","26.5488","36.8154","20.8485","24.4840","22.7663","22.2741","22.1975","23.3678","27.7987","44.6002","29.8211","28.3647","35.5958","41.0203","17.3447","19.4962","45.5908","37.1040","11.0000","12.3395","17.6771","22.2795","47.8733","160.8433","23.3997","51.3203","17.7233","32.4857","17.1553","21.7788","24.7496","16.8473","111.7607","24.2051","45.5496","70.0012","57.3270","41.7962","48.4483","34.8614","39.5174","46.0587","46.8319","42.5530","49.6042","58.3769","68.6340"
"C:\Users\cfg364\Sommerlab Dropbox\Casper van der Luijt\Casper\Data\BioLog\OmniLog\CL2\DATA_2024\07\_NRRL 471_Aspergillus oryzae__3_30_CL2_769_7#24#2024_A_21B_29.OKA","7/24/2024 10:32:48 PM","21-B","PM03B","","NRRL 471","Aspergillus oryzae","",32.5000,"44.3510","67.0261","58.8161","69.4900","60.0980","27.3673","51.0400","60.5750","62.9827","65.9797","61.3512","82.6344","65.2109","52.0696","26.6203","37.8116","40.9353","18.9047","42.3223","36.3331","41.6442","49.8517","93.2942","55.2133","55.4030","37.9334","31.5411","17.2314","19.1912","20.6699","11.0000","16.0245","29.9835","38.8335","42.4863","66.8505","36.0389","12.5768","40.5625","15.6990","13.7711","17.5787","20.6671","28.6537","33.1660","11.0000","47.6765","75.0424","39.6602","29.5352","38.9376","20.9286","22.1355","18.2585","25.0305","23.1807","24.7979","27.7827","39.6411","31.1157","30.5211","38.9144","36.0182","12.5001","22.0800","46.4821","45.4919","15.3035","16.7419","16.9999","23.4365","43.9771","155.6718","29.8327","55.0736","18.0281","38.1959","22.9579","19.2086","29.1154","15.1426","107.8943","24.7458","47.4846","69.2217","62.9743","45.4654","47.1145","30.4196","41.9788","44.8158","53.3032","46.8461","50.1558","58.2859","70.4590"
"C:\Users\cfg364\Sommerlab Dropbox\Casper van der Luijt\Casper\Data\BioLog\OmniLog\CL2\DATA_2024\07\_NRRL 471_Aspergillus oryzae__3_30_CL2_769_7#24#2024_A_21B_29.OKA","7/24/2024 10:32:48 PM","21-B","PM03B","","NRRL 471","Aspergillus oryzae","",32.7500,"43.2347","66.9982","55.0642","63.2419","59.8131","29.9562","50.0086","59.4875","61.9256","67.6667","61.2142","86.9517","69.5874","49.5496","25.6819","35.6256","40.7422","20.1633","44.6473","33.1141","43.4023","52.7461","91.2436","54.4195","55.6212","38.6876","32.8191","17.3491","18.8054","14.7757","11.0000","13.2560","29.5592","40.9790","43.8437","66.9150","32.0074","19.1441","35.2135","15.8052","16.2748","23.3975","25.5906","32.3523","32.2306","11.5210","52.5651","76.6286","36.5197","26.1556","38.5529","21.6922","23.2346","18.4750","26.5554","22.7826","24.8874","29.2208","42.1554","29.5376","27.9629","35.7183","40.7328","16.6625","17.2882","43.5701","41.1605","13.3115","13.8592","19.9699","23.4449","49.1257","161.8173","25.3090","51.8540","18.1312","36.7420","18.1302","23.8018","29.0462","18.0135","108.3519","22.2849","51.0164","67.6213","56.3295","43.0126","46.9711","33.9120","44.0516","43.5777","51.9104","41.9073","49.5602","60.7377","74.2610"
"C:\Users\cfg364\Sommerlab Dropbox\Casper van der Luijt\Casper\Data\BioLog\OmniLog\CL2\DATA_2024\07\_NRRL 471_Aspergillus oryzae__3_30_CL2_769_7#24#2024_A_21B_29.OKA","7/24/2024 10:32:48 PM","21-B","PM03B","","NRRL 471","Aspergillus oryzae","",33.0000,"40.9384","71.5623","60.0323","61.7138","63.0866","28.5205","53.9941","58.6977","61.6706","65.7369","63.7346","85.9767","70.7705","47.2720","21.2867","38.3418","40.2575","16.3846","44.6666","30.8999","41.5348","51.8123","92.1513","53.3772","59.7627","37.8582","29.0696","19.8408","18.9792","22.7811","11.0000","14.2107","33.7160","38.2980","46.2073","63.9270","35.9610","20.5378","37.2534","13.9290","16.3057","24.2452","26.2912","34.3685","36.0532","11.5528","52.7894","77.8554","39.3374","27.0717","40.9331","20.8918","18.7273","21.4919","21.6306","23.0923","23.6518","25.7161","45.6346","28.8072","30.8930","40.1342","38.8274","17.4771","17.5740","44.9748","44.6041","15.4327","13.8626","19.3296","21.8734","46.2222","157.8287","27.2679","54.1213","17.0347","36.6074","18.3589","22.7624","31.7526","14.3303","109.9639","24.4376","47.5783","67.1292","57.5949","49.5207","50.3255","32.5008","44.1556","46.6989","52.0628","45.2820","47.4855","59.3956","69.7464"
"C:\Users\cfg364\Sommerlab Dropbox\Casper van der Luijt\Casper\Data\BioLog\OmniLog\CL2\DATA_2024\07\_NRRL 471_Aspergillus oryzae__3_30_CL2_769_7#24#2024_A_21B_29.OKA","7/24/2024 10:32:48 PM","21-B","PM03B","","NRRL 471","Aspergillus oryzae","",33.2500,"43.1066","72.5068","52.0710","64.3347","59.6457","26.8582","49.4287","61.5346","59.0528","65.0110","61.6933","88.1499","68.3583","55.0979","28.5957","41.4731","36.0185","19.1198","44.2295","35.1330","46.3215","56.2198","89.7220","59.5686","57.1764","39.9743","31.4968","19.0778","22.3529","18.7330","11.0000","13.9286","30.9875","36.6152","42.9650","65.6329","37.7864","11.9198","34.6234","12.4205","15.8285","21.5709","22.3299","33.1458","36.1685","11.0000","50.5303","74.1743","39.5519","30.0705","37.5294","19.5184","20.1264","19.4987","25.1380","22.4504","21.5994","30.6424","43.9367","28.8622","30.8004","38.1584","40.3167","15.2233","18.5431","49.9214","42.9592","15.5682","17.3490","18.4241","27.1896","49.8731","157.5517","27.9034","49.5141","20.3111","39.8885","22.2804","21.5861","30.4531","15.5097","113.0613","26.4993","48.2791","73.6670","56.9528","48.2796","48.0252","33.3583","40.1445","44.9123","55.3591","45.6084","51.2730","53.7980","70.0764"
"C:\Users\cfg364\Sommerlab Dropbox\Casper van der Luijt\Casper\Data\BioLog\OmniLog\CL2\DATA_2024\07\_NRRL 471_Aspergillus oryzae__3_30_CL2_769_7#24#2024_A_21B_29.OKA","7/24/2024 10:32:48 PM","21-B","PM03B","","NRRL 471","Aspergillus oryzae","",33.5000,"42.6954","72.5366","55.2776","67.5196","63.9435","24.1963","52.9681","60.0283","60.8837","69.9824","61.0726","89.5441","68.5413","55.5843","30.6430","39.2078","43.5428","18.2910","45.9694","32.3806","44.1313","54.2588","95.7239","63.4072","59.7565","39.9565","32.8320","18.8290","20.4451","20.0540","11.0000","13.7514","35.1758","40.3448","47.7034","77.9242","36.2957","19.6151","35.9277","18.4321","15.8792","20.7235","27.1151","34.3341","40.1824","11.7795","56.6936","81.5509","41.5760","28.0693","40.2289","23.9896","19.9841","18.2760","23.8499","25.1063","17.5755","28.7179","44.9271","27.5419","34.6384","37.8846","41.6932","16.0128","19.1200","49.6564","44.3085","13.4709","13.4618","16.8703","24.3044","50.8720","157.4781","27.0814","55.7760","19.3777","37.7770","18.1327","21.5170","34.6549","16.8803","109.8394","23.5690","51.1783","72.3230","61.1677","46.1061","51.5087","35.4411","41.2877","45.1125","56.5368","46.5560","47.4572","57.9638","73.1149"
"C:\Users\cfg364\Sommerlab Dropbox\Casper van der Luijt\Casper\Data\BioLog\OmniLog\CL2\DATA_2024\07\_NRRL 471_Aspergillus oryzae__3_30_CL2_769_7#24#2024_A_21B_29.OKA","7/24/2024 10:32:48 PM","21-B","PM03B","","NRRL 471","Aspergillus oryzae","",33.7500,"41.6180","71.3481","56.8512","67.6121","66.6473","25.5848","52.1629","61.1433","65.2419","68.1105","59.5657","83.9891","68.0164","57.3666","26.8526","39.8130","46.0084","15.5449","46.5871","32.5211","45.7603","55.9826","89.8636","56.7738","63.0324","39.0682","33.0673","21.5470","20.7388","21.9267","11.0000","14.3333","35.3434","43.5337","46.8900","72.3164","36.8015","19.5921","39.2135","13.8712","14.4046","21.1940","20.9253","33.0593","34.6022","12.2732","52.8130","80.5985","43.2960","28.6816","40.1615","23.9285","20.8681","22.3204","26.4043","27.7094","25.6541","30.6985","46.7664","29.4479","30.8890","36.9464","41.5397","13.7456","18.5482","49.7506","43.0043","14.5382","16.3593","18.1649","24.3906","50.9690","158.4921","26.4586","58.4361","20.5895","37.6567","20.3687","24.7607","34.9365","15.8132","112.3304","25.6011","52.1602","74.7716","63.0752","49.5199","50.4921","36.2863","46.1210","50.5554","54.5857","45.8019","48.4277","61.5494","77.6945"
"C:\Users\cfg364\Sommerlab Dropbox\Casper van der Luijt\Casper\Data\BioLog\OmniLog\CL2\DATA_2024\07\_NRRL 471_Aspergillus oryzae__3_30_CL2_769_7#24#2024_A_21B_29.OKA","7/24/2024 10:32:48 PM","21-B","PM03B","","NRRL 471","Aspergillus oryzae","",34.0000,"43.5301","67.4087","55.5021","65.5495","59.5461","26.3209","49.7830","66.0609","60.7447","70.6983","64.9335","87.8701","69.7779","49.1978","26.1151","43.2732","40.3870","15.3276","46.3602","33.1988","50.0838","55.1434","94.8315","57.4238","58.5992","38.2927","31.3947","23.7324","24.2286","19.9573","11.0000","15.7731","32.5259","42.2883","42.2581","67.5195","37.2949","17.0869","38.6631","15.8160","18.3990","19.8744","23.6642","37.6157","38.8259","11.0000","53.2618","80.2342","42.9331","29.2024","39.9396","25.3829","24.3491","22.0496","25.9574","24.2437","22.3384","29.5760","42.0603","26.6783","31.5625","40.1445","43.0127","18.2366","22.8436","49.1132","44.4593","14.0332","18.7128","19.0971","21.5910","51.4777","155.9802","21.4568","56.5657","17.8350","39.2268","20.2835","21.4769","31.9182","15.3175","113.7336","23.6909","48.2468","72.7403","63.1902","47.0270","48.2047","35.5891","47.6440","45.7684","53.3860","44.7332","50.5379","62.5611","74.2051"
"C:\Users\cfg364\Sommerlab Dropbox\Casper van der Luijt\Casper\Data\BioLog\OmniLog\CL2\DATA_2024\07\_NRRL 471_Aspergillus oryzae__3_30_CL2_769_7#24#2024_A_21B_29.OKA","7/24/2024 10:32:48 PM","21-B","PM03B","","NRRL 471","Aspergillus oryzae","",34.2500,"44.9763","70.8350","58.7978","67.2687","64.2395","27.4556","56.6064","62.8568","64.7295","69.3923","63.1801","92.1379","73.4688","56.2818","30.2537","38.7927","45.1764","16.5725","48.0621","32.0930","47.1315","56.1472","92.9991","59.2887","61.7652","42.3107","34.9281","20.5263","21.7844","21.4650","11.0000","15.2545","34.6945","42.6756","47.9998","73.8644","34.1917","16.7937","42.9112","18.5156","19.3930","20.9749","29.0213","35.6737","39.8222","13.9761","50.6286","84.2237","39.4889","27.8263","43.3125","25.0628","27.0461","24.1389","26.1389","25.3251","22.8206","30.8963","45.4394","30.6086","33.4962","39.4743","42.0608","16.2810","16.2303","47.9772","48.2746","17.1886","12.9735","21.0293","24.5977","50.9849","158.9123","26.2654","61.2076","21.8239","38.5344","19.5581","21.2660","35.9963","17.3533","108.3885","25.3244","51.5222","73.7332","61.9492","50.7188","53.3672","34.2185","45.7474","52.8182","57.0264","49.2487","51.4685","65.3432","77.7427"
"C:\Users\cfg364\Sommerlab Dropbox\Casper van der Luijt\Casper\Data\BioLog\OmniLog\CL2\DATA_2024\07\_NRRL 471_Aspergillus oryzae__3_30_CL2_769_7#24#2024_A_21B_29.OKA","7/24/2024 10:32:48 PM","21-B","PM03B","","NRRL 471","Aspergillus oryzae","",34.5000,"43.4989","73.1184","56.6908","67.7129","67.1947","25.9634","54.9046","63.4200","66.6293","68.4216","67.0407","89.1795","71.0286","54.1924","26.7815","40.9804","41.0727","17.1465","47.2805","37.8036","49.3699","60.6405","95.7104","60.3212","63.5551","45.9172","36.9934","27.2894","23.4220","19.7616","13.0339","11.0000","34.7605","46.1501","45.6413","68.7561","35.7447","17.2939","43.0594","12.4808","16.5166","17.3174","24.9698","37.1168","35.7836","11.0000","58.8542","82.9205","39.1571","29.7095","44.6039","25.0522","22.6905","23.0348","29.8550","24.5463","23.5441","30.4113","49.8629","29.2806","31.4069","39.5929","43.8058","15.6587","25.8515","54.0276","45.7462","18.3790","16.5858","22.4270","27.2833","49.5192","161.9888","29.3217","57.1103","21.6560","43.9502","24.3180","24.4971","33.5218","15.5706","112.7143","23.7255","49.7977","75.8813","63.7625","53.7270","49.2385","35.4103","43.7741","55.9123","53.4650","47.6169","54.8171","62.8881","76.5204"
"C:\Users\cfg364\Sommerlab Dropbox\Casper van der Luijt\Casper\Data\BioLog\OmniLog\CL2\DATA_2024\07\_NRRL 471_Aspergillus oryzae__3_30_CL2_769_7#24#2024_A_21B_29.OKA","7/24/2024 10:32:48 PM","21-B","PM03B","","NRRL 471","Aspergillus oryzae","",34.7500,"41.7064","71.8442","58.6782","71.3414","64.7822","24.7034","53.9485","58.5257","68.7773","73.4277","66.2387","93.9613","71.6741","52.4843","29.3062","38.5267","47.6293","14.4731","49.2548","37.5868","47.3047","58.5759","96.8592","59.4893","60.7080","42.6872","35.8870","19.3068","22.5354","19.3346","11.0000","16.7333","34.1065","41.4055","47.7201","68.9276","32.7130","16.0681","40.8826","16.6064","19.6031","21.1041","26.5214","36.4200","35.5025","11.0000","57.5574","85.6203","38.3630","31.6086","42.4445","24.7238","20.1398","18.8704","28.6674","26.2091","23.1383","29.0553","44.7549","28.5101","30.6373","45.2464","43.4960","18.5273","22.1482","48.1095","44.8392","17.3489","13.0302","23.2676","22.3454","52.0129","156.6689","25.0559","56.2194","21.5533","41.0253","17.0878","24.4552","34.9312","18.3040","113.9269","26.7620","49.3365","76.3799","60.1846","48.0358","56.2677","35.7821","42.4143","52.6236","56.8485","45.5763","52.4556","62.3611","76.2484"
"C:\Users\cfg364\Sommerlab Dropbox\Casper van der Luijt\Casper\Data\BioLog\OmniLog\CL2\DATA_2024\07\_NRRL 471_Aspergillus oryzae__3_30_CL2_769_7#24#2024_A_21B_29.OKA","7/24/2024 10:32:48 PM","21-B","PM03B","","NRRL 471","Aspergillus oryzae","",35.0000,"45.9417","73.7273","61.9349","71.4358","65.7008","26.4123","54.2104","64.2207","64.9122","73.9260","69.9854","91.3965","74.8625","55.6071","30.0462","41.6315","43.9133","14.3123","49.9005","34.5427","48.0869","58.1493","94.6619","62.8607","63.5721","42.6218","34.1543","23.0417","24.1565","18.6691","11.0000","16.9575","32.7587","45.3994","48.5246","74.7928","33.7667","16.6893","42.2051","16.7987","20.1724","21.1669","30.1324","34.0188","36.3095","11.0000","57.0016","86.6309","38.3630","30.9656","40.7288","28.1391","21.4500","19.2167","28.8260","24.5648","23.0425","31.8531","47.8029","28.7004","31.9670","44.7357","44.4491","17.4431","21.6704","49.0285","46.3270","16.8775","19.4378","22.6303","22.7644","50.5922","155.7218","23.1712","56.2194","23.8984","39.3910","15.8129","25.8866","33.6017","18.7169","114.9151","25.7091","54.2219","78.0808","62.7077","46.8097","55.1299","39.0076","46.4302","51.9953","57.5125","50.9548","54.3897","61.7890","77.8634"
"C:\Users\cfg364\Sommerlab Dropbox\Casper van der Luijt\Casper\Data\BioLog\OmniLog\CL2\DATA_2024\07\_NRRL 471_Aspergillus oryzae__3_30_CL2_769_7#24#2024_A_21B_29.OKA","7/24/2024 10:32:48 PM","21-B","PM03B","","NRRL 471","Aspergillus oryzae","",35.2500,"41.6570","76.4719","61.1292","72.6778","65.2520","28.0310","56.8029","64.2412","69.6195","70.8319","63.0442","91.4054","71.2906","54.1987","25.2487","42.6206","44.3505","16.0812","50.6175","38.4740","49.4350","58.1049","93.3345","64.8292","64.0259","42.1285","30.5813","21.8560","21.9935","19.6404","11.0000","13.1482","33.7041","38.3235","48.1774","71.1555","37.0865","17.0686","40.0469","15.6185","18.6057","22.8473","27.4438","38.8897","37.1409","11.0000","59.1777","81.6363","37.7146","31.1248","41.2501","26.0222","24.6563","18.4633","27.4204","22.2319","25.5280","30.2398","42.4791","29.0797","28.9058","38.6003","45.2237","19.2778","21.5002","53.3831","49.6709","14.7247","13.2904","17.8626","22.7526","57.3135","159.8600","26.8361","59.7271","22.2525","43.8648","22.2917","27.1192","35.6835","17.9828","114.9623","26.4057","51.3780","79.5801","66.2351","50.0922","57.8000","39.6442","45.3621","54.1835","60.2946","51.9489","53.4225","69.0477","79.3347"
"C:\Users\cfg364\Sommerlab Dropbox\Casper van der Luijt\Casper\Data\BioLog\OmniLog\CL2\DATA_2024\07\_NRRL 471_Aspergillus oryzae__3_30_CL2_769_7#24#2024_A_21B_29.OKA","7/24/2024 10:32:48 PM","21-B","PM03B","","NRRL 471","Aspergillus oryzae","",35.5000,"43.9190","73.2332","57.7728","69.0089","69.1224","24.8855","56.4653","65.6646","64.1375","73.7159","64.9773","93.6889","73.9711","53.8086","29.2240","42.9246","48.4523","16.7519","51.1192","39.4112","47.2674","56.2324","97.2013","64.4591","65.0211","37.1094","34.4876","25.1957","23.0253","25.0228","11.0000","14.7727","38.1875","45.1217","50.8638","74.4633","37.2267","18.2535","40.5721","20.5678","18.5184","19.4420","29.0507","37.9942","38.9117","15.7190","61.9922","89.2257","41.1979","31.7097","44.0794","28.6836","23.7805","25.1229","22.9004","26.9125","19.4655","31.9925","46.0495","30.0280","32.7703","41.5969","43.8781","18.9866","21.7518","53.2448","50.3548","15.3322","18.9297","19.4698","25.3316","54.8031","162.7509","28.6634","63.5166","22.0751","40.8697","20.0766","28.4307","35.0668","16.1484","113.8650","24.4315","53.1588","77.3158","66.6829","53.2794","59.2204","37.2409","45.5573","52.2115","60.7377","49.1921","56.1792","65.3977","79.5673"
"C:\Users\cfg364\Sommerlab Dropbox\Casper van der Luijt\Casper\Data\BioLog\OmniLog\CL2\DATA_2024\07\_NRRL 471_Aspergillus oryzae__3_30_CL2_769_7#24#2024_A_21B_29.OKA","7/24/2024 10:32:48 PM","21-B","PM03B","","NRRL 471","Aspergillus oryzae","",35.7500,"46.8625","80.4752","66.1391","71.8317","63.7483","27.6053","60.7663","66.3732","70.5869","74.5648","68.8673","94.8911","74.5978","56.2344","32.2051","42.0874","47.5303","20.9293","51.4501","36.9587","49.1077","59.5359","99.2586","63.9021","63.4330","44.4179","39.3062","22.5842","25.2768","21.6163","11.8599","14.4143","41.1522","44.8308","48.0682","72.0157","42.3581","20.5425","41.4179","17.4540","19.2866","19.0201","26.8068","41.5366","36.9051","11.0000","56.9815","91.9819","44.7553","31.1799","41.8551","22.2315","21.5159","19.2071","28.2529","23.6401","24.6214","29.0699","46.9711","27.9337","34.5380","42.5181","44.6340","15.9621","22.5373","55.1115","47.9565","15.5260","16.9926","23.3364","26.2038","56.3171","157.7924","31.3623","62.8505","21.8190","42.1624","25.8333","27.1148","35.4943","16.7545","113.4505","27.8180","52.7992","79.5265","65.0494","52.7646","57.2206","44.9303","51.8932","55.8266","58.2716","51.3308","57.4033","62.2533","78.9628"
"C:\Users\cfg364\Sommerlab Dropbox\Casper van der Luijt\Casper\Data\BioLog\OmniLog\CL2\DATA_2024\07\_NRRL 471_Aspergillus oryzae__3_30_CL2_769_7#24#2024_A_21B_29.OKA","7/24/2024 10:32:48 PM","21-B","PM03B","","NRRL 471","Aspergillus oryzae","",36.0000,"45.8239","82.2200","66.1406","74.7264","70.1617","28.1743","59.4816","67.8425","68.3138","70.7830","67.6201","96.4550","73.8302","54.2947","31.0620","51.6345","48.2780","17.0556","48.3630","37.8071","53.0715","60.8726","95.2997","66.7991","67.6730","41.4413","34.0985","24.0532","22.1677","19.4949","11.0000","14.4187","32.8863","47.7118","47.7671","73.1492","39.2659","16.2888","43.6754","17.4117","20.1808","22.6906","28.1422","39.4570","45.7056","11.0000","61.9349","94.9599","44.9154","32.5496","43.9414","24.6436","25.9140","20.7835","25.2804","25.2902","22.2693","31.7740","53.5672","28.4348","30.5770","43.7443","49.0231","18.1676","23.0033","53.0201","50.0054","19.1495","13.9631","17.4594","24.5710","56.6332","160.5353","29.7898","60.6510","23.0283","43.2740","20.9492","25.9351","39.9916","20.2073","114.1510","24.6393","58.2534","82.6764","65.5441","52.8896","56.0626","36.7818","50.0801","55.2564","58.8426","51.8107","57.3881","62.4218","78.6101"
"C:\Users\cfg364\Sommerlab Dropbox\Casper van der Luijt\Casper\Data\BioLog\OmniLog\CL2\DATA_2024\07\_NRRL 471_Aspergillus oryzae__3_30_CL2_769_7#24#2024_A_21B_29.OKA","7/24/2024 10:32:48 PM","21-B","PM03B","","NRRL 471","Aspergillus oryzae","",36.2500,"44.8413","76.8027","64.6995","72.9936","71.3537","28.6183","58.7782","68.5593","70.7967","75.1592","70.3594","97.0710","74.6627","55.0970","28.5298","39.4488","46.0557","15.7477","48.1381","37.7191","49.5740","61.7579","97.0017","69.3385","64.1052","44.3513","39.0927","23.5474","24.4003","20.8476","11.0000","15.2593","36.1584","44.2631","52.8757","75.5366","36.4135","18.7071","45.4680","13.4767","17.8960","23.1689","29.0015","41.2115","39.9765","13.4931","60.8673","90.0530","39.7478","30.9254","47.6593","23.8587","24.0223","21.7095","30.6765","27.0575","23.3669","30.1832","55.1910","27.9430","31.4283","40.4073","48.5344","19.6532","20.3005","53.3899","50.6430","15.3083","18.4156","20.3452","23.7716","59.8086","160.0688","28.9223","66.7001","21.4215","48.0231","24.1234","26.9641","36.9428","20.1040","114.7820","30.5751","59.4690","86.0271","66.5337","53.9384","57.1997","40.9806","52.6623","53.3674","59.4366","52.1446","57.5366","66.3189","82.3563"
"C:\Users\cfg364\Sommerlab Dropbox\Casper van der Luijt\Casper\Data\BioLog\OmniLog\CL2\DATA_2024\07\_NRRL 471_Aspergillus oryzae__3_30_CL2_769_7#24#2024_A_21B_29.OKA","7/24/2024 10:32:48 PM","21-B","PM03B","","NRRL 471","Aspergillus oryzae","",36.5000,"45.8705","77.8805","65.6127","74.4221","72.9012","25.3706","55.9715","70.2962","73.7337","73.7476","65.3163","95.0656","79.2301","54.3096","28.8461","45.9012","46.3880","21.4246","54.8128","39.6099","48.1239","61.5204","92.6722","60.1749","68.8637","38.1549","33.9346","24.4089","19.0515","23.4815","11.0000","12.4838","34.0776","44.8572","54.4870","68.1490","38.7277","18.5083","41.5018","15.8135","20.7314","21.2080","30.6071","43.5670","39.4923","14.2695","65.5113","91.6627","40.7003","30.6402","45.9281","23.7786","22.9224","25.7726","29.7868","26.4050","24.7661","31.9553","50.9344","32.8436","33.4686","45.5336","49.9719","18.5622","23.0744","56.9247","48.8898","14.9528","17.3632","21.8983","29.3580","54.6954","157.7309","23.7343","66.2388","21.4576","39.9560","21.5882","27.3217","37.3238","16.7165","111.8719","24.7933","56.9005","83.6726","62.7120","54.1472","56.5898","37.4204","52.6843","55.0274","59.5869","56.9097","53.6292","65.2967","83.0518"
"C:\Users\cfg364\Sommerlab Dropbox\Casper van der Luijt\Casper\Data\BioLog\OmniLog\CL2\DATA_2024\07\_NRRL 471_Aspergillus oryzae__3_30_CL2_769_7#24#2024_A_21B_29.OKA","7/24/2024 10:32:48 PM","21-B","PM03B","","NRRL 471","Aspergillus oryzae","",36.7500,"43.9149","79.7068","63.3208","78.6810","67.4910","28.8267","60.6482","67.3028","69.9076","73.1878","66.6040","95.0762","78.0872","59.0829","32.2162","44.3478","48.3895","15.9921","49.5059","35.3866","49.8765","59.2094","100.8761","70.5856","67.1999","46.2619","31.6130","21.2820","22.7440","23.9230","11.0000","14.6486","40.0426","44.2071","53.1474","76.1546","38.6691","18.2822","43.0737","17.0075","21.7082","24.4260","31.5753","43.6093","39.7855","11.0000","63.2926","94.6586","44.9707","30.9511","45.9871","26.8303","22.6148","21.6691","29.4451","26.1172","26.4029","31.4584","50.3446","26.3009","31.8234","44.5306","47.6747","17.5609","19.6118","57.2497","51.5050","17.9961","18.7527","21.1130","24.4258","58.4075","161.0520","25.7556","62.1678","23.4195","45.4117","21.2510","30.1169","38.3017","17.5228","116.0727","24.5358","56.1923","83.9982","68.8607","56.6730","59.9362","41.3274","51.0197","55.9632","60.2943","52.1009","56.8001","65.3264","82.4330"
"C:\Users\cfg364\Sommerlab Dropbox\Casper van der Luijt\Casper\Data\BioLog\OmniLog\CL2\DATA_2024\07\_NRRL 471_Aspergillus oryzae__3_30_CL2_769_7#24#2024_A_21B_29.OKA","7/24/2024 10:32:48 PM","21-B","PM03B","","NRRL 471","Aspergillus oryzae","",37.0000,"44.0396","76.7754","68.9413","77.1167","65.8674","28.3086","61.0077","69.9377","72.7257","79.6030","67.8271","98.7161","76.5289","56.6528","32.1951","47.3297","52.0238","21.3325","52.5350","40.1985","55.3521","63.2533","98.0442","63.3850","71.6238","43.9559","35.1251","18.5731","24.9170","25.9316","11.0000","14.0792","37.0158","44.0734","52.4917","73.4327","40.9655","15.7631","46.5163","15.3220","19.2561","26.1641","26.3038","41.0927","41.2719","13.8793","66.5142","91.1521","45.4693","36.3362","47.6918","26.2640","25.2008","20.8058","30.2953","27.1661","27.3999","26.7834","50.7263","29.9179","31.2161","42.0717","49.1670","17.1814","22.0655","52.1188","50.1531","14.7728","15.7506","16.4020","28.0284","56.5975","160.0501","28.9240","64.0900","16.6122","43.4087","23.3018","31.4257","35.3486","19.2521","111.7818","26.2852","58.0211","82.2092","68.3793","53.2962","60.5833","42.2129","49.2519","56.8377","62.8108","52.5586","57.2174","64.5650","81.6937"
"C:\Users\cfg364\Sommerlab Dropbox\Casper van der Luijt\Casper\Data\BioLog\OmniLog\CL2\DATA_2024\07\_NRRL 471_Aspergillus oryzae__3_30_CL2_769_7#24#2024_A_21B_29.OKA","7/24/2024 10:32:48 PM","21-B","PM03B","","NRRL 471","Aspergillus oryzae","",37.2500,"45.3844","74.3409","65.6962","75.8651","71.9169","27.7767","60.7872","68.6646","75.0679","78.3969","73.0469","100.4234","74.5126","55.7212","35.0463","46.9667","54.3946","18.8657","53.2018","39.3073","53.3185","59.4722","93.6682","67.3397","77.3444","42.9745","35.6081","27.0117","20.9368","20.7479","11.0000","12.7911","37.6125","48.3365","51.0163","77.0899","40.9911","20.0011","49.0176","18.5340","22.4617","23.5712","27.7532","42.2903","42.6243","12.9483","66.7061","96.9081","42.6829","34.2364","47.9457","25.3504","23.8025","20.8009","26.6995","29.4769","23.3207","31.4580","50.4347","31.7379","32.8131","45.2820","48.5208","19.5959","23.8701","54.8457","54.2726","14.8234","15.9869","22.0759","26.2475","62.2131","161.3650","29.2443","69.4022","22.6950","43.1021","20.8332","27.3022","38.9522","13.5600","117.3533","28.7902","58.0111","87.5438","71.1975","57.4766","60.3403","42.9558","53.7589","57.3493","64.1487","52.6244","61.4693","68.8089","85.5674"
"C:\Users\cfg364\Sommerlab Dropbox\Casper van der Luijt\Casper\Data\BioLog\OmniLog\CL2\DATA_2024\07\_NRRL 471_Aspergillus oryzae__3_30_CL2_769_7#24#2024_A_21B_29.OKA","7/24/2024 10:32:48 PM","21-B","PM03B","","NRRL 471","Aspergillus oryzae","",37.5000,"45.4111","74.9478","67.5632","71.2315","69.6185","30.1700","60.3092","71.8466","70.4501","74.8401","71.8137","95.5591","78.9074","54.7944","31.3208","45.4152","46.5931","21.0431","54.4194","42.4658","54.1738","63.5023","98.6439","69.5469","68.7137","45.0719","37.6802","23.0717","22.8934","26.0331","11.0000","16.9827","38.4389","50.1223","52.8070","75.5641","36.8551","17.7940","46.2302","19.5923","17.8359","24.2529","28.3093","41.6948","44.0659","13.2806","64.9082","98.4788","43.4547","31.5328","46.1827","26.1079","22.2112","24.6360","32.1429","28.7743","23.1465","32.7389","51.9106","31.3752","30.6357","39.5628","50.2053","18.7425","19.8281","58.6600","53.8847","15.3824","18.9886","21.6938","28.4437","62.5815","162.5000","29.6131","68.3201","23.6415","47.7391","28.2434","31.1384","35.0578","17.2443","112.2573","27.6975","60.5502","85.0313","69.5530","55.1494","63.3129","49.5213","49.9686","57.2087","61.2074","51.3800","62.0757","68.6025","85.0526"
"C:\Users\cfg364\Sommerlab Dropbox\Casper van der Luijt\Casper\Data\BioLog\OmniLog\CL2\DATA_2024\07\_NRRL 471_Aspergillus oryzae__3_30_CL2_769_7#24#2024_A_21B_29.OKA","7/24/2024 10:32:48 PM","21-B","PM03B","","NRRL 471","Aspergillus oryzae","",37.7500,"44.0055","77.3840","66.9117","78.5696","74.8116","28.9904","64.3336","71.1552","78.0723","75.8328","67.3575","100.7168","79.8155","59.2962","27.9793","49.3900","48.1895","22.4538","56.1820","44.8241","53.9768","64.9172","97.8786","69.6962","70.9940","44.6518","37.8803","26.8339","23.5831","26.0665","12.2088","15.7497","38.4789","48.7699","52.9209","76.8427","45.3444","18.3933","48.1212","17.8450","23.8960","26.2367","28.4073","40.4944","43.8037","11.0000","69.9905","100.3156","48.0981","33.8812","51.7364","29.8170","24.7169","19.5836","29.5912","28.3890","22.7261","29.1208","53.7661","30.8376","33.7327","44.9384","45.9789","21.2803","24.2365","59.2379","55.1833","18.6332","18.4174","23.2688","28.0387","63.2238","159.1010","28.2315","71.6567","20.4059","44.5501","23.5664","31.0060","39.0911","17.6426","112.9678","31.0217","57.4414","83.0160","70.4627","53.5313","61.6275","42.3407","57.0425","57.8783","64.5789","57.3456","58.5511","72.6033","85.8124"
"C:\Users\cfg364\Sommerlab Dropbox\Casper van der Luijt\Casper\Data\BioLog\OmniLog\CL2\DATA_2024\07\_NRRL 471_Aspergillus oryzae__3_30_CL2_769_7#24#2024_A_21B_29.OKA","7/24/2024 10:32:48 PM","21-B","PM03B","","NRRL 471","Aspergillus oryzae","",38.0000,"46.0920","76.9075","67.4808","73.6738","68.3291","29.0014","62.2210","69.0331","72.5311","75.1857","71.8855","99.7648","79.4008","56.7166","28.3029","50.0911","47.3275","16.7921","57.6860","41.7845","54.8695","63.3955","98.0812","68.7561","70.8533","43.7427","36.3567","23.6692","21.6861","22.7060","11.0000","14.7035","35.2527","48.6578","55.5419","75.0596","39.6388","16.8080","48.1411","17.4656","24.7689","21.3897","29.7986","44.9314","37.4266","11.0000","73.0353","92.3207","41.0496","31.3818","48.3712","23.5605","24.4643","22.7480","31.2366","26.4569","22.9656","28.5254","55.0655","31.8663","33.9904","45.4673","48.7352","19.1707","23.3498","54.8653","55.7302","17.5297","17.0887","20.5430","27.2701","62.6103","161.5011","28.8520","65.6692","19.9180","45.7759","22.5770","31.6191","37.5724","19.7441","114.2698","26.9539","59.4406","84.6531","73.8239","57.4912","61.2005","43.9973","56.3230","55.0429","64.4846","58.2045","58.0575","65.1479","86.5803"
"C:\Users\cfg364\Sommerlab Dropbox\Casper van der Luijt\Casper\Data\BioLog\OmniLog\CL2\DATA_2024\07\_NRRL 471_Aspergillus oryzae__3_30_CL2_769_7#24#2024_A_21B_29.OKA","7/24/2024 10:32:48 PM","21-B","PM03B","","NRRL 471","Aspergillus oryzae","",38.2500,"42.7197","77.8732","68.3477","72.6695","75.7349","27.9146","61.0599","70.7102","72.8333","76.1004","69.4437","101.8884","77.5972","56.2661","32.7866","46.5422","49.7359","19.5409","52.7035","43.2447","56.0234","62.8790","96.0800","71.4979","71.3505","50.2718","36.1961","25.2375","25.7973","24.6129","11.0000","17.5375","36.8654","51.7359","52.9145","77.2406","37.0367","16.2694","47.8365","17.8538","26.1887","19.8699","31.1485","46.5703","44.2909","11.0000","73.8238","97.4856","46.2234","34.9112","49.3278","21.7275","21.9368","26.0778","27.1775","30.1269","26.3898","30.8137","51.5056","30.4640","36.6748","48.6103","48.0223","19.8943","23.6427","57.4780","54.9525","16.7799","14.9134","22.6290","25.0414","62.5957","156.9079","35.5363","74.4891","23.0519","50.9235","23.1328","30.3326","38.9622","15.1801","115.7783","32.2468","61.9168","86.2540","70.1542","59.7404","62.0148","48.7418","54.2110","58.4316","62.5863","58.9364","61.4729","71.5835","84.0633"
"C:\Users\cfg364\Sommerlab Dropbox\Casper van der Luijt\Casper\Data\BioLog\OmniLog\CL2\DATA_2024\07\_NRRL 471_Aspergillus oryzae__3_30_CL2_769_7#24#2024_A_21B_29.OKA","7/24/2024 10:32:48 PM","21-B","PM03B","","NRRL 471","Aspergillus oryzae","",38.5000,"42.8455","79.2234","66.3924","77.2063","72.8400","25.8797","64.4896","72.2240","74.0471","76.5649","71.3851","101.2112","81.9997","56.9005","33.9009","51.4125","52.2770","19.6181","49.6245","44.5228","54.4589","57.8330","100.9601","72.2837","69.4008","49.2865","37.8381","28.3469","25.3395","29.4289","11.4765","19.9062","37.3875","49.9728","54.3488","77.7980","43.0582","16.4218","48.7195","17.0479","24.4709","22.0639","29.3442","47.7485","44.4990","11.0000","72.5553","99.8736","43.7158","35.6554","51.3990","27.8351","24.6776","22.8833","28.5943","28.8178","27.3327","30.5730","54.0031","34.5970","30.5438","47.6047","49.2964","17.5983","26.0780","63.7246","57.3194","18.1033","14.3480","24.9952","26.1487","62.0413","161.8084","30.9786","74.0229","23.1986","46.6816","23.8497","32.3817","40.0262","15.9098","112.1370","28.7510","61.3034","87.5994","72.3660","53.5188","62.7289","47.8606","55.8082","57.5702","60.7330","55.2507","62.2297","67.5963","86.2520"
"C:\Users\cfg364\Sommerlab Dropbox\Casper van der Luijt\Casper\Data\BioLog\OmniLog\CL2\DATA_2024\07\_NRRL 471_Aspergillus oryzae__3_30_CL2_769_7#24#2024_A_21B_29.OKA","7/24/2024 10:32:48 PM","21-B","PM03B","","NRRL 471","Aspergillus oryzae","",38.7500,"45.6528","81.8762","70.0215","77.6561","75.7895","28.5993","61.8736","66.4449","73.4980","75.6021","73.1490","104.8435","79.8464","61.1541","33.8054","49.2519","53.6811","21.2375","56.7443","45.9962","56.7332","62.3848","100.6886","75.3421","74.0766","45.0576","35.4887","22.6540","25.7209","29.0335","11.0000","18.5744","42.5703","54.7789","52.7002","78.2711","40.2675","19.6655","51.1461","21.2414","25.6846","25.9409","33.8416","46.1501","40.8727","11.3269","77.4715","102.1651","46.1394","37.6726","48.3389","29.9508","22.5758","22.0185","28.7783","30.1199","25.3792","31.0945","51.0473","31.5348","34.1706","49.9946","48.5937","18.9189","22.8908","60.9053","55.7902","15.6216","15.9793","18.9649","25.0032","66.2175","161.6968","31.6317","74.0483","25.9123","50.6855","21.5624","30.8043","39.5559","18.7754","116.8822","27.9987","64.0200","88.5647","75.1001","57.9840","62.3966","47.2460","55.8679","56.8442","70.0304","58.0866","62.7854","69.9449","84.5709"
"C:\Users\cfg364\Sommerlab Dropbox\Casper van der Luijt\Casper\Data\BioLog\OmniLog\CL2\DATA_2024\07\_NRRL 471_Aspergillus oryzae__3_30_CL2_769_7#24#2024_A_21B_29.OKA","7/24/2024 10:32:48 PM","21-B","PM03B","","NRRL 471","Aspergillus oryzae","",39.0000,"49.4618","85.2881","70.3121","78.7307","77.6136","27.0816","69.9834","67.2779","75.3577","78.0368","79.4799","105.0730","80.9699","62.2671","31.4150","48.1306","53.9309","23.0758","52.6889","46.8371","57.8391","64.2235","102.7958","76.0658","74.7405","48.5289","34.0613","23.9453","24.7520","27.8061","11.0000","19.4054","42.9862","50.3334","56.0220","82.5720","42.7834","19.6328","50.0116","19.7645","27.2004","24.7482","34.4134","45.5424","43.7793","11.7519","76.4599","102.6898","45.1319","37.8647","51.0306","30.0761","22.2551","24.8833","31.2819","30.9100","26.1444","28.7343","55.3566","28.0381","31.6815","49.3218","48.7482","19.3242","23.7219","61.4419","56.3920","16.6979","16.8731","20.2817","25.1000","64.2499","161.9417","32.5218","71.6832","23.1701","48.1210","20.2782","28.9001","40.3191","18.9347","115.0914","29.8590","62.6509","89.5527","75.0684","61.8682","64.9218","48.0486","55.4151","61.6532","65.3344","57.9260","62.4646","70.3577","88.2105"
"C:\Users\cfg364\Sommerlab Dropbox\Casper van der Luijt\Casper\Data\BioLog\OmniLog\CL2\DATA_2024\07\_NRRL 471_Aspergillus oryzae__3_30_CL2_769_7#24#2024_A_21B_29.OKA","7/24/2024 10:32:48 PM","21-B","PM03B","","NRRL 471","Aspergillus oryzae","",39.2500,"46.6373","85.2089","71.3656","79.4381","74.8306","26.1797","63.5141","71.4630","74.2209","85.8207","78.1070","102.5943","85.1387","59.4323","35.5205","52.8028","54.7100","21.3465","55.6192","44.8338","57.7783","70.0359","97.9423","75.1067","77.4043","47.0247","41.0489","26.1590","23.9958","28.0834","11.0000","21.4002","42.8295","53.8141","55.3515","78.4277","42.6770","19.3069","52.1667","19.9646","22.0423","23.3799","32.8862","47.5262","45.2106","15.2211","77.0124","107.5091","43.8291","39.3698","52.0455","28.0151","24.0252","21.8513","31.4336","29.8305","27.9045","28.9443","55.7591","32.1961","32.9625","50.9057","46.3081","23.9483","28.2603","62.0429","59.1429","18.9551","17.2939","20.0989","25.0320","65.5860","165.5980","31.1999","75.2008","22.9087","48.5367","27.3157","33.3701","39.9888","18.0823","117.3456","29.2083","64.5753","90.9398","73.9994","60.6131","66.8044","50.6646","58.4954","65.3682","65.9438","60.9642","59.9083","71.2839","90.8991"
"C:\Users\cfg364\Sommerlab Dropbox\Casper van der Luijt\Casper\Data\BioLog\OmniLog\CL2\DATA_2024\07\_NRRL 471_Aspergillus oryzae__3_30_CL2_769_7#24#2024_A_21B_29.OKA","7/24/2024 10:32:48 PM","21-B","PM03B","","NRRL 471","Aspergillus oryzae","",39.5000,"46.1148","80.1436","69.4004","75.1127","78.3430","29.5570","65.7964","66.0617","76.1596","78.1475","67.2456","103.9390","82.4346","60.0990","35.8870","52.9579","54.8148","18.9586","59.6928","43.3776","56.5567","66.5583","100.4998","68.5663","75.6303","46.9920","39.9773","30.5161","25.7283","22.5078","11.0000","17.4103","42.6449","47.8551","55.5549","80.2423","41.2529","19.8201","49.5673","19.7811","27.7556","23.2745","35.7567","46.7078","45.8667","11.0000","79.9498","100.1992","43.1260","36.9103","53.5935","26.9968","22.9425","26.0150","28.6832","26.5072","25.3237","28.9213","56.1609","29.3595","33.8657","46.9935","51.7462","18.5492","22.4657","65.3425","53.6334","17.0130","17.8155","19.0643","25.7098","62.1333","162.9058","33.1500","76.5691","22.1687","47.4873","26.1387","33.0961","44.2672","16.9117","116.1619","27.6134","65.8538","90.6894","77.3796","54.5744","66.0189","48.1883","52.2391","62.8192","64.5413","60.9775","61.8483","70.3252","91.1858"
"C:\Users\cfg364\Sommerlab Dropbox\Casper van der Luijt\Casper\Data\BioLog\OmniLog\CL2\DATA_2024\07\_NRRL 471_Aspergillus oryzae__3_30_CL2_769_7#24#2024_A_21B_29.OKA","7/24/2024 10:32:48 PM","21-B","PM03B","","NRRL 471","Aspergillus oryzae","",39.7500,"45.6718","77.8909","71.9040","80.9071","74.8420","35.1667","65.3685","73.7228","77.9457","81.4322","72.8521","106.4670","78.9573","61.3915","34.6557","50.1708","54.5138","16.5472","55.4535","43.5247","59.6475","61.2444","101.4786","76.5461","78.1252","47.4592","39.6538","27.0909","22.7977","25.6135","11.3188","17.0284","39.9620","48.6032","56.1901","82.3321","40.1861","23.5986","54.8018","18.8020","20.8116","23.1590","31.3926","46.0482","45.6899","11.0000","80.9486","106.7172","45.0024","36.5743","52.9695","25.4261","27.8676","24.6975","30.3472","28.2482","26.3346","33.1918","50.8172","28.1848","34.1661","53.0551","52.0164","18.3962","27.2823","60.6151","59.6795","14.3007","15.7910","19.9881","27.9472","65.3784","161.7946","34.3621","76.7268","18.8267","49.7702","26.4898","32.1515","44.2858","17.4729","115.7018","31.3828","63.1875","90.1462","76.4309","56.2128","66.6309","51.3136","58.3334","63.0369","68.3151","61.5509","61.7665","72.2218","90.3391"
"C:\Users\cfg364\Sommerlab Dropbox\Casper van der Luijt\Casper\Data\BioLog\OmniLog\CL2\DATA_2024\07\_NRRL 471_Aspergillus oryzae__3_30_CL2_769_7#24#2024_A_21B_29.OKA","7/24/2024 10:32:48 PM","21-B","PM03B","","NRRL 471","Aspergillus oryzae","",40.0000,"44.4658","80.5294","73.6357","80.6115","77.4320","27.3971","65.3487","74.7351","78.0634","85.2185","71.3756","105.2876","81.4743","60.8299","34.6830","49.5550","56.1955","19.7527","60.2453","43.6446","56.2169","63.6879","102.2061","74.6671","80.1941","48.1318","41.5303","27.9665","25.3104","25.6672","11.0000","14.6638","43.5242","51.0645","59.5852","83.4263","41.9523","17.9146","51.9180","19.3529","26.3946","21.4573","29.5726","49.4281","45.4411","11.0000","74.6993","105.9695","46.7256","37.6810","53.1529","27.4653","26.6864","22.1776","31.4789","31.7271","26.1468","32.6817","57.0168","32.9784","31.0419","50.3893","52.4379","20.9971","27.5854","64.8146","58.1310","14.7476","16.7884","23.0590","28.0026","64.8643","159.8591","33.5347","75.4231","23.3322","50.9081","26.2228","32.8682","41.5135","18.2570","117.0178","27.3289","62.4038","89.3668","76.3261","63.6798","64.7110","51.2477","55.8701","64.5117","65.7765","60.1174","58.6190","73.8612","91.1712"
"C:\Users\cfg364\Sommerlab Dropbox\Casper van der Luijt\Casper\Data\BioLog\OmniLog\CL2\DATA_2024\07\_NRRL 471_Aspergillus oryzae__3_30_CL2_769_7#24#2024_A_21B_29.OKA","7/24/2024 10:32:48 PM","21-B","PM03B","","NRRL 471","Aspergillus oryzae","",40.2500,"46.5827","82.5179","74.3130","82.7602","76.6087","30.2698","68.1643","73.5457","78.3287","82.2884","71.1752","107.9459","81.3806","63.3279","31.8682","54.2864","56.8492","21.2805","58.2366","44.9165","57.1978","66.3932","99.0303","74.4680","80.3206","47.9024","40.6804","28.0955","24.3105","28.2015","12.1504","17.3313","43.2028","54.1936","58.8447","73.0749","42.7760","21.4210","52.2011","20.5462","29.6890","25.0480","31.9979","52.5775","46.3143","11.0000","80.4545","105.0835","44.9792","40.8956","52.4649","26.1063","25.6662","25.7255","32.5534","27.6579","26.4644","32.0276","59.2513","32.0917","30.1436","51.1277","56.8403","21.4007","27.3621","63.2383","61.4141","15.3192","16.3431","25.9621","26.9379","66.2876","162.9328","32.8964","78.0285","24.4421","48.0138","28.7653","36.2692","40.2764","20.5269","113.3985","30.0557","66.1111","90.0784","77.4666","61.6488","67.4121","49.6800","54.5065","63.5331","66.9776","61.3036","66.3411","74.5243","95.2571"
"C:\Users\cfg364\Sommerlab Dropbox\Casper van der Luijt\Casper\Data\BioLog\OmniLog\CL2\DATA_2024\07\_NRRL 471_Aspergillus oryzae__3_30_CL2_769_7#24#2024_A_21B_29.OKA","7/24/2024 10:32:48 PM","21-B","PM03B","","NRRL 471","Aspergillus oryzae","",40.5000,"48.4708","83.8968","74.7387","80.0823","77.2124","29.6469","68.9412","74.9030","79.3720","80.2833","78.2643","102.0075","84.7722","58.0072","34.3027","55.2535","55.3876","16.9227","56.1990","42.4138","58.4365","70.3878","99.7980","77.2783","77.0050","50.4780","39.1791","30.1453","25.6552","25.5743","11.0000","19.6342","42.3496","55.1336","57.6679","82.6776","39.7522","18.3862","51.1236","16.9629","28.3463","23.9673","33.2616","45.6277","45.8106","11.0000","83.9692","109.8076","43.6282","39.5993","56.6067","25.4304","27.2833","26.0059","33.4732","33.3950","22.0240","33.2224","50.5273","30.6550","31.6511","51.6820","53.1393","23.0263","25.4430","66.4567","57.7595","13.9941","17.3702","22.7162","24.5604","65.3521","164.9877","35.0368","79.9778","24.6728","51.8709","22.3624","32.4187","41.9137","18.2338","117.8820","30.5534","67.3257","92.9822","74.0877","59.5991","65.5985","56.4099","58.9384","62.7301","66.0389","60.0199","63.6617","74.8949","94.4014"
"C:\Users\cfg364\Sommerlab Dropbox\Casper van der Luijt\Casper\Data\BioLog\OmniLog\CL2\DATA_2024\07\_NRRL 471_Aspergillus oryzae__3_30_CL2_769_7#24#2024_A_21B_29.OKA","7/24/2024 10:32:48 PM","21-B","PM03B","","NRRL 471","Aspergillus oryzae","",40.7500,"46.8296","85.6088","69.6790","83.2928","76.3433","32.1210","71.6119","75.6417","81.4857","80.4532","78.3474","108.0281","83.0598","64.3087","37.5102","51.0196","57.4233","19.3034","59.5521","45.1622","57.8527","67.8918","102.9889","77.3733","76.9565","50.2398","38.8735","32.8072","24.7916","30.5922","11.1905","19.3778","44.7897","53.9133","59.7026","82.0795","40.4470","15.1586","51.9206","18.9649","30.7051","25.5646","31.2835","49.6219","46.7495","11.0000","86.8720","106.8015","48.8667","36.3962","54.1420","26.5772","27.3327","22.8012","32.1013","29.8431","25.3036","35.2829","57.7730","31.6860","31.7430","48.2401","51.9765","18.5009","25.9100","64.8123","59.3925","18.5882","18.1511","23.2031","28.7418","72.1078","163.3908","33.0879","79.8987","24.0326","56.2189","28.1481","32.7061","43.6486","19.1220","118.7042","25.9732","67.9202","93.5395","73.6826","61.7673","65.0036","53.8596","58.8800","65.1803","67.6436","59.6392","69.5721","75.1984","95.0557"
"C:\Users\cfg364\Sommerlab Dropbox\Casper van der Luijt\Casper\Data\BioLog\OmniLog\CL2\DATA_2024\07\_NRRL 471_Aspergillus oryzae__3_30_CL2_769_7#24#2024_A_21B_29.OKA","7/24/2024 10:32:48 PM","21-B","PM03B","","NRRL 471","Aspergillus oryzae","",41.0000,"49.7713","86.7652","70.4760","82.8929","74.7390","32.4861","68.6089","77.8079","80.8989","84.7255","78.7724","110.8223","87.2932","61.9173","38.1631","51.9029","57.0279","20.3218","63.0159","49.1369","62.1935","67.3118","105.9048","76.9079","75.5795","52.3524","42.6827","23.6453","25.7211","27.8254","14.7470","21.4608","45.2623","54.9600","59.7310","84.2122","43.7192","21.8991","53.9761","20.2204","29.5607","25.7397","33.6020","52.8168","46.7898","15.6632","84.4475","111.9040","46.4806","40.1824","56.0259","29.2992","25.6002","25.1342","29.8719","32.2437","25.9459","34.0242","56.1192","33.1984","37.1959","55.0646","51.2674","21.5072","25.4774","68.0056","60.9102","16.3089","19.8997","22.7621","26.9093","70.3568","164.3738","36.2279","87.2418","25.7813","47.5019","28.6792","36.7757","48.6658","18.2256","120.5315","29.2529","71.7143","96.6203","74.0181","63.6297","64.9447","54.7823","61.7973","64.6524","71.9805","60.2521","65.8096","74.5072","95.9378"
"C:\Users\cfg364\Sommerlab Dropbox\Casper van der Luijt\Casper\Data\BioLog\OmniLog\CL2\DATA_2024\07\_NRRL 471_Aspergillus oryzae__3_30_CL2_769_7#24#2024_A_21B_29.OKA","7/24/2024 10:32:48 PM","21-B","PM03B","","NRRL 471","Aspergillus oryzae","",41.2500,"49.0496","91.8128","72.4293","83.6833","77.6012","29.8244","69.4387","77.9566","78.6597","87.1417","74.1039","111.7332","85.1497","63.5310","38.1365","54.7771","61.5472","23.1938","57.8845","49.7896","59.0318","64.4388","104.5440","79.1818","80.9910","51.0692","41.6048","29.8531","22.9516","28.2178","13.0288","16.6585","44.3844","57.8557","58.7474","85.1901","41.9955","23.2108","53.8775","19.7476","26.6021","25.7946","35.0740","55.6597","48.1867","13.3321","85.9847","108.4026","48.4093","44.1265","55.7090","28.8606","25.4955","23.4917","30.1122","30.0812","25.0148","33.0271","57.5116","30.0038","33.3928","53.9815","55.6914","19.3510","26.8484","64.3030","61.1007","19.4563","19.2219","24.6008","27.4153","69.4250","166.5572","33.4288","81.0922","28.3501","52.6173","28.3145","36.0912","43.5239","19.9568","116.8821","27.8012","65.8630","92.2016","76.8352","63.3481","70.3367","58.5295","64.1451","65.4013","70.8422","60.0607","69.6912","76.3968","99.6628"
"C:\Users\cfg364\Sommerlab Dropbox\Casper van der Luijt\Casper\Data\BioLog\OmniLog\CL2\DATA_2024\07\_NRRL 471_Aspergillus oryzae__3_30_CL2_769_7#24#2024_A_21B_29.OKA","7/24/2024 10:32:48 PM","21-B","PM03B","","NRRL 471","Aspergillus oryzae","",41.5000,"50.0379","88.1087","73.1444","88.5709","84.6268","30.5658","71.3606","84.1003","82.6143","88.9001","77.0421","110.0888","87.9030","64.1537","38.4256","57.1597","61.3302","24.3400","62.3143","48.5905","58.7704","67.0480","106.5454","76.7444","81.3724","53.4415","42.8025","30.5288","27.4881","30.2117","12.1412","20.0986","45.2519","60.7061","58.4580","85.7184","49.4116","25.1319","57.3064","20.5516","30.4710","28.7410","35.5192","55.1819","50.5289","13.8180","87.4499","112.7854","52.3487","43.5813","57.2045","34.3873","25.6232","25.8830","32.0773","33.9038","28.9645","34.3305","59.5465","33.0812","35.5519","53.7902","57.5407","22.5486","29.1171","66.3288","62.9399","18.3478","20.6187","24.6326","30.7884","69.5504","164.2336","37.0607","83.9531","28.1652","57.2379","30.2878","39.0971","45.2691","22.4839","122.0963","32.5786","69.0257","97.6499","78.0449","65.2533","68.7347","60.7550","61.8986","67.9617","72.0758","61.9525","67.4855","76.8402","97.8685"
"C:\Users\cfg364\Sommerlab Dropbox\Casper van der Luijt\Casper\Data\BioLog\OmniLog\CL2\DATA_2024\07\_NRRL 471_Aspergillus oryzae__3_30_CL2_769_7#24#2024_A_21B_29.OKA","7/24/2024 10:32:48 PM","21-B","PM03B","","NRRL 471","Aspergillus oryzae","",41.7500,"49.0361","86.6219","77.5023","84.3150","81.8963","33.0838","75.7743","77.8037","81.5624","88.0534","80.4087","110.3609","88.9265","66.5189","38.4173","53.1139","59.0679","24.9740","64.5456","49.8244","59.9968","71.8918","104.9932","83.9136","83.7941","58.9006","44.4115","28.5151","20.7716","30.9110","11.0000","21.6912","45.6972","55.3727","60.6145","84.9288","50.0374","22.5413","57.0382","23.9438","30.1596","27.0632","31.8167","58.4764","50.2015","11.1951","89.2800","114.2401","53.7906","41.2652","58.8746","27.2332","26.2698","25.9985","33.0089","29.6785","24.8159","37.2354","60.3139","35.5557","36.4131","52.7049","56.6015","22.3032","28.7455","68.1982","65.7193","17.8885","16.2969","25.0430","31.9912","72.6097","166.8282","35.5186","83.3510","25.2439","50.9575","25.9745","38.4621","48.7105","24.3361","120.2546","32.7710","69.9214","97.3021","79.5340","66.2184","70.7478","62.6991","64.9432","65.2540","75.2611","65.5645","68.2777","75.6074","99.0810"
"C:\Users\cfg364\Sommerlab Dropbox\Casper van der Luijt\Casper\Data\BioLog\OmniLog\CL2\DATA_2024\07\_NRRL 471_Aspergillus oryzae__3_30_CL2_769_7#24#2024_A_21B_29.OKA","7/24/2024 10:32:48 PM","21-B","PM03B","","NRRL 471","Aspergillus oryzae","",42.0000,"45.9953","87.3947","78.2852","85.7294","80.4639","32.1547","71.9750","77.7279","78.9987","88.8838","80.7106","114.1674","91.1273","66.1437","40.1771","58.2399","59.7618","20.7676","59.2763","48.2029","62.3590","70.0150","106.2632","82.8920","81.1503","53.9019","41.1376","31.9170","28.0100","32.5442","11.0000","22.0299","49.6305","57.3548","64.1611","86.2861","47.8138","18.5746","56.1347","23.6875","29.3894","32.6054","34.8636","54.5446","51.4563","11.3589","90.6343","116.9143","51.9048","45.0834","60.7605","29.6986","26.3306","25.7864","35.7453","28.7880","27.2895","32.2451","57.3358","36.6990","34.6934","54.0128","54.2922","25.4478","32.5383","68.3115","67.5302","17.6782","17.5492","26.5550","28.2223","72.4760","166.9170","40.9349","83.5663","25.2266","55.3523","29.1387","36.1066","48.6746","19.7850","118.7329","34.3369","69.1582","99.9377","80.3238","66.8643","70.8013","62.3845","63.2363","72.4481","74.1923","67.9225","65.7761","78.3088","98.1819"
"C:\Users\cfg364\Sommerlab Dropbox\Casper van der Luijt\Casper\Data\BioLog\OmniLog\CL2\DATA_2024\07\_NRRL 471_Aspergillus oryzae__3_30_CL2_769_7#24#2024_A_21B_29.OKA","7/24/2024 10:32:48 PM","21-B","PM03B","","NRRL 471","Aspergillus oryzae","",42.2500,"46.2372","87.1995","73.6323","88.3586","78.7008","32.0120","69.6354","78.1489","83.4572","89.6902","81.0094","115.3779","86.4375","64.5441","39.9001","55.8197","59.3466","21.1693","62.9866","50.9595","65.0318","68.9844","103.9283","80.3742","83.6509","51.4637","43.5560","29.6326","25.1897","29.6663","11.0000","21.5922","49.5143","58.2830","62.8113","86.6204","44.9363","18.9831","60.2052","23.6904","29.8634","32.8053","36.7132","56.9961","51.9732","12.1774","94.5985","112.9500","48.4027","41.6472","59.6017","26.4436","29.5089","27.0101","31.4257","32.1834","25.8334","32.0357","58.8511","35.1538","35.9346","53.1546","56.8370","19.8796","27.1055","69.8821","65.9163","22.7845","21.5225","21.4839","33.2706","76.0926","164.3648","37.5845","87.1734","25.3874","56.5117","28.3463","38.5592","43.5797","21.0603","118.8923","37.9539","74.5569","98.4625","79.0255","66.3504","71.4892","61.6551","63.0798","67.1107","72.9739","65.7609","66.5762","76.5166","103.3228"
"C:\Users\cfg364\Sommerlab Dropbox\Casper van der Luijt\Casper\Data\BioLog\OmniLog\CL2\DATA_2024\07\_NRRL 471_Aspergillus oryzae__3_30_CL2_769_7#24#2024_A_21B_29.OKA","7/24/2024 10:32:48 PM","21-B","PM03B","","NRRL 471","Aspergillus oryzae","",42.5000,"53.8803","93.5424","78.7536","86.7842","79.1720","36.2663","74.1748","82.7554","85.6206","89.2102","81.3673","111.9845","92.3889","65.8324","43.4041","59.8498","60.7658","23.3620","62.9426","54.1023","61.5890","76.1379","109.0492","89.5333","87.1355","61.5258","42.4897","34.2550","27.4794","37.1364","13.0100","25.4408","50.2959","59.7610","60.5464","86.6831","44.6020","24.6751","60.7067","22.9904","33.9807","31.6563","36.3993","58.2611","50.3310","14.3982","93.2317","117.5774","52.3525","48.3094","63.2000","32.8887","30.9970","25.5140","38.0351","29.9755","29.6635","33.2498","58.1717","31.1259","39.1961","53.7667","57.6083","19.4454","31.2290","72.5439","67.3314","19.5999","19.9500","26.6842","27.8224","78.0475","169.4221","37.9145","86.5618","23.5456","55.4155","27.1429","36.9053","48.9096","25.5670","118.7379","34.7582","77.1738","102.1220","80.6820","69.3260","72.8249","64.3998","64.9463","69.0710","72.1942","64.6822","72.2581","79.0000","100.7704"
"C:\Users\cfg364\Sommerlab Dropbox\Casper van der Luijt\Casper\Data\BioLog\OmniLog\CL2\DATA_2024\07\_NRRL 471_Aspergillus oryzae__3_30_CL2_769_7#24#2024_A_21B_29.OKA","7/24/2024 10:32:48 PM","21-B","PM03B","","NRRL 471","Aspergillus oryzae","",42.7500,"45.5534","85.5231","73.4253","85.6853","84.3304","31.4514","75.7969","79.3024","84.5993","88.7745","83.4200","115.6397","92.3095","64.8509","42.8702","59.7637","63.3451","21.2410","62.3360","51.6185","66.9364","70.6503","104.5079","86.8106","86.3463","54.7169","47.9224","32.2805","28.6052","30.7474","13.3008","22.7540","52.9185","57.5070","60.3128","86.3056","47.1938","22.2652","58.3268","23.4482","32.8038","28.1046","38.4173","59.0689","49.4573","11.0000","88.5409","111.6223","53.6373","46.5182","62.1379","36.6617","28.1087","26.7013","37.7587","34.7676","29.0423","36.0616","58.5370","32.8727","35.2222","57.4624","58.8735","23.0157","29.2280","68.3194","69.0648","19.0284","15.5637","25.0461","27.6349","75.4940","163.2093","38.7098","89.6922","27.5673","57.9730","35.1510","39.2911","49.1618","21.5802","121.2730","37.0673","77.7910","101.2505","81.6376","63.5411","72.6696","67.3879","64.3874","72.4742","78.1285","68.2355","67.5419","80.9167","102.6222"
"C:\Users\cfg364\Sommerlab Dropbox\Casper van der Luijt\Casper\Data\BioLog\OmniLog\CL2\DATA_2024\07\_NRRL 471_Aspergillus oryzae__3_30_CL2_769_7#24#2024_A_21B_29.OKA","7/24/2024 10:32:48 PM","21-B","PM03B","","NRRL 471","Aspergillus oryzae","",43.0000,"47.1775","88.9983","78.6688","88.2440","79.1269","34.3556","77.9505","78.4292","87.6442","90.0659","82.9317","114.2689","89.3355","63.5244","42.3633","59.8336","59.8783","18.0423","65.2334","51.1812","65.7602","69.6082","107.5022","84.6076","89.8758","58.3521","44.6158","35.7201","26.9219","34.3257","15.6040","22.8897","50.5527","56.3041","63.6264","88.0787","46.9142","20.1588","58.0759","20.1187","33.5275","28.9723","38.9016","56.8418","47.7496","11.0000","95.1529","116.4529","50.7823","46.5824","63.1429","33.5284","25.4999","26.5595","29.2686","29.8529","28.1314","34.9538","60.3411","32.7527","35.4747","57.8288","58.7771","24.4374","31.4038","69.7298","70.6242","21.3612","18.9684","23.9883","29.6693","80.3469","165.9174","39.2843","87.4355","26.1189","57.0058","29.4727","40.7617","49.3779","21.6819","121.0877","33.2840","74.0366","100.5210","82.0441","70.6442","71.5413","63.5951","65.8356","69.0563","70.9974","66.7493","73.3018","83.0099","105.2001"
"C:\Users\cfg364\Sommerlab Dropbox\Casper van der Luijt\Casper\Data\BioLog\OmniLog\CL2\DATA_2024\07\_NRRL 471_Aspergillus oryzae__3_30_CL2_769_7#24#2024_A_21B_29.OKA","7/24/2024 10:32:48 PM","21-B","PM03B","","NRRL 471","Aspergillus oryzae","",43.2500,"50.0701","91.1039","74.3145","88.4275","86.1580","34.2894","76.4805","81.4533","85.7424","83.9006","83.7847","114.9911","93.4366","66.0131","38.8530","63.5632","63.8949","27.4282","63.8338","54.9054","66.9450","71.1303","106.5027","86.7985","92.2287","52.0280","46.4904","38.8010","31.3346","33.4334","13.7655","22.3713","52.6541","57.8089","65.4584","87.4821","47.4467","21.9528","62.8784","26.1191","35.0194","28.9755","36.8629","59.2738","52.9622","13.3768","96.0784","122.3421","52.8496","47.4837","62.3511","30.0261","31.4391","27.9723","34.2724","34.0519","30.0815","41.1850","61.5597","33.3332","34.5596","60.3221","55.8182","21.6196","28.4627","72.7114","66.5080","19.7528","18.6445","24.4120","30.6994","73.8943","161.8916","39.3567","90.9369","26.5730","53.5610","31.8776","41.6332","48.4610","25.4937","123.5741","37.9020","75.0176","97.4223","80.5224","69.7769","73.7186","65.8264","64.4195","74.0261","73.2648","68.7006","69.7120","82.9265","103.3088"
"C:\Users\cfg364\Sommerlab Dropbox\Casper van der Luijt\Casper\Data\BioLog\OmniLog\CL2\DATA_2024\07\_NRRL 471_Aspergillus oryzae__3_30_CL2_769_7#24#2024_A_21B_29.OKA","7/24/2024 10:32:48 PM","21-B","PM03B","","NRRL 471","Aspergillus oryzae","",43.5000,"51.9847","90.6306","79.9821","89.9781","84.6654","31.4452","74.3985","79.6885","83.4466","89.2264","81.4453","114.8055","93.3230","70.2125","44.2393","57.5366","61.9409","22.7570","63.2355","51.9580","69.1113","73.5938","109.1452","88.3179","83.6233","56.8764","48.4206","36.6260","25.7375","37.9811","11.7360","21.4816","51.9825","64.9810","61.7748","82.4096","51.3663","23.4568","59.9116","24.3989","37.2483","28.6510","36.3503","61.8052","56.9408","16.2779","94.7424","121.3372","50.9031","46.9625","63.5593","35.0115","28.6844","30.6048","36.8880","33.6142","26.9096","37.5930","63.5398","33.2278","39.0476","53.4774","59.7342","24.2211","30.0514","71.8595","68.9617","22.0574","15.1711","27.6386","32.9462","74.3772","165.2624","37.5246","91.8872","28.5854","57.0032","31.3809","38.6168","48.9883","23.7927","125.2180","36.9026","76.3368","101.9121","78.9405","67.6334","73.0215","62.6448","66.2762","69.2205","72.3861","65.3245","72.4632","82.2241","102.6788"
"C:\Users\cfg364\Sommerlab Dropbox\Casper van der Luijt\Casper\Data\BioLog\OmniLog\CL2\DATA_2024\07\_NRRL 471_Aspergillus oryzae__3_30_CL2_769_7#24#2024_A_21B_29.OKA","7/24/2024 10:32:48 PM","21-B","PM03B","","NRRL 471","Aspergillus oryzae","",43.7500,"53.1852","90.8287","78.8476","86.9257","83.1124","32.2712","78.1865","78.4951","87.1893","88.7570","86.2625","117.0518","91.6745","66.0554","41.7738","60.0360","58.0098","22.7092","64.7623","53.8612","65.9763","75.8205","108.2776","88.2005","86.9111","55.0153","42.7819","37.7036","24.2113","34.4172","11.0000","20.8487","51.4319","62.9931","64.2451","90.8290","50.8536","20.0154","58.9910","21.5198","39.0442","24.9303","37.8368","58.3107","53.6064","14.6261","96.6926","119.1914","53.4969","43.8412","65.6014","33.4943","32.0744","26.9438","34.6550","37.0521","26.4203","37.4910","61.2597","33.5338","39.1012","57.0136","57.2490","22.5479","30.4185","74.8037","68.7141","17.2021","19.8251","24.4417","29.4389","82.3195","165.6343","40.6616","96.7478","28.6220","55.8143","29.9633","40.8903","49.3625","23.5216","121.7062","34.7944","75.7670","103.8260","84.9834","70.6994","76.8291","64.7360","67.9840","72.5198","80.2522","67.5807","69.7417","81.4731","101.2168"
"C:\Users\cfg364\Sommerlab Dropbox\Casper van der Luijt\Casper\Data\BioLog\OmniLog\CL2\DATA_2024\07\_NRRL 471_Aspergillus oryzae__3_30_CL2_769_7#24#2024_A_21B_29.OKA","7/24/2024 10:32:48 PM","21-B","PM03B","","NRRL 471","Aspergillus oryzae","",44.0000,"52.1131","92.9320","76.5319","94.8337","88.9519","33.8502","79.6325","76.9230","85.6388","90.9914","84.8557","112.9432","94.2677","67.4637","39.7592","63.6552","61.8875","25.2037","66.0299","53.1525","64.5385","71.9537","109.2444","85.0453","90.1806","53.6894","44.7790","34.8833","28.4208","35.7613","12.6603","26.2184","50.3168","61.1981","65.3059","86.5424","48.2763","24.5836","56.9178","23.6000","34.5934","28.3182","38.4460","56.8880","53.4485","14.2116","100.7800","119.0503","48.8916","46.3740","63.4292","31.3843","32.3552","27.0306","29.8265","32.8526","28.8780","34.0286","61.0380","30.6002","33.2679","60.7952","58.1571","24.0793","31.2883","74.6684","67.5820","18.5921","15.2519","25.1858","32.2919","76.0059","166.0630","39.2330","91.2587","26.5873","57.8169","30.3847","43.2497","49.4784","21.0185","120.2600","36.1868","75.3648","100.2679","85.4725","68.8978","75.5147","69.1821","68.1553","72.4233","77.7094","67.6027","71.9307","80.8425","106.2997"
"C:\Users\cfg364\Sommerlab Dropbox\Casper van der Luijt\Casper\Data\BioLog\OmniLog\CL2\DATA_2024\07\_NRRL 471_Aspergillus oryzae__3_30_CL2_769_7#24#2024_A_21B_29.OKA","7/24/2024 10:32:48 PM","21-B","PM03B","","NRRL 471","Aspergillus oryzae","",44.2500,"51.5692","91.8135","78.0355","96.1632","86.6845","33.5721","78.2209","82.4021","84.4305","95.3243","84.1856","113.8700","95.8880","65.9648","42.6599","61.3884","64.6039","25.4629","63.7379","51.1706","67.0915","71.7377","109.9267","90.2023","84.5197","62.0104","46.0938","38.3065","25.9333","39.3775","13.0384","19.1445","55.3873","61.0489","66.5604","90.1799","52.1993","21.5858","59.4533","26.0440","36.7085","29.1272","36.0355","63.1958","57.3426","15.1546","103.1667","121.9050","49.9491","47.4552","66.3592","30.9970","32.8055","27.9799","37.5032","31.6889","30.0822","38.4152","62.2499","33.4051","38.1440","58.0903","60.5618","25.2847","32.8996","71.5788","74.1919","20.8706","21.4529","26.7929","30.0884","81.8438","165.3093","44.7837","92.8842","23.6856","57.0615","36.0855","41.9770","48.7251","24.9523","121.6845","35.8721","77.8372","105.3726","84.4287","70.4270","77.1036","70.7741","69.2568","71.8228","74.3175","68.4766","75.2681","80.9099","106.5133"
"C:\Users\cfg364\Sommerlab Dropbox\Casper van der Luijt\Casper\Data\BioLog\OmniLog\CL2\DATA_2024\07\_NRRL 471_Aspergillus oryzae__3_30_CL2_769_7#24#2024_A_21B_29.OKA","7/24/2024 10:32:48 PM","21-B","PM03B","","NRRL 471","Aspergillus oryzae","",44.5000,"50.4729","91.2362","79.6105","89.2853","86.0168","33.4563","82.6860","83.1953","83.8895","93.6112","89.0713","119.7553","93.7821","65.9946","46.3711","58.7571","63.8906","25.5502","68.7523","56.5797","65.6326","76.1374","107.4874","87.8444","88.2091","58.7743","44.4327","35.0328","31.7965","37.7436","11.0000","24.5587","56.1775","63.8274","66.1566","91.7674","47.4558","25.0286","61.1609","24.2271","39.5069","29.6191","39.0091","63.9742","49.1781","13.6856","103.2809","123.6234","54.1540","50.5304","66.7449","32.6744","31.2244","29.7555","35.0943","35.8313","26.0330","38.3214","63.3332","33.9661","35.7411","54.6844","60.4551","26.0076","29.9423","72.6569","67.4847","21.2914","16.5249","23.6507","32.0501","82.1251","170.5891","41.3685","96.7770","29.6241","56.2326","30.3486","39.5277","50.2298","26.2479","124.1950","37.8009","79.4005","109.6113","87.9533","74.0691","75.5876","72.3657","69.1430","72.8763","76.0171","71.6409","71.0968","84.7836","108.0324"
"C:\Users\cfg364\Sommerlab Dropbox\Casper van der Luijt\Casper\Data\BioLog\OmniLog\CL2\DATA_2024\07\_NRRL 471_Aspergillus oryzae__3_30_CL2_769_7#24#2024_A_21B_29.OKA","7/24/2024 10:32:48 PM","21-B","PM03B","","NRRL 471","Aspergillus oryzae","",44.7500,"53.4351","93.9855","80.8305","93.6415","84.1316","38.0055","78.3945","83.9036","84.3252","94.2829","81.8891","116.3656","95.9876","68.1712","45.8907","64.9186","67.6750","25.9925","63.6566","52.9657","67.1498","80.1358","109.7586","92.9146","91.2083","59.4463","52.6697","35.1199","27.8872","36.4893","11.0000","25.2435","54.5840","60.4644","64.7999","90.8335","51.2911","19.7463","60.3569","25.5535","36.3665","31.2965","39.8496","66.1413","54.7027","11.7156","102.4235","123.4520","52.2238","47.3726","70.1035","30.9302","33.0941","28.1232","35.5180","36.5165","27.4662","36.3372","62.4806","34.7150","36.7864","61.7591","61.6606","20.1187","32.4825","74.4022","76.1956","21.5486","22.5653","25.3151","29.7154","82.0423","165.0625","38.8804","93.7310","27.3438","57.6931","32.4147","43.0015","49.0569","27.0425","122.0490","37.4665","76.3966","106.5376","84.3852","74.8216","78.1118","71.3348","70.5213","75.4906","77.4151","67.0775","70.8346","84.5082","106.2130"
"C:\Users\cfg364\Sommerlab Dropbox\Casper van der Luijt\Casper\Data\BioLog\OmniLog\CL2\DATA_2024\07\_NRRL 471_Aspergillus oryzae__3_30_CL2_769_7#24#2024_A_21B_29.OKA","7/24/2024 10:32:48 PM","21-B","PM03B","","NRRL 471","Aspergillus oryzae","",45.0000,"48.7488","92.2610","82.0711","91.1970","87.3687","34.5108","79.8722","85.0744","87.7928","93.4184","84.1817","117.9274","92.3413","66.7372","40.3447","60.6716","64.2031","22.8542","66.9024","57.8565","66.0169","76.2182","110.3571","95.7510","92.5889","56.5532","47.7603","34.7954","31.7241","38.5155","13.3613","25.1528","57.4470","66.2374","69.9188","92.0540","51.4867","25.4982","59.2818","24.4646","41.2755","28.2608","39.7556","64.2879","55.2331","13.8316","101.0573","124.9373","53.3991","50.3281","64.7527","33.3220","33.5309","31.7614","36.1361","37.2110","32.3595","36.3858","64.0560","36.3297","37.7008","57.8398","60.0799","25.3937","37.4990","77.2948","70.1167","20.8808","22.6587","24.9649","31.3318","87.8110","168.5644","37.7538","94.0771","25.5995","56.6492","32.4968","40.0465","51.5623","22.5167","125.8640","35.6772","75.2167","107.2264","80.1181","71.8479","77.1895","74.2601","69.7120","76.6479","75.9955","69.3012","71.9449","80.1920","106.4063"
"C:\Users\cfg364\Sommerlab Dropbox\Casper van der Luijt\Casper\Data\BioLog\OmniLog\CL2\DATA_2024\07\_NRRL 471_Aspergillus oryzae__3_30_CL2_769_7#24#2024_A_21B_29.OKA","7/24/2024 10:32:48 PM","21-B","PM03B","","NRRL 471","Aspergillus oryzae","",45.2500,"52.8979","92.8349","83.3184","92.1858","86.3220","27.8898","85.7841","83.7617","88.2576","90.8741","87.6008","121.3252","93.8995","71.5135","44.4827","61.3196","64.8947","24.5462","66.4683","54.0067","69.8056","81.7624","111.1645","90.1096","92.4276","61.7755","45.4193","36.6563","29.8979","36.6629","12.4999","24.2973","57.4114","64.1129","65.6195","88.9988","49.1155","20.9765","63.9957","24.0102","39.6250","28.6491","38.3576","61.7530","54.6252","16.7258","103.9150","125.6877","54.0863","47.5502","71.2011","31.5585","25.3970","29.1017","36.7162","36.0410","25.8860","33.7977","67.3723","38.0943","36.5942","63.7828","60.1180","23.0799","29.4894","74.0859","73.5271","21.8628","21.2892","23.6345","30.6144","85.4183","169.9739","43.0893","98.0125","29.8089","59.5842","33.1115","40.3421","49.3069","29.6189","126.3853","39.7772","80.7437","108.4016","83.8753","70.1467","77.3136","70.7800","70.5903","72.9268","75.8155","69.4760","71.3499","84.9462","106.3822"
"C:\Users\cfg364\Sommerlab Dropbox\Casper van der Luijt\Casper\Data\BioLog\OmniLog\CL2\DATA_2024\07\_NRRL 471_Aspergillus oryzae__3_30_CL2_769_7#24#2024_A_21B_29.OKA","7/24/2024 10:32:48 PM","21-B","PM03B","","NRRL 471","Aspergillus oryzae","",45.5000,"50.9636","94.5122","81.8767","95.2528","86.1590","34.4570","83.6549","79.4600","87.2523","91.3604","92.1188","117.8080","91.2430","70.0644","41.1288","64.6312","60.9889","19.5325","68.1905","53.0873","68.5599","79.8120","111.2968","91.5499","90.8707","56.5927","43.4925","37.7417","30.1788","36.8219","11.0000","25.5698","60.5653","65.3552","66.2741","90.0292","50.6976","23.9508","59.1347","26.3549","39.8727","27.1950","40.0273","63.8301","56.4662","12.8235","106.9688","124.3769","47.8229","45.9063","70.2511","32.1459","31.3771","28.9954","36.9559","38.5712","28.2837","32.4371","64.1738","35.6276","36.4058","59.0804","61.0362","25.4672","30.2118","76.8522","70.8332","24.1395","24.1280","26.5503","32.0191","86.2121","164.5853","44.3776","99.0681","29.8266","59.0891","32.2199","41.9368","52.0054","22.4345","123.0472","40.3723","74.7406","107.1831","84.3979","75.6361","75.7103","71.9560","67.1351","71.6917","78.3405","71.7097","76.6162","81.2157","105.3716"
"C:\Users\cfg364\Sommerlab Dropbox\Casper van der Luijt\Casper\Data\BioLog\OmniLog\CL2\DATA_2024\07\_NRRL 471_Aspergillus oryzae__3_30_CL2_769_7#24#2024_A_21B_29.OKA","7/24/2024 10:32:48 PM","21-B","PM03B","","NRRL 471","Aspergillus oryzae","",45.7500,"53.6238","96.6377","82.2905","97.6039","87.8122","36.1403","80.4765","86.6030","87.5844","96.7109","85.8281","117.1426","97.2450","68.8809","43.5417","67.0949","71.3822","25.1253","67.5886","54.6523","71.2173","78.6374","115.1705","98.7188","93.7959","56.1203","43.5898","35.2922","30.2014","35.6138","13.9068","25.0843","56.3047","62.8545","63.0816","93.1925","51.5897","22.1524","66.4594","23.9840","39.9230","30.6207","43.5826","64.0329","53.8125","13.5762","112.7141","123.6613","53.5458","50.5304","69.8844","33.7455","30.7719","30.1790","32.0525","33.9429","30.6541","38.3679","66.5208","35.6942","38.7141","59.8561","65.5461","25.5059","28.3646","77.9304","73.4115","17.6889","20.3750","23.8458","31.7435","83.9435","168.8955","45.9198","99.4337","27.4650","56.6102","30.5745","41.1850","51.5154","28.3930","124.1591","36.9845","77.0679","109.1054","86.1843","74.8824","78.0809","77.6978","67.5933","76.5510","77.0256","70.7982","74.5421","83.6782","110.1182"
"C:\Users\cfg364\Sommerlab Dropbox\Casper van der Luijt\Casper\Data\BioLog\OmniLog\CL2\DATA_2024\07\_NRRL 471_Aspergillus oryzae__3_30_CL2_769_7#24#2024_A_21B_29.OKA","7/24/2024 10:32:48 PM","21-B","PM03B","","NRRL 471","Aspergillus oryzae","",46.0000,"53.3204","93.5385","81.8765","97.5805","85.2386","38.4973","83.2753","89.4661","91.1632","95.6009","92.1541","122.7334","96.8379","71.9019","44.5238","64.1049","62.0013","28.9350","70.0161","61.2573","68.3674","72.6076","114.7852","92.8055","96.2477","58.2549","46.7586","39.6141","31.7996","42.7937","13.4844","24.5057","53.4807","64.2134","66.9836","94.7285","52.5339","24.3814","64.6511","25.8745","44.5020","31.2710","41.1179","63.6591","56.0087","11.0000","108.8796","130.1414","53.6194","49.4575","67.4280","32.9941","33.4574","31.8852","41.5982","32.7532","28.3934","41.0603","63.8130","39.3018","37.4351","63.5126","64.7725","24.8499","32.0900","79.3727","71.5604","22.4115","23.3271","24.5251","33.3260","87.3469","169.3070","42.7518","99.8180","30.3644","62.8324","32.4395","42.5038","54.4788","26.6841","123.3095","41.2178","83.7079","111.6595","87.1772","72.2235","82.1512","77.7643","73.0351","79.1057","79.9283","76.3256","72.3102","87.3088","107.5613"
"C:\Users\cfg364\Sommerlab Dropbox\Casper van der Luijt\Casper\Data\BioLog\OmniLog\CL2\DATA_2024\07\_NRRL 471_Aspergillus oryzae__3_30_CL2_769_7#24#2024_A_21B_29.OKA","7/24/2024 10:32:48 PM","21-B","PM03B","","NRRL 471","Aspergillus oryzae","",46.2500,"48.5486","95.8640","81.1802","98.5313","91.9524","30.7155","78.8737","80.3809","87.7472","95.4176","87.8132","117.6150","92.9409","68.6036","43.4664","63.5515","68.7491","24.0352","64.8541","54.5369","69.6926","77.1411","108.6105","92.2310","93.7703","59.1231","46.7450","37.4739","28.0551","36.0466","13.1349","24.5063","60.3511","63.7761","69.9425","92.9961","49.7717","21.1634","65.6802","24.0789","41.8435","31.5250","40.5077","64.5599","54.4630","14.8028","109.0468","126.5168","53.1875","49.2709","69.8739","36.3394","29.9478","31.0829","36.0261","35.3602","32.4414","36.2926","65.4199","32.6356","33.8099","61.6984","66.9235","26.9693","33.5180","78.0688","75.3338","18.5627","17.2904","26.1374","34.4166","85.2033","167.3383","43.5651","97.4544","32.8917","61.2716","29.2179","42.9585","51.9837","23.8546","128.1656","39.2199","78.7044","111.0344","82.1038","70.4392","77.3395","75.4335","71.3638","77.8571","78.1568","73.1523","77.5891","84.5663","109.1225"
"C:\Users\cfg364\Sommerlab Dropbox\Casper van der Luijt\Casper\Data\BioLog\OmniLog\CL2\DATA_2024\07\_NRRL 471_Aspergillus oryzae__3_30_CL2_769_7#24#2024_A_21B_29.OKA","7/24/2024 10:32:48 PM","21-B","PM03B","","NRRL 471","Aspergillus oryzae","",46.5000,"49.4694","89.3646","80.3193","95.7047","86.6471","35.1069","84.8363","82.6277","92.0247","96.5073","87.9139","125.2974","96.1565","75.9487","49.2340","62.2425","66.8799","25.3373","72.4279","57.2449","66.9410","81.3414","117.4299","95.3796","92.0177","59.3126","49.8194","37.9366","30.2982","42.9256","11.2561","23.6914","59.4940","67.0080","70.6317","92.0355","52.0748","23.5403","68.1505","26.9671","46.6663","31.4038","43.2773","72.0345","57.9572","16.6584","110.6232","125.2296","54.3680","52.1197","69.8140","32.8539","31.7752","31.9340","35.4561","42.7686","30.5583","38.1747","65.2863","35.1340","36.8548","59.3779","63.7744","25.2688","33.1957","81.0536","72.3422","23.2630","23.0355","29.6278","33.4006","87.7148","167.9137","42.4295","102.2351","30.1739","62.6870","34.5970","43.7853","55.9120","26.1740","124.2244","39.8974","82.5248","108.5142","86.2221","72.7294","77.9248","78.8943","68.0515","78.9372","75.7353","75.6176","77.7265","86.3181","112.2953"
"C:\Users\cfg364\Sommerlab Dropbox\Casper van der Luijt\Casper\Data\BioLog\OmniLog\CL2\DATA_2024\07\_NRRL 471_Aspergillus oryzae__3_30_CL2_769_7#24#2024_A_21B_29.OKA","7/24/2024 10:32:48 PM","21-B","PM03B","","NRRL 471","Aspergillus oryzae","",46.7500,"49.3745","92.6283","83.7849","95.2683","86.0987","35.3913","81.1258","85.3849","86.6721","93.7909","88.5193","127.3320","90.6232","70.9087","41.6930","64.0010","70.1361","24.7301","69.6029","54.9262","67.0328","78.9102","111.1767","98.2671","94.4381","57.0466","50.2703","37.3388","30.2156","40.8212","11.0000","26.4731","60.8802","70.3113","68.4879","92.1905","52.0310","24.0112","60.3965","22.3402","45.9190","28.7701","42.6304","69.1210","57.4688","15.2458","107.7783","129.6161","56.2004","50.0867","72.2037","31.9290","30.9529","24.4615","37.1793","36.9828","30.4035","34.1473","67.8801","33.6776","36.1177","63.6495","63.7593","23.7759","32.5097","78.2983","69.0412","21.6779","20.4522","22.9632","30.7043","85.1319","170.3941","43.0695","105.6096","27.7929","61.8093","32.7214","43.6801","52.0688","27.2036","122.1568","40.4425","81.6361","110.6055","85.0965","77.2084","77.6612","79.4900","71.3499","77.0411","78.9368","72.4836","76.8977","84.2584","111.8302"
"C:\Users\cfg364\Sommerlab Dropbox\Casper van der Luijt\Casper\Data\BioLog\OmniLog\CL2\DATA_2024\07\_NRRL 471_Aspergillus oryzae__3_30_CL2_769_7#24#2024_A_21B_29.OKA","7/24/2024 10:32:48 PM","21-B","PM03B","","NRRL 471","Aspergillus oryzae","",47.0000,"46.9587","96.7211","81.4171","94.8583","85.3702","34.6522","82.2118","84.8886","91.2158","95.9600","92.7524","124.0887","98.2331","68.9515","45.0425","59.0721","68.8567","25.6180","67.4085","56.6194","67.5921","76.3008","111.8368","101.2242","97.8528","58.2222","44.4067","37.2421","27.6452","37.8138","11.9893","26.4412","61.8664","65.3366","69.2579","93.8683","54.2472","22.3807","64.5129","24.9497","43.5805","31.2636","45.3217","67.9108","55.4442","11.6205","112.1951","130.2385","57.8213","50.2798","69.2136","31.8975","31.0170","27.4250","37.7511","37.4275","28.6858","38.6000","68.9472","34.9094","35.0096","61.6036","61.9421","23.3708","31.9043","78.3299","73.8700","18.4872","20.9296","22.3859","31.4150","87.9009","168.2570","45.8001","102.6994","30.3504","60.1135","31.5429","41.1369","55.3619","27.4273","124.8828","39.5164","80.1100","113.1397","87.1592","75.7495","78.3078","80.8230","74.1914","80.5054","75.7769","70.7206","76.8655","84.0370","109.2361"
"C:\Users\cfg364\Sommerlab Dropbox\Casper van der Luijt\Casper\Data\BioLog\OmniLog\CL2\DATA_2024\07\_NRRL 471_Aspergillus oryzae__3_30_CL2_769_7#24#2024_A_21B_29.OKA","7/24/2024 10:32:48 PM","21-B","PM03B","","NRRL 471","Aspergillus oryzae","",47.2500,"49.8112","97.2488","82.9832","99.1339","91.0574","29.3226","84.4706","84.3997","89.7983","93.9187","92.7971","124.6704","92.7260","74.8964","44.8013","61.3983","68.4963","26.7806","68.5040","52.5460","71.7930","80.0210","111.7705","97.6883","94.6953","61.2461","51.8230","38.6355","31.2008","41.9091","12.3039","29.4451","61.2839","66.3300","69.4094","91.5836","51.2799","21.6242","63.7342","19.4375","47.7077","31.0567","41.3958","71.0760","56.1051","11.0000","112.7831","132.6470","55.1072","51.7257","69.5681","36.7633","28.7310","29.1336","34.5390","33.8308","30.7193","40.6216","63.0806","35.9944","37.2505","60.6954","66.6167","26.3413","32.9419","79.3719","73.4674","13.7044","17.7995","28.3333","31.8258","87.7409","169.0763","45.5764","104.0058","24.5615","58.2437","33.4996","44.0802","55.2787","29.9505","125.1043","41.3252","83.6252","111.4725","85.9496","72.6132","76.3775","79.7552","71.5853","79.5484","81.5182","72.8188","75.1412","82.9182","111.5410"
"C:\Users\cfg364\Sommerlab Dropbox\Casper van der Luijt\Casper\Data\BioLog\OmniLog\CL2\DATA_2024\07\_NRRL 471_Aspergillus oryzae__3_30_CL2_769_7#24#2024_A_21B_29.OKA","7/24/2024 10:32:48 PM","21-B","PM03B","","NRRL 471","Aspergillus oryzae","",47.5000,"47.4891","92.8408","81.8660","100.7309","91.2012","33.8908","84.5470","85.6707","91.0238","97.7190","90.9667","123.0788","97.6314","70.3039","45.2083","66.5252","67.1740","23.3073","67.6559","56.0426","66.7060","78.6377","113.1625","96.1459","94.1446","59.0056","50.0692","40.2669","28.3137","38.4593","11.0000","23.9477","60.6911","65.5210","68.3558","95.2494","49.8312","24.4828","65.0697","25.9929","41.7072","31.6978","40.7647","67.3488","57.5147","13.1088","111.2188","133.8179","52.4087","54.2669","69.9260","35.5265","30.9875","27.1833","38.7815","37.5764","30.3095","35.5705","67.0233","35.6469","35.9927","60.9358","61.3948","21.9238","34.9190","78.1286","74.3808","18.9413","19.6800","27.3388","31.1475","89.6619","171.7927","44.8680","105.8951","33.4558","56.4238","32.4968","41.6398","54.2909","25.6043","124.9381","39.1702","79.1887","115.2616","86.9154","71.9922","79.3113","84.4705","75.7257","83.1627","78.6245","75.5286","75.5193","87.1237","113.0087"
"C:\Users\cfg364\Sommerlab Dropbox\Casper van der Luijt\Casper\Data\BioLog\OmniLog\CL2\DATA_2024\07\_NRRL 471_Aspergillus oryzae__3_30_CL2_769_7#24#2024_A_21B_29.OKA","7/24/2024 10:32:48 PM","21-B","PM03B","","NRRL 471","Aspergillus oryzae","",47.7500,"50.2293","97.0743","80.3739","96.8800","88.6427","37.6392","84.4271","84.0520","92.4302","95.8330","90.8105","125.5756","99.7356","73.8966","44.9897","66.7059","65.9612","25.3469","68.2651","55.6429","70.3956","80.9121","112.1416","98.5010","96.2100","58.9638","48.5576","36.6574","30.4304","41.6642","11.8328","22.5979","61.3706","66.0932","71.1257","94.4604","52.1301","19.9404","73.4954","23.5142","49.0417","30.5286","48.2374","68.2381","58.6521","12.6067","114.3430","130.5538","54.6447","50.4714","72.8153","31.7579","29.7491","27.9179","37.2330","37.0658","32.8276","42.0522","71.9833","34.6958","36.5620","65.1130","64.1134","23.8901","33.5686","82.5736","76.8959","19.4303","22.8408","24.8761","33.2046","92.5749","169.9987","48.8525","97.2959","26.1067","62.1875","36.5668","44.5451","56.1717","25.0822","126.4950","42.2411","85.2369","116.5321","88.3220","76.4660","80.6894","79.4802","73.4638","76.4454","81.9389","78.0413","75.3430","82.5880","115.4279"
"C:\Users\cfg364\Sommerlab Dropbox\Casper van der Luijt\Casper\Data\BioLog\OmniLog\CL2\DATA_2024\07\_NRRL 471_Aspergillus oryzae__3_30_CL2_769_7#24#2024_A_21B_29.OKA","7/24/2024 10:32:48 PM","21-B","PM03B","","NRRL 471","Aspergillus oryzae","",48.0000,"48.4645","92.7508","84.1186","99.3264","92.1869","32.6913","82.9508","87.4907","93.0740","96.8737","92.6809","125.5067","96.9046","75.9719","43.8409","68.1506","67.6292","25.0225","73.1040","59.4025","67.2524","82.7464","115.9261","94.2786","100.7373","57.5534","53.0001","38.5231","34.8210","45.8165","11.0959","23.2788","60.8796","65.1114","72.2598","93.9525","54.2559","22.0373","65.8498","22.1547","45.0826","33.0966","42.8726","67.9502","59.3654","13.4196","119.3084","131.6236","54.9698","52.6660","72.3498","33.8616","28.7456","28.9711","37.3677","38.7568","33.9841","38.4554","71.6170","27.4333","34.2974","64.5725","66.0112","24.6196","28.8360","79.4233","77.2461","18.6023","17.6605","24.7941","32.2886","94.7352","168.7121","47.5444","102.9625","29.1264","61.5746","32.2213","45.6395","55.0562","27.2063","126.0354","39.5738","77.9706","119.2672","90.3925","75.8342","79.9039","83.9192","75.3403","77.2473","83.0077","76.0589","79.7845","87.1322","112.1166"
"C:\Users\cfg364\Sommerlab Dropbox\Casper van der Luijt\Casper\Data\BioLog\OmniLog\CL2\DATA_2024\07\_NRRL 471_Aspergillus oryzae__3_30_CL2_769_7#24#2024_A_21B_29.OKA","7/24/2024 10:32:48 PM","21-B","PM03B","","NRRL 471","Aspergillus oryzae","",48.2500,"52.8445","99.6037","81.2315","99.7324","92.6846","36.9942","87.5542","88.2818","91.9870","101.1896","92.4841","125.5007","98.6369","72.6787","48.3877","70.9158","69.2780","22.4925","70.4916","56.6229","71.5658","87.3380","113.6225","101.3257","98.2137","61.7628","51.4267","39.7432","29.5914","42.2449","11.0000","23.2760","61.1883","66.8387","72.4342","93.9929","56.2195","27.6705","66.4952","29.7665","49.9859","33.1646","45.2126","69.6273","58.6124","11.0000","116.3092","136.7912","58.7103","51.1504","74.2846","34.7478","32.8950","28.9564","38.3058","41.9565","30.9284","42.1537","69.6051","34.4843","40.0785","62.5190","66.4708","23.5951","34.8279","84.2824","77.1090","20.6634","16.7795","25.2549","32.8204","89.8362","171.9120","47.4995","106.2998","26.5473","64.3486","33.6398","47.4538","58.2011","28.4775","123.8696","41.6148","80.9857","117.6260","87.0957","74.8672","79.0867","86.0094","78.3808","78.5195","78.8050","74.3211","75.9109","87.4873","116.2072"
"C:\Users\cfg364\Sommerlab Dropbox\Casper van der Luijt\Casper\Data\BioLog\OmniLog\CL2\DATA_2024\07\_NRRL 471_Aspergillus oryzae__3_30_CL2_769_7#24#2024_A_21B_29.OKA","7/24/2024 10:32:48 PM","21-B","PM03B","","NRRL 471","Aspergillus oryzae","",48.5000,"48.0916","97.9539","84.1592","101.4060","93.5056","37.1548","91.1794","86.2280","93.5406","99.9650","92.3179","126.5600","101.4488","71.6578","49.2542","69.2551","69.1526","23.8371","69.9102","56.2647","71.8582","86.4919","115.0373","103.4071","101.1399","62.2841","55.9325","40.8054","30.1244","45.5022","11.0000","24.1758","64.0050","66.8387","73.5576","95.2143","53.5857","22.3425","66.3056","26.4679","51.4474","34.3610","45.3081","73.3035","59.7399","14.2293","119.1235","139.5526","60.3271","54.6684","74.2535","33.7386","30.2702","29.2071","36.4664","37.9836","32.9052","42.4455","70.6066","35.5302","42.7192","62.3263","68.8319","26.0520","37.8024","83.9998","76.6017","23.7266","17.7374","27.2002","34.9093","94.7321","170.0250","45.5886","105.5859","25.6766","64.9556","31.4302","48.6542","55.1008","27.0768","128.6139","47.6484","82.3274","121.0942","89.0949","77.4932","80.8524","89.9572","76.9355","83.1978","80.7993","74.6102","76.1043","87.0108","117.1341"
"C:\Users\cfg364\Sommerlab Dropbox\Casper van der Luijt\Casper\Data\BioLog\OmniLog\CL2\DATA_2024\07\_NRRL 471_Aspergillus oryzae__3_30_CL2_769_7#24#2024_A_21B_29.OKA","7/24/2024 10:32:48 PM","21-B","PM03B","","NRRL 471","Aspergillus oryzae","",48.7500,"49.3611","98.8123","87.0373","101.3551","91.3269","36.3111","86.0519","88.1250","88.2848","98.1332","89.1467","128.1086","96.8197","73.0746","45.7724","64.2971","68.1285","20.7495","72.4493","57.1067","67.4956","78.1711","112.7111","100.4563","98.9485","60.7306","51.0353","37.4130","28.2616","45.5777","11.0000","24.4254","61.3429","67.9458","69.3708","94.2654","54.7909","21.0809","68.4870","27.6798","55.1480","34.1454","45.7614","75.5630","53.1183","14.7990","117.8710","134.8631","57.6194","54.5274","72.3906","36.3576","29.0409","28.0088","34.2872","39.9471","30.9453","37.2159","69.1261","33.3936","37.5568","64.9515","67.2743","22.6421","31.6819","79.5678","81.7443","17.3693","21.2582","22.5848","34.3155","91.0203","169.5606","46.0198","106.8464","30.5545","62.6322","31.3622","45.8157","48.8392","27.4741","127.3138","43.7292","83.7776","116.5916","90.8913","74.5470","80.6625","89.6460","72.6691","82.1994","79.7924","73.1833","75.7146","86.2018","114.3977"
"C:\Users\cfg364\Sommerlab Dropbox\Casper van der Luijt\Casper\Data\BioLog\OmniLog\CL2\DATA_2024\07\_NRRL 471_Aspergillus oryzae__3_30_CL2_769_7#24#2024_A_21B_29.OKA","7/24/2024 10:32:48 PM","21-B","PM03B","","NRRL 471","Aspergillus oryzae","",49.0000,"48.2322","92.7006","85.0474","101.7120","93.6547","32.6701","87.3289","87.9502","93.5217","97.9288","95.4930","131.7569","97.7798","73.9739","39.1730","68.5561","70.9063","25.1942","71.5614","60.0709","74.8234","84.1979","113.3950","97.8702","99.8429","61.6271","47.9854","42.1838","30.9879","48.4853","11.0000","24.6436","64.3956","65.7224","70.6928","95.4288","53.0622","19.0114","67.7948","23.9786","52.7753","29.0002","44.2548","69.9772","62.5093","12.8892","118.4143","134.2930","56.4842","54.0189","76.8953","33.7499","31.3842","29.0971","38.4408","38.3713","29.0253","38.1945","71.8485","39.3480","34.2031","64.2653","63.0918","24.9161","37.0595","82.9211","77.5663","21.4756","20.4890","32.3469","31.2120","94.3414","167.6625","45.7350","108.2479","28.4241","64.4463","34.9840","46.0903","57.7846","27.2479","126.7603","45.9992","79.7905","118.1171","88.7505","76.7593","78.1541","90.9370","72.9227","78.3151","75.2809","74.8255","78.3608","85.7135","116.8942"
"C:\Users\cfg364\Sommerlab Dropbox\Casper van der Luijt\Casper\Data\BioLog\OmniLog\CL2\DATA_2024\07\_NRRL 471_Aspergillus oryzae__3_30_CL2_769_7#24#2024_A_21B_29.OKA","7/24/2024 10:32:48 PM","21-B","PM03B","","NRRL 471","Aspergillus oryzae","",49.2500,"50.5725","103.3226","85.1552","103.2943","93.5985","36.9072","87.0495","90.5181","90.5686","97.9394","92.0746","128.1221","98.0873","75.7103","48.8262","68.5424","72.2087","25.3717","74.3642","60.1299","71.8774","83.5602","117.2747","102.4335","105.4479","59.4422","53.0340","42.7236","28.7958","47.7532","12.7216","25.2383","62.2288","69.2654","71.9948","93.1887","55.9164","21.0691","66.1154","30.7786","51.2881","34.1409","44.7513","75.2638","58.4763","11.9136","124.8335","139.5566","56.5478","56.7411","74.4678","33.4297","31.0060","29.4524","39.9773","41.0447","31.5291","39.6892","68.5034","35.8788","40.2753","64.1851","66.5195","27.0495","35.1248","81.7541","80.7903","22.9014","17.6481","26.9907","33.1630","97.9240","170.0113","48.7558","106.6484","26.3465","65.4568","36.2046","49.0644","56.9254","29.1919","128.0132","47.1539","86.9516","119.6369","90.3967","79.2018","84.1905","89.5965","72.5098","82.6608","81.1981","74.9418","78.1257","85.9304","118.4343"
"C:\Users\cfg364\Sommerlab Dropbox\Casper van der Luijt\Casper\Data\BioLog\OmniLog\CL2\DATA_2024\07\_NRRL 471_Aspergillus oryzae__3_30_CL2_769_7#24#2024_A_21B_29.OKA","7/24/2024 10:32:48 PM","21-B","PM03B","","NRRL 471","Aspergillus oryzae","",49.5000,"51.2371","102.0506","86.9430","100.6477","96.5719","38.9876","87.0720","88.0804","92.8881","102.8775","100.0546","128.4741","100.1074","76.2915","46.5724","67.9383","70.6535","28.3560","72.6727","60.0734","73.6141","84.9445","115.1809","105.7448","100.7811","61.1899","53.4842","42.8646","31.8336","45.7931","11.0000","22.3025","63.4016","67.1570","70.2543","93.9880","53.7893","25.3813","69.3643","28.6936","57.7204","33.9950","48.5848","73.2021","58.9328","15.1022","122.4695","137.3691","61.1134","52.5130","82.4610","33.3684","32.7555","31.8011","38.5557","40.2984","32.5464","41.4476","69.1668","35.9776","37.5180","66.2452","66.0058","26.2782","35.3588","86.0278","84.0178","23.2114","18.7829","26.3742","35.4995","91.9419","169.0034","51.5485","107.7769","27.4512","61.1951","33.4622","52.6035","57.0664","29.2353","126.1654","42.5588","86.5411","120.8788","90.9289","80.5545","81.1534","88.6187","74.1573","80.5564","83.0452","73.5409","81.4430","88.4485","118.2122"
"C:\Users\cfg364\Sommerlab Dropbox\Casper van der Luijt\Casper\Data\BioLog\OmniLog\CL2\DATA_2024\07\_NRRL 471_Aspergillus oryzae__3_30_CL2_769_7#24#2024_A_21B_29.OKA","7/24/2024 10:32:48 PM","21-B","PM03B","","NRRL 471","Aspergillus oryzae","",49.7500,"50.8788","101.9698","88.3582","101.1974","89.5874","35.4412","87.4921","87.3161","92.2338","101.8369","96.2719","132.1577","102.8397","75.4848","48.6623","68.2593","67.7252","26.8328","68.7645","59.9811","74.0844","84.2032","114.8574","104.3226","103.0431","65.3072","53.6604","45.5134","29.5998","42.8829","11.0000","31.0112","65.3616","67.0570","74.6828","97.7227","55.6785","23.7032","69.2845","23.6199","53.8646","35.7685","44.5199","75.6636","57.1505","11.1640","127.5727","139.8630","62.1219","56.5909","74.4821","38.0398","31.5377","28.3296","40.6741","42.9592","34.0058","39.3420","74.0160","34.9035","39.8361","66.6923","64.0748","28.9325","38.4615","86.3631","84.5861","22.0513","22.1140","30.9963","31.9106","97.2446","170.8195","54.6999","111.7764","31.2102","65.9774","34.3496","48.5764","59.3408","32.1721","127.9288","42.4482","81.9737","122.0886","90.7510","77.8683","84.9130","95.4774","74.7758","82.8123","81.4910","79.0733","79.7690","89.2203","116.4890"
"C:\Users\cfg364\Sommerlab Dropbox\Casper van der Luijt\Casper\Data\BioLog\OmniLog\CL2\DATA_2024\07\_NRRL 471_Aspergillus oryzae__3_30_CL2_769_7#24#2024_A_21B_29.OKA","7/24/2024 10:32:48 PM","21-B","PM03B","","NRRL 471","Aspergillus oryzae","",50.0000,"50.9722","101.0320","87.7420","104.0988","93.5200","36.3107","84.7720","90.4697","90.1637","99.0558","93.3875","135.0019","101.2498","77.4619","48.0491","69.0241","67.8821","25.7496","69.1210","60.2406","74.4740","83.7753","117.7945","102.9984","103.4563","65.8922","54.4470","42.1038","29.0971","48.5706","11.0000","28.8830","65.6817","70.1053","76.5398","98.9672","54.5703","25.9295","70.1680","28.0514","57.0668","38.3609","45.9564","78.0467","58.5470","11.0000","126.7254","140.2869","61.5735","55.9148","78.4381","34.9728","32.5279","29.1788","36.1308","38.0033","31.0981","37.8126","67.4735","35.9496","37.8271","70.2268","65.4040","28.5615","37.6004","85.7647","85.2468","21.9565","20.3358","29.7584","34.0114","100.0589","171.0930","51.3898","110.2547","26.8663","62.4811","36.8308","51.8081","56.8399","30.6144","127.9610","46.3311","86.3393","123.9012","90.5286","80.7131","80.9468","97.7399","73.6462","83.8860","81.3331","79.5235","81.4140","86.3056","115.0290"
"C:\Users\cfg364\Sommerlab Dropbox\Casper van der Luijt\Casper\Data\BioLog\OmniLog\CL2\DATA_2024\07\_NRRL 471_Aspergillus oryzae__3_30_CL2_769_7#24#2024_A_21B_29.OKA","7/24/2024 10:32:48 PM","21-B","PM03B","","NRRL 471","Aspergillus oryzae","",50.2500,"49.2475","99.1904","88.4758","102.2561","91.1393","34.5430","88.1119","87.8536","89.4749","99.3348","96.4065","129.6940","100.8041","76.8404","48.0268","67.6774","68.5318","24.3702","71.2690","64.8200","72.7926","81.6576","113.2878","109.0567","102.1692","63.3037","50.2152","42.1858","32.7057","49.3047","12.4693","26.8822","67.8757","69.4186","72.6375","97.5942","55.5613","24.8840","67.9087","24.2732","56.6240","33.6591","50.1730","73.3652","57.4025","15.8765","122.4689","136.8063","58.3788","56.4797","74.6894","32.9958","31.1711","31.2889","38.4634","39.9226","32.9762","39.0522","72.7552","38.2058","37.6106","66.8168","67.8082","25.1438","35.7933","86.1056","83.2901","16.1335","17.1733","30.2413","36.1379","99.2264","166.7019","48.2127","111.0769","25.3994","64.9347","38.9651","45.7998","57.8009","28.3456","127.9094","45.8660","83.2163","125.5353","90.4891","81.4092","82.4484","96.1726","74.9392","79.0936","82.5259","72.9039","77.7065","91.6585","117.9963"
"C:\Users\cfg364\Sommerlab Dropbox\Casper van der Luijt\Casper\Data\BioLog\OmniLog\CL2\DATA_2024\07\_NRRL 471_Aspergillus oryzae__3_30_CL2_769_7#24#2024_A_21B_29.OKA","7/24/2024 10:32:48 PM","21-B","PM03B","","NRRL 471","Aspergillus oryzae","",50.5000,"48.8821","101.7085","89.3536","102.1841","95.9557","34.6022","86.8952","93.7048","95.2621","101.8108","95.0645","133.1367","100.8217","73.9813","47.3574","71.7143","68.9958","27.7318","71.9636","61.2175","72.2739","84.9859","117.7269","105.4813","106.4387","63.3887","55.9559","42.5435","32.2061","48.0712","12.8464","27.4373","64.1732","67.5701","76.6549","97.3492","54.4159","27.0383","70.4177","26.6155","57.3480","34.0869","47.8105","72.5001","58.4303","11.6528","126.8286","137.9241","57.4451","56.9922","76.9569","35.5507","35.0542","34.3640","41.1886","39.9722","30.0255","41.4316","74.3601","34.5686","39.7629","65.3754","65.2796","30.7805","37.1371","85.4855","82.8904","23.2304","22.6647","28.2920","33.7369","95.8181","169.4403","48.4041","112.4272","29.2373","65.1830","31.8717","48.6783","55.3945","29.6516","132.2409","45.3571","85.3186","124.2447","90.2647","83.9382","80.9489","96.9309","82.1162","84.7020","81.0319","79.1957","83.0497","90.4690","120.8353"
"C:\Users\cfg364\Sommerlab Dropbox\Casper van der Luijt\Casper\Data\BioLog\OmniLog\CL2\DATA_2024\07\_NRRL 471_Aspergillus oryzae__3_30_CL2_769_7#24#2024_A_21B_29.OKA","7/24/2024 10:32:48 PM","21-B","PM03B","","NRRL 471","Aspergillus oryzae","",50.7500,"50.7156","98.8931","86.7873","104.0141","96.7143","35.8919","88.8760","87.2744","95.8604","98.8652","95.1981","133.1037","102.3811","73.2555","48.0043","68.4834","68.2133","22.6867","75.5516","61.5419","71.4251","85.5113","117.9571","107.7340","99.5921","58.0223","52.2043","40.1938","32.2688","45.1487","11.0000","27.7898","64.5906","68.8902","75.3012","96.9543","57.7750","27.3624","73.0243","25.7140","53.1751","32.5771","44.8011","71.3808","58.3657","14.3621","129.4507","139.1088","58.3040","56.4435","80.0828","35.3306","39.3439","32.9234","38.7340","41.2775","31.0505","42.2136","71.4033","31.4750","40.1945","66.5937","62.5919","25.1822","31.8711","84.7277","83.1124","22.2191","21.9356","23.5207","36.1776","98.9537","169.1645","47.9246","110.5011","28.9277","64.2212","32.6411","50.0432","53.6174","24.1848","131.0871","45.3249","82.7516","121.2150","92.6465","82.0048","79.5834","100.7303","80.8034","84.6704","80.4586","78.2045","84.5929","86.7180","117.8927"
"C:\Users\cfg364\Sommerlab Dropbox\Casper van der Luijt\Casper\Data\BioLog\OmniLog\CL2\DATA_2024\07\_NRRL 471_Aspergillus oryzae__3_30_CL2_769_7#24#2024_A_21B_29.OKA","7/24/2024 10:32:48 PM","21-B","PM03B","","NRRL 471","Aspergillus oryzae","",51.0000,"46.7156","99.6438","87.8402","99.8976","93.1410","36.0095","89.7594","87.7504","97.1629","99.8895","96.8205","132.0232","104.1528","73.4981","48.4953","68.1747","68.4816","25.9805","72.0009","60.7496","77.3699","87.4137","117.9567","111.0425","104.8418","64.8266","51.1963","41.9788","31.6119","48.5466","12.8860","24.3446","68.5424","65.2752","75.5391","94.1751","54.5971","25.1602","66.4197","27.6101","61.8641","34.6268","46.4881","74.9864","59.2455","12.8860","129.9712","142.9638","61.2403","60.4499","78.9663","34.2631","36.8366","31.4098","36.7788","44.0057","29.4630","41.3873","74.9081","36.1789","40.0094","65.3579","68.4333","26.1074","34.2349","86.0390","84.0932","23.0003","18.5842","29.5808","32.8196","99.3852","173.6029","52.0800","109.0338","30.4259","63.7960","37.6379","50.2269","59.8775","31.0342","132.6341","48.3857","82.8927","123.8622","93.3828","81.5787","84.4813","99.3018","74.9646","85.8058","85.2495","78.4440","82.9023","90.0301","117.3275"
"C:\Users\cfg364\Sommerlab Dropbox\Casper van der Luijt\Casper\Data\BioLog\OmniLog\CL2\DATA_2024\07\_NRRL 471_Aspergillus oryzae__3_30_CL2_769_7#24#2024_A_21B_29.OKA","7/24/2024 10:32:48 PM","21-B","PM03B","","NRRL 471","Aspergillus oryzae","",51.2500,"50.7083","104.2549","85.6243","105.9084","99.4523","39.2043","89.3669","90.2412","96.0066","101.9684","98.4747","133.6399","104.1528","74.0596","48.5275","69.5459","71.0516","26.4267","72.1627","60.7171","78.9224","89.0158","118.1539","111.6994","107.5852","63.7559","55.9996","43.3328","32.5503","46.3585","12.0869","28.9750","66.9404","67.5031","73.7713","94.1092","55.6751","26.3971","67.8731","26.3916","63.1538","35.2552","47.0912","76.6156","58.8254","13.0811","130.2001","146.8947","64.1059","61.2506","78.2794","34.5779","32.4775","31.9114","35.8217","43.7215","31.4468","43.2073","77.9728","37.6674","39.0260","63.9215","72.1535","30.0010","33.0154","90.1395","82.3589","22.6213","22.6949","29.8995","35.2333","99.1037","172.4471","52.4286","111.9309","31.5650","63.4751","37.2887","53.6489","57.4051","29.2449","131.9947","48.8634","85.9926","124.6646","94.0798","83.6363","83.7366","99.7789","79.3214","86.3718","84.8389","79.6610","78.3258","89.9353","117.7618"
"C:\Users\cfg364\Sommerlab Dropbox\Casper van der Luijt\Casper\Data\BioLog\OmniLog\CL2\DATA_2024\07\_NRRL 471_Aspergillus oryzae__3_30_CL2_769_7#24#2024_A_21B_29.OKA","7/24/2024 10:32:48 PM","21-B","PM03B","","NRRL 471","Aspergillus oryzae","",51.5000,"49.9596","101.3851","83.3758","107.4586","97.8744","37.4294","90.6752","89.6102","96.1388","99.1519","98.9379","135.7186","103.1918","77.7593","51.6494","70.0242","68.3249","26.5861","74.2015","61.6270","79.1811","88.2638","119.6002","110.8454","110.5493","65.2809","56.6000","41.5275","34.5208","45.1852","11.0000","22.3188","71.1376","69.9892","75.8283","96.5139","59.9238","26.9180","70.3692","26.0709","61.3294","32.8988","49.2179","76.2642","62.6062","12.6259","132.3912","143.8734","62.3378","64.8376","79.0912","35.4908","32.2548","32.9460","38.2465","45.1743","30.4229","43.5648","75.1016","36.2422","41.0542","67.5922","70.1550","28.6305","33.8498","88.7201","83.3364","23.4108","21.0697","30.3138","36.1344","99.1662","171.9300","54.2354","111.4948","28.3017","65.1119","38.2729","51.2725","60.8919","28.2863","132.5062","49.3729","84.9593","128.6149","97.2484","83.8545","85.2881","101.3057","76.6105","86.0573","85.8495","80.0773","82.6444","93.3151","122.1042"
"C:\Users\cfg364\Sommerlab Dropbox\Casper van der Luijt\Casper\Data\BioLog\OmniLog\CL2\DATA_2024\07\_NRRL 471_Aspergillus oryzae__3_30_CL2_769_7#24#2024_A_21B_29.OKA","7/24/2024 10:32:48 PM","21-B","PM03B","","NRRL 471","Aspergillus oryzae","",51.7500,"49.7725","104.7064","88.5245","105.6870","97.7167","34.2992","91.8200","91.2043","96.6013","102.5049","96.5889","134.4648","102.8818","76.8344","48.2378","72.8622","69.3278","26.6817","73.6837","60.1972","79.5693","86.6289","118.4826","113.4401","107.9636","67.1302","52.6499","41.0440","32.1749","47.4684","12.4385","26.8848","67.6133","71.4422","75.8926","95.8880","57.3239","27.5039","70.7484","27.5139","66.1736","35.7265","49.5036","74.3475","60.2473","14.1867","129.6442","146.9597","63.8925","60.0015","82.7439","34.4520","34.4502","31.7546","39.5864","43.7530","31.3828","40.9648","75.9082","34.5636","41.7303","67.5922","69.3864","28.2878","35.2298","87.9315","85.7960","21.4213","17.8831","28.2103","35.8448","100.7306","171.5650","53.2211","112.7720","31.0109","65.4329","38.4951","51.1458","57.8172","31.5135","131.8669","48.9908","86.2744","124.4486","95.0621","81.2047","85.1640","100.6377","77.0301","89.8935","84.7126","81.2943","85.7061","91.3252","122.0732"
"C:\Users\cfg364\Sommerlab Dropbox\Casper van der Luijt\Casper\Data\BioLog\OmniLog\CL2\DATA_2024\07\_NRRL 471_Aspergillus oryzae__3_30_CL2_769_7#24#2024_A_21B_29.OKA","7/24/2024 10:32:48 PM","21-B","PM03B","","NRRL 471","Aspergillus oryzae","",52.0000,"52.1350","105.5562","89.2792","106.6037","97.7880","35.2146","90.0330","92.9730","93.7619","101.5367","101.5526","137.2484","102.2838","80.9633","51.0627","72.3501","73.0814","28.4575","73.0532","61.6443","78.0694","87.2997","115.2260","112.0903","107.9671","63.5149","57.6048","42.9605","35.0825","52.5088","11.9238","29.6918","71.3034","72.0601","77.7185","99.6394","60.9384","24.3681","72.7195","24.9997","59.4451","37.1529","49.6162","78.3482","62.6840","11.1629","133.2271","145.9529","65.3205","62.6127","80.3751","35.5277","33.9055","31.9037","40.0408","43.7804","34.5226","35.0591","77.8267","37.3011","40.4188","65.7090","67.1274","33.0839","35.0160","94.0619","88.0145","24.1687","24.6790","26.4150","32.8305","102.1184","169.3345","53.4650","116.5136","31.4819","66.5547","35.4201","51.1454","63.6880","30.0748","131.5802","49.9567","89.6619","129.2011","93.8331","85.1460","86.6437","105.6146","78.1645","86.3930","84.7483","84.8370","82.8619","94.2713","122.6489"
"C:\Users\cfg364\Sommerlab Dropbox\Casper van der Luijt\Casper\Data\BioLog\OmniLog\CL2\DATA_2024\07\_NRRL 471_Aspergillus oryzae__3_30_CL2_769_7#24#2024_A_21B_29.OKA","7/24/2024 10:32:48 PM","21-B","PM03B","","NRRL 471","Aspergillus oryzae","",52.2500,"49.9389","101.3520","89.8155","104.0152","97.3114","40.4538","88.2130","89.8701","97.9695","104.3557","97.3037","135.7537","104.7253","77.6067","53.1379","71.3082","71.6785","27.8828","72.7422","59.4049","73.5605","88.9074","116.4256","112.7162","107.4959","61.9713","59.0316","44.4603","34.0754","51.9449","14.5728","27.4322","64.2130","70.9818","75.5342","97.7300","56.8539","24.4608","72.9222","24.0234","64.8291","37.0210","47.7398","77.8799","60.2777","11.0000","133.0452","146.8301","64.0905","64.1772","81.9117","33.3585","37.8219","35.3249","42.2897","41.4567","37.3160","35.1795","73.8740","35.3083","38.0683","65.6634","72.8953","29.1465","37.0027","88.7620","88.2670","25.6996","25.7969","28.3430","33.6430","100.4953","172.3341","49.0378","117.3589","29.1500","65.6474","39.2210","52.0336","60.7209","28.2345","134.9132","50.0017","89.8547","129.7186","96.2728","84.2512","90.6413","106.3426","80.5466","88.9707","84.9007","83.5297","84.1172","90.1283","122.8648"
"C:\Users\cfg364\Sommerlab Dropbox\Casper van der Luijt\Casper\Data\BioLog\OmniLog\CL2\DATA_2024\07\_NRRL 471_Aspergillus oryzae__3_30_CL2_769_7#24#2024_A_21B_29.OKA","7/24/2024 10:32:48 PM","21-B","PM03B","","NRRL 471","Aspergillus oryzae","",52.5000,"57.0765","101.7654","86.7195","108.1212","94.6342","35.4001","89.5941","91.1459","102.7803","102.9471","97.5038","137.8514","104.7942","78.7926","54.4138","68.8933","74.3111","29.4672","73.1598","60.4604","76.8142","86.6038","119.6107","112.2929","108.8819","63.9626","55.7651","47.7169","33.3701","50.3191","11.0000","28.0574","70.0323","73.3903","74.1639","98.3576","57.7595","25.5582","76.7611","26.0814","66.0426","34.6023","53.7408","80.1475","63.7588","16.5132","137.4908","146.2317","63.7848","62.6454","88.1011","38.1337","36.3470","29.6406","43.4640","41.5115","32.2071","42.2303","74.1761","32.3025","40.1270","71.2222","71.0630","29.2689","38.5318","86.8183","89.4620","22.5419","23.7293","30.3458","34.9319","104.4568","170.0588","55.7787","114.5476","31.9016","65.4362","36.6163","55.6305","59.0808","32.9987","131.6588","46.7356","85.6756","130.6235","96.9170","83.9362","87.9423","108.9722","79.2378","90.6046","83.1764","83.8745","82.6926","92.6431","125.2732"
"C:\Users\cfg364\Sommerlab Dropbox\Casper van der Luijt\Casper\Data\BioLog\OmniLog\CL2\DATA_2024\07\_NRRL 471_Aspergillus oryzae__3_30_CL2_769_7#24#2024_A_21B_29.OKA","7/24/2024 10:32:48 PM","21-B","PM03B","","NRRL 471","Aspergillus oryzae","",52.7500,"53.7234","108.5262","89.7845","109.0842","99.2247","39.6358","94.2447","90.9860","97.7360","106.3390","98.1462","137.5627","106.9627","77.9216","51.2394","71.4806","76.0780","28.9730","78.3340","65.3899","78.9858","91.5973","117.2583","114.0791","111.7914","60.1403","56.5335","46.4571","33.0220","54.3422","12.6983","30.8879","69.4512","76.3625","78.3953","96.4537","60.3839","21.3323","74.0413","28.8073","62.6492","39.0431","47.8662","78.4674","62.1819","12.3713","139.2558","148.3585","60.4878","65.3560","85.2505","35.7115","35.5431","32.3188","43.0147","43.3659","32.9717","39.3947","76.8739","31.7946","38.6158","69.2956","70.3562","27.7923","36.8483","88.9819","89.2046","27.3474","23.0067","27.4674","37.6372","105.9672","172.7941","59.3433","115.6312","31.5277","69.7448","34.7516","51.2040","63.1529","34.8285","129.1070","47.5478","86.7072","130.9453","94.8862","85.2658","85.8978","107.7948","85.4882","84.8176","89.0606","85.9343","86.2708","91.1869","125.5265"
"C:\Users\cfg364\Sommerlab Dropbox\Casper van der Luijt\Casper\Data\BioLog\OmniLog\CL2\DATA_2024\07\_NRRL 471_Aspergillus oryzae__3_30_CL2_769_7#24#2024_A_21B_29.OKA","7/24/2024 10:32:48 PM","21-B","PM03B","","NRRL 471","Aspergillus oryzae","",53.0000,"53.0875","106.1040","91.6247","106.7631","97.0210","35.8762","92.0039","94.6445","100.5589","109.4583","101.3250","140.4499","104.4172","81.1561","52.5540","71.5915","71.4596","29.6570","74.8466","60.8989","81.1698","87.3682","117.4803","114.9511","108.7465","67.9856","57.1628","45.9769","39.7592","55.9525","11.0000","34.1208","69.0670","70.5870","75.5281","96.6091","57.9376","29.6609","74.2577","31.5382","65.1801","38.8766","51.4066","82.6725","61.0397","11.0000","136.4483","148.8626","64.4892","65.3389","81.7039","31.8877","35.4793","31.1294","42.3095","44.6395","33.2898","40.1940","72.8335","34.1273","39.3148","69.1680","69.3796","31.9781","43.7829","89.6862","87.8099","24.4280","26.9694","28.8132","36.4144","106.0621","171.2899","54.3563","118.7160","27.4932","68.5135","36.5083","53.9508","61.4800","33.1424","130.0895","51.4518","88.5536","130.8015","97.7353","82.9947","85.2369","109.0057","79.6901","91.5352","88.9473","83.3827","83.7808","88.4839","123.8129"
"C:\Users\cfg364\Sommerlab Dropbox\Casper van der Luijt\Casper\Data\BioLog\OmniLog\CL2\DATA_2024\07\_NRRL 471_Aspergillus oryzae__3_30_CL2_769_7#24#2024_A_21B_29.OKA","7/24/2024 10:32:48 PM","21-B","PM03B","","NRRL 471","Aspergillus oryzae","",53.2500,"49.8169","103.4012","91.0899","106.1591","98.5484","39.2454","93.9692","91.7895","96.0400","108.4333","98.2893","139.5565","105.8828","74.1368","56.0933","70.8041","73.4677","27.4245","73.1667","58.0664","77.9396","87.8033","121.1803","117.7303","107.0577","63.8440","58.7753","45.8632","33.4841","55.0025","11.0000","29.7895","69.4912","70.6173","78.6034","97.2524","54.3479","23.5711","74.6116","23.9062","68.9299","38.4457","51.3733","83.4885","60.0273","15.6814","137.3170","146.6878","60.5884","62.5512","81.0549","36.5888","35.9625","27.2675","41.5117","45.9289","34.4821","36.1871","78.0710","33.2430","39.6510","66.0390","70.0466","31.3812","36.2094","94.6086","87.5985","21.3705","20.8408","27.2883","37.5061","105.1902","170.9531","52.7530","117.4133","32.4597","63.9329","37.8096","53.0156","60.8418","32.5734","133.3591","51.1113","86.6427","130.2982","95.3352","85.0333","85.4798","112.5258","82.6238","91.5686","89.3194","80.3759","86.4531","90.5019","124.8371"
"C:\Users\cfg364\Sommerlab Dropbox\Casper van der Luijt\Casper\Data\BioLog\OmniLog\CL2\DATA_2024\07\_NRRL 471_Aspergillus oryzae__3_30_CL2_769_7#24#2024_A_21B_29.OKA","7/24/2024 10:32:48 PM","21-B","PM03B","","NRRL 471","Aspergillus oryzae","",53.5000,"53.7348","103.8276","86.2082","107.0960","97.9175","34.7191","93.5179","90.5552","95.2312","106.1154","98.7812","134.9474","105.1572","77.3692","55.1467","71.2937","71.3628","24.8985","77.1140","61.4270","76.7955","85.9981","120.0600","116.1125","108.7339","63.8643","59.0265","47.7770","36.6457","50.9051","11.0000","27.1177","70.2048","70.2481","75.8737","98.3424","56.5663","24.9841","73.1059","24.6494","67.8058","34.1652","51.2374","81.4851","59.7726","16.2237","140.0377","148.4134","66.3527","66.1395","85.2845","38.9572","32.8195","32.2626","44.1666","45.5644","35.6579","43.5452","76.8451","34.9316","37.5915","69.8068","67.0822","28.8530","39.2352","89.7739","89.0145","22.5326","20.4621","30.2341","32.8438","105.4722","175.2205","58.0141","118.3763","29.9238","69.6859","38.8840","53.5981","60.4848","27.7325","130.5533","49.0319","89.8788","131.6436","92.2098","82.9979","83.2113","112.0887","77.8937","87.5019","87.5894","85.5709","83.5720","91.5343","124.4844"
"C:\Users\cfg364\Sommerlab Dropbox\Casper van der Luijt\Casper\Data\BioLog\OmniLog\CL2\DATA_2024\07\_NRRL 471_Aspergillus oryzae__3_30_CL2_769_7#24#2024_A_21B_29.OKA","7/24/2024 10:32:48 PM","21-B","PM03B","","NRRL 471","Aspergillus oryzae","",53.7500,"48.8323","101.9369","89.6614","106.5569","99.6113","38.1098","99.3049","89.7565","101.2207","104.8075","100.5069","143.1989","105.6346","78.2919","53.8290","71.7188","74.0681","26.7525","74.8469","62.4558","83.0152","85.8392","117.2500","112.8298","108.9773","63.3037","53.4432","46.2153","35.8452","55.1701","15.3657","32.9943","69.3227","68.9163","77.2838","98.0494","62.6352","26.2484","75.5809","30.0566","71.4969","41.7096","51.2875","82.3483","64.8719","11.0000","140.5027","151.8074","63.6132","61.2936","84.4955","37.8408","34.7582","34.4928","41.5803","45.1079","31.4881","41.0432","76.3174","33.3567","35.7775","69.3522","73.9459","32.8970","37.5525","93.2195","88.8303","23.7158","23.9250","25.2806","36.5167","105.9288","170.8733","53.8964","117.0477","33.3570","65.2846","35.6451","54.2694","62.4414","30.7964","132.8365","50.6803","87.8478","131.5017","94.9897","83.9116","85.5532","109.3442","82.2781","93.0302","87.0689","83.4145","87.0262","92.6744","125.4696"
"C:\Users\cfg364\Sommerlab Dropbox\Casper van der Luijt\Casper\Data\BioLog\OmniLog\CL2\DATA_2024\07\_NRRL 471_Aspergillus oryzae__3_30_CL2_769_7#24#2024_A_21B_29.OKA","7/24/2024 10:32:48 PM","21-B","PM03B","","NRRL 471","Aspergillus oryzae","",54.0000,"54.7290","105.0547","87.3440","104.2757","102.6679","40.3314","95.5715","95.5289","102.4779","110.7388","98.7479","141.7869","105.2301","79.5728","54.5062","71.2086","75.0667","25.0022","77.1398","63.5985","79.9714","86.9258","119.3928","118.8334","111.7244","65.9059","52.5288","46.7308","33.5581","58.4664","13.1988","26.6191","73.3239","70.4378","80.6558","100.5205","60.3530","29.1482","71.2692","31.3995","71.0847","39.3836","50.3049","81.9024","62.7838","11.0000","143.0182","151.8726","63.4900","70.5397","85.5211","36.8687","38.7763","36.1843","44.7677","43.1090","31.7108","42.0600","77.3850","35.2304","35.9325","67.3975","73.9766","31.6617","35.3771","94.8866","88.4825","20.6476","26.3067","29.0504","36.5489","108.4690","172.7599","55.5905","119.1331","26.7614","71.8422","36.6986","54.3965","61.0502","33.7610","133.6708","50.2656","90.2785","134.6995","92.4959","85.7555","88.4982","112.9146","78.9023","95.6249","88.8703","86.2255","87.9596","94.3627","125.8414"
"C:\Users\cfg364\Sommerlab Dropbox\Casper van der Luijt\Casper\Data\BioLog\OmniLog\CL2\DATA_2024\07\_NRRL 471_Aspergillus oryzae__3_30_CL2_769_7#24#2024_A_21B_29.OKA","7/24/2024 10:32:48 PM","21-B","PM03B","","NRRL 471","Aspergillus oryzae","",54.2500,"54.5444","105.3579","95.7548","106.6408","99.2797","34.1185","100.1061","93.3170","98.7126","109.3186","104.0113","139.4279","103.8802","77.6358","53.7414","71.8510","72.9407","29.0171","73.3100","61.6934","81.3235","89.1598","118.7227","124.1474","111.9709","65.9384","58.8023","50.7244","34.6111","52.8189","12.1520","28.2741","73.6939","74.7870","77.6806","101.1615","61.4345","23.9265","75.4897","26.8455","72.8655","40.5958","54.5636","86.3515","60.8495","12.1448","146.0027","149.3148","65.7677","68.9560","84.2898","39.1553","35.1688","35.3609","40.3038","45.9397","30.7481","45.0026","83.2561","40.0045","37.2319","68.8509","68.9687","30.6422","37.2397","90.6716","92.3313","21.7167","24.0147","26.0802","34.7315","107.3229","172.9033","62.3287","121.6988","28.5424","66.7577","36.4763","53.2992","59.5995","32.9530","135.8506","54.8062","91.7419","133.8916","99.7408","89.1145","88.2643","116.5818","81.6018","90.8393","89.8031","86.5548","86.9953","93.7273","129.5626"
"C:\Users\cfg364\Sommerlab Dropbox\Casper van der Luijt\Casper\Data\BioLog\OmniLog\CL2\DATA_2024\07\_NRRL 471_Aspergillus oryzae__3_30_CL2_769_7#24#2024_A_21B_29.OKA","7/24/2024 10:32:48 PM","21-B","PM03B","","NRRL 471","Aspergillus oryzae","",54.5000,"49.5265","104.3864","94.2722","107.0317","97.1870","36.1365","95.2534","91.1666","99.4533","104.6054","103.5035","142.1209","110.3142","79.4230","55.3044","71.3584","75.2188","27.0944","78.0473","60.4747","79.3765","90.0606","123.6752","117.4483","116.7113","65.6349","56.5833","48.9493","35.9117","53.9328","13.1951","35.2050","76.8284","74.3136","81.1369","99.9566","59.9019","26.3280","73.3682","31.4707","70.3434","43.8345","52.2459","86.0733","66.2392","11.8810","144.2439","148.6761","65.9511","67.8333","86.7229","38.4647","35.3370","33.9883","42.6823","44.3743","35.7829","43.6299","79.5996","36.6824","36.4125","67.1785","70.9315","25.7058","39.6033","94.7810","92.5631","24.5336","19.8256","27.2577","34.7884","109.4026","175.3464","59.3688","122.9747","33.7354","66.8406","42.5026","56.7605","62.6240","30.7391","133.9331","52.9235","95.1695","135.2881","98.0707","88.1054","86.0401","121.1230","82.0970","95.8052","86.0859","85.5907","86.4528","93.7087","127.6351"
"C:\Users\cfg364\Sommerlab Dropbox\Casper van der Luijt\Casper\Data\BioLog\OmniLog\CL2\DATA_2024\07\_NRRL 471_Aspergillus oryzae__3_30_CL2_769_7#24#2024_A_21B_29.OKA","7/24/2024 10:32:48 PM","21-B","PM03B","","NRRL 471","Aspergillus oryzae","",54.7500,"49.3752","104.2832","92.9129","106.6527","98.3752","41.0515","98.1175","92.0744","99.4656","108.8752","98.5225","143.9698","103.8002","80.2282","55.4116","69.9645","71.8578","23.9725","77.2814","64.2225","78.9922","86.2850","120.4657","123.4389","111.6945","68.2166","56.2442","45.9580","34.8792","52.9808","11.0000","29.9337","73.1102","71.7419","79.8711","97.8589","57.5298","24.4049","72.5386","27.0858","75.9722","36.0092","51.2795","83.0738","62.4760","12.6332","145.3068","149.4301","65.9802","66.1718","86.0073","33.3618","33.9678","30.3296","40.4620","45.0152","30.6756","41.2754","77.5667","33.8839","42.0646","65.7380","70.7704","29.6384","35.9773","93.5067","91.8711","25.4729","19.5166","27.1130","32.2759","105.3714","172.7971","55.8553","120.9321","30.6830","65.0309","34.5898","56.6037","64.1527","33.3550","134.4696","52.7597","88.3180","137.2361","94.7554","86.5756","90.6312","116.7147","82.8920","90.1707","88.7055","84.5145","87.3922","92.1898","126.5070"
"C:\Users\cfg364\Sommerlab Dropbox\Casper van der Luijt\Casper\Data\BioLog\OmniLog\CL2\DATA_2024\07\_NRRL 471_Aspergillus oryzae__3_30_CL2_769_7#24#2024_A_21B_29.OKA","7/24/2024 10:32:48 PM","21-B","PM03B","","NRRL 471","Aspergillus oryzae","",55.0000,"48.5401","106.4451","94.0571","106.4501","100.5604","37.3824","93.9630","91.8059","99.9442","107.0936","101.4497","140.8060","106.0933","84.4297","54.6756","73.1112","74.8420","26.0999","77.1082","63.0633","79.0576","94.5559","122.4555","119.1166","115.3589","66.7366","58.0266","44.7332","35.4156","55.9547","13.5787","32.3987","71.4533","72.5830","77.6787","101.0699","60.8924","28.2460","76.3677","28.2584","71.5646","39.8561","54.3447","82.2223","65.3732","13.0558","146.0272","149.9132","67.6850","69.8481","84.8860","35.5150","31.6864","31.9304","42.7136","42.7956","29.5938","39.5187","75.5421","37.1913","40.4484","67.9076","72.0390","29.2183","37.9526","95.1139","92.9281","22.9576","20.7214","30.4632","34.4817","109.7336","167.2329","56.9563","120.1292","26.8739","66.3340","39.8265","53.0969","63.0053","30.7354","132.0486","49.4698","90.5766","136.8984","96.1274","86.0073","87.0709","116.7476","75.7532","93.9814","89.6406","83.4761","84.0832","89.9600","128.6789"
"C:\Users\cfg364\Sommerlab Dropbox\Casper van der Luijt\Casper\Data\BioLog\OmniLog\CL2\DATA_2024\07\_NRRL 471_Aspergillus oryzae__3_30_CL2_769_7#24#2024_A_21B_29.OKA","7/24/2024 10:32:48 PM","21-B","PM03B","","NRRL 471","Aspergillus oryzae","",55.2500,"53.3172","104.2154","92.9820","112.9342","100.2339","34.6201","101.8621","91.2767","98.7815","112.5197","105.4297","137.9640","102.1785","81.3523","60.8130","71.0418","74.7578","29.1844","78.0730","63.0216","81.5846","90.1311","124.1575","122.6808","115.4414","63.4090","57.9457","51.3951","35.9075","57.5559","11.0000","28.9898","72.5456","75.4512","77.2785","99.3896","62.8779","24.5118","77.7574","29.6631","74.4371","42.6222","55.1497","86.7036","62.9935","13.2739","148.7387","155.9035","66.1176","68.3525","84.9944","36.2297","33.9980","31.6402","39.8492","43.8145","34.4292","42.4984","80.8355","32.4605","37.4025","73.2922","72.8866","29.3893","38.9555","93.3626","89.9394","21.7334","21.7220","31.6999","36.0513","110.2976","170.9828","59.0179","121.6900","31.8566","66.3901","39.0108","54.6550","63.2681","30.6816","135.0051","55.5748","87.6005","139.2595","97.0387","86.4749","84.7147","122.5088","77.7728","94.2494","88.5957","81.9672","86.3737","94.6263","128.5591"
"C:\Users\cfg364\Sommerlab Dropbox\Casper van der Luijt\Casper\Data\BioLog\OmniLog\CL2\DATA_2024\07\_NRRL 471_Aspergillus oryzae__3_30_CL2_769_7#24#2024_A_21B_29.OKA","7/24/2024 10:32:48 PM","21-B","PM03B","","NRRL 471","Aspergillus oryzae","",55.5000,"54.7709","107.8641","96.0778","108.3780","101.9500","35.3596","100.3999","90.8339","98.4443","115.0857","103.2882","143.7753","104.1905","79.9748","55.6726","75.5380","74.9590","27.0570","79.2863","67.1296","79.4402","87.5870","122.0013","123.7383","113.5307","62.9595","55.9804","43.7470","36.5475","60.7779","12.3723","27.9307","74.2774","72.0929","79.1359","104.0990","63.8978","27.1992","75.3269","30.8814","75.1426","41.5457","57.1018","86.1913","60.9848","15.8034","147.2167","155.3402","69.3573","68.2517","89.1699","37.9391","37.7489","31.9997","40.9903","45.9058","32.7149","39.5772","77.9943","36.8181","39.8616","68.3232","73.5642","29.3211","36.4350","92.7393","92.2945","22.5525","20.9229","30.5696","36.1645","111.5572","172.9194","60.7662","122.1730","30.3814","70.6598","37.9938","55.6244","64.2906","34.3608","132.8511","56.9537","90.2294","139.3327","98.6138","88.8861","91.1986","122.8287","81.5011","92.9566","91.9599","82.2042","86.1404","95.7018","129.2730"
"C:\Users\cfg364\Sommerlab Dropbox\Casper van der Luijt\Casper\Data\BioLog\OmniLog\CL2\DATA_2024\07\_NRRL 471_Aspergillus oryzae__3_30_CL2_769_7#24#2024_A_21B_29.OKA","7/24/2024 10:32:48 PM","21-B","PM03B","","NRRL 471","Aspergillus oryzae","",55.7500,"53.7200","107.0463","97.4583","112.3828","100.2516","38.1146","101.3366","96.0198","101.5235","112.6457","103.6906","145.3777","109.1439","82.1745","57.4472","73.5038","76.0529","29.2120","82.8802","68.1896","81.8225","88.9445","125.1566","124.7356","113.4693","63.9242","56.5856","50.1250","38.2456","55.7703","16.9063","30.2353","75.5135","76.9172","80.4853","105.8872","64.9738","30.4972","77.9107","27.9729","75.4016","39.4718","53.2830","89.2417","68.0224","14.8450","147.2561","158.2374","66.1170","71.1215","90.5824","40.2358","37.8819","35.9557","45.2788","49.0081","37.0522","43.5365","81.4722","34.3294","42.7958","71.5726","72.7025","32.0026","41.9108","96.2891","94.2122","27.1170","23.1256","28.8232","37.0533","112.4658","174.7103","60.6815","121.1101","30.3674","70.4415","41.5145","61.0521","66.7959","35.0674","136.5128","56.5757","91.2310","140.4823","101.0664","89.4920","90.0303","122.8707","81.5142","95.4323","90.9738","83.8984","88.5246","96.3226","130.6894"
"C:\Users\cfg364\Sommerlab Dropbox\Casper van der Luijt\Casper\Data\BioLog\OmniLog\CL2\DATA_2024\07\_NRRL 471_Aspergillus oryzae__3_30_CL2_769_7#24#2024_A_21B_29.OKA","7/24/2024 10:32:48 PM","21-B","PM03B","","NRRL 471","Aspergillus oryzae","",56.0000,"50.9938","107.1112","94.2031","112.8246","104.5349","38.0179","97.7114","92.4897","101.3233","110.9076","104.9812","146.5889","106.9677","78.8732","56.6436","71.6087","74.4164","25.0338","80.8613","67.4735","82.0506","93.0640","125.5507","126.2855","114.1088","68.7772","59.5379","50.3489","38.2144","57.9294","15.6293","32.0916","76.1230","73.4716","79.6830","106.3154","64.4978","27.8607","78.0687","28.4238","78.6440","41.5482","56.5380","89.6872","67.3152","14.5517","148.9870","157.9104","68.9003","72.6977","92.1081","37.2589","39.5005","35.2347","47.7816","46.2502","35.9084","44.0919","80.9871","36.6750","41.5658","72.6605","72.6717","28.8911","41.1133","100.9087","94.8081","26.3958","23.8240","27.3807","38.2770","112.9372","170.9889","59.6624","123.7303","33.6469","64.9412","38.2587","60.4510","64.8304","36.5000","134.8782","56.4477","91.1375","140.1730","103.5586","86.4453","93.0522","124.6297","81.9685","94.6753","87.9517","86.3701","89.3624","96.1328","130.7205"
"C:\Users\cfg364\Sommerlab Dropbox\Casper van der Luijt\Casper\Data\BioLog\OmniLog\CL2\DATA_2024\07\_NRRL 471_Aspergillus oryzae__3_30_CL2_769_7#24#2024_A_21B_29.OKA","7/24/2024 10:32:48 PM","21-B","PM03B","","NRRL 471","Aspergillus oryzae","",56.2500,"51.4054","110.0407","91.3342","110.9315","105.4061","40.8896","103.0638","97.6267","100.1360","108.9180","101.9668","144.8334","109.6585","80.4114","56.3222","76.0553","73.8462","27.8165","80.0649","69.5928","81.5362","94.7625","122.1463","126.1924","116.0000","66.6038","56.6783","48.4886","32.4212","54.5002","15.4007","32.6736","70.8456","73.8182","82.4429","106.3406","61.8062","26.6935","78.6008","29.8164","82.5892","43.8466","55.6099","87.3854","64.0686","11.0000","143.8022","157.7654","65.4187","67.8239","90.3425","36.0591","33.8199","32.6952","42.1277","44.5459","33.7371","39.4720","80.6098","35.5821","39.3189","69.1437","74.0814","28.2339","38.7542","93.9960","89.9683","23.2311","24.3528","28.2613","33.2528","111.0627","168.8458","63.8390","120.2400","30.6754","71.0234","41.6172","58.0848","64.7095","32.7449","136.7634","53.5862","94.2172","142.2731","100.0334","91.9168","90.1452","129.4816","84.6408","94.9245","91.4387","85.8305","89.0243","97.4712","129.4406"
"C:\Users\cfg364\Sommerlab Dropbox\Casper van der Luijt\Casper\Data\BioLog\OmniLog\CL2\DATA_2024\07\_NRRL 471_Aspergillus oryzae__3_30_CL2_769_7#24#2024_A_21B_29.OKA","7/24/2024 10:32:48 PM","21-B","PM03B","","NRRL 471","Aspergillus oryzae","",56.5000,"53.1720","112.2073","94.9482","112.8532","99.6921","36.1732","101.3101","95.1473","103.0623","115.0877","104.4927","145.1966","105.3714","79.3154","59.8898","76.8325","73.4097","27.1664","77.5010","65.1051","82.2093","91.3199","119.2822","123.5145","115.1913","67.1529","60.0615","49.9787","42.1166","60.8770","11.0000","30.8827","72.2370","74.0610","82.3794","102.9729","61.6036","23.6826","79.5565","27.0856","76.6105","45.7951","55.9955","89.7250","63.6689","11.4567","149.5390","158.6756","67.2873","72.6806","88.8595","36.4861","36.6510","33.7942","40.9929","46.0101","30.0620","40.7738","78.4994","34.8496","39.9604","73.1384","72.4176","31.8053","40.2993","96.8079","90.6756","25.8632","21.5661","31.0255","32.4790","114.5385","173.3304","60.6036","122.5036","29.1344","72.2618","39.1334","61.2541","64.2313","34.4007","134.4026","55.4151","94.4054","141.7716","97.5243","87.1310","90.1172","129.0238","83.2892","90.6440","90.5114","84.4818","88.8732","94.0935","130.1542"
"C:\Users\cfg364\Sommerlab Dropbox\Casper van der Luijt\Casper\Data\BioLog\OmniLog\CL2\DATA_2024\07\_NRRL 471_Aspergillus oryzae__3_30_CL2_769_7#24#2024_A_21B_29.OKA","7/24/2024 10:32:48 PM","21-B","PM03B","","NRRL 471","Aspergillus oryzae","",56.7500,"51.1008","108.5696","93.7893","113.0442","105.5006","37.6468","100.9020","96.4645","101.6812","112.0984","104.7432","146.0541","106.8159","83.2270","60.9792","77.6261","75.4346","31.4899","82.0695","69.1235","84.0550","91.3647","116.0824","129.1177","115.7984","67.1726","65.2454","49.4662","37.7485","58.3844","12.1829","30.1280","80.3832","73.2124","80.9677","102.8066","62.2224","24.0966","79.2856","24.8996","83.4342","42.8789","57.5896","88.6690","68.3924","14.9622","155.3993","159.8233","71.6054","74.7788","89.4907","37.2935","35.7705","38.4073","43.3339","48.6896","38.5396","40.5963","81.2003","39.2530","42.2799","73.1593","72.8092","27.6421","39.5053","97.5957","94.7097","22.5771","23.2633","28.7656","37.5905","114.1856","175.5485","67.0645","128.8353","28.3482","71.0366","41.6833","59.7757","62.6995","33.3045","135.2041","54.1661","93.6874","145.2105","101.5254","90.4419","92.4014","130.5105","85.4385","97.7940","91.7130","88.8633","92.8728","96.8515","134.0603"
"C:\Users\cfg364\Sommerlab Dropbox\Casper van der Luijt\Casper\Data\BioLog\OmniLog\CL2\DATA_2024\07\_NRRL 471_Aspergillus oryzae__3_30_CL2_769_7#24#2024_A_21B_29.OKA","7/24/2024 10:32:48 PM","21-B","PM03B","","NRRL 471","Aspergillus oryzae","",57.0000,"53.2767","109.7472","96.4681","112.5236","104.5272","38.5068","99.0613","96.0066","103.3123","112.4602","103.6684","146.4446","111.0294","78.7287","57.8400","75.8678","74.1536","30.4453","79.2915","62.8975","80.9939","92.4308","120.2980","127.1882","118.8061","70.3480","60.9182","50.4788","38.6520","62.9483","15.5747","29.4141","77.1425","74.6422","80.5291","104.5906","62.7491","23.4305","73.4133","31.5754","82.2327","46.8671","55.0380","90.7093","64.2782","11.0654","151.6298","160.7641","67.7832","72.9558","94.2944","36.5956","37.5144","33.8784","41.6286","46.4643","40.5492","41.0227","80.3407","34.4155","37.8545","69.5439","73.9333","32.5766","40.6296","98.9201","92.9075","20.0655","22.5455","29.0482","39.3141","115.3805","171.4461","58.6379","125.7578","32.9279","75.1960","38.9314","59.4081","66.4787","36.1091","132.5851","56.8186","93.9208","143.5246","101.0919","90.3183","92.5903","132.8104","79.9015","99.4998","93.9972","85.3855","89.1139","95.0537","132.4108"
"C:\Users\cfg364\Sommerlab Dropbox\Casper van der Luijt\Casper\Data\BioLog\OmniLog\CL2\DATA_2024\07\_NRRL 471_Aspergillus oryzae__3_30_CL2_769_7#24#2024_A_21B_29.OKA","7/24/2024 10:32:48 PM","21-B","PM03B","","NRRL 471","Aspergillus oryzae","",57.2500,"49.9754","110.1861","97.8063","116.6497","99.6185","39.0491","97.8145","96.2876","102.3785","112.5578","100.4334","148.1245","109.1995","84.5094","56.6326","79.1061","77.6112","25.7103","80.0735","67.2905","84.6182","92.6011","121.0066","127.3832","116.1147","66.2401","59.8082","49.4573","40.1486","60.8733","14.4883","28.5935","77.5890","75.0332","80.7477","103.4199","67.6857","29.1281","76.6409","30.6317","84.9625","41.8182","59.1747","90.3452","67.2651","12.0439","154.9422","159.2141","69.9233","76.4314","91.0810","36.9827","38.6161","33.8643","41.2779","47.0618","33.5458","44.9543","79.3706","35.6326","42.5485","74.6672","69.4607","29.5418","41.5192","99.7508","91.9130","23.5334","25.0733","27.1547","33.7425","113.3400","176.7381","62.8440","123.2252","30.5289","73.4717","41.1321","58.1587","64.3746","38.8040","135.4300","55.8232","96.0374","143.4559","99.2442","89.1312","92.6534","135.7335","85.2226","97.6749","92.5634","87.8018","89.5371","95.6503","131.4933"
"C:\Users\cfg364\Sommerlab Dropbox\Casper van der Luijt\Casper\Data\BioLog\OmniLog\CL2\DATA_2024\07\_NRRL 471_Aspergillus oryzae__3_30_CL2_769_7#24#2024_A_21B_29.OKA","7/24/2024 10:32:48 PM","21-B","PM03B","","NRRL 471","Aspergillus oryzae","",57.5000,"54.3528","108.9351","94.4955","115.9774","101.1053","39.3784","100.8699","98.9597","104.3662","115.9201","109.0180","152.1866","108.5960","79.5760","56.5761","75.8553","75.3533","28.4274","78.5008","65.6956","85.7478","92.6197","121.1203","126.6240","116.6877","67.8818","61.2884","45.2314","38.2299","60.7459","13.0829","32.2628","75.9849","73.1324","82.9961","105.1147","61.6627","28.2863","82.7280","28.6922","83.0317","45.3345","57.7459","93.1164","63.7209","12.3345","155.9330","159.8417","71.6793","75.4279","88.7825","35.6976","37.3008","36.4556","41.3071","47.4104","36.8704","43.1206","79.5305","33.6111","43.2090","75.9669","78.0744","31.0325","38.4390","98.7851","94.7049","20.7145","24.2278","28.3973","35.0000","113.3404","171.4779","61.9116","126.2701","29.1154","72.3832","42.5318","62.0216","63.7006","33.8298","136.7846","56.4356","95.9938","142.4238","99.6608","92.3133","90.4488","135.6998","85.1264","98.4778","95.5088","88.5329","89.0106","94.9381","136.5527"
"C:\Users\cfg364\Sommerlab Dropbox\Casper van der Luijt\Casper\Data\BioLog\OmniLog\CL2\DATA_2024\07\_NRRL 471_Aspergillus oryzae__3_30_CL2_769_7#24#2024_A_21B_29.OKA","7/24/2024 10:32:48 PM","21-B","PM03B","","NRRL 471","Aspergillus oryzae","",57.7500,"55.5469","112.1117","99.0097","115.7220","106.3383","40.8671","104.2767","102.1684","106.9902","117.0923","109.9712","149.5655","111.8729","87.8505","60.5914","77.4202","78.2883","30.4820","81.2137","70.0187","87.6489","94.9734","121.7890","128.1356","117.7823","68.2803","61.6589","54.5823","40.8065","64.2318","12.5057","32.9026","80.2325","74.4348","83.3171","108.2050","70.9623","32.6432","81.0577","29.4476","85.5957","47.4313","60.8679","91.9691","69.6942","15.1003","154.1049","161.4214","74.0490","77.0969","95.7506","37.7893","36.9864","39.3354","46.8937","49.7515","35.8071","44.1279","86.2391","37.9801","45.3074","74.0769","78.8359","32.8148","44.1991","101.4053","98.9289","29.2579","25.5905","29.0245","41.9989","119.5598","169.2110","66.5236","127.6989","33.3896","78.3929","44.5535","63.1941","68.3002","39.2313","143.2911","57.6503","99.3789","149.9707","109.3171","93.0060","93.3011","140.0863","88.4250","101.1802","94.5915","90.8800","89.7876","98.6094","132.6547"
"C:\Users\cfg364\Sommerlab Dropbox\Casper van der Luijt\Casper\Data\BioLog\OmniLog\CL2\DATA_2024\07\_NRRL 471_Aspergillus oryzae__3_30_CL2_769_7#24#2024_A_21B_29.OKA","7/24/2024 10:32:48 PM","21-B","PM03B","","NRRL 471","Aspergillus oryzae","",58.0000,"57.4008","111.3513","99.0710","117.0518","103.3347","37.8881","105.1802","101.7121","109.3922","111.2431","110.6280","153.3013","114.6971","86.4805","55.5312","80.4430","76.5288","31.5609","84.4723","65.5448","85.0592","98.6958","126.1829","129.7705","122.6171","67.8738","63.5090","49.9178","42.3771","65.2546","17.0101","30.1282","79.8504","74.5989","84.7383","107.9805","64.8253","28.6281","81.0664","29.9160","88.5834","49.5027","57.1556","95.3099","74.2136","17.4394","156.5094","162.8743","72.9462","78.5903","96.0187","35.9222","39.5226","37.5625","43.7217","55.1094","38.4173","44.5707","83.1557","35.3803","43.0964","73.7648","76.2776","31.7627","43.5321","100.4022","98.2575","23.8874","24.6601","31.2015","38.8778","118.5229","172.4547","62.4747","134.9286","31.2233","75.2561","43.6165","62.3514","68.5751","36.0771","139.4399","59.1023","99.1847","146.2624","106.7293","97.4804","92.8352","137.8813","88.5066","98.4954","97.1035","90.2970","95.7573","99.4588","136.5844"
"C:\Users\cfg364\Sommerlab Dropbox\Casper van der Luijt\Casper\Data\BioLog\OmniLog\CL2\DATA_2024\07\_NRRL 471_Aspergillus oryzae__3_30_CL2_769_7#24#2024_A_21B_29.OKA","7/24/2024 10:32:48 PM","21-B","PM03B","","NRRL 471","Aspergillus oryzae","",58.2500,"52.9477","109.4283","95.3646","118.0782","105.1564","42.0071","101.1406","97.2632","105.3780","115.0524","109.2665","154.6214","110.2063","87.6700","62.1881","79.1334","76.1501","27.4260","82.9965","65.2990","84.6680","95.6132","123.1257","132.3953","121.4545","68.6538","62.3372","53.5580","41.4693","65.0789","16.4798","37.2594","81.1528","80.2648","84.1444","108.2304","68.5491","28.4819","82.0061","30.1543","88.9289","48.8480","61.5152","92.8696","68.0790","15.2350","156.0765","162.1490","73.7319","80.5845","99.0025","38.6825","36.7847","37.2461","46.7633","48.2326","34.5597","43.8133","82.2289","36.7172","42.1609","75.4269","76.7683","33.4028","43.3767","102.6617","94.5319","27.1923","26.3714","31.5804","39.3441","117.4623","173.5477","66.3765","130.0757","32.4787","71.6225","42.9095","63.2313","68.3041","40.3939","139.7840","59.8844","99.7884","149.3671","101.7061","95.8751","95.8641","139.1575","87.6625","100.5283","95.6558","91.2457","91.4115","95.4392","135.2494"
"C:\Users\cfg364\Sommerlab Dropbox\Casper van der Luijt\Casper\Data\BioLog\OmniLog\CL2\DATA_2024\07\_NRRL 471_Aspergillus oryzae__3_30_CL2_769_7#24#2024_A_21B_29.OKA","7/24/2024 10:32:48 PM","21-B","PM03B","","NRRL 471","Aspergillus oryzae","",58.5000,"58.2532","111.0269","96.6747","116.5638","105.4409","44.4270","102.9742","97.8283","106.3743","115.1190","109.9325","151.6729","112.1786","87.1121","61.9626","79.1334","79.3243","29.7270","77.5107","70.6800","80.3751","98.2030","127.7535","133.3591","121.6441","71.9951","63.3475","54.9766","39.3647","63.4392","18.4232","36.1107","80.0275","74.9466","87.8273","107.7362","71.1202","25.8956","84.9595","33.3413","87.7207","50.2568","62.9430","92.9335","67.7246","15.9843","158.6584","164.1809","76.1364","82.3137","99.2192","38.5250","36.5288","39.8083","48.1497","49.7321","35.7089","45.5507","86.4551","36.0187","43.2120","75.1709","75.2596","34.3674","43.6652","103.6080","100.0057","26.5622","24.2118","32.6301","37.7605","117.8397","175.0480","65.0990","132.9913","33.3440","73.6786","43.8084","64.9080","65.6763","38.7361","143.0419","63.8567","99.5404","150.8781","103.0087","94.9383","96.1112","143.8264","89.9428","100.0881","91.4166","91.5348","92.9324","97.1280","134.6285"
"C:\Users\cfg364\Sommerlab Dropbox\Casper van der Luijt\Casper\Data\BioLog\OmniLog\CL2\DATA_2024\07\_NRRL 471_Aspergillus oryzae__3_30_CL2_769_7#24#2024_A_21B_29.OKA","7/24/2024 10:32:48 PM","21-B","PM03B","","NRRL 471","Aspergillus oryzae","",58.7500,"53.5683","107.5360","98.9344","115.3649","107.7806","38.4579","105.3972","100.9198","108.4332","118.5153","107.8013","153.2127","110.0498","86.6854","62.7358","77.4654","77.4387","28.7363","84.8792","68.5928","85.8477","98.3669","127.2246","131.0328","123.8254","69.4072","59.7167","55.2346","40.1500","61.5472","14.8549","34.9940","84.7215","76.6226","86.7705","108.6587","68.4539","27.2706","83.1372","31.6351","88.4201","48.0028","62.3402","94.6903","68.4333","13.5736","160.2272","166.1801","75.6190","81.4811","99.3740","37.0448","36.2729","35.4339","46.1646","49.1578","37.3051","43.8133","85.1222","37.3839","41.9445","74.7868","75.5059","32.1893","43.7614","103.4503","99.7526","26.4677","26.7207","34.8567","40.8631","120.7018","176.7932","64.4284","132.9913","33.3440","71.9438","40.7266","63.9905","67.8292","37.7159","146.5873","62.8957","100.9664","150.2922","102.7863","94.3450","96.3273","141.7619","88.5939","101.3774","97.2813","90.6674","94.7445","96.4588","137.4848"
"C:\Users\cfg364\Sommerlab Dropbox\Casper van der Luijt\Casper\Data\BioLog\OmniLog\CL2\DATA_2024\07\_NRRL 471_Aspergillus oryzae__3_30_CL2_769_7#24#2024_A_21B_29.OKA","7/24/2024 10:32:48 PM","21-B","PM03B","","NRRL 471","Aspergillus oryzae","",59.0000,"52.9703","115.9897","97.8506","121.1481","107.5463","38.5126","104.1314","99.1073","110.1843","121.0817","106.3952","153.2499","107.1803","86.1963","61.9406","79.8594","77.4269","28.3574","84.3813","71.3457","87.5921","94.4804","130.3000","134.4308","125.1739","71.1421","61.6253","55.9124","43.3827","67.1751","18.5423","33.6470","83.3581","79.9346","85.9943","104.8842","70.9644","25.7084","83.9592","29.6375","91.3421","46.8320","62.2029","96.7073","68.4856","14.6993","161.8127","168.9991","70.4859","79.7929","100.3388","40.1630","39.6377","37.2574","44.4377","51.9635","39.4800","42.9966","89.5298","40.7050","43.9119","74.8631","79.1697","34.8582","43.9562","102.4621","102.2542","27.0746","25.0312","31.6002","39.9445","121.5075","178.3725","71.6506","131.5466","35.8949","71.8522","42.9803","63.1283","66.4265","41.7786","141.9515","62.2865","99.9064","150.0960","105.1659","96.8328","94.4029","143.9557","85.5348","104.0308","98.5492","91.6366","95.9293","97.6625","137.9220"
"C:\Users\cfg364\Sommerlab Dropbox\Casper van der Luijt\Casper\Data\BioLog\OmniLog\CL2\DATA_2024\07\_NRRL 471_Aspergillus oryzae__3_30_CL2_769_7#24#2024_A_21B_29.OKA","7/24/2024 10:32:48 PM","21-B","PM03B","","NRRL 471","Aspergillus oryzae","",59.2500,"54.4511","118.2922","101.7525","121.4861","107.3202","34.5259","105.7373","97.7415","106.3939","115.4773","106.5607","156.9911","111.9211","83.9878","61.5937","78.7093","79.8987","30.7377","86.1896","68.1080","85.8657","95.5260","125.7312","138.9308","118.0640","71.9196","62.3215","51.7859","39.4359","67.5297","15.1963","32.1649","84.6474","76.0569","86.4131","108.6815","67.5451","24.0152","80.7652","29.7547","91.6018","51.1009","59.2387","94.5536","63.4703","18.0299","163.0339","168.2840","75.6247","79.7143","97.8579","40.4175","35.2408","37.2083","46.1075","52.1188","36.2194","44.3814","82.4725","38.6754","42.4975","73.3410","80.1996","32.6799","43.8472","104.5748","103.3447","23.5476","27.3828","31.2138","38.3507","123.0204","173.7244","68.7676","132.1893","32.8612","75.7100","46.4930","65.4570","69.0311","38.6444","146.9693","68.3238","96.6998","150.0444","108.1555","97.0424","95.5478","146.2186","85.5682","105.3148","96.3223","89.6740","96.6507","98.5898","136.0894"
"C:\Users\cfg364\Sommerlab Dropbox\Casper van der Luijt\Casper\Data\BioLog\OmniLog\CL2\DATA_2024\07\_NRRL 471_Aspergillus oryzae__3_30_CL2_769_7#24#2024_A_21B_29.OKA","7/24/2024 10:32:48 PM","21-B","PM03B","","NRRL 471","Aspergillus oryzae","",59.5000,"53.7080","113.1144","103.1851","121.6289","107.1344","43.6725","103.7511","101.1042","106.7502","117.5080","113.6491","155.0461","116.9773","84.2827","64.0367","76.6533","77.1167","28.6724","84.5091","66.6380","87.2193","94.9109","125.3124","141.6755","124.1092","69.4751","63.2878","52.2272","39.1319","68.7180","13.7939","32.1763","79.7267","77.7441","85.6743","109.4652","64.7691","29.6856","80.0068","29.1803","92.1494","49.1491","63.0777","94.6859","66.4698","15.9989","163.5229","168.9713","73.3999","82.3109","101.2619","40.1199","40.9865","36.6920","47.1017","55.1041","38.5755","44.9764","86.4926","38.4275","43.8342","74.4443","81.2489","35.2458","43.6180","101.3843","98.8162","27.7078","23.2636","26.7384","38.4620","120.1887","178.1266","66.9783","133.0398","35.2655","72.1273","42.5432","63.7166","66.9394","38.3905","144.6617","63.1680","101.2176","153.6315","106.5134","97.5365","95.1072","145.6683","90.6753","102.1345","95.4232","91.7637","93.6964","101.3978","138.2153"
"C:\Users\cfg364\Sommerlab Dropbox\Casper van der Luijt\Casper\Data\BioLog\OmniLog\CL2\DATA_2024\07\_NRRL 471_Aspergillus oryzae__3_30_CL2_769_7#24#2024_A_21B_29.OKA","7/24/2024 10:32:48 PM","21-B","PM03B","","NRRL 471","Aspergillus oryzae","",59.7500,"56.5037","116.0049","102.1621","118.5861","105.5394","36.4721","105.5066","102.5334","112.1194","118.5996","109.4323","154.7510","116.0804","86.0349","65.4003","79.1586","80.1004","33.2187","85.6635","74.8775","91.4283","97.8120","126.8462","135.1920","121.9401","71.7842","65.4807","59.5852","38.9169","71.7277","13.3982","37.3568","87.3934","81.4514","87.9667","111.0484","69.2510","29.8024","84.7733","33.8563","92.7442","52.5676","60.1451","102.1240","72.7749","17.3127","162.6268","170.6365","77.8888","86.1792","100.5393","45.3213","40.6867","37.8682","48.2718","51.9704","35.6627","43.7328","86.0534","37.8501","42.4552","75.7088","80.0232","35.2333","45.6873","104.7853","97.9110","24.4484","24.5149","31.9730","41.1004","119.6975","174.5815","71.0750","135.4703","34.8220","77.1788","44.6621","65.8428","69.0871","38.0929","146.8241","66.9219","100.0898","158.5135","104.9049","96.1818","93.5378","145.1635","86.3210","102.6648","97.9872","92.4682","97.7091","102.6623","140.1852"
"C:\Users\cfg364\Sommerlab Dropbox\Casper van der Luijt\Casper\Data\BioLog\OmniLog\CL2\DATA_2024\07\_NRRL 471_Aspergillus oryzae__3_30_CL2_769_7#24#2024_A_21B_29.OKA","7/24/2024 10:32:48 PM","21-B","PM03B","","NRRL 471","Aspergillus oryzae","",60.0000,"54.6510","118.5518","101.8650","124.7015","108.1030","41.5024","106.0077","105.3231","107.9064","119.4453","110.3286","157.8428","110.3742","86.2861","64.0085","78.8886","82.6464","27.8178","87.1449","68.1247","87.8371","95.3225","126.3356","135.9171","125.4646","71.8994","66.1193","56.0801","40.5652","71.2756","12.7920","31.0666","86.5741","76.2060","89.2734","109.8655","72.0261","29.6792","83.2954","27.2221","93.9664","55.9411","64.1646","101.2352","67.0354","14.8856","160.0630","167.7755","77.8916","88.3252","101.2062","40.0816","37.2946","37.1939","49.5357","52.9734","37.9145","42.7252","84.3231","43.6899","41.2093","73.9463","72.5176","35.1756","43.7170","105.4060","100.1827","24.6028","27.9457","31.1572","38.4068","119.9784","176.1644","67.4126","132.2101","30.2493","77.3145","42.8391","66.7564","72.7257","41.1656","145.2559","66.8564","100.6477","155.1024","104.8543","97.4887","100.8571","150.4919","89.2385","101.4269","94.8001","93.2911","95.5106","97.3489","140.0323"
"C:\Users\cfg364\Sommerlab Dropbox\Casper van der Luijt\Casper\Data\BioLog\OmniLog\CL2\DATA_2024\07\_NRRL 471_Aspergillus oryzae__3_30_CL2_769_7#24#2024_A_21B_29.OKA","7/24/2024 10:32:48 PM","21-B","PM03B","","NRRL 471","Aspergillus oryzae","",60.2500,"53.1670","111.4006","101.8883","118.8306","108.9193","41.7023","109.6794","99.7549","111.8812","123.7808","109.6363","156.4336","112.9315","91.3780","61.1270","82.8630","80.0641","33.1734","81.5797","71.3473","89.2345","99.5403","129.8692","137.4712","126.7481","72.3549","65.3990","53.1704","44.4228","73.0694","15.8865","35.7190","84.7688","76.9588","86.8871","110.0237","70.4632","32.7163","83.4935","31.8664","95.3067","47.5193","62.2844","97.2045","69.9618","15.5306","162.5504","171.9928","74.4631","84.3940","103.6956","40.0222","37.8113","39.7403","52.2971","54.9622","40.9639","45.3060","87.0176","40.8789","43.9381","77.0791","79.8422","37.9015","45.0358","108.2498","102.8579","25.0791","32.9457","35.7086","40.8104","119.6990","176.0474","72.5458","133.3589","34.6729","74.0201","43.6012","67.1142","72.9424","41.8192","147.7497","66.6449","99.2175","153.7749","106.3221","96.1432","94.1690","151.1406","91.1425","103.0970","97.0876","91.9554","96.2577","100.3272","138.0906"
"C:\Users\cfg364\Sommerlab Dropbox\Casper van der Luijt\Casper\Data\BioLog\OmniLog\CL2\DATA_2024\07\_NRRL 471_Aspergillus oryzae__3_30_CL2_769_7#24#2024_A_21B_29.OKA","7/24/2024 10:32:48 PM","21-B","PM03B","","NRRL 471","Aspergillus oryzae","",60.5000,"49.1910","111.5698","103.7438","125.3942","106.9270","37.6009","108.8766","102.4348","106.3647","119.4930","110.3745","152.2677","115.6800","87.4467","69.4930","80.0777","77.9138","31.1401","84.0069","69.3935","88.5726","99.7280","127.8119","136.6163","123.0558","72.9055","63.8309","53.1450","39.1848","68.0844","11.0320","35.3361","86.6753","77.1290","86.5045","110.2331","69.8056","31.4236","84.8898","32.1987","92.5156","51.2799","60.4031","101.6224","66.7366","14.8397","165.7718","167.1613","75.5108","85.8685","99.0930","42.8812","38.4245","37.5879","46.1822","55.8087","33.8068","44.5183","88.7999","35.3238","42.0143","79.5762","78.7737","38.2794","43.4318","102.3163","97.0747","26.2213","25.6486","30.8744","41.5728","123.3890","175.4523","70.4290","138.3517","33.9855","78.3055","44.6287","67.7658","67.0070","40.0214","147.7628","61.2577","97.5468","154.8167","103.5856","99.1266","86.2861","150.8402","87.5970","106.0724","98.3378","90.4323","96.3296","99.0075","139.5006"
"C:\Users\cfg364\Sommerlab Dropbox\Casper van der Luijt\Casper\Data\BioLog\OmniLog\CL2\DATA_2024\07\_NRRL 471_Aspergillus oryzae__3_30_CL2_769_7#24#2024_A_21B_29.OKA","7/24/2024 10:32:48 PM","21-B","PM03B","","NRRL 471","Aspergillus oryzae","",60.7500,"56.8084","113.4507","99.6874","118.4847","112.2504","39.0477","105.2034","99.6873","113.4990","119.8606","110.4340","154.2140","112.3553","89.2972","64.6062","82.6353","82.2381","31.5989","80.8381","68.0973","88.4631","97.4463","124.4477","139.3310","123.8071","70.4419","64.4864","55.1768","44.9851","71.3305","16.1098","34.9320","85.3774","81.5878","89.9043","108.3265","74.2480","29.5282","82.3331","30.9705","95.5768","50.8976","64.2518","99.4937","66.1281","13.3589","167.3958","170.0499","79.6635","89.0684","102.6196","39.4424","40.7016","37.8299","46.1587","50.0837","34.4494","42.4440","87.0581","36.9317","43.2558","73.1260","82.3166","36.8995","44.6538","103.5401","100.1385","26.5923","24.6069","34.7974","36.7674","126.5152","175.6273","73.0626","138.0453","36.4432","77.8878","44.0821","67.9171","69.0810","42.5536","145.7923","69.4203","100.9476","156.6127","104.8596","94.1849","93.6673","153.6230","87.0414","102.3634","102.2623","90.6613","94.2371","98.7019","140.2553"
"C:\Users\cfg364\Sommerlab Dropbox\Casper van der Luijt\Casper\Data\BioLog\OmniLog\CL2\DATA_2024\07\_NRRL 471_Aspergillus oryzae__3_30_CL2_769_7#24#2024_A_21B_29.OKA","7/24/2024 10:32:48 PM","21-B","PM03B","","NRRL 471","Aspergillus oryzae","",61.0000,"52.6886","115.3621","103.0498","123.8956","106.8513","41.5158","109.0543","101.4086","111.6087","120.5240","116.3960","152.1007","115.3489","84.6407","64.1049","82.8454","80.8087","30.4722","84.0103","69.7570","91.5906","100.3551","126.4178","141.1336","126.6456","72.5016","62.5974","54.0510","45.9721","74.1176","11.0000","33.1578","89.8660","83.9456","90.8906","109.2998","75.5482","27.8404","84.8486","31.2411","93.7198","50.8183","61.7972","106.4722","64.8856","13.3781","165.7305","171.8356","75.2342","87.5391","99.8764","42.1558","37.5208","36.9564","45.3698","50.3907","34.0657","43.6497","87.7150","41.6081","42.7155","73.7907","79.2263","33.9738","40.8471","103.3556","104.8468","23.7456","24.7609","31.4912","40.1202","124.8578","177.0085","70.0811","134.8752","33.2307","75.1370","44.3072","66.4100","69.4583","40.5254","149.9657","65.7147","99.9418","155.8871","105.3916","99.4663","98.8618","158.3291","89.8507","103.9147","97.6111","92.5851","98.6444","98.9913","142.4417"
"C:\Users\cfg364\Sommerlab Dropbox\Casper van der Luijt\Casper\Data\BioLog\OmniLog\CL2\DATA_2024\07\_NRRL 471_Aspergillus oryzae__3_30_CL2_769_7#24#2024_A_21B_29.OKA","7/24/2024 10:32:48 PM","21-B","PM03B","","NRRL 471","Aspergillus oryzae","",61.2500,"55.3244","115.9447","100.1506","125.9308","106.5174","37.6821","108.2583","105.8062","114.8014","121.0676","114.8653","158.0636","116.1444","87.6597","68.0670","81.3809","82.9134","33.1703","84.6091","71.0087","94.7102","96.0066","125.4739","137.8068","127.1424","70.2393","68.8974","54.5006","43.0772","75.5386","14.3880","36.8551","89.4389","80.4285","89.0075","111.4467","71.0834","28.9872","81.2529","33.6033","97.1175","53.5813","65.7908","100.3730","71.2953","17.7899","166.4041","171.0035","75.9664","86.8505","104.0083","37.2857","41.1594","37.7724","52.9143","49.9480","38.1127","49.6689","88.3347","41.8113","42.2405","74.4657","77.4951","33.4338","44.7941","101.9878","105.1947","24.5200","25.3459","31.9849","38.6662","125.8911","175.2842","75.4218","138.9974","32.8593","77.2396","45.1355","63.2541","72.7414","42.5725","152.3787","71.4454","101.4295","158.1024","109.0380","99.9773","99.0533","151.9520","88.8051","106.3614","99.8230","95.3348","96.4597","95.8851","139.0975"
"C:\Users\cfg364\Sommerlab Dropbox\Casper van der Luijt\Casper\Data\BioLog\OmniLog\CL2\DATA_2024\07\_NRRL 471_Aspergillus oryzae__3_30_CL2_769_7#24#2024_A_21B_29.OKA","7/24/2024 10:32:48 PM","21-B","PM03B","","NRRL 471","Aspergillus oryzae","",61.5000,"55.7939","114.0539","104.2681","123.9631","111.3673","43.3959","110.1776","99.7656","113.1676","121.8813","116.8623","157.6826","114.0426","89.5247","67.0015","78.4755","83.5838","28.4387","87.1923","72.0381","91.6477","97.5838","127.4951","145.7706","127.8924","75.8316","66.0355","55.9336","46.4867","73.7542","12.4098","32.9221","89.5816","81.8013","88.8025","109.3946","74.8053","32.1326","84.4560","31.6807","95.4019","56.1700","66.6714","99.4003","74.7661","14.5400","167.9150","170.6743","83.1218","90.4987","103.0610","38.8967","42.1517","38.1957","47.5192","55.4449","39.5538","45.0780","95.6970","41.2194","44.5112","76.9926","78.9606","35.0402","45.8738","108.0654","105.6691","23.6260","29.1395","33.4474","36.9135","127.6562","176.3963","71.3209","138.7339","35.5949","75.5900","43.8269","67.4441","70.5114","43.2341","149.5065","70.6132","104.2280","158.7010","110.3707","98.6875","99.2711","160.1585","91.0008","103.0570","99.4182","93.9690","98.1795","98.8314","141.1361"
"C:\Users\cfg364\Sommerlab Dropbox\Casper van der Luijt\Casper\Data\BioLog\OmniLog\CL2\DATA_2024\07\_NRRL 471_Aspergillus oryzae__3_30_CL2_769_7#24#2024_A_21B_29.OKA","7/24/2024 10:32:48 PM","21-B","PM03B","","NRRL 471","Aspergillus oryzae","",61.7500,"57.1492","114.3264","103.1910","125.5388","111.9564","42.4803","111.0172","103.9781","116.1724","127.7059","114.4687","156.5857","115.9669","81.8720","66.9684","78.9681","75.8487","30.4790","85.0577","66.3507","89.3075","99.5142","128.8094","143.4340","128.8860","67.2635","67.2259","57.5894","46.5288","73.5447","15.7439","34.5968","89.2136","81.7744","86.7612","108.1656","73.1076","26.8050","84.2530","31.7208","99.3582","50.2003","68.7325","103.6343","71.1778","17.5720","168.9496","173.3119","76.0671","85.8135","101.7142","40.5152","43.5653","38.9721","49.7229","54.7681","39.2058","49.2845","88.1869","39.9240","44.1532","77.1026","79.9430","37.6169","45.1115","106.4646","105.4340","26.3988","26.0923","35.3704","41.5549","127.2458","177.5713","69.9736","139.1223","32.3415","78.2535","43.3612","68.5680","74.4785","44.1614","152.7093","72.5460","102.5365","160.7663","107.4822","97.3730","97.3556","157.2602","89.2153","101.4472","96.3484","93.3253","100.1191","97.9246","141.7025"
"C:\Users\cfg364\Sommerlab Dropbox\Casper van der Luijt\Casper\Data\BioLog\OmniLog\CL2\DATA_2024\07\_NRRL 471_Aspergillus oryzae__3_30_CL2_769_7#24#2024_A_21B_29.OKA","7/24/2024 10:32:48 PM","21-B","PM03B","","NRRL 471","Aspergillus oryzae","",62.0000,"50.9820","117.1691","105.5993","124.6643","110.3957","43.7766","104.0273","102.0241","110.9590","122.4333","112.0981","157.7845","113.5223","87.2019","62.6398","80.6507","80.6635","32.6156","87.8476","68.5242","91.7819","99.4089","131.7929","138.9881","127.2733","70.7253","66.5439","56.0250","45.5676","77.5792","12.5341","32.1747","89.3138","77.4174","87.9299","106.6890","74.2702","31.1977","82.8808","30.8709","97.3932","53.1276","62.6028","100.5209","69.0118","13.0889","167.4180","174.0070","82.0621","92.2083","108.3590","40.5414","42.6936","36.4239","44.2086","51.6591","37.0308","47.9678","88.5590","38.9693","39.1916","75.6523","76.9850","34.5868","45.2840","106.6552","102.9261","25.7357","20.9632","30.3284","40.1695","127.1877","177.2687","71.8955","137.7113","33.2544","76.6125","48.7637","69.7590","74.1138","40.6803","154.6894","68.2362","105.6798","158.3997","108.3524","102.2387","94.7408","158.3338","93.1857","100.7490","97.5629","93.5348","97.2797","99.5761","140.6033"
"C:\Users\cfg364\Sommerlab Dropbox\Casper van der Luijt\Casper\Data\BioLog\OmniLog\CL2\DATA_2024\07\_NRRL 471_Aspergillus oryzae__3_30_CL2_769_7#24#2024_A_21B_29.OKA","7/24/2024 10:32:48 PM","21-B","PM03B","","NRRL 471","Aspergillus oryzae","",62.2500,"52.6357","117.5401","102.1622","125.9487","111.7745","42.1924","107.2407","102.3939","111.7516","124.3666","114.4537","158.6233","116.4651","89.6015","68.8238","79.7538","82.4654","30.4062","83.5358","68.5974","89.6626","101.1346","129.3727","142.4586","130.4888","77.1529","69.4575","56.5173","41.7953","76.0249","16.1005","41.1066","88.1940","80.9864","87.9541","113.0603","76.1273","28.8486","82.5763","31.9940","98.4197","54.3917","67.4272","103.7759","73.7943","15.6143","170.7813","172.9296","76.3752","88.4220","105.9597","42.7675","38.7438","39.8965","47.8000","54.2032","39.2738","48.0915","91.5895","36.9789","41.0374","76.1874","82.0436","35.2566","46.6668","106.3011","103.5041","28.3836","27.8433","33.3449","40.6527","127.1108","179.1268","73.2285","141.1802","32.9737","80.2668","44.4663","70.3038","68.0327","41.4324","151.1466","72.5572","103.5007","161.4460","111.4282","98.9106","96.4265","158.9634","91.4115","106.4037","99.5679","93.9033","96.0387","100.3536","137.2944"
"C:\Users\cfg364\Sommerlab Dropbox\Casper van der Luijt\Casper\Data\BioLog\OmniLog\CL2\DATA_2024\07\_NRRL 471_Aspergillus oryzae__3_30_CL2_769_7#24#2024_A_21B_29.OKA","7/24/2024 10:32:48 PM","21-B","PM03B","","NRRL 471","Aspergillus oryzae","",62.5000,"51.7292","116.3103","102.5948","125.1025","107.7544","38.9124","108.1484","107.1941","113.6400","127.9167","115.1516","163.1873","118.3217","84.7458","68.2802","83.2172","79.5847","30.4863","86.7022","71.7655","89.6603","97.9370","129.9882","141.8757","128.0622","72.0343","66.8014","54.2559","47.7064","76.2246","14.3248","33.0026","90.7989","77.3890","89.2759","111.2330","75.0467","34.3577","83.6812","31.2763","99.3162","55.0402","65.5621","103.8462","73.1550","17.5026","170.7666","172.9016","78.9657","92.4699","105.9620","41.7725","37.2274","41.8932","47.8811","52.2859","35.5676","45.5574","89.0393","42.1330","42.1847","76.5033","78.8405","37.7533","43.7466","107.1790","107.0779","26.5642","24.0415","33.8553","40.9856","131.6840","174.7378","73.4186","143.1160","31.8079","75.6851","46.2009","65.9769","73.8917","45.0076","154.3441","68.9137","100.7803","158.9924","108.5884","97.9211","98.3258","163.2005","91.0103","106.5191","101.5696","95.2438","94.6023","101.3188","143.7680"
"C:\Users\cfg364\Sommerlab Dropbox\Casper van der Luijt\Casper\Data\BioLog\OmniLog\CL2\DATA_2024\07\_NRRL 471_Aspergillus oryzae__3_30_CL2_769_7#24#2024_A_21B_29.OKA","7/24/2024 10:32:48 PM","21-B","PM03B","","NRRL 471","Aspergillus oryzae","",62.7500,"50.1517","111.7347","105.8925","123.2326","112.2852","42.3704","106.8872","107.2426","112.3835","125.8450","113.1292","161.2323","114.0757","88.0028","67.2302","79.5792","81.3867","29.4713","88.5997","72.4583","89.8317","98.0613","135.1894","143.1276","130.7446","70.5117","62.9469","58.0436","46.1377","77.9445","15.6455","34.8348","90.2432","79.7448","92.4404","110.9167","74.3769","32.1797","84.5747","33.6094","99.4023","54.3475","64.4491","104.3113","72.1789","18.8139","169.9789","178.7966","80.0533","91.5419","105.0012","41.9474","37.7992","40.9783","46.5125","52.2513","38.7784","43.0526","89.7678","41.4137","44.6838","78.8158","81.0069","37.7990","46.8708","107.2688","105.2511","24.9974","25.5489","30.5388","41.6787","127.8099","175.9669","75.1462","141.5715","35.6090","78.3036","52.1617","71.3105","69.5424","42.8192","156.1173","72.2768","107.5456","162.0038","110.8680","101.0143","100.9610","166.7037","91.2850","106.5563","104.3571","94.1689","98.7092","101.9489","139.8800"
"C:\Users\cfg364\Sommerlab Dropbox\Casper van der Luijt\Casper\Data\BioLog\OmniLog\CL2\DATA_2024\07\_NRRL 471_Aspergillus oryzae__3_30_CL2_769_7#24#2024_A_21B_29.OKA","7/24/2024 10:32:48 PM","21-B","PM03B","","NRRL 471","Aspergillus oryzae","",63.0000,"52.1049","118.6011","103.1022","127.1323","110.5578","42.9854","108.6506","104.0621","113.7867","123.9984","113.5437","158.5932","119.4152","91.4285","65.7282","79.2353","84.1367","32.2991","88.8428","72.3965","92.0051","99.0211","128.2368","146.0755","130.7463","70.7795","65.5487","55.9853","44.0851","75.9332","12.8572","37.0283","92.0513","81.8548","88.5505","113.1514","76.5647","29.0488","84.5261","30.5325","96.9032","55.0055","69.0860","102.7030","71.7697","16.9823","172.4387","175.8560","79.6841","94.7039","110.3664","41.6176","40.5939","38.6035","45.4543","55.9593","36.2855","46.9297","91.9524","38.4809","43.7183","80.7226","79.5931","36.6728","47.5523","107.1607","102.9607","26.8556","20.8386","35.8226","43.6577","128.8883","176.5154","71.9056","146.9332","28.3057","83.0551","45.0447","70.9400","72.4591","41.4278","155.6808","71.3713","104.9149","163.2991","106.7181","99.7627","93.2371","169.4606","92.8173","103.6034","101.3730","99.1552","103.7883","104.7719","145.5137"
"C:\Users\cfg364\Sommerlab Dropbox\Casper van der Luijt\Casper\Data\BioLog\OmniLog\CL2\DATA_2024\07\_NRRL 471_Aspergillus oryzae__3_30_CL2_769_7#24#2024_A_21B_29.OKA","7/24/2024 10:32:48 PM","21-B","PM03B","","NRRL 471","Aspergillus oryzae","",63.2500,"53.3577","116.2060","109.6907","131.8540","114.9128","35.6852","112.5842","99.1521","113.6149","125.6139","117.9488","159.8651","118.7522","90.5134","63.9076","82.2353","80.5842","33.1817","83.0218","68.6509","93.2127","101.1197","131.9052","147.6884","132.9081","75.3120","70.0487","57.3519","47.4838","76.9883","13.4957","35.1932","88.9817","81.3300","91.9172","115.3709","72.9885","31.3221","89.7829","29.2414","104.8114","52.2631","67.8534","106.3634","74.5183","11.4257","172.1643","177.7875","79.4978","95.5872","108.7429","43.6025","41.9823","38.3344","50.5849","53.8167","40.6755","44.9375","93.3144","39.2974","41.6523","77.8114","82.8782","35.3648","43.2237","109.2842","107.5752","25.6595","25.8844","32.0789","38.6326","129.1864","176.6393","76.0684","141.3532","33.5625","77.8895","49.2357","74.7942","74.8730","44.8798","161.6470","75.9655","112.5295","160.6579","109.6516","106.0930","98.8905","167.3405","93.1553","104.5076","99.5114","97.5920","99.6036","103.0485","142.4915"
"C:\Users\cfg364\Sommerlab Dropbox\Casper van der Luijt\Casper\Data\BioLog\OmniLog\CL2\DATA_2024\07\_NRRL 471_Aspergillus oryzae__3_30_CL2_769_7#24#2024_A_21B_29.OKA","7/24/2024 10:32:48 PM","21-B","PM03B","","NRRL 471","Aspergillus oryzae","",63.5000,"57.1889","116.7548","109.4973","128.9979","111.2025","40.3126","111.6020","104.8826","111.8520","124.7982","114.5835","165.6319","123.8090","86.8267","67.6301","86.2604","79.9913","34.4875","88.7313","69.8005","93.8214","100.7591","129.7180","142.7553","129.1050","70.3282","71.1486","54.4523","46.2835","77.2684","11.5474","36.7537","94.2402","81.0599","92.0399","113.8816","77.8173","31.0610","89.1113","31.3149","102.7412","56.6422","69.0300","107.5648","73.9307","16.3641","169.6270","176.3432","81.3634","100.8371","108.2157","41.0943","41.2295","40.4452","49.4105","59.2079","38.8720","46.5676","92.1834","43.5268","42.7985","76.9400","83.3261","40.0806","47.8562","108.2739","108.2286","24.7107","23.8798","35.1157","40.5577","130.4106","175.8284","73.1773","140.3142","34.4837","82.9418","47.1993","71.4733","72.1954","42.1791","159.0813","73.5969","107.6709","163.7174","110.2846","102.0378","96.6635","166.0943","91.7616","109.9722","105.6555","97.4162","102.8971","101.0996","141.4925"
"C:\Users\cfg364\Sommerlab Dropbox\Casper van der Luijt\Casper\Data\BioLog\OmniLog\CL2\DATA_2024\07\_NRRL 471_Aspergillus oryzae__3_30_CL2_769_7#24#2024_A_21B_29.OKA","7/24/2024 10:32:48 PM","21-B","PM03B","","NRRL 471","Aspergillus oryzae","",63.7500,"53.1107","121.4440","111.6800","133.1523","111.9813","40.2502","114.5516","106.3089","113.7571","129.1164","122.0649","159.1633","119.4180","94.0889","70.6248","84.2890","81.5612","28.9933","90.2778","72.9235","96.3309","100.7934","128.5217","141.7160","136.3865","71.2154","68.3279","56.6061","50.8232","80.7851","16.1604","35.8834","90.6995","87.4181","91.7080","111.9992","77.0921","31.0530","88.9366","33.1753","105.2165","57.8351","70.6558","109.7223","70.4484","13.7748","175.5980","177.6936","81.0583","99.4775","106.8895","37.8029","39.8157","36.3755","52.5575","57.4368","37.4927","49.6127","96.4140","42.6910","39.5510","80.7176","80.4825","36.8450","44.2161","109.6664","105.1171","30.3839","25.5893","35.6479","43.3733","133.2983","180.2287","76.7960","143.3216","38.9960","78.5344","45.6306","73.7449","75.4102","47.6522","158.9296","70.7606","107.8665","164.1286","112.1108","102.3259","96.6630","168.6408","91.9740","106.6929","103.1408","95.8521","103.2456","101.5753","141.9510"
"C:\Users\cfg364\Sommerlab Dropbox\Casper van der Luijt\Casper\Data\BioLog\OmniLog\CL2\DATA_2024\07\_NRRL 471_Aspergillus oryzae__3_30_CL2_769_7#24#2024_A_21B_29.OKA","7/24/2024 10:32:48 PM","21-B","PM03B","","NRRL 471","Aspergillus oryzae","",64.0000,"53.4409","121.1038","109.3018","127.8388","110.7710","43.2940","114.1408","107.7078","114.8682","124.7461","116.3416","161.5916","119.3058","93.2338","70.2731","81.6726","81.7237","37.3804","90.3282","73.5486","95.4156","101.6838","134.4158","145.2853","133.7510","73.7952","73.0059","62.0103","45.6894","79.3149","15.8400","36.8615","92.0501","85.3070","90.6734","111.0857","77.9906","33.0547","86.1322","34.7516","102.9520","55.6096","66.3589","108.5692","73.9654","11.0000","172.4448","175.5404","80.9677","102.2473","108.7724","43.9232","38.8359","37.5684","48.8073","56.4385","39.2824","43.8813","92.8531","40.9862","42.8481","84.4166","79.6603","38.4746","48.4164","108.7731","106.6250","26.2181","26.1695","35.1590","42.7610","129.3412","174.3767","77.2689","141.2460","33.8641","82.8076","44.9389","71.5462","73.5140","45.9789","164.1940","74.0104","108.6729","164.0642","109.0745","103.8870","99.3965","170.3551","89.9120","110.1257","99.8775","96.9334","100.0069","101.0610","144.5546"
"C:\Users\cfg364\Sommerlab Dropbox\Casper van der Luijt\Casper\Data\BioLog\OmniLog\CL2\DATA_2024\07\_NRRL 471_Aspergillus oryzae__3_30_CL2_769_7#24#2024_A_21B_29.OKA","7/24/2024 10:32:48 PM","21-B","PM03B","","NRRL 471","Aspergillus oryzae","",64.2500,"51.7619","118.8093","108.3275","131.5520","111.4988","43.0688","110.1363","106.8508","114.8018","122.5039","115.9749","164.3284","118.8698","95.4245","71.3045","82.0583","81.7550","34.7202","91.8056","72.2516","97.0390","101.9798","133.1302","145.3184","134.4485","77.3472","70.8785","57.9501","48.8174","79.2197","14.5663","34.5221","93.4928","83.9303","90.3510","112.8729","78.2748","33.3804","84.3599","33.4072","102.0624","57.0223","67.7238","108.7605","73.6425","12.2447","171.3935","179.1365","85.0924","99.4018","110.8607","45.1426","44.8304","38.7946","50.6755","56.2485","40.4927","46.3703","97.2328","41.3345","45.0615","80.7809","81.9520","36.3587","47.2980","110.7007","109.2017","26.1232","28.6766","35.0632","44.5273","131.3289","174.6831","76.6002","139.7794","36.8073","80.7313","47.5814","69.3202","75.0966","44.2812","162.6946","75.3551","107.3988","163.6939","111.1382","103.5755","98.1524","172.0114","91.7862","110.4091","101.1150","99.8944","99.8127","102.1736","139.8613"
"C:\Users\cfg364\Sommerlab Dropbox\Casper van der Luijt\Casper\Data\BioLog\OmniLog\CL2\DATA_2024\07\_NRRL 471_Aspergillus oryzae__3_30_CL2_769_7#24#2024_A_21B_29.OKA","7/24/2024 10:32:48 PM","21-B","PM03B","","NRRL 471","Aspergillus oryzae","",64.5000,"54.2082","119.0191","110.8398","130.8718","114.4295","43.0882","112.0549","105.4445","116.2242","127.8550","115.3079","164.8370","117.7878","95.9017","70.1788","84.1900","81.4790","36.5815","89.1331","72.7816","92.8843","104.7486","127.9670","146.2573","136.4705","75.6385","67.1350","60.5534","48.1578","82.4222","11.0000","37.7785","93.0804","84.5349","94.5044","116.3607","74.1481","29.2269","89.7571","33.0638","104.8609","60.0469","69.0658","108.2495","73.7402","18.2644","173.9702","182.0262","82.8784","102.4086","110.8681","42.4233","41.0970","39.4482","49.6018","53.7577","40.5572","48.3812","94.1677","39.3079","40.7401","82.1990","86.4518","38.9540","48.7351","110.1107","112.0617","25.7705","26.1820","32.4698","41.1714","129.2169","177.2079","75.3930","143.3466","33.5447","83.2436","47.1567","73.1380","74.5653","44.7327","167.4245","77.4152","108.2418","167.2762","112.0518","100.6122","97.7005","169.8597","94.3214","108.0646","101.7610","97.7789","105.7013","101.2928","147.8964"
"C:\Users\cfg364\Sommerlab Dropbox\Casper van der Luijt\Casper\Data\BioLog\OmniLog\CL2\DATA_2024\07\_NRRL 471_Aspergillus oryzae__3_30_CL2_769_7#24#2024_A_21B_29.OKA","7/24/2024 10:32:48 PM","21-B","PM03B","","NRRL 471","Aspergillus oryzae","",64.7500,"56.3082","122.4960","107.7599","131.2592","112.8877","40.4101","109.9162","105.0686","113.5254","126.2865","116.7930","164.6065","120.5832","92.0713","70.4781","85.5261","86.1899","32.8405","87.1982","75.3013","95.8168","104.9998","134.8858","152.0064","132.1232","76.3821","69.5967","58.7120","45.1294","80.1543","17.2786","33.8319","98.3462","83.6137","91.7210","117.3901","76.7663","32.1861","89.7515","33.2369","102.8178","53.6390","69.4161","110.7110","75.1564","16.0677","177.8324","183.8858","81.7206","103.4039","109.8141","43.5200","43.2978","41.0404","49.1235","57.9031","36.2984","47.8514","98.1148","37.3861","42.7081","80.6898","84.7173","40.3780","49.8805","113.2069","107.3168","29.4714","26.9915","30.2803","43.2345","134.6483","178.9885","77.0564","143.4772","32.8323","82.2389","47.5232","75.3987","77.3056","43.8208","164.7452","77.2363","111.0385","167.9506","113.6136","105.3790","99.9441","175.0457","98.1186","109.3251","103.7589","98.8413","103.2561","100.8498","146.4413"
"C:\Users\cfg364\Sommerlab Dropbox\Casper van der Luijt\Casper\Data\BioLog\OmniLog\CL2\DATA_2024\07\_NRRL 471_Aspergillus oryzae__3_30_CL2_769_7#24#2024_A_21B_29.OKA","7/24/2024 10:32:48 PM","21-B","PM03B","","NRRL 471","Aspergillus oryzae","",65.0000,"58.2257","123.3341","106.8794","134.9741","113.8658","41.0600","111.3335","104.1979","116.9507","129.1261","120.7814","162.8304","121.1737","92.7282","72.9229","83.3200","88.5183","33.3484","88.6231","71.7236","95.6531","106.0410","134.5904","151.2800","134.1329","73.8812","67.0999","61.4788","48.8343","81.2030","17.1511","33.7679","97.2305","81.4514","90.5950","115.9395","79.6422","28.7806","88.9964","31.6668","103.6462","54.8392","74.1757","107.2342","77.5756","15.4138","177.8000","182.7106","83.0422","101.9269","114.3734","38.8833","40.1445","40.5408","46.9878","58.2503","41.4030","44.5191","95.3985","38.0204","42.6154","83.7392","84.1312","37.4807","48.5376","115.2754","105.0319","27.4541","28.6130","35.0282","41.1756","134.9609","178.9885","76.5126","144.9657","32.7702","82.0148","48.3829","77.7605","78.2532","45.2980","165.0653","75.7323","109.9176","169.3690","111.1999","105.6581","98.6439","172.2377","95.1333","109.7048","106.3875","102.4089","102.1223","99.7331","142.3839"
"C:\Users\cfg364\Sommerlab Dropbox\Casper van der Luijt\Casper\Data\BioLog\OmniLog\CL2\DATA_2024\07\_NRRL 471_Aspergillus oryzae__3_30_CL2_769_7#24#2024_A_21B_29.OKA","7/24/2024 10:32:48 PM","21-B","PM03B","","NRRL 471","Aspergillus oryzae","",65.2500,"53.2295","121.9019","104.7029","131.5304","112.6345","41.0714","112.4700","112.0222","118.2600","124.4919","112.4579","166.9516","122.7945","97.1433","71.3689","88.7851","78.2762","30.6815","88.8497","70.5137","92.5842","105.9981","134.0298","149.2280","135.3684","74.7305","68.6950","57.5860","47.6740","81.4420","13.8718","38.9076","92.0169","82.3633","90.7661","116.1951","75.0433","27.3827","89.4504","30.7509","107.4499","55.8261","75.6787","112.2330","71.9915","14.0322","176.6951","178.7243","85.3742","101.1583","111.6078","43.4609","39.6156","39.4611","47.3722","57.1881","39.1663","49.1879","95.2967","37.0901","42.1584","81.8066","82.7012","40.2697","48.5970","110.5030","110.6262","24.2218","24.9209","34.1382","41.3202","134.9713","172.5233","77.6026","142.3784","30.3973","83.7431","47.9205","75.6319","72.7186","47.6659","167.6025","75.0362","112.4684","167.4054","114.2066","102.8717","100.9491","173.2657","93.2311","112.3938","104.5127","96.2514","102.1727","104.4811","143.3949"
"C:\Users\cfg364\Sommerlab Dropbox\Casper van der Luijt\Casper\Data\BioLog\OmniLog\CL2\DATA_2024\07\_NRRL 471_Aspergillus oryzae__3_30_CL2_769_7#24#2024_A_21B_29.OKA","7/24/2024 10:32:48 PM","21-B","PM03B","","NRRL 471","Aspergillus oryzae","",65.5000,"54.0691","122.0961","108.6289","130.0455","115.2179","38.6192","114.4050","110.1722","118.7899","131.0221","117.0314","167.9367","119.1138","97.3076","73.1417","83.9772","84.1715","33.7389","90.0155","75.7582","95.0475","101.9661","132.9514","151.7658","132.3327","78.7645","67.5594","56.1625","48.0801","79.7285","14.0952","39.7378","92.0169","84.3224","90.0248","115.9643","79.1237","31.3473","87.7484","29.6537","108.5898","59.6871","73.6536","112.2968","72.7353","14.0648","177.1177","182.2001","83.6318","102.8327","110.9210","41.6123","44.9631","38.3302","51.8948","55.4091","35.2160","47.5546","94.9060","40.7580","41.4496","79.6872","83.4407","39.4946","52.4720","113.2144","111.9857","25.5852","24.6031","34.0102","40.3828","137.1495","175.5617","76.8013","144.7166","33.1950","84.3815","51.8102","76.1069","75.5369","50.3395","169.0726","76.1941","113.3689","167.8676","114.1434","104.2135","100.9181","176.1765","96.3148","111.0968","105.7197","96.7671","102.7526","103.3145","144.7002"
"C:\Users\cfg364\Sommerlab Dropbox\Casper van der Luijt\Casper\Data\BioLog\OmniLog\CL2\DATA_2024\07\_NRRL 471_Aspergillus oryzae__3_30_CL2_769_7#24#2024_A_21B_29.OKA","7/24/2024 10:32:48 PM","21-B","PM03B","","NRRL 471","Aspergillus oryzae","",65.7500,"55.0953","121.9343","104.4738","132.2887","116.9822","45.6208","114.5034","114.1364","120.8099","127.0035","115.4845","167.1814","122.6385","93.3651","73.0450","87.2886","80.3253","34.1529","88.7526","72.0773","94.0622","104.6213","136.4479","151.6999","135.7199","75.7715","71.8495","57.5213","50.4855","81.2516","17.3500","39.1630","91.7587","83.7443","99.9512","116.7555","77.8167","31.3473","89.0406","31.2350","107.5765","59.3104","73.4321","112.6159","75.8722","14.5539","181.8324","182.4297","85.2214","106.3746","110.8898","43.4923","41.7800","39.5553","49.0920","56.2351","37.3678","46.7379","95.6549","38.8124","42.9598","78.3706","83.6872","41.0449","49.4617","115.2952","111.6379","27.4876","26.3511","34.2982","41.1586","138.7054","176.3903","74.3013","142.3160","33.8167","85.8179","51.8421","78.8619","74.3969","47.6023","173.2274","77.7058","112.5305","168.3914","114.5860","105.1497","105.0630","178.9593","96.4112","111.5713","104.1951","96.9605","103.3969","108.0753","148.0256"
"C:\Users\cfg364\Sommerlab Dropbox\Casper van der Luijt\Casper\Data\BioLog\OmniLog\CL2\DATA_2024\07\_NRRL 471_Aspergillus oryzae__3_30_CL2_769_7#24#2024_A_21B_29.OKA","7/24/2024 10:32:48 PM","21-B","PM03B","","NRRL 471","Aspergillus oryzae","",66.0000,"55.1615","120.5251","110.7648","137.1459","114.8199","39.0752","113.6223","110.8051","118.0654","131.3840","114.4542","167.5703","125.5443","95.7367","73.1364","81.2923","85.5199","32.7834","92.8881","73.8813","99.8050","103.6451","130.1843","150.7306","136.7243","75.3105","73.3893","57.7058","49.4548","85.8664","17.0970","35.0069","96.3773","83.4012","93.5602","114.2073","83.3208","29.6748","89.1569","32.3046","109.6443","58.3829","74.0524","111.8181","72.0769","16.8331","175.0374","185.4757","84.0273","104.0179","114.6752","43.9990","46.2573","38.6510","49.8608","56.0037","42.6018","51.6946","96.4597","39.8887","41.5909","78.9936","84.0093","41.4793","50.9775","114.0408","114.0246","27.4520","25.3658","35.2976","43.5463","135.3219","182.0121","76.7513","140.3925","35.3454","85.2949","46.3207","74.2844","79.1419","48.1656","168.7356","78.6282","112.7636","172.9194","112.0414","104.6398","100.8341","178.8271","96.0770","112.4104","104.9464","98.8646","104.0305","104.9681","145.2597"
"C:\Users\cfg364\Sommerlab Dropbox\Casper van der Luijt\Casper\Data\BioLog\OmniLog\CL2\DATA_2024\07\_NRRL 471_Aspergillus oryzae__3_30_CL2_769_7#24#2024_A_21B_29.OKA","7/24/2024 10:32:48 PM","21-B","PM03B","","NRRL 471","Aspergillus oryzae","",66.2500,"56.6550","122.5216","106.3386","134.6633","114.1194","42.4335","115.5055","107.8375","123.4417","130.3070","118.6769","166.6882","120.6340","93.1109","76.1380","85.1852","85.0789","32.9046","92.8866","73.7819","97.4193","99.2019","136.0270","154.0352","141.2496","76.2843","67.1053","58.1403","48.7056","87.9198","15.2308","36.9891","94.4759","83.4465","95.3335","115.4684","78.0802","28.1770","91.6719","33.4022","106.8402","55.1718","73.2408","111.9032","75.2946","17.9896","174.9221","181.7598","83.2188","108.8330","110.7299","41.9732","40.6082","42.6619","52.7224","57.1191","40.0917","49.9059","98.1970","41.7870","43.1984","82.4667","85.7424","39.2111","51.0847","109.2896","107.4855","28.0917","28.7163","35.9662","41.3594","133.5533","177.9523","81.2013","145.7212","33.5344","80.3570","51.2357","77.3568","76.4819","47.7970","170.8125","78.7341","109.6774","169.7037","113.3951","105.7458","102.9520","178.1405","95.2728","109.2353","105.4760","98.3323","102.6635","102.1326","142.7892"
"C:\Users\cfg364\Sommerlab Dropbox\Casper van der Luijt\Casper\Data\BioLog\OmniLog\CL2\DATA_2024\07\_NRRL 471_Aspergillus oryzae__3_30_CL2_769_7#24#2024_A_21B_29.OKA","7/24/2024 10:32:48 PM","21-B","PM03B","","NRRL 471","Aspergillus oryzae","",66.5000,"54.0720","117.3717","108.5767","132.7746","113.3746","42.2743","117.0610","111.0742","125.9875","132.7476","117.3583","165.3898","121.5866","93.1520","71.9904","85.6423","85.5235","35.4527","95.1408","75.9026","100.5474","103.4740","134.5820","154.4305","141.3165","72.5157","76.5440","62.6220","50.5748","88.4299","14.9690","35.3637","101.8599","83.1735","93.7022","114.8867","82.1806","30.2050","91.8698","28.9076","110.0377","60.3068","73.9724","114.6694","76.3722","17.7852","177.6808","184.2085","84.0933","108.9277","117.8963","41.3029","38.2662","39.0974","49.7549","58.4719","38.3159","50.0999","99.6719","41.5240","44.1954","82.5635","85.0031","39.3395","49.4525","114.1229","114.5568","31.5133","24.4167","35.7000","43.1269","135.5082","178.1000","79.7589","149.3116","37.3678","83.7509","50.4376","73.7236","77.9324","53.0720","175.4532","79.3168","114.4989","167.6586","114.7702","106.7672","101.3405","181.3315","95.6128","113.7504","106.5170","103.3607","109.2028","101.4134","145.8048"
"C:\Users\cfg364\Sommerlab Dropbox\Casper van der Luijt\Casper\Data\BioLog\OmniLog\CL2\DATA_2024\07\_NRRL 471_Aspergillus oryzae__3_30_CL2_769_7#24#2024_A_21B_29.OKA","7/24/2024 10:32:48 PM","21-B","PM03B","","NRRL 471","Aspergillus oryzae","",66.7500,"59.0279","126.9443","109.8221","132.8657","115.1877","40.3048","115.6395","109.0283","120.7873","132.6949","119.2720","168.0759","124.7232","96.2748","70.8160","85.0552","84.5206","32.7295","90.8128","80.8772","95.3740","103.8651","130.4388","151.3053","138.7214","76.8872","70.0619","61.4900","48.4299","90.3593","15.8169","38.4040","96.8709","82.2577","92.9825","117.4969","84.6186","32.0728","87.6896","34.7785","106.8159","60.4471","73.2223","107.6360","74.6776","13.1874","174.7209","184.1807","86.8078","104.2919","109.4309","39.1950","38.8988","38.1203","48.5618","55.7720","38.3586","48.2462","99.5795","44.8334","41.3903","79.4004","86.1537","36.0440","50.4300","109.9618","110.6839","29.2012","23.3317","32.8642","45.1521","135.8954","176.6078","83.8309","145.3368","36.5123","86.4765","48.0492","75.6919","78.3650","50.0446","172.8424","80.0545","112.7286","173.6159","113.5642","104.7966","105.0983","180.7090","95.8516","111.0913","107.6670","97.5039","105.7481","102.6754","146.4686"
"C:\Users\cfg364\Sommerlab Dropbox\Casper van der Luijt\Casper\Data\BioLog\OmniLog\CL2\DATA_2024\07\_NRRL 471_Aspergillus oryzae__3_30_CL2_769_7#24#2024_A_21B_29.OKA","7/24/2024 10:32:48 PM","21-B","PM03B","","NRRL 471","Aspergillus oryzae","",67.0000,"53.9152","127.3314","110.4072","136.0835","118.7141","40.4660","116.8167","110.1600","120.1591","129.6325","120.6699","169.3546","121.9859","95.4897","76.9750","86.3696","88.0379","34.4182","93.3353","76.4694","98.5364","105.8019","135.4251","151.5029","139.5751","78.6749","72.3311","62.2589","49.4966","90.2021","17.4756","41.5721","97.8954","85.5450","94.0141","118.5174","80.4091","35.7150","88.0056","36.4128","110.4742","62.6790","73.0951","114.5844","77.8615","15.8318","178.6167","184.8651","87.4182","109.6561","112.3112","42.4954","40.0225","36.9177","50.4734","57.8404","41.3275","47.3929","97.6990","40.5726","41.4522","79.5287","87.1993","37.3834","51.2935","116.5172","111.3793","28.6965","28.7666","35.2512","42.3490","135.0532","180.4456","89.3652","149.4482","37.8001","91.0826","48.8442","76.0101","79.4024","50.6178","172.5869","85.0395","112.7908","169.2126","113.2140","107.0537","103.0011","183.9982","96.1097","110.9963","108.8679","97.8252","107.5485","104.4237","148.2690"
"C:\Users\cfg364\Sommerlab Dropbox\Casper van der Luijt\Casper\Data\BioLog\OmniLog\CL2\DATA_2024\07\_NRRL 471_Aspergillus oryzae__3_30_CL2_769_7#24#2024_A_21B_29.OKA","7/24/2024 10:32:48 PM","21-B","PM03B","","NRRL 471","Aspergillus oryzae","",67.2500,"52.8847","122.3768","110.2255","135.6319","116.9252","44.0015","117.1683","112.4625","121.3797","131.9636","121.1999","167.3378","126.8809","91.7222","75.4779","89.5319","85.5339","31.6351","96.5289","73.1753","99.4818","103.7219","135.2454","157.3300","138.9812","77.9951","72.3135","59.8171","48.4018","89.5374","15.3036","34.1020","98.2455","84.6185","93.4260","119.2560","84.2933","33.6299","93.2388","33.8871","113.1988","59.5768","78.4588","114.3698","81.1144","16.6510","173.6130","186.6959","88.9111","108.5325","114.4791","43.0160","44.7155","37.8912","48.9396","61.5967","41.4873","46.7639","100.6831","38.4091","38.6910","79.9891","86.9522","38.6622","49.5315","117.3682","112.1814","28.3101","28.0102","31.5568","46.4409","135.7088","179.4524","83.0851","149.1972","35.9021","87.7122","49.5140","77.6735","76.4236","49.1590","172.4103","82.1282","110.2997","173.6456","116.0362","107.7127","102.8457","186.3639","94.5864","115.6891","109.0501","99.2343","107.5528","105.2674","149.8141"
"C:\Users\cfg364\Sommerlab Dropbox\Casper van der Luijt\Casper\Data\BioLog\OmniLog\CL2\DATA_2024\07\_NRRL 471_Aspergillus oryzae__3_30_CL2_769_7#24#2024_A_21B_29.OKA","7/24/2024 10:32:48 PM","21-B","PM03B","","NRRL 471","Aspergillus oryzae","",67.5000,"54.7226","120.7970","110.4667","134.8159","116.9498","41.0354","115.0749","107.1126","117.2583","134.4929","121.2703","166.5467","122.1873","93.0601","75.1977","84.5104","86.9582","32.8022","93.9834","76.7052","98.5478","109.8753","135.2893","152.8762","141.2726","77.6297","71.3751","62.3121","52.4863","88.6263","15.1401","38.6498","96.8287","83.1534","97.9362","119.8659","82.2565","31.0108","89.9635","30.3945","110.5335","62.3993","76.3992","112.7113","76.8483","15.8325","178.3856","185.3465","88.0309","111.0980","117.1565","43.3578","43.9645","41.6090","53.3321","59.3996","41.3321","47.0551","99.7306","38.9501","42.9444","83.8453","86.1703","35.8911","52.8531","115.4302","110.3797","25.8599","26.7939","34.9450","42.2415","138.6941","176.9568","81.4945","151.8249","31.0227","81.1885","49.0097","80.8366","77.0935","47.9302","173.2348","82.2017","110.8949","175.6621","111.7748","106.1079","104.6425","185.7240","95.7937","116.6699","108.7421","101.9936","103.2021","105.4692","150.9660"
"C:\Users\cfg364\Sommerlab Dropbox\Casper van der Luijt\Casper\Data\BioLog\OmniLog\CL2\DATA_2024\07\_NRRL 471_Aspergillus oryzae__3_30_CL2_769_7#24#2024_A_21B_29.OKA","7/24/2024 10:32:48 PM","21-B","PM03B","","NRRL 471","Aspergillus oryzae","",67.7500,"54.4645","120.6712","112.4146","135.5197","117.8879","43.6156","119.8829","112.0341","121.7974","132.4667","122.3071","168.4702","124.9658","93.3943","73.6103","90.5221","90.9938","39.2487","94.1170","76.0487","101.1604","108.4034","133.0277","156.7030","145.3166","78.0778","73.2243","59.4541","53.4279","92.8362","17.7895","43.7095","99.0751","83.1911","95.5054","117.6455","83.7256","35.0750","88.8967","35.7685","113.9995","62.3712","79.7987","117.6488","79.9051","19.5455","179.7563","189.7740","89.0619","112.7610","117.6157","41.4859","44.7125","38.2440","51.8617","63.1687","41.1862","47.9153","101.9044","41.0444","45.7515","83.0117","88.5983","38.3651","50.9049","115.9847","113.1799","26.0790","26.4626","34.8592","43.9811","135.5825","176.7810","80.8469","148.5899","37.4856","87.2138","51.4807","80.7167","78.8310","53.7904","173.3340","85.4575","115.2382","172.6171","116.1194","108.3204","106.5650","188.6754","96.7162","118.0923","108.9507","102.3772","104.4289","104.0055","150.3671"
"C:\Users\cfg364\Sommerlab Dropbox\Casper van der Luijt\Casper\Data\BioLog\OmniLog\CL2\DATA_2024\07\_NRRL 471_Aspergillus oryzae__3_30_CL2_769_7#24#2024_A_21B_29.OKA","7/24/2024 10:32:48 PM","21-B","PM03B","","NRRL 471","Aspergillus oryzae","",68.0000,"54.5929","124.2558","109.6236","136.9422","118.0984","42.6548","119.6725","109.1377","121.6060","133.2512","120.5233","167.4909","126.6184","94.4616","73.4178","88.3909","85.4537","33.6869","91.9524","78.5388","96.0593","103.6180","133.4979","153.5008","140.7049","78.1138","72.7529","60.1133","53.7848","93.4896","19.7279","38.2667","100.6710","85.6021","94.0153","119.3952","83.7212","28.2612","94.8990","30.9073","109.9983","63.7222","74.5574","116.4989","73.6002","15.1734","182.2482","187.5950","91.9364","112.5490","118.9187","39.8114","42.2960","41.4063","51.1355","57.7304","41.9554","48.7163","100.0825","37.9192","43.1755","81.3632","87.0675","39.3976","51.6236","116.7127","110.2698","26.6457","22.6640","34.0024","41.1498","138.9056","178.1194","85.0235","152.6461","33.7231","87.1208","51.3941","78.3018","77.5932","48.3415","174.3878","81.9456","112.7720","172.0601","113.2236","107.4380","101.8101","185.9643","96.9942","115.1162","107.8894","103.0437","106.0313","102.9847","147.2415"
"C:\Users\cfg364\Sommerlab Dropbox\Casper van der Luijt\Casper\Data\BioLog\OmniLog\CL2\DATA_2024\07\_NRRL 471_Aspergillus oryzae__3_30_CL2_769_7#24#2024_A_21B_29.OKA","7/24/2024 10:32:48 PM","21-B","PM03B","","NRRL 471","Aspergillus oryzae","",68.2500,"58.5249","121.4148","111.0191","135.4632","116.5761","42.5580","116.8761","112.5603","123.0635","135.2369","121.4920","166.8672","125.7180","95.9080","75.2177","88.6128","85.8277","34.4157","93.5740","81.0581","95.4663","105.4665","135.0476","157.2213","139.7257","75.6704","73.2251","56.2879","50.9367","91.4028","19.3470","32.5365","102.4505","83.4117","95.9743","116.0746","85.7200","27.0142","94.2069","31.4219","110.3795","65.0676","73.6658","115.8032","73.6650","13.8040","182.2155","186.9115","91.3262","114.3109","116.1739","40.8539","43.4764","39.2813","53.2563","60.4811","42.2420","53.2071","100.5369","41.4387","43.3296","84.5688","87.5289","39.4287","49.2621","116.0175","113.5862","25.1888","22.1193","30.9910","41.6335","136.5789","180.5658","84.3569","150.7383","33.6922","88.2060","47.7887","75.3021","77.5932","47.3791","175.6975","83.1002","115.3887","175.2066","116.5273","107.8741","103.0813","186.9853","98.0595","115.3986","109.3416","101.8880","104.3464","106.4517","146.9303"
"C:\Users\cfg364\Sommerlab Dropbox\Casper van der Luijt\Casper\Data\BioLog\OmniLog\CL2\DATA_2024\07\_NRRL 471_Aspergillus oryzae__3_30_CL2_769_7#24#2024_A_21B_29.OKA","7/24/2024 10:32:48 PM","21-B","PM03B","","NRRL 471","Aspergillus oryzae","",68.5000,"53.2549","123.2520","111.9217","141.2698","121.4735","41.2320","118.0344","110.5680","124.4089","132.2661","126.6069","170.4077","122.4144","93.6754","78.4827","88.0166","87.2149","37.0191","95.3869","76.7920","99.5010","105.1399","134.5844","154.0065","139.1741","76.7641","70.8356","61.0687","53.4844","94.5362","16.1263","38.4039","99.5323","78.0797","95.8586","115.9268","84.0092","27.8096","91.3207","34.9816","113.1903","63.1105","74.2992","114.3396","78.0218","16.8697","186.3999","184.9535","88.8584","105.5806","113.5083","41.6091","42.1279","38.9865","51.2832","55.0741","41.7079","52.4872","98.3678","42.0521","43.7612","83.5337","81.0319","41.8281","50.0117","117.7000","115.4703","24.4724","23.8033","31.8859","42.8911","140.4934","182.5925","81.9134","151.8706","33.1906","85.2012","53.3632","83.0135","78.5139","49.9451","176.6255","83.6624","115.3958","174.0732","119.5127","107.3016","105.3587","187.0956","97.4626","114.7110","113.2808","100.5598","105.3436","103.1360","146.6561"
"C:\Users\cfg364\Sommerlab Dropbox\Casper van der Luijt\Casper\Data\BioLog\OmniLog\CL2\DATA_2024\07\_NRRL 471_Aspergillus oryzae__3_30_CL2_769_7#24#2024_A_21B_29.OKA","7/24/2024 10:32:48 PM","21-B","PM03B","","NRRL 471","Aspergillus oryzae","",68.7500,"56.8297","122.5200","114.9863","135.7148","121.8040","42.6044","118.6583","112.4896","127.0593","131.2261","122.6333","167.4177","123.5617","93.2327","76.7612","89.8350","84.4868","36.3608","97.0796","73.2955","102.3449","108.8460","134.0402","158.7267","142.7116","75.3028","70.5177","58.8678","51.7611","93.0661","20.0203","34.7144","99.6472","83.3940","95.0837","120.1519","85.4943","32.8551","93.9245","31.5687","113.2544","63.1615","78.9771","115.6811","75.5819","11.0000","180.9412","189.2941","88.1585","114.0167","116.9391","40.2539","38.6352","42.0386","51.2061","59.2339","41.2341","47.6677","99.1193","41.3481","40.2625","84.3507","91.0853","39.8178","49.5023","120.4941","113.6070","24.5628","27.5188","34.0665","44.1690","135.4009","179.6962","81.2791","152.5222","33.7168","87.5530","49.3694","79.1550","76.6140","49.8103","177.9827","86.9248","114.7463","172.9840","119.3383","106.4654","106.1327","192.5290","94.7723","115.1112","113.2096","100.9378","106.3247","103.3885","146.9900"
"C:\Users\cfg364\Sommerlab Dropbox\Casper van der Luijt\Casper\Data\BioLog\OmniLog\CL2\DATA_2024\07\_NRRL 471_Aspergillus oryzae__3_30_CL2_769_7#24#2024_A_21B_29.OKA","7/24/2024 10:32:48 PM","21-B","PM03B","","NRRL 471","Aspergillus oryzae","",69.0000,"56.4605","125.2914","116.2963","135.6037","118.9012","43.3601","121.7974","112.9868","122.0928","134.3785","123.2616","168.7081","126.9971","94.0535","77.0070","89.3165","88.0036","31.8167","96.4197","75.1012","102.2448","103.6354","135.3105","159.2504","140.0474","78.7395","71.7730","63.5252","48.9964","94.4397","17.7865","35.7404","100.9425","85.5101","98.8184","119.2433","85.1146","26.7843","92.4874","36.0208","114.3638","66.7470","76.0950","116.7876","80.5565","15.6316","181.2627","188.5125","89.1397","117.7696","120.1313","41.3211","38.8530","38.9394","53.1312","59.7251","39.9446","45.6083","102.4027","39.1236","44.2518","86.0750","86.7575","38.5873","53.3948","115.5572","115.4451","25.2617","26.4291","32.7702","45.5377","137.9064","179.9866","81.9714","151.1966","37.1192","87.8238","51.2652","84.3236","77.0256","52.2435","177.8356","85.5315","118.9548","177.5879","115.5186","110.0161","106.1164","193.5296","98.7301","119.0541","113.7908","101.3407","104.8573","103.7993","148.8841"
"C:\Users\cfg364\Sommerlab Dropbox\Casper van der Luijt\Casper\Data\BioLog\OmniLog\CL2\DATA_2024\07\_NRRL 471_Aspergillus oryzae__3_30_CL2_769_7#24#2024_A_21B_29.OKA","7/24/2024 10:32:48 PM","21-B","PM03B","","NRRL 471","Aspergillus oryzae","",69.2500,"53.6679","124.6222","113.7927","138.0550","120.6895","42.0557","118.4219","112.0843","125.3285","131.8258","124.6089","167.5651","123.6818","95.5266","75.2581","87.3657","86.1781","32.2181","93.5463","78.6077","97.9125","108.2591","140.6076","157.7676","145.9081","77.1808","73.5906","61.2598","52.0494","95.8737","13.7830","39.3120","102.5582","84.8202","98.1054","118.2408","85.2365","30.9096","91.3603","34.3880","115.1290","62.9518","77.4794","121.4243","82.1002","14.3932","185.5024","187.5620","90.1838","114.6640","116.2462","42.2806","43.3101","40.8752","51.7093","59.6721","40.6741","51.7841","100.8601","39.6235","43.5427","83.3889","91.3234","41.2818","50.2031","116.8861","115.0403","24.8604","27.0252","34.2085","44.5161","135.6688","179.2221","84.1183","151.3173","35.2751","86.6220","50.1577","82.3140","76.8920","50.1452","177.1279","86.0960","117.9817","175.7098","116.8369","109.0219","98.8022","194.9046","95.9871","116.2297","111.8775","100.4501","109.6384","103.3941","151.0887"
"C:\Users\cfg364\Sommerlab Dropbox\Casper van der Luijt\Casper\Data\BioLog\OmniLog\CL2\DATA_2024\07\_NRRL 471_Aspergillus oryzae__3_30_CL2_769_7#24#2024_A_21B_29.OKA","7/24/2024 10:32:48 PM","21-B","PM03B","","NRRL 471","Aspergillus oryzae","",69.5000,"55.0660","123.6608","114.1588","141.7692","119.4087","41.5069","117.8504","112.9509","124.2669","138.4967","126.6458","168.5746","127.9536","96.0197","74.7645","90.8364","87.3359","33.0908","98.0435","75.4028","102.4467","110.3027","136.7336","158.8967","143.3879","73.8694","72.4488","62.4333","55.3506","96.2020","17.6856","41.3001","101.3358","83.9821","98.5726","119.9336","86.6055","32.3986","92.0066","34.8369","112.5770","64.4745","77.1671","118.0302","78.6422","15.6718","185.9422","191.2097","87.2678","119.8368","121.0099","39.3755","43.3846","37.3055","53.2815","62.0672","39.3909","48.5067","102.9720","38.6274","40.1002","83.1668","89.1973","42.6417","51.4029","118.5654","114.4288","31.8697","25.1272","32.8689","44.5020","140.0055","180.3409","85.2170","153.3619","37.5586","86.6555","52.4315","82.1940","81.3205","54.3804","177.1816","83.9269","120.3035","174.7649","119.5181","111.8829","105.7503","194.8648","98.5787","118.3239","109.8135","104.0549","108.8813","99.8593","150.6402"
"C:\Users\cfg364\Sommerlab Dropbox\Casper van der Luijt\Casper\Data\BioLog\OmniLog\CL2\DATA_2024\07\_NRRL 471_Aspergillus oryzae__3_30_CL2_769_7#24#2024_A_21B_29.OKA","7/24/2024 10:32:48 PM","21-B","PM03B","","NRRL 471","Aspergillus oryzae","",69.7500,"56.0091","122.2364","111.0096","138.6163","122.4630","38.2743","122.4717","114.1272","125.4205","138.1267","123.9979","169.2843","123.9366","94.4023","74.0875","84.3732","88.0172","33.9885","98.3654","74.7630","102.9173","107.2172","135.4530","159.2597","140.6310","79.1990","75.5522","62.7509","55.6561","96.3517","17.8178","35.8732","99.7748","83.5846","94.7462","119.4469","86.0112","33.1171","94.1097","33.3414","116.6501","66.0258","78.1622","121.0674","78.0629","14.3948","181.3782","187.7832","91.2819","119.6777","120.3862","43.5421","43.6309","43.2674","47.5715","62.5094","38.0719","46.0321","104.2761","39.4756","42.5866","83.7492","89.8274","39.8702","50.1506","117.4238","113.3284","24.5477","22.9790","38.7632","46.4677","135.9128","182.6440","83.2404","151.0271","35.9945","88.6026","50.7741","82.0188","81.7758","52.0796","178.9040","82.5806","120.9857","178.5345","118.5278","106.1338","106.5563","194.5039","96.9888","115.3732","109.8726","104.1467","110.7902","104.3367","146.9356"
"C:\Users\cfg364\Sommerlab Dropbox\Casper van der Luijt\Casper\Data\BioLog\OmniLog\CL2\DATA_2024\07\_NRRL 471_Aspergillus oryzae__3_30_CL2_769_7#24#2024_A_21B_29.OKA","7/24/2024 10:32:48 PM","21-B","PM03B","","NRRL 471","Aspergillus oryzae","",70.0000,"56.4401","124.0467","111.5636","139.9679","119.9355","39.8920","121.2604","115.0500","122.2320","133.3510","124.5977","169.9757","122.9031","97.1966","78.1274","88.8648","83.3637","34.0840","97.3664","74.7305","101.9440","107.6740","136.1125","160.3823","143.7295","80.5324","73.8220","62.8473","55.6248","99.1465","20.7489","36.5811","100.6108","84.2936","98.6362","120.4672","85.3766","33.8317","92.6605","34.5274","116.5869","63.8624","76.1887","119.8585","79.2875","14.4927","184.8666","188.7981","90.7910","116.8253","121.6002","40.7698","40.1188","38.7788","50.5979","61.5567","40.6608","51.8816","103.0103","37.4371","41.6612","81.5398","89.8887","40.3071","53.6662","117.1710","113.6147","25.8741","27.1207","32.2532","44.0495","135.4079","177.0727","81.9613","150.7158","35.2839","84.4929","51.8568","84.7845","84.0670","54.7289","182.9422","86.5806","119.2735","176.5004","119.0011","108.7033","103.7458","194.3764","98.1521","113.2825","110.6659","100.9614","109.0225","104.7798","151.5204"
"C:\Users\cfg364\Sommerlab Dropbox\Casper van der Luijt\Casper\Data\BioLog\OmniLog\CL2\DATA_2024\07\_NRRL 471_Aspergillus oryzae__3_30_CL2_769_7#24#2024_A_21B_29.OKA","7/24/2024 10:32:48 PM","21-B","PM03B","","NRRL 471","Aspergillus oryzae","",70.2500,"59.4451","124.9375","112.8918","139.5521","121.2614","38.7710","121.5361","113.1020","127.5729","134.9597","122.8579","170.6094","128.0960","100.4979","72.3532","89.9167","89.7130","34.7617","95.2916","74.6747","105.0550","105.8211","138.6379","160.6185","145.0019","81.2015","77.7171","61.5024","57.4645","99.7231","19.6956","40.4580","103.6315","84.0156","101.4337","117.9116","89.2678","30.7530","96.9505","33.4242","115.7198","67.6792","79.5924","115.9564","79.8660","17.5967","183.4737","191.9551","91.8529","119.4902","124.5570","42.8006","40.8878","45.9571","55.6101","64.1566","41.9062","48.2572","101.1368","39.7184","42.2505","86.3975","86.4780","38.4453","54.0886","121.0528","116.7601","26.6939","28.5235","37.1529","43.8416","141.8364","182.9389","87.3699","155.0889","36.5216","89.6788","51.7949","81.5740","78.7895","53.6914","181.1095","88.0578","120.0475","177.3124","116.8605","112.9145","108.7279","198.7789","92.8543","118.7660","111.0484","107.6301","110.3390","107.1912","150.0239"
"C:\Users\cfg364\Sommerlab Dropbox\Casper van der Luijt\Casper\Data\BioLog\OmniLog\CL2\DATA_2024\07\_NRRL 471_Aspergillus oryzae__3_30_CL2_769_7#24#2024_A_21B_29.OKA","7/24/2024 10:32:48 PM","21-B","PM03B","","NRRL 471","Aspergillus oryzae","",70.5000,"58.8028","125.3559","114.3504","144.5741","120.7985","38.8401","120.2605","115.8633","125.4844","135.0126","126.9030","170.0566","126.9319","95.6264","79.2903","87.7552","86.0293","28.6764","100.0305","75.8672","105.5998","109.9618","134.2254","161.4319","146.5925","80.8263","78.1665","62.4261","55.1153","96.2218","16.3393","40.1122","104.1401","88.1116","98.8589","124.4910","89.3883","33.6592","96.5169","33.4528","119.2112","71.9781","82.1654","118.7943","77.7419","17.6690","188.2003","189.5753","91.9538","120.4269","121.2703","41.8437","38.4276","40.0717","54.2888","64.8264","41.5944","48.9056","104.3101","40.8274","42.8249","83.5188","89.0650","42.6165","52.1073","115.9644","117.7006","28.6730","29.5526","36.4347","46.2183","141.4554","183.2266","84.4552","152.8531","35.7868","88.3019","50.9305","85.1522","81.5326","54.4779","185.3064","86.8699","122.6838","182.1908","120.2703","110.3101","108.9317","198.4093","101.0053","117.4478","115.4422","104.3914","113.6730","105.5256","151.8310"
"C:\Users\cfg364\Sommerlab Dropbox\Casper van der Luijt\Casper\Data\BioLog\OmniLog\CL2\DATA_2024\07\_NRRL 471_Aspergillus oryzae__3_30_CL2_769_7#24#2024_A_21B_29.OKA","7/24/2024 10:32:48 PM","21-B","PM03B","","NRRL 471","Aspergillus oryzae","",70.7500,"54.0380","124.9135","115.0519","138.2626","120.2395","43.0518","122.5601","113.0253","126.8549","137.3325","126.9937","176.1961","124.9295","100.5787","78.7849","84.2005","88.9276","30.7801","94.7204","76.0919","103.2182","109.7063","138.3058","160.5915","146.9911","76.8699","75.3233","61.7168","54.7560","99.8751","13.7629","37.3656","103.4177","85.7210","96.4242","116.1806","88.6984","28.5000","93.6030","31.2733","117.0281","67.3363","78.0433","118.6383","78.4920","14.4823","185.2415","190.1247","93.5599","121.3220","125.9941","38.8528","42.4992","41.1110","55.0932","62.7999","47.0924","46.3839","104.3867","44.3531","42.5044","85.1514","90.4793","40.9427","51.2642","118.7001","118.8095","26.9608","27.2567","35.4044","43.7793","140.9246","180.4088","84.4548","155.5491","31.5089","86.4208","51.4031","83.0098","82.5819","52.1754","183.8329","95.4451","121.9511","179.9316","118.7273","109.0889","108.6201","200.1850","95.6426","117.6547","112.0381","103.0087","108.5299","104.3462","149.3331"
"C:\Users\cfg364\Sommerlab Dropbox\Casper van der Luijt\Casper\Data\BioLog\OmniLog\CL2\DATA_2024\07\_NRRL 471_Aspergillus oryzae__3_30_CL2_769_7#24#2024_A_21B_29.OKA","7/24/2024 10:32:48 PM","21-B","PM03B","","NRRL 471","Aspergillus oryzae","",71.0000,"57.5838","127.1805","119.0000","142.3362","123.8226","42.9778","121.8653","115.5990","130.9211","138.1664","124.1710","171.9982","130.6402","96.6558","81.6089","87.3984","92.5278","39.3693","96.1805","80.9306","102.9042","106.5008","137.0554","159.3785","145.3616","80.2449","76.9260","64.8868","53.0630","98.2935","17.3538","42.0312","106.0019","85.3999","102.1812","123.8752","85.8480","32.5808","97.9418","32.9168","119.9492","68.0033","82.5453","124.1171","78.7233","18.7498","187.7037","189.5091","91.0213","120.2471","127.0701","43.0915","46.5306","44.2290","52.1188","64.3469","44.3489","48.6350","108.7090","43.3325","45.9703","82.8953","90.5970","40.5278","50.9688","122.6143","116.3120","30.2209","26.5140","36.6248","45.4612","138.8440","179.3865","86.5003","156.9627","31.7393","89.0494","54.2735","86.8985","79.9181","57.0643","182.7676","91.6946","121.0313","180.5087","120.4999","109.5760","110.0673","201.0487","96.6609","118.4509","112.7691","107.1359","110.8846","104.4363","151.1430"
"C:\Users\cfg364\Sommerlab Dropbox\Casper van der Luijt\Casper\Data\BioLog\OmniLog\CL2\DATA_2024\07\_NRRL 471_Aspergillus oryzae__3_30_CL2_769_7#24#2024_A_21B_29.OKA","7/24/2024 10:32:48 PM","21-B","PM03B","","NRRL 471","Aspergillus oryzae","",71.2500,"59.6474","126.1392","113.6605","143.4839","122.1830","45.8085","126.3823","117.0503","128.1873","138.2066","128.5838","170.3874","130.1723","102.7129","83.2879","90.3102","84.9582","34.0795","99.7130","79.9330","101.9381","107.8238","138.1716","164.1828","147.3154","80.1516","75.6038","60.1400","57.2052","101.8160","18.0711","35.0146","108.5321","88.7795","94.5528","122.9045","92.6604","32.8944","98.3867","32.4999","118.2729","70.9367","83.5555","120.7798","76.9761","19.0140","185.0307","189.8630","91.4768","122.2449","123.4598","42.7634","46.6151","42.6784","57.0832","62.8300","45.1734","47.9081","105.7275","36.8562","43.8803","88.4710","87.7879","42.6618","58.0410","120.8208","117.8764","26.7290","23.4041","35.2675","50.3252","145.0161","181.4022","84.9075","153.5413","37.5644","86.7162","54.0235","86.0279","81.6311","56.2128","186.8400","88.3779","123.1244","179.5956","119.0622","115.1661","108.2162","199.9526","99.3564","120.5757","112.2492","107.2325","106.1831","102.0259","153.1931"
"C:\Users\cfg364\Sommerlab Dropbox\Casper van der Luijt\Casper\Data\BioLog\OmniLog\CL2\DATA_2024\07\_NRRL 471_Aspergillus oryzae__3_30_CL2_769_7#24#2024_A_21B_29.OKA","7/24/2024 10:32:48 PM","21-B","PM03B","","NRRL 471","Aspergillus oryzae","",71.5000,"55.1350","129.1453","111.7025","140.7133","122.3728","46.9064","126.1869","114.9865","132.2616","134.7388","128.3163","170.4864","127.3943","99.0090","80.0793","88.3194","84.1088","39.8017","99.5845","79.1533","103.1166","110.0900","139.1897","164.4129","144.6450","73.0524","74.7500","63.6822","62.0787","100.7718","15.3194","36.0152","107.6069","89.7405","98.5439","121.8839","89.6616","33.1228","96.5701","37.7868","119.5734","67.8085","83.2366","121.0970","78.7208","14.5835","186.0811","192.3486","91.3846","121.2103","124.9502","44.0528","43.6630","41.3571","54.8298","60.4856","45.9066","47.0558","105.5315","39.5695","42.9214","85.1682","88.4969","43.4681","55.3548","118.7083","118.7644","25.9664","24.0435","37.7261","48.2470","144.2959","182.8649","87.8065","157.1650","31.9605","89.5431","56.9108","85.0149","78.5657","56.7240","187.8304","88.3779","128.3012","179.7188","117.8807","114.6373","105.1559","202.2771","99.0021","120.4496","116.4205","105.8807","110.1072","106.7127","152.8524"
"C:\Users\cfg364\Sommerlab Dropbox\Casper van der Luijt\Casper\Data\BioLog\OmniLog\CL2\DATA_2024\07\_NRRL 471_Aspergillus oryzae__3_30_CL2_769_7#24#2024_A_21B_29.OKA","7/24/2024 10:32:48 PM","21-B","PM03B","","NRRL 471","Aspergillus oryzae","",71.7500,"52.4262","127.0186","116.2060","143.0493","124.9244","41.4381","124.6387","118.5193","131.1281","137.6156","129.0500","169.0209","130.6951","100.3856","84.0941","88.5494","84.3235","36.1011","95.6999","76.1916","104.6219","107.9396","138.6782","164.4805","147.8842","76.5566","77.8973","65.2367","60.2926","99.7699","19.2153","39.4853","108.5164","89.6798","96.3433","125.3383","89.9744","36.2743","97.0280","34.8138","125.2160","71.0122","84.1320","121.1959","79.5692","18.3248","186.2520","191.0753","95.1394","121.7771","124.0768","42.5388","40.6898","43.9976","49.6538","66.3384","44.6257","51.1598","106.6071","39.6692","43.6947","84.1637","89.6250","43.2730","50.4197","118.1319","119.2934","28.1019","27.6461","34.9491","44.6489","144.2601","181.6091","87.6675","157.0245","32.4062","89.3005","51.7609","86.0748","81.3630","53.4712","190.1902","90.1167","122.3013","180.5727","120.1471","111.7848","108.3630","201.9309","97.0796","118.6319","115.4038","110.3290","110.1731","111.0948","153.3696"
"C:\Users\cfg364\Sommerlab Dropbox\Casper van der Luijt\Casper\Data\BioLog\OmniLog\CL2\DATA_2024\07\_NRRL 471_Aspergillus oryzae__3_30_CL2_769_7#24#2024_A_21B_29.OKA","7/24/2024 10:32:48 PM","21-B","PM03B","","NRRL 471","Aspergillus oryzae","",72.0000,"58.9203","128.3440","120.3209","141.8177","124.6779","46.6761","126.0688","114.8534","131.6018","139.3913","131.7016","173.1542","129.7592","95.3372","79.3571","88.4417","87.3061","39.4178","102.4051","79.7543","106.3499","109.1251","140.4373","165.0244","148.8224","79.5013","78.6408","64.0604","55.0445","105.7703","17.6869","42.0867","112.1069","86.0057","101.6482","122.5588","91.0168","33.8203","92.5315","35.6335","127.0009","68.0938","89.1591","123.5140","82.3266","21.4487","189.4890","194.2433","99.9677","122.8861","125.4723","45.7599","43.2313","42.3270","49.2015","60.6455","44.1763","53.0009","107.2460","38.2003","45.2905","89.0013","93.4265","44.3789","55.7741","121.8229","118.8542","29.8377","31.7325","40.9586","47.4635","143.0373","179.7599","92.2537","162.1691","35.4930","89.8726","52.1301","89.3169","84.1807","55.1334","188.3047","94.9613","127.3965","183.8434","119.8615","112.1445","109.2913","203.6684","101.6371","122.7013","118.6372","107.1634","110.8785","107.9884","153.4001"
"C:\Users\cfg364\Sommerlab Dropbox\Casper van der Luijt\Casper\Data\BioLog\OmniLog\CL2\DATA_2024\07\_NRRL 471_Aspergillus oryzae__3_30_CL2_769_7#24#2024_A_21B_29.OKA","7/24/2024 10:32:48 PM","21-B","PM03B","","NRRL 471","Aspergillus oryzae","",72.2500,"57.8955","130.3980","118.6658","144.0227","124.6117","42.5426","125.7646","117.8607","129.5157","139.2345","128.8172","174.4109","131.2771","100.2589","80.1451","91.9326","89.4764","36.1666","99.9692","79.0091","101.7070","113.2628","137.1231","166.0770","146.9758","74.4978","79.7976","61.7671","56.9519","100.9105","20.1213","41.3047","107.8932","87.2573","100.1645","122.2938","87.5006","30.0905","96.2643","32.1842","121.4248","70.7739","84.0384","123.2858","82.0217","18.7982","183.8033","195.6367","95.7184","124.5762","125.1037","43.5663","39.8556","40.5069","54.7449","61.8452","45.9098","48.4386","107.5762","42.6066","45.8023","86.8150","91.2241","41.8156","60.1958","120.8975","118.8584","27.4545","28.7959","33.8588","52.3367","144.5231","181.0485","90.1421","157.6698","36.3759","91.5280","51.6895","84.0989","83.9230","58.5980","190.6280","91.4477","125.6554","179.1016","122.7304","115.9440","109.5685","206.1765","101.2567","120.9996","114.0284","106.7610","112.1428","104.7668","155.6650"
"C:\Users\cfg364\Sommerlab Dropbox\Casper van der Luijt\Casper\Data\BioLog\OmniLog\CL2\DATA_2024\07\_NRRL 471_Aspergillus oryzae__3_30_CL2_769_7#24#2024_A_21B_29.OKA","7/24/2024 10:32:48 PM","21-B","PM03B","","NRRL 471","Aspergillus oryzae","",72.5000,"54.5818","127.3984","118.0144","141.3665","119.0621","41.6134","124.2152","119.4579","134.4641","140.5854","128.0028","173.1482","131.3990","100.5700","80.8145","90.2946","86.5140","32.7005","98.4610","79.2159","110.2001","108.6058","140.3020","166.2923","148.5908","78.4091","79.7903","64.5200","56.6298","105.9017","17.0499","36.7117","104.5180","86.9170","98.6468","123.7497","89.9409","32.1358","97.4721","33.6190","126.5196","68.8631","87.7916","121.4290","81.0057","16.0626","190.6989","188.6051","97.0957","125.7388","125.6471","43.2821","41.7121","40.1855","56.7712","63.7885","43.2515","47.3360","111.2054","39.1936","43.7634","86.5555","89.1407","46.2075","55.2410","124.5920","120.3029","28.4108","30.0436","36.4123","44.2212","145.8216","176.5916","90.7034","159.6985","33.9253","91.1166","54.6355","87.5917","82.1401","55.9955","192.6460","93.4169","129.6162","183.0362","124.8061","115.7245","106.9388","205.7229","101.8377","119.7143","113.7358","107.1026","112.3038","106.1554","155.3781"
"C:\Users\cfg364\Sommerlab Dropbox\Casper van der Luijt\Casper\Data\BioLog\OmniLog\CL2\DATA_2024\07\_NRRL 471_Aspergillus oryzae__3_30_CL2_769_7#24#2024_A_21B_29.OKA","7/24/2024 10:32:48 PM","21-B","PM03B","","NRRL 471","Aspergillus oryzae","",72.7500,"56.3280","125.9798","116.9015","147.3820","125.6661","40.4644","124.2964","116.0904","131.2161","137.8081","126.7696","173.9221","131.9579","101.6470","79.8476","91.4711","90.7381","39.1107","101.0833","77.8805","112.1998","107.8726","138.2062","165.8768","148.3549","81.2426","75.6347","60.7911","56.9671","104.1433","16.4839","44.0481","106.9843","88.8336","102.1197","122.2285","91.0273","35.6005","98.8117","33.9816","126.1015","71.2164","87.8260","121.6230","80.0370","14.9201","192.8639","194.8492","92.1595","124.6512","123.5046","47.0095","44.7825","43.3929","52.7326","65.9427","42.8551","46.0580","107.5347","41.4184","47.5833","86.4568","89.2756","44.2477","56.8709","120.9668","119.4711","26.8937","26.9717","39.3652","48.2429","145.3766","182.7184","90.6955","156.1143","35.8089","94.1584","52.9108","84.6786","85.4209","58.8329","189.5417","94.3089","127.7963","180.4691","120.8818","113.3803","103.9194","210.0205","99.9086","121.8037","115.2028","108.1866","112.6613","106.6726","154.7786"
"C:\Users\cfg364\Sommerlab Dropbox\Casper van der Luijt\Casper\Data\BioLog\OmniLog\CL2\DATA_2024\07\_NRRL 471_Aspergillus oryzae__3_30_CL2_769_7#24#2024_A_21B_29.OKA","7/24/2024 10:32:48 PM","21-B","PM03B","","NRRL 471","Aspergillus oryzae","",73.0000,"50.7019","129.2027","117.0131","143.4544","127.5608","39.8388","119.0621","118.5899","131.2390","139.3209","129.0871","172.2708","129.4293","95.6896","81.3228","96.2029","87.3576","35.8670","102.0668","76.7527","110.7863","110.8892","139.1204","167.9921","149.0661","78.1776","78.1848","60.1422","54.3474","106.4378","17.6018","41.5661","109.3870","90.3694","101.8647","122.7932","89.1613","30.8767","94.0115","36.5250","122.6728","68.3856","84.8992","119.3088","79.4929","16.1434","188.0125","194.0638","94.7799","129.7203","127.0314","44.9558","41.2060","44.1030","49.4305","66.0318","40.5947","45.2462","107.7493","41.8797","47.4751","88.5596","89.4158","43.7426","51.0434","123.8020","121.1970","30.8209","28.0638","31.8378","44.7358","144.6298","182.2723","90.7489","157.7876","34.7524","89.5979","51.2625","89.8637","80.5524","58.6453","192.2462","94.0486","126.5877","185.2617","123.7428","111.6727","107.7880","210.9330","98.5667","120.5711","118.3748","110.1967","113.5494","109.1841","152.5730"
"C:\Users\cfg364\Sommerlab Dropbox\Casper van der Luijt\Casper\Data\BioLog\OmniLog\CL2\DATA_2024\07\_NRRL 471_Aspergillus oryzae__3_30_CL2_769_7#24#2024_A_21B_29.OKA","7/24/2024 10:32:48 PM","21-B","PM03B","","NRRL 471","Aspergillus oryzae","",73.2500,"54.9151","128.6590","117.4037","143.1683","120.4779","42.7851","129.1191","113.7220","132.1038","138.6066","127.7626","172.8145","132.8098","102.8511","81.9942","90.8887","89.9554","37.9044","97.8700","78.9218","109.2839","110.0108","142.1886","167.4622","151.0633","81.7299","78.7467","65.2581","58.8290","104.6612","20.4381","36.6953","108.6901","90.7396","105.5120","122.8317","90.8078","31.6981","97.8086","37.1894","123.4991","69.7508","84.3231","123.3166","79.8707","16.2227","189.2796","196.8070","95.5036","127.8774","127.7582","42.9050","41.8354","42.1449","54.0215","62.7561","45.6502","41.7110","112.5201","40.6644","46.3602","86.4862","94.5955","42.2843","54.9268","122.1946","120.4463","26.0322","32.7114","36.6546","44.6912","145.3180","181.4387","93.7234","161.5208","37.2433","92.9405","52.5084","90.3709","82.9221","58.4605","191.0309","92.1675","130.2332","182.6072","123.1089","113.7479","109.8566","207.4800","101.7761","121.4962","119.5402","105.9482","114.7071","108.1274","154.5706"
"C:\Users\cfg364\Sommerlab Dropbox\Casper van der Luijt\Casper\Data\BioLog\OmniLog\CL2\DATA_2024\07\_NRRL 471_Aspergillus oryzae__3_30_CL2_769_7#24#2024_A_21B_29.OKA","7/24/2024 10:32:48 PM","21-B","PM03B","","NRRL 471","Aspergillus oryzae","",73.5000,"53.5248","125.2188","119.4803","144.8331","125.5020","40.5224","125.2075","119.2516","136.1540","143.3602","131.0081","174.6164","132.7677","101.1406","83.5532","91.7525","88.4204","39.4371","99.2332","78.0626","110.6906","113.0118","138.4836","163.2101","149.5202","79.0445","81.2786","63.4221","59.2081","103.4453","15.1645","39.6851","108.5620","88.0525","103.6562","121.5766","93.9717","30.7119","99.0265","37.0766","124.1368","69.1655","86.7587","127.7673","83.1650","17.2936","192.5515","195.0338","97.9678","129.9333","127.2234","45.5572","39.9511","42.6963","53.8849","66.3301","42.2827","50.6148","110.3130","38.4142","45.2975","83.9817","92.4866","43.8523","53.4323","122.3780","121.3542","29.1353","25.6365","40.8726","51.2962","145.3362","178.1975","87.9399","160.2051","39.1798","93.8677","52.4034","88.7834","85.7950","55.1854","192.4474","93.5429","131.9668","184.3980","121.7892","117.5460","110.1378","207.2105","101.2675","121.7833","115.7267","110.0821","113.0490","105.9610","155.4578"
"C:\Users\cfg364\Sommerlab Dropbox\Casper van der Luijt\Casper\Data\BioLog\OmniLog\CL2\DATA_2024\07\_NRRL 471_Aspergillus oryzae__3_30_CL2_769_7#24#2024_A_21B_29.OKA","7/24/2024 10:32:48 PM","21-B","PM03B","","NRRL 471","Aspergillus oryzae","",73.7500,"54.9837","131.3735","117.8583","144.7068","121.8380","43.6301","125.7320","116.4394","136.0546","141.6671","132.9901","172.5040","133.3613","101.8299","82.4956","92.5474","87.6081","35.6561","103.4686","80.2343","108.5013","113.4372","143.4221","164.1394","149.8053","79.0445","79.0176","62.1939","60.4891","103.5408","14.2675","40.4206","110.4197","82.5926","103.2073","125.3418","93.3695","34.6020","100.1905","35.2528","125.9754","71.6113","85.7715","126.4051","84.6731","15.6958","187.4668","194.4782","101.0140","128.1707","124.8254","44.4252","44.0733","42.1633","51.6262","66.1084","45.6809","50.0914","109.9878","41.5518","47.1414","87.2525","91.9627","43.4176","51.7879","120.5449","119.2625","32.4669","27.5497","39.3121","45.9148","144.8964","179.6080","89.6271","160.1740","40.2235","91.8566","53.4904","90.0211","87.7104","57.0758","191.4224","94.0868","133.5830","187.7409","121.5663","114.1805","111.2510","208.6521","103.1005","122.9482","118.5829","109.6647","110.4688","107.3941","153.4420"
"C:\Users\cfg364\Sommerlab Dropbox\Casper van der Luijt\Casper\Data\BioLog\OmniLog\CL2\DATA_2024\07\_NRRL 471_Aspergillus oryzae__3_30_CL2_769_7#24#2024_A_21B_29.OKA","7/24/2024 10:32:48 PM","21-B","PM03B","","NRRL 471","Aspergillus oryzae","",74.0000,"60.1457","127.9480","118.9432","146.2173","130.1846","42.1528","129.7929","117.3490","140.9072","142.6587","131.7292","172.9032","128.5692","99.3882","83.7046","90.0044","87.6557","36.6424","100.9836","78.6373","109.1745","106.9496","140.2221","167.9514","152.6245","81.1939","79.6123","59.9378","61.0239","109.0065","18.7406","41.0800","108.4970","86.5419","102.4155","123.9174","92.3041","35.6759","96.3094","38.4782","126.2909","70.7548","88.2235","124.3993","81.6184","13.8336","189.1108","195.2442","99.1584","130.6586","132.3577","43.7409","41.5583","45.7034","54.4504","64.3878","44.0924","47.4230","114.1528","40.7684","44.4546","88.6090","96.7869","43.7595","54.1753","124.8398","123.1303","32.8414","27.6891","37.1391","48.5861","146.8844","182.7670","89.1819","160.8849","33.0707","94.1466","56.5244","90.2761","84.7297","60.3530","196.1902","93.9825","132.6630","182.8459","124.2485","113.9089","111.0455","210.8529","98.3528","123.8576","119.1767","111.2816","115.2253","106.6855","155.7477"
"C:\Users\cfg364\Sommerlab Dropbox\Casper van der Luijt\Casper\Data\BioLog\OmniLog\CL2\DATA_2024\07\_NRRL 471_Aspergillus oryzae__3_30_CL2_769_7#24#2024_A_21B_29.OKA","7/24/2024 10:32:48 PM","21-B","PM03B","","NRRL 471","Aspergillus oryzae","",74.2500,"52.7372","126.6910","117.3723","144.1868","126.6248","43.2667","126.9596","119.3977","137.7217","139.8112","129.9920","172.6794","133.0731","103.3756","84.9187","88.2581","90.5548","36.1012","101.7946","79.5295","107.9001","115.9896","143.2633","167.8192","150.3926","78.4396","80.3086","66.1438","57.2169","108.4182","14.9203","40.6990","111.2121","90.1991","104.1939","122.8666","90.2017","34.2675","99.0986","34.8173","124.7351","72.2938","89.1715","122.9447","85.1024","16.6157","191.4270","197.7261","101.7749","130.0090","128.0141","45.5923","44.2354","41.2556","50.7032","66.6794","45.8543","46.7489","114.2286","40.5950","46.2547","85.8103","91.9568","44.4252","56.2877","123.7622","119.8326","27.2449","29.1501","36.9232","48.5995","144.3644","181.9030","91.5395","161.0845","36.0182","93.7864","53.4166","90.3138","85.4943","60.6089","195.3505","97.8700","128.0054","186.0308","125.8734","113.7301","108.0139","208.7415","101.5161","123.9847","118.0105","107.9451","113.7473","110.1614","154.4832"
"C:\Users\cfg364\Sommerlab Dropbox\Casper van der Luijt\Casper\Data\BioLog\OmniLog\CL2\DATA_2024\07\_NRRL 471_Aspergillus oryzae__3_30_CL2_769_7#24#2024_A_21B_29.OKA","7/24/2024 10:32:48 PM","21-B","PM03B","","NRRL 471","Aspergillus oryzae","",74.5000,"55.9635","127.6186","118.1268","148.0392","125.7061","44.9704","127.8086","123.6710","139.7267","141.9027","132.7180","176.0364","136.7885","101.9777","82.2563","94.4634","90.6076","39.6488","102.0622","82.7763","106.8289","115.8957","144.6784","170.2473","152.2013","82.4159","81.4764","66.8872","62.5000","110.4056","16.9295","44.1422","109.7656","85.2822","101.2421","126.4500","90.9088","34.9252","96.1519","37.8104","124.9043","71.4944","93.3164","128.0331","85.8673","18.4601","189.6061","195.8153","99.9563","132.5970","130.1647","47.3460","47.3175","41.3661","52.9509","65.6528","43.5185","54.6297","111.8629","41.1918","46.7885","91.1104","96.0675","43.7902","52.2446","125.4292","124.1672","27.9075","26.4817","37.6542","47.0895","148.2094","179.9922","90.3449","161.9035","34.9367","94.4279","55.9691","88.7532","88.5423","58.5251","196.5526","97.7784","131.1311","189.5105","125.8059","115.5149","114.7593","211.3298","103.2591","122.6245","122.3660","107.3991","115.2775","109.3225","159.4798"
"C:\Users\cfg364\Sommerlab Dropbox\Casper van der Luijt\Casper\Data\BioLog\OmniLog\CL2\DATA_2024\07\_NRRL 471_Aspergillus oryzae__3_30_CL2_769_7#24#2024_A_21B_29.OKA","7/24/2024 10:32:48 PM","21-B","PM03B","","NRRL 471","Aspergillus oryzae","",74.7500,"54.1444","128.7820","122.5266","149.2178","127.0297","43.9314","124.5421","117.6660","138.2447","146.5405","130.6696","174.7690","133.9883","95.3112","83.2314","90.0437","92.7655","35.9323","101.9134","80.0706","110.6139","112.0621","142.2655","168.0709","150.5618","78.3426","83.5279","63.3335","58.9529","110.8341","13.7560","39.7384","116.2043","88.5169","103.9156","129.4378","98.2103","36.3903","97.6639","36.7294","127.3622","70.7765","90.4571","125.3307","84.0398","16.5647","189.0502","198.6335","98.4604","131.1452","130.8686","45.0918","42.9271","42.9518","50.8307","69.2348","42.5335","51.4202","108.8012","40.8134","44.7356","87.2796","93.2531","50.2113","57.4415","124.0670","123.3411","25.3468","28.5470","37.1088","43.9924","145.8902","180.1649","89.5593","161.2337","38.0508","92.2259","59.4342","93.0386","86.9391","60.2842","195.6891","94.5342","131.2913","188.6391","125.4839","115.2902","108.9439","211.9971","100.3766","123.8165","119.4446","109.5670","116.6137","108.4144","157.0976"
"C:\Users\cfg364\Sommerlab Dropbox\Casper van der Luijt\Casper\Data\BioLog\OmniLog\CL2\DATA_2024\07\_NRRL 471_Aspergillus oryzae__3_30_CL2_769_7#24#2024_A_21B_29.OKA","7/24/2024 10:32:48 PM","21-B","PM03B","","NRRL 471","Aspergillus oryzae","",75.0000,"53.7773","130.1520","120.5847","151.5003","127.0814","38.9511","128.1095","120.9789","137.3496","140.8296","129.9095","178.4421","132.4687","103.2620","80.2798","90.3397","92.8662","37.1621","102.2424","76.2618","108.4154","113.6698","138.3480","170.1849","150.4051","78.0382","79.7304","65.2450","63.7477","111.0391","18.2190","38.2564","112.7379","91.8487","101.8340","124.9236","92.0937","31.0169","98.2571","36.1337","127.5884","73.5065","89.0957","124.3120","80.7152","16.3814","194.6693","197.7271","99.4716","129.9987","131.0738","47.2342","47.7335","44.4484","54.2538","66.2513","46.3237","54.6916","112.7637","42.6412","48.5861","86.3934","93.5602","45.6096","54.9832","122.9935","123.6529","29.3152","26.5782","38.4163","43.5684","147.9809","182.7264","91.7042","165.4916","35.0291","95.1189","55.2000","88.3247","86.2246","61.4367","199.7578","92.8385","134.8427","188.0113","124.2995","119.1999","110.9326","209.7405","103.6846","122.4111","119.7033","110.8449","114.2731","108.0732","157.9403"
"C:\Users\cfg364\Sommerlab Dropbox\Casper van der Luijt\Casper\Data\BioLog\OmniLog\CL2\DATA_2024\07\_NRRL 471_Aspergillus oryzae__3_30_CL2_769_7#24#2024_A_21B_29.OKA","7/24/2024 10:32:48 PM","21-B","PM03B","","NRRL 471","Aspergillus oryzae","",75.2500,"55.9777","128.6299","114.8031","149.6258","128.4607","38.9627","128.6128","119.2184","138.4205","141.1537","132.4714","176.0371","135.3796","105.4806","83.6361","90.4578","89.8435","33.8060","102.7002","84.2725","110.0237","112.8216","141.9492","169.6214","153.0251","82.5182","85.2238","68.3298","59.2571","113.6417","17.0166","40.3856","115.6484","88.7557","109.4398","125.0228","96.0190","31.4305","98.7861","33.9643","128.7970","72.4916","89.5778","122.7410","78.7171","12.4409","191.9448","194.9850","98.1952","135.0572","129.3106","44.7292","44.5501","41.9211","55.9562","68.4513","41.3571","53.7185","111.3423","39.3968","43.5310","89.9349","91.2085","43.4690","53.5352","121.2776","122.3410","30.0538","29.0007","37.4765","47.2468","147.9524","184.6254","87.8941","162.0181","35.8220","92.6652","58.6609","88.5101","84.9950","61.5945","191.3089","101.1902","133.7451","188.3406","125.8777","114.5441","109.8789","210.7624","102.1960","124.7999","118.1610","111.2589","114.2599","106.4816","157.5794"
"C:\Users\cfg364\Sommerlab Dropbox\Casper van der Luijt\Casper\Data\BioLog\OmniLog\CL2\DATA_2024\07\_NRRL 471_Aspergillus oryzae__3_30_CL2_769_7#24#2024_A_21B_29.OKA","7/24/2024 10:32:48 PM","21-B","PM03B","","NRRL 471","Aspergillus oryzae","",75.5000,"56.9318","131.9797","120.4869","149.0674","127.7195","44.0761","128.5044","121.9847","141.0233","144.6723","131.8343","177.3558","134.4053","104.9567","82.7175","95.0673","90.7675","39.3270","104.6927","79.0768","108.0583","113.8736","139.6202","171.1012","147.6894","82.5108","83.1734","64.1290","62.3942","110.8589","14.3313","38.4090","110.0800","88.5632","103.3759","126.9541","94.1176","35.2614","98.1633","34.4629","129.8315","75.8757","91.2643","124.0080","86.0945","15.9199","191.9128","197.0605","100.2732","134.9423","131.1460","43.9462","44.5409","46.0416","57.5897","69.2702","47.5814","46.5338","108.6201","37.7986","43.9134","85.1951","94.8059","44.2984","54.9245","123.3262","123.1330","28.7333","28.2858","38.2395","46.3467","150.8399","182.5476","94.3102","160.9140","34.4194","95.9744","57.0068","92.0418","87.8472","59.6746","198.1563","92.4015","134.7625","190.5922","126.9149","121.9598","114.2090","217.3026","105.4588","123.6006","122.2403","116.7074","114.5929","109.4438","154.9231"
"C:\Users\cfg364\Sommerlab Dropbox\Casper van der Luijt\Casper\Data\BioLog\OmniLog\CL2\DATA_2024\07\_NRRL 471_Aspergillus oryzae__3_30_CL2_769_7#24#2024_A_21B_29.OKA","7/24/2024 10:32:48 PM","21-B","PM03B","","NRRL 471","Aspergillus oryzae","",75.7500,"56.3106","127.8157","122.1673","149.3582","131.2081","39.2683","128.6454","118.5309","139.8622","143.7098","135.5684","171.4349","132.1437","105.1530","83.9762","94.6228","91.3003","37.7762","101.9904","82.6977","110.8661","114.6315","138.2033","171.3151","152.0099","81.3834","80.1684","62.0828","65.1795","112.2656","15.0421","40.9363","114.3103","94.0179","99.1874","125.1600","96.0128","33.5406","99.5994","36.1888","130.0063","73.2810","93.8090","127.4001","84.9495","13.8512","194.2727","197.3363","99.8586","132.8816","130.2103","45.7374","42.5965","42.5664","57.3757","69.9793","46.7971","51.2067","115.7426","41.5450","48.1622","87.9383","97.1553","44.7779","55.3810","124.3926","122.1128","25.6026","28.3126","40.2026","45.4900","147.7087","186.9145","94.2895","160.9322","32.8044","95.9359","56.5572","93.8883","88.4077","62.5914","196.1510","98.2124","137.5878","187.5671","125.7481","118.4941","114.9877","217.2678","104.4201","128.2934","119.4573","113.7371","116.7765","106.6615","161.0437"
"C:\Users\cfg364\Sommerlab Dropbox\Casper van der Luijt\Casper\Data\BioLog\OmniLog\CL2\DATA_2024\07\_NRRL 471_Aspergillus oryzae__3_30_CL2_769_7#24#2024_A_21B_29.OKA","7/24/2024 10:32:48 PM","21-B","PM03B","","NRRL 471","Aspergillus oryzae","",76.0000,"55.0915","129.3794","122.5896","149.6460","126.4149","40.0825","127.7165","120.3637","142.0120","142.6883","132.6856","175.6743","132.9024","100.6644","84.2892","90.2715","87.7639","37.7825","102.8429","80.9062","111.5432","111.3568","140.2833","171.8286","151.2481","87.0431","86.9419","65.8976","58.7288","115.3681","17.6776","42.2331","110.7728","89.7559","108.6794","129.0080","96.1846","34.8138","100.7737","34.2877","133.4952","74.6934","87.0907","131.9542","87.3795","14.0707","193.0124","198.1315","102.5300","137.0715","130.3224","44.2110","43.7956","41.8516","54.3382","65.0690","41.5675","52.0088","114.7097","39.1400","40.6699","87.3131","94.1710","46.5329","54.8082","123.1681","125.7845","27.2769","25.7698","37.2774","47.6927","148.1663","182.7237","94.6534","161.7815","36.5222","93.3777","53.3468","95.8162","84.6480","62.8754","198.8755","98.7763","137.7462","191.1691","131.1609","115.9198","111.6212","214.4047","104.6112","124.9635","120.9100","111.1230","116.1155","111.0541","157.3772"
"C:\Users\cfg364\Sommerlab Dropbox\Casper van der Luijt\Casper\Data\BioLog\OmniLog\CL2\DATA_2024\07\_NRRL 471_Aspergillus oryzae__3_30_CL2_769_7#24#2024_A_21B_29.OKA","7/24/2024 10:32:48 PM","21-B","PM03B","","NRRL 471","Aspergillus oryzae","",76.2500,"56.7645","129.3753","121.8117","146.7678","126.6846","41.5746","130.7040","121.1433","136.6046","142.7457","135.3595","175.1161","137.5145","100.1401","88.5817","95.8654","88.3410","39.4838","101.2975","77.8168","109.8963","117.0036","140.1865","175.8664","155.2382","79.5421","84.1217","68.9706","62.8537","114.5143","17.4127","41.3800","117.1307","93.1948","104.7206","127.9351","95.2804","32.9416","99.0556","36.6024","131.7155","74.6525","90.2977","128.1491","83.9422","17.7945","193.1801","200.9977","102.4363","133.1383","132.7727","44.3364","43.8719","41.8295","55.6398","65.8061","45.4836","54.8077","114.5286","39.7166","43.0982","88.9252","91.7438","48.3821","56.6641","129.0835","124.2089","28.2122","30.0498","40.4741","46.4005","147.4302","183.7258","97.1461","165.8990","38.1671","94.9704","57.6024","95.2533","90.0330","61.3268","198.8591","101.7444","135.5028","190.6404","126.6664","121.5306","112.1846","218.8486","107.1985","130.0555","120.3682","111.5978","118.9539","109.8727","157.1219"
"C:\Users\cfg364\Sommerlab Dropbox\Casper van der Luijt\Casper\Data\BioLog\OmniLog\CL2\DATA_2024\07\_NRRL 471_Aspergillus oryzae__3_30_CL2_769_7#24#2024_A_21B_29.OKA","7/24/2024 10:32:48 PM","21-B","PM03B","","NRRL 471","Aspergillus oryzae","",76.5000,"55.3516","130.6488","120.9947","150.8114","128.6797","44.6377","129.2440","124.8268","138.6435","144.6211","133.2211","171.7580","136.8474","102.3127","83.6661","97.0885","91.9405","40.8796","101.3840","77.5604","113.1024","115.9736","146.3604","174.5806","153.6344","83.6596","85.3971","67.5464","64.4012","110.9777","13.9875","41.4258","114.0020","92.4219","107.6230","131.4978","99.3563","32.3485","97.5395","33.9791","129.1718","74.5641","92.5676","131.4183","88.4864","19.8149","188.7338","195.8413","96.1480","136.4689","133.5342","47.1023","42.5005","44.6293","57.9263","69.6196","46.2782","48.9615","113.6564","41.3571","41.9362","88.9531","99.2985","47.2547","54.2013","129.0468","124.8240","25.9757","31.2954","35.6386","44.6918","150.4312","181.4093","95.2904","165.6728","35.3627","94.7568","58.6288","91.4166","87.6088","67.6475","197.7148","100.4129","138.7374","190.9753","128.0165","121.0183","114.9475","217.0683","101.1692","126.4826","121.8309","112.2502","119.2967","109.0867","159.4300"
"C:\Users\cfg364\Sommerlab Dropbox\Casper van der Luijt\Casper\Data\BioLog\OmniLog\CL2\DATA_2024\07\_NRRL 471_Aspergillus oryzae__3_30_CL2_769_7#24#2024_A_21B_29.OKA","7/24/2024 10:32:48 PM","21-B","PM03B","","NRRL 471","Aspergillus oryzae","",76.7500,"54.4910","132.7899","118.8295","153.0990","128.3996","43.0236","134.7395","125.0179","141.6905","147.4740","135.2005","174.4717","141.2694","102.6757","90.4839","98.0467","88.8816","39.8531","103.6303","79.6629","115.2108","113.2477","141.3651","171.9165","157.7442","84.6351","84.4017","70.3759","64.6002","114.8298","19.9019","38.0680","116.7681","90.0870","107.4799","129.4642","97.9584","34.1664","98.6465","34.5665","133.6510","79.8369","95.6758","130.2361","85.2187","17.6478","194.3167","198.8592","101.0457","139.1328","133.9861","47.0414","42.0287","45.1644","56.9622","70.5334","49.7983","52.3942","117.1206","45.9703","45.2642","86.2064","96.6637","46.5201","57.6170","125.3340","128.2631","29.4139","27.6367","36.7073","46.0566","150.0602","186.6890","93.4698","162.2049","38.3426","99.1628","58.3492","91.7773","88.1028","66.0808","199.9031","104.1753","140.9337","193.9480","126.8055","116.9913","112.3710","221.5850","104.3849","124.7391","123.3396","111.7520","121.0167","109.3752","161.0894"
"C:\Users\cfg364\Sommerlab Dropbox\Casper van der Luijt\Casper\Data\BioLog\OmniLog\CL2\DATA_2024\07\_NRRL 471_Aspergillus oryzae__3_30_CL2_769_7#24#2024_A_21B_29.OKA","7/24/2024 10:32:48 PM","21-B","PM03B","","NRRL 471","Aspergillus oryzae","",77.0000,"58.3905","127.9188","122.7928","151.8454","130.2877","43.3831","131.8137","127.0600","140.6369","146.3458","130.7957","179.3639","138.8301","103.2816","91.6029","93.6469","91.2432","38.8407","108.0358","82.0436","116.1881","112.4459","141.7260","174.0210","158.7435","84.8425","87.7396","66.2728","62.9935","114.6463","16.3692","38.6266","120.0406","96.7020","109.5038","131.8553","98.5121","30.7048","102.6463","32.4779","132.8145","71.8590","95.7020","132.7682","85.7632","14.4516","190.9773","200.2555","103.7295","136.4536","137.1010","44.5153","44.5602","44.0152","55.0682","68.8298","46.5249","55.7197","114.8744","44.1489","49.5418","92.6328","95.6718","48.7764","53.8762","129.0068","124.1678","30.6217","29.2833","39.0600","50.8026","151.5839","182.3940","95.6871","166.3933","35.9782","99.5975","57.4369","93.6929","90.1735","64.3236","202.2961","99.5096","142.5239","193.6711","133.4983","119.5598","118.1244","221.6297","101.8639","128.7555","123.5575","114.6382","118.7637","108.7357","160.2942"
"C:\Users\cfg364\Sommerlab Dropbox\Casper van der Luijt\Casper\Data\BioLog\OmniLog\CL2\DATA_2024\07\_NRRL 471_Aspergillus oryzae__3_30_CL2_769_7#24#2024_A_21B_29.OKA","7/24/2024 10:32:48 PM","21-B","PM03B","","NRRL 471","Aspergillus oryzae","",77.2500,"55.5730","133.3803","121.8554","153.9131","135.2714","42.2913","131.3020","122.8001","143.1206","146.6553","136.4484","177.1176","138.0487","102.9239","87.1802","93.4895","93.7817","38.9946","101.1535","82.5147","113.9988","113.3331","142.8371","170.8367","153.5423","81.2310","84.6717","65.1914","64.3443","113.9440","12.8014","41.0411","119.6515","89.3082","105.7788","129.2130","97.2668","37.3399","97.9670","34.6396","132.8536","76.9661","96.2971","128.2854","84.2904","15.0162","195.8210","199.7154","103.1971","139.7167","133.3815","44.6842","46.6894","41.1327","57.8099","69.1405","45.5767","50.5136","116.3366","42.7893","45.6474","88.2028","95.1746","46.6317","58.0147","124.1452","127.9425","25.8701","25.9592","36.0188","47.7881","151.8042","182.4607","97.0760","164.8048","35.5824","96.1280","56.1497","94.0851","89.4440","62.8184","201.1257","102.2638","140.3235","194.3769","130.2359","118.3261","117.2732","220.7724","100.2123","126.1134","126.2852","112.4877","121.0902","108.7538","161.1870"
"C:\Users\cfg364\Sommerlab Dropbox\Casper van der Luijt\Casper\Data\BioLog\OmniLog\CL2\DATA_2024\07\_NRRL 471_Aspergillus oryzae__3_30_CL2_769_7#24#2024_A_21B_29.OKA","7/24/2024 10:32:48 PM","21-B","PM03B","","NRRL 471","Aspergillus oryzae","",77.5000,"55.7189","133.3622","118.6320","152.8131","130.0000","42.9692","130.0052","122.3594","141.5417","146.2076","136.1111","176.6063","140.2449","104.4529","85.0840","94.4993","93.0675","38.8782","103.6821","78.5609","113.4045","117.3899","145.1639","173.8526","156.3614","77.0922","86.5270","67.1589","65.5946","118.2371","20.8763","43.1504","115.5615","90.5265","107.6987","130.2538","98.4457","31.7614","101.5294","35.1624","133.9241","74.5029","95.0220","128.0063","85.4202","18.9515","193.5352","197.2973","103.9007","139.1674","131.8707","46.5477","43.8521","46.0638","60.6198","70.3281","48.6493","50.9877","117.0635","43.0104","43.5235","89.4917","98.8440","48.5328","61.3239","126.3504","128.8667","29.5703","30.8539","39.6052","46.9563","154.4003","182.3858","94.8916","164.9179","33.2870","97.6755","57.8738","94.6799","89.0748","66.2949","204.6022","97.7031","142.1448","192.3362","132.0076","121.3543","115.7258","219.8875","106.3118","128.0382","123.7985","114.0566","120.4426","109.7547","161.2958"
"C:\Users\cfg364\Sommerlab Dropbox\Casper van der Luijt\Casper\Data\BioLog\OmniLog\CL2\DATA_2024\07\_NRRL 471_Aspergillus oryzae__3_30_CL2_769_7#24#2024_A_21B_29.OKA","7/24/2024 10:32:48 PM","21-B","PM03B","","NRRL 471","Aspergillus oryzae","",77.7500,"58.4627","133.4215","123.5871","152.4355","133.2096","44.5842","135.1122","128.7445","142.2040","146.0417","139.5422","177.9713","141.4348","107.3487","86.7221","97.1547","92.9507","35.4995","104.2429","82.8805","118.8826","117.6115","144.2627","170.9316","153.4790","85.4148","85.9014","69.4516","64.2230","116.4399","19.4604","43.4653","115.7646","91.7713","109.1164","133.8693","103.5595","35.9443","105.0628","36.3832","137.4745","78.7504","97.8585","132.7782","86.6548","21.2796","193.4556","199.7461","105.6483","141.2212","136.2179","43.5829","49.3900","44.1067","58.2399","73.6386","47.6989","53.2978","118.6191","42.5734","42.0665","93.9152","94.4210","49.9499","60.2163","128.3659","124.2995","27.7859","28.0888","35.7585","49.0611","154.2510","185.5579","96.1217","166.9781","38.4044","96.4940","58.8918","97.7542","95.3006","68.0790","204.7132","103.4192","148.2742","195.1061","130.0215","119.5246","117.1577","223.6590","97.9046","129.2954","125.2040","118.3216","123.8476","109.9028","161.3034"
"C:\Users\cfg364\Sommerlab Dropbox\Casper van der Luijt\Casper\Data\BioLog\OmniLog\CL2\DATA_2024\07\_NRRL 471_Aspergillus oryzae__3_30_CL2_769_7#24#2024_A_21B_29.OKA","7/24/2024 10:32:48 PM","21-B","PM03B","","NRRL 471","Aspergillus oryzae","",78.0000,"59.1523","132.2622","125.5864","155.8031","129.5456","45.6695","133.5196","130.3876","140.8824","143.2999","138.1898","179.4161","141.5391","106.7062","88.7396","98.7652","94.2065","38.5077","105.4480","84.2020","117.9252","115.2217","144.1711","172.7409","157.2841","81.6426","88.8031","67.8256","66.7059","116.6716","18.3143","42.5896","116.9696","93.9671","109.6049","131.9722","99.4900","37.7747","104.5670","35.0542","138.5846","78.9251","101.2330","131.0601","87.3175","17.9442","194.2813","202.7683","103.4888","138.7649","135.7715","48.0222","48.1387","45.1806","61.6625","73.9384","50.0962","49.1279","118.6052","43.8717","46.1518","92.2216","99.5915","52.4023","58.9983","134.5059","127.0627","28.4905","28.6620","37.5806","50.3596","148.4299","185.0622","99.5602","168.6944","38.5974","102.9555","62.0076","99.1514","89.0521","68.4919","204.1789","105.0950","142.6647","196.2896","133.7785","121.6233","115.8408","224.9516","101.7372","130.4162","125.7608","115.3628","122.8082","109.0453","163.4927"
"C:\Users\cfg364\Sommerlab Dropbox\Casper van der Luijt\Casper\Data\BioLog\OmniLog\CL2\DATA_2024\07\_NRRL 471_Aspergillus oryzae__3_30_CL2_769_7#24#2024_A_21B_29.OKA","7/24/2024 10:32:48 PM","21-B","PM03B","","NRRL 471","Aspergillus oryzae","",78.2500,"54.4482","135.3713","125.1621","155.5632","132.1308","49.0333","135.1445","131.8837","147.8728","149.2285","137.5234","174.7966","141.3242","102.3180","93.7320","94.2154","96.4785","40.1791","109.6561","83.3549","116.0353","118.4237","145.5061","178.4112","160.5695","86.8264","88.5312","69.7514","67.5016","119.2434","17.5973","44.9577","125.3962","95.3688","107.9654","127.8140","102.1915","35.8116","102.7307","36.6870","138.8551","83.8304","99.1545","131.6526","92.3343","18.8271","195.1591","199.1471","107.7254","140.7636","135.6438","47.0667","46.1198","45.6208","56.2121","71.1164","46.8026","52.4562","119.2250","40.1873","44.1978","93.4431","97.9986","52.9402","64.3864","130.0114","124.9957","29.5057","36.3206","40.3521","47.9650","153.7044","188.3100","102.3783","167.2404","38.7396","97.5812","61.9721","98.1420","93.5994","66.9076","205.4118","106.6659","144.8636","199.5870","131.5422","121.7666","118.2578","224.6886","103.1187","133.7540","126.9779","118.5317","121.6604","109.3693","161.5441"
"C:\Users\cfg364\Sommerlab Dropbox\Casper van der Luijt\Casper\Data\BioLog\OmniLog\CL2\DATA_2024\07\_NRRL 471_Aspergillus oryzae__3_30_CL2_769_7#24#2024_A_21B_29.OKA","7/24/2024 10:32:48 PM","21-B","PM03B","","NRRL 471","Aspergillus oryzae","",78.5000,"56.6665","130.0533","123.0983","156.6918","129.3219","43.2871","140.3549","126.1637","146.4884","152.1453","139.4459","178.3744","140.4415","102.9739","93.3638","100.6138","95.3251","40.9655","106.3099","79.2522","116.7544","116.7801","142.1687","178.8988","158.9458","84.4100","91.7856","70.2218","67.9749","119.9057","23.0409","43.7144","122.6558","94.9907","111.9949","135.9555","102.8678","38.1367","103.4761","38.3113","138.1551","83.5335","101.0273","134.2055","88.8105","19.8792","196.2690","199.9838","108.1237","140.5830","135.8769","49.3163","45.9293","44.3130","57.3619","70.9241","48.5863","53.9495","120.3577","36.9076","44.3509","93.3380","100.6487","45.2631","56.2292","130.5421","128.4392","30.4044","30.3369","41.9126","51.0117","153.1555","187.2314","101.3506","170.7843","38.4753","99.9400","61.7790","99.2022","93.7786","70.7811","207.3974","104.1815","148.8437","195.9426","132.5875","123.4607","117.1728","223.5477","101.2296","129.4686","129.7416","115.5482","125.3329","110.3849","162.6881"
"C:\Users\cfg364\Sommerlab Dropbox\Casper van der Luijt\Casper\Data\BioLog\OmniLog\CL2\DATA_2024\07\_NRRL 471_Aspergillus oryzae__3_30_CL2_769_7#24#2024_A_21B_29.OKA","7/24/2024 10:32:48 PM","21-B","PM03B","","NRRL 471","Aspergillus oryzae","",78.7500,"57.0391","133.3008","125.4668","159.5924","133.9887","42.0589","137.2143","131.4089","144.3844","150.5811","137.9524","178.9337","142.5327","104.8543","90.8563","101.6912","93.4506","36.4388","107.6027","83.4343","117.8594","118.7915","143.1612","180.8150","160.4972","84.0831","89.2936","69.2839","67.6313","121.0089","20.1740","43.1713","121.6671","96.7907","108.6252","133.9831","101.8803","38.0389","105.0494","35.6381","141.9518","81.0615","100.0740","135.2234","89.5864","16.9845","194.6008","199.5568","104.3694","140.1295","138.1877","45.2301","45.2866","42.1466","58.5043","69.4617","45.0766","48.7654","122.0366","41.4758","47.1636","95.4346","100.1869","46.8843","57.3221","131.0779","131.3074","29.2351","28.6541","39.8179","52.7822","158.4598","188.0554","101.8901","169.1004","34.9790","101.3564","57.9364","101.6751","92.6711","69.2122","206.0222","105.5622","147.3478","197.8900","132.6193","123.9582","119.3957","220.1432","101.9380","129.4053","125.4669","117.3463","123.7918","110.7663","161.1663"
"C:\Users\cfg364\Sommerlab Dropbox\Casper van der Luijt\Casper\Data\BioLog\OmniLog\CL2\DATA_2024\07\_NRRL 471_Aspergillus oryzae__3_30_CL2_769_7#24#2024_A_21B_29.OKA","7/24/2024 10:32:48 PM","21-B","PM03B","","NRRL 471","Aspergillus oryzae","",79.0000,"59.2307","134.9570","125.6986","157.1635","136.4792","46.8714","141.5074","132.7494","147.9741","150.9878","138.3766","183.7345","145.6316","105.2908","92.7059","98.7233","97.0267","38.7285","110.0829","85.0963","118.3091","117.1183","149.8117","180.5836","159.5888","83.3858","92.3131","70.3277","67.9881","121.5829","19.3734","44.9412","123.2708","95.2858","114.6929","135.2455","104.7277","39.4203","101.8298","40.2849","139.2665","77.9136","100.6146","136.1504","91.3215","17.2006","197.9349","199.3367","105.2710","148.4849","139.0387","49.1354","46.4725","43.4487","58.7492","70.4253","47.8720","52.6609","122.2383","43.8218","44.6966","92.9177","102.4159","47.6636","60.7357","131.4167","133.9205","32.2059","33.7594","34.6378","53.5065","155.6204","189.2780","99.6178","168.0483","39.2798","107.0682","60.0581","100.3663","94.8126","68.0169","210.2346","107.8208","148.1488","195.7372","132.8412","125.3108","120.0043","226.1545","106.8792","134.0098","131.8448","119.6919","124.4961","115.8260","164.7090"
"C:\Users\cfg364\Sommerlab Dropbox\Casper van der Luijt\Casper\Data\BioLog\OmniLog\CL2\DATA_2024\07\_NRRL 471_Aspergillus oryzae__3_30_CL2_769_7#24#2024_A_21B_29.OKA","7/24/2024 10:32:48 PM","21-B","PM03B","","NRRL 471","Aspergillus oryzae","",79.2500,"59.8697","135.4548","124.3463","152.8138","135.8942","46.0419","137.1709","132.2778","148.4333","148.5406","138.4601","179.2683","145.7735","107.8813","92.3816","96.9032","94.2684","39.6827","107.4837","81.5780","116.7542","120.7854","143.3141","178.4642","161.0596","82.0346","88.8404","70.8165","66.4470","120.5481","19.4541","39.8844","125.6526","97.0788","108.0811","132.6032","104.6183","36.6812","103.0437","33.4312","141.9945","81.3920","99.1955","134.3386","90.3914","17.2643","195.1415","201.7717","104.3129","145.3577","136.6222","49.1257","48.0386","46.5919","55.1674","74.9188","48.7933","52.9939","122.4595","42.9322","46.2288","92.9974","103.2199","50.1594","58.6648","129.5643","132.8646","29.3451","28.3593","40.2355","50.1108","154.8833","186.5142","104.2385","169.8024","37.5548","102.5493","54.6892","99.3224","88.8442","69.7640","205.5783","104.1340","149.0023","201.1494","131.5347","123.5411","120.2196","229.3206","101.6589","130.1214","131.0223","114.9608","122.0014","111.5876","161.9035"
"C:\Users\cfg364\Sommerlab Dropbox\Casper van der Luijt\Casper\Data\BioLog\OmniLog\CL2\DATA_2024\07\_NRRL 471_Aspergillus oryzae__3_30_CL2_769_7#24#2024_A_21B_29.OKA","7/24/2024 10:32:48 PM","21-B","PM03B","","NRRL 471","Aspergillus oryzae","",79.5000,"58.3739","138.9934","127.2815","156.5454","132.8498","44.2253","136.4796","128.9631","147.2047","151.4766","137.2283","179.7957","144.1288","107.7445","93.7905","97.5126","93.6337","42.0797","107.4560","84.8708","122.0454","119.5057","144.7445","179.0480","158.4275","84.1675","93.5673","69.8641","67.9376","122.9355","19.0363","42.7817","123.0995","95.3835","109.0029","131.0728","104.0415","34.6038","102.9976","38.8904","139.6990","80.2218","103.2714","135.3176","90.4438","18.6009","197.7770","200.2262","108.1490","146.9730","136.3269","42.8497","46.8576","45.5587","59.6068","74.1110","47.7438","53.7900","120.5551","47.4494","45.8764","95.0895","101.8451","46.9448","62.0960","131.4225","132.3426","29.7607","30.9716","38.2317","44.4524","156.7484","186.0859","98.6863","168.0014","39.9724","105.2712","56.1112","100.7346","93.5526","66.8822","208.2883","105.9717","151.6383","195.6789","132.8968","125.5804","120.6854","227.6623","102.7834","135.2880","129.1755","117.3704","121.5058","111.0729","158.1919"
"C:\Users\cfg364\Sommerlab Dropbox\Casper van der Luijt\Casper\Data\BioLog\OmniLog\CL2\DATA_2024\07\_NRRL 471_Aspergillus oryzae__3_30_CL2_769_7#24#2024_A_21B_29.OKA","7/24/2024 10:32:48 PM","21-B","PM03B","","NRRL 471","Aspergillus oryzae","",79.7500,"59.2147","133.8581","123.9277","155.8197","134.6971","44.5603","136.2945","130.6797","153.6698","150.7484","138.3337","178.4512","145.0239","103.8924","94.8278","99.2190","94.5785","38.6011","108.1586","87.6939","119.0288","116.3228","143.2215","179.1913","159.8023","84.9371","91.0867","66.6247","69.0599","125.9006","18.4702","46.4939","121.6844","91.9983","108.0172","134.2625","102.9559","33.1201","105.2830","37.3059","137.8109","81.6300","98.9705","137.9825","90.1081","15.7921","197.1565","202.0105","104.0386","148.2721","137.0770","48.7618","41.8217","45.7636","56.0549","73.0554","48.1728","52.0093","122.4950","44.3259","48.4356","97.2794","100.7055","50.2346","58.1083","133.0792","130.3143","29.4451","32.1800","39.3567","49.3141","152.9080","185.7672","100.6532","172.9567","38.2309","104.3264","60.3437","101.6781","91.8269","69.5235","207.7391","108.7481","149.6589","197.4382","135.7276","122.3916","119.9688","230.8320","102.6419","134.9636","127.1079","119.8665","124.1981","113.2373","162.8476"
"C:\Users\cfg364\Sommerlab Dropbox\Casper van der Luijt\Casper\Data\BioLog\OmniLog\CL2\DATA_2024\07\_NRRL 471_Aspergillus oryzae__3_30_CL2_769_7#24#2024_A_21B_29.OKA","7/24/2024 10:32:48 PM","21-B","PM03B","","NRRL 471","Aspergillus oryzae","",80.0000,"57.5736","137.4985","120.8712","160.5864","132.9587","46.6181","143.2179","130.7866","154.4169","147.1425","135.9001","178.4532","143.0168","106.0897","94.2829","98.3458","93.3622","37.4591","108.6822","83.7704","115.4301","119.1100","146.8693","186.8428","158.8482","83.7762","92.0606","69.4848","72.2528","119.0535","15.7312","43.1707","124.7301","94.8879","109.8043","137.3674","103.9538","36.3502","106.5802","35.9167","139.8484","78.9499","101.8759","139.5484","92.3178","16.8873","197.3138","200.9931","105.5024","144.8297","137.5486","45.0330","48.4595","49.7949","58.3174","72.7861","50.0596","50.3458","120.3322","47.6591","49.9990","97.4401","100.7913","47.5892","59.5208","131.9155","130.6024","30.7726","30.0156","38.0711","50.8387","157.5560","186.0628","101.7785","167.9188","38.6070","106.6992","60.0922","102.8722","92.5990","71.2453","207.0801","110.8457","147.8930","196.3070","136.9575","124.4959","118.8160","231.9316","103.4731","134.1383","131.1477","121.7619","125.6560","113.9680","165.0314"
"C:\Users\cfg364\Sommerlab Dropbox\Casper van der Luijt\Casper\Data\BioLog\OmniLog\CL2\DATA_2024\07\_NRRL 471_Aspergillus oryzae__3_30_CL2_769_7#24#2024_A_21B_29.OKA","7/24/2024 10:32:48 PM","21-B","PM03B","","NRRL 471","Aspergillus oryzae","",80.2500,"56.7554","134.5806","122.1679","159.0980","133.0451","45.1167","141.9974","133.8932","152.3348","151.6556","142.1082","181.5286","145.2220","109.9726","92.6168","97.5344","95.8250","44.8057","105.0713","79.0512","120.0053","121.1755","147.9419","183.3723","165.2787","83.9280","91.7273","69.6050","69.1787","124.9516","19.7438","46.2162","122.6317","99.4413","114.2495","136.8124","104.1116","41.2356","107.2822","39.6871","142.6217","78.4693","103.4384","135.2711","94.5801","17.4831","195.7384","203.9367","111.5287","145.9389","140.8914","48.0396","49.1030","44.3611","57.5775","73.9747","45.8124","53.9753","120.3640","43.9279","44.8752","92.6490","100.2327","51.0855","60.4426","130.1257","132.5874","32.5190","34.8424","38.0326","53.5707","154.5811","187.8467","102.2553","171.1593","37.5877","104.3184","66.0708","103.3442","94.5291","70.9850","211.8590","112.6910","155.3250","201.6455","135.6918","127.2704","121.2482","229.7406","106.0493","132.5416","130.2004","123.9487","122.5786","112.0191","164.6486"
"C:\Users\cfg364\Sommerlab Dropbox\Casper van der Luijt\Casper\Data\BioLog\OmniLog\CL2\DATA_2024\07\_NRRL 471_Aspergillus oryzae__3_30_CL2_769_7#24#2024_A_21B_29.OKA","7/24/2024 10:32:48 PM","21-B","PM03B","","NRRL 471","Aspergillus oryzae","",80.5000,"55.9321","136.9091","124.1477","157.7123","134.7289","45.2695","137.1021","134.9930","152.8326","148.9000","137.4719","182.4947","143.3587","109.3022","92.6229","101.0624","95.4983","42.3144","113.2295","86.0077","123.2402","116.2662","145.1878","182.4457","159.9854","84.4129","89.7365","73.1238","70.8125","124.6317","21.1122","42.1503","124.2840","95.8077","110.2565","132.5089","105.6815","31.7373","105.5736","40.9854","143.7887","82.8553","106.2888","136.4412","91.0421","17.2351","194.7537","203.3078","111.6394","145.3359","141.9725","47.7109","48.3037","45.9126","60.0140","73.5589","45.5116","52.4356","118.8120","43.2567","46.7526","93.4584","104.9791","49.3319","62.0882","134.7266","131.9470","31.6847","30.3167","43.6628","53.7621","158.1009","185.9585","102.1963","174.3226","36.5087","104.7674","58.5737","104.7140","95.3133","70.5185","208.2917","108.1813","150.6156","198.7140","134.7864","125.8336","120.4393","230.4091","102.9319","130.8702","129.3336","119.3010","124.7288","113.3577","161.9285"
"C:\Users\cfg364\Sommerlab Dropbox\Casper van der Luijt\Casper\Data\BioLog\OmniLog\CL2\DATA_2024\07\_NRRL 471_Aspergillus oryzae__3_30_CL2_769_7#24#2024_A_21B_29.OKA","7/24/2024 10:32:48 PM","21-B","PM03B","","NRRL 471","Aspergillus oryzae","",80.7500,"57.9846","140.0525","125.8710","159.2375","134.5914","46.2343","142.8254","136.0897","152.5451","153.0240","141.9659","185.0355","146.9963","112.1391","94.9137","99.8575","94.2281","44.8417","108.7833","82.0179","123.2463","117.6202","149.8999","178.8302","160.1779","85.1336","93.6022","67.6667","69.4583","124.3101","20.0078","44.9140","126.0508","96.2380","112.3809","134.3123","107.8427","37.4561","105.3363","38.5665","143.2026","83.9353","101.5915","135.2436","89.0606","21.5909","198.3874","205.8872","111.5688","146.6055","140.8792","49.6536","46.7650","49.3915","57.4278","76.9182","51.7163","52.1607","124.8618","44.6643","47.4935","95.5456","101.9810","51.6967","59.8639","132.6946","130.1938","29.7063","33.0796","43.8634","54.9578","161.9950","191.3804","102.7356","173.4872","39.7826","104.6495","60.6093","106.1851","98.2650","70.4162","212.8678","112.9551","156.1776","204.2461","135.7704","124.2333","120.1066","232.7267","102.4888","132.1066","132.6956","123.7827","125.9137","108.9911","166.2933"
"C:\Users\cfg364\Sommerlab Dropbox\Casper van der Luijt\Casper\Data\BioLog\OmniLog\CL2\DATA_2024\07\_NRRL 471_Aspergillus oryzae__3_30_CL2_769_7#24#2024_A_21B_29.OKA","7/24/2024 10:32:48 PM","21-B","PM03B","","NRRL 471","Aspergillus oryzae","",81.0000,"60.0087","138.1004","124.2157","159.7782","138.6576","46.0011","141.4241","138.6188","154.6713","151.5360","139.9595","183.3203","143.6936","113.0234","97.7853","101.3089","94.0572","42.6466","110.5302","88.7909","120.9612","118.8079","148.7525","183.9397","160.9348","86.2967","90.1747","73.4496","72.4967","126.0119","20.3168","44.1244","124.9658","95.4247","109.0272","136.5202","108.1656","37.6363","105.7946","36.4730","143.6261","79.0983","105.2753","140.8470","88.8478","15.3277","198.8951","203.9134","109.8443","147.6152","139.8171","46.2754","48.4585","45.7927","63.8646","74.9240","52.5928","55.7524","125.6579","43.3910","45.7926","95.4731","106.6335","48.4780","57.7696","135.8500","132.2524","29.3410","30.5751","40.9692","50.4100","158.2414","189.1864","104.5356","174.5763","38.5229","104.1063","65.7731","106.1955","94.9683","73.1046","210.5825","112.6963","154.2738","200.3730","138.3857","125.5913","118.5832","229.8267","105.3872","134.5711","129.4395","122.2836","124.8502","109.9839","166.4509"
"C:\Users\cfg364\Sommerlab Dropbox\Casper van der Luijt\Casper\Data\BioLog\OmniLog\CL2\DATA_2024\07\_NRRL 471_Aspergillus oryzae__3_30_CL2_769_7#24#2024_A_21B_29.OKA","7/24/2024 10:32:48 PM","21-B","PM03B","","NRRL 471","Aspergillus oryzae","",81.2500,"55.4746","134.1756","126.9858","156.2420","134.0013","47.6946","139.1694","135.6587","154.8747","152.8217","139.6679","181.4172","145.6032","104.9717","95.8775","99.8036","96.2826","41.5118","109.9735","82.5748","121.6571","120.4270","147.4030","185.6868","161.4042","86.9454","93.5934","68.9487","72.1702","124.5052","21.8081","48.2841","126.3571","95.5984","112.7999","134.9775","106.1120","37.1011","106.5739","38.0122","145.1755","80.4663","109.7647","138.3217","92.3522","15.6602","203.3369","206.2341","110.7664","147.1650","140.8993","45.2956","48.8189","42.6590","58.2010","73.9265","49.0664","53.8462","123.8448","43.6336","44.4619","93.4127","103.4700","50.5695","66.0323","132.8121","130.3699","31.0379","29.4201","42.1883","51.6660","154.3497","187.7060","102.6302","169.0627","41.0814","106.0582","62.7702","105.0509","94.3084","73.0987","209.5808","109.3820","153.4454","203.7918","139.8080","125.7222","122.0042","234.2426","100.4376","134.5546","131.3414","119.6337","127.1705","112.2313","161.8284"
"C:\Users\cfg364\Sommerlab Dropbox\Casper van der Luijt\Casper\Data\BioLog\OmniLog\CL2\DATA_2024\07\_NRRL 471_Aspergillus oryzae__3_30_CL2_769_7#24#2024_A_21B_29.OKA","7/24/2024 10:32:48 PM","21-B","PM03B","","NRRL 471","Aspergillus oryzae","",81.5000,"55.6578","135.1628","128.4736","157.3738","136.2785","43.6350","140.3735","133.8864","154.9527","152.3437","138.2648","181.9667","151.3923","108.4430","96.8912","97.8403","96.9274","41.3207","110.6336","84.2747","122.9122","122.0930","147.9865","185.7965","159.9612","85.3037","94.3135","72.7200","70.5692","125.4779","18.8213","42.5613","125.2185","94.1817","108.1989","137.3228","113.0818","36.9482","104.8197","41.4396","141.2604","83.6684","107.6649","140.2133","97.9990","20.4949","197.5228","201.4777","110.0029","151.6960","144.3473","45.4467","50.6421","44.5121","61.5474","76.4017","45.5949","51.2359","125.4806","45.3038","45.0409","93.2508","102.1727","52.5687","62.6935","135.5662","129.9771","32.4474","33.5075","41.3824","49.2409","155.9771","184.2255","103.9807","171.3492","42.0810","108.1126","63.2416","106.9647","96.8368","68.7212","211.6257","111.5363","156.0667","200.8307","139.3472","129.8333","126.5217","233.2764","104.4009","136.7965","132.1679","121.6389","124.2624","117.7960","164.9008"
"C:\Users\cfg364\Sommerlab Dropbox\Casper van der Luijt\Casper\Data\BioLog\OmniLog\CL2\DATA_2024\07\_NRRL 471_Aspergillus oryzae__3_30_CL2_769_7#24#2024_A_21B_29.OKA","7/24/2024 10:32:48 PM","21-B","PM03B","","NRRL 471","Aspergillus oryzae","",81.7500,"57.6338","137.8613","129.1224","157.3311","136.1007","47.3576","143.2667","136.3243","153.8172","153.3677","140.4810","179.6869","148.0998","108.7978","99.7896","99.6728","98.5839","44.1574","110.6866","86.4958","123.2297","116.1054","145.8462","182.5958","162.6086","88.6112","96.7628","71.8753","70.6002","125.4158","21.3090","44.9181","126.0948","100.5209","111.4119","139.8587","108.5337","34.4167","105.9951","41.0505","145.5315","84.5880","104.7721","138.1636","91.8953","17.5818","200.0157","204.4973","110.6823","151.1883","143.2044","49.7421","47.2016","47.9020","61.7639","74.1559","50.6994","51.2009","121.9413","45.5107","45.5611","95.3127","102.5604","50.8360","64.8854","136.8536","134.7298","32.9642","33.3467","45.7321","54.7344","157.0038","190.2507","105.4976","170.7504","40.9074","104.0683","62.4497","104.0615","97.4278","75.0997","213.4370","110.0035","157.4464","204.5142","140.4389","131.1733","127.7972","233.5947","103.7261","133.3160","133.4480","124.8045","126.8065","116.2284","164.9514"
"C:\Users\cfg364\Sommerlab Dropbox\Casper van der Luijt\Casper\Data\BioLog\OmniLog\CL2\DATA_2024\07\_NRRL 471_Aspergillus oryzae__3_30_CL2_769_7#24#2024_A_21B_29.OKA","7/24/2024 10:32:48 PM","21-B","PM03B","","NRRL 471","Aspergillus oryzae","",82.0000,"56.5546","139.8006","127.1626","159.6275","139.6176","50.0178","146.7820","139.8192","156.5629","156.2793","145.8150","181.8736","154.4616","111.3965","96.5970","99.6017","96.1498","41.9420","117.1290","85.1615","123.7451","122.7107","148.1213","183.4888","165.0871","85.3422","94.8082","74.5143","70.8972","126.0030","20.8060","44.9099","128.1242","100.3907","111.9487","134.1927","107.0294","35.4875","109.6523","36.1096","144.9246","86.2029","105.6749","141.2716","96.8657","19.2508","200.3354","202.8066","109.8679","152.2936","141.5270","52.4443","48.0148","45.8412","59.7871","75.1295","51.2638","55.7608","124.5969","44.5360","46.4578","92.1361","103.3242","48.4404","65.7700","134.4667","129.6703","31.9487","36.0316","39.3847","51.4040","159.5141","185.9928","103.9878","174.1269","38.0536","104.4801","61.5792","109.7418","99.0951","73.6986","207.5467","112.0246","154.7735","202.7247","139.0174","132.2684","122.5968","232.2447","107.0344","136.5711","132.7780","124.0309","127.0558","116.7108","163.2239"
"C:\Users\cfg364\Sommerlab Dropbox\Casper van der Luijt\Casper\Data\BioLog\OmniLog\CL2\DATA_2024\07\_NRRL 471_Aspergillus oryzae__3_30_CL2_769_7#24#2024_A_21B_29.OKA","7/24/2024 10:32:48 PM","21-B","PM03B","","NRRL 471","Aspergillus oryzae","",82.2500,"61.4954","137.2280","129.0574","158.8674","140.2819","48.2016","141.6406","142.2163","160.7989","156.6545","143.5691","181.8362","147.1708","110.5835","93.0096","98.0951","96.8945","45.2172","113.6286","85.7013","123.6670","126.6587","148.8200","188.9299","165.8221","86.6733","94.4466","76.2360","73.3233","128.8365","17.2656","45.7069","131.6810","99.0732","115.6402","138.0893","110.7730","38.5326","103.2194","38.1270","150.1484","83.8948","108.6902","142.2216","96.6644","21.2226","198.4673","208.2502","111.6692","153.6482","142.0396","48.8239","49.9522","51.5813","62.5343","74.3215","52.4580","54.5679","125.4106","47.8889","45.9727","97.6974","103.9001","48.9052","65.4937","134.4065","132.6777","33.4913","33.4471","44.0733","53.2552","156.1380","193.8223","108.9989","172.3029","38.3258","102.3979","66.3657","106.3209","101.6561","77.3107","213.7066","112.3659","161.0713","205.5286","141.9011","130.4874","123.3247","235.4669","106.4795","135.0867","135.8258","124.6729","130.5303","118.2628","165.9199"
"C:\Users\cfg364\Sommerlab Dropbox\Casper van der Luijt\Casper\Data\BioLog\OmniLog\CL2\DATA_2024\07\_NRRL 471_Aspergillus oryzae__3_30_CL2_769_7#24#2024_A_21B_29.OKA","7/24/2024 10:32:48 PM","21-B","PM03B","","NRRL 471","Aspergillus oryzae","",82.5000,"55.7858","138.9082","127.8138","161.5590","135.2841","45.1590","142.3043","138.4238","155.4834","153.9029","140.3147","180.1065","150.3688","106.5238","96.5843","100.7412","93.4669","40.9828","115.7383","86.3953","123.9673","123.4342","152.5902","187.2260","164.3270","87.9495","93.2276","72.4885","69.5862","128.1608","20.8207","47.4751","127.1665","96.5152","113.0741","134.7054","109.0696","37.9405","110.9171","42.9006","145.1205","85.5460","105.1235","139.2262","92.5790","19.6291","198.4903","202.2140","110.8501","148.3354","140.4644","50.1431","46.8472","47.3723","62.6028","76.8215","50.1975","51.2253","125.9070","45.6790","50.2800","94.0408","104.8875","51.5058","62.4354","136.7801","130.9507","32.3743","33.1249","41.3412","52.4430","159.9184","187.6561","105.2319","172.1277","39.5794","108.9982","61.0224","107.3283","97.8706","76.1266","212.9617","114.2871","154.4862","202.5857","138.1753","126.2341","125.7525","236.1840","106.1108","137.8130","133.4432","125.8492","127.6208","115.4165","166.0223"
"C:\Users\cfg364\Sommerlab Dropbox\Casper van der Luijt\Casper\Data\BioLog\OmniLog\CL2\DATA_2024\07\_NRRL 471_Aspergillus oryzae__3_30_CL2_769_7#24#2024_A_21B_29.OKA","7/24/2024 10:32:48 PM","21-B","PM03B","","NRRL 471","Aspergillus oryzae","",82.7500,"59.4146","136.1868","124.3877","159.0018","138.2712","44.6419","141.4801","139.4506","156.5107","151.2634","142.9970","183.9498","149.4954","108.9933","97.5152","100.9020","90.5755","41.8404","113.7981","86.2322","124.2272","122.9737","151.5091","185.8409","162.8378","86.2533","100.7086","74.7790","72.8028","128.9503","19.3859","47.4751","127.7455","97.0625","115.2140","134.5404","108.9747","36.6981","114.3615","42.6768","145.4688","84.8871","108.8694","138.1433","94.4544","20.5374","197.2086","204.8952","109.4689","151.2944","143.3954","47.2144","47.5489","46.7474","61.8398","77.5473","50.8974","55.6111","122.0703","48.0816","44.2156","96.1537","105.1335","51.0709","64.2334","133.9766","134.2192","31.6188","32.5860","41.8207","53.7281","157.2738","188.2394","106.6983","171.3212","37.2106","104.7124","62.1983","104.7565","94.9220","73.1242","213.3794","113.8092","160.2881","203.7562","140.4767","128.2930","125.2596","233.7269","103.8216","135.7961","133.2854","128.6113","129.7703","114.5945","169.0327"
"C:\Users\cfg364\Sommerlab Dropbox\Casper van der Luijt\Casper\Data\BioLog\OmniLog\CL2\DATA_2024\07\_NRRL 471_Aspergillus oryzae__3_30_CL2_769_7#24#2024_A_21B_29.OKA","7/24/2024 10:32:48 PM","21-B","PM03B","","NRRL 471","Aspergillus oryzae","",83.0000,"59.4595","134.9651","125.1466","159.1327","138.8680","47.1151","144.3963","137.8662","155.7971","157.4898","139.3434","183.5303","148.8571","111.1425","96.1679","102.1468","97.3349","40.9098","109.2708","84.6064","123.0707","120.3224","149.6349","189.7724","167.1901","89.0473","95.2599","71.3357","72.4514","132.5863","17.5103","46.6324","127.9843","97.6201","109.5606","140.2201","106.0511","37.8370","109.1927","39.5628","147.0811","85.9059","110.4878","141.1966","95.1085","20.1265","201.0042","206.0970","114.8882","153.7103","140.7974","49.2079","49.1460","46.8407","58.3640","78.5553","46.6460","56.3316","125.2045","43.2153","48.1906","95.8907","105.8966","51.3829","63.1356","137.4543","131.4772","33.0485","32.1370","39.9955","54.0612","161.2775","189.1488","107.6198","178.3490","37.8529","112.7966","60.5594","109.1061","94.6612","73.0426","212.5603","113.1000","161.8335","206.6941","138.3414","128.8848","124.1688","238.7149","104.6282","137.9559","131.3438","126.7048","128.4355","114.9826","163.7436"
"C:\Users\cfg364\Sommerlab Dropbox\Casper van der Luijt\Casper\Data\BioLog\OmniLog\CL2\DATA_2024\07\_NRRL 471_Aspergillus oryzae__3_30_CL2_769_7#24#2024_A_21B_29.OKA","7/24/2024 10:32:48 PM","21-B","PM03B","","NRRL 471","Aspergillus oryzae","",83.2500,"57.7214","133.4096","128.2570","158.8658","140.1537","44.3562","147.2038","140.5865","157.3627","154.9366","140.5780","181.5060","147.9191","105.6163","94.8001","103.1023","94.0693","43.4260","112.9394","84.1359","123.9343","122.3413","147.6249","187.7192","164.5311","89.2303","92.8561","74.0525","68.2793","129.7810","20.4239","49.9405","131.0504","98.6470","111.4493","138.6081","108.9596","36.0096","108.6928","37.1647","149.2147","86.1459","107.2861","141.5587","96.8514","18.0062","201.6935","205.4748","112.7825","152.3566","145.7917","47.2909","48.1303","49.6732","62.1416","75.4565","49.6103","50.2697","128.2436","44.4589","47.2977","99.1979","103.0510","52.6971","61.3500","134.2478","131.1864","28.6991","34.2256","39.5274","56.0427","159.9341","191.8498","108.3905","175.5573","39.2671","107.8688","60.8427","107.3692","97.1568","72.6341","213.1780","108.3167","161.1448","208.1519","140.9298","130.6259","121.9420","240.1750","106.4371","140.6733","135.9701","125.1346","127.0881","114.6578","164.2680"
"C:\Users\cfg364\Sommerlab Dropbox\Casper van der Luijt\Casper\Data\BioLog\OmniLog\CL2\DATA_2024\07\_NRRL 471_Aspergillus oryzae__3_30_CL2_769_7#24#2024_A_21B_29.OKA","7/24/2024 10:32:48 PM","21-B","PM03B","","NRRL 471","Aspergillus oryzae","",83.5000,"58.7994","136.9933","126.2487","160.4457","141.6062","49.5748","144.8452","136.0354","162.5854","151.3731","139.4526","182.6814","147.9744","110.2887","98.1919","101.7512","97.6934","43.9149","114.8431","84.1544","121.0755","121.9452","149.9165","189.7306","167.4496","86.7889","97.5712","77.4223","75.2616","130.1636","20.1727","45.7663","130.3123","98.2602","116.4236","143.2135","107.6431","33.6899","107.9359","36.7127","147.2525","84.0641","113.2785","142.6082","92.4629","17.1301","199.6054","205.2306","116.5273","155.0542","142.4472","48.2531","46.2350","49.3650","63.7284","75.3834","47.9718","50.2865","128.6029","42.6942","44.4363","89.8084","104.0556","53.3668","66.3823","136.8099","132.4150","26.4413","32.2628","43.7879","53.9989","156.6909","188.7578","106.5963","173.6705","39.1793","108.8192","63.7305","107.1536","100.5120","75.4772","208.4478","111.7785","162.5490","208.1815","142.3039","127.3346","126.8164","236.7127","101.1222","141.7595","137.5347","122.4422","130.1149","112.4442","164.1987"
"C:\Users\cfg364\Sommerlab Dropbox\Casper van der Luijt\Casper\Data\BioLog\OmniLog\CL2\DATA_2024\07\_NRRL 471_Aspergillus oryzae__3_30_CL2_769_7#24#2024_A_21B_29.OKA","7/24/2024 10:32:48 PM","21-B","PM03B","","NRRL 471","Aspergillus oryzae","",83.7500,"59.5900","136.9031","126.7286","160.9130","139.9986","45.4098","144.0655","140.1544","157.8073","153.2335","141.1313","183.0584","149.7589","110.6345","97.0285","98.1590","95.2923","44.7482","115.1736","84.7232","125.7998","122.8092","148.4553","189.2386","168.1357","83.7584","96.6670","73.1738","72.0953","130.9035","21.7926","49.9727","133.2708","97.7222","115.6238","141.3735","114.3665","36.2641","109.6872","39.5990","149.2967","84.9908","111.4464","143.4910","95.4646","22.0062","198.3737","204.2774","113.6536","159.4594","144.7824","51.1245","48.7678","48.1844","60.4534","78.4042","49.6335","56.3814","126.6533","45.6317","46.8613","96.4095","105.1052","51.2851","62.3208","136.5711","135.5144","35.6965","28.9099","43.6800","54.3285","160.4006","189.8225","108.5174","175.2455","37.8577","112.0429","63.2148","109.2283","102.5118","79.8878","214.1047","113.7529","164.4645","203.0897","142.4851","131.6068","126.2082","239.0535","106.2352","138.8407","136.4104","128.6411","127.6210","117.3525","168.2078"
"C:\Users\cfg364\Sommerlab Dropbox\Casper van der Luijt\Casper\Data\BioLog\OmniLog\CL2\DATA_2024\07\_NRRL 471_Aspergillus oryzae__3_30_CL2_769_7#24#2024_A_21B_29.OKA","7/24/2024 10:32:48 PM","21-B","PM03B","","NRRL 471","Aspergillus oryzae","",84.0000,"59.0518","136.2879","126.4951","160.9292","137.5971","42.9676","145.3652","140.7819","159.2349","152.9432","141.8536","181.7876","151.6929","108.9606","97.8740","102.9488","96.1943","44.7503","111.3504","83.2581","123.7951","118.3907","149.2621","192.5009","166.6405","90.9421","93.2040","72.3409","71.5310","134.0654","19.4647","46.6536","130.1091","97.8813","110.9393","139.6128","110.6800","37.3492","106.7564","38.3913","152.7722","88.6747","106.5110","141.0041","93.1070","17.3394","199.4552","206.1078","110.3474","153.1172","142.4896","47.1093","47.8214","43.8519","60.7113","74.4722","48.3826","44.8387","128.8621","41.3255","47.5436","94.5039","106.2544","54.5802","67.2711","132.0334","135.8146","33.5714","34.7290","37.5324","53.4581","159.7735","190.7057","108.4276","176.1290","40.2020","109.9625","63.2528","105.6952","97.6099","75.2731","215.7469","112.1016","164.4253","205.2515","136.8446","125.7080","127.9935","237.4855","108.9456","138.0815","134.5849","127.3507","131.2782","115.0117","165.6449"
"C:\Users\cfg364\Sommerlab Dropbox\Casper van der Luijt\Casper\Data\BioLog\OmniLog\CL2\DATA_2024\07\_NRRL 471_Aspergillus oryzae__3_30_CL2_769_7#24#2024_A_21B_29.OKA","7/24/2024 10:32:48 PM","21-B","PM03B","","NRRL 471","Aspergillus oryzae","",84.2500,"56.5346","141.3683","128.5132","157.7239","142.6380","46.0137","145.2019","141.2660","158.1713","155.0138","139.7575","184.7002","147.8836","110.3832","98.1919","101.8409","98.8923","42.7274","112.5498","86.5779","124.8604","124.0755","148.7132","192.4981","161.3992","87.8970","100.2138","74.5647","73.1997","131.0771","19.1257","45.8276","133.5289","100.6385","119.6858","140.8062","111.9045","36.6004","108.5410","40.4903","149.0887","91.1928","115.0635","143.7308","96.2125","19.0470","199.7511","203.5384","115.4778","155.1112","146.2315","46.8278","51.4216","45.0671","61.2831","78.3561","49.2570","53.9750","124.6017","39.3376","48.0499","98.7182","106.2049","52.8848","62.3212","137.4689","136.4849","31.9358","29.0770","42.2556","54.7367","160.3852","189.7187","107.9158","175.4480","40.9482","107.2821","66.0179","109.7585","102.9191","76.0872","211.5784","113.5529","162.2352","207.5295","141.2005","127.7434","129.1069","239.3283","107.7742","138.3382","135.0337","127.1073","127.9071","114.5363","168.3380"
"C:\Users\cfg364\Sommerlab Dropbox\Casper van der Luijt\Casper\Data\BioLog\OmniLog\CL2\DATA_2024\07\_NRRL 471_Aspergillus oryzae__3_30_CL2_769_7#24#2024_A_21B_29.OKA","7/24/2024 10:32:48 PM","21-B","PM03B","","NRRL 471","Aspergillus oryzae","",84.5000,"54.8850","134.9907","128.9024","157.6285","141.4042","46.8197","145.7258","142.2290","162.2007","159.5640","139.9916","185.5577","147.6633","107.0199","96.8703","102.5758","97.7678","38.8333","117.1936","85.0540","120.8912","123.7477","149.5368","191.4109","164.9515","86.4652","100.5912","75.4350","75.2917","133.5134","20.0534","44.6710","129.9345","102.0440","113.2225","139.1260","111.4280","37.1549","107.7528","40.1701","149.8780","86.4922","118.0739","143.1889","95.0532","20.3449","201.1874","205.8216","113.7436","159.8189","144.6435","45.9423","46.1700","46.2691","61.2515","78.3245","50.4993","55.0811","129.2431","41.8934","46.7924","96.6076","105.8966","54.2519","63.0251","134.9780","136.7376","26.5045","26.7135","42.7345","53.7061","161.5430","191.2377","108.1073","179.8263","40.5173","109.3333","62.6845","109.2522","102.1951","78.0044","214.4383","115.7069","162.8905","208.1437","139.3282","127.5868","131.2011","239.6459","109.1936","138.4017","138.3953","127.6202","126.6873","111.8545","166.0279"
"C:\Users\cfg364\Sommerlab Dropbox\Casper van der Luijt\Casper\Data\BioLog\OmniLog\CL2\DATA_2024\07\_NRRL 471_Aspergillus oryzae__3_30_CL2_769_7#24#2024_A_21B_29.OKA","7/24/2024 10:32:48 PM","21-B","PM03B","","NRRL 471","Aspergillus oryzae","",84.7500,"55.7254","140.0608","128.8894","164.7328","140.7378","46.2573","146.6991","141.8352","161.6295","155.1893","139.3613","183.5079","152.4483","112.2546","97.1360","107.1946","100.7160","46.4747","113.5473","85.6794","123.1067","126.1404","149.5798","194.8291","167.4475","88.9553","98.4020","73.8036","76.5824","135.8755","19.8562","46.2725","127.3847","100.8852","117.4505","139.8158","116.2706","38.2846","109.8005","41.6116","152.6667","87.1156","112.2967","141.3083","98.3949","21.5560","204.5454","205.9724","114.8997","155.7986","146.7510","50.6290","52.3367","51.7345","62.7051","81.4529","51.8574","53.2540","132.5628","43.1197","48.5689","96.9981","112.1992","54.5290","64.9374","138.1217","139.8728","27.5613","30.2080","40.8206","55.2822","159.5452","190.8744","112.3709","176.4656","38.4044","110.3494","61.6828","111.5486","98.5673","78.9758","214.7619","118.5929","166.1399","210.6105","141.9600","132.2103","126.9344","241.8368","109.5879","139.0487","136.1736","128.0257","131.9104","116.8549","167.2837"
"C:\Users\cfg364\Sommerlab Dropbox\Casper van der Luijt\Casper\Data\BioLog\OmniLog\CL2\DATA_2024\07\_NRRL 471_Aspergillus oryzae__3_30_CL2_769_7#24#2024_A_21B_29.OKA","7/24/2024 10:32:48 PM","21-B","PM03B","","NRRL 471","Aspergillus oryzae","",85.0000,"59.9330","140.4510","126.2884","161.1759","141.7522","45.0259","149.0971","144.2764","163.6237","157.5897","139.7300","183.7043","150.2338","113.4706","98.3624","102.1351","97.8852","44.6709","116.6772","85.5488","126.6552","124.2394","151.2004","194.2044","165.4564","89.7061","99.0308","74.2242","73.7296","133.9174","18.3855","47.7782","133.6758","98.3651","119.2792","144.3553","115.7967","43.3107","111.9785","38.4349","150.3490","85.7609","113.2523","142.2645","96.5923","21.0038","204.0252","205.9072","113.7094","153.4497","146.1625","50.1270","50.2332","47.9715","62.9915","77.8065","48.0790","55.4848","129.4209","48.6630","45.9492","96.5152","110.7605","51.0679","66.4666","136.5768","137.9521","30.0726","28.7402","40.9485","51.4148","161.1205","193.6730","108.0091","178.6677","38.8060","110.7662","61.7148","112.0243","99.1074","82.8565","213.7376","117.3139","165.6080","207.3766","140.7198","129.9962","127.2750","240.1222","112.3479","139.3342","138.2366","125.8449","132.5524","115.5590","169.5460"
"C:\Users\cfg364\Sommerlab Dropbox\Casper van der Luijt\Casper\Data\BioLog\OmniLog\CL2\DATA_2024\07\_NRRL 471_Aspergillus oryzae__3_30_CL2_769_7#24#2024_A_21B_29.OKA","7/24/2024 10:32:48 PM","21-B","PM03B","","NRRL 471","Aspergillus oryzae","",85.2500,"61.7984","134.1084","128.8694","159.9541","142.1231","53.1249","148.8967","145.6304","161.2691","155.2349","142.6236","184.1676","154.3641","109.7727","100.6092","104.6712","96.8450","40.7541","118.9027","87.6660","123.2814","123.0908","149.0561","193.6667","166.1100","87.3440","101.3761","74.8374","74.4090","138.3327","19.6930","47.6722","133.8340","100.7729","111.4340","141.3479","116.3698","34.3397","110.5402","39.2883","150.0665","87.6003","112.0345","143.4356","97.9077","18.0774","203.2269","207.6281","117.2043","155.3561","148.2943","49.6707","46.3261","47.5058","63.6327","76.2385","49.2808","55.6371","128.8645","44.7906","45.7426","95.7879","107.4019","54.2510","62.1068","137.4196","136.0260","32.6075","32.5849","42.5443","54.6410","160.6806","190.6477","107.4000","177.1076","38.0732","114.5894","65.2804","112.8226","102.6302","74.9543","215.3976","117.7886","167.4132","209.1431","142.4168","128.2760","126.2731","244.5732","108.2892","139.4091","139.1164","131.5478","131.5751","113.7577","166.2682"
"C:\Users\cfg364\Sommerlab Dropbox\Casper van der Luijt\Casper\Data\BioLog\OmniLog\CL2\DATA_2024\07\_NRRL 471_Aspergillus oryzae__3_30_CL2_769_7#24#2024_A_21B_29.OKA","7/24/2024 10:32:48 PM","21-B","PM03B","","NRRL 471","Aspergillus oryzae","",85.5000,"58.6473","141.8717","130.1308","166.0382","141.9766","47.9537","150.8374","143.8292","164.0654","156.9010","139.3044","187.9496","151.8325","113.6757","98.5398","105.3984","100.7312","44.0481","115.0572","87.2230","128.5725","121.4980","150.9060","197.7289","163.6172","88.6955","93.3582","78.9190","76.3413","132.4105","21.4560","41.7555","139.2928","103.2710","118.4735","140.7140","116.3002","35.7453","111.2525","39.1853","154.8705","87.8805","114.5698","140.1334","97.0342","16.5199","201.3660","206.3215","113.8384","158.1289","142.8707","46.0041","50.0724","45.3507","59.2389","78.8340","43.6600","56.3663","130.8693","44.6083","45.6081","96.0511","107.1148","54.7632","63.9000","138.1721","138.9488","32.0765","29.7791","45.2428","53.5969","161.0185","191.8050","107.9259","176.8278","39.6177","111.0639","60.7667","112.2598","104.0655","80.3851","216.4284","116.5895","166.2926","206.1879","146.9202","134.9596","126.2359","242.2365","104.2708","137.6072","142.7377","127.1313","130.6982","114.8586","170.8428"
"C:\Users\cfg364\Sommerlab Dropbox\Casper van der Luijt\Casper\Data\BioLog\OmniLog\CL2\DATA_2024\07\_NRRL 471_Aspergillus oryzae__3_30_CL2_769_7#24#2024_A_21B_29.OKA","7/24/2024 10:32:48 PM","21-B","PM03B","","NRRL 471","Aspergillus oryzae","",85.7500,"57.7142","140.0851","128.5126","163.8954","142.9917","48.1794","149.3675","144.7296","162.8977","157.4038","139.7383","189.4889","152.0515","113.2485","102.2464","104.7289","97.9885","43.8567","115.4456","86.7365","130.1947","125.7215","150.5759","195.0840","167.3809","89.8663","100.0102","75.7047","77.8733","139.2469","22.0617","47.3005","131.8760","100.2790","119.3428","140.7140","115.3821","40.3687","111.1894","37.4479","153.0674","88.6364","118.7496","142.6956","97.1635","16.7159","201.4314","209.9828","117.1429","159.4705","146.7080","48.3377","49.9445","48.2107","64.9460","77.9468","47.4682","57.0162","128.5373","46.2824","46.0407","100.5544","108.4703","59.0870","65.1213","141.5461","137.2104","34.3166","31.9471","43.5498","54.0813","160.5464","191.7745","108.1822","177.5773","39.0923","116.2110","63.0695","114.4425","103.3707","80.8324","219.0522","117.1694","168.9701","211.8817","144.4166","133.8406","126.4218","245.0557","108.9263","138.8419","142.6115","129.6398","130.2772","115.6505","171.2758"
"C:\Users\cfg364\Sommerlab Dropbox\Casper van der Luijt\Casper\Data\BioLog\OmniLog\CL2\DATA_2024\07\_NRRL 471_Aspergillus oryzae__3_30_CL2_769_7#24#2024_A_21B_29.OKA","7/24/2024 10:32:48 PM","21-B","PM03B","","NRRL 471","Aspergillus oryzae","",86.0000,"61.3220","140.2900","128.4213","161.4584","144.1474","46.0950","146.6523","151.1290","164.1815","155.4246","142.3654","188.0399","154.2914","113.5726","100.9125","104.9759","98.8128","38.7007","117.0807","84.2838","129.1552","125.8338","147.6967","194.0050","166.5326","89.4635","99.3473","77.4735","76.9380","135.5330","23.0728","46.6297","135.9943","99.0794","116.3083","140.1570","114.0409","38.4014","110.3421","38.4485","157.3854","92.7884","114.5220","145.3076","99.4786","21.4439","199.1034","209.6314","116.9590","156.1157","152.2013","50.7337","49.9732","51.5387","67.1219","79.3719","50.0900","54.2570","128.1416","44.7543","48.3103","101.9355","108.5511","51.4259","62.3075","139.8414","139.6613","27.3792","31.5262","43.5544","52.1538","161.7813","193.4504","112.2161","174.6370","35.6690","113.1166","64.0613","110.9944","103.5643","80.1321","217.8087","114.5771","166.8793","210.4923","145.5560","129.9140","130.8852","245.2437","105.5737","140.9587","141.7522","131.1444","136.5580","113.0293","171.7932"
"C:\Users\cfg364\Sommerlab Dropbox\Casper van der Luijt\Casper\Data\BioLog\OmniLog\CL2\DATA_2024\07\_NRRL 471_Aspergillus oryzae__3_30_CL2_769_7#24#2024_A_21B_29.OKA","7/24/2024 10:32:48 PM","21-B","PM03B","","NRRL 471","Aspergillus oryzae","",86.2500,"64.1095","141.3290","129.7167","165.3681","142.1109","52.3796","150.6485","148.0392","161.0412","161.9904","143.7835","186.3443","154.7692","114.1690","104.3351","107.3231","100.8552","43.8636","117.5809","86.7368","127.7984","127.5555","151.2868","194.6635","168.3453","90.9796","103.7919","75.5810","78.5178","137.5214","21.7001","48.0235","136.9390","98.6382","117.5160","143.7383","118.3130","37.4148","110.3870","41.3893","156.5843","93.5650","113.6633","143.6358","100.7670","20.0273","201.8948","209.2983","116.2967","156.9277","149.0837","51.9072","51.6803","51.6595","63.6269","79.3560","47.0219","55.6012","133.2407","42.5378","47.0389","96.9435","109.7972","56.7227","63.8209","140.2396","137.9448","36.2560","30.0322","41.3366","57.0008","162.9720","194.5255","113.2285","177.8468","40.0301","113.6071","65.1835","111.8399","103.4382","77.2740","218.8989","116.6571","168.9267","212.2866","144.9719","133.0961","131.7214","244.2102","106.1927","142.4687","142.6030","132.0973","135.5840","115.4532","169.6555"
"C:\Users\cfg364\Sommerlab Dropbox\Casper van der Luijt\Casper\Data\BioLog\OmniLog\CL2\DATA_2024\07\_NRRL 471_Aspergillus oryzae__3_30_CL2_769_7#24#2024_A_21B_29.OKA","7/24/2024 10:32:48 PM","21-B","PM03B","","NRRL 471","Aspergillus oryzae","",86.5000,"57.6790","141.4683","130.8959","166.9047","144.8618","50.9882","148.7166","145.3645","164.5431","158.4347","145.9306","187.5247","154.4118","112.7946","102.4594","101.2340","98.6949","45.4586","117.3470","89.0386","127.9972","125.6230","152.5898","193.4543","166.1356","88.5648","102.5515","76.0921","74.5901","140.8629","19.0861","47.5947","135.8888","102.2239","119.9966","145.5685","112.1663","39.9380","109.9936","35.3826","154.4363","89.6441","116.9710","144.4228","102.4377","17.0342","202.7567","211.3599","120.5443","160.3226","146.6657","52.3352","46.8272","49.6020","65.2844","82.1250","50.6241","53.9580","134.0109","45.0051","47.6363","100.5982","110.8733","59.2144","65.4995","137.4651","140.7508","30.0170","32.5234","43.9948","53.5548","160.8056","193.1995","113.5752","176.9068","36.4901","110.9641","64.0690","116.5765","105.9733","79.0692","221.2250","119.5270","168.8054","212.0160","144.8845","132.4421","127.3654","246.8306","107.8489","145.1226","139.9237","133.0711","135.3210","113.6169","170.6043"
"C:\Users\cfg364\Sommerlab Dropbox\Casper van der Luijt\Casper\Data\BioLog\OmniLog\CL2\DATA_2024\07\_NRRL 471_Aspergillus oryzae__3_30_CL2_769_7#24#2024_A_21B_29.OKA","7/24/2024 10:32:48 PM","21-B","PM03B","","NRRL 471","Aspergillus oryzae","",86.7500,"60.7790","141.7218","134.0187","169.2227","148.8677","50.5821","145.8643","144.7198","162.4383","157.4107","142.6883","187.7039","155.1001","110.6828","102.6667","108.7370","97.1571","44.4056","116.9677","87.6527","128.7872","125.5449","151.8327","195.4502","166.7695","88.1688","98.0992","76.4144","78.1875","141.2323","21.0933","49.3689","134.4966","102.9118","116.9854","143.1811","121.8572","41.3130","109.7961","36.5347","153.6838","93.9085","117.3452","145.4401","98.9032","21.8667","202.2842","211.7572","118.1568","160.2724","149.8451","48.9543","49.7988","52.1905","65.1748","77.8021","49.9008","52.6344","130.8078","47.1453","48.5551","95.2611","109.9102","54.3522","68.2976","140.9379","138.5000","36.5705","30.5673","40.6163","52.6161","163.2201","191.9115","112.0840","180.8948","38.6571","117.0581","62.8230","116.6005","103.5082","83.3119","219.3138","120.0287","174.6578","210.0265","144.4938","132.3842","131.9345","250.0033","106.6872","145.3056","140.8841","128.4930","135.5098","116.3239","168.3613"
"C:\Users\cfg364\Sommerlab Dropbox\Casper van der Luijt\Casper\Data\BioLog\OmniLog\CL2\DATA_2024\07\_NRRL 471_Aspergillus oryzae__3_30_CL2_769_7#24#2024_A_21B_29.OKA","7/24/2024 10:32:48 PM","21-B","PM03B","","NRRL 471","Aspergillus oryzae","",87.0000,"57.1889","142.3595","133.5357","163.5657","146.3540","48.4572","147.1558","147.3283","160.5470","160.4377","145.8674","186.6939","155.0382","114.3242","98.3853","104.6754","99.3145","43.6409","116.2776","90.5552","129.9310","124.3202","146.9300","197.3393","167.6023","92.7771","101.9273","83.4026","81.1663","142.0087","21.5314","47.7946","142.4090","101.3266","118.6920","144.8127","119.7468","41.6439","111.2382","40.5644","153.9482","89.6608","118.3477","140.8736","96.8697","17.1717","200.6491","210.1648","120.6556","162.4423","152.0135","48.3682","49.8920","47.3283","62.3397","80.0057","54.1608","56.4927","134.5616","49.7225","48.2558","99.6801","110.1934","58.6656","66.1890","137.3368","138.3958","32.4029","31.0202","39.9378","54.1957","162.7113","189.8164","109.4359","180.3793","44.5211","111.4199","63.4510","115.6665","103.4738","83.8315","219.9959","120.4353","172.0882","210.4389","147.5765","137.0495","131.8521","247.0258","105.9643","143.4397","141.4672","133.9275","131.0470","113.9743","171.9750"
"C:\Users\cfg364\Sommerlab Dropbox\Casper van der Luijt\Casper\Data\BioLog\OmniLog\CL2\DATA_2024\07\_NRRL 471_Aspergillus oryzae__3_30_CL2_769_7#24#2024_A_21B_29.OKA","7/24/2024 10:32:48 PM","21-B","PM03B","","NRRL 471","Aspergillus oryzae","",87.2500,"56.4399","143.4529","129.8653","166.1893","152.5932","47.6207","148.7491","149.4113","163.5266","158.8030","143.5319","188.6491","156.0915","113.8868","101.9933","106.8740","100.1190","42.4117","117.0964","88.0774","131.8808","127.2922","152.4802","199.9218","170.8525","92.6458","99.2734","76.6777","77.4975","140.4275","21.3690","51.3364","136.1339","102.6996","115.3605","146.1507","118.1629","36.1508","109.1886","40.5157","155.5457","93.6319","117.8557","143.9443","99.7324","17.7112","203.2658","211.4698","121.2158","160.9716","145.7378","51.7650","47.9802","47.0644","64.1924","79.3036","53.8341","55.2790","136.1559","44.0693","49.2691","95.5299","111.0868","56.3346","69.4690","140.5118","137.6343","34.5481","33.3299","40.6422","54.9911","161.1028","193.0297","112.9962","179.9437","41.0287","113.7289","64.6953","112.6844","102.8688","80.8354","215.1957","123.9811","173.9260","209.5686","144.0107","136.0640","131.6056","247.9108","107.6849","144.6918","147.3410","135.8393","134.5996","116.8675","172.7540"
"C:\Users\cfg364\Sommerlab Dropbox\Casper van der Luijt\Casper\Data\BioLog\OmniLog\CL2\DATA_2024\07\_NRRL 471_Aspergillus oryzae__3_30_CL2_769_7#24#2024_A_21B_29.OKA","7/24/2024 10:32:48 PM","21-B","PM03B","","NRRL 471","Aspergillus oryzae","",87.5000,"59.2305","142.6271","130.5128","166.2059","143.9657","49.6072","152.0739","144.6742","166.8378","161.7668","146.1427","185.7050","160.3738","112.2844","98.4665","102.3372","96.2629","44.1306","119.8961","88.1362","127.5228","121.6829","151.0274","197.4186","168.9497","89.6574","102.7912","79.4736","79.7991","141.1163","19.9820","48.3514","139.8393","103.2990","118.5860","142.6296","119.4077","40.0273","112.5104","39.0925","155.9771","92.2219","118.4099","146.9872","103.8035","18.8849","198.1641","210.2845","119.7096","159.0836","146.6960","50.5737","51.4427","47.7674","66.5246","78.7430","49.1328","52.8146","133.1782","47.1344","51.6096","97.6158","109.0888","55.8023","67.8905","137.3385","138.7469","31.5951","32.3896","39.4547","55.3461","163.7177","193.2865","114.0691","179.4651","38.3582","116.8419","62.3152","112.7574","104.4289","82.5508","220.4615","119.4736","177.4596","213.2180","146.9505","133.3471","128.0941","246.5536","108.5936","145.1073","145.4792","131.2538","135.0378","113.0330","171.0641"
"C:\Users\cfg364\Sommerlab Dropbox\Casper van der Luijt\Casper\Data\BioLog\OmniLog\CL2\DATA_2024\07\_NRRL 471_Aspergillus oryzae__3_30_CL2_769_7#24#2024_A_21B_29.OKA","7/24/2024 10:32:48 PM","21-B","PM03B","","NRRL 471","Aspergillus oryzae","",87.7500,"59.9045","141.9642","127.5679","164.3958","147.7372","45.9886","152.0486","148.6311","165.1783","161.1096","142.6681","188.1877","155.7723","111.2172","109.1089","105.5370","100.1886","46.1034","116.6839","89.5471","130.1626","125.7245","149.8627","200.9698","170.5686","89.6699","103.9177","79.1710","77.1314","144.7595","20.5243","49.7410","136.7843","101.9820","116.3220","148.3937","120.8864","40.6853","112.6815","37.8076","158.1081","90.3103","120.4973","148.0226","101.2276","17.5540","201.4425","207.6668","118.8504","162.1061","147.1194","50.2167","52.9252","48.9526","68.8365","82.0340","49.3142","54.7803","131.9368","47.9800","48.6594","98.6543","109.8451","56.5987","66.8504","141.3065","141.1296","38.4386","32.5343","44.9194","50.4114","160.8892","193.3784","113.8741","180.5652","41.0945","119.7329","64.1450","115.1031","103.9291","81.0395","218.4649","120.2930","174.0393","212.0318","146.4644","132.4465","130.9470","246.4012","107.3824","145.2604","144.0203","128.7234","138.7898","117.0835","171.8201"
"C:\Users\cfg364\Sommerlab Dropbox\Casper van der Luijt\Casper\Data\BioLog\OmniLog\CL2\DATA_2024\07\_NRRL 471_Aspergillus oryzae__3_30_CL2_769_7#24#2024_A_21B_29.OKA","7/24/2024 10:32:48 PM","21-B","PM03B","","NRRL 471","Aspergillus oryzae","",88.0000,"63.3634","146.1470","131.7929","166.2691","151.0137","48.0521","151.2585","151.9729","165.3274","161.8980","144.8112","187.6909","154.9152","112.9133","103.6934","105.5046","101.6987","40.2419","118.9181","89.2920","133.4206","125.1152","152.4240","199.7417","168.3464","92.1151","103.2818","80.8586","79.9838","141.9621","22.9692","47.4819","138.1052","102.5419","118.5452","145.9238","120.0387","41.3338","114.0925","38.8329","156.4381","91.2041","122.1950","145.0070","104.4434","20.7833","203.9448","210.0515","120.5186","162.6387","151.4299","52.2201","52.0433","51.3795","65.1268","79.4160","54.2225","55.5213","132.3730","49.9923","49.0588","98.3711","112.0264","55.6548","66.8429","141.7207","141.2409","36.5075","30.4601","46.7798","55.8232","163.6298","195.6003","112.6757","182.5582","40.0265","113.6425","67.7285","117.7235","103.8168","84.1524","218.0045","120.7437","174.5481","211.1416","145.5487","136.7701","134.1297","249.2880","108.0609","147.7903","144.7103","136.1587","136.5587","116.0101","173.0185"
"C:\Users\cfg364\Sommerlab Dropbox\Casper van der Luijt\Casper\Data\BioLog\OmniLog\CL2\DATA_2024\07\_NRRL 471_Aspergillus oryzae__3_30_CL2_769_7#24#2024_A_21B_29.OKA","7/24/2024 10:32:48 PM","21-B","PM03B","","NRRL 471","Aspergillus oryzae","",88.2500,"59.7756","143.5777","132.7348","166.0489","148.1396","46.5002","153.0269","149.9576","167.7596","157.2879","141.9913","188.0531","154.6328","114.2603","103.7255","109.3905","99.5430","43.7612","119.3694","92.5555","131.1059","126.7623","149.2474","202.1258","169.9629","91.3016","104.5416","76.6491","81.7294","142.3746","23.2225","48.1903","139.7101","99.7327","119.7681","142.8829","119.6574","40.0930","114.3767","37.0612","156.9135","92.8698","119.5194","146.9885","97.9113","14.6319","205.1507","209.0334","115.4426","160.4513","147.5325","50.6830","48.6817","48.7250","66.0808","78.4300","53.9679","54.8989","133.7670","44.6881","45.1419","97.0825","111.3494","56.2785","63.0039","142.0364","141.4625","35.8173","33.9635","46.1755","54.8257","164.4427","194.7797","110.1442","182.8686","37.2414","115.7222","63.7610","117.4710","102.4187","82.4725","219.1580","121.1935","176.7675","213.1165","145.5807","134.8376","131.0368","247.9500","110.6381","147.3498","145.8470","132.4974","130.8280","115.9147","171.6231"
"C:\Users\cfg364\Sommerlab Dropbox\Casper van der Luijt\Casper\Data\BioLog\OmniLog\CL2\DATA_2024\07\_NRRL 471_Aspergillus oryzae__3_30_CL2_769_7#24#2024_A_21B_29.OKA","7/24/2024 10:32:48 PM","21-B","PM03B","","NRRL 471","Aspergillus oryzae","",88.5000,"59.2259","142.9144","129.3144","167.4585","149.4030","47.8065","149.9714","148.9909","170.0793","157.2723","150.0981","192.5272","157.2483","113.8035","103.7021","103.7587","103.0755","45.9193","117.4604","87.8617","130.0390","127.7959","152.8979","201.1594","169.3717","89.0217","104.4111","79.2383","79.4766","144.2665","19.9937","48.4839","137.0276","102.9494","123.0945","149.0609","120.2089","37.8863","113.0530","40.6924","153.0501","92.4780","121.6609","142.6121","99.6493","17.3880","205.4357","212.4405","117.2884","160.6497","150.0677","52.7904","50.3851","46.9792","66.3602","80.1646","49.7269","56.0244","136.1556","42.7112","47.2711","101.0230","111.2186","53.8753","64.1411","143.8832","138.0788","33.1013","34.4824","39.4918","56.4396","164.9020","191.5639","116.6848","180.5139","36.9913","116.1721","64.4005","114.3257","106.4678","81.4115","218.7771","120.1407","173.9892","212.6113","149.0184","133.0078","129.9098","251.1396","109.1917","146.0429","144.1783","131.6914","138.8463","117.1064","173.8811"
"C:\Users\cfg364\Sommerlab Dropbox\Casper van der Luijt\Casper\Data\BioLog\OmniLog\CL2\DATA_2024\07\_NRRL 471_Aspergillus oryzae__3_30_CL2_769_7#24#2024_A_21B_29.OKA","7/24/2024 10:32:48 PM","21-B","PM03B","","NRRL 471","Aspergillus oryzae","",88.7500,"60.6366","146.1375","132.8513","166.0378","149.6151","52.7843","152.0329","149.7599","171.8493","159.6313","149.7010","190.2394","162.7657","118.5277","104.1207","107.6797","103.2012","43.0592","120.3912","92.1205","128.5359","125.8462","153.0073","200.5843","166.5582","92.6568","107.2549","78.1069","79.3159","145.1972","21.7943","49.6861","145.6939","104.6337","122.0690","148.4913","119.5079","40.4651","115.0726","42.9344","156.8946","91.9314","119.9711","147.3183","101.9165","15.8508","200.4740","212.2247","120.2840","162.6114","149.6161","50.2982","46.5132","52.0187","66.5913","80.7038","57.4938","56.0431","136.8792","41.8188","49.5356","100.6624","111.5895","60.9511","67.3995","138.6610","137.8017","32.0384","31.1580","45.5601","60.4478","164.1398","193.9653","116.0357","181.7556","38.5850","118.5534","67.2102","114.9561","100.6437","85.6057","223.2923","119.4751","175.1698","215.0062","148.8994","138.1328","128.4926","248.6793","106.5151","148.7664","143.9412","134.4162","138.4034","117.3691","170.6808"
"C:\Users\cfg364\Sommerlab Dropbox\Casper van der Luijt\Casper\Data\BioLog\OmniLog\CL2\DATA_2024\07\_NRRL 471_Aspergillus oryzae__3_30_CL2_769_7#24#2024_A_21B_29.OKA","7/24/2024 10:32:48 PM","21-B","PM03B","","NRRL 471","Aspergillus oryzae","",89.0000,"59.1628","141.1587","131.0753","168.3021","149.3588","50.0927","152.1754","154.2126","167.9889","160.4729","149.6929","191.6963","156.5749","114.3413","104.3688","110.9326","99.3357","47.0051","116.6192","91.7516","132.0390","127.9743","149.5141","204.7798","167.9914","91.2829","108.1213","80.5672","78.9938","143.2469","19.5390","51.2918","138.4299","106.9925","123.0661","148.4505","121.8985","37.4990","113.2611","42.2354","158.9911","97.5097","123.7512","146.5691","98.5437","20.4610","204.8895","212.7852","121.5233","162.7628","155.9413","52.8017","51.1949","50.9845","62.6260","79.5689","52.4875","57.3304","133.7252","43.8805","50.0187","102.1650","113.7629","58.5366","66.9828","144.3179","144.0985","30.5651","34.8512","38.5766","53.0333","165.3889","193.4524","118.4483","182.0729","41.8127","119.1112","71.9262","117.6796","107.6653","86.4587","218.0802","121.3384","177.5804","214.2007","146.7335","137.1230","135.0723","247.6340","105.8369","146.7911","147.8462","135.6098","138.2045","117.8997","171.1053"
"C:\Users\cfg364\Sommerlab Dropbox\Casper van der Luijt\Casper\Data\BioLog\OmniLog\CL2\DATA_2024\07\_NRRL 471_Aspergillus oryzae__3_30_CL2_769_7#24#2024_A_21B_29.OKA","7/24/2024 10:32:48 PM","21-B","PM03B","","NRRL 471","Aspergillus oryzae","",89.2500,"62.1903","146.0630","131.5326","168.1758","147.5517","52.3449","156.7601","155.6927","168.5907","160.6061","148.2005","190.2871","159.7015","117.3480","106.1699","110.1051","101.0254","44.3969","119.8541","92.9424","136.0325","128.7620","153.5295","205.7944","171.5767","94.5124","107.4923","80.7935","79.5242","145.6918","23.9524","50.5877","144.0077","107.8894","122.0421","147.4267","121.4543","38.3179","118.6847","43.9920","160.8568","96.4448","124.4204","148.8637","105.3871","24.5111","202.5673","212.1971","124.9848","160.8738","154.2058","54.2734","52.2485","52.0483","66.3795","81.9553","54.3660","57.4936","134.7949","42.7368","51.0932","102.2289","115.2750","57.1997","70.1662","143.7515","137.9344","28.0877","34.6935","46.0158","56.6702","164.7314","195.5889","118.0991","180.9566","42.7371","117.3784","75.0199","120.2575","108.2948","89.1320","216.3111","123.1341","179.2221","220.5027","149.3035","137.6550","138.6691","250.3685","110.2757","148.9114","147.4042","136.5711","135.1537","118.6286","173.1874"
"C:\Users\cfg364\Sommerlab Dropbox\Casper van der Luijt\Casper\Data\BioLog\OmniLog\CL2\DATA_2024\07\_NRRL 471_Aspergillus oryzae__3_30_CL2_769_7#24#2024_A_21B_29.OKA","7/24/2024 10:32:48 PM","21-B","PM03B","","NRRL 471","Aspergillus oryzae","",89.5000,"54.9310","148.0268","132.3590","168.1646","149.9884","48.2926","155.6385","153.5610","169.5851","160.9566","148.2801","192.0454","159.7406","114.4227","103.2538","106.1813","100.6392","44.1524","121.2920","91.3142","133.6324","128.2369","152.8096","202.4509","170.2013","94.5894","107.4059","81.5445","75.1971","144.0310","21.1875","50.9499","145.2442","107.2173","122.1548","151.0759","122.0441","40.8583","117.1482","39.9124","160.6188","94.2617","123.2449","146.9004","105.0940","19.6475","205.0847","212.7198","120.9845","162.1595","152.6976","51.5867","48.2757","48.9885","68.5676","81.0800","49.2721","57.2936","133.5880","46.4936","46.2543","98.7061","116.5104","57.3229","69.5138","143.9951","141.8520","28.8974","33.1877","42.7445","57.0175","167.2968","193.8506","115.9917","178.3514","40.4696","118.6075","66.3571","116.5668","105.0139","85.0811","220.9324","124.5501","180.5761","214.8801","149.6393","135.6938","129.3796","251.5972","110.4186","146.0372","145.5919","139.0892","134.0083","118.2406","175.1279"
"C:\Users\cfg364\Sommerlab Dropbox\Casper van der Luijt\Casper\Data\BioLog\OmniLog\CL2\DATA_2024\07\_NRRL 471_Aspergillus oryzae__3_30_CL2_769_7#24#2024_A_21B_29.OKA","7/24/2024 10:32:48 PM","21-B","PM03B","","NRRL 471","Aspergillus oryzae","",89.7500,"57.9940","146.8047","137.3356","169.7220","149.9393","47.1517","155.2058","150.8406","173.2577","160.3091","149.1963","192.1898","164.3508","117.6760","105.9722","112.6228","105.9339","43.1087","119.8867","92.7795","137.6391","132.7636","154.2855","201.4659","170.0203","91.9493","108.7795","83.2226","82.0676","149.5561","22.0269","47.7819","144.4785","106.1972","118.8915","151.0979","124.2655","38.4809","116.1983","41.2859","160.9925","96.7269","126.0426","147.9632","105.7951","18.3169","202.1502","211.6547","123.0096","163.2235","151.7010","52.8539","52.2052","54.2714","67.3966","83.6523","56.5096","57.0114","139.1212","47.1898","46.8292","101.0475","114.6683","58.7535","72.8240","146.7613","142.2486","36.1868","35.1669","41.1030","57.7410","166.5122","196.5030","117.6012","183.8850","40.5087","119.1067","69.6426","118.9762","110.9295","83.9173","223.0374","127.0017","179.7926","214.7498","151.7039","138.7841","133.2798","250.9024","116.6072","149.9671","151.3346","141.9634","139.7761","119.9346","175.5460"
"C:\Users\cfg364\Sommerlab Dropbox\Casper van der Luijt\Casper\Data\BioLog\OmniLog\CL2\DATA_2024\07\_NRRL 471_Aspergillus oryzae__3_30_CL2_769_7#24#2024_A_21B_29.OKA","7/24/2024 10:32:48 PM","21-B","PM03B","","NRRL 471","Aspergillus oryzae","",90.0000,"59.4731","145.6835","134.0640","166.7156","150.2650","50.0587","161.4482","154.1877","171.7410","159.2659","146.2667","188.2736","159.4147","113.3191","106.2736","110.3692","99.7466","47.1011","123.3159","90.6855","135.9120","129.1628","153.7060","202.4693","171.5802","91.7441","108.7475","78.7283","81.4840","149.1108","23.5420","50.4307","142.1709","104.0462","121.1377","152.4026","122.9225","42.9692","113.5460","40.7638","161.4281","96.0313","127.3958","146.7781","105.7471","20.8217","203.2448","213.6586","119.7145","164.2750","150.3090","49.9772","53.2738","49.7816","67.0321","84.1765","48.5826","53.3200","137.4519","48.4329","46.1972","97.2929","116.7440","58.7689","69.7908","145.7361","140.3712","35.2633","35.7333","44.3621","59.6302","164.5253","195.7388","117.1144","184.6749","42.0102","116.0011","66.9613","115.5238","109.7968","85.4229","222.3968","124.0428","181.6837","218.1080","151.5654","138.3378","136.8570","252.7638","110.8158","147.8719","144.2729","138.3972","139.9243","116.5510","172.3728"
"C:\Users\cfg364\Sommerlab Dropbox\Casper van der Luijt\Casper\Data\BioLog\OmniLog\CL2\DATA_2024\07\_NRRL 471_Aspergillus oryzae__3_30_CL2_769_7#24#2024_A_21B_29.OKA","7/24/2024 10:32:48 PM","21-B","PM03B","","NRRL 471","Aspergillus oryzae","",90.2500,"61.0399","145.8122","131.7409","167.7266","148.1365","47.5734","158.2928","155.6162","170.3250","162.8333","147.2334","191.4907","159.4107","113.6021","108.3925","106.5322","101.6211","43.4096","121.6960","87.5871","132.3398","127.1263","154.2140","206.5020","172.3992","90.2910","106.2412","79.3093","80.7635","151.8110","20.2558","47.1634","140.2461","105.3021","121.6895","147.6284","123.3680","39.4139","114.9984","41.0265","161.2320","94.7642","126.5997","144.3909","104.2012","14.5436","203.6099","213.2704","122.0157","162.7375","151.9581","49.0692","49.7987","49.3857","68.1548","80.9186","55.8691","55.9160","135.0015","44.4134","49.5888","98.3072","113.3336","55.5542","68.1598","145.3748","141.7644","32.0299","34.3980","43.8278","50.9825","167.8802","192.6998","114.4905","185.8457","42.6667","120.7861","66.2366","118.1431","107.6196","86.8074","217.6505","126.5676","179.1222","215.7232","147.2782","138.0615","132.4772","251.2811","111.3803","147.3447","146.3568","138.8565","132.7428","113.0308","174.9397"
"C:\Users\cfg364\Sommerlab Dropbox\Casper van der Luijt\Casper\Data\BioLog\OmniLog\CL2\DATA_2024\07\_NRRL 471_Aspergillus oryzae__3_30_CL2_769_7#24#2024_A_21B_29.OKA","7/24/2024 10:32:48 PM","21-B","PM03B","","NRRL 471","Aspergillus oryzae","",90.5000,"61.2022","141.7568","133.5606","168.2683","149.9593","44.8123","154.3640","156.7816","173.3345","160.1064","145.9090","190.1468","161.8527","116.8719","108.0014","108.1011","101.7622","45.0486","121.0838","88.8454","130.8147","123.8286","154.0847","205.2064","170.9903","91.2680","108.9484","80.6674","82.4635","147.1894","21.4737","49.6712","142.2439","106.4480","119.9083","149.1546","125.8014","44.8072","114.6501","44.2951","160.7985","97.9960","126.6515","148.5385","104.3193","18.7089","204.1344","211.9670","121.4143","165.4665","151.8488","50.3513","51.6391","49.2707","66.1713","80.2928","54.3498","57.8779","136.5822","43.5597","48.0169","101.3430","113.4707","56.8559","67.4916","141.6649","141.7425","32.8200","33.3935","43.8445","53.5452","168.1366","198.1507","113.2221","181.8772","38.8405","119.4875","65.0880","115.6839","109.4447","88.1308","225.2411","123.9747","183.3781","216.4891","149.2542","138.6910","134.4210","252.0438","114.5687","151.3017","146.0630","136.6494","138.8877","117.4563","177.5995"
"C:\Users\cfg364\Sommerlab Dropbox\Casper van der Luijt\Casper\Data\BioLog\OmniLog\CL2\DATA_2024\07\_NRRL 471_Aspergillus oryzae__3_30_CL2_769_7#24#2024_A_21B_29.OKA","7/24/2024 10:32:48 PM","21-B","PM03B","","NRRL 471","Aspergillus oryzae","",90.7500,"62.6436","143.6834","132.0155","167.8648","151.4575","49.4923","156.3165","156.7058","172.8842","160.7959","148.4269","194.6634","163.4923","119.1163","107.7482","106.0358","100.5100","47.4222","123.5599","92.9191","132.9068","131.6342","155.1253","206.6135","171.4669","91.1018","108.9582","81.8602","79.8589","147.5542","23.9165","54.3285","145.0330","110.3220","122.3736","151.5178","127.5820","39.3486","116.2715","37.1162","163.6819","95.1319","129.7668","152.4551","103.4376","16.3727","204.1374","214.2979","120.3585","165.7464","151.5370","54.1241","50.8968","48.3099","64.8594","84.5875","52.2251","58.5361","135.7460","46.4643","45.4000","105.7899","113.1162","55.1680","70.4412","144.2855","141.4778","31.4545","28.9299","41.6107","55.6521","166.7840","195.7111","116.0423","182.2022","42.1921","118.8118","68.5737","115.6237","111.0297","85.8305","222.2228","125.8735","181.1435","218.7976","152.7928","141.2404","135.6930","252.6205","109.4047","149.3603","145.8710","138.2006","140.5465","118.4541","177.2990"
"C:\Users\cfg364\Sommerlab Dropbox\Casper van der Luijt\Casper\Data\BioLog\OmniLog\CL2\DATA_2024\07\_NRRL 471_Aspergillus oryzae__3_30_CL2_769_7#24#2024_A_21B_29.OKA","7/24/2024 10:32:48 PM","21-B","PM03B","","NRRL 471","Aspergillus oryzae","",91.0000,"56.3304","147.6779","128.6436","168.5054","152.3409","46.4974","156.5390","158.5023","171.5711","159.2730","149.9773","193.2323","164.6493","115.8974","106.3265","106.2442","103.7975","46.5094","119.8824","87.7826","135.6430","125.8889","151.9826","208.1995","171.5556","89.4711","108.3985","84.2581","77.0761","153.8624","20.7805","50.2254","148.4681","105.3591","120.0773","150.0550","123.7208","39.0762","115.5180","37.7635","162.1104","101.2257","129.0344","149.6805","103.0994","20.1454","203.4071","212.4625","123.0340","166.0689","150.9708","50.4519","54.9162","46.3775","63.9501","83.4013","54.8411","55.3131","136.8777","46.8135","46.8288","97.4783","115.6301","58.1844","70.5935","144.8342","143.2236","32.5909","31.9853","45.8126","54.4798","164.2503","196.0644","116.6053","185.3200","40.9274","121.0664","67.0513","119.5660","106.5348","89.0984","222.5716","125.7081","181.0063","218.9181","152.0119","140.3587","135.7172","253.6201","112.8478","148.0348","149.4810","137.1588","136.9403","120.3156","175.2862"
"C:\Users\cfg364\Sommerlab Dropbox\Casper van der Luijt\Casper\Data\BioLog\OmniLog\CL2\DATA_2024\07\_NRRL 471_Aspergillus oryzae__3_30_CL2_769_7#24#2024_A_21B_29.OKA","7/24/2024 10:32:48 PM","21-B","PM03B","","NRRL 471","Aspergillus oryzae","",91.2500,"59.2115","142.9815","135.2303","165.9799","148.8567","49.8271","156.7988","154.4910","173.7167","162.8981","146.6432","191.3933","164.3492","115.7426","104.3281","107.4382","102.2297","49.5442","122.0099","86.8765","132.8525","124.9240","153.2288","202.4726","168.4519","93.1803","106.9779","81.5903","83.1077","148.9339","18.7964","49.5429","144.8771","104.0124","118.8715","155.1789","128.8680","36.4414","116.5281","43.1321","160.5112","97.2200","126.3640","147.2718","104.4347","16.0810","204.5092","212.2177","122.5213","162.5629","152.4391","51.1592","49.2084","46.3008","66.9638","81.2149","55.7015","59.1764","140.1127","43.4774","49.9435","101.1711","113.8316","55.8663","68.9210","145.8631","142.4195","34.5692","30.8856","37.8021","54.5262","165.3961","193.3781","118.3738","179.7371","41.6526","117.6678","68.2397","116.3403","108.6830","86.0187","221.8577","126.1726","179.6762","220.8335","151.3901","141.6104","134.5132","253.5240","108.6212","151.9447","146.5017","138.8648","140.7307","113.2659","177.5448"
"C:\Users\cfg364\Sommerlab Dropbox\Casper van der Luijt\Casper\Data\BioLog\OmniLog\CL2\DATA_2024\07\_NRRL 471_Aspergillus oryzae__3_30_CL2_769_7#24#2024_A_21B_29.OKA","7/24/2024 10:32:48 PM","21-B","PM03B","","NRRL 471","Aspergillus oryzae","",91.5000,"56.1842","147.4812","131.9543","169.4105","150.3894","52.7775","157.2896","154.7804","177.2755","165.0976","145.7333","193.4156","166.6080","119.4967","108.5473","110.0480","103.9756","50.5275","121.4618","94.8931","138.7767","127.1963","158.5444","206.6723","173.0836","91.3702","111.9938","80.6149","83.8741","152.9304","20.5732","52.7262","144.7898","105.4122","120.5981","153.8802","120.9748","39.4887","117.0299","40.8989","163.3453","98.8684","132.4603","150.3886","108.1925","19.3021","202.3775","215.3025","126.1538","164.9623","151.6477","52.1503","53.6600","48.1442","68.3460","85.6362","54.0501","55.7437","137.2959","44.1148","47.2212","102.2920","119.0253","60.7185","69.3214","144.7717","143.0925","33.7645","33.1629","47.3390","58.7611","165.9679","195.4822","121.8058","181.9659","44.2002","124.7143","67.5840","118.3524","107.2300","89.1796","222.5583","125.0981","183.9153","222.1788","149.8197","142.8184","134.5389","254.5443","107.5266","149.7846","150.6849","139.4041","139.3390","120.6053","175.2644"
"C:\Users\cfg364\Sommerlab Dropbox\Casper van der Luijt\Casper\Data\BioLog\OmniLog\CL2\DATA_2024\07\_NRRL 471_Aspergillus oryzae__3_30_CL2_769_7#24#2024_A_21B_29.OKA","7/24/2024 10:32:48 PM","21-B","PM03B","","NRRL 471","Aspergillus oryzae","",91.7500,"58.8602","145.9784","134.4319","169.6301","157.7628","44.6022","161.2847","154.2174","175.4112","164.3287","149.8607","196.0197","160.9010","115.8932","109.1635","109.2600","103.2718","48.9243","126.9673","91.5738","138.0797","132.1613","154.5189","206.0512","173.7915","93.9062","105.8164","84.2836","81.1852","155.2178","20.8696","47.9986","147.9969","105.7637","121.4255","153.1884","121.3904","40.8965","118.4442","48.7650","162.8445","100.5525","130.6660","147.5305","104.4450","18.8086","207.5523","217.1817","123.3437","163.9150","153.5808","50.6189","55.1546","51.4762","65.8552","80.6181","54.7307","57.9152","137.9637","43.9364","50.5020","103.2760","118.1098","59.9885","67.9265","146.3311","148.4372","34.5655","32.7067","44.8083","55.8471","166.0426","196.9014","118.7101","181.4708","40.1782","121.1591","68.4342","123.9919","110.0042","90.5494","222.6376","126.8276","183.8745","221.1399","153.3558","142.3026","136.5479","254.0612","110.2193","148.3227","150.3816","140.7637","140.1736","117.8058","174.6355"
"C:\Users\cfg364\Sommerlab Dropbox\Casper van der Luijt\Casper\Data\BioLog\OmniLog\CL2\DATA_2024\07\_NRRL 471_Aspergillus oryzae__3_30_CL2_769_7#24#2024_A_21B_29.OKA","7/24/2024 10:32:48 PM","21-B","PM03B","","NRRL 471","Aspergillus oryzae","",92.0000,"57.5481","145.7205","131.7360","172.2664","153.6987","46.0375","161.5900","159.3111","175.9625","165.0492","146.4260","193.5417","163.0407","116.2601","107.4381","108.3566","101.6109","43.8814","122.0084","94.8444","136.8947","131.2923","153.0187","209.4631","174.5370","89.2482","110.0488","84.5862","84.7254","154.6126","23.8614","50.7468","149.3123","108.9086","125.1156","155.3625","126.8775","37.9758","118.9579","40.3789","163.9045","103.4431","129.9937","149.5724","109.0105","22.0697","208.0555","216.6126","122.3146","169.8468","157.6458","56.2748","51.9430","55.4459","68.0261","85.9108","54.8631","60.3234","142.8341","44.9119","49.6112","103.2330","119.1590","61.4274","70.2785","144.9145","146.4890","33.4201","34.7651","44.4977","60.4216","168.2934","199.4356","119.8922","186.6600","42.1284","123.1639","69.7192","120.1676","111.2415","89.8160","221.0549","127.9525","188.1871","221.5180","155.2858","140.6361","135.4016","256.0356","116.0877","151.7579","149.1003","140.3284","140.7453","120.2529","174.3829"
"C:\Users\cfg364\Sommerlab Dropbox\Casper van der Luijt\Casper\Data\BioLog\OmniLog\CL2\DATA_2024\07\_NRRL 471_Aspergillus oryzae__3_30_CL2_769_7#24#2024_A_21B_29.OKA","7/24/2024 10:32:48 PM","21-B","PM03B","","NRRL 471","Aspergillus oryzae","",92.2500,"64.8624","146.6782","134.4784","162.3339","151.5142","45.9858","159.8987","157.6956","172.1688","164.2776","150.8402","192.5239","165.4096","116.9703","108.2667","108.5231","104.5223","45.4560","122.5013","93.0834","137.8046","130.6430","156.1140","206.9007","172.8806","92.1849","111.5342","81.2817","86.0387","154.1446","19.0438","50.2421","146.9153","107.1075","121.8710","149.9328","127.7801","38.3125","114.9023","44.3082","162.0359","97.6342","129.6450","149.5565","104.9252","18.2023","204.9626","214.4817","125.8583","165.2762","153.2925","54.7037","50.2200","50.0015","66.8590","83.2331","51.0574","58.7459","141.4192","41.7795","48.3192","100.9298","115.3013","62.2515","71.0792","146.3540","139.0465","32.8086","32.5226","47.9621","56.8913","165.8739","196.5522","118.8473","183.0995","40.2025","122.6419","66.2519","117.8242","111.1322","87.0604","220.5613","124.9367","183.2686","220.2412","155.1170","141.8366","137.4914","252.4548","110.6351","153.7243","149.0288","142.2604","139.9604","119.6826","174.6430"
"C:\Users\cfg364\Sommerlab Dropbox\Casper van der Luijt\Casper\Data\BioLog\OmniLog\CL2\DATA_2024\07\_NRRL 471_Aspergillus oryzae__3_30_CL2_769_7#24#2024_A_21B_29.OKA","7/24/2024 10:32:48 PM","21-B","PM03B","","NRRL 471","Aspergillus oryzae","",92.5000,"57.5236","145.0774","135.9352","168.6247","153.8746","47.8875","160.5218","161.4955","181.0664","163.9156","143.5688","194.2347","162.0263","116.1806","108.8794","107.7045","102.1565","47.2863","123.2776","93.4381","133.4316","133.4465","154.9357","204.1250","172.8927","92.8951","110.7401","85.4679","79.3069","151.5494","23.2897","46.6102","146.5146","110.6069","123.2418","150.1306","127.7262","43.2781","118.5945","37.1220","162.9847","102.6013","137.1659","150.3123","105.1258","21.9566","204.6659","215.4993","125.4761","166.1905","152.4800","50.7340","52.6679","51.9868","68.6255","84.3655","53.1805","56.4049","140.7399","46.6632","48.6317","104.5563","117.1573","55.4389","69.2682","144.0977","143.5065","29.9704","30.4282","43.5914","54.4429","167.7590","193.1911","116.5641","185.0788","39.5266","123.6744","66.5345","124.8489","110.8868","90.1732","226.0343","127.9221","188.1636","219.9198","154.6372","142.2628","133.8673","254.6650","112.8384","153.0232","149.0553","140.0631","139.6629","117.0591","174.8254"
"C:\Users\cfg364\Sommerlab Dropbox\Casper van der Luijt\Casper\Data\BioLog\OmniLog\CL2\DATA_2024\07\_NRRL 471_Aspergillus oryzae__3_30_CL2_769_7#24#2024_A_21B_29.OKA","7/24/2024 10:32:48 PM","21-B","PM03B","","NRRL 471","Aspergillus oryzae","",92.7500,"58.3015","147.4297","134.1269","170.1863","154.1996","47.2026","160.1750","159.4936","173.6552","161.9180","152.2439","197.5526","162.5538","120.8285","105.2689","110.5075","105.1783","50.5091","123.0787","91.6253","137.1215","131.3465","159.1071","208.6077","171.1583","91.7346","111.5223","82.4402","82.5803","155.4058","21.5351","52.2063","146.7116","107.7330","122.9757","153.1194","129.9810","40.7221","119.7151","43.1171","164.2162","101.9906","131.1296","149.6079","103.4616","17.3841","206.3382","215.3420","124.3701","167.7647","153.7144","52.6728","49.6451","50.3362","67.2893","82.9489","52.3578","56.8911","140.4431","43.0839","47.3801","101.7102","118.7582","57.6886","68.0652","145.1141","144.5247","35.8428","31.4477","39.2540","58.3329","168.1720","197.2445","120.9182","188.9358","41.5537","126.5788","71.7777","119.1216","109.8659","90.8643","226.2477","129.3992","189.3658","221.9881","153.2045","141.5604","138.2079","256.9065","112.2781","151.4788","148.9311","140.4666","140.4805","117.3056","176.7892"
"C:\Users\cfg364\Sommerlab Dropbox\Casper van der Luijt\Casper\Data\BioLog\OmniLog\CL2\DATA_2024\07\_NRRL 471_Aspergillus oryzae__3_30_CL2_769_7#24#2024_A_21B_29.OKA","7/24/2024 10:32:48 PM","21-B","PM03B","","NRRL 471","Aspergillus oryzae","",93.0000,"60.6004","148.0293","136.6058","169.8365","159.7689","51.3692","161.1912","160.9532","178.4252","163.1267","151.1095","197.4388","166.3448","117.2914","112.9113","114.1906","102.2924","48.1017","127.1091","98.8322","135.1130","134.5795","153.9374","212.0685","175.3695","94.8609","112.1379","88.4231","88.0567","155.6335","21.6138","52.3894","146.9743","112.6059","128.1283","156.0512","131.1814","42.6385","121.3741","41.5320","166.5235","103.0168","133.7799","157.0708","108.5299","19.0226","205.6867","215.6881","127.2207","169.1664","155.7950","52.5195","51.1638","53.3366","72.9433","88.2210","56.3580","58.6666","140.6698","47.0002","46.3628","107.1985","122.7013","58.8258","71.7143","148.5121","146.0381","35.9554","32.0665","45.2907","58.4006","171.6064","202.7126","122.9445","185.0817","43.4079","125.8268","71.1826","122.3110","112.0622","91.6348","227.2410","132.5976","189.6178","225.6958","154.1242","145.6833","140.1084","256.4782","117.1455","152.3404","151.7308","140.9589","145.3209","121.9139","179.0385"
"C:\Users\cfg364\Sommerlab Dropbox\Casper van der Luijt\Casper\Data\BioLog\OmniLog\CL2\DATA_2024\07\_NRRL 471_Aspergillus oryzae__3_30_CL2_769_7#24#2024_A_21B_29.OKA","7/24/2024 10:32:48 PM","21-B","PM03B","","NRRL 471","Aspergillus oryzae","",93.2500,"62.7407","147.0953","134.4615","170.8742","157.9147","50.6953","160.4033","161.1852","176.5291","162.9932","149.5746","194.3029","167.4050","118.1863","108.6047","113.4258","106.4789","49.2462","126.8826","97.3998","137.1498","129.2422","153.1086","209.9179","172.8131","91.9150","110.7178","86.8662","85.3046","156.5236","22.9246","50.7751","149.5471","106.3383","125.6841","155.6886","129.2060","37.4475","120.8074","43.2067","164.8683","102.5138","134.2258","150.7199","105.8791","18.0402","207.6496","213.7803","129.9449","167.4961","154.1425","52.7087","49.4036","49.6592","70.0118","86.7044","55.6882","59.3878","142.7812","43.8808","47.5323","105.6521","120.0871","60.4803","70.3708","147.0921","146.1017","33.4599","35.0349","45.9311","59.2677","169.0024","198.3299","122.9445","186.2969","43.7776","122.6905","71.3099","122.0246","111.9672","93.2941","226.8573","131.5744","190.7394","221.1186","156.6591","146.8023","141.5313","254.7552","113.4488","155.5290","151.8903","146.0497","142.9978","117.0029","176.0806"
"C:\Users\cfg364\Sommerlab Dropbox\Casper van der Luijt\Casper\Data\BioLog\OmniLog\CL2\DATA_2024\07\_NRRL 471_Aspergillus oryzae__3_30_CL2_769_7#24#2024_A_21B_29.OKA","7/24/2024 10:32:48 PM","21-B","PM03B","","NRRL 471","Aspergillus oryzae","",93.5000,"60.9106","148.8344","138.3278","170.7170","160.2717","53.5834","161.7493","164.0690","177.9595","166.9324","151.8436","198.7262","169.6812","118.3520","109.5368","113.6488","103.1672","48.7693","125.5886","92.7771","139.4823","134.7771","155.2302","209.4877","175.4958","94.6318","115.3882","84.7579","91.9971","158.0811","23.0205","51.8083","149.2577","110.5382","125.2017","153.1502","126.1473","42.4742","122.2870","40.1793","165.1866","105.3117","136.5190","152.6028","106.8812","19.9394","207.6496","216.1157","129.3633","169.7125","155.2025","52.8663","52.8279","51.1993","71.6050","87.9683","61.1745","57.6831","142.8461","46.8411","49.0712","103.6224","121.2866","62.2597","75.4889","147.1552","145.7205","32.9228","33.7262","48.8126","62.1901","169.1906","200.4908","120.9985","186.3904","43.6544","126.3709","71.4689","121.9927","115.3571","92.2730","226.5375","131.7663","188.6208","224.2422","158.6236","148.1078","140.1703","255.9039","116.2133","154.7714","153.6451","144.2567","142.0944","121.6588","174.8663"
"C:\Users\cfg364\Sommerlab Dropbox\Casper van der Luijt\Casper\Data\BioLog\OmniLog\CL2\DATA_2024\07\_NRRL 471_Aspergillus oryzae__3_30_CL2_769_7#24#2024_A_21B_29.OKA","7/24/2024 10:32:48 PM","21-B","PM03B","","NRRL 471","Aspergillus oryzae","",93.7500,"62.3065","149.5751","136.5733","172.4151","158.9518","52.4924","163.8175","160.6880","178.7579","167.9339","152.4442","198.3961","167.1244","117.9874","111.0794","112.8840","104.6043","51.5670","129.6972","94.9257","137.2155","133.3605","156.3241","209.6201","177.6419","92.5042","113.3686","87.1257","88.7759","153.6945","25.0665","48.5152","152.4415","110.9259","124.4620","157.7325","129.5565","42.8027","121.6889","43.2067","164.4227","102.2937","133.5888","151.6773","109.2410","20.3979","203.9855","214.5040","126.4861","169.5198","156.9486","51.7945","52.3799","51.1050","67.6539","86.4832","55.7519","56.9291","145.4772","45.6952","50.4562","106.6830","123.1934","60.7613","71.1385","148.5121","146.3558","36.7767","31.9707","46.3153","58.2080","170.1005","199.0299","122.4660","185.2999","43.6852","128.1630","73.4411","122.7885","111.6821","91.8582","225.9940","133.3330","192.2660","225.3866","158.9404","149.2268","139.0258","259.4458","119.2350","154.4241","154.0279","145.1853","145.0950","119.7773","174.8663"
"C:\Users\cfg364\Sommerlab Dropbox\Casper van der Luijt\Casper\Data\BioLog\OmniLog\CL2\DATA_2024\07\_NRRL 471_Aspergillus oryzae__3_30_CL2_769_7#24#2024_A_21B_29.OKA","7/24/2024 10:32:48 PM","21-B","PM03B","","NRRL 471","Aspergillus oryzae","",94.0000,"62.8437","147.9093","133.7460","171.9248","157.4103","50.7067","161.5256","164.2586","179.7899","165.2177","150.9255","201.4540","169.7572","122.6376","109.7406","116.1488","108.0119","47.2076","127.8589","95.1996","138.3894","131.4463","160.6804","214.5322","175.2298","96.1882","118.4954","86.6079","88.8447","160.5032","25.9944","53.6763","149.7670","112.7452","124.3676","156.8862","126.7817","43.7099","118.5385","45.6571","167.3748","101.2843","139.7850","153.2943","108.6204","21.5485","205.2345","217.9421","128.1199","167.9745","154.3848","52.4719","51.8273","52.2028","70.2119","87.4567","57.4299","57.4675","143.4823","47.1364","53.0710","101.1612","123.1442","63.3205","70.7441","148.6956","145.3108","34.1230","38.9460","44.5062","58.9277","170.5396","199.0747","122.5235","184.0268","43.6474","127.1684","73.4879","123.8063","114.8334","94.0654","228.8257","129.0002","193.1117","225.7009","160.2407","150.3422","138.0635","258.9140","119.1596","155.4187","156.9465","143.4788","144.9415","123.7821","181.2733"
"C:\Users\cfg364\Sommerlab Dropbox\Casper van der Luijt\Casper\Data\BioLog\OmniLog\CL2\DATA_2024\07\_NRRL 471_Aspergillus oryzae__3_30_CL2_769_7#24#2024_A_21B_29.OKA","7/24/2024 10:32:48 PM","21-B","PM03B","","NRRL 471","Aspergillus oryzae","",94.2500,"58.8711","152.4518","138.9563","170.9707","159.3410","49.0413","161.3308","163.3679","178.1870","168.6049","151.0568","201.2105","168.7663","120.5918","111.6291","110.8432","108.6691","51.4185","129.9587","93.4341","143.1795","136.9271","157.9589","211.7752","172.7791","96.1103","114.0313","91.9127","88.6214","162.3404","25.2338","53.0379","151.1377","113.2290","128.4562","159.9738","134.8126","38.3120","121.2296","40.1462","169.0736","109.6400","137.0124","154.5401","111.3490","17.8643","202.6853","218.3379","129.3926","168.7379","154.9305","54.1680","58.2081","52.7141","72.6843","87.6352","59.4145","62.3931","144.1270","43.5389","50.0514","107.9282","120.4497","64.4478","69.7513","146.4875","152.2982","30.7535","33.1670","46.4433","58.4016","172.7229","197.7179","126.3261","187.6059","44.7697","131.2166","70.3574","126.1845","117.0833","92.7566","225.7000","135.3895","196.1074","225.5091","161.8698","145.7569","142.7717","261.5659","118.7519","156.7602","159.0951","144.0558","142.3385","120.6088","175.4527"
"C:\Users\cfg364\Sommerlab Dropbox\Casper van der Luijt\Casper\Data\BioLog\OmniLog\CL2\DATA_2024\07\_NRRL 471_Aspergillus oryzae__3_30_CL2_769_7#24#2024_A_21B_29.OKA","7/24/2024 10:32:48 PM","21-B","PM03B","","NRRL 471","Aspergillus oryzae","",94.5000,"57.2958","151.3824","134.3902","168.9820","158.4419","51.8059","160.1653","160.9022","178.2230","166.3874","149.9730","201.1437","168.4943","121.3888","110.2717","113.3807","105.3956","51.1602","127.2982","92.3976","140.4113","132.9097","155.7798","210.4175","176.5117","95.2245","115.8669","86.9205","88.7291","160.5259","23.3535","55.7773","152.2374","113.0619","130.8169","153.0844","131.0240","42.9217","118.5156","43.9162","167.9133","104.4018","139.2646","153.4844","108.6154","21.6479","206.9257","218.1748","130.9353","169.3951","154.9290","51.2562","51.0974","49.1082","70.1406","87.6088","53.7623","61.8025","143.5554","47.2373","51.6108","102.0737","124.9423","65.3590","72.1655","146.5260","147.9522","36.5739","34.2636","44.8835","61.6397","171.1653","200.8703","125.2156","186.5340","40.0550","127.4384","70.8627","125.0530","112.6084","94.0008","223.5000","133.1136","191.8664","229.9097","158.9229","145.3642","134.9336","260.4075","118.6714","155.6788","156.2476","143.8707","142.9277","123.6769","181.3728"
"C:\Users\cfg364\Sommerlab Dropbox\Casper van der Luijt\Casper\Data\BioLog\OmniLog\CL2\DATA_2024\07\_NRRL 471_Aspergillus oryzae__3_30_CL2_769_7#24#2024_A_21B_29.OKA","7/24/2024 10:32:48 PM","21-B","PM03B","","NRRL 471","Aspergillus oryzae","",94.7500,"62.8701","151.6221","140.0991","174.2532","158.2553","53.3972","161.2499","163.6938","184.0392","164.5147","148.4990","203.1161","169.3125","125.3639","116.6281","114.9584","107.5497","52.0931","128.5971","97.5747","142.7135","139.9366","153.8053","213.5186","178.9410","97.2408","114.7086","90.9962","89.9063","163.2623","23.5206","54.6324","154.4359","112.9744","129.9859","159.1925","129.2068","38.9952","120.6937","47.1306","170.2367","108.3991","138.5063","156.2601","112.0016","22.1945","209.8098","219.7147","130.2084","170.3951","160.2146","54.5082","53.9696","53.9726","72.0967","88.4423","54.4532","63.6159","150.3427","46.8632","52.7076","106.8076","124.7545","64.8296","73.8303","150.3164","147.4792","35.9426","34.5051","48.6485","65.2758","176.1941","203.4390","124.1375","187.4780","44.7592","131.0301","74.6386","127.5435","114.3193","96.1535","229.4891","133.8084","198.1005","227.2702","159.6340","152.4283","141.9824","258.1844","118.1843","154.7207","156.6754","145.6359","145.0895","121.4663","179.5996"
"C:\Users\cfg364\Sommerlab Dropbox\Casper van der Luijt\Casper\Data\BioLog\OmniLog\CL2\DATA_2024\07\_NRRL 471_Aspergillus oryzae__3_30_CL2_769_7#24#2024_A_21B_29.OKA","7/24/2024 10:32:48 PM","21-B","PM03B","","NRRL 471","Aspergillus oryzae","",95.0000,"62.0025","152.1067","137.1414","170.9774","159.9635","53.3651","161.3816","160.3990","184.6339","166.3767","151.3147","201.1187","170.7188","123.0714","116.9151","112.0521","106.6430","53.1435","126.9531","96.8559","138.4153","137.2204","154.4354","212.6549","175.3409","97.3383","114.6770","91.4774","85.9375","165.3709","22.2144","56.3918","155.4331","113.7110","128.3498","158.8646","130.6163","40.8725","117.4712","43.2159","168.3407","108.4932","139.2695","156.2601","111.2599","19.9491","203.8050","218.5726","127.3408","169.4001","157.2409","52.8699","52.4042","53.5970","67.9216","89.8337","60.6699","62.8992","145.6947","50.4781","50.9877","107.8006","122.9670","65.8207","68.9996","148.6796","144.6267","37.6747","34.9504","47.2743","59.5339","171.1749","199.8415","124.5845","188.4444","42.5872","130.9341","73.4925","126.2112","115.4282","90.5555","227.2472","132.5890","195.3403","229.8555","156.6163","147.6715","143.4296","259.5584","119.6340","153.0143","153.7638","144.6377","143.9562","123.4355","179.1659"
"C:\Users\cfg364\Sommerlab Dropbox\Casper van der Luijt\Casper\Data\BioLog\OmniLog\CL2\DATA_2024\07\_NRRL 471_Aspergillus oryzae__3_30_CL2_769_7#24#2024_A_21B_29.OKA","7/24/2024 10:32:48 PM","21-B","PM03B","","NRRL 471","Aspergillus oryzae","",95.2500,"61.3118","152.6130","135.8354","176.2638","160.9889","47.9438","164.8219","166.7770","184.2914","168.2780","151.7431","205.2302","168.5765","117.7784","112.8699","114.2056","108.7401","53.3701","128.7766","95.9155","141.1100","133.6378","158.4061","211.6556","177.2228","97.5638","116.3249","89.5382","84.2607","166.3770","22.8313","51.6642","155.7658","112.2932","128.9770","158.3469","133.8215","40.9930","122.1781","48.4537","167.7273","106.5219","142.0036","156.6988","112.0016","24.5541","204.9831","219.0736","131.4840","171.6762","155.1185","54.4157","54.3641","53.2831","72.7644","85.2330","61.5183","56.5931","148.0863","49.4839","55.2120","104.9708","123.7079","65.7815","77.3455","147.7663","148.9573","32.7054","33.5064","45.4724","60.9924","169.8267","202.6511","124.0496","187.1815","42.3471","130.4615","71.3949","123.5830","115.4082","93.9579","226.8008","135.3716","193.9796","229.7187","163.0261","150.7363","141.3960","260.4890","118.4638","159.5562","158.3887","146.2360","151.4205","122.3451","177.6679"
"C:\Users\cfg364\Sommerlab Dropbox\Casper van der Luijt\Casper\Data\BioLog\OmniLog\CL2\DATA_2024\07\_NRRL 471_Aspergillus oryzae__3_30_CL2_769_7#24#2024_A_21B_29.OKA","7/24/2024 10:32:48 PM","21-B","PM03B","","NRRL 471","Aspergillus oryzae","",95.5000,"62.3920","149.4541","141.7842","172.4458","161.6005","52.8324","168.4413","166.0698","183.0459","165.9847","151.3737","199.6727","172.3339","119.2171","113.5629","117.5517","110.3288","48.8227","128.0680","101.0065","142.3820","132.9677","163.1946","214.2407","174.4542","94.2750","115.7289","90.9607","89.3904","169.5157","21.8497","53.2281","152.3877","112.1320","131.1936","157.1633","132.3103","43.4703","121.7762","41.6286","166.4585","108.7876","139.8880","153.8397","110.9089","24.7570","209.1267","217.5053","130.7316","169.2084","160.3361","50.3097","54.3321","54.9028","69.0753","88.5127","56.1198","61.2264","148.1062","43.5601","50.5802","103.5297","121.3595","65.8758","71.8196","149.2530","150.6641","34.8244","32.1828","46.8222","56.9705","171.6105","203.3063","123.4078","189.8362","42.0591","131.6038","70.8916","122.2390","114.8008","95.5727","228.8464","134.3572","200.5157","225.0121","162.5330","148.0766","142.2350","260.7331","118.5757","155.5779","158.0092","146.7229","146.0228","122.4440","180.1238"
"C:\Users\cfg364\Sommerlab Dropbox\Casper van der Luijt\Casper\Data\BioLog\OmniLog\CL2\DATA_2024\07\_NRRL 471_Aspergillus oryzae__3_30_CL2_769_7#24#2024_A_21B_29.OKA","7/24/2024 10:32:48 PM","21-B","PM03B","","NRRL 471","Aspergillus oryzae","",95.7500,"62.6506","148.6212","139.4808","172.8296","163.4422","51.3739","164.6346","167.0139","186.1266","165.9559","155.2137","204.2236","173.3659","122.6035","111.0763","113.8246","106.5366","51.0547","128.3249","97.0994","145.2533","135.3421","157.9602","212.5710","175.5345","95.6020","117.6364","91.6913","86.8086","165.2364","23.3625","54.8200","151.1750","113.8241","131.2830","161.8852","138.4558","44.6184","121.5265","44.6710","171.7756","106.5998","145.9911","154.0921","111.8671","22.0114","208.8810","219.4967","131.5215","169.9324","161.2768","48.8766","52.1850","54.6981","71.5323","88.0136","60.9326","57.2858","144.7506","52.7687","53.4075","107.1283","128.0878","65.1230","72.3967","147.8580","151.8964","39.5556","32.8443","51.4183","59.7503","171.2758","202.3616","126.7532","188.9323","43.4945","132.8179","71.3673","126.5068","112.9732","97.4283","229.1877","137.2477","199.3239","231.9238","158.0517","148.6316","143.5418","260.0519","122.2509","156.8713","159.3470","145.3691","148.7219","127.6735","180.4412"
"C:\Users\cfg364\Sommerlab Dropbox\Casper van der Luijt\Casper\Data\BioLog\OmniLog\CL2\DATA_2024\07\_NRRL 471_Aspergillus oryzae__3_30_CL2_769_7#24#2024_A_21B_29.OKA","7/24/2024 10:32:48 PM","21-B","PM03B","","NRRL 471","Aspergillus oryzae","",96.0000,"66.2908","149.0278","143.1870","171.9477","162.1026","51.4301","163.3281","163.9212","183.5188","167.7568","154.8641","201.9077","172.9761","123.1633","112.4892","113.6680","112.4609","52.0982","134.1734","97.7992","142.5763","138.4211","159.6081","217.6350","178.7556","99.5267","119.9452","92.6566","92.7954","167.3070","28.0408","56.2803","155.7742","110.6890","128.3035","162.0137","135.7445","44.3103","122.6571","47.6147","171.5094","106.2258","142.2266","156.6679","108.5595","21.9768","210.0325","219.9630","130.4202","168.3822","158.6790","54.3073","57.1225","55.8701","69.3402","92.2440","59.0168","60.7194","146.3154","49.5067","49.1013","105.6701","123.9061","66.1620","76.7730","152.5611","152.3930","35.6482","34.5297","48.7934","62.3832","173.2847","203.7400","130.5591","188.6385","43.8781","130.5965","72.4938","129.7020","117.9007","96.9243","224.7440","138.5097","198.2607","231.8930","164.5390","147.7089","142.8111","260.9249","125.4391","158.4277","162.9261","148.7354","148.0311","121.1688","180.3640"
