"Plate File","Setup Time","Position","Plate Type","Field 1","Field 2","Field 3","Field 4","Hour","A01","A02","A03","A04","A05","A06","A07","A08","A09","A10","A11","A12","B01","B02","B03","B04","B05","B06","B07","B08","B09","B10","B11","B12","C01","C02","C03","C04","C05","C06","C07","C08","C09","C10","C11","C12","D01","D02","D03","D04","D05","D06","D07","D08","D09","D10","D11","D12","E01","E02","E03","E04","E05","E06","E07","E08","E09","E10","E11","E12","F01","F02","F03","F04","F05","F06","F07","F08","F09","F10","F11","F12","G01","G02","G03","G04","G05","G06","G07","G08","G09","G10","G11","G12","H01","H02","H03","H04","H05","H06","H07","H08","H09","H10","H11","H12"
"C:\Users\cfg364\Sommerlab Dropbox\Casper van der Luijt\Casper\Data\BioLog\OmniLog\CL3\DATA_2024\08\_NRRL 5592_Aspergillus oryzae__1_30_CL3_769_8#19#2024_A_18A_23.OKA","8/19/2024 7:16:29 PM","18-A","PM01","","NRRL 5592","Aspergillus oryzae","",0.0000,"21.5400","43.2848","11.0000","11.0000","11.0000","11.0000","11.0000","11.0000","11.0000","11.0000","11.0000","20.5960","14.9691","11.0000","13.6724","11.0000","11.0000","11.0000","11.0000","47.4412","11.0000","11.0000","11.0000","12.6062","20.3570","11.0000","11.0000","52.8033","11.0000","11.0000","11.0000","11.0000","11.0000","11.0000","11.0000","22.6723","14.4455","11.5319","11.0000","11.0000","11.0000","11.0000","11.0000","11.0000","11.0000","11.0000","11.0000","15.6652","17.0771","11.0000","11.0000","12.2627","11.0000","11.0000","11.0000","11.0000","11.0000","11.0000","11.7258","11.0000","18.2417","11.2813","11.3685","11.0000","11.0000","11.0000","11.0000","11.0000","11.0000","19.3886","11.8809","18.0337","24.5558","11.0000","12.3837","11.0000","11.0000","11.0000","11.0000","11.0000","14.0964","11.0000","11.0000","11.0000","22.3960","16.5016","17.3362","22.2265","17.6897","79.2626","11.0000","13.5940","26.2411","13.3504","15.2008","23.0017"
"C:\Users\cfg364\Sommerlab Dropbox\Casper van der Luijt\Casper\Data\BioLog\OmniLog\CL3\DATA_2024\08\_NRRL 5592_Aspergillus oryzae__1_30_CL3_769_8#19#2024_A_18A_23.OKA","8/19/2024 7:16:29 PM","18-A","PM01","","NRRL 5592","Aspergillus oryzae","",0.2500,"17.6455","42.8773","11.0000","11.0000","11.0000","11.0000","11.0000","11.0000","11.0000","11.0000","11.0000","16.0911","15.0302","11.0000","11.0000","11.0000","11.0000","11.0000","11.0000","52.7965","11.0000","11.0000","11.0000","12.6371","18.4492","11.0000","11.2106","52.7729","11.0000","11.0000","11.0000","11.0000","11.0000","11.0000","11.0000","20.9384","15.6846","11.0000","11.0000","11.0000","11.0000","11.0000","11.0000","11.0000","11.0000","11.0000","11.0000","17.6868","16.3405","11.0000","11.0000","11.0000","11.0000","11.0000","11.0000","11.0000","11.0000","11.0000","14.5977","22.2993","21.2973","11.0000","11.0000","11.0000","11.0000","11.1565","11.0000","11.0000","11.0000","18.4809","13.1079","22.7545","24.0727","11.0000","11.0000","11.0000","11.0000","11.0000","11.0000","11.0000","16.3947","12.5465","18.7361","13.1370","20.6173","14.2822","11.0955","19.9998","18.2809","82.8000","15.6255","16.6096","25.7547","17.2351","17.4981","23.7718"
"C:\Users\cfg364\Sommerlab Dropbox\Casper van der Luijt\Casper\Data\BioLog\OmniLog\CL3\DATA_2024\08\_NRRL 5592_Aspergillus oryzae__1_30_CL3_769_8#19#2024_A_18A_23.OKA","8/19/2024 7:16:29 PM","18-A","PM01","","NRRL 5592","Aspergillus oryzae","",0.5000,"11.0000","42.7136","11.0000","11.0000","11.0000","11.0000","11.0000","11.0000","11.0000","11.0000","11.0000","19.5204","20.2026","11.0000","11.5788","11.0000","11.0000","11.0000","11.0000","54.8261","11.0000","11.0000","16.7652","11.0000","13.2052","11.0000","11.4528","48.2683","11.0000","11.0000","11.0000","11.0000","11.0000","11.0000","11.0000","15.7935","16.1863","11.0000","11.0000","11.0000","11.0000","11.0000","11.0000","11.0000","11.0000","11.0000","11.0000","17.5961","14.7141","11.0000","11.0000","11.1889","11.0000","11.0309","11.0000","11.0000","11.0000","11.0000","11.0000","15.2120","20.2218","11.0000","11.0000","14.4740","11.0000","16.1810","11.0000","11.0000","12.6356","17.7350","11.3456","21.2969","30.8102","12.6301","11.0000","11.0000","11.0000","11.0000","11.0000","13.4257","16.7723","11.0000","25.5200","11.0000","20.2391","16.0670","13.4072","18.9846","13.0260","81.9135","12.4169","20.4660","29.3670","16.8492","13.4316","32.2628"
"C:\Users\cfg364\Sommerlab Dropbox\Casper van der Luijt\Casper\Data\BioLog\OmniLog\CL3\DATA_2024\08\_NRRL 5592_Aspergillus oryzae__1_30_CL3_769_8#19#2024_A_18A_23.OKA","8/19/2024 7:16:29 PM","18-A","PM01","","NRRL 5592","Aspergillus oryzae","",0.7500,"11.0000","42.2173","11.0000","11.0000","11.0000","11.0000","11.0000","11.0000","11.0000","11.0000","11.0000","15.1509","18.8535","11.0000","13.2945","11.0000","11.0000","11.0000","11.0000","54.5226","11.0000","11.0000","16.0420","13.0643","14.2266","11.0000","11.0000","50.7690","11.0000","11.0000","11.0000","11.0000","11.0000","11.0000","12.4440","16.1030","20.0451","11.0000","11.0000","11.0000","11.0000","11.0000","11.0000","11.0000","11.0000","11.0000","11.0000","15.4255","16.9322","11.0000","11.0000","11.0000","11.0000","13.2153","11.0000","11.0000","11.0000","11.0000","13.7728","17.3038","14.4754","11.0000","11.0000","11.8507","11.0000","19.0283","11.0000","11.0000","11.0000","18.9768","15.1410","23.3679","28.8256","14.9918","11.1578","11.0000","11.0000","11.0000","11.0000","17.9944","16.7917","11.0000","20.9078","11.0000","22.0801","13.2694","11.0000","20.0076","13.0301","82.7262","14.2453","17.6756","27.9388","20.8769","14.1900","27.3647"
"C:\Users\cfg364\Sommerlab Dropbox\Casper van der Luijt\Casper\Data\BioLog\OmniLog\CL3\DATA_2024\08\_NRRL 5592_Aspergillus oryzae__1_30_CL3_769_8#19#2024_A_18A_23.OKA","8/19/2024 7:16:29 PM","18-A","PM01","","NRRL 5592","Aspergillus oryzae","",1.0000,"11.0000","42.8282","11.0000","11.0000","11.0000","11.0000","11.0000","11.0000","11.0000","11.0000","11.0000","17.1353","18.3076","11.0000","16.0563","11.0000","11.0000","11.0000","11.0000","56.6460","11.0000","11.0000","12.9570","11.2469","11.0000","11.0000","13.0911","51.1890","11.0000","11.0000","11.0000","11.0000","11.0000","11.0000","11.0000","18.1697","21.3954","11.0000","11.0000","11.0000","11.0000","11.0000","11.0000","11.0000","11.0000","11.0000","11.0000","11.9038","12.1740","11.0000","11.0000","11.0000","11.0000","13.1910","11.0000","11.0000","11.0000","11.0000","11.0000","13.4869","11.5804","11.0000","11.0000","14.0209","11.0000","17.3039","11.0000","11.0000","11.0000","11.0000","13.0404","18.9907","21.3284","12.5327","11.0000","11.0000","11.0000","11.0000","11.0000","15.3345","16.0668","11.0000","26.4445","13.9666","19.6322","19.0283","11.0000","18.3190","14.1705","82.3623","11.1290","20.4323","24.5375","16.6928","29.7840","24.8891"
"C:\Users\cfg364\Sommerlab Dropbox\Casper van der Luijt\Casper\Data\BioLog\OmniLog\CL3\DATA_2024\08\_NRRL 5592_Aspergillus oryzae__1_30_CL3_769_8#19#2024_A_18A_23.OKA","8/19/2024 7:16:29 PM","18-A","PM01","","NRRL 5592","Aspergillus oryzae","",1.2500,"15.3776","37.3646","11.0000","11.0000","11.0000","11.0000","11.0000","11.0000","11.0000","11.0000","11.2837","19.5130","23.9187","11.0000","19.0984","11.0000","11.0000","11.0000","11.0000","59.4225","11.0000","11.0000","13.8829","14.8375","12.1204","11.0000","17.4175","58.2256","11.0000","11.0000","11.0000","11.0000","11.0000","11.0000","11.0000","19.2883","20.2503","11.0000","11.0000","11.0000","11.0000","11.0000","11.0000","11.0000","11.0000","11.0000","11.0000","13.0908","18.3707","11.0000","11.0000","11.0000","11.0000","16.2680","11.0000","11.0000","11.0000","11.0000","11.0000","16.8785","15.0444","11.0000","11.0000","13.5681","27.2466","14.8187","11.0000","11.0000","11.0000","11.0000","11.3155","21.3411","23.6591","13.2380","12.4174","12.9180","11.0000","11.0000","11.0000","17.5596","20.2190","11.0000","24.4879","13.3671","20.2954","20.0452","11.0000","22.7969","20.2878","83.7636","16.2242","20.4177","21.4197","14.2994","31.7998","31.5252"
"C:\Users\cfg364\Sommerlab Dropbox\Casper van der Luijt\Casper\Data\BioLog\OmniLog\CL3\DATA_2024\08\_NRRL 5592_Aspergillus oryzae__1_30_CL3_769_8#19#2024_A_18A_23.OKA","8/19/2024 7:16:29 PM","18-A","PM01","","NRRL 5592","Aspergillus oryzae","",1.5000,"11.2485","37.6637","11.0000","11.0000","11.0000","11.0000","11.0000","11.0000","11.0000","12.2128","11.0000","18.4942","21.5812","11.0000","13.1704","11.0000","11.0000","11.0000","11.0000","62.4818","11.0000","12.8645","15.8766","15.5534","11.0000","11.0000","13.7574","55.8819","11.0000","11.0000","11.0000","11.0000","11.0000","11.0000","11.0000","20.1341","23.7672","11.0000","11.0000","11.0000","11.0000","11.0000","11.0000","11.0000","11.0000","11.0000","11.0000","14.0135","18.3726","11.0000","11.0000","11.0000","11.0000","13.6030","11.0000","11.0000","11.0000","11.0000","11.0000","13.0147","11.2455","11.0000","11.0000","14.5184","27.8393","12.5573","11.0000","11.0000","11.0000","11.0000","15.1878","20.6447","21.3636","12.7329","11.7545","13.7679","11.0000","11.0000","11.0000","13.6280","19.0551","11.0000","28.6199","15.9396","16.4882","19.2074","11.0000","21.0091","22.7831","87.4127","11.8404","13.0122","19.4465","14.3598","19.0861","31.8524"
"C:\Users\cfg364\Sommerlab Dropbox\Casper van der Luijt\Casper\Data\BioLog\OmniLog\CL3\DATA_2024\08\_NRRL 5592_Aspergillus oryzae__1_30_CL3_769_8#19#2024_A_18A_23.OKA","8/19/2024 7:16:29 PM","18-A","PM01","","NRRL 5592","Aspergillus oryzae","",1.7500,"13.6037","37.8960","11.0000","11.0000","11.0000","11.0000","11.0000","11.0000","11.0000","11.0000","11.1896","17.5185","24.5694","11.0000","13.3154","11.0000","11.0000","11.0000","11.0000","59.9277","11.0000","11.3171","12.6668","15.4425","12.2102","11.0000","15.7525","59.0901","11.0000","11.0000","11.0000","11.0000","11.0000","11.0000","11.0000","20.1993","22.8685","11.5312","11.0000","11.0000","11.0000","11.0000","11.0000","11.0000","11.0000","11.0000","11.0000","17.3350","18.0721","11.0000","11.0000","11.0000","11.0000","19.5012","11.0000","11.0000","11.0000","11.0000","11.0000","11.0000","17.3193","11.0000","11.0000","17.3874","22.7928","12.2459","11.0000","11.0000","11.0941","11.0000","12.1295","18.0493","20.1175","11.3202","12.6391","12.8185","11.0000","11.0000","11.0000","18.8952","19.8736","11.0000","26.9521","17.7948","19.5856","17.8447","15.1570","16.6613","20.9134","88.8529","11.0000","13.6022","13.9876","14.6601","19.6620","36.4022"
"C:\Users\cfg364\Sommerlab Dropbox\Casper van der Luijt\Casper\Data\BioLog\OmniLog\CL3\DATA_2024\08\_NRRL 5592_Aspergillus oryzae__1_30_CL3_769_8#19#2024_A_18A_23.OKA","8/19/2024 7:16:29 PM","18-A","PM01","","NRRL 5592","Aspergillus oryzae","",2.0000,"13.3012","39.7794","11.0000","11.0000","11.0000","11.0000","11.0000","11.0000","11.0000","11.0000","11.0000","16.2538","26.4125","11.0000","13.1112","11.0000","11.0000","11.0000","11.0000","68.9860","11.0000","13.8965","12.4130","11.0000","11.0000","11.0000","19.2724","57.7731","11.0000","12.3081","11.0000","11.0000","11.0000","11.0000","11.0000","20.1796","24.4144","11.0000","11.0000","11.0000","11.0000","11.0000","11.0000","11.0000","11.0000","11.0000","11.0000","14.8509","20.7856","11.0000","11.0000","11.2502","11.0000","19.3758","11.0000","11.0000","11.0000","11.0000","11.0000","14.7588","13.7550","11.0000","11.0000","11.0000","11.0000","15.0716","11.0000","11.0000","11.3465","14.0972","12.1330","20.5052","20.7117","12.9836","13.5800","14.7159","11.0000","11.0000","11.0000","18.0582","20.2649","11.0000","28.2916","15.1111","20.3903","16.9767","14.1505","18.4949","22.1198","81.4317","14.2177","12.7860","13.9208","14.3774","18.5338","39.3693"
"C:\Users\cfg364\Sommerlab Dropbox\Casper van der Luijt\Casper\Data\BioLog\OmniLog\CL3\DATA_2024\08\_NRRL 5592_Aspergillus oryzae__1_30_CL3_769_8#19#2024_A_18A_23.OKA","8/19/2024 7:16:29 PM","18-A","PM01","","NRRL 5592","Aspergillus oryzae","",2.2500,"15.4642","43.8600","11.0000","11.0000","11.0000","11.0000","11.0000","11.0000","11.0000","11.0000","15.0296","15.7694","27.9489","11.0000","13.7445","11.0000","11.0000","11.0000","11.0000","67.4688","11.0000","11.6326","14.1066","17.2138","11.5436","11.0000","14.0634","54.8793","11.0000","11.0000","11.0000","11.0000","11.0000","11.0000","11.1577","17.6831","25.3510","11.0000","11.0000","11.0000","11.0000","11.0000","11.0000","11.0000","11.0000","11.0000","11.0000","14.2649","19.5645","11.0000","11.0000","11.0000","11.0000","20.4974","11.0000","11.0000","11.0000","11.0000","11.0000","13.6372","15.4571","11.0000","11.0000","11.0000","11.0000","14.3671","11.0000","11.0000","11.0000","11.0000","12.6906","21.4402","20.1735","14.8498","11.1572","18.5976","11.0000","11.0000","11.0000","23.2633","23.6351","11.0000","31.1539","15.9475","21.2696","18.0395","11.0000","15.7784","20.7107","81.1104","18.3735","14.5129","16.8228","17.5135","22.0747","35.8624"
"C:\Users\cfg364\Sommerlab Dropbox\Casper van der Luijt\Casper\Data\BioLog\OmniLog\CL3\DATA_2024\08\_NRRL 5592_Aspergillus oryzae__1_30_CL3_769_8#19#2024_A_18A_23.OKA","8/19/2024 7:16:29 PM","18-A","PM01","","NRRL 5592","Aspergillus oryzae","",2.5000,"15.2833","41.9805","11.3672","11.0000","11.0000","11.0000","11.0000","11.0000","11.0000","11.0000","16.4698","20.1929","26.8927","11.0000","14.5968","11.0000","11.0000","11.0000","11.0000","64.5743","11.0000","11.7886","11.5121","16.0555","15.3340","11.0000","20.3686","59.3912","11.0000","11.0000","11.0000","11.0000","11.0000","11.0000","11.0000","23.8572","26.0227","12.0329","11.0000","11.0000","11.0000","11.0000","11.0000","11.0000","11.0000","11.0000","11.0000","17.6144","17.8419","11.0000","11.0000","11.4412","11.0000","22.3502","11.0000","11.0000","11.0000","11.0000","11.0000","12.5012","12.1035","11.0000","11.0000","11.0000","13.8824","16.3094","11.0000","11.0000","13.8507","11.0000","12.1308","19.2146","25.7599","13.7857","11.0000","13.5737","11.0000","11.0000","11.0000","23.0394","21.8070","11.0000","30.1479","17.2315","17.8058","18.5915","12.7848","11.2491","22.7007","82.4036","18.0631","12.1970","18.7467","19.0894","24.1548","35.2109"
"C:\Users\cfg364\Sommerlab Dropbox\Casper van der Luijt\Casper\Data\BioLog\OmniLog\CL3\DATA_2024\08\_NRRL 5592_Aspergillus oryzae__1_30_CL3_769_8#19#2024_A_18A_23.OKA","8/19/2024 7:16:29 PM","18-A","PM01","","NRRL 5592","Aspergillus oryzae","",2.7500,"19.0427","42.3857","11.0000","11.0000","11.0000","11.0000","11.0000","11.0000","11.9261","11.0000","16.1536","19.7301","27.3485","11.0000","14.1700","11.0000","11.0000","11.0000","11.0000","65.0158","11.0000","12.6088","14.2648","16.3946","13.9194","11.0000","17.7393","60.5910","11.0000","12.3735","11.0000","11.0000","11.0000","11.0000","11.0000","24.7556","25.8721","11.6260","11.0000","11.0000","11.0000","11.0000","11.0000","11.0000","11.0000","11.0000","11.0000","14.9438","18.3042","11.0000","11.0000","11.0000","13.7419","39.8240","11.0000","11.0000","11.0000","11.0000","11.0000","13.0761","12.5020","11.0000","11.0000","11.0000","13.2078","18.4518","11.0000","11.0000","15.8869","11.1877","12.1308","24.4795","25.5194","13.9138","13.2347","16.2729","11.0000","11.0000","11.8241","22.5311","20.3960","11.0000","31.5687","15.6171","21.8712","19.9091","15.6532","17.5389","23.3816","81.5643","18.0631","12.7146","19.1681","17.4975","27.0160","34.0930"
"C:\Users\cfg364\Sommerlab Dropbox\Casper van der Luijt\Casper\Data\BioLog\OmniLog\CL3\DATA_2024\08\_NRRL 5592_Aspergillus oryzae__1_30_CL3_769_8#19#2024_A_18A_23.OKA","8/19/2024 7:16:29 PM","18-A","PM01","","NRRL 5592","Aspergillus oryzae","",3.0000,"11.7120","38.4264","14.0105","11.8279","11.0000","11.0000","11.0000","11.0000","11.0000","11.0000","18.0681","17.5094","11.0000","11.0000","14.0795","11.0000","11.0000","11.0000","11.0000","61.9100","11.0000","13.2375","13.5995","15.8446","11.0000","11.0000","21.0103","56.1749","11.0000","11.0000","11.0000","11.0000","11.0000","11.0000","11.0000","26.2800","23.9340","11.0000","11.0000","11.0000","11.0000","11.0000","11.0000","11.0000","11.0000","11.0000","11.0000","13.2040","16.3156","11.0000","11.0000","11.0000","11.0000","21.3900","11.0000","11.0000","11.0000","11.0000","11.0000","16.5988","11.7058","11.0000","11.0000","11.0000","11.0000","12.0976","11.0000","11.0000","12.6935","11.0000","11.0000","21.8021","21.1845","16.8904","11.0000","14.8694","11.0000","11.0000","11.0000","20.1625","22.1404","11.0000","32.0071","15.0350","18.7476","15.6724","13.2887","13.2909","20.3722","84.0298","11.0000","13.8657","18.3799","20.9109","22.5453","35.5709"
"C:\Users\cfg364\Sommerlab Dropbox\Casper van der Luijt\Casper\Data\BioLog\OmniLog\CL3\DATA_2024\08\_NRRL 5592_Aspergillus oryzae__1_30_CL3_769_8#19#2024_A_18A_23.OKA","8/19/2024 7:16:29 PM","18-A","PM01","","NRRL 5592","Aspergillus oryzae","",3.2500,"12.8266","48.3400","11.0000","11.0000","11.0000","11.0000","11.0000","11.0000","11.0000","11.0000","13.4297","14.9366","11.0000","11.0000","11.0000","11.0000","11.0000","11.0000","11.0000","61.8149","11.0000","11.0000","13.6637","11.0617","12.8481","11.0000","20.4055","57.6797","11.0000","12.4085","11.0000","11.0000","11.0000","11.0000","11.0000","21.1558","24.5109","11.0000","11.0000","11.0000","11.0000","11.0000","11.0000","11.0000","11.0000","11.0000","11.0000","11.9313","16.9955","11.0000","11.0000","11.0000","11.0000","17.1227","11.0000","11.0000","11.0000","11.0000","11.0000","18.3484","11.0000","14.4913","11.0000","11.0000","11.0000","12.0976","11.0000","11.0000","12.1603","11.0000","13.3922","21.8974","23.7231","22.3987","11.0000","11.0000","11.0000","11.0000","11.0000","16.7666","23.8691","11.0000","30.5595","14.0666","25.4400","15.7978","14.5602","11.5263","19.3725","82.6155","11.4213","13.0930","24.2904","19.7086","13.4080","32.2436"
"C:\Users\cfg364\Sommerlab Dropbox\Casper van der Luijt\Casper\Data\BioLog\OmniLog\CL3\DATA_2024\08\_NRRL 5592_Aspergillus oryzae__1_30_CL3_769_8#19#2024_A_18A_23.OKA","8/19/2024 7:16:29 PM","18-A","PM01","","NRRL 5592","Aspergillus oryzae","",3.5000,"14.8079","43.8992","16.4433","11.0000","11.0000","11.0000","11.0000","11.0000","11.6737","11.0000","17.0584","16.0215","11.0000","11.0000","16.6102","11.0000","11.0000","11.0000","11.0000","61.4662","11.0000","11.0000","12.6688","11.0926","13.6358","11.0000","20.4962","55.9599","11.0000","11.0000","11.0000","11.0000","11.0000","11.0000","11.0000","26.0022","21.9605","11.0000","11.0000","11.0000","11.0000","11.0000","11.0000","11.0000","11.0000","11.0000","11.0000","16.0909","13.9050","11.0000","11.0000","11.0000","12.0003","21.2972","11.0000","11.0000","11.0000","11.0000","11.0000","16.7260","11.0000","11.0000","11.0000","11.0000","11.0000","16.1432","11.0000","11.0000","14.4183","11.0000","12.5109","21.7068","21.6983","20.0744","11.0000","15.3098","11.0000","11.5672","11.0000","22.9497","23.9971","11.0000","34.1947","11.0000","22.1541","15.0139","15.3549","13.9101","18.8727","82.7119","14.0140","15.7977","23.8659","15.9067","19.4776","30.2280"
"C:\Users\cfg364\Sommerlab Dropbox\Casper van der Luijt\Casper\Data\BioLog\OmniLog\CL3\DATA_2024\08\_NRRL 5592_Aspergillus oryzae__1_30_CL3_769_8#19#2024_A_18A_23.OKA","8/19/2024 7:16:29 PM","18-A","PM01","","NRRL 5592","Aspergillus oryzae","",3.7500,"16.4902","45.6690","14.6538","12.3142","11.0000","11.0000","11.0000","11.0000","11.0000","11.0000","17.5114","13.0765","11.0000","11.0000","16.7194","11.0000","11.0000","11.0000","11.0000","61.0780","11.0000","11.0000","13.2652","16.8763","12.6275","11.0000","22.1214","55.2223","11.0000","11.0000","11.0000","11.0000","11.0000","11.0000","11.0000","18.8127","26.5164","11.0000","11.0000","11.0000","11.0000","11.0000","11.0000","11.0000","11.0000","11.0000","11.0000","15.2027","14.6025","11.0000","11.0000","11.0000","15.1156","19.6241","11.0000","11.0000","11.0000","11.0000","11.0630","14.3985","12.3490","11.0000","11.0000","11.0000","13.4623","18.8888","11.0000","11.0000","12.0100","11.0000","14.6269","23.0993","24.0453","18.6559","11.0000","18.8971","11.0000","11.0000","11.0000","23.1610","24.4238","11.0000","31.0587","11.0000","19.8002","18.8767","13.9562","12.1147","25.4686","85.3910","13.3215","11.0000","21.4906","19.7723","25.6733","35.0578"
"C:\Users\cfg364\Sommerlab Dropbox\Casper van der Luijt\Casper\Data\BioLog\OmniLog\CL3\DATA_2024\08\_NRRL 5592_Aspergillus oryzae__1_30_CL3_769_8#19#2024_A_18A_23.OKA","8/19/2024 7:16:29 PM","18-A","PM01","","NRRL 5592","Aspergillus oryzae","",4.0000,"16.9529","43.9496","16.4503","14.2702","11.0000","11.0000","11.0000","11.0000","11.0000","11.0000","13.4536","13.9443","11.0000","11.0000","15.9893","11.0000","11.0000","11.0000","11.0000","63.4461","11.0000","11.0000","13.2333","15.1534","14.1948","11.0000","23.9347","56.7546","11.0000","11.0000","11.0000","11.0000","11.0000","11.0000","11.0000","20.8048","26.5466","11.0000","11.0000","11.0000","11.0000","11.0000","11.0000","11.0000","11.0000","11.0000","11.0000","14.7980","18.1434","11.0000","11.0000","11.0000","11.0000","19.4690","11.0000","11.0000","11.0000","11.0000","11.0000","12.2183","12.9929","11.0000","11.0000","11.0000","13.8933","17.2051","11.0000","11.0000","12.8307","11.0000","14.5956","18.1453","22.8374","19.0387","11.0000","17.5809","11.0000","11.0000","11.0000","24.5300","22.2400","11.0000","32.3788","12.6112","21.3975","19.5305","14.3059","13.5080","22.3461","85.1987","13.1925","11.3887","22.5069","16.2958","28.8246","37.2507"
"C:\Users\cfg364\Sommerlab Dropbox\Casper van der Luijt\Casper\Data\BioLog\OmniLog\CL3\DATA_2024\08\_NRRL 5592_Aspergillus oryzae__1_30_CL3_769_8#19#2024_A_18A_23.OKA","8/19/2024 7:16:29 PM","18-A","PM01","","NRRL 5592","Aspergillus oryzae","",4.2500,"18.4643","39.8856","15.9936","14.9731","11.0000","11.0000","11.0000","11.0000","12.2203","11.0000","19.7762","17.0435","11.0000","11.0000","16.8715","11.0000","11.0000","11.0000","11.0000","64.8354","11.0000","12.7091","13.4886","16.4148","12.5371","11.0000","22.9071","57.5208","11.0000","11.0000","11.0000","11.0000","11.0000","11.0000","11.0000","25.1936","28.8063","11.0000","11.0000","11.0000","11.0000","11.0000","11.0000","11.2205","11.0000","11.0000","11.0000","14.9225","18.3281","11.0000","11.0000","11.0000","11.3118","20.5547","11.0000","11.0000","11.0000","11.0000","13.6763","12.4107","11.0613","11.0000","11.0000","11.0000","11.6771","16.8621","11.0000","11.0000","14.1563","11.0000","13.6264","23.8615","22.2335","15.0513","11.5973","17.0481","11.0000","11.0000","11.0000","22.7472","22.1115","11.0000","33.8920","14.8346","21.0659","18.9078","15.0370","14.6537","27.5709","87.6026","15.0949","14.4013","14.8684","18.0503","28.3322","36.9646"
"C:\Users\cfg364\Sommerlab Dropbox\Casper van der Luijt\Casper\Data\BioLog\OmniLog\CL3\DATA_2024\08\_NRRL 5592_Aspergillus oryzae__1_30_CL3_769_8#19#2024_A_18A_23.OKA","8/19/2024 7:16:29 PM","18-A","PM01","","NRRL 5592","Aspergillus oryzae","",4.5000,"15.8197","35.7203","13.3254","11.1835","11.0000","11.0000","11.0000","11.0000","13.8857","11.0000","20.1761","16.1212","11.0000","11.0000","17.4012","11.0000","11.0000","11.0000","11.0000","64.3532","11.0000","12.3892","15.4491","11.0000","11.0000","11.0000","22.6645","56.0205","11.0000","11.0000","11.0000","11.0000","11.0000","11.0000","11.0000","28.5602","22.0901","11.0000","11.0000","11.0000","11.0000","11.0000","11.0000","14.8631","11.0000","11.0000","11.0000","13.7737","19.9659","11.0000","11.0000","11.0000","11.0000","22.8098","11.0000","11.0000","11.0000","11.0000","11.0000","11.6705","12.6854","11.0000","11.0000","11.0000","14.4418","17.4692","11.0000","11.0000","11.7267","11.0000","16.8339","18.5563","22.7069","14.0825","11.0314","11.5361","11.0000","11.0000","11.0000","23.5339","26.1592","11.0000","31.9964","14.5806","19.4898","17.9713","13.7376","15.7037","19.2464","85.0796","13.4859","18.4804","18.2271","14.4796","30.8742","33.7639"
"C:\Users\cfg364\Sommerlab Dropbox\Casper van der Luijt\Casper\Data\BioLog\OmniLog\CL3\DATA_2024\08\_NRRL 5592_Aspergillus oryzae__1_30_CL3_769_8#19#2024_A_18A_23.OKA","8/19/2024 7:16:29 PM","18-A","PM01","","NRRL 5592","Aspergillus oryzae","",4.7500,"17.0634","34.8071","16.5076","11.8256","11.0000","11.0000","11.0000","11.0000","11.7695","11.0000","18.6940","19.9699","11.0000","11.0000","20.6170","11.0000","11.0000","11.0000","11.0000","69.6728","11.0000","11.0631","14.1688","13.3932","11.0000","11.0000","22.7250","57.7356","11.0000","11.0000","11.0000","11.0000","11.0000","11.0000","11.0000","30.3842","25.3020","11.0000","11.0000","11.0000","11.0000","11.0000","11.0000","12.4761","11.0000","11.0000","11.0000","12.6518","17.8707","11.0000","11.0000","11.0000","11.0000","23.7349","11.0000","11.0000","11.0000","11.0000","11.0000","13.9055","12.1032","11.0000","11.0000","11.0000","12.8745","18.4380","11.0000","11.0000","13.2116","11.0000","15.2343","22.9561","21.3225","16.1696","11.0000","14.1853","11.0000","11.0000","11.0000","23.7577","22.0104","11.7079","31.6734","13.7419","17.8039","19.5274","15.3929","14.8062","20.4333","85.5625","17.1664","16.2973","16.4366","11.5580","30.2511","37.5046"
"C:\Users\cfg364\Sommerlab Dropbox\Casper van der Luijt\Casper\Data\BioLog\OmniLog\CL3\DATA_2024\08\_NRRL 5592_Aspergillus oryzae__1_30_CL3_769_8#19#2024_A_18A_23.OKA","8/19/2024 7:16:29 PM","18-A","PM01","","NRRL 5592","Aspergillus oryzae","",5.0000,"13.4254","37.7357","15.8650","11.0917","11.0000","11.0000","11.0000","11.0000","13.0841","11.0000","18.3472","15.9350","11.0000","11.0000","18.3720","11.0000","11.0000","11.0000","11.0000","68.2878","11.0000","13.2732","13.2726","11.0000","11.0000","11.0000","19.9448","55.4080","11.0000","11.0000","11.0000","11.0000","11.0000","11.0000","11.0000","26.7980","23.4537","11.0000","11.0000","11.0000","11.0000","11.0000","11.0000","13.8580","11.0000","11.0000","11.0000","11.0000","17.3162","11.0000","11.0000","11.0000","11.0000","21.3298","11.0000","11.0000","11.0000","11.0000","11.0000","11.0000","11.0613","11.0000","11.4328","11.0000","14.1345","14.5003","11.0000","11.0000","12.3901","11.0000","12.4742","16.4520","21.2925","16.9402","11.0000","13.2076","11.0000","11.0000","11.0000","22.2549","23.1593","11.0000","33.0624","11.2581","17.8039","16.8509","22.2052","14.1564","20.5583","88.6210","14.9065","15.6552","17.2830","13.3635","33.3995","35.9060"
"C:\Users\cfg364\Sommerlab Dropbox\Casper van der Luijt\Casper\Data\BioLog\OmniLog\CL3\DATA_2024\08\_NRRL 5592_Aspergillus oryzae__1_30_CL3_769_8#19#2024_A_18A_23.OKA","8/19/2024 7:16:29 PM","18-A","PM01","","NRRL 5592","Aspergillus oryzae","",5.2500,"17.3350","36.9234","17.9330","11.8577","15.5502","11.0000","11.0000","11.0000","11.3556","11.0000","15.4202","16.0325","11.0000","11.0000","16.6253","11.0000","11.0000","11.0000","11.0000","66.8937","11.0000","13.6996","15.4081","13.3152","11.0000","11.0000","23.1723","54.8384","11.0000","11.0000","11.0000","11.0000","11.0000","11.0000","11.0000","25.4184","20.9141","11.0000","11.0000","11.0000","11.0000","11.0000","11.0000","12.9209","11.0000","11.0000","11.0000","14.3846","20.5710","11.0000","11.0000","11.0000","11.0000","21.2235","11.0000","11.0000","11.0000","11.0000","11.0000","14.0298","14.9617","11.0000","11.0000","11.0000","11.0000","16.6180","11.0000","11.0000","12.6297","11.0000","11.3136","18.8213","21.1326","13.9859","11.0000","15.8017","11.0000","11.0000","11.0000","21.0901","23.9810","11.0000","39.6344","11.0971","18.1090","16.3841","25.8544","11.0000","20.6478","93.5237","14.0585","13.8428","13.8183","15.0486","32.5453","37.0576"
"C:\Users\cfg364\Sommerlab Dropbox\Casper van der Luijt\Casper\Data\BioLog\OmniLog\CL3\DATA_2024\08\_NRRL 5592_Aspergillus oryzae__1_30_CL3_769_8#19#2024_A_18A_23.OKA","8/19/2024 7:16:29 PM","18-A","PM01","","NRRL 5592","Aspergillus oryzae","",5.5000,"17.8912","40.1443","17.6569","13.4198","12.6747","11.0000","11.0000","11.0000","11.0000","11.0000","18.7353","14.8831","11.0000","11.0000","17.3855","11.0000","11.0000","11.0000","11.0000","66.3266","11.0000","12.1301","16.4622","13.0065","11.0000","11.0000","22.8392","52.9795","11.0000","11.0000","11.0000","11.0000","11.0000","11.0000","11.0000","27.7178","21.8265","11.0000","11.0000","11.0000","11.0000","11.0000","11.0000","14.4010","11.0000","11.0000","11.0000","16.5892","22.3251","11.0000","11.0000","11.0000","11.0000","20.5749","11.0000","11.0000","11.0000","11.0000","11.0000","13.1687","13.7732","11.0000","11.3698","11.0000","11.0000","20.0512","11.0000","11.0000","15.7323","11.0000","11.0000","21.2475","22.2151","16.6508","11.0000","17.4965","11.0000","11.0000","11.0000","19.2642","20.2538","11.0000","37.5845","13.5895","18.4116","15.0068","23.9817","12.5839","22.5151","89.7581","14.6380","11.0000","14.1787","15.7015","47.6567","37.4727"
"C:\Users\cfg364\Sommerlab Dropbox\Casper van der Luijt\Casper\Data\BioLog\OmniLog\CL3\DATA_2024\08\_NRRL 5592_Aspergillus oryzae__1_30_CL3_769_8#19#2024_A_18A_23.OKA","8/19/2024 7:16:29 PM","18-A","PM01","","NRRL 5592","Aspergillus oryzae","",5.7500,"18.5323","42.6147","16.6572","11.0000","14.9720","11.0000","11.0000","11.0000","15.0436","11.0000","19.4975","16.8813","11.0000","11.0000","14.2074","11.0000","11.0000","11.0000","11.0000","66.9924","11.0000","12.4207","16.9810","14.2471","11.0000","11.0000","23.5089","56.5642","11.0000","11.0000","11.0000","11.0000","11.0000","11.0000","11.0000","26.6877","23.4520","11.0000","11.0000","11.0000","11.0000","11.0000","11.0000","11.2856","11.0000","11.0000","11.0000","15.2606","19.4698","11.0000","11.0000","11.3773","11.0000","18.9802","11.0000","11.0000","11.0000","11.0000","11.0000","11.0000","15.7568","11.0000","11.4307","11.0000","11.0000","17.8927","11.0000","11.0000","15.0356","11.0000","14.3603","25.3536","22.0147","20.9771","11.0000","15.9240","11.0000","11.0000","11.0000","27.6281","23.9489","11.0000","37.0355","15.5420","18.2177","17.3661","23.3295","11.6520","23.1749","88.9247","13.7115","14.9235","19.1148","15.5979","57.9293","37.3747"
"C:\Users\cfg364\Sommerlab Dropbox\Casper van der Luijt\Casper\Data\BioLog\OmniLog\CL3\DATA_2024\08\_NRRL 5592_Aspergillus oryzae__1_30_CL3_769_8#19#2024_A_18A_23.OKA","8/19/2024 7:16:29 PM","18-A","PM01","","NRRL 5592","Aspergillus oryzae","",6.0000,"17.1455","41.2659","21.6532","11.7321","13.2746","11.0000","11.0000","11.0000","14.2563","11.0000","19.7645","16.6976","11.0000","11.0000","20.0116","11.0000","11.0000","11.0000","11.0000","69.4975","11.0000","11.0000","13.5647","17.1291","11.0000","11.0000","24.9532","58.9918","11.0000","11.0000","11.0000","11.0000","11.0000","11.0000","11.5384","26.9122","25.2908","11.0000","11.0000","11.0000","11.0000","11.0000","11.0000","11.5375","11.0000","11.0000","11.0000","11.0000","19.1382","11.0000","11.0000","11.0000","11.0000","18.3067","11.0000","11.0000","11.0000","11.0000","11.0000","16.3685","11.0000","11.0000","13.3101","11.0000","11.5569","23.6167","11.0000","11.0000","13.0765","11.0000","11.0000","34.4059","21.8720","19.3873","11.0000","15.6634","11.0000","11.0000","11.0000","25.4467","23.9837","11.0000","38.2093","20.8633","23.1817","12.5091","21.7275","18.6677","25.5286","92.6840","17.1142","16.4097","14.0411","16.3451","64.1579","35.3278"
"C:\Users\cfg364\Sommerlab Dropbox\Casper van der Luijt\Casper\Data\BioLog\OmniLog\CL3\DATA_2024\08\_NRRL 5592_Aspergillus oryzae__1_30_CL3_769_8#19#2024_A_18A_23.OKA","8/19/2024 7:16:29 PM","18-A","PM01","","NRRL 5592","Aspergillus oryzae","",6.2500,"16.8661","40.0191","20.3712","13.0744","14.2539","11.0000","11.0000","11.0000","13.2891","11.8974","17.2649","13.8798","12.6843","11.0000","17.9180","11.0000","11.0000","11.0000","11.0000","68.9287","11.0000","11.0000","17.0270","16.1127","11.6407","11.0000","25.4667","62.8225","11.0000","11.0000","11.0000","11.0000","11.0000","11.0000","12.2984","25.7313","25.6239","11.0000","11.0000","11.0000","11.0000","11.0000","11.0000","12.5176","11.0000","11.0000","11.0000","12.8994","20.9501","11.0000","11.0000","11.0000","11.0000","20.4210","11.0000","11.0000","11.0000","11.0000","11.0000","14.2084","12.7731","12.4421","14.6346","11.0000","12.2066","20.4858","11.0000","11.0000","13.4541","11.0000","11.0000","34.3740","22.1129","18.4269","11.0000","13.1742","11.0000","11.0000","11.0000","25.0648","24.8493","11.0000","33.8571","16.9375","16.6828","15.0243","22.3359","13.7826","25.1241","90.5395","15.4086","11.2591","13.9430","16.5406","66.5233","35.4558"
"C:\Users\cfg364\Sommerlab Dropbox\Casper van der Luijt\Casper\Data\BioLog\OmniLog\CL3\DATA_2024\08\_NRRL 5592_Aspergillus oryzae__1_30_CL3_769_8#19#2024_A_18A_23.OKA","8/19/2024 7:16:29 PM","18-A","PM01","","NRRL 5592","Aspergillus oryzae","",6.5000,"18.3746","39.6746","21.4388","11.0000","11.8172","11.0000","11.0000","11.0000","15.3286","11.0000","18.3221","15.8017","11.0000","11.0000","18.5296","11.0000","11.0000","11.0000","11.0000","66.7092","11.0000","11.0000","19.1510","15.7465","11.0000","11.0000","21.4006","57.4566","11.0000","11.0000","11.0000","11.0000","11.0000","11.0000","11.0317","28.2898","21.0692","11.0000","11.0000","11.0000","11.0000","11.0000","11.0000","16.6268","11.0000","11.0000","11.0000","12.4934","18.4540","11.0000","11.0000","11.0000","13.7285","17.6043","11.0000","11.0000","11.0000","11.0000","11.0000","16.2036","12.8652","11.0000","11.0000","11.0000","15.8727","17.3088","11.0000","11.0000","14.7544","11.0000","11.0000","38.4623","17.7058","17.7287","11.0000","17.5942","11.0000","11.0000","11.0000","25.5601","23.7631","11.0000","34.8176","12.5940","21.3747","11.7213","23.4389","12.7686","22.7190","89.8286","11.0000","11.0648","15.7834","15.2536","63.9234","33.5811"
"C:\Users\cfg364\Sommerlab Dropbox\Casper van der Luijt\Casper\Data\BioLog\OmniLog\CL3\DATA_2024\08\_NRRL 5592_Aspergillus oryzae__1_30_CL3_769_8#19#2024_A_18A_23.OKA","8/19/2024 7:16:29 PM","18-A","PM01","","NRRL 5592","Aspergillus oryzae","",6.7500,"19.0856","42.5680","20.4343","11.2142","12.1381","11.0000","11.0000","11.0000","11.0000","12.5612","15.7152","17.5327","11.0000","11.0000","18.6415","11.0000","11.0000","11.0000","11.0000","66.9369","11.0000","11.0000","13.3741","13.9512","11.0000","11.0000","22.9612","59.5582","11.0000","11.0000","11.0000","11.0000","11.0000","11.0000","11.7280","28.1564","26.1710","11.0000","11.0000","11.0000","11.0000","11.0000","11.0000","15.6048","11.0000","11.0000","11.0000","11.0000","20.8179","11.0000","11.0000","11.0000","11.4385","19.1898","11.0000","11.0000","11.0000","11.0000","11.0000","12.4049","11.6729","14.3435","11.0000","11.0000","14.6317","20.3448","11.0000","11.0000","12.6367","11.0000","11.0000","37.5486","24.5293","17.6532","11.0000","15.2487","11.0000","11.0000","11.0318","29.1857","25.5017","11.0000","32.7219","16.6399","19.0217","13.9060","22.1471","13.0510","25.1346","89.9423","16.2053","15.3177","13.5231","15.5671","12.4433","36.2656"
"C:\Users\cfg364\Sommerlab Dropbox\Casper van der Luijt\Casper\Data\BioLog\OmniLog\CL3\DATA_2024\08\_NRRL 5592_Aspergillus oryzae__1_30_CL3_769_8#19#2024_A_18A_23.OKA","8/19/2024 7:16:29 PM","18-A","PM01","","NRRL 5592","Aspergillus oryzae","",7.0000,"23.6664","43.8457","23.3348","11.8570","13.6873","11.0000","11.0000","11.0000","12.2893","11.0000","16.5063","15.8918","11.0000","11.0000","18.2457","11.0000","11.0000","11.0000","11.0000","62.7171","11.0000","11.0000","11.9304","11.0000","11.0000","11.0000","24.6569","56.1755","11.0000","11.0000","11.0000","11.0000","11.0000","11.0000","11.6963","32.2516","23.6879","11.0000","11.0000","11.0000","11.0000","11.0000","11.0000","14.4378","11.0000","11.0000","11.0000","11.6236","23.1262","11.0000","11.0000","11.0000","11.4072","18.7865","11.0000","11.0000","11.0000","11.0000","11.0000","12.2771","11.7035","11.4687","11.0000","11.0000","13.4929","19.4414","11.0000","11.0000","15.8156","11.0000","11.0000","39.4904","20.7110","15.0498","11.0000","15.7838","11.0000","11.0000","11.0000","27.6940","23.1968","11.5454","33.1098","16.9964","19.2931","17.4370","22.2432","11.0000","21.4068","89.5256","15.4984","13.7066","12.2452","16.2848","13.2634","35.4330"
"C:\Users\cfg364\Sommerlab Dropbox\Casper van der Luijt\Casper\Data\BioLog\OmniLog\CL3\DATA_2024\08\_NRRL 5592_Aspergillus oryzae__1_30_CL3_769_8#19#2024_A_18A_23.OKA","8/19/2024 7:16:29 PM","18-A","PM01","","NRRL 5592","Aspergillus oryzae","",7.2500,"20.1974","41.8738","21.1307","11.0000","12.0130","11.0000","11.0000","11.0000","14.8164","11.0000","17.2011","16.9719","11.0000","11.0000","14.6108","11.0000","11.0000","11.0000","11.0000","68.1109","11.0000","11.0000","18.2750","15.6048","14.8705","11.0000","22.4808","63.6910","11.0000","11.0000","11.0000","11.0000","11.0000","11.0000","11.0000","34.4381","30.8975","11.0000","11.0000","11.0000","11.0000","11.0000","11.0000","14.8211","11.0000","11.0000","11.0000","11.6864","23.8454","11.0000","11.0000","11.0000","14.5224","17.8859","11.0000","11.0000","11.0000","11.0000","11.0000","13.5288","12.9929","11.0000","15.8851","11.0000","13.5952","19.1832","11.0000","11.0000","19.9326","11.0000","11.0315","38.8501","23.7303","13.5053","11.0000","21.0714","11.0000","11.0000","11.0000","25.1004","24.5488","11.0000","33.6400","15.1651","20.4451","15.8527","22.1842","12.8628","25.6349","91.2603","16.7263","13.8508","19.2195","12.9643","11.0000","32.8023"
"C:\Users\cfg364\Sommerlab Dropbox\Casper van der Luijt\Casper\Data\BioLog\OmniLog\CL3\DATA_2024\08\_NRRL 5592_Aspergillus oryzae__1_30_CL3_769_8#19#2024_A_18A_23.OKA","8/19/2024 7:16:29 PM","18-A","PM01","","NRRL 5592","Aspergillus oryzae","",7.5000,"16.8657","40.8444","19.3454","11.0000","11.0000","11.0000","11.0000","11.0000","12.5415","11.0000","22.5503","16.6783","11.8259","11.0000","16.6118","11.0000","11.0000","11.0000","11.0000","69.7424","11.0000","11.0000","15.7429","13.6561","11.9432","11.0000","22.8678","58.8591","11.0000","11.0000","11.0000","11.0000","11.0000","11.0000","11.5357","30.8036","24.7711","11.0000","11.0000","11.0000","11.0000","11.0000","11.0000","15.5142","11.0000","11.0000","11.0000","14.3913","17.8000","11.0000","11.0000","11.0000","11.2807","21.8667","11.0000","11.0000","11.0000","11.0000","11.0000","16.1651","11.0000","11.0000","11.0620","11.0000","13.4065","19.4329","11.0000","11.0000","14.2373","11.0000","11.0000","37.2726","20.0580","16.5925","11.3468","18.2850","11.0000","11.0000","11.0000","26.4069","25.8445","11.0000","28.7016","17.6102","20.9357","18.0478","23.1938","13.8101","22.4396","93.5927","15.8430","11.3565","17.3954","13.0968","11.0000","33.4207"
"C:\Users\cfg364\Sommerlab Dropbox\Casper van der Luijt\Casper\Data\BioLog\OmniLog\CL3\DATA_2024\08\_NRRL 5592_Aspergillus oryzae__1_30_CL3_769_8#19#2024_A_18A_23.OKA","8/19/2024 7:16:29 PM","18-A","PM01","","NRRL 5592","Aspergillus oryzae","",7.7500,"15.4446","46.3645","22.5719","14.4521","11.2536","11.0000","11.0000","11.0000","11.0000","11.0000","14.5560","16.2290","11.0000","11.0000","20.2358","11.0000","11.0000","11.0000","11.0000","67.5863","11.0000","11.0000","16.8570","15.3995","12.7251","11.0000","26.2208","59.0238","11.0000","11.0000","12.1450","11.0000","11.0000","11.0000","12.1023","29.3854","25.3204","11.0000","11.0000","11.0000","11.0000","11.0000","11.0000","11.0000","11.0000","11.0000","11.0000","14.9487","16.4225","11.0000","11.0000","11.0000","17.9555","16.1776","11.0000","11.0000","11.0000","11.0000","11.0000","15.4683","14.5157","12.9465","11.6794","11.0000","17.5418","21.8001","11.0000","11.0000","16.4447","11.0000","11.0000","43.1468","23.0497","19.0733","11.0000","19.9755","11.0000","11.0000","11.0000","24.5255","20.9257","11.0000","34.2616","13.0754","22.0272","21.3941","18.9719","11.0000","22.1301","90.3419","14.1022","12.1646","19.3951","16.3313","13.5565","35.1278"
"C:\Users\cfg364\Sommerlab Dropbox\Casper van der Luijt\Casper\Data\BioLog\OmniLog\CL3\DATA_2024\08\_NRRL 5592_Aspergillus oryzae__1_30_CL3_769_8#19#2024_A_18A_23.OKA","8/19/2024 7:16:29 PM","18-A","PM01","","NRRL 5592","Aspergillus oryzae","",8.0000,"17.9520","42.4964","24.3786","11.0000","14.3878","11.0000","11.0000","11.0000","15.9724","11.0000","22.8056","15.5993","11.0000","11.0000","18.2488","11.0000","11.0000","11.0000","11.0000","69.4537","11.0000","11.0632","19.8768","17.1643","14.2697","11.0000","26.2077","61.1732","11.0000","11.0000","11.0000","11.0000","11.0000","11.0000","13.9492","30.9224","26.4693","11.0000","11.0000","11.0000","11.0000","11.0000","11.0000","15.0136","11.0000","11.0000","11.0000","14.2566","20.3620","11.0000","11.0000","11.0000","11.5630","22.4623","11.0000","11.0000","11.0000","11.0000","11.0000","11.0000","11.0000","11.0000","11.2475","11.0000","15.5805","19.9533","11.0000","11.0000","15.0053","11.0000","11.0000","36.1479","22.7637","18.4405","11.0000","18.9674","11.0000","11.0000","11.0000","22.5047","22.6302","12.0298","34.5101","17.6049","20.9993","11.3804","23.5150","11.0000","27.1212","93.0751","13.9288","11.4860","13.6982","14.4068","11.0000","36.2482"
"C:\Users\cfg364\Sommerlab Dropbox\Casper van der Luijt\Casper\Data\BioLog\OmniLog\CL3\DATA_2024\08\_NRRL 5592_Aspergillus oryzae__1_30_CL3_769_8#19#2024_A_18A_23.OKA","8/19/2024 7:16:29 PM","18-A","PM01","","NRRL 5592","Aspergillus oryzae","",8.2500,"19.2244","43.8618","26.2724","11.0000","13.7546","11.0000","11.0000","11.0000","14.4005","11.0000","17.9574","14.1698","11.0000","11.0000","14.7767","11.0000","11.0000","11.0000","11.0000","70.4981","11.0000","11.0000","17.0669","14.6061","11.6055","11.0000","27.2659","61.0505","11.0000","11.0000","11.0000","11.0000","11.0000","11.0000","11.0000","31.2648","25.4441","11.0000","11.0000","11.0000","11.0000","11.0000","11.0000","11.5373","11.0000","11.0000","11.0000","11.9925","20.8255","11.0000","11.0000","11.0000","13.1580","21.5045","11.0000","11.0000","11.0000","11.0000","11.0000","11.0000","11.3679","11.0000","11.0000","11.0000","17.9476","24.5853","11.0000","11.0000","17.0705","11.0000","11.2518","40.7955","18.2392","19.5852","11.0000","16.4893","11.0000","11.0000","11.0000","23.4340","21.0515","11.0000","34.7699","19.6025","21.0896","11.0000","21.8909","11.0000","26.3167","93.5849","13.6392","12.1341","13.4021","14.0792","11.0000","33.4786"
"C:\Users\cfg364\Sommerlab Dropbox\Casper van der Luijt\Casper\Data\BioLog\OmniLog\CL3\DATA_2024\08\_NRRL 5592_Aspergillus oryzae__1_30_CL3_769_8#19#2024_A_18A_23.OKA","8/19/2024 7:16:29 PM","18-A","PM01","","NRRL 5592","Aspergillus oryzae","",8.5000,"19.8567","39.4276","21.8825","11.0000","12.6510","11.0000","11.0000","11.0000","14.7952","11.0000","17.3033","16.9898","11.0000","11.0000","15.3638","11.0000","11.0000","11.0000","11.0000","69.9757","11.0000","11.0000","14.7616","14.0203","12.6367","11.0000","26.3186","57.1916","11.0000","11.0000","11.0000","11.0000","11.0000","11.0000","11.0000","31.0633","22.4308","11.9762","11.0000","11.0000","11.0000","11.0000","11.0000","15.4552","11.0000","11.0000","11.0000","11.5620","20.0465","11.0000","11.0000","11.0000","13.2759","16.8937","11.0000","11.0000","11.0000","11.0000","11.0000","11.0000","12.3724","11.0000","14.9662","11.0000","13.1003","20.4028","11.0000","11.0000","14.8902","11.0000","11.0000","41.1732","15.5653","12.7359","11.0000","19.7940","11.0000","11.0000","11.0000","26.8849","22.1647","11.0000","35.6470","14.0334","20.8844","16.6717","23.8556","11.2795","21.4396","96.3308","17.7869","15.6707","14.2071","13.9505","11.0000","38.5454"
"C:\Users\cfg364\Sommerlab Dropbox\Casper van der Luijt\Casper\Data\BioLog\OmniLog\CL3\DATA_2024\08\_NRRL 5592_Aspergillus oryzae__1_30_CL3_769_8#19#2024_A_18A_23.OKA","8/19/2024 7:16:29 PM","18-A","PM01","","NRRL 5592","Aspergillus oryzae","",8.7500,"18.2464","39.7103","21.6066","11.0000","13.8892","11.0000","11.0000","11.0000","12.1257","11.0000","22.0623","14.2277","11.0000","11.0000","16.2183","11.0000","11.0000","11.0000","11.0000","71.4374","11.0000","11.0000","17.9176","14.4518","12.5458","11.0000","26.0472","57.4708","11.0000","11.0000","11.0000","11.0000","11.0000","11.0000","12.9282","32.8675","22.7340","11.0000","11.0000","11.0000","11.0000","11.0000","11.0000","15.9886","11.0000","11.0000","11.0000","13.3106","18.3792","11.0000","11.0000","11.0000","13.5565","19.0961","11.0000","11.0000","11.0000","11.0000","11.0000","11.4805","13.4094","11.0626","17.5796","11.0000","11.0000","20.9338","11.0000","11.0000","14.5764","11.0000","11.0000","40.0286","15.0175","16.2398","11.0000","18.2864","11.0000","11.0000","11.0000","27.5547","21.5516","12.8559","35.5825","15.8926","19.9474","18.6145","21.6545","11.1864","22.9354","94.5815","16.4359","14.1245","12.7344","15.3929","14.6181","36.2072"
"C:\Users\cfg364\Sommerlab Dropbox\Casper van der Luijt\Casper\Data\BioLog\OmniLog\CL3\DATA_2024\08\_NRRL 5592_Aspergillus oryzae__1_30_CL3_769_8#19#2024_A_18A_23.OKA","8/19/2024 7:16:29 PM","18-A","PM01","","NRRL 5592","Aspergillus oryzae","",9.0000,"21.1396","43.1197","23.0517","11.0000","14.2588","11.0000","11.0000","11.0000","14.4134","11.0000","18.7112","18.1595","11.0000","11.0000","17.9672","11.0000","11.0000","11.0000","11.0000","73.3098","11.0000","11.0000","17.4939","14.8288","11.0000","11.0000","28.1607","60.5382","11.0000","11.0000","11.0000","11.0000","11.0000","11.0000","11.0000","30.0755","23.4911","11.0000","11.0000","11.0000","11.0000","11.0000","11.0000","14.6325","11.0000","11.5474","11.0000","13.6745","22.7400","11.0000","11.0000","11.0000","11.8162","17.8040","11.0000","11.0000","11.0000","11.0000","11.0000","13.5790","12.7775","11.0000","12.2636","11.0000","12.5384","24.7317","11.0000","11.0000","13.5193","11.0000","11.0000","40.4713","20.5733","19.4674","11.0000","18.6038","11.0000","11.0000","11.0000","22.7325","25.0549","13.2186","37.5504","15.4047","22.5796","16.9629","18.1423","15.8478","21.2875","92.1022","14.0603","11.6504","12.4756","16.1165","14.5736","40.3656"
"C:\Users\cfg364\Sommerlab Dropbox\Casper van der Luijt\Casper\Data\BioLog\OmniLog\CL3\DATA_2024\08\_NRRL 5592_Aspergillus oryzae__1_30_CL3_769_8#19#2024_A_18A_23.OKA","8/19/2024 7:16:29 PM","18-A","PM01","","NRRL 5592","Aspergillus oryzae","",9.2500,"22.6189","49.9065","20.7518","11.6743","11.9808","11.0000","11.0000","11.0000","14.2846","11.0000","15.6773","15.6598","11.0000","11.0000","18.4236","11.0000","11.0000","11.0000","11.0000","70.8174","11.0000","11.0000","15.5329","11.0000","12.8828","11.0000","28.5233","61.0000","11.0000","11.0000","14.4540","11.0000","11.0000","11.0000","11.0000","26.4228","21.6068","11.0000","11.0000","11.0000","11.0000","11.0000","11.0000","12.8004","11.0000","11.0000","11.0000","12.3684","21.1154","11.0000","11.0000","11.0000","16.0539","15.7937","11.0000","11.0000","11.0000","11.0000","12.2934","17.6227","11.1839","11.0000","14.5751","11.0000","15.1537","23.9550","11.0000","11.0000","11.0000","11.0000","11.0000","38.4895","20.0901","18.4769","11.0000","21.6391","11.0000","11.0000","11.0000","24.5277","24.1924","11.0000","34.2961","12.1419","23.4867","14.7661","16.0698","12.6674","22.7527","91.2032","15.0912","11.0000","22.6735","13.1319","11.0000","36.2301"
"C:\Users\cfg364\Sommerlab Dropbox\Casper van der Luijt\Casper\Data\BioLog\OmniLog\CL3\DATA_2024\08\_NRRL 5592_Aspergillus oryzae__1_30_CL3_769_8#19#2024_A_18A_23.OKA","8/19/2024 7:16:29 PM","18-A","PM01","","NRRL 5592","Aspergillus oryzae","",9.5000,"19.4137","48.2489","21.0584","13.2681","11.5379","11.0000","11.0000","11.0000","13.5117","11.0000","15.4561","16.3079","11.0000","11.0000","18.3323","11.0000","11.0000","11.0000","11.0000","72.0794","11.0000","11.0000","13.5719","12.0190","11.1822","11.0000","29.3390","63.8017","11.0000","11.0000","14.1371","11.0000","11.0000","11.0000","11.0000","25.2988","21.6068","11.0000","11.0000","11.0000","11.0000","11.0000","11.0000","11.0000","11.0000","11.0000","11.0000","11.4665","19.5521","11.0000","11.0000","11.0000","15.1750","15.6081","11.0000","11.0000","11.0000","11.0000","11.0000","14.8208","12.4097","11.0000","12.5410","11.0000","14.8152","25.8812","11.0000","11.0000","12.1652","11.0000","11.0000","37.4346","22.0833","17.9017","12.0989","21.4513","11.0000","11.0000","11.0000","26.8037","24.6716","11.0000","33.1361","11.0000","22.4889","18.3752","16.1017","12.2042","23.9997","92.6801","11.4510","11.0000","19.5912","14.4110","11.0000","35.5568"
"C:\Users\cfg364\Sommerlab Dropbox\Casper van der Luijt\Casper\Data\BioLog\OmniLog\CL3\DATA_2024\08\_NRRL 5592_Aspergillus oryzae__1_30_CL3_769_8#19#2024_A_18A_23.OKA","8/19/2024 7:16:29 PM","18-A","PM01","","NRRL 5592","Aspergillus oryzae","",9.7500,"24.4989","49.1246","21.4264","13.5133","11.7593","11.0000","11.0000","11.0000","11.6440","11.0000","16.4042","16.0301","11.0000","11.0000","19.2450","11.0000","11.0000","11.0000","11.0000","71.4799","11.0000","11.0000","14.7292","13.5320","12.9436","11.0000","29.2484","61.7697","11.0000","11.0000","14.0104","11.0000","11.0000","11.0000","11.0000","26.9847","22.1842","11.0000","11.0000","11.0000","11.0000","11.0000","11.0000","11.4106","11.0000","11.0000","11.0000","13.7989","20.2571","11.0000","11.0000","11.0000","15.3947","17.5565","11.0000","11.0000","11.0000","11.0000","11.0000","18.4187","15.0759","13.3272","14.7908","11.0000","16.0460","24.0482","11.0000","11.0000","11.3779","11.0000","11.1568","38.0739","21.9323","19.3396","11.5652","22.6717","11.0000","11.0000","11.0000","24.8482","25.4382","12.7041","34.3283","14.4585","22.4889","20.8545","19.7047","14.2730","23.6256","92.3912","15.1556","11.0000","22.5423","13.8207","11.0000","35.5248"
"C:\Users\cfg364\Sommerlab Dropbox\Casper van der Luijt\Casper\Data\BioLog\OmniLog\CL3\DATA_2024\08\_NRRL 5592_Aspergillus oryzae__1_30_CL3_769_8#19#2024_A_18A_23.OKA","8/19/2024 7:16:29 PM","18-A","PM01","","NRRL 5592","Aspergillus oryzae","",10.0000,"16.4037","48.5581","23.6852","11.0000","11.0000","11.0000","11.0000","11.0000","16.7566","11.0000","13.4347","14.6272","11.0000","11.0000","18.3592","11.0000","11.0000","11.0000","11.0000","70.2231","11.0000","11.0000","18.2147","14.6770","12.4867","11.0000","25.1929","64.8936","11.0000","11.0000","14.5941","11.0000","11.0000","11.0000","12.4512","29.2689","24.8883","11.0000","11.0000","11.0000","11.0000","11.0000","11.0000","11.0000","11.0000","11.0000","11.0000","15.0627","22.8756","11.0000","11.0000","11.0000","14.5054","15.7691","11.0000","11.0000","11.0000","11.0000","11.1263","13.8163","14.5658","13.6409","13.6518","11.0000","16.8493","26.1165","11.0000","11.0000","13.3811","11.0000","11.0000","39.1763","25.2839","16.0565","11.0000","22.0965","11.0000","11.0000","12.1126","26.1261","24.9811","11.7097","30.6624","16.8015","26.5061","18.6802","18.6176","11.1236","23.9476","91.3142","12.5859","11.0000","24.5221","14.9276","11.0000","32.4332"
"C:\Users\cfg364\Sommerlab Dropbox\Casper van der Luijt\Casper\Data\BioLog\OmniLog\CL3\DATA_2024\08\_NRRL 5592_Aspergillus oryzae__1_30_CL3_769_8#19#2024_A_18A_23.OKA","8/19/2024 7:16:29 PM","18-A","PM01","","NRRL 5592","Aspergillus oryzae","",10.2500,"20.9219","49.1708","24.9770","11.0000","11.0000","11.0000","11.0000","11.0000","14.2774","11.0000","17.4714","14.7292","11.0000","11.0000","19.4167","11.0000","11.0000","11.0000","11.0000","77.6519","11.0000","11.0000","18.3336","12.5789","13.6760","11.0000","28.9033","66.4027","11.0000","11.0000","15.8611","11.0000","11.0000","11.0000","11.0000","32.9966","24.4791","11.0000","11.0000","11.0000","11.0000","11.0000","11.0000","11.0000","11.0000","11.0000","11.0000","14.5093","18.7503","11.0000","11.0000","11.0000","19.0283","11.5611","11.0000","11.0000","11.0000","11.0000","11.0000","13.4603","14.6874","15.0823","15.2055","11.0000","16.4128","28.0323","11.0000","11.0000","16.2387","11.0000","11.0000","43.8386","22.4320","17.7862","11.0000","22.8859","11.0000","11.0000","11.0000","29.2549","26.1991","11.9336","33.5954","18.2255","27.4917","21.5349","17.7855","13.6991","25.6648","101.0432","14.1112","11.0000","20.4627","14.7784","11.0000","37.0145"
"C:\Users\cfg364\Sommerlab Dropbox\Casper van der Luijt\Casper\Data\BioLog\OmniLog\CL3\DATA_2024\08\_NRRL 5592_Aspergillus oryzae__1_30_CL3_769_8#19#2024_A_18A_23.OKA","8/19/2024 7:16:29 PM","18-A","PM01","","NRRL 5592","Aspergillus oryzae","",10.5000,"20.3070","49.3459","20.0314","11.0000","11.0000","11.0000","11.0000","11.0000","14.7786","11.0000","12.1397","13.5161","11.0000","11.0000","17.8371","11.0000","11.0000","11.0000","11.0000","69.4189","11.0000","11.0000","16.4446","11.0000","12.9192","11.0000","29.9211","63.1455","11.0000","11.0000","17.9052","11.0000","11.0000","11.0000","11.0000","31.7370","25.8794","11.0000","11.0000","11.0000","11.0000","11.0000","11.0000","11.0000","11.0000","11.0000","11.0000","12.7390","17.9001","11.0000","11.0000","11.0000","16.9521","11.4361","11.0000","11.0000","11.0000","11.0000","11.0000","13.0794","11.9458","12.0984","14.5782","11.0000","19.5184","25.4368","11.0000","11.0000","11.6004","11.0000","11.0000","39.7261","22.1913","16.4388","11.0000","24.2646","11.0000","11.0000","11.0000","24.2602","24.8929","12.0327","38.4681","14.1421","24.6699","19.8685","17.0687","11.8658","25.9167","95.9872","13.2285","13.9386","23.4425","12.7774","11.0000","36.4910"
"C:\Users\cfg364\Sommerlab Dropbox\Casper van der Luijt\Casper\Data\BioLog\OmniLog\CL3\DATA_2024\08\_NRRL 5592_Aspergillus oryzae__1_30_CL3_769_8#19#2024_A_18A_23.OKA","8/19/2024 7:16:29 PM","18-A","PM01","","NRRL 5592","Aspergillus oryzae","",10.7500,"21.9699","50.5957","25.4161","12.8105","14.9788","11.0000","11.0000","11.0000","15.5955","11.0000","20.7461","14.1803","11.0000","11.0000","18.3601","11.0000","11.0000","11.0000","11.0000","71.8772","11.0000","11.0000","17.7040","11.0000","13.8475","11.0000","27.5051","66.1285","11.0000","11.0000","12.6568","11.0000","11.0000","11.0000","11.0000","35.4167","27.0263","11.0000","11.0000","11.0000","11.0000","11.0000","11.0000","12.6985","11.0000","11.0000","11.0000","11.1246","20.8408","11.0000","11.0000","11.0000","17.3628","15.9555","11.0000","11.0000","11.0000","11.0000","11.3801","16.2071","14.6038","12.9674","14.8642","11.0000","14.0656","28.5066","11.0000","11.0000","14.3618","11.0000","11.0000","43.1001","23.8413","21.0780","11.0000","21.6752","11.0000","11.0000","11.0000","28.3639","27.0806","13.4741","36.3635","13.3809","25.1647","18.5185","21.5170","16.9024","24.7227","96.6984","13.9759","13.2942","20.0886","17.8232","11.0000","36.3018"
"C:\Users\cfg364\Sommerlab Dropbox\Casper van der Luijt\Casper\Data\BioLog\OmniLog\CL3\DATA_2024\08\_NRRL 5592_Aspergillus oryzae__1_30_CL3_769_8#19#2024_A_18A_23.OKA","8/19/2024 7:16:29 PM","18-A","PM01","","NRRL 5592","Aspergillus oryzae","",11.0000,"16.3923","51.5477","21.3442","11.0000","11.0000","11.0000","11.0000","11.0000","12.8656","11.0000","17.2249","16.7659","11.0000","11.0000","17.4075","11.0000","11.0000","11.0000","11.0000","71.9322","11.0000","11.0000","12.4423","11.0000","11.0000","11.0000","22.2808","65.6324","11.0000","11.0000","11.9869","11.0000","11.0000","11.0000","11.0000","33.3880","23.8962","11.0000","11.0000","11.0000","11.0000","11.0000","11.0000","11.0000","11.0000","11.0000","11.0000","11.2177","21.9195","11.0000","11.0000","11.0000","17.8533","18.2343","11.0000","11.0000","11.0000","11.0000","11.1892","18.3993","13.6184","15.1372","19.1183","11.0000","15.3219","25.1583","11.0000","11.0000","13.4870","11.0000","11.0000","36.9278","22.2197","21.1615","11.0000","19.6053","11.0000","11.0000","11.0000","30.4395","22.4456","11.2903","35.8269","11.0000","24.8199","18.6856","17.8692","14.9469","25.4131","98.1737","18.0758","15.9662","17.9893","17.6893","11.0000","37.7081"
"C:\Users\cfg364\Sommerlab Dropbox\Casper van der Luijt\Casper\Data\BioLog\OmniLog\CL3\DATA_2024\08\_NRRL 5592_Aspergillus oryzae__1_30_CL3_769_8#19#2024_A_18A_23.OKA","8/19/2024 7:16:29 PM","18-A","PM01","","NRRL 5592","Aspergillus oryzae","",11.2500,"19.4858","49.1294","25.4109","11.0000","12.3610","11.0000","11.0000","11.0000","17.8704","11.0000","15.4205","15.6448","11.0000","11.0000","17.6970","11.0000","11.0000","11.0000","11.0000","73.7884","11.0000","11.0000","19.3969","11.0000","13.4914","11.0000","25.1415","65.0082","11.0000","11.0000","16.9944","11.0000","11.0000","11.0000","11.0000","32.7497","23.5827","11.0000","11.0000","11.0000","11.0000","11.0000","11.0000","17.1973","11.0000","11.0000","11.0000","12.9026","17.4077","11.0000","11.0000","11.0000","21.5830","17.8005","11.0000","11.0000","11.0000","11.0000","11.6946","16.8788","15.2284","13.8778","16.7320","11.0000","16.5957","26.0536","11.0000","11.0000","11.0000","11.0000","13.6586","39.2548","25.4541","22.9866","11.0000","21.9536","11.0000","11.0000","12.8058","28.8585","27.9607","12.5422","33.6611","19.4802","27.5780","21.7274","17.2463","14.5277","23.2170","93.1085","17.0682","16.6516","26.1309","13.0970","11.7190","35.8245"
"C:\Users\cfg364\Sommerlab Dropbox\Casper van der Luijt\Casper\Data\BioLog\OmniLog\CL3\DATA_2024\08\_NRRL 5592_Aspergillus oryzae__1_30_CL3_769_8#19#2024_A_18A_23.OKA","8/19/2024 7:16:29 PM","18-A","PM01","","NRRL 5592","Aspergillus oryzae","",11.5000,"19.1145","48.7590","21.8360","11.8575","12.8003","11.0000","11.0000","11.0000","13.5524","11.0000","15.3184","17.7146","11.0000","11.0000","16.8412","11.0000","11.0000","11.0000","11.0000","78.3949","11.0000","11.0000","15.9400","14.6659","15.4896","11.0000","24.4562","67.3519","11.0000","11.0000","13.8875","11.0000","11.0000","11.0000","14.1763","29.1645","24.7409","11.0000","11.0000","11.0000","11.0000","11.0000","11.0000","12.1318","11.0000","11.0000","11.0000","14.6886","20.4934","11.0000","11.0000","11.0000","19.4338","17.7598","11.0000","11.0000","11.0000","11.0000","11.0000","19.0003","11.8310","11.0000","16.8442","11.0000","14.1110","26.6786","11.0000","11.0000","12.8890","11.0000","12.2261","36.6950","18.1281","19.2530","11.0000","20.5555","11.0000","11.0000","11.0000","29.4783","26.8613","11.0000","32.6528","14.6630","27.1698","20.0718","16.7148","11.0000","24.8765","96.5354","14.1276","17.1246","27.2181","14.1151","11.0000","32.7800"
"C:\Users\cfg364\Sommerlab Dropbox\Casper van der Luijt\Casper\Data\BioLog\OmniLog\CL3\DATA_2024\08\_NRRL 5592_Aspergillus oryzae__1_30_CL3_769_8#19#2024_A_18A_23.OKA","8/19/2024 7:16:29 PM","18-A","PM01","","NRRL 5592","Aspergillus oryzae","",11.7500,"21.3507","48.6192","24.6468","11.0000","12.1709","11.0000","11.0000","11.0000","11.0000","11.0000","15.8227","13.3911","11.0000","11.0000","13.9194","11.0000","11.0000","11.0000","11.0000","70.9899","11.0000","11.0000","16.5597","11.0000","13.7823","11.0000","21.2544","70.6083","11.0000","11.0000","16.2955","11.0000","11.0000","11.0000","12.4130","32.8020","24.4507","11.0000","11.0000","11.0000","11.0000","11.0000","11.0000","13.3947","11.0000","11.0000","11.0000","12.6232","16.3473","11.0000","11.0000","11.0000","20.0126","15.9455","11.0000","11.0000","11.0000","11.0000","11.0000","14.7849","12.0417","14.9743","14.6649","11.0000","17.1830","24.1885","11.0000","11.0000","15.3024","11.0000","11.0000","35.3228","25.6002","23.8566","11.0000","24.2656","11.0000","11.0000","11.0000","22.8047","20.4394","14.8459","31.5150","15.1679","25.3132","20.5224","17.7181","11.0000","25.3213","96.7081","11.1613","11.0000","24.5112","12.6398","11.8855","36.3707"
"C:\Users\cfg364\Sommerlab Dropbox\Casper van der Luijt\Casper\Data\BioLog\OmniLog\CL3\DATA_2024\08\_NRRL 5592_Aspergillus oryzae__1_30_CL3_769_8#19#2024_A_18A_23.OKA","8/19/2024 7:16:29 PM","18-A","PM01","","NRRL 5592","Aspergillus oryzae","",12.0000,"19.4183","51.5719","23.1638","12.8332","13.3291","11.0000","11.0000","11.0000","12.5460","11.0000","20.2446","15.9650","11.0000","11.0000","18.8088","11.0000","11.0000","11.0000","11.0000","77.6550","11.0000","11.0000","18.3993","12.8560","13.7525","11.0000","24.7301","69.8697","11.0000","11.0000","15.3978","11.0000","11.0000","11.0000","11.6305","33.4453","25.2253","11.0000","11.0000","11.0000","11.0000","11.0000","11.0000","15.8634","11.0000","11.0000","11.0000","12.5245","18.6151","11.0000","11.0000","11.0000","19.8125","13.4194","11.0000","11.0000","11.0000","11.0000","11.0000","14.1788","13.5930","17.5558","17.2396","11.0000","15.9718","22.3550","11.0000","11.0000","12.0712","11.0000","11.0000","38.8735","21.7441","15.4963","11.0000","23.9206","11.0000","11.0000","11.0000","24.4875","23.1300","11.2580","30.8906","12.9775","25.8498","22.9357","20.9903","11.0000","24.8834","97.6002","15.2749","15.6122","22.2057","14.1048","11.0000","38.8067"
"C:\Users\cfg364\Sommerlab Dropbox\Casper van der Luijt\Casper\Data\BioLog\OmniLog\CL3\DATA_2024\08\_NRRL 5592_Aspergillus oryzae__1_30_CL3_769_8#19#2024_A_18A_23.OKA","8/19/2024 7:16:29 PM","18-A","PM01","","NRRL 5592","Aspergillus oryzae","",12.2500,"14.7409","53.0319","20.5512","11.0000","11.0317","11.0000","11.0000","11.0000","13.5593","11.0000","17.6278","22.5669","11.0000","11.0000","17.7905","11.0000","11.0000","11.0000","11.0000","77.8437","11.0000","11.0000","20.1607","11.0000","16.0797","11.0000","23.0445","68.3639","11.0000","11.0000","12.8405","11.0000","11.0000","11.0000","11.0000","33.4225","23.8944","11.0000","11.0000","11.0000","11.0000","11.0000","11.0000","11.0000","11.0000","11.0000","11.0000","15.6905","17.4403","11.0000","11.0000","11.0000","20.3654","14.8299","11.0000","11.0000","11.0000","11.0000","11.0000","14.2948","12.1621","11.2824","16.3770","11.0000","12.4790","24.4217","11.0000","11.0000","11.4404","11.0000","11.3142","36.6941","23.5062","19.5684","11.0000","24.7642","11.0000","11.0000","11.0636","28.3495","20.1033","11.0000","33.1801","14.3735","26.1204","20.6065","18.2745","16.9920","25.5891","98.3585","17.4603","12.7765","23.9390","17.5430","11.9196","40.6615"
"C:\Users\cfg364\Sommerlab Dropbox\Casper van der Luijt\Casper\Data\BioLog\OmniLog\CL3\DATA_2024\08\_NRRL 5592_Aspergillus oryzae__1_30_CL3_769_8#19#2024_A_18A_23.OKA","8/19/2024 7:16:29 PM","18-A","PM01","","NRRL 5592","Aspergillus oryzae","",12.5000,"20.1142","49.2973","23.7158","12.9174","11.5058","11.0000","11.0000","11.0000","16.2055","11.0000","17.9947","20.1534","11.0000","11.0000","16.7873","11.0000","11.0000","11.0000","11.0000","76.8026","11.0000","11.0000","13.1892","11.4316","19.4036","11.0000","20.7072","68.5271","11.0000","11.0000","11.0000","11.0000","11.0000","11.0000","11.0000","31.5820","21.4313","11.0000","11.0000","11.0000","11.0000","11.0000","11.0000","14.8585","11.0000","11.0000","11.0000","13.4563","17.7592","11.0000","11.0000","11.0000","21.0789","15.4936","11.0000","11.0000","11.0000","11.0000","11.0000","18.2212","12.0730","11.1259","15.1664","11.0000","22.8717","24.8313","11.0000","11.0000","18.6571","11.0000","12.5053","36.8566","26.1829","20.0057","11.0000","22.5923","11.0000","11.0000","11.0000","25.8007","25.0512","11.0000","35.3766","14.0030","31.3095","20.3814","18.5609","11.8651","24.5074","98.6295","15.4033","13.6488","21.9327","18.3113","11.0000","33.9322"
"C:\Users\cfg364\Sommerlab Dropbox\Casper van der Luijt\Casper\Data\BioLog\OmniLog\CL3\DATA_2024\08\_NRRL 5592_Aspergillus oryzae__1_30_CL3_769_8#19#2024_A_18A_23.OKA","8/19/2024 7:16:29 PM","18-A","PM01","","NRRL 5592","Aspergillus oryzae","",12.7500,"19.8670","48.0751","22.4320","16.9958","11.0000","11.0000","11.0000","11.0000","17.0039","11.0000","15.5260","20.9239","11.0000","11.0000","17.4269","11.0000","11.0000","11.0000","11.0000","76.8340","11.0000","11.0000","15.4107","14.5758","15.1867","11.0000","20.1931","67.3901","11.0000","11.0000","12.8164","11.0000","11.0000","11.0000","11.0000","31.5200","19.6013","11.0000","11.0000","11.0000","11.0000","11.0000","11.0000","14.2938","11.0000","11.0000","11.0000","14.8243","19.5412","11.0000","11.0000","11.0000","21.2349","12.9834","11.0000","11.0000","11.0000","11.0000","11.0000","13.0041","11.8891","11.0000","14.3640","11.0000","17.4089","23.3360","11.0000","11.0000","19.1862","11.0000","11.6586","31.7805","23.6574","18.1789","11.0000","22.1224","11.0000","11.0000","11.8596","24.1064","24.2171","12.4826","30.9123","15.8435","29.5696","23.0930","17.8620","11.0000","22.3238","96.7972","17.6853","15.3608","22.0963","16.7841","11.0000","34.3171"
"C:\Users\cfg364\Sommerlab Dropbox\Casper van der Luijt\Casper\Data\BioLog\OmniLog\CL3\DATA_2024\08\_NRRL 5592_Aspergillus oryzae__1_30_CL3_769_8#19#2024_A_18A_23.OKA","8/19/2024 7:16:29 PM","18-A","PM01","","NRRL 5592","Aspergillus oryzae","",13.0000,"16.9758","52.8439","18.1814","12.0739","12.6790","11.0000","11.0000","11.0000","14.7815","11.0000","18.9008","17.1545","11.0000","11.0000","14.3537","11.0000","11.0000","11.0000","11.0000","77.8964","11.0000","11.0000","14.5685","11.1549","13.9820","11.0000","20.9861","67.6872","11.0000","11.0000","12.9318","11.0000","11.0000","11.0000","13.2455","29.2594","25.0310","11.0000","11.0000","11.0000","11.0000","11.0000","11.0000","14.1365","11.0000","11.0000","11.0000","14.0838","22.7562","11.0000","11.0000","11.0000","17.9892","11.0000","11.0000","11.0000","11.0000","11.0000","11.0000","17.8084","16.7819","13.6921","17.8170","11.0000","14.2657","28.8987","11.0000","11.0000","12.7290","11.0000","11.0000","34.6040","23.3836","22.0229","11.0000","23.6809","11.0000","11.5055","11.0000","25.8081","20.8270","11.0000","29.6628","15.6985","26.7441","20.4668","18.6387","15.3232","25.7796","96.1792","14.3863","15.5299","23.1157","15.8006","11.0000","37.5222"
"C:\Users\cfg364\Sommerlab Dropbox\Casper van der Luijt\Casper\Data\BioLog\OmniLog\CL3\DATA_2024\08\_NRRL 5592_Aspergillus oryzae__1_30_CL3_769_8#19#2024_A_18A_23.OKA","8/19/2024 7:16:29 PM","18-A","PM01","","NRRL 5592","Aspergillus oryzae","",13.2500,"15.7620","49.4851","18.3972","11.0000","11.0000","11.0000","11.0000","11.0000","13.7239","11.0000","15.8985","17.8349","11.0000","11.0000","15.4512","11.0000","11.0000","11.0000","11.0000","78.9357","11.0000","11.0000","14.6649","13.8507","15.5035","11.0000","18.7703","69.5009","11.0000","11.0000","12.8685","11.0000","11.0000","11.0000","11.0000","28.0400","24.3325","11.0000","11.0000","11.0000","11.0000","11.0000","11.0000","12.1605","11.0000","11.0000","11.0000","12.0902","20.9806","11.0000","11.0000","11.0000","20.5166","11.0000","11.0000","11.0000","11.0000","11.0000","11.0000","18.1281","14.8952","14.8816","16.9533","11.0000","14.5121","21.9381","11.0000","11.0000","12.0689","11.0000","14.7286","34.6040","23.3534","22.4994","11.0000","19.0754","11.0000","11.0000","11.0000","27.6911","22.4327","12.0665","28.6260","13.9811","30.6575","18.4225","18.4478","11.0000","24.6595","99.3150","20.7720","11.4853","21.3475","16.9436","11.6911","31.7467"
"C:\Users\cfg364\Sommerlab Dropbox\Casper van der Luijt\Casper\Data\BioLog\OmniLog\CL3\DATA_2024\08\_NRRL 5592_Aspergillus oryzae__1_30_CL3_769_8#19#2024_A_18A_23.OKA","8/19/2024 7:16:29 PM","18-A","PM01","","NRRL 5592","Aspergillus oryzae","",13.5000,"16.4738","51.5460","17.8069","11.0000","15.6257","11.0000","11.0000","11.0000","15.1112","11.0000","16.2321","15.9437","11.0000","11.0000","19.5066","11.0000","11.0000","11.0000","11.0000","72.3670","11.0000","11.0000","18.3539","13.5971","15.2382","11.0000","15.1107","71.4870","11.0000","11.0000","13.8466","11.0000","11.0000","11.0000","11.0000","29.1790","25.6416","11.0000","11.0000","11.0000","11.0000","11.0000","11.0000","11.0000","11.0000","11.0000","11.0000","16.6191","17.3594","11.0000","11.0000","11.0000","18.0823","11.0000","11.0000","11.0000","11.0000","11.0000","11.0000","16.4185","12.6864","11.0000","14.2989","11.0000","17.3469","22.7934","11.0000","11.0000","14.2009","11.0000","11.0000","35.3701","24.5841","17.9233","11.0000","21.8465","11.0000","11.0000","11.3817","26.7066","23.6387","11.0000","27.0268","13.5209","27.5174","21.6914","20.8180","11.4341","27.7230","100.4133","15.4107","13.0993","25.4871","16.1256","11.0000","36.1885"
"C:\Users\cfg364\Sommerlab Dropbox\Casper van der Luijt\Casper\Data\BioLog\OmniLog\CL3\DATA_2024\08\_NRRL 5592_Aspergillus oryzae__1_30_CL3_769_8#19#2024_A_18A_23.OKA","8/19/2024 7:16:29 PM","18-A","PM01","","NRRL 5592","Aspergillus oryzae","",13.7500,"15.8518","54.1367","21.2103","11.0000","12.1643","11.0000","11.0000","11.0000","14.3725","11.0000","18.2178","18.2919","11.0000","11.0000","20.8037","11.0000","11.0000","11.0000","11.0000","75.6036","11.0000","11.0000","20.0094","15.2976","16.1464","11.0000","19.7049","72.4049","11.0000","11.0000","15.0169","11.0000","11.5666","11.0000","11.0000","28.6783","25.6112","11.0000","11.0000","11.0000","11.0000","11.0000","11.0000","12.8937","11.0000","11.0000","11.0000","18.7611","17.5755","11.0000","11.0000","11.0000","18.6150","11.2171","11.0000","11.0000","11.0000","11.0000","11.0000","13.9005","14.5567","12.5736","16.1487","11.0000","13.8209","21.8862","11.0000","11.0000","13.6674","11.0000","11.0000","32.8600","23.4671","17.4128","11.0000","19.8916","11.0000","11.0000","11.0000","24.0358","19.6610","11.5829","29.7087","16.2357","29.1722","20.8161","19.9601","12.3645","27.3212","103.9847","16.9560","15.2632","25.0947","17.7579","11.0000","34.3939"
"C:\Users\cfg364\Sommerlab Dropbox\Casper van der Luijt\Casper\Data\BioLog\OmniLog\CL3\DATA_2024\08\_NRRL 5592_Aspergillus oryzae__1_30_CL3_769_8#19#2024_A_18A_23.OKA","8/19/2024 7:16:29 PM","18-A","PM01","","NRRL 5592","Aspergillus oryzae","",14.0000,"15.9793","50.2971","18.6002","11.0000","11.0000","11.0000","11.0000","11.0000","20.1264","11.0000","17.0732","20.1922","11.0000","11.0000","17.1009","11.4274","11.0000","11.0000","11.0000","75.4246","11.0000","11.0000","17.1766","16.2355","14.6312","11.0000","19.5151","73.6133","11.0000","11.0000","11.0000","11.0000","11.0000","11.0000","11.0000","29.8183","26.0018","11.0000","11.0000","11.0000","11.0000","11.0000","11.0000","11.3153","11.0000","11.0000","11.0000","16.4579","18.0111","11.0000","11.0000","11.0000","18.1986","11.0000","11.0000","11.0000","11.0000","11.0000","11.0000","16.3145","17.0496","15.2631","15.0100","11.0000","13.5488","25.1906","11.0000","11.0000","13.1632","11.0000","13.2306","29.8549","20.9886","17.1324","11.0000","21.9971","11.0000","11.0000","11.8573","22.3938","21.4918","14.7665","28.0219","17.2786","30.0231","21.1817","19.6793","16.5860","24.1771","99.9848","13.4561","14.5247","27.5368","18.0194","11.0000","39.6048"
"C:\Users\cfg364\Sommerlab Dropbox\Casper van der Luijt\Casper\Data\BioLog\OmniLog\CL3\DATA_2024\08\_NRRL 5592_Aspergillus oryzae__1_30_CL3_769_8#19#2024_A_18A_23.OKA","8/19/2024 7:16:29 PM","18-A","PM01","","NRRL 5592","Aspergillus oryzae","",14.2500,"20.0570","56.0829","20.3323","11.0000","11.0000","11.0000","11.0000","11.0000","11.2886","11.0000","18.0676","21.6111","11.0000","11.0000","17.2272","11.0000","11.0000","11.0000","11.0000","79.7987","11.0000","11.0000","19.8195","15.2765","14.3584","11.0000","21.4084","69.7628","11.0000","11.0000","11.0000","11.0000","11.0000","11.0000","12.1071","28.3679","24.6228","11.0000","11.0000","11.0000","11.0000","11.0000","11.0000","11.0000","11.0000","11.0000","11.0000","15.6131","22.4139","11.0000","11.0000","11.0000","21.2192","11.0000","11.0000","11.0000","11.0000","11.0000","11.0000","16.8643","13.7890","13.5370","18.0710","11.0000","11.0000","25.8610","11.0000","11.0000","11.0000","11.0000","12.7575","36.1320","22.7114","17.9074","11.0000","21.7401","11.0000","12.2936","15.2560","22.3834","20.3124","13.1899","28.1935","14.5578","29.6219","19.9556","17.5936","14.5213","24.5916","102.1861","15.1891","16.6099","28.1885","17.2727","11.0000","34.5019"
"C:\Users\cfg364\Sommerlab Dropbox\Casper van der Luijt\Casper\Data\BioLog\OmniLog\CL3\DATA_2024\08\_NRRL 5592_Aspergillus oryzae__1_30_CL3_769_8#19#2024_A_18A_23.OKA","8/19/2024 7:16:29 PM","18-A","PM01","","NRRL 5592","Aspergillus oryzae","",14.5000,"14.7089","52.0019","18.8268","11.0000","12.2314","11.0000","11.0000","11.0000","12.0273","11.0000","16.4507","20.5679","12.0040","11.0000","15.7462","11.0000","11.0000","11.0000","11.0000","76.8677","11.0000","11.0000","14.5302","17.8245","16.2413","11.0000","17.3077","73.7416","11.0000","11.0000","11.6684","11.0000","11.0000","11.0000","11.0000","27.2309","26.0280","11.0000","11.0000","11.0000","11.0000","11.0000","11.0000","11.0000","11.0000","11.0000","11.0000","14.7229","16.6428","11.0000","11.0000","11.0000","23.4927","11.0000","11.0000","11.0000","11.0000","11.0000","11.0000","12.9239","17.2737","14.5536","14.9284","11.0000","13.3089","23.7205","11.0000","11.0000","13.7526","11.0000","11.0000","31.1531","21.9841","20.1926","11.0000","20.5018","11.0000","11.0000","11.9544","21.3096","19.2304","13.3624","26.5590","18.0192","28.5450","21.9030","21.9813","11.0000","23.9726","105.7579","15.1610","11.8099","23.9998","18.8231","11.0000","38.7572"
"C:\Users\cfg364\Sommerlab Dropbox\Casper van der Luijt\Casper\Data\BioLog\OmniLog\CL3\DATA_2024\08\_NRRL 5592_Aspergillus oryzae__1_30_CL3_769_8#19#2024_A_18A_23.OKA","8/19/2024 7:16:29 PM","18-A","PM01","","NRRL 5592","Aspergillus oryzae","",14.7500,"19.4739","57.9087","16.1082","11.0000","11.0000","11.0000","11.0000","11.0000","13.2834","11.0000","13.6959","22.0824","11.0000","11.0000","15.8802","11.0000","11.0000","11.0000","11.0000","79.7126","11.0000","11.0000","20.2834","17.6440","19.5066","11.0000","15.0398","72.6267","11.0000","11.0000","11.9501","11.0000","11.0000","11.0000","11.0000","33.2529","25.0316","11.0000","11.0000","11.0000","11.0000","11.0000","11.0000","11.0000","11.0000","11.0000","12.2198","15.3834","19.4265","11.0000","11.0000","11.0000","23.2327","11.4312","11.0000","11.0000","11.0000","11.0000","11.0000","18.1429","19.0804","18.3680","18.6746","11.0000","11.9580","22.9464","11.0000","11.0000","13.6033","12.1937","14.7857","29.5213","24.8617","23.0476","11.0000","23.2205","11.0000","15.6562","13.0023","24.5037","22.5592","14.8393","24.6711","20.7402","30.0236","23.5558","22.5498","12.8609","25.4615","104.5624","19.5096","18.8020","26.6598","17.4260","14.9328","34.1038"
"C:\Users\cfg364\Sommerlab Dropbox\Casper van der Luijt\Casper\Data\BioLog\OmniLog\CL3\DATA_2024\08\_NRRL 5592_Aspergillus oryzae__1_30_CL3_769_8#19#2024_A_18A_23.OKA","8/19/2024 7:16:29 PM","18-A","PM01","","NRRL 5592","Aspergillus oryzae","",15.0000,"17.9840","52.8603","16.7545","11.0000","12.2334","11.0000","11.0000","11.0000","11.7075","11.0000","13.5373","20.3488","11.0000","11.0000","14.5768","11.0000","11.0000","11.0000","11.0000","79.9011","11.0000","11.0000","17.8989","16.0753","17.6364","11.0000","12.5491","71.7976","11.0000","11.0000","11.0000","11.0000","11.0000","11.0000","11.0000","29.1732","27.7532","11.0000","11.0000","11.0000","11.0000","11.0000","11.0000","11.0000","11.0000","11.0000","11.5778","17.9015","15.8460","11.0000","11.0000","11.0000","24.2287","11.8316","11.0000","11.0000","11.0000","11.0000","11.0000","20.1837","15.9397","15.5894","15.0993","11.0000","11.0000","20.1776","11.0000","11.0000","11.0000","11.0000","14.5667","29.3297","27.0964","16.8636","11.0000","22.6580","11.0000","12.9820","15.4496","24.2495","19.4533","16.3557","25.5437","19.7115","32.5741","22.8099","20.6828","11.8374","25.0891","109.1585","16.0094","17.6140","26.3988","16.7047","13.1630","36.0076"
"C:\Users\cfg364\Sommerlab Dropbox\Casper van der Luijt\Casper\Data\BioLog\OmniLog\CL3\DATA_2024\08\_NRRL 5592_Aspergillus oryzae__1_30_CL3_769_8#19#2024_A_18A_23.OKA","8/19/2024 7:16:29 PM","18-A","PM01","","NRRL 5592","Aspergillus oryzae","",15.2500,"14.6825","59.6589","17.4631","11.0000","11.0000","11.0000","11.0000","11.0000","15.1393","11.0000","18.3363","19.7076","11.0000","11.0000","11.0000","11.0000","11.0000","11.0000","11.0000","81.4094","11.0000","11.0000","14.6322","20.5430","16.0538","11.0000","16.1579","75.7113","11.0000","11.0000","11.0000","11.0000","11.0000","11.0000","11.0633","27.7227","26.6915","11.0000","11.0000","11.0000","11.0000","11.0000","11.0000","11.0000","11.0000","11.0000","11.8693","14.6133","17.6147","11.0000","11.0000","11.0000","21.0349","11.0000","11.0000","11.0000","11.0000","11.0000","11.0000","20.4899","19.2323","11.4070","16.3063","11.0000","13.7669","21.6664","11.0000","11.0000","14.8266","11.0000","11.8182","25.4534","26.0074","20.9436","11.0000","20.7206","11.0000","13.4579","11.0000","22.0203","18.2507","17.0585","26.0494","20.6907","29.9883","22.3192","17.6190","12.7097","26.2394","104.2271","13.9116","18.9635","27.1681","18.0408","11.0000","37.4764"
"C:\Users\cfg364\Sommerlab Dropbox\Casper van der Luijt\Casper\Data\BioLog\OmniLog\CL3\DATA_2024\08\_NRRL 5592_Aspergillus oryzae__1_30_CL3_769_8#19#2024_A_18A_23.OKA","8/19/2024 7:16:29 PM","18-A","PM01","","NRRL 5592","Aspergillus oryzae","",15.5000,"15.2085","58.3784","14.2468","11.0000","11.0000","11.0000","11.0000","11.0000","14.3692","11.0000","16.0595","19.5837","11.0000","12.1806","11.9478","11.9436","11.0000","11.0000","11.0000","81.1895","11.0000","11.0000","17.9458","17.7416","17.2642","11.0000","16.7310","76.2027","11.0000","11.0000","11.0000","11.0000","11.0000","11.0000","11.7914","25.9821","23.3355","11.0000","11.0000","11.0000","11.0000","11.0000","11.0000","11.0000","11.0000","11.0968","11.0000","14.3953","16.0148","11.0000","11.0000","11.0000","18.5028","11.0000","11.0000","11.0000","11.0000","11.0000","11.0000","16.4958","17.7993","12.1897","17.8797","11.0000","12.8446","20.6342","11.0000","11.0000","13.9170","11.0000","13.8323","28.3952","25.0130","17.1785","11.0000","20.9093","11.0000","13.4894","11.0000","20.3593","18.1865","18.2509","25.8233","15.7161","29.4441","21.2873","13.6348","12.2745","29.3059","105.6367","16.0145","19.7373","25.1145","20.5296","11.0000","36.3224"
"C:\Users\cfg364\Sommerlab Dropbox\Casper van der Luijt\Casper\Data\BioLog\OmniLog\CL3\DATA_2024\08\_NRRL 5592_Aspergillus oryzae__1_30_CL3_769_8#19#2024_A_18A_23.OKA","8/19/2024 7:16:29 PM","18-A","PM01","","NRRL 5592","Aspergillus oryzae","",15.7500,"17.8663","60.0529","15.8257","11.0000","11.0000","11.0000","11.0000","11.0000","15.4104","11.0000","20.4039","25.0272","11.0000","11.0000","11.0000","11.0000","11.0000","11.0000","11.0000","86.5507","11.0000","12.6374","17.2880","15.9993","16.9180","11.0000","13.6617","75.8752","11.0000","11.0000","11.0000","11.0000","11.0000","11.0000","12.1401","25.9978","28.2334","11.0000","11.0000","11.0000","11.0000","11.0000","11.0000","11.0000","11.0000","11.0000","12.4726","17.6873","20.0001","11.0000","11.0000","11.0000","20.0133","11.0000","11.0000","11.0000","11.4080","11.0000","11.0000","20.1312","18.2075","12.8427","12.2752","11.0000","11.0308","17.1331","11.0000","11.0000","14.3810","11.0000","15.4909","30.7660","26.5775","22.1590","11.0000","18.1431","11.0000","11.0000","11.0000","24.3080","20.5527","13.2329","22.2514","21.4392","32.4640","21.7919","22.0905","13.2956","27.3784","109.7487","13.9907","17.7250","29.2087","19.8842","11.4599","41.2727"
"C:\Users\cfg364\Sommerlab Dropbox\Casper van der Luijt\Casper\Data\BioLog\OmniLog\CL3\DATA_2024\08\_NRRL 5592_Aspergillus oryzae__1_30_CL3_769_8#19#2024_A_18A_23.OKA","8/19/2024 7:16:29 PM","18-A","PM01","","NRRL 5592","Aspergillus oryzae","",16.0000,"15.3760","64.5460","14.2250","11.0000","11.0000","11.0000","11.0000","11.0000","11.0000","11.0000","16.5433","22.1965","11.0000","12.4311","11.4889","11.0000","11.0000","11.0000","11.0000","81.3446","11.0000","11.0000","19.8336","18.2597","12.4349","11.0000","15.8687","79.1546","11.0000","11.0000","11.0000","11.0000","11.0000","11.0000","11.0000","28.9770","25.7156","11.0000","11.0000","11.0000","11.0000","11.0000","11.0000","11.0000","11.0000","11.0000","11.3213","17.6465","17.7865","11.0000","11.0000","11.0000","18.0307","11.0000","11.0000","11.0000","11.0000","11.0000","11.0000","17.3828","18.2668","11.0000","16.4762","11.0000","11.0000","16.8146","11.0000","11.0000","16.9828","11.0000","12.4503","29.3775","27.1526","17.3284","14.6681","18.3872","11.0000","12.4488","14.3970","19.0159","19.6168","16.9305","26.4312","22.2217","32.2183","25.9912","19.2038","18.5793","26.7626","111.2888","15.3275","16.1439","27.4204","19.1384","11.4940","39.9882"
"C:\Users\cfg364\Sommerlab Dropbox\Casper van der Luijt\Casper\Data\BioLog\OmniLog\CL3\DATA_2024\08\_NRRL 5592_Aspergillus oryzae__1_30_CL3_769_8#19#2024_A_18A_23.OKA","8/19/2024 7:16:29 PM","18-A","PM01","","NRRL 5592","Aspergillus oryzae","",16.2500,"20.7074","61.3651","11.0000","11.0000","11.0000","11.0000","11.0000","11.0000","11.0000","11.0000","16.1632","22.1965","11.0000","11.0000","11.0000","11.0000","11.0000","11.0000","11.0000","84.8760","11.0000","11.0000","17.6411","18.7519","13.9919","11.0000","14.8405","75.2898","11.0000","11.0000","11.0000","11.0000","11.0000","11.0000","11.0000","27.9851","27.8308","11.0000","11.0000","11.0000","11.0000","11.0000","11.0000","11.0000","11.0000","11.0000","11.0000","14.3700","17.8479","11.0000","11.0000","11.0000","16.7496","11.0000","11.0000","11.0000","11.0000","11.0000","11.0000","19.7125","17.2243","12.9841","18.6177","11.0000","11.0000","17.1289","11.0000","11.0000","12.9734","11.0000","12.4503","27.4731","26.7910","17.2963","13.5395","18.0414","11.0000","13.3307","14.7779","16.3971","16.8403","16.8983","24.8238","15.3011","31.5241","24.9918","17.5119","13.2274","27.7865","113.0539","11.0000","16.6938","26.4064","20.0244","11.0000","39.3803"
"C:\Users\cfg364\Sommerlab Dropbox\Casper van der Luijt\Casper\Data\BioLog\OmniLog\CL3\DATA_2024\08\_NRRL 5592_Aspergillus oryzae__1_30_CL3_769_8#19#2024_A_18A_23.OKA","8/19/2024 7:16:29 PM","18-A","PM01","","NRRL 5592","Aspergillus oryzae","",16.5000,"18.3100","64.4717","13.6998","11.0000","11.0000","11.0000","11.0000","11.9103","14.9899","11.0000","15.1161","20.6371","11.0000","13.3694","11.0000","11.0000","11.0000","11.0000","11.0000","85.5470","11.0000","11.0000","14.6721","19.4073","20.0040","11.0000","15.4982","79.2103","11.0000","11.0000","11.1264","11.0000","11.0000","11.0000","12.5488","26.6741","24.3211","11.0000","11.0000","11.0000","11.0000","11.0000","11.0000","11.0000","11.0000","11.0000","11.0000","21.7481","17.3079","11.0000","11.0000","14.7049","19.0307","11.0000","11.0000","11.0000","11.0000","11.0000","11.0000","19.1890","15.6182","14.4591","20.7515","11.0000","11.0000","18.4490","11.0000","11.0000","16.2647","11.0000","13.0799","27.7253","27.3047","18.7993","11.4722","18.2241","11.0000","14.0976","15.7756","14.5497","16.3113","19.6472","27.4946","19.3918","33.8394","21.0644","18.7470","16.2290","25.7994","111.0584","14.1079","18.5321","29.0343","21.5294","17.1825","37.0270"
"C:\Users\cfg364\Sommerlab Dropbox\Casper van der Luijt\Casper\Data\BioLog\OmniLog\CL3\DATA_2024\08\_NRRL 5592_Aspergillus oryzae__1_30_CL3_769_8#19#2024_A_18A_23.OKA","8/19/2024 7:16:29 PM","18-A","PM01","","NRRL 5592","Aspergillus oryzae","",16.7500,"17.3230","68.4914","13.6691","11.0000","11.2838","11.0000","11.0000","11.7848","12.7555","11.0000","18.8522","19.1089","11.0000","12.1535","11.3349","11.0000","11.0000","11.0000","11.0000","85.6732","11.0000","11.0000","16.4282","18.0473","22.0888","11.0000","14.5623","78.8721","11.0000","11.0000","11.5057","11.0000","11.0000","11.5996","13.4022","26.1154","24.7762","11.0000","11.0000","11.0000","11.0000","11.0000","11.0000","11.0000","11.0000","11.0000","11.7740","20.5954","18.0156","11.0000","11.0000","14.6107","19.3119","11.0000","11.0000","11.0000","11.0000","11.0000","11.0000","20.3042","19.1660","13.5554","21.1489","11.0000","11.0000","17.7010","11.0000","11.0000","15.9513","11.0000","12.5442","26.5488","28.3237","20.6364","11.2519","20.0066","11.0000","12.1063","11.6686","15.9567","16.6633","17.6863","26.8193","16.2489","35.8281","19.4918","18.0456","13.1658","25.3623","111.8914","16.3416","20.1485","31.1945","20.5811","16.8246","37.8935"
"C:\Users\cfg364\Sommerlab Dropbox\Casper van der Luijt\Casper\Data\BioLog\OmniLog\CL3\DATA_2024\08\_NRRL 5592_Aspergillus oryzae__1_30_CL3_769_8#19#2024_A_18A_23.OKA","8/19/2024 7:16:29 PM","18-A","PM01","","NRRL 5592","Aspergillus oryzae","",17.0000,"16.8890","68.3581","15.5752","11.0000","14.5619","11.0000","11.0000","11.7579","11.9343","11.0000","22.9741","25.1242","11.0000","16.5352","11.0000","11.0000","11.0000","11.0000","11.0000","87.5814","11.0000","11.2219","14.2678","19.3890","19.8176","11.0000","12.5993","79.2331","11.0000","11.0000","11.0000","11.0000","16.0101","11.0000","15.6506","27.9566","25.3462","11.0000","11.0000","11.0000","11.0000","11.0000","11.0000","11.0000","11.0000","12.0292","12.1913","23.1996","23.9974","12.6419","13.8470","12.8309","19.9881","11.0000","11.0000","11.0000","12.3826","11.2238","11.0000","16.4189","22.6919","12.2255","19.3707","11.0000","11.6765","15.9841","11.0000","11.0000","12.2587","11.0000","12.7685","26.9975","28.1264","20.0002","11.0000","19.5975","11.0000","15.4501","13.3549","18.6910","16.0117","18.2394","28.1412","18.5461","31.8736","23.8248","19.7802","17.3123","27.0413","114.6070","16.0492","20.2448","34.3856","24.6730","12.7370","42.7483"
"C:\Users\cfg364\Sommerlab Dropbox\Casper van der Luijt\Casper\Data\BioLog\OmniLog\CL3\DATA_2024\08\_NRRL 5592_Aspergillus oryzae__1_30_CL3_769_8#19#2024_A_18A_23.OKA","8/19/2024 7:16:29 PM","18-A","PM01","","NRRL 5592","Aspergillus oryzae","",17.2500,"19.6855","73.1281","14.8382","11.0000","11.0000","11.0000","11.0000","11.4418","11.0000","11.0000","18.6859","24.7137","11.0000","13.4013","11.0000","11.0000","11.0000","11.0000","11.0000","86.7006","11.0000","11.0000","12.7396","18.3409","19.1614","11.0000","11.0000","80.2978","11.0000","11.0000","11.0000","11.0000","11.5398","11.0000","11.4409","25.1470","26.0103","12.2783","11.0000","11.0000","11.0000","11.0000","11.0000","11.0000","11.0000","11.0000","12.4159","18.9668","17.1416","11.0000","11.0000","12.4804","17.4738","11.0000","11.0000","11.0000","11.0000","12.8261","11.0000","18.4337","17.3524","11.0000","14.3078","11.0000","11.0000","14.7619","11.0000","11.0000","14.1111","11.0000","12.7357","22.5555","27.5600","23.2020","11.9429","18.2109","11.0000","11.0000","13.4528","16.5112","14.9986","20.0906","22.9750","18.7279","37.8980","20.1976","16.6294","15.8566","22.3283","111.4994","16.4743","19.1570","30.0795","22.4431","12.9345","37.0577"
"C:\Users\cfg364\Sommerlab Dropbox\Casper van der Luijt\Casper\Data\BioLog\OmniLog\CL3\DATA_2024\08\_NRRL 5592_Aspergillus oryzae__1_30_CL3_769_8#19#2024_A_18A_23.OKA","8/19/2024 7:16:29 PM","18-A","PM01","","NRRL 5592","Aspergillus oryzae","",17.5000,"17.6946","73.6642","17.1966","11.0000","11.0000","11.0000","11.0000","11.0000","11.0000","11.0000","17.2914","28.5232","11.0000","12.4038","11.5173","11.0000","11.0000","11.0000","11.0000","88.8935","12.0336","11.0000","14.6790","19.9743","20.2825","11.0000","15.8101","86.4716","11.0000","11.0000","11.0000","11.0000","13.3727","13.3120","11.0000","27.2878","25.1112","11.0000","11.0000","11.0000","11.0000","11.0000","11.0000","11.0000","11.0000","11.0000","11.0000","23.9632","18.8647","11.0000","11.0000","13.2315","16.8876","11.0000","11.0000","11.0000","11.0000","13.5422","11.0000","21.0482","21.9605","11.0000","15.9024","11.0000","11.0615","17.7223","11.0000","11.0000","12.6384","11.0000","13.6066","24.5506","25.1283","22.0125","11.9137","15.7929","11.0000","14.9014","11.6380","14.6434","14.9346","17.3294","22.3247","23.1208","32.2801","23.1947","13.8639","16.7524","26.0555","112.2833","13.1318","18.2807","28.1975","22.7185","12.9023","32.6396"
"C:\Users\cfg364\Sommerlab Dropbox\Casper van der Luijt\Casper\Data\BioLog\OmniLog\CL3\DATA_2024\08\_NRRL 5592_Aspergillus oryzae__1_30_CL3_769_8#19#2024_A_18A_23.OKA","8/19/2024 7:16:29 PM","18-A","PM01","","NRRL 5592","Aspergillus oryzae","",17.7500,"15.0373","75.0146","17.7301","11.0000","11.0000","11.0000","11.0000","11.0000","11.0000","11.0000","19.3526","23.3234","11.0000","21.2980","11.0000","14.6296","11.0000","11.0000","11.0000","90.9511","11.0000","11.0000","13.1244","20.5572","18.7284","11.0000","12.6821","87.4169","11.0000","11.0000","11.0000","11.0000","11.6374","11.7607","18.6251","23.2441","27.5911","11.0000","11.0000","11.0000","11.0000","11.0000","11.0000","11.0000","11.0000","11.0000","16.4442","22.2168","16.4898","11.0000","11.0000","14.8945","16.3738","11.0000","11.0000","11.0000","11.0000","11.0000","11.0000","18.1665","22.2325","13.7835","11.0000","11.0000","11.0000","15.1774","11.0000","11.0000","11.8509","11.0000","15.9502","22.1036","27.7906","18.4162","11.0000","15.0614","11.0000","13.2502","13.5518","13.0203","13.4565","19.5361","19.0433","21.0178","31.9582","21.9472","18.7498","15.5190","24.9120","115.9782","15.8050","18.6240","28.1440","21.7487","12.9783","36.2130"
"C:\Users\cfg364\Sommerlab Dropbox\Casper van der Luijt\Casper\Data\BioLog\OmniLog\CL3\DATA_2024\08\_NRRL 5592_Aspergillus oryzae__1_30_CL3_769_8#19#2024_A_18A_23.OKA","8/19/2024 7:16:29 PM","18-A","PM01","","NRRL 5592","Aspergillus oryzae","",18.0000,"19.1939","78.8524","16.4003","11.0000","11.0000","11.0000","11.0000","13.1742","11.0000","11.0000","20.7901","25.4026","11.0000","12.9091","12.0357","12.6241","11.0000","11.0000","11.0000","90.8515","11.0000","11.0000","12.3534","21.3899","22.6637","11.0000","12.5668","90.5270","11.0000","11.0000","11.0000","11.0000","15.6581","11.0000","11.0000","24.9987","27.6803","11.0000","12.3067","11.0000","11.0000","11.0000","11.0000","11.0000","11.0000","11.0000","15.4230","21.0249","19.3605","11.0000","11.0000","14.2329","15.2058","11.0000","11.0000","11.0000","11.2831","16.1608","11.0000","19.9370","22.5781","13.0698","16.3770","11.0000","11.0000","15.9549","11.0000","11.0000","11.4419","11.0000","15.8879","27.8989","27.7465","20.3790","11.0000","12.1083","11.0000","11.0000","12.9095","14.9752","14.6185","16.8612","20.1981","19.1824","29.9627","25.8542","15.6401","19.5986","24.8522","117.4257","16.4421","18.2451","30.0774","24.0830","12.5841","39.7010"
"C:\Users\cfg364\Sommerlab Dropbox\Casper van der Luijt\Casper\Data\BioLog\OmniLog\CL3\DATA_2024\08\_NRRL 5592_Aspergillus oryzae__1_30_CL3_769_8#19#2024_A_18A_23.OKA","8/19/2024 7:16:29 PM","18-A","PM01","","NRRL 5592","Aspergillus oryzae","",18.2500,"17.2568","78.5816","18.5324","13.3701","12.2522","11.0000","11.0000","11.0000","12.4038","11.0000","21.1693","25.4236","11.3338","13.0046","11.0000","11.0000","11.0000","11.0000","11.0000","92.0953","11.0000","11.0000","12.5676","21.8564","25.4206","11.0000","12.9909","83.4204","11.0000","11.0000","11.0000","11.0000","13.8701","11.0000","11.0000","23.8318","26.5819","11.0000","11.0000","11.0000","11.0000","11.0000","11.0000","11.0000","11.0000","11.0000","14.1906","22.6485","15.9304","11.0000","11.0000","15.7257","14.6365","11.0000","11.0000","11.0000","11.0000","12.8868","11.0000","22.4977","20.3464","11.7181","12.7286","11.0000","11.0000","16.7764","11.0000","11.0000","13.9514","11.0000","15.3047","24.1721","26.1266","19.3315","11.0000","16.0108","13.1496","15.2525","14.1213","13.6266","14.5137","18.9944","24.7097","21.7366","31.8082","25.4581","17.5914","15.6414","27.4550","114.6734","12.9034","19.8238","29.8511","25.6248","12.7080","36.9154"
"C:\Users\cfg364\Sommerlab Dropbox\Casper van der Luijt\Casper\Data\BioLog\OmniLog\CL3\DATA_2024\08\_NRRL 5592_Aspergillus oryzae__1_30_CL3_769_8#19#2024_A_18A_23.OKA","8/19/2024 7:16:29 PM","18-A","PM01","","NRRL 5592","Aspergillus oryzae","",18.5000,"16.9807","78.5422","18.9485","11.0000","11.0000","11.0000","11.0000","11.0000","11.0000","11.0000","22.6915","25.3498","11.0000","14.7707","11.4244","11.5217","11.0000","11.0000","11.0000","94.0756","11.0000","11.0000","12.5021","20.6598","19.9684","11.0000","13.8792","88.0077","11.0000","11.6849","11.0000","11.0000","22.2258","12.4206","11.0000","20.8541","24.7959","13.2786","11.0000","11.0000","11.0000","11.0000","11.0000","11.0000","11.0000","11.0000","15.1184","21.9437","20.4848","11.0000","11.0000","14.7471","11.9063","11.0000","11.0000","11.0000","12.8886","11.0000","11.0000","21.8649","24.4455","11.0000","15.4591","11.0000","11.0000","15.4919","11.0000","11.0000","12.9148","11.0000","13.7138","24.3826","27.1316","15.9359","14.0709","13.2222","11.0000","16.2217","13.8703","15.4248","11.9624","16.9180","20.0281","19.8427","32.0123","24.2715","17.6999","15.5752","30.2322","116.5761","15.3206","17.4970","28.6440","29.0548","11.0000","34.5005"
"C:\Users\cfg364\Sommerlab Dropbox\Casper van der Luijt\Casper\Data\BioLog\OmniLog\CL3\DATA_2024\08\_NRRL 5592_Aspergillus oryzae__1_30_CL3_769_8#19#2024_A_18A_23.OKA","8/19/2024 7:16:29 PM","18-A","PM01","","NRRL 5592","Aspergillus oryzae","",18.7500,"19.7183","81.2348","20.5904","11.0000","11.0000","11.0000","11.0000","15.3506","11.0000","13.3885","25.9266","27.8140","12.0669","16.4984","16.1478","13.2298","11.0000","11.0000","11.0000","96.7810","11.0000","11.0000","14.8877","22.5920","23.9963","11.0000","14.7742","93.9523","11.0000","11.0000","12.2665","11.0626","16.5506","12.1113","12.9269","23.6653","25.9708","11.0000","11.9067","11.2792","11.0000","11.0000","11.0000","11.0000","11.0000","11.1609","14.2337","23.7116","21.9943","11.0000","13.1172","13.9097","16.1040","11.0000","11.0000","11.0000","14.6806","16.3237","11.0000","18.5315","25.7139","13.6190","11.0000","11.0000","11.0000","14.5482","11.0000","11.0000","15.0700","15.9647","16.6223","28.0126","27.4053","18.2323","13.1474","13.5442","13.5438","13.7854","19.8627","11.0000","14.6125","23.2169","21.3580","19.7000","31.6372","24.7681","19.5545","21.0240","30.8207","122.0478","15.6947","26.5913","32.0564","30.3861","13.7007","39.8326"
"C:\Users\cfg364\Sommerlab Dropbox\Casper van der Luijt\Casper\Data\BioLog\OmniLog\CL3\DATA_2024\08\_NRRL 5592_Aspergillus oryzae__1_30_CL3_769_8#19#2024_A_18A_23.OKA","8/19/2024 7:16:29 PM","18-A","PM01","","NRRL 5592","Aspergillus oryzae","",19.0000,"18.6053","84.4514","19.4908","13.2270","11.0000","11.0000","11.0000","11.4729","11.0000","11.0955","26.2101","28.3067","11.0000","17.5606","14.9366","14.6959","11.0000","11.0000","11.0000","102.9532","11.0000","12.2950","15.5250","24.0064","24.0266","11.0000","11.6341","97.0577","11.0000","11.3131","11.3166","11.0000","16.8057","11.6033","16.6545","24.8138","26.1223","11.0000","11.6951","11.0000","12.3014","11.0932","11.0000","11.0000","11.0000","11.0000","15.4948","26.0678","21.7793","11.0000","11.8591","14.2259","15.6060","11.0000","11.0000","11.0000","16.8827","12.8171","11.0000","20.4224","25.5923","12.1848","11.0617","11.0000","11.0000","14.7971","12.7058","11.0000","15.9466","14.8094","17.8158","27.7601","31.8987","17.5573","12.8632","14.0467","12.5324","14.8616","16.7924","14.2881","16.8504","23.2169","20.6158","21.4529","33.3015","27.5155","17.1195","19.2605","31.6569","121.6029","17.6240","26.1431","33.1629","28.2754","12.4821","38.1933"
"C:\Users\cfg364\Sommerlab Dropbox\Casper van der Luijt\Casper\Data\BioLog\OmniLog\CL3\DATA_2024\08\_NRRL 5592_Aspergillus oryzae__1_30_CL3_769_8#19#2024_A_18A_23.OKA","8/19/2024 7:16:29 PM","18-A","PM01","","NRRL 5592","Aspergillus oryzae","",19.2500,"17.7642","83.2742","23.0924","11.3961","11.0000","11.0000","11.0000","14.4663","11.0000","11.0000","25.8819","24.1100","12.6405","15.5931","11.8255","12.9625","11.0000","11.0000","11.0000","101.2577","11.0000","11.0000","13.6822","22.2426","21.3058","11.0000","11.6038","97.3976","11.0000","11.7830","11.0000","11.0000","20.8072","13.4991","11.5696","22.9170","22.0421","11.0000","11.0000","11.0000","11.0000","11.0000","11.0000","11.0000","11.0000","11.0000","16.3540","19.9881","20.8101","11.8883","12.5049","15.7966","14.2018","11.0000","11.0000","11.0000","11.0000","12.6670","11.0000","20.3084","24.8835","11.0000","11.3698","11.0000","11.0000","13.9899","14.6225","11.0000","16.5317","14.0774","19.0189","22.9423","30.4480","20.1453","11.0000","15.8150","11.0000","16.8910","11.0000","12.4327","11.0000","20.4816","17.0668","20.8680","31.1271","20.8306","21.1319","20.8644","28.3311","116.6065","14.0025","21.9255","32.2304","25.3663","13.8274","36.9346"
"C:\Users\cfg364\Sommerlab Dropbox\Casper van der Luijt\Casper\Data\BioLog\OmniLog\CL3\DATA_2024\08\_NRRL 5592_Aspergillus oryzae__1_30_CL3_769_8#19#2024_A_18A_23.OKA","8/19/2024 7:16:29 PM","18-A","PM01","","NRRL 5592","Aspergillus oryzae","",19.5000,"16.7508","90.9012","21.2815","12.7069","11.0000","11.0000","11.0000","14.6180","11.0000","11.0000","25.2476","25.1119","11.5803","19.4715","14.4617","14.2158","11.0000","11.0000","11.0000","105.5772","11.0000","15.0195","16.8254","22.6329","24.9453","11.0000","11.0000","98.3895","11.0000","11.0000","14.1308","11.0000","26.7174","18.3575","12.5770","21.6390","25.8985","11.0000","11.0000","11.0000","11.7279","11.0000","11.0000","11.0000","11.0000","11.0000","20.0097","22.5669","24.0543","11.0000","14.2410","17.1553","11.3729","11.0000","11.0000","11.0000","12.0756","11.0000","11.0000","27.0676","24.3147","11.0000","12.5718","11.0000","11.0000","15.3961","11.0000","11.0000","13.8317","11.7879","18.5893","25.3134","29.8356","20.8533","15.2841","15.4579","11.0000","13.4279","13.8329","15.4207","13.8002","24.0382","22.6377","22.4917","38.8443","22.5263","22.7358","18.0473","27.3055","118.5514","13.4971","19.2048","36.4695","27.4239","13.0703","38.8683"
"C:\Users\cfg364\Sommerlab Dropbox\Casper van der Luijt\Casper\Data\BioLog\OmniLog\CL3\DATA_2024\08\_NRRL 5592_Aspergillus oryzae__1_30_CL3_769_8#19#2024_A_18A_23.OKA","8/19/2024 7:16:29 PM","18-A","PM01","","NRRL 5592","Aspergillus oryzae","",19.7500,"19.9682","89.8750","22.0346","11.3057","11.0000","11.0000","11.0000","14.7239","11.0000","11.0000","27.0401","25.4015","11.0000","17.7967","12.8604","11.5836","11.0000","11.0000","11.0000","108.3735","11.0000","12.7018","14.9245","25.4240","21.7133","11.0000","11.9345","101.6552","11.0000","13.8071","12.9937","11.0000","21.3402","16.9970","15.3863","25.9220","25.4866","11.0000","11.7309","11.0000","11.0000","11.0000","11.0000","11.0000","11.0000","11.0000","23.4915","26.3842","21.0015","11.0000","11.5526","15.9062","17.7071","11.0000","11.0000","11.0000","19.3192","13.3413","11.0000","24.4582","23.7181","12.8477","12.3812","11.0000","12.6539","15.6618","11.0000","11.0000","13.2616","14.0808","17.1749","24.9297","32.1374","19.5543","12.0457","14.6520","11.0000","13.9760","11.0000","13.1074","14.8657","23.4428","20.3942","24.4367","32.0327","26.7453","20.7046","23.3993","28.1913","117.2178","14.8239","19.8279","31.4110","23.0215","21.3619","41.2589"
"C:\Users\cfg364\Sommerlab Dropbox\Casper van der Luijt\Casper\Data\BioLog\OmniLog\CL3\DATA_2024\08\_NRRL 5592_Aspergillus oryzae__1_30_CL3_769_8#19#2024_A_18A_23.OKA","8/19/2024 7:16:29 PM","18-A","PM01","","NRRL 5592","Aspergillus oryzae","",20.0000,"17.5870","92.9688","22.2486","11.0000","11.0000","11.0000","11.0000","13.9034","11.0000","11.0000","28.5241","25.8379","11.0000","18.6111","13.1959","13.1502","11.0000","11.0000","11.0000","109.8555","11.0000","12.5757","15.5946","23.4864","21.3785","11.0000","11.0000","104.2007","11.0000","12.7155","12.4873","11.0000","21.3402","16.4289","11.0000","23.8872","26.3920","11.0000","11.6091","11.0000","11.0000","11.0000","11.0000","11.0000","11.0000","11.0000","18.9520","24.0626","18.8098","11.0000","11.6140","14.9882","13.9499","11.0000","11.0000","11.0000","16.9961","15.1374","11.0000","21.2130","25.3424","11.0000","11.0000","11.0000","13.3890","12.6161","11.0000","11.0000","11.0000","13.2006","20.3407","23.1846","31.3868","18.0222","12.6161","15.4011","11.4627","15.5273","11.0000","12.2134","15.4727","22.9004","20.9107","20.8837","34.8391","23.2981","18.5410","20.0990","29.0665","120.0859","15.7879","17.7260","32.4904","26.5822","22.2714","39.4037"
"C:\Users\cfg364\Sommerlab Dropbox\Casper van der Luijt\Casper\Data\BioLog\OmniLog\CL3\DATA_2024\08\_NRRL 5592_Aspergillus oryzae__1_30_CL3_769_8#19#2024_A_18A_23.OKA","8/19/2024 7:16:29 PM","18-A","PM01","","NRRL 5592","Aspergillus oryzae","",20.2500,"19.5859","97.4459","25.9096","11.0000","11.0000","11.0000","11.0000","15.6527","11.0000","11.0000","27.3291","27.9590","11.6408","25.7386","14.7764","15.6818","11.0000","11.0000","11.0000","113.2875","12.1304","11.0000","13.5641","25.1134","26.6066","11.0000","13.8803","106.2713","11.0000","14.3415","17.9517","13.2685","28.1552","16.0796","16.6729","26.7968","26.2347","11.0000","11.0000","12.6067","11.0000","12.2086","11.0000","11.0000","11.0000","11.0000","22.0080","25.3401","25.5540","11.0000","13.3870","18.3477","14.8314","11.0000","11.0000","11.0000","17.1927","16.7799","11.0000","19.4994","27.7967","11.8419","12.4754","11.9444","11.0000","14.4297","11.0000","11.0000","13.0735","11.0000","19.2209","28.8339","34.7464","21.6665","17.1416","11.4390","13.4323","21.5465","19.3544","15.5253","12.9882","19.2424","18.1050","24.2168","33.0207","24.4401","16.7186","21.1904","31.1171","121.0117","16.9896","22.4296","32.4396","27.6975","17.8548","40.7487"
"C:\Users\cfg364\Sommerlab Dropbox\Casper van der Luijt\Casper\Data\BioLog\OmniLog\CL3\DATA_2024\08\_NRRL 5592_Aspergillus oryzae__1_30_CL3_769_8#19#2024_A_18A_23.OKA","8/19/2024 7:16:29 PM","18-A","PM01","","NRRL 5592","Aspergillus oryzae","",20.5000,"18.6284","99.2146","26.0011","13.8811","11.0000","11.0000","11.0000","16.9731","11.0000","11.3512","28.1218","26.7166","15.3025","21.8600","15.3855","13.2338","12.8749","11.0000","11.0000","116.9911","11.0000","11.8243","16.1282","25.1134","24.2822","11.0000","12.4102","106.4559","11.0000","14.2479","18.5204","13.7726","26.6730","18.3971","16.1088","26.3331","25.9022","11.0000","11.0000","11.0000","11.0000","14.4709","11.0000","11.0000","11.0000","11.0000","24.4864","26.8268","24.7284","11.0000","13.8154","19.1676","13.3673","11.0000","11.0000","11.0000","19.1102","20.4522","11.0000","17.0618","28.7096","13.2450","14.9651","11.0000","11.0000","11.0000","11.0000","11.0000","13.8589","11.0000","18.5910","26.8982","33.1232","20.9959","15.9763","12.5680","13.0012","19.2552","17.7150","14.7924","12.9241","21.5928","21.2844","23.3464","36.3389","24.7207","20.9996","22.7961","34.7437","121.6534","13.6872","22.3325","34.1717","27.4683","16.4445","38.6032"
"C:\Users\cfg364\Sommerlab Dropbox\Casper van der Luijt\Casper\Data\BioLog\OmniLog\CL3\DATA_2024\08\_NRRL 5592_Aspergillus oryzae__1_30_CL3_769_8#19#2024_A_18A_23.OKA","8/19/2024 7:16:29 PM","18-A","PM01","","NRRL 5592","Aspergillus oryzae","",20.7500,"19.6785","99.9282","27.3731","13.2988","11.0000","11.0000","11.0000","18.7964","11.0000","12.3408","28.3754","27.2757","12.1290","25.6766","18.2483","15.4064","11.0000","11.0000","11.0000","115.3904","14.1714","11.0000","18.2756","23.5760","25.4897","11.0000","14.0004","110.1769","11.0000","16.6525","17.9201","15.2220","27.9344","18.4288","14.7924","26.2713","22.7585","11.0000","11.0000","13.0084","11.2539","12.1466","11.0000","11.0000","11.0000","11.0000","25.0658","27.4772","30.0486","11.0000","12.7443","18.7261","12.8067","11.0000","11.0000","11.0000","19.4560","19.3665","11.0315","18.2485","28.4662","13.0268","12.6598","11.0000","11.3707","13.8996","11.0000","11.0000","12.4766","11.0000","19.6934","26.3270","32.7024","18.0897","14.9684","13.6029","13.5862","18.5960","19.1652","14.7286","16.1950","19.1136","19.8893","21.9603","35.0116","27.7144","21.0635","21.9006","34.2788","125.0220","13.5577","21.1345","34.4005","27.2064","17.0349","38.9875"
"C:\Users\cfg364\Sommerlab Dropbox\Casper van der Luijt\Casper\Data\BioLog\OmniLog\CL3\DATA_2024\08\_NRRL 5592_Aspergillus oryzae__1_30_CL3_769_8#19#2024_A_18A_23.OKA","8/19/2024 7:16:29 PM","18-A","PM01","","NRRL 5592","Aspergillus oryzae","",21.0000,"22.0546","101.9603","25.4104","13.3021","11.0000","11.0000","11.0000","19.8174","11.0000","11.0000","32.1981","27.4081","11.4288","26.4843","16.0733","18.6062","11.0000","11.0000","11.0000","113.7091","11.0000","11.0000","15.4291","22.3337","22.5029","11.0000","12.3272","112.1509","11.0000","14.0106","15.9352","16.1964","26.3165","18.5927","13.2549","23.7733","24.4578","11.0000","11.0000","11.0000","14.0110","12.3719","11.4448","11.0000","11.0000","11.0000","27.6136","26.5499","23.5994","11.0000","12.3505","20.6814","15.1630","12.8517","11.0000","11.0000","15.7714","23.2888","11.0000","24.2190","27.5437","11.1877","17.2576","11.0000","12.7436","14.6957","11.0000","11.0000","12.6369","15.0953","20.8275","23.3170","33.3859","19.2215","12.5202","11.0000","12.7017","18.6506","15.6648","14.6133","15.9627","23.2747","19.5135","24.9037","38.9720","22.6280","22.8692","16.7003","28.8213","124.6376","19.1571","22.6244","33.3719","28.3862","19.3877","37.2243"
"C:\Users\cfg364\Sommerlab Dropbox\Casper van der Luijt\Casper\Data\BioLog\OmniLog\CL3\DATA_2024\08\_NRRL 5592_Aspergillus oryzae__1_30_CL3_769_8#19#2024_A_18A_23.OKA","8/19/2024 7:16:29 PM","18-A","PM01","","NRRL 5592","Aspergillus oryzae","",21.2500,"18.4007","102.5514","24.9821","15.3587","11.0000","11.0000","11.0000","16.0070","11.0000","12.0235","33.6134","31.3398","15.9924","27.2570","18.1694","17.5676","11.0000","11.0000","11.0000","119.7972","11.0000","12.3938","12.4443","23.6379","23.4159","11.0000","11.3921","112.5822","11.0000","13.8538","16.4446","15.2201","29.4755","24.0341","14.6523","26.2907","24.9743","11.0000","12.7310","12.1760","12.4580","11.0000","12.1756","11.1572","11.0000","11.0000","30.6402","23.5082","24.6135","11.0000","16.2177","17.3593","16.3436","11.7715","11.0000","11.0000","16.5297","21.6290","11.0000","24.8515","27.7884","13.2841","16.8608","11.0000","15.6495","14.1988","11.8889","11.0000","12.5740","14.7803","21.7380","26.1888","32.7222","21.0379","14.2305","15.0020","11.2166","22.7120","20.0439","14.6133","15.9947","24.8772","24.6088","22.4463","37.3461","22.9414","20.0371","16.9806","27.8866","130.0306","18.5173","22.0754","36.0289","33.5075","21.6397","37.5445"
"C:\Users\cfg364\Sommerlab Dropbox\Casper van der Luijt\Casper\Data\BioLog\OmniLog\CL3\DATA_2024\08\_NRRL 5592_Aspergillus oryzae__1_30_CL3_769_8#19#2024_A_18A_23.OKA","8/19/2024 7:16:29 PM","18-A","PM01","","NRRL 5592","Aspergillus oryzae","",21.5000,"18.3698","108.4930","27.2155","12.4120","11.0000","11.0000","11.0000","20.9826","11.0000","11.0000","36.9472","29.8848","13.0521","29.8532","19.5061","20.2863","11.0000","11.0000","11.0000","120.3019","11.0000","12.1087","16.3919","24.8489","22.8681","11.0000","14.5894","111.6271","11.0000","13.3521","20.0744","17.9915","26.0612","22.9901","15.0334","26.2596","23.2427","11.0000","11.6681","11.0000","12.2361","11.0000","11.3177","11.0000","11.0000","11.0000","28.6117","25.5567","24.7979","11.0000","13.2406","18.9096","18.9843","11.0000","11.0000","11.0000","16.5297","23.5122","11.0000","24.9780","26.8098","16.0375","16.0061","11.0000","14.1201","14.1056","11.0000","11.0000","13.5498","11.9766","20.1995","23.7318","31.8171","19.1896","16.2575","11.0000","12.7636","20.3507","19.7266","13.8459","15.5785","24.2682","18.1914","26.4234","37.6472","22.1265","20.9599","18.1332","29.8494","127.6373","18.7732","23.2702","34.3560","30.6370","17.7232","37.9607"
"C:\Users\cfg364\Sommerlab Dropbox\Casper van der Luijt\Casper\Data\BioLog\OmniLog\CL3\DATA_2024\08\_NRRL 5592_Aspergillus oryzae__1_30_CL3_769_8#19#2024_A_18A_23.OKA","8/19/2024 7:16:29 PM","18-A","PM01","","NRRL 5592","Aspergillus oryzae","",21.7500,"21.4973","107.0621","29.9691","17.1083","11.0000","11.0000","11.6980","15.2198","11.0000","12.9190","41.3504","33.2283","13.5115","30.5949","23.6680","18.0564","11.0000","11.0000","11.0000","127.2417","11.9769","13.4391","17.5153","22.4269","25.4852","11.0000","14.8609","117.5427","11.0000","15.6727","18.7371","17.4876","31.5815","23.0217","13.8266","26.4771","22.1794","11.0000","13.6116","12.2998","13.9160","11.0000","12.6204","13.6087","11.0000","11.0000","31.0587","28.1949","23.6302","11.0000","14.0386","16.7582","16.9649","12.0802","11.0000","11.0000","22.5019","24.1825","11.0000","22.4164","26.6263","12.7522","17.2576","11.0000","16.4754","13.5776","11.0000","11.0000","12.8887","16.1034","23.1195","24.1466","32.2998","24.1608","17.0493","14.9705","13.3824","19.4691","19.2506","14.9011","15.6425","23.7875","20.8357","23.7720","38.0085","23.6622","23.2510","17.2921","34.7409","130.2859","22.0041","23.5931","37.7347","30.9958","23.8264","35.7194"
"C:\Users\cfg364\Sommerlab Dropbox\Casper van der Luijt\Casper\Data\BioLog\OmniLog\CL3\DATA_2024\08\_NRRL 5592_Aspergillus oryzae__1_30_CL3_769_8#19#2024_A_18A_23.OKA","8/19/2024 7:16:29 PM","18-A","PM01","","NRRL 5592","Aspergillus oryzae","",22.0000,"21.0170","108.3107","28.9957","14.0979","12.7428","11.5121","13.5275","14.6597","11.0000","12.0255","36.2472","28.5443","15.5362","29.7312","22.0113","16.9423","12.6181","11.2532","12.0115","127.3552","16.9620","11.8549","17.1659","29.1547","25.7388","11.0000","11.0000","119.8599","11.0000","12.5699","20.5819","19.2457","36.6553","26.6669","17.4250","27.6472","24.6029","11.0000","12.6104","13.3561","12.6131","11.0000","11.0000","11.0000","11.0000","11.0000","30.5955","29.5914","30.4308","12.0784","11.8645","20.4220","15.3873","11.0000","11.0000","11.6308","24.0112","26.0457","11.0000","18.7867","29.0336","12.5970","18.3128","11.6317","13.4440","12.0308","11.7624","12.3832","14.3024","13.4985","21.7169","29.0042","32.1027","18.1218","17.1846","14.2054","14.7632","17.8943","18.3539","14.7695","17.6566","21.9322","21.4767","22.7035","41.6555","25.2221","19.6708","19.7534","32.4325","130.5552","19.8394","27.1523","39.9654","34.8073","19.5557","39.9621"
"C:\Users\cfg364\Sommerlab Dropbox\Casper van der Luijt\Casper\Data\BioLog\OmniLog\CL3\DATA_2024\08\_NRRL 5592_Aspergillus oryzae__1_30_CL3_769_8#19#2024_A_18A_23.OKA","8/19/2024 7:16:29 PM","18-A","PM01","","NRRL 5592","Aspergillus oryzae","",22.2500,"20.0307","108.9706","28.6892","14.8341","13.2499","11.0000","14.0014","15.4871","11.0000","11.0000","38.7435","33.8758","17.2410","26.4953","21.4029","18.0450","14.5536","11.0000","11.1580","130.8783","15.0793","12.8997","20.2968","31.1925","26.2544","11.0000","14.8656","120.6605","11.0000","17.5621","21.8828","18.5218","36.7499","26.5719","15.2728","29.0137","23.0544","11.0000","13.9474","11.5890","15.6811","11.0000","12.1468","11.0000","11.0000","11.0000","33.4364","28.2281","30.9510","11.0000","12.9760","19.6973","15.6380","12.0817","11.0000","14.5327","25.2054","24.6662","11.0000","18.7867","26.8904","14.4759","14.3798","11.0000","11.9590","12.2807","11.3812","11.0000","12.5726","16.6296","20.2084","29.2261","32.4033","18.3464","18.3521","11.0314","13.4060","17.0365","14.6292","15.8876","16.0245","19.8360","21.1544","21.5982","43.2184","24.4059","19.7030","25.5478","27.7529","132.3463","17.8070","27.1200","40.0635","35.8762","19.7196","40.9179"
"C:\Users\cfg364\Sommerlab Dropbox\Casper van der Luijt\Casper\Data\BioLog\OmniLog\CL3\DATA_2024\08\_NRRL 5592_Aspergillus oryzae__1_30_CL3_769_8#19#2024_A_18A_23.OKA","8/19/2024 7:16:29 PM","18-A","PM01","","NRRL 5592","Aspergillus oryzae","",22.5000,"24.8389","110.6673","32.4600","17.9934","12.9330","11.0000","15.9286","16.5054","11.0000","11.0000","39.1227","33.0699","15.9624","30.4469","22.9238","19.5766","13.0941","11.0000","11.0000","131.8534","14.0752","11.0000","21.9261","29.0004","26.1937","12.6539","14.5334","125.8957","11.5091","13.1664","24.0086","19.3401","37.1917","25.4009","16.8870","28.8274","24.9369","11.0000","13.4004","14.2862","16.7565","11.0000","11.0000","11.6625","11.0000","11.0000","32.3065","31.2337","29.7882","11.0000","12.6673","21.2729","15.6693","11.0000","11.0000","12.7979","26.0226","24.4096","11.0000","17.4088","29.9215","13.8496","17.5446","11.6001","14.0317","12.9991","11.0000","11.0000","14.8056","14.8585","23.4140","30.6208","35.4996","19.0522","16.7744","14.0797","15.2259","18.1167","15.5524","15.7918","17.7206","22.8674","19.2524","23.2562","39.2211","20.0733","21.1481","22.2499","30.5607","133.8176","18.6780","25.6986","36.8596","37.4309","19.6213","42.5428"
"C:\Users\cfg364\Sommerlab Dropbox\Casper van der Luijt\Casper\Data\BioLog\OmniLog\CL3\DATA_2024\08\_NRRL 5592_Aspergillus oryzae__1_30_CL3_769_8#19#2024_A_18A_23.OKA","8/19/2024 7:16:29 PM","18-A","PM01","","NRRL 5592","Aspergillus oryzae","",22.7500,"19.4020","114.3877","34.7888","19.7247","11.2536","11.0000","16.1829","21.8035","12.3835","14.7955","44.1545","29.4228","13.8536","28.2293","21.4471","18.5259","12.1797","11.0000","11.0000","133.7645","12.7068","15.1957","19.3821","30.0758","27.8706","11.7188","13.6035","124.9084","12.1141","15.1177","25.2847","19.6966","38.9020","28.8547","16.0686","24.5049","24.8007","11.0000","11.0000","12.9618","16.6047","12.3100","12.4619","11.0000","11.5376","11.3247","34.0552","27.9227","31.6572","13.7323","16.2688","21.9661","19.1557","11.3401","11.0000","11.0000","23.1999","27.8266","11.0000","21.9737","31.1989","15.0280","15.4721","11.5352","14.3990","13.5980","12.8469","11.0000","15.1986","15.1002","26.5518","28.7322","35.0168","18.7890","20.0981","16.2489","19.7705","22.3241","14.2798","14.8596","21.6745","23.7907","21.9098","20.8498","40.6997","27.6050","23.8411","24.1654","34.2855","133.5900","16.0626","26.1427","43.0638","30.6708","24.4728","40.5521"
"C:\Users\cfg364\Sommerlab Dropbox\Casper van der Luijt\Casper\Data\BioLog\OmniLog\CL3\DATA_2024\08\_NRRL 5592_Aspergillus oryzae__1_30_CL3_769_8#19#2024_A_18A_23.OKA","8/19/2024 7:16:29 PM","18-A","PM01","","NRRL 5592","Aspergillus oryzae","",23.0000,"22.5334","115.2010","33.3267","19.0818","11.0000","11.0000","17.0046","18.1391","12.9305","11.5468","44.0916","31.8501","15.2037","29.2004","22.2413","17.1186","12.2434","11.0000","11.4101","135.7166","11.0000","16.7100","24.0990","30.6306","26.9031","11.0000","15.4198","122.6062","11.0000","14.1433","25.7271","18.7828","39.7857","29.4246","15.2133","28.6746","24.5277","11.0000","13.0794","11.9965","14.5348","12.7467","13.3835","13.7442","12.3282","11.0000","33.6667","29.4186","32.1461","11.0000","13.6038","21.2413","17.7183","12.1441","11.0000","11.0000","24.7843","25.2577","11.0000","20.5980","29.0054","15.9335","16.3665","11.0944","14.3990","15.1004","11.0000","11.7576","16.8279","15.7941","25.7383","28.4779","31.3961","18.1800","19.6259","15.7460","20.4451","19.8568","15.7764","16.9329","20.9395","23.6292","21.9740","23.1827","36.5823","30.4711","21.5788","24.5671","35.1847","135.6065","15.6407","24.0026","42.1523","32.3073","20.3097","40.5201"
"C:\Users\cfg364\Sommerlab Dropbox\Casper van der Luijt\Casper\Data\BioLog\OmniLog\CL3\DATA_2024\08\_NRRL 5592_Aspergillus oryzae__1_30_CL3_769_8#19#2024_A_18A_23.OKA","8/19/2024 7:16:29 PM","18-A","PM01","","NRRL 5592","Aspergillus oryzae","",23.2500,"20.9212","117.2344","33.9664","20.9798","12.7120","12.1260","17.2258","24.0779","11.0000","14.2165","45.2869","31.2900","15.3264","29.0125","22.6078","18.2506","11.7971","11.0000","13.1767","138.6133","11.0000","16.1106","21.1987","32.0173","26.6612","11.0000","15.1776","124.3558","11.8913","15.4634","26.8648","16.2936","43.4155","28.3166","16.0052","27.1810","23.9817","11.0000","12.4678","11.0000","12.4330","11.8733","12.3666","11.9147","11.2846","11.0000","35.5448","29.0135","33.1851","12.1755","15.9013","22.1237","22.6241","14.6489","11.0000","12.0438","25.8300","27.1522","11.0000","19.7662","32.0824","15.7149","15.3487","12.5111","16.9946","14.5057","12.1463","11.0000","14.5406","15.7625","30.0565","27.4293","36.3443","19.3660","18.0833","17.0346","17.6545","21.6598","15.3942","15.0191","19.1178","20.5930","20.9471","24.8675","40.1548","27.1377","20.5592","22.2802","34.1925","133.4620","15.5109","26.0778","40.9479","32.4709","21.8831","36.2938"
"C:\Users\cfg364\Sommerlab Dropbox\Casper van der Luijt\Casper\Data\BioLog\OmniLog\CL3\DATA_2024\08\_NRRL 5592_Aspergillus oryzae__1_30_CL3_769_8#19#2024_A_18A_23.OKA","8/19/2024 7:16:29 PM","18-A","PM01","","NRRL 5592","Aspergillus oryzae","",23.5000,"23.4015","115.7328","34.6365","22.1737","12.0780","11.9008","18.8376","22.3405","11.0322","12.2544","46.7024","31.6012","16.0321","32.0824","24.0436","17.2104","13.8695","12.3352","11.0000","142.3917","13.4022","15.4797","26.1387","31.5859","27.5078","12.2500","13.9062","129.9423","14.5332","14.9605","28.8874","22.5640","45.4356","31.0075","18.6345","27.8656","24.1637","11.0000","12.1315","11.2803","16.6365","11.1871","11.0953","13.2395","11.9804","11.4870","37.6171","27.9850","36.3631","11.8578","17.6780","23.8883","16.4059","11.1237","11.0000","12.8663","26.8757","31.1662","11.0000","22.4856","32.8746","14.0912","14.9478","11.8815","15.7895","12.9406","13.0061","11.0000","15.7313","16.2672","24.3301","30.1622","35.8314","18.3724","22.3648","17.3489","21.7944","26.4994","18.0053","14.4449","20.2683","24.8243","23.8029","23.6687","37.1878","28.4150","24.8608","22.0020","40.0527","136.9188","14.0181","25.2996","45.7005","33.3546","23.1616","39.0793"
"C:\Users\cfg364\Sommerlab Dropbox\Casper van der Luijt\Casper\Data\BioLog\OmniLog\CL3\DATA_2024\08\_NRRL 5592_Aspergillus oryzae__1_30_CL3_769_8#19#2024_A_18A_23.OKA","8/19/2024 7:16:29 PM","18-A","PM01","","NRRL 5592","Aspergillus oryzae","",23.7500,"21.0746","119.8789","34.9268","22.5715","11.0637","15.3831","13.0639","25.0405","13.7498","15.7684","45.9471","33.1920","19.1414","31.2604","24.5022","18.9952","11.0000","14.6398","11.0000","140.5574","15.2242","11.0000","20.0166","25.2186","31.6492","11.0000","12.3940","133.6943","11.0000","12.5420","29.0723","19.1238","43.0767","31.0940","18.8312","32.5096","25.7947","12.0905","12.7404","11.0000","19.0422","13.3401","11.8618","11.8217","15.8600","14.0821","39.0056","29.2826","31.6033","14.6373","12.6664","21.3535","22.0951","11.0000","11.0000","14.4083","26.0261","30.2702","11.0000","22.1699","34.5840","14.6335","15.6507","13.2687","12.7618","14.8974","13.5398","11.0000","11.0000","15.5022","28.5031","26.4087","37.9736","19.2894","20.6477","15.1029","17.5185","23.9870","16.5720","17.9808","21.3736","19.9909","19.2317","26.1161","38.1920","27.7421","24.1240","21.2436","36.1150","139.6647","18.8734","26.8186","42.7598","38.2340","20.5259","36.2317"
"C:\Users\cfg364\Sommerlab Dropbox\Casper van der Luijt\Casper\Data\BioLog\OmniLog\CL3\DATA_2024\08\_NRRL 5592_Aspergillus oryzae__1_30_CL3_769_8#19#2024_A_18A_23.OKA","8/19/2024 7:16:29 PM","18-A","PM01","","NRRL 5592","Aspergillus oryzae","",24.0000,"23.2477","122.7847","40.7897","22.7578","11.6961","13.6306","14.5477","23.1708","14.2943","11.7720","46.3033","34.1739","15.8703","37.1500","26.1252","14.9019","15.4513","11.0000","11.0000","139.3247","13.7177","14.7356","15.3282","31.1319","25.8358","11.0000","13.7825","133.2309","11.1597","14.7661","27.7470","18.4918","42.7131","28.7867","16.4694","29.9909","24.9522","11.0000","15.2631","11.0000","18.9534","14.3310","11.2858","11.9136","11.0000","13.8753","42.3789","27.0313","30.7933","15.1750","15.1688","19.9101","18.6122","11.0000","11.0000","11.9112","27.9228","28.6950","11.7280","21.5713","31.5527","14.4163","18.1496","14.3536","15.2929","16.8471","16.5376","11.0000","13.4574","15.7099","26.8688","30.9487","34.8611","20.9899","22.2610","16.1998","21.4662","24.9396","16.4011","15.4919","16.3105","21.9165","17.7109","24.4438","39.6537","22.6210","23.0731","20.6527","35.8187","138.5736","18.4715","27.9327","42.6628","35.5483","20.3602","34.0458"
"C:\Users\cfg364\Sommerlab Dropbox\Casper van der Luijt\Casper\Data\BioLog\OmniLog\CL3\DATA_2024\08\_NRRL 5592_Aspergillus oryzae__1_30_CL3_769_8#19#2024_A_18A_23.OKA","8/19/2024 7:16:29 PM","18-A","PM01","","NRRL 5592","Aspergillus oryzae","",24.2500,"21.9823","121.8696","36.6738","23.9605","13.2193","11.0000","17.2249","24.0992","16.7243","12.4446","47.3272","31.9211","16.4165","35.4457","25.3101","16.2321","13.8998","11.8842","11.4421","149.6723","12.0436","14.4686","20.2148","33.7574","24.2526","11.0000","16.2473","131.1047","12.1162","15.9852","31.7364","21.3421","46.2376","31.3486","18.1282","33.1357","24.6920","11.0000","13.2576","11.2488","17.6912","14.7002","11.2222","12.4203","15.5039","11.0000","41.6585","28.2112","35.3137","13.5097","17.9994","22.1492","19.1104","12.8570","11.0000","15.7852","31.2336","36.8573","12.1706","23.8749","28.6714","17.3218","15.2833","11.9170","15.3213","17.3683","14.3532","13.6076","14.4176","16.1490","26.0919","28.8435","37.7600","17.7033","14.5915","16.6086","20.1298","26.3683","15.7821","16.5116","21.1846","23.4012","20.2398","24.7892","40.2625","29.3915","26.0952","26.6504","32.4197","139.0514","14.0755","25.8549","45.8103","35.5443","23.0614","40.2441"
"C:\Users\cfg364\Sommerlab Dropbox\Casper van der Luijt\Casper\Data\BioLog\OmniLog\CL3\DATA_2024\08\_NRRL 5592_Aspergillus oryzae__1_30_CL3_769_8#19#2024_A_18A_23.OKA","8/19/2024 7:16:29 PM","18-A","PM01","","NRRL 5592","Aspergillus oryzae","",24.5000,"21.0542","124.5676","38.9771","24.9716","14.8046","11.0000","20.2900","25.7366","14.6572","11.0000","49.8926","30.9857","16.7532","34.4193","26.1034","18.4788","12.2109","17.0317","11.7894","148.2903","11.0000","13.5542","20.7267","34.1903","24.7107","11.0000","12.8396","136.8430","11.9887","18.4308","28.8422","23.6054","45.5107","34.1466","14.9601","30.4770","23.6902","11.0000","13.4101","13.7060","17.4692","14.8868","13.1269","12.8622","14.3700","11.0000","41.1754","29.2107","37.6103","14.3357","15.3593","22.1809","20.1125","11.0000","11.0000","13.4870","31.1706","33.5333","11.3164","21.8572","27.3262","14.2235","17.9026","14.2568","16.3399","17.2751","17.6115","11.3456","14.7938","16.4017","23.0357","27.7621","37.2182","16.7731","17.4519","18.1439","18.4334","23.9967","19.7672","16.3842","17.3734","19.0091","19.2740","23.7185","43.5809","27.1471","24.1123","23.8414","34.8792","140.4621","18.5754","26.0491","41.6475","36.8138","22.0781","36.4686"
"C:\Users\cfg364\Sommerlab Dropbox\Casper van der Luijt\Casper\Data\BioLog\OmniLog\CL3\DATA_2024\08\_NRRL 5592_Aspergillus oryzae__1_30_CL3_769_8#19#2024_A_18A_23.OKA","8/19/2024 7:16:29 PM","18-A","PM01","","NRRL 5592","Aspergillus oryzae","",24.7500,"24.7415","128.8949","44.8255","22.5546","14.3171","14.7744","18.3227","24.9863","11.2576","12.0286","52.6396","34.1514","17.1630","32.6356","31.5154","17.1947","15.2589","14.0628","11.0000","149.3449","13.6521","11.0000","22.1657","37.1178","26.9148","13.4008","17.8534","135.7070","11.0000","19.9653","33.7157","26.3125","45.3727","36.1028","17.0234","32.0782","25.9844","13.2197","14.4144","11.9659","16.3633","14.5688","12.7774","12.0738","11.0000","13.9399","44.2343","30.5732","36.2041","15.2314","15.1787","25.9604","20.5759","14.1350","11.0000","13.7072","29.4121","38.6319","11.0000","25.0504","30.4923","18.1955","15.3770","11.0000","20.8645","15.5286","15.5047","11.0000","13.1930","17.0255","27.1221","29.5599","37.5663","18.8284","23.9893","16.8120","19.3756","25.6115","16.4668","18.7226","20.3540","21.6339","24.1076","31.3072","38.1790","27.3102","24.2394","26.3178","34.7326","141.8718","15.0204","27.8531","51.0478","39.0636","20.0664","39.1166"
"C:\Users\cfg364\Sommerlab Dropbox\Casper van der Luijt\Casper\Data\BioLog\OmniLog\CL3\DATA_2024\08\_NRRL 5592_Aspergillus oryzae__1_30_CL3_769_8#19#2024_A_18A_23.OKA","8/19/2024 7:16:29 PM","18-A","PM01","","NRRL 5592","Aspergillus oryzae","",25.0000,"22.6987","126.4592","44.0824","24.6948","18.9682","11.8989","19.3940","27.8761","15.2098","12.7947","52.1566","33.3242","19.9952","40.7326","28.6522","19.7098","14.3424","13.2422","11.0000","152.5302","12.3294","12.6806","20.4630","35.9328","30.6237","13.7214","14.7283","135.7945","13.2059","16.2255","31.2230","23.1121","49.0810","34.0978","18.3309","30.8534","28.3525","11.0000","14.9600","13.5479","21.0889","13.3405","12.7748","11.7602","16.1107","11.0000","44.7097","31.8096","37.9166","11.0000","17.9838","26.1618","20.3575","11.0000","11.0000","12.0439","31.7741","34.6574","13.9277","25.7834","30.9032","14.1714","17.3304","11.5375","14.5280","16.2692","15.3128","15.0781","18.3573","19.4912","25.8885","28.9913","37.4381","18.2663","22.2651","19.8099","22.2398","30.3038","22.5651","18.7284","22.0639","26.1981","19.3848","26.7082","42.2996","25.4089","25.7773","25.2810","39.4736","143.7090","15.6554","27.1442","46.5850","43.2945","22.8684","38.3812"
"C:\Users\cfg364\Sommerlab Dropbox\Casper van der Luijt\Casper\Data\BioLog\OmniLog\CL3\DATA_2024\08\_NRRL 5592_Aspergillus oryzae__1_30_CL3_769_8#19#2024_A_18A_23.OKA","8/19/2024 7:16:29 PM","18-A","PM01","","NRRL 5592","Aspergillus oryzae","",25.2500,"23.2572","131.0324","43.1049","28.7173","15.4268","12.2841","15.0076","25.2847","16.3579","14.0446","52.6939","34.3205","20.2696","38.9344","27.0614","16.6430","13.9605","16.1791","11.0000","152.5617","11.0950","14.2344","21.8471","38.4662","31.1362","12.3763","15.7589","136.3201","12.1509","12.2277","33.2516","22.3532","49.8090","36.5828","18.3309","31.2884","24.8396","11.1259","15.3255","11.4039","17.7681","14.0894","15.1834","12.3620","13.5710","11.3253","44.7742","31.8406","40.6419","11.0000","15.9315","27.6311","20.0758","11.0000","11.0000","11.9174","34.6515","35.6177","13.7686","26.3239","29.6439","13.4806","16.9617","12.3279","14.8375","16.2692","17.0569","12.8195","16.5101","20.2119","26.6755","29.4355","37.3779","18.4584","23.4889","20.5597","22.0867","25.7302","21.3011","17.8379","20.6889","25.0389","16.6977","27.1310","41.9682","28.9485","23.4474","28.7431","36.7191","144.2185","15.1381","27.6629","50.3977","38.9691","23.3930","35.8572"
"C:\Users\cfg364\Sommerlab Dropbox\Casper van der Luijt\Casper\Data\BioLog\OmniLog\CL3\DATA_2024\08\_NRRL 5592_Aspergillus oryzae__1_30_CL3_769_8#19#2024_A_18A_23.OKA","8/19/2024 7:16:29 PM","18-A","PM01","","NRRL 5592","Aspergillus oryzae","",25.5000,"21.9229","132.5360","46.3734","27.9496","14.5098","13.1829","20.2460","27.8445","16.4536","14.5254","56.8665","34.8498","18.8670","37.6633","30.2737","16.6736","14.5334","13.6211","11.0000","156.3715","11.0000","12.5855","18.3065","32.9977","31.0759","11.9384","19.1235","136.1655","15.3798","16.5089","34.5195","23.4284","51.4551","35.6589","16.9028","32.3758","26.5355","11.0000","13.8634","11.0000","20.8992","13.2469","14.6447","11.0000","15.2014","11.0000","48.6774","33.2362","42.8773","11.4789","20.4649","27.9125","22.6421","12.3386","11.0000","14.0368","38.0032","33.6009","11.0000","28.6765","29.9817","13.9202","18.3445","11.0632","13.4139","15.0221","16.1373","13.4782","14.3812","17.5173","28.9733","34.6710","37.1668","19.5787","22.2965","22.7153","22.6380","30.7454","22.3439","15.6116","20.2732","23.4934","19.9675","23.0983","42.6310","26.7558","25.7773","24.8792","39.2570","145.8423","16.0434","26.2365","49.4853","40.8228","22.6061","36.7198"
"C:\Users\cfg364\Sommerlab Dropbox\Casper van der Luijt\Casper\Data\BioLog\OmniLog\CL3\DATA_2024\08\_NRRL 5592_Aspergillus oryzae__1_30_CL3_769_8#19#2024_A_18A_23.OKA","8/19/2024 7:16:29 PM","18-A","PM01","","NRRL 5592","Aspergillus oryzae","",25.7500,"23.3814","132.2854","45.8846","27.7654","16.6915","14.8523","17.6584","28.6978","15.4650","17.7944","55.2544","33.8846","22.8005","41.2907","28.2239","18.4830","12.2733","14.5685","11.0000","157.2846","11.0000","14.8685","20.9780","35.7474","29.3878","11.8133","15.0315","137.5260","14.7724","16.9496","36.2946","26.2746","49.8723","37.0289","17.8231","28.9582","28.5039","11.0000","13.2846","13.4857","22.1959","11.1560","14.3594","12.0769","14.9192","11.0000","45.4194","31.3134","40.6725","11.0000","17.8000","28.7565","22.7986","11.1868","11.0000","11.7592","36.8965","40.9318","13.2276","25.8788","30.1353","11.9106","17.2383","11.0000","17.0347","15.1468","14.8371","11.1882","16.3536","17.3293","28.6900","31.9422","39.6690","19.4827","25.3089","20.2785","23.9549","30.3669","24.3978","19.3009","20.1453","23.4290","17.2481","29.1149","41.3959","29.0111","27.3732","24.9719","38.8237","147.1477","14.8148","25.3936","51.2776","40.5952","24.3110","35.7294"
"C:\Users\cfg364\Sommerlab Dropbox\Casper van der Luijt\Casper\Data\BioLog\OmniLog\CL3\DATA_2024\08\_NRRL 5592_Aspergillus oryzae__1_30_CL3_769_8#19#2024_A_18A_23.OKA","8/19/2024 7:16:29 PM","18-A","PM01","","NRRL 5592","Aspergillus oryzae","",26.0000,"22.6987","134.2588","45.9763","29.8227","15.2687","11.8026","18.0371","31.1628","15.6882","16.5765","56.1711","33.8535","19.7817","42.2518","29.1111","16.5509","11.9868","15.9264","11.6664","161.7242","12.7409","12.4269","20.3987","36.6434","29.2673","11.5630","16.0317","139.9687","11.0320","13.2665","37.6576","22.6694","49.7774","37.3156","16.9345","27.4358","27.7468","11.0000","14.3508","11.7768","19.6657","16.6796","13.8523","11.1900","19.7163","11.0000","48.2581","34.1976","40.9481","12.5643","16.0847","27.7249","17.5722","11.0000","12.9288","11.0633","34.6515","44.4212","11.0000","22.5088","31.7939","14.6110","18.0680","11.0000","16.1682","17.9217","13.7272","13.4782","14.0994","19.7419","27.3050","26.3576","35.6294","20.4750","21.5120","19.3413","24.1386","28.8529","19.4368","20.3504","19.6976","26.2625","16.6977","23.5210","44.4385","27.2883","26.7667","23.7046","34.8931","145.5557","14.7179","27.7925","49.9415","44.1076","20.3767","32.7900"
"C:\Users\cfg364\Sommerlab Dropbox\Casper van der Luijt\Casper\Data\BioLog\OmniLog\CL3\DATA_2024\08\_NRRL 5592_Aspergillus oryzae__1_30_CL3_769_8#19#2024_A_18A_23.OKA","8/19/2024 7:16:29 PM","18-A","PM01","","NRRL 5592","Aspergillus oryzae","",26.2500,"19.8490","136.1122","50.3360","34.5636","13.1871","14.7747","17.8921","30.6305","15.2311","16.3781","56.0245","38.1507","18.8302","41.6598","34.4001","18.1202","14.9113","16.6873","11.0000","160.8683","12.6725","11.5737","18.4873","38.8507","27.4489","11.5323","17.6972","146.9694","16.5377","17.4845","40.6718","25.9012","52.4603","40.1536","21.8072","30.1321","28.0956","12.0980","14.1689","13.1451","25.0218","13.6897","11.0000","12.6467","15.0551","12.9736","51.1113","31.7461","38.6933","13.5785","13.5334","26.8383","23.2152","16.3801","14.3917","14.5264","38.3991","43.4706","15.0632","26.7974","29.9508","12.6674","19.6873","12.4213","17.4315","15.4998","14.3076","11.6582","16.5003","20.3796","34.9507","35.8145","39.7409","18.7000","23.0485","19.0201","23.5776","27.1657","17.0965","16.4783","17.3917","24.8248","21.0250","26.1089","42.5073","28.0126","25.5969","23.2385","31.5196","147.0637","15.6462","28.5684","50.8070","43.9248","22.3789","39.4053"
"C:\Users\cfg364\Sommerlab Dropbox\Casper van der Luijt\Casper\Data\BioLog\OmniLog\CL3\DATA_2024\08\_NRRL 5592_Aspergillus oryzae__1_30_CL3_769_8#19#2024_A_18A_23.OKA","8/19/2024 7:16:29 PM","18-A","PM01","","NRRL 5592","Aspergillus oryzae","",26.5000,"21.4521","139.4964","50.4730","29.8141","16.6029","15.5969","19.5698","32.8929","15.8632","20.5581","62.3999","40.0027","19.8273","38.7601","34.6382","23.5824","15.4254","16.4134","13.2402","161.1555","13.7264","14.7228","21.5985","40.7469","27.6542","11.6902","17.2699","144.1587","14.1041","18.5965","36.1372","24.9256","53.7349","44.3619","21.7987","31.5404","26.7486","11.0000","14.3303","11.0000","20.6094","14.4360","11.9248","13.8033","14.0934","11.0000","54.6220","32.0900","38.5677","15.0118","18.0905","22.7792","24.2959","15.0691","13.1769","14.1964","39.0565","41.4628","12.0782","24.2483","32.7949","15.1473","14.8928","11.0000","18.3999","18.2692","16.9747","11.2523","17.1203","18.0402","33.6034","33.3399","41.3226","21.9963","21.9791","22.4772","24.9329","29.9769","20.2600","17.9965","19.7579","23.7251","19.6168","25.7628","44.4118","28.1720","29.6487","26.9200","38.5624","144.7280","17.1478","27.2616","51.8629","44.8863","22.3523","35.0711"
"C:\Users\cfg364\Sommerlab Dropbox\Casper van der Luijt\Casper\Data\BioLog\OmniLog\CL3\DATA_2024\08\_NRRL 5592_Aspergillus oryzae__1_30_CL3_769_8#19#2024_A_18A_23.OKA","8/19/2024 7:16:29 PM","18-A","PM01","","NRRL 5592","Aspergillus oryzae","",26.7500,"24.3365","137.7473","49.5558","29.2580","14.7353","11.8036","18.3637","32.0399","11.7085","21.4851","63.7202","38.6039","18.9385","39.9440","32.7215","21.6021","13.5470","15.3054","14.9124","161.8166","12.2681","12.9727","20.8277","37.2129","29.3530","12.4432","17.8427","147.3415","14.0721","17.0647","38.1175","26.0940","53.5127","43.4123","21.9250","29.1752","26.6573","11.0000","13.8720","13.1553","22.7976","14.1236","12.9453","16.3546","12.3573","11.0000","51.7203","32.0279","39.1543","12.8149","18.2133","21.3226","24.1395","13.7127","11.0000","13.9433","38.8028","41.3663","13.0295","25.3657","32.2730","12.3510","15.6343","11.1894","18.9857","18.7352","12.9068","11.9147","18.4385","19.0189","33.3204","33.1484","36.9994","21.2951","22.8625","21.7873","23.7026","29.6284","17.7055","16.8464","19.7579","22.3041","20.4236","27.3562","45.7350","25.1583","27.6085","25.2132","39.4925","144.2152","18.4031","28.7164","52.6159","39.2331","18.5461","33.2096"
"C:\Users\cfg364\Sommerlab Dropbox\Casper van der Luijt\Casper\Data\BioLog\OmniLog\CL3\DATA_2024\08\_NRRL 5592_Aspergillus oryzae__1_30_CL3_769_8#19#2024_A_18A_23.OKA","8/19/2024 7:16:29 PM","18-A","PM01","","NRRL 5592","Aspergillus oryzae","",27.0000,"20.5216","140.6832","49.6781","29.4742","11.4748","12.4144","19.3794","32.5138","12.8680","25.0335","66.1409","35.8062","18.1109","43.9320","31.1700","23.8262","12.4009","16.5717","14.5653","165.1219","11.0000","12.6864","21.7270","39.8865","28.4429","11.0000","16.9082","147.9230","15.0641","18.9717","37.7661","29.5991","55.6717","47.2423","19.9042","29.0196","25.4693","11.0000","13.9942","12.1245","22.8928","14.3110","11.7016","16.2916","13.6199","11.0000","51.8493","33.9847","40.3891","13.3243","17.7835","23.6658","24.9842","11.0000","11.0000","15.3674","41.9097","42.4600","11.0000","25.7168","31.0451","12.2253","16.3758","13.2101","21.1748","16.7781","16.3391","11.1892","14.6722","14.6622","31.2141","33.9143","36.9087","22.7613","23.0518","21.1601","22.9030","31.3709","17.6097","14.7698","18.0577","22.2718","18.4873","26.4457","44.2915","27.7011","29.0112","25.5856","37.2292","145.8499","16.6649","27.9405","54.6133","45.9973","23.4114","31.8296"
"C:\Users\cfg364\Sommerlab Dropbox\Casper van der Luijt\Casper\Data\BioLog\OmniLog\CL3\DATA_2024\08\_NRRL 5592_Aspergillus oryzae__1_30_CL3_769_8#19#2024_A_18A_23.OKA","8/19/2024 7:16:29 PM","18-A","PM01","","NRRL 5592","Aspergillus oryzae","",27.2500,"20.5527","144.6500","49.3111","33.3977","16.7612","12.5109","17.6972","35.1675","14.0596","22.9237","65.9209","37.6402","18.0803","41.3460","34.0297","21.9677","13.4833","17.8696","16.9633","168.1124","14.3287","12.8137","24.6496","41.4845","27.7148","13.6668","19.7116","149.8511","16.5041","20.1284","37.9578","30.7674","53.5127","44.8050","22.3670","32.6608","25.0123","11.0000","14.2387","11.0000","24.2882","13.4989","13.4555","12.8269","15.7980","11.0000","50.6886","33.4567","41.7166","13.0378","17.1390","24.4257","24.6713","14.1443","12.1042","13.0255","40.3880","44.2293","15.0908","26.8661","33.5316","14.1733","16.9937","13.9994","19.5099","19.4186","16.0213","13.5863","17.1517","19.3977","33.8234","32.6378","38.6320","21.1676","22.2000","21.3483","24.9022","29.8818","20.1003","19.3383","18.0577","25.0816","16.4541","25.6978","46.8477","27.2616","28.3417","26.1442","38.8414","148.8630","18.6284","27.5526","57.7893","45.7032","19.8038","34.2688"
"C:\Users\cfg364\Sommerlab Dropbox\Casper van der Luijt\Casper\Data\BioLog\OmniLog\CL3\DATA_2024\08\_NRRL 5592_Aspergillus oryzae__1_30_CL3_769_8#19#2024_A_18A_23.OKA","8/19/2024 7:16:29 PM","18-A","PM01","","NRRL 5592","Aspergillus oryzae","",27.5000,"22.0015","142.6994","52.3105","34.9850","14.4210","11.0000","20.4205","32.4656","14.1101","22.6816","61.7142","39.7292","21.7266","37.5723","35.9606","17.6512","16.4471","19.4168","13.6260","170.6824","15.4409","13.7134","27.6585","39.8146","26.3662","12.9053","18.6981","149.0229","12.1207","18.2623","45.6642","28.6082","53.7863","47.3934","19.4115","30.9316","30.0591","13.6045","12.8023","12.9604","22.1859","13.5636","13.2892","15.5943","14.1570","11.0000","52.2524","32.9437","43.0743","12.3663","17.5634","24.6295","23.0849","12.8563","11.1895","16.9557","45.2366","47.1668","14.2749","29.1387","31.1049","14.2109","18.4264","11.0000","19.2210","13.1610","17.8355","11.5356","16.4371","22.7559","35.8822","32.4045","38.9129","18.6184","20.5484","16.3565","21.5152","33.3250","21.3915","17.7496","26.0555","22.0008","20.2532","32.2435","41.3723","25.9419","31.9229","23.5694","38.6345","150.1627","22.1225","25.9659","60.1100","48.3032","25.8778","36.3784"
"C:\Users\cfg364\Sommerlab Dropbox\Casper van der Luijt\Casper\Data\BioLog\OmniLog\CL3\DATA_2024\08\_NRRL 5592_Aspergillus oryzae__1_30_CL3_769_8#19#2024_A_18A_23.OKA","8/19/2024 7:16:29 PM","18-A","PM01","","NRRL 5592","Aspergillus oryzae","",27.7500,"20.6380","147.3549","54.1240","37.4325","16.5750","12.3886","21.3403","33.1315","15.7133","24.2542","62.5046","40.9971","19.6485","41.3012","36.9042","18.4481","16.6371","17.0210","12.3921","174.6241","14.3700","17.0264","28.0726","40.5859","29.5662","13.7486","18.7587","151.6943","14.9384","19.1075","46.5166","31.3269","54.5816","46.2877","19.9174","29.0970","32.2907","11.0000","15.7959","13.3960","26.1581","16.5024","15.3877","14.6502","14.8516","11.0000","58.7335","33.1610","43.4142","15.5436","21.4098","26.5495","24.4276","14.5579","11.6632","16.6091","47.7226","45.2057","14.1477","25.8234","33.6872","14.1479","20.6451","11.0000","19.4366","15.4786","15.9455","11.0000","20.0931","21.7527","37.4784","31.1941","35.8349","18.1703","20.9595","19.3358","21.8554","32.2468","19.1602","17.3017","23.5357","23.5171","18.2473","32.0175","44.5518","29.5680","32.0177","27.6040","37.6110","152.0725","18.2971","23.1354","62.8492","49.5499","25.4190","36.3464"
"C:\Users\cfg364\Sommerlab Dropbox\Casper van der Luijt\Casper\Data\BioLog\OmniLog\CL3\DATA_2024\08\_NRRL 5592_Aspergillus oryzae__1_30_CL3_769_8#19#2024_A_18A_23.OKA","8/19/2024 7:16:29 PM","18-A","PM01","","NRRL 5592","Aspergillus oryzae","",28.0000,"24.3797","146.1890","52.0616","38.6281","19.0189","16.6974","21.9851","35.3852","17.1515","23.3954","68.7618","37.8846","22.4931","41.7304","37.2537","22.5976","11.1279","16.6764","14.5985","170.9632","15.4677","15.9466","25.6607","43.2952","29.6215","11.0943","15.6337","150.8688","18.9484","23.0415","44.6615","34.2717","59.4285","50.2929","23.2320","33.2819","31.6979","11.0000","17.0719","17.3567","23.8297","16.6907","12.4309","15.4558","11.9815","14.1041","60.3604","35.4513","44.5041","15.7180","16.3006","26.2606","26.1629","12.6696","11.0000","16.0896","50.2597","49.4880","18.2857","31.6366","33.5536","15.5070","22.4160","16.4644","19.5449","18.9416","14.1159","13.6751","14.7270","20.8026","35.5774","35.9251","38.6251","21.2742","24.8683","22.6451","28.9232","32.5290","20.9296","17.0250","21.9630","24.3308","16.9699","29.6939","44.6478","29.8037","29.4741","30.4531","34.2752","148.5656","20.5274","29.7182","60.2418","47.9906","28.6389","34.1952"
"C:\Users\cfg364\Sommerlab Dropbox\Casper van der Luijt\Casper\Data\BioLog\OmniLog\CL3\DATA_2024\08\_NRRL 5592_Aspergillus oryzae__1_30_CL3_769_8#19#2024_A_18A_23.OKA","8/19/2024 7:16:29 PM","18-A","PM01","","NRRL 5592","Aspergillus oryzae","",28.2500,"25.6477","142.8889","55.0893","38.3173","16.3473","16.4742","24.3500","35.4955","13.5973","19.7626","65.7274","40.4200","15.6673","44.3120","35.8888","19.7597","13.8440","14.9255","14.3828","170.3394","17.2000","14.0685","26.9506","42.7408","33.1498","11.0000","15.8268","152.2685","21.0584","20.1941","43.8928","32.8991","57.3463","47.0960","18.3385","32.6154","26.6734","11.0000","14.1973","11.0000","23.0076","21.1183","11.0000","14.4645","15.4488","12.1004","56.7623","31.3434","47.5578","14.6173","17.3180","26.6629","24.4614","13.5316","11.0000","17.4777","46.6994","52.9958","15.8382","25.4904","33.2202","15.4362","16.5175","15.3435","19.7559","12.9078","14.5821","12.7334","17.3442","18.9725","35.8650","34.6375","39.3052","20.0690","24.4128","20.4716","27.0477","34.3684","23.4157","15.6868","25.4213","28.3064","17.9014","25.5784","49.7345","27.8487","28.7150","28.6067","35.1100","150.6645","20.3099","29.7111","60.7180","49.9543","22.0360","30.9701"
"C:\Users\cfg364\Sommerlab Dropbox\Casper van der Luijt\Casper\Data\BioLog\OmniLog\CL3\DATA_2024\08\_NRRL 5592_Aspergillus oryzae__1_30_CL3_769_8#19#2024_A_18A_23.OKA","8/19/2024 7:16:29 PM","18-A","PM01","","NRRL 5592","Aspergillus oryzae","",28.5000,"20.1114","147.6955","57.9546","39.9362","17.8401","14.3000","22.8336","37.1856","16.2869","28.1224","70.2861","39.4078","18.9643","44.6412","38.2420","21.4546","12.1152","13.4440","18.0760","174.8383","14.7569","14.8625","28.6858","39.9745","31.0429","11.0000","22.1192","154.4425","18.9941","22.6216","46.0243","32.0493","60.9331","53.6770","18.8669","31.0495","29.6094","11.0000","14.8211","12.1224","26.7466","15.7077","12.3072","14.4040","11.0317","11.0000","57.2090","34.5248","46.1337","17.5575","17.9233","27.4431","24.6574","18.7581","11.0000","13.8152","49.4874","53.0628","16.4487","25.2494","33.1102","12.0038","18.2289","11.0000","18.0638","17.6669","18.6118","11.8813","14.6795","20.6498","36.2329","33.1639","39.5063","20.7404","28.4692","22.4215","25.2171","33.9610","22.3859","18.3699","21.3040","24.3418","20.2194","28.5029","48.4079","27.9588","29.7313","29.7091","37.7814","149.4666","14.5576","25.0046","60.0184","51.7271","26.7237","36.1691"
"C:\Users\cfg364\Sommerlab Dropbox\Casper van der Luijt\Casper\Data\BioLog\OmniLog\CL3\DATA_2024\08\_NRRL 5592_Aspergillus oryzae__1_30_CL3_769_8#19#2024_A_18A_23.OKA","8/19/2024 7:16:29 PM","18-A","PM01","","NRRL 5592","Aspergillus oryzae","",28.7500,"23.5791","147.8777","60.7690","40.7222","19.7827","21.4127","21.4778","39.3732","16.9809","30.9099","72.3145","44.1036","22.3654","47.5685","39.1160","23.1568","20.4311","16.3914","18.2210","175.9556","15.8403","17.9044","29.8597","48.0204","32.6071","12.8416","20.4699","159.4729","25.6693","22.6348","49.6421","35.4213","64.5597","48.5917","24.1118","34.9250","33.4496","11.0000","18.1679","16.3207","28.4944","22.6663","14.8208","18.3135","16.3491","12.7793","64.5228","34.0707","49.4294","14.5575","18.7033","28.6363","29.1478","16.2435","14.5459","19.1264","53.6680","58.1338","16.3709","28.8203","36.2178","18.9220","20.8143","11.0000","21.3756","16.2534","17.7182","12.5762","18.2434","16.4665","41.1298","37.9433","45.6792","20.2426","26.6919","24.3333","29.2753","34.8690","26.2408","23.9461","24.5870","28.8767","21.2620","33.9179","44.7598","29.3603","28.0500","33.7017","36.7585","155.8488","24.2913","30.9582","60.3430","53.8684","31.5283","33.1080"
"C:\Users\cfg364\Sommerlab Dropbox\Casper van der Luijt\Casper\Data\BioLog\OmniLog\CL3\DATA_2024\08\_NRRL 5592_Aspergillus oryzae__1_30_CL3_769_8#19#2024_A_18A_23.OKA","8/19/2024 7:16:29 PM","18-A","PM01","","NRRL 5592","Aspergillus oryzae","",29.0000,"24.8154","149.1352","64.7871","42.6161","21.7973","20.9962","22.6174","39.9708","19.0710","31.9628","73.0726","40.7655","23.3709","47.0381","40.1822","23.4005","18.5006","19.6896","20.4186","179.1876","14.4800","16.9542","27.2021","46.7966","31.6690","18.9594","19.2334","160.5444","25.9855","24.4851","50.8121","38.9729","67.3421","51.9658","22.9456","36.2524","35.3860","14.1507","17.6819","13.3647","27.8606","22.9758","14.4069","15.6340","17.2301","14.9469","66.8373","32.4807","51.0909","14.5575","16.7391","28.6992","32.0639","12.2721","13.9127","19.0319","48.7545","59.2166","17.9917","27.5406","36.1566","14.8201","19.7067","11.4123","20.1133","19.9215","18.1958","11.0000","17.5506","15.9610","39.7746","37.1182","47.8616","19.0593","30.7404","24.5220","29.1524","39.9522","23.5158","24.6759","24.3312","23.4135","22.7141","36.5039","47.3846","32.6958","31.0946","32.0647","38.8504","156.9307","24.9655","31.0874","64.8108","52.1080","34.0373","33.4614"
"C:\Users\cfg364\Sommerlab Dropbox\Casper van der Luijt\Casper\Data\BioLog\OmniLog\CL3\DATA_2024\08\_NRRL 5592_Aspergillus oryzae__1_30_CL3_769_8#19#2024_A_18A_23.OKA","8/19/2024 7:16:29 PM","18-A","PM01","","NRRL 5592","Aspergillus oryzae","",29.2500,"29.4177","149.8521","63.1186","44.0183","17.5995","18.4618","27.9684","40.2418","14.3251","30.3414","74.7484","41.4903","20.8894","47.5655","41.1873","20.7938","15.3781","19.8989","12.5561","181.5274","17.4547","18.3188","29.9772","46.0373","31.9854","13.3595","23.8669","156.8312","21.9636","19.6580","52.7346","35.1466","66.9945","53.6299","17.1511","37.6826","33.0622","13.8000","16.9666","16.0022","28.5998","15.1535","17.4558","18.8600","18.7267","14.5546","64.1653","36.7086","50.8842","17.0205","23.1594","29.9420","26.0614","15.9666","12.9667","19.2638","57.1579","57.8913","18.1659","29.4602","38.5811","17.5433","20.4766","14.1822","20.6837","16.0261","21.6502","11.0000","14.2931","20.9494","43.6394","40.5520","43.6831","22.2492","28.3084","23.2517","32.6190","36.4936","25.3755","18.1606","26.7833","25.3788","24.6280","26.5444","44.4344","32.8522","31.9413","32.4194","37.9502","156.3762","20.1629","30.3535","69.5532","56.1607","24.7884","38.4544"
"C:\Users\cfg364\Sommerlab Dropbox\Casper van der Luijt\Casper\Data\BioLog\OmniLog\CL3\DATA_2024\08\_NRRL 5592_Aspergillus oryzae__1_30_CL3_769_8#19#2024_A_18A_23.OKA","8/19/2024 7:16:29 PM","18-A","PM01","","NRRL 5592","Aspergillus oryzae","",29.5000,"24.4980","151.6220","62.7667","47.7715","19.4525","22.7931","26.1244","42.2978","19.0775","33.3415","78.4175","43.4051","22.5278","50.0715","42.4149","17.3965","16.4769","22.5708","15.2984","182.3025","16.8675","16.6667","28.1733","45.8686","33.0543","16.0379","23.9299","161.3530","22.4254","21.6916","55.6737","33.7797","66.5562","58.1207","22.9745","35.9782","31.6211","13.2853","20.4276","15.7812","28.5202","19.4919","15.7339","19.9839","16.6066","15.7680","65.9355","30.4948","50.0886","13.9436","17.3984","27.2019","28.3146","14.9902","13.2130","18.2248","55.1038","57.5293","21.0988","28.4797","36.9329","12.9251","21.0508","15.1791","26.5011","19.9565","21.8439","16.3754","17.3884","23.7591","39.4879","33.6777","43.6645","20.1374","26.9774","23.6712","30.8888","35.7925","26.7396","22.4400","22.8241","27.4156","25.9151","34.4165","49.8932","30.2785","32.8511","32.5131","36.0569","151.5567","16.7088","31.4811","67.5797","56.2657","26.8229","35.0438"
"C:\Users\cfg364\Sommerlab Dropbox\Casper van der Luijt\Casper\Data\BioLog\OmniLog\CL3\DATA_2024\08\_NRRL 5592_Aspergillus oryzae__1_30_CL3_769_8#19#2024_A_18A_23.OKA","8/19/2024 7:16:29 PM","18-A","PM01","","NRRL 5592","Aspergillus oryzae","",29.7500,"23.1358","150.8385","66.4905","45.7658","19.4525","22.1825","24.6088","40.0239","21.3854","32.0630","82.0269","44.4544","20.9989","52.0919","42.1407","22.2554","17.3685","23.7374","12.3691","184.0643","20.1934","16.6983","28.5264","45.0000","34.1752","14.9114","21.6695","160.6181","25.8626","22.2560","53.2760","35.4882","70.2049","59.1923","20.4402","38.6058","33.1027","15.3201","17.3053","14.8809","30.9194","20.3318","13.9229","20.0465","16.8901","17.2500","64.8710","32.2813","51.1701","13.5277","19.0903","28.2421","29.8999","14.9283","14.1299","17.6569","59.7397","59.5440","21.4775","28.0651","39.8722","12.4517","20.2492","12.2664","28.6982","17.1887","17.1649","15.1180","16.9163","24.2607","46.3200","35.4664","43.4837","18.2137","24.7311","24.7975","33.6818","39.1935","27.5929","19.7313","24.8001","28.0606","22.5971","32.5678","49.8932","30.9024","33.4237","32.0178","38.7717","154.5343","18.8053","30.9643","69.0806","55.5784","26.6574","38.7776"
"C:\Users\cfg364\Sommerlab Dropbox\Casper van der Luijt\Casper\Data\BioLog\OmniLog\CL3\DATA_2024\08\_NRRL 5592_Aspergillus oryzae__1_30_CL3_769_8#19#2024_A_18A_23.OKA","8/19/2024 7:16:29 PM","18-A","PM01","","NRRL 5592","Aspergillus oryzae","",30.0000,"22.2282","155.3166","67.1309","43.1928","18.2481","23.6856","21.0554","43.7727","18.5904","28.9328","79.1622","40.5217","23.1376","52.6521","41.9019","23.8862","17.4350","19.8766","15.7728","185.9113","17.0134","17.4864","33.6233","46.1745","29.3964","13.9494","19.7545","163.8296","20.6199","19.6074","54.0088","38.9435","71.1301","60.2992","24.0389","37.1762","32.2712","16.6383","17.1718","16.8449","29.6799","21.3393","18.8534","21.7193","17.6041","13.7000","65.8921","35.0877","53.1955","19.1749","16.7861","31.0837","29.6669","18.8943","13.5019","18.0775","58.0366","64.1529","18.5701","34.0158","36.7353","16.6333","17.9058","12.4907","22.4632","22.4630","18.8562","15.7505","16.5248","21.7360","42.8249","35.7167","44.2551","19.9410","31.0782","23.7227","31.8981","41.6050","27.5181","22.5776","23.1603","27.1148","21.6833","30.7227","46.9960","28.2505","31.6196","34.4430","38.5339","156.7472","21.4012","28.4626","72.7833","58.3421","32.2582","37.2381"
"C:\Users\cfg364\Sommerlab Dropbox\Casper van der Luijt\Casper\Data\BioLog\OmniLog\CL3\DATA_2024\08\_NRRL 5592_Aspergillus oryzae__1_30_CL3_769_8#19#2024_A_18A_23.OKA","8/19/2024 7:16:29 PM","18-A","PM01","","NRRL 5592","Aspergillus oryzae","",30.2500,"24.8573","155.2853","64.4726","44.5405","19.1064","25.6618","21.2145","43.2661","22.5451","33.2869","76.8500","45.5612","22.4020","54.8573","43.6643","21.7181","17.0528","19.8766","17.2900","184.4354","16.1319","15.6196","31.1380","45.8964","31.7339","14.7339","20.2088","164.3199","22.5055","19.1362","57.1689","40.6188","68.1189","57.6695","23.5642","36.5272","34.0538","16.1684","16.1685","15.8811","29.5528","21.9310","17.0167","17.5070","17.6989","13.1470","66.9296","37.1390","55.7482","19.2383","17.3093","25.1971","30.3537","18.0956","11.3800","20.1629","58.2257","60.3631","23.3646","34.1426","39.7918","18.5423","18.8348","12.4590","21.8777","19.8535","15.8982","14.1775","18.3243","18.7450","46.0512","35.5891","45.9344","21.0305","30.5763","26.8641","29.3051","39.4911","26.8206","20.9555","24.1228","28.4014","22.7192","32.8091","50.4271","30.4420","32.6091","36.9448","40.4027","156.3956","24.0095","29.5318","73.7919","58.1132","30.4894","38.0711"
"C:\Users\cfg364\Sommerlab Dropbox\Casper van der Luijt\Casper\Data\BioLog\OmniLog\CL3\DATA_2024\08\_NRRL 5592_Aspergillus oryzae__1_30_CL3_769_8#19#2024_A_18A_23.OKA","8/19/2024 7:16:29 PM","18-A","PM01","","NRRL 5592","Aspergillus oryzae","",30.5000,"24.1565","157.9591","66.7662","44.2577","19.5164","22.1884","25.5854","48.9145","19.4609","33.4625","81.0000","44.6594","21.7739","51.8851","43.7951","23.0093","18.1667","22.2966","15.0933","186.0056","20.6755","16.0686","30.7473","51.8476","32.3716","14.0009","21.7808","167.6128","28.2541","25.0927","52.7855","41.9428","72.0260","56.8987","24.9050","34.9827","33.9002","13.9810","16.9714","18.3078","28.9555","22.3362","18.9866","15.8887","21.1585","13.6627","72.8023","36.9824","56.8029","18.9368","20.5037","28.6847","29.8986","14.6122","11.0000","22.4559","59.3041","64.2406","16.8684","26.8506","39.0109","16.5863","20.0871","16.0866","26.3092","20.8519","21.1258","12.4806","20.5872","25.5366","44.6531","37.1729","46.5941","20.8259","29.3541","26.3963","32.7126","40.6431","20.1766","21.0925","24.4072","30.4286","25.3638","34.1948","51.3090","30.6442","31.2502","34.1723","40.7757","157.2294","20.2587","30.9133","72.9596","65.9841","29.8889","41.3002"
"C:\Users\cfg364\Sommerlab Dropbox\Casper van der Luijt\Casper\Data\BioLog\OmniLog\CL3\DATA_2024\08\_NRRL 5592_Aspergillus oryzae__1_30_CL3_769_8#19#2024_A_18A_23.OKA","8/19/2024 7:16:29 PM","18-A","PM01","","NRRL 5592","Aspergillus oryzae","",30.7500,"26.3551","156.7009","69.2787","48.6852","20.5810","21.6531","26.5807","43.6972","23.5760","32.5536","78.8108","42.1218","20.1014","52.1250","46.6910","21.4790","14.7619","23.4815","18.4473","187.7451","17.1185","17.7846","27.7260","51.5847","32.2819","11.6621","19.6871","163.5845","27.3376","26.6035","56.2107","41.7058","69.9767","60.6927","22.5269","34.5661","33.2026","11.7545","19.2557","14.1509","34.9726","14.4428","16.2426","21.2050","16.9739","14.5722","72.5951","40.6209","54.2245","16.6769","20.6892","30.2710","29.7016","15.8904","14.9790","22.3207","58.7582","65.6621","15.1991","30.5121","34.8988","17.0660","22.5954","11.0000","21.8113","19.4433","18.1527","17.0001","16.4835","21.9007","49.3766","39.3228","44.7316","23.2357","29.5559","27.3135","35.7161","40.5060","26.1141","19.6878","24.0079","29.8789","21.7652","32.4877","47.8922","28.3988","32.6340","36.7100","41.0511","155.6884","21.9016","28.4467","74.8266","56.9202","30.9757","36.4981"
"C:\Users\cfg364\Sommerlab Dropbox\Casper van der Luijt\Casper\Data\BioLog\OmniLog\CL3\DATA_2024\08\_NRRL 5592_Aspergillus oryzae__1_30_CL3_769_8#19#2024_A_18A_23.OKA","8/19/2024 7:16:29 PM","18-A","PM01","","NRRL 5592","Aspergillus oryzae","",31.0000,"26.0771","155.8229","70.7173","49.5672","22.1568","22.4874","27.4007","44.7061","21.3098","36.8900","81.7440","47.8931","21.3621","53.7500","45.2280","20.5571","17.2805","24.3955","15.2601","192.5586","16.3577","17.6899","31.8109","50.6609","32.3122","13.4907","18.2595","166.6791","22.1783","26.2297","61.4420","42.9655","71.5921","56.4242","18.3237","36.6830","34.8383","13.9237","21.7354","13.0590","34.3725","18.9811","18.8480","19.3210","15.9308","16.9754","76.8984","40.6209","56.5676","16.9001","19.2435","27.2531","30.7041","15.3952","15.4212","18.1466","57.6475","65.8542","16.6624","30.8940","40.5364","14.2373","20.6884","12.2366","22.2118","16.9508","17.7713","15.5864","17.8386","20.5460","49.0625","39.5759","44.2501","21.1964","29.5873","29.4195","34.4250","43.3266","29.4727","17.9630","26.6992","29.5257","23.0947","33.3993","47.7411","31.8158","33.7861","37.5721","43.5657","155.9446","21.7081","30.2270","75.3159","61.3842","34.1246","39.4167"
"C:\Users\cfg364\Sommerlab Dropbox\Casper van der Luijt\Casper\Data\BioLog\OmniLog\CL3\DATA_2024\08\_NRRL 5592_Aspergillus oryzae__1_30_CL3_769_8#19#2024_A_18A_23.OKA","8/19/2024 7:16:29 PM","18-A","PM01","","NRRL 5592","Aspergillus oryzae","",31.2500,"25.0884","156.2619","71.1765","50.1756","23.0708","22.7441","27.7792","48.5529","21.3098","34.3524","82.1540","46.1555","19.9169","52.3125","48.2759","22.2473","15.3039","26.0345","17.3744","195.4844","17.1502","20.8140","29.9775","50.5378","30.1264","11.0000","19.4441","169.4060","25.4586","27.4755","61.0298","43.0600","76.4065","63.3366","23.3548","37.5858","37.7158","14.4267","18.6811","15.5860","30.2981","16.8841","16.5286","20.4828","16.4050","14.0202","74.9716","41.3638","59.2499","17.2828","19.0282","30.3339","27.1016","11.8357","14.3159","20.3917","61.6141","64.6053","17.1078","33.5996","38.0546","15.6831","20.4424","11.0000","24.0907","19.8795","16.4679","13.3875","19.2882","19.3173","48.1204","41.0000","45.3334","23.5862","31.9381","26.9363","35.6546","41.9321","26.0190","21.8278","21.1244","30.2000","24.8781","33.1714","47.4389","31.4710","32.1860","40.8975","41.3305","156.4571","22.8047","31.2628","77.6315","64.2727","35.1086","39.6733"
"C:\Users\cfg364\Sommerlab Dropbox\Casper van der Luijt\Casper\Data\BioLog\OmniLog\CL3\DATA_2024\08\_NRRL 5592_Aspergillus oryzae__1_30_CL3_769_8#19#2024_A_18A_23.OKA","8/19/2024 7:16:29 PM","18-A","PM01","","NRRL 5592","Aspergillus oryzae","",31.5000,"29.8772","161.8742","74.2373","52.3047","20.7701","23.8029","29.2616","52.1473","23.2569","37.3397","84.2672","41.9356","18.9638","53.7813","46.6910","19.9732","15.7821","25.4041","19.2362","194.4462","14.8360","20.8456","35.5421","55.9880","32.3122","11.8828","19.5656","170.2639","23.5796","24.8905","57.4472","44.4772","77.1667","63.1136","21.8582","33.5388","38.1399","13.5150","19.3161","15.2116","31.8141","18.4177","19.2928","20.2944","19.8818","15.9687","78.0867","40.8995","58.1708","16.2623","20.5661","31.8115","31.6125","16.8809","17.8844","21.0558","59.4563","67.8716","16.9169","29.3980","39.9543","19.0147","21.3651","15.0585","23.7518","18.6956","18.3753","16.1833","17.4289","21.8377","49.7534","40.2405","46.2361","23.3313","31.4366","27.6593","35.3472","41.5835","28.7440","20.3586","24.9371","28.9478","24.0999","33.8876","50.6115","32.0039","34.2342","38.4958","41.1443","157.8025","23.2885","32.0720","77.6641","58.1019","34.3542","38.8715"
"C:\Users\cfg364\Sommerlab Dropbox\Casper van der Luijt\Casper\Data\BioLog\OmniLog\CL3\DATA_2024\08\_NRRL 5592_Aspergillus oryzae__1_30_CL3_769_8#19#2024_A_18A_23.OKA","8/19/2024 7:16:29 PM","18-A","PM01","","NRRL 5592","Aspergillus oryzae","",31.7500,"25.9774","160.1841","72.4753","47.7219","23.5945","23.3021","28.4217","47.2351","18.8209","43.1075","85.3299","44.6554","24.8939","57.6305","47.2313","21.2902","13.3923","24.9132","16.1022","196.9316","21.5896","19.1639","31.9401","54.8323","29.5190","15.5093","22.8072","169.8710","23.7490","22.3727","60.6283","44.7950","74.2216","66.9918","27.6524","36.6814","35.9122","11.5983","17.6922","16.6281","33.3567","22.1613","12.1552","17.0507","18.2264","20.8363","77.6761","37.4479","59.7408","21.7914","18.1055","31.9089","29.8826","15.6023","13.5320","20.9306","66.6821","66.6429","20.2770","29.4450","42.7355","17.7635","24.4793","15.7742","25.2650","19.9962","22.5659","14.5852","18.5129","18.3369","49.0452","37.1157","46.1250","18.4466","28.7373","28.1509","38.0661","47.6477","24.0867","23.5848","23.9575","28.0490","25.6842","31.4042","50.5398","32.5790","34.8724","40.0567","40.1688","156.7409","21.1175","32.5022","79.9895","63.9151","32.7324","36.7342"
"C:\Users\cfg364\Sommerlab Dropbox\Casper van der Luijt\Casper\Data\BioLog\OmniLog\CL3\DATA_2024\08\_NRRL 5592_Aspergillus oryzae__1_30_CL3_769_8#19#2024_A_18A_23.OKA","8/19/2024 7:16:29 PM","18-A","PM01","","NRRL 5592","Aspergillus oryzae","",32.0000,"25.2038","162.6060","74.1591","46.9511","23.3111","24.7117","28.9266","48.5383","19.3680","39.0019","85.9628","43.3228","24.8328","58.6523","48.0256","20.9523","16.8691","24.0614","12.1092","196.5847","22.5009","16.5909","33.6423","53.4722","34.8448","16.0103","22.3228","170.3942","25.2828","21.3360","62.3747","48.1588","73.5233","64.0499","26.7361","34.0418","34.6331","15.3457","15.4615","18.7114","32.1834","20.1715","15.0754","17.9016","19.8989","15.8211","78.0306","36.5777","62.1057","20.9079","16.2828","29.2992","31.6617","14.2030","17.4567","23.3897","65.1423","71.5904","21.2268","30.2428","43.8330","17.9523","21.2950","14.3198","23.9123","21.9573","21.9971","14.7110","18.4186","18.3052","47.7885","38.7043","45.6120","17.8688","28.3895","30.0843","35.1135","46.5429","25.1720","25.0113","23.1557","29.6604","24.3257","33.1643","48.4082","31.5187","35.0645","39.2530","39.7956","159.4677","21.3108","30.5945","82.3065","63.6846","33.3580","40.9377"
"C:\Users\cfg364\Sommerlab Dropbox\Casper van der Luijt\Casper\Data\BioLog\OmniLog\CL3\DATA_2024\08\_NRRL 5592_Aspergillus oryzae__1_30_CL3_769_8#19#2024_A_18A_23.OKA","8/19/2024 7:16:29 PM","18-A","PM01","","NRRL 5592","Aspergillus oryzae","",32.2500,"22.3569","160.6559","75.4450","49.1402","22.6814","27.6271","30.0313","47.9662","18.3703","42.3698","85.1400","44.9033","19.9165","60.2933","51.1416","20.0308","15.3380","24.8501","13.5352","196.4270","19.4529","15.2249","35.5693","54.9868","31.4859","15.4780","20.7788","177.9038","28.0307","20.0165","62.6922","46.3669","76.4432","65.9795","25.7249","35.8119","36.7650","11.2834","13.9030","14.6381","31.5809","20.7312","13.1500","18.7525","22.4549","18.5390","76.3871","37.5101","63.8870","19.8982","18.4144","27.4755","31.2871","13.3012","12.5509","21.1198","70.1386","70.0804","16.7308","32.5404","40.7844","14.3660","19.9656","15.7742","23.4204","18.0973","22.8819","16.7237","18.5129","20.1078","47.9142","39.3079","46.5173","18.1898","30.4130","32.8908","36.5898","47.5215","22.2993","23.7750","27.2610","30.6917","24.3581","32.7405","50.8100","31.4252","35.2565","38.3565","39.6091","157.5429","24.4363","31.4028","82.0781","67.4384","31.0201","37.4081"
"C:\Users\cfg364\Sommerlab Dropbox\Casper van der Luijt\Casper\Data\BioLog\OmniLog\CL3\DATA_2024\08\_NRRL 5592_Aspergillus oryzae__1_30_CL3_769_8#19#2024_A_18A_23.OKA","8/19/2024 7:16:29 PM","18-A","PM01","","NRRL 5592","Aspergillus oryzae","",32.5000,"26.3488","163.3923","74.4653","49.2019","23.0907","25.0641","30.2206","48.0616","19.6577","43.1717","85.8995","47.2276","21.7792","61.3151","47.3535","19.8772","16.4863","24.5031","16.7360","197.6254","19.5786","14.5578","31.9722","49.6083","34.0580","16.3861","20.7485","172.1485","24.8354","21.4931","62.5969","47.1214","75.7767","66.2326","26.9888","35.4392","35.1508","13.9916","12.9863","16.2861","29.7733","21.5706","12.6366","19.4143","18.2895","17.3418","77.6117","38.7843","63.3649","22.1070","16.7771","31.0285","29.6954","11.6841","11.7913","20.6784","68.3161","69.8877","19.6754","30.6257","41.9124","14.8694","17.3377","14.1617","24.5887","18.9689","20.3855","16.6922","16.5325","20.6454","51.4956","37.3381","44.6162","19.2490","31.3299","30.8015","38.9273","48.4369","21.4375","23.3946","24.6631","28.0490","24.0023","31.7953","48.5883","30.8639","32.7284","36.6873","39.3292","160.1735","22.7286","31.0472","82.4371","61.8077","31.3165","41.4832"
"C:\Users\cfg364\Sommerlab Dropbox\Casper van der Luijt\Casper\Data\BioLog\OmniLog\CL3\DATA_2024\08\_NRRL 5592_Aspergillus oryzae__1_30_CL3_769_8#19#2024_A_18A_23.OKA","8/19/2024 7:16:29 PM","18-A","PM01","","NRRL 5592","Aspergillus oryzae","",32.7500,"25.9155","166.3804","76.6083","49.6952","22.1776","25.2564","27.7904","47.4258","16.5680","40.2208","87.8297","45.2442","23.4892","57.5995","48.5755","20.1537","15.2104","25.9228","15.6585","200.6527","22.8152","16.2097","34.5415","54.0286","32.6661","11.5010","22.4137","177.3806","25.9538","19.9851","63.6765","47.0271","75.5546","71.1675","29.2007","35.9050","34.6331","12.0392","17.3866","15.2910","29.9636","23.9023","12.3478","19.5719","18.3526","18.1184","79.0941","38.5046","63.4877","19.0778","17.5494","28.4188","31.5993","11.6841","12.3293","22.0025","68.7246","71.2048","18.5039","27.8813","40.4186","15.5300","20.1202","15.1103","24.4657","20.8367","19.5006","13.3272","18.2929","15.6172","53.6320","39.7527","45.0084","19.3453","33.6064","31.8618","41.2956","47.7740","20.7033","21.3342","26.4913","26.5020","22.8379","31.2412","53.1217","31.3005","32.2164","41.7568","39.1115","158.5694","22.9864","30.3682","81.8497","66.0883","31.8104","37.4723"
"C:\Users\cfg364\Sommerlab Dropbox\Casper van der Luijt\Casper\Data\BioLog\OmniLog\CL3\DATA_2024\08\_NRRL 5592_Aspergillus oryzae__1_30_CL3_769_8#19#2024_A_18A_23.OKA","8/19/2024 7:16:29 PM","18-A","PM01","","NRRL 5592","Aspergillus oryzae","",33.0000,"27.0826","170.7076","79.6567","55.4590","22.2815","24.1040","32.2437","53.4621","23.1950","45.5751","89.7107","47.7456","25.8185","61.8822","55.5330","26.0280","14.1776","22.3879","15.8825","199.1545","19.0486","20.0473","40.0860","61.1118","33.4432","15.8405","22.8198","177.0032","30.6159","25.4015","66.4830","48.5139","77.2535","65.2540","27.2830","36.4398","40.9555","16.0251","20.1964","14.6786","32.4845","18.8941","17.1108","18.7021","19.5013","14.3883","79.4142","39.3333","67.0932","20.2309","22.9912","29.7375","34.5004","14.8926","15.6069","17.6005","73.7321","73.0534","20.6353","30.8914","40.1975","18.6149","25.0090","13.4369","21.9584","21.0711","19.0708","14.0102","21.2696","21.5137","58.4721","37.9196","47.5182","22.3636","29.3428","32.2876","38.9098","49.6623","24.1210","23.1584","27.3277","30.2583","24.3960","32.5622","49.4336","33.8967","41.4001","37.7251","42.5021","160.3520","27.0783","33.6688","85.8563","71.2362","31.4090","38.1215"
"C:\Users\cfg364\Sommerlab Dropbox\Casper van der Luijt\Casper\Data\BioLog\OmniLog\CL3\DATA_2024\08\_NRRL 5592_Aspergillus oryzae__1_30_CL3_769_8#19#2024_A_18A_23.OKA","8/19/2024 7:16:29 PM","18-A","PM01","","NRRL 5592","Aspergillus oryzae","",33.2500,"27.2678","170.0189","82.9827","53.8723","20.7015","27.9808","29.3712","54.5355","22.2988","42.7126","93.4122","45.2732","26.8206","64.4852","55.3515","25.5393","14.7875","25.0525","16.9605","201.0115","19.1749","18.6237","41.1703","61.0198","33.5642","16.7150","24.3615","176.7273","27.3892","23.7422","68.0049","48.1989","79.2843","73.9041","29.7760","35.2609","40.3208","16.3706","18.2301","14.0551","33.4034","22.5447","20.3086","19.2994","17.2574","15.6589","80.6399","38.4344","69.1207","20.6432","22.6250","29.2959","34.6249","18.8469","14.2185","19.4727","77.5217","76.3278","20.7304","30.9234","42.7963","19.7072","22.8277","16.0004","22.1436","22.4036","21.8244","18.3060","21.8332","21.3558","57.7537","40.6497","46.5223","21.4994","33.4959","29.4701","37.9846","49.2503","22.5924","21.5628","26.9123","28.2006","23.7197","33.7655","50.6092","28.5332","37.4101","38.7160","41.2024","162.2734","26.2760","31.5083","88.5926","73.0232","38.6838","41.4877"
"C:\Users\cfg364\Sommerlab Dropbox\Casper van der Luijt\Casper\Data\BioLog\OmniLog\CL3\DATA_2024\08\_NRRL 5592_Aspergillus oryzae__1_30_CL3_769_8#19#2024_A_18A_23.OKA","8/19/2024 7:16:29 PM","18-A","PM01","","NRRL 5592","Aspergillus oryzae","",33.5000,"25.9117","168.9996","84.5125","55.4696","22.1767","30.3008","28.2880","55.8050","23.0990","50.1582","91.9961","48.7393","24.2297","60.6806","52.1851","24.8811","17.3809","20.4869","13.8209","201.2786","19.9860","15.7067","39.2051","59.4964","33.2183","15.4251","24.0120","175.6856","27.4186","23.5690","68.5725","48.0210","82.4607","71.2395","27.7842","36.5402","39.2382","13.0821","18.0727","15.5857","30.1436","23.5101","18.7533","19.8765","20.3667","17.3201","79.1426","39.1591","65.6600","20.0621","20.3278","29.7903","32.5087","18.0074","11.7926","20.6958","73.8497","77.5532","21.3789","30.9234","40.8219","16.7352","20.6164","15.2292","27.5016","22.0018","20.3327","15.1354","16.8725","19.8384","51.5738","37.7561","43.1808","19.1102","31.3899","31.2665","34.3871","49.4787","23.2673","23.1328","25.7687","26.9440","24.6417","36.7556","47.5267","33.2962","31.9471","41.6879","41.4527","161.8531","28.8566","29.2106","89.4469","69.5067","36.8950","38.4411"
"C:\Users\cfg364\Sommerlab Dropbox\Casper van der Luijt\Casper\Data\BioLog\OmniLog\CL3\DATA_2024\08\_NRRL 5592_Aspergillus oryzae__1_30_CL3_769_8#19#2024_A_18A_23.OKA","8/19/2024 7:16:29 PM","18-A","PM01","","NRRL 5592","Aspergillus oryzae","",33.7500,"24.6097","170.7865","82.6213","56.1425","23.8548","28.9290","30.4451","55.2051","21.9467","47.6071","90.2539","48.8012","21.6937","63.5516","58.0426","19.8446","18.4018","23.0655","16.6734","203.7547","18.0876","16.8197","37.1538","60.5473","32.6112","14.5150","25.9096","176.9524","26.3965","24.6633","70.1524","48.4944","80.6576","71.0179","32.8636","40.7763","39.9973","14.2809","14.2924","15.3049","33.5405","18.8929","16.4654","19.0581","20.0197","18.7137","80.6339","37.9767","69.4764","19.2383","21.7393","33.6616","33.0075","16.9222","14.1070","21.9949","75.8049","78.9603","22.6724","31.0192","41.0360","17.2993","22.0650","15.9235","29.3691","21.9086","20.4592","11.0000","17.4408","20.8169","54.0958","36.3193","44.5534","18.8858","32.9681","32.2704","39.2878","50.7403","26.0322","24.6932","31.2670","29.7842","23.7344","36.8524","51.2638","33.8575","38.2599","43.1081","36.4135","161.2100","23.7914","31.9324","88.6949","73.5010","35.9420","37.5404"
"C:\Users\cfg364\Sommerlab Dropbox\Casper van der Luijt\Casper\Data\BioLog\OmniLog\CL3\DATA_2024\08\_NRRL 5592_Aspergillus oryzae__1_30_CL3_769_8#19#2024_A_18A_23.OKA","8/19/2024 7:16:29 PM","18-A","PM01","","NRRL 5592","Aspergillus oryzae","",34.0000,"28.1864","172.2481","86.6032","58.5102","25.9785","28.7658","29.7849","55.4940","25.1816","48.1803","93.7434","49.4025","20.2058","67.1069","56.0395","21.5222","17.9433","25.6552","15.0777","206.2062","18.9654","17.9491","39.0642","58.8422","35.0714","19.3346","22.8224","174.1426","33.3100","23.5213","71.7823","46.7755","77.9052","73.9337","31.8700","34.7614","37.3081","12.8316","16.2999","19.2214","31.7829","17.2133","16.4626","19.6935","21.7874","16.7043","82.3871","40.9654","71.8107","21.9419","18.7682","28.7229","35.1084","13.8474","15.7120","24.2408","79.1437","74.8064","23.4426","27.3251","43.8845","17.1376","19.6155","14.7837","25.5278","21.0362","20.7738","14.1801","22.4755","20.8574","53.4435","42.6486","47.3431","20.9290","32.7585","33.4737","44.5865","52.4094","24.1338","17.4685","24.0913","26.4592","24.5710","36.9502","46.3611","33.2716","35.8650","40.4302","38.2256","163.9410","25.5795","26.9621","96.1557","77.5317","35.7672","40.7153"
"C:\Users\cfg364\Sommerlab Dropbox\Casper van der Luijt\Casper\Data\BioLog\OmniLog\CL3\DATA_2024\08\_NRRL 5592_Aspergillus oryzae__1_30_CL3_769_8#19#2024_A_18A_23.OKA","8/19/2024 7:16:29 PM","18-A","PM01","","NRRL 5592","Aspergillus oryzae","",34.2500,"24.1418","174.2934","84.0110","56.4764","24.9909","28.6564","34.3777","56.1790","22.5953","50.0610","94.9830","45.6287","23.1542","65.9545","56.4573","23.4326","18.1759","25.5485","17.1626","205.5608","18.9916","19.1670","40.1236","62.4093","30.4195","16.6825","21.8734","180.8156","30.8382","23.0103","73.7711","52.8286","83.3573","72.2412","31.5665","39.3541","42.6325","15.5736","16.4033","14.6978","34.1392","19.7571","19.5381","18.1991","20.3917","20.8201","80.1530","38.6128","70.7352","20.6815","17.9738","30.8363","30.7244","12.4622","15.4117","19.8680","82.3789","80.1151","21.6417","30.8348","43.0766","12.7637","22.8577","14.9841","24.0869","17.1459","23.2827","14.1081","16.1239","22.4601","55.0612","42.0037","47.8607","19.1498","31.1596","30.0895","44.3975","54.8063","22.5816","16.8934","24.2642","30.6474","27.2135","32.5897","48.9114","32.9401","35.9737","45.8214","42.5677","164.1224","25.6196","33.9100","93.4788","75.6832","36.3039","35.7632"
"C:\Users\cfg364\Sommerlab Dropbox\Casper van der Luijt\Casper\Data\BioLog\OmniLog\CL3\DATA_2024\08\_NRRL 5592_Aspergillus oryzae__1_30_CL3_769_8#19#2024_A_18A_23.OKA","8/19/2024 7:16:29 PM","18-A","PM01","","NRRL 5592","Aspergillus oryzae","",34.5000,"29.1009","178.2274","83.7050","55.7385","23.3170","31.4662","34.0618","54.0548","22.9147","52.2683","97.3202","48.1088","22.2075","67.1922","57.4024","22.1802","18.3030","26.3375","15.8037","206.5424","19.9669","17.3943","41.0207","60.7709","29.7783","16.5264","20.3590","182.7215","32.7079","22.5085","73.0401","53.5851","83.2940","73.0361","31.5665","35.1880","43.5993","15.8869","15.5486","14.7600","35.0267","18.7250","21.2521","16.4625","20.0755","19.9830","85.3233","37.3009","66.8146","20.5862","19.6327","29.7343","30.6617","11.0000","14.4348","23.7812","78.0042","80.5005","17.7980","31.9491","41.7325","17.9605","21.5334","13.6561","23.6866","18.1754","20.7567","14.1081","19.2674","18.3672","59.6660","42.9814","45.2645","22.0787","34.0124","32.0393","43.1011","57.1152","20.4061","17.1832","25.6740","30.2628","23.0554","32.5244","49.5457","28.6210","35.4627","47.5456","39.4947","162.9629","27.4551","31.2242","94.3956","76.3064","40.6802","36.8581"
"C:\Users\cfg364\Sommerlab Dropbox\Casper van der Luijt\Casper\Data\BioLog\OmniLog\CL3\DATA_2024\08\_NRRL 5592_Aspergillus oryzae__1_30_CL3_769_8#19#2024_A_18A_23.OKA","8/19/2024 7:16:29 PM","18-A","PM01","","NRRL 5592","Aspergillus oryzae","",34.7500,"25.1265","173.4496","89.5465","60.7737","22.6352","33.2287","35.7527","56.2444","24.7107","49.0468","98.4436","48.3046","20.6049","59.5077","57.0943","23.7760","17.0746","28.4416","15.5500","208.4824","19.3666","21.0950","44.1475","62.4300","32.3650","14.7011","22.8375","182.4405","31.8209","22.0540","74.2492","53.7899","80.6151","72.3596","29.4604","37.4636","43.3712","14.0149","13.0128","15.7735","32.9092","19.9346","19.1249","19.3062","17.4869","20.7928","89.5151","39.3168","75.3725","17.0477","19.3496","24.3893","33.4520","14.9036","15.2607","21.3450","84.4370","84.7160","16.4880","30.5601","42.4408","18.3669","18.2318","14.7921","25.4518","22.0599","22.5489","13.6163","16.3350","19.9982","59.5598","43.1437","51.8383","17.9818","35.2704","31.6488","42.8650","53.7192","20.6721","20.7404","25.4079","29.1508","24.0674","37.2070","51.9548","32.5214","37.1524","44.5348","42.7386","160.5061","25.8515","31.4466","97.6109","79.0534","37.5542","39.2438"
"C:\Users\cfg364\Sommerlab Dropbox\Casper van der Luijt\Casper\Data\BioLog\OmniLog\CL3\DATA_2024\08\_NRRL 5592_Aspergillus oryzae__1_30_CL3_769_8#19#2024_A_18A_23.OKA","8/19/2024 7:16:29 PM","18-A","PM01","","NRRL 5592","Aspergillus oryzae","",35.0000,"25.1066","174.6763","85.4492","61.4569","25.4797","28.0013","36.4665","62.9262","20.8052","51.0114","97.4508","49.9545","24.8537","67.6314","58.4423","24.8875","15.4673","26.1763","16.5367","209.6849","18.3564","18.5151","44.3830","62.8888","32.7902","14.4037","25.0481","181.6952","29.9900","23.4383","76.9871","53.9102","85.6203","78.1403","32.3854","35.9357","43.7412","17.3156","17.4746","14.0009","34.7853","20.4049","14.3490","15.8044","22.0763","18.4533","89.8444","37.5935","73.4456","12.7030","18.0607","29.5303","31.6784","13.9133","11.7650","22.5130","83.0729","84.6855","16.0258","32.7090","45.9085","19.2163","20.0366","19.6272","27.5262","20.1512","22.1070","15.8324","20.6376","20.9681","60.6753","37.1328","47.0011","17.1706","34.4831","35.8157","44.7468","53.0578","23.3929","19.8103","28.1268","27.3462","26.4192","35.7998","51.2654","34.1898","36.0188","46.4141","39.8383","163.5394","24.3407","33.8737","98.1138","80.2995","35.7694","36.0473"
"C:\Users\cfg364\Sommerlab Dropbox\Casper van der Luijt\Casper\Data\BioLog\OmniLog\CL3\DATA_2024\08\_NRRL 5592_Aspergillus oryzae__1_30_CL3_769_8#19#2024_A_18A_23.OKA","8/19/2024 7:16:29 PM","18-A","PM01","","NRRL 5592","Aspergillus oryzae","",35.2500,"24.9858","176.1278","90.0156","61.8295","23.8029","30.1004","33.2516","60.8844","20.8860","56.1931","100.1291","47.4499","24.0581","68.1128","58.8830","26.2015","21.9958","28.7516","14.0393","210.5867","18.6226","19.2072","41.6882","63.2681","34.7037","18.8104","23.7570","184.1606","33.5545","22.6572","80.0915","52.3678","85.5181","78.4553","30.2635","38.8556","42.0060","13.8969","18.9999","16.6229","35.8805","22.1834","13.6130","18.6140","17.8731","24.3376","87.6112","36.6921","74.3653","19.2784","21.4405","28.8805","35.1406","17.4544","13.4070","21.6313","85.4712","83.7844","21.6803","34.6818","44.4003","18.8686","21.8429","19.0367","26.0609","22.1253","20.3005","13.6793","19.3500","18.7938","59.8440","39.5372","46.1202","17.4535","38.0035","35.4957","47.4699","56.1344","23.4400","17.2175","26.1957","31.7018","25.2389","38.0829","53.2773","29.0002","37.0615","45.6028","41.7180","164.8165","28.1818","33.6160","97.7247","85.2058","33.2933","39.1860"
"C:\Users\cfg364\Sommerlab Dropbox\Casper van der Luijt\Casper\Data\BioLog\OmniLog\CL3\DATA_2024\08\_NRRL 5592_Aspergillus oryzae__1_30_CL3_769_8#19#2024_A_18A_23.OKA","8/19/2024 7:16:29 PM","18-A","PM01","","NRRL 5592","Aspergillus oryzae","",35.5000,"26.7844","176.2848","91.0876","59.9288","21.2994","30.9364","33.4101","59.6484","22.5066","58.1054","99.8459","48.0092","22.1360","70.2292","60.4690","23.0574","19.4607","29.4755","17.3003","210.8715","20.4887","15.5314","47.2505","66.1839","33.3397","19.4328","25.7823","186.5848","29.6362","20.8976","80.7586","52.1780","86.4670","78.2644","30.0105","38.9177","43.3686","11.0000","17.4790","12.5619","35.8488","26.0773","14.0273","17.8589","17.8731","21.8892","92.0094","36.3792","77.3505","19.5968","21.6549","32.4124","35.8882","14.9838","16.5742","25.2592","84.9665","85.4935","23.0390","33.5359","43.1203","22.1965","22.0278","17.8706","26.4921","18.3029","22.8399","14.8771","19.4441","18.4467","60.5075","40.3971","49.2253","17.1324","37.6899","32.0726","49.5916","59.1180","24.2374","17.7623","29.0490","30.3475","24.2681","38.4392","51.7126","28.5918","37.3809","47.2151","42.7471","170.3111","26.3121","32.8106","101.9711","85.3693","37.1748","38.9618"
"C:\Users\cfg364\Sommerlab Dropbox\Casper van der Luijt\Casper\Data\BioLog\OmniLog\CL3\DATA_2024\08\_NRRL 5592_Aspergillus oryzae__1_30_CL3_769_8#19#2024_A_18A_23.OKA","8/19/2024 7:16:29 PM","18-A","PM01","","NRRL 5592","Aspergillus oryzae","",35.7500,"25.4520","178.0179","93.8252","63.0916","24.7178","32.8875","34.9548","64.0260","27.8238","58.8481","102.8851","49.2054","21.7169","67.1556","61.7821","23.2655","17.6724","26.0213","17.0615","212.6235","21.2151","18.2190","46.5560","67.5253","33.8553","17.1059","23.0200","186.6597","31.9849","22.5678","84.5401","52.0088","86.6084","80.0546","33.9133","39.2132","43.0101","15.5898","18.2663","11.7189","34.9195","22.2813","17.8610","19.0153","21.3312","19.6469","90.3938","36.5470","77.6360","18.8410","22.2805","25.8415","33.8347","13.9796","15.1357","22.2880","83.9999","85.8547","16.3509","33.9704","42.2437","15.9506","20.4486","13.3400","27.0042","20.6754","22.7263","13.4530","21.0833","23.5701","61.8931","45.1315","46.7815","23.7221","36.6392","35.7741","45.8092","53.5032","24.7354","17.4074","26.5009","32.2819","26.3649","35.8584","51.9297","35.8773","39.1313","46.5352","41.7005","164.7740","25.3328","31.7333","104.4993","86.5104","43.6418","40.6935"
"C:\Users\cfg364\Sommerlab Dropbox\Casper van der Luijt\Casper\Data\BioLog\OmniLog\CL3\DATA_2024\08\_NRRL 5592_Aspergillus oryzae__1_30_CL3_769_8#19#2024_A_18A_23.OKA","8/19/2024 7:16:29 PM","18-A","PM01","","NRRL 5592","Aspergillus oryzae","",36.0000,"26.0357","183.1702","94.2437","61.0216","26.2394","34.7336","36.3604","65.7227","25.6342","55.8277","103.7066","47.8999","25.5481","67.7858","63.5534","25.6415","18.3745","27.5929","17.6658","218.3110","20.1527","19.7391","48.6699","68.0513","33.0262","16.7175","23.8439","188.4867","32.6484","22.0536","84.7287","58.7507","86.9428","80.6358","28.7545","37.2200","44.9988","13.7890","15.5860","14.6528","33.7855","21.2234","16.2752","21.6960","19.5095","18.8650","92.5806","42.3168","83.9028","18.0272","17.4380","29.4235","35.6792","14.7205","14.7042","23.0949","89.3558","90.2503","16.6176","32.9740","43.0651","16.1069","22.6396","16.3358","26.9983","19.7600","22.6737","13.4516","19.4410","21.8894","69.8539","41.2689","50.6143","18.7849","37.1282","36.2665","49.1066","57.2602","25.3459","19.9433","30.2456","29.9732","25.5054","37.1986","50.4361","29.8611","42.8092","46.8919","40.0084","166.1090","31.7247","27.3362","102.4847","86.6604","46.2274","38.0250"
"C:\Users\cfg364\Sommerlab Dropbox\Casper van der Luijt\Casper\Data\BioLog\OmniLog\CL3\DATA_2024\08\_NRRL 5592_Aspergillus oryzae__1_30_CL3_769_8#19#2024_A_18A_23.OKA","8/19/2024 7:16:29 PM","18-A","PM01","","NRRL 5592","Aspergillus oryzae","",36.2500,"27.6168","183.6719","96.7745","64.5421","23.8099","36.0432","35.5709","67.3953","25.9864","60.4640","103.1390","51.2488","25.6090","68.9460","63.8583","25.0301","21.0964","25.7914","18.7399","213.8587","20.6261","20.4017","50.0107","70.1495","34.2415","16.8112","23.6319","190.7841","33.2832","23.1841","85.7729","59.2514","89.0736","81.6487","32.8054","35.6630","44.8471","14.5411","17.0229","14.4030","34.4856","23.8647","20.9783","20.8756","22.5666","20.5549","91.5161","40.4197","81.9973","20.2848","19.6251","31.9429","33.3733","16.4257","15.0208","22.7150","89.3558","89.0311","19.0931","31.3793","45.9357","19.0206","24.9183","16.8094","27.8597","21.8175","20.2378","16.5317","20.3510","21.9523","68.8521","40.2241","52.1426","19.9703","38.5117","36.7385","52.0047","58.8401","22.7375","23.6804","28.9052","31.3239","28.9469","38.3630","52.1533","33.7021","45.1877","50.4253","41.9091","164.1278","28.4151","31.5499","107.0932","88.9709","46.0653","38.5719"
"C:\Users\cfg364\Sommerlab Dropbox\Casper van der Luijt\Casper\Data\BioLog\OmniLog\CL3\DATA_2024\08\_NRRL 5592_Aspergillus oryzae__1_30_CL3_769_8#19#2024_A_18A_23.OKA","8/19/2024 7:16:29 PM","18-A","PM01","","NRRL 5592","Aspergillus oryzae","",36.5000,"25.2297","183.3897","94.7925","63.7768","25.4822","37.1293","34.1181","66.7956","25.5701","60.6558","104.9679","50.4426","22.8089","72.3638","67.9430","22.9822","20.4001","29.0152","17.8869","215.6459","20.8155","19.9915","50.1065","72.8339","32.8439","17.5923","24.4800","191.7644","32.8071","21.3000","87.0386","58.9384","87.0382","83.1047","34.7359","40.6454","46.1816","15.3559","15.4026","18.5865","35.5358","25.6359","15.9256","17.9729","19.2573","22.4724","93.8065","42.2857","82.8886","16.6917","19.3478","30.7462","37.8293","14.8135","13.1529","28.1608","94.4304","90.6995","18.5853","31.8258","45.0806","18.4567","21.2232","18.2933","26.6291","20.6329","23.5912","12.3515","19.0645","26.7361","66.6294","42.5671","53.3712","14.9405","40.1152","35.2282","52.1897","62.7268","24.0417","20.8377","29.7988","29.8767","26.9206","39.4304","50.8277","34.7326","44.2998","50.7043","43.0308","170.0714","31.3069","30.0913","107.3874","92.6807","48.5305","34.9042"
"C:\Users\cfg364\Sommerlab Dropbox\Casper van der Luijt\Casper\Data\BioLog\OmniLog\CL3\DATA_2024\08\_NRRL 5592_Aspergillus oryzae__1_30_CL3_769_8#19#2024_A_18A_23.OKA","8/19/2024 7:16:29 PM","18-A","PM01","","NRRL 5592","Aspergillus oryzae","",36.7500,"23.8346","183.9855","98.0552","62.2767","26.9020","34.1905","37.1815","67.4899","26.8190","59.6646","103.1706","50.3496","24.9699","69.7613","63.2181","25.8249","18.2479","27.2769","16.0230","217.6525","18.0065","18.8242","50.2981","71.9699","32.1452","17.2799","23.8136","192.7753","32.5849","22.3049","87.0386","59.6582","87.9605","84.8140","31.9509","37.6559","44.9988","15.4499","18.0319","16.4635","35.4721","22.0624","16.7201","19.0141","20.5495","19.1575","95.9032","39.3624","83.0730","21.0479","17.2224","31.2501","34.2147","13.8834","13.0895","23.6332","93.4218","91.8225","20.8704","33.2610","44.1339","15.9189","20.3918","13.8100","25.9522","18.9183","22.4523","12.4144","17.6838","19.2772","69.5408","41.3956","53.7307","19.0092","40.2095","36.5182","52.6830","61.2732","26.4274","21.7320","31.2670","31.4525","26.9206","38.9776","52.0328","31.7035","41.6675","53.4318","43.5605","164.8308","28.8650","33.0409","104.3150","94.6332","46.6491","36.0625"
"C:\Users\cfg364\Sommerlab Dropbox\Casper van der Luijt\Casper\Data\BioLog\OmniLog\CL3\DATA_2024\08\_NRRL 5592_Aspergillus oryzae__1_30_CL3_769_8#19#2024_A_18A_23.OKA","8/19/2024 7:16:29 PM","18-A","PM01","","NRRL 5592","Aspergillus oryzae","",37.0000,"27.7109","184.7925","98.6589","66.3697","23.4506","34.0493","38.1371","66.8759","24.3437","64.9057","107.0861","52.3263","23.1560","77.5453","63.7616","24.4809","17.3247","29.0972","17.8175","219.2519","25.0016","13.5402","52.4283","74.9917","35.7318","17.4541","26.1300","191.0540","34.8092","23.5157","86.1984","61.3161","92.2398","83.4191","36.1578","40.5393","47.0786","14.7750","18.1020","16.7673","37.6869","27.2911","18.6737","18.4051","21.7079","24.9043","99.0709","40.3190","82.8466","19.7462","18.1914","31.0364","37.5508","18.4415","14.2293","25.2617","95.3752","94.1695","23.0771","31.4684","45.2525","17.9872","21.1058","14.2074","26.4719","22.7901","21.2107","11.0000","24.0387","22.1709","68.1645","39.8054","49.9382","20.6998","40.6724","39.0779","54.8751","65.6895","25.1773","23.2517","30.4910","30.6453","26.6463","41.0011","50.0565","30.7411","44.3104","50.7690","46.2139","168.9413","25.6742","34.1549","106.3234","95.8829","42.9854","41.5038"
"C:\Users\cfg364\Sommerlab Dropbox\Casper van der Luijt\Casper\Data\BioLog\OmniLog\CL3\DATA_2024\08\_NRRL 5592_Aspergillus oryzae__1_30_CL3_769_8#19#2024_A_18A_23.OKA","8/19/2024 7:16:29 PM","18-A","PM01","","NRRL 5592","Aspergillus oryzae","",37.2500,"25.7880","186.1394","99.3712","64.5486","23.2862","39.6820","40.4832","68.2735","28.9979","64.0013","104.8439","52.8485","22.9159","76.9493","67.8371","25.6942","18.9260","28.9555","18.7026","219.2497","24.7400","19.9627","54.3042","71.3080","34.1044","18.0563","28.4077","190.9359","35.3255","24.7692","93.6696","59.9080","90.9661","81.1309","32.8550","38.3533","49.3918","15.0293","16.2533","15.4875","37.1626","24.1507","19.6009","19.6445","21.5838","27.4639","100.5667","37.9401","86.8654","22.0715","19.0189","31.1016","36.2910","17.2105","13.7523","27.8957","96.8116","97.7773","22.2367","33.8077","46.7744","19.3781","23.1640","15.6185","28.8352","22.4259","21.5736","11.4435","23.9261","27.6874","70.7853","42.0945","49.3436","18.5978","43.1851","42.3853","54.0776","66.1932","25.4818","22.2823","27.5452","30.3519","25.0754","36.3963","50.0408","32.2061","41.4689","53.9459","47.1597","165.0009","33.0608","30.9229","110.9943","93.6679","47.4605","37.9109"
"C:\Users\cfg364\Sommerlab Dropbox\Casper van der Luijt\Casper\Data\BioLog\OmniLog\CL3\DATA_2024\08\_NRRL 5592_Aspergillus oryzae__1_30_CL3_769_8#19#2024_A_18A_23.OKA","8/19/2024 7:16:29 PM","18-A","PM01","","NRRL 5592","Aspergillus oryzae","",37.5000,"28.5013","187.7534","102.9886","63.7906","24.9106","38.3718","37.2436","68.6663","29.0218","66.5443","104.7486","55.2715","23.0384","77.7430","68.9947","23.4351","17.0254","30.7101","19.4724","220.4773","20.1882","20.0136","51.5188","76.2731","30.3182","12.0689","25.2567","192.2292","32.0339","18.4523","90.0284","56.3634","92.6248","84.1490","35.8549","41.8515","47.5679","17.9210","14.9128","13.6229","34.4375","23.3823","16.8908","18.6158","22.1502","19.5267","97.1534","39.1149","85.8012","19.7606","21.5567","29.1627","33.3930","15.5752","13.2472","23.0874","98.1365","96.6560","15.7010","32.5679","44.9988","13.8939","21.1906","14.4190","27.5405","17.3652","18.7123","14.8785","15.6035","20.8589","69.5557","38.1365","54.1805","20.6831","39.9336","36.8923","52.9149","68.1221","25.5212","20.9119","28.7270","25.8515","26.3304","39.5254","47.8697","34.3438","46.3034","56.1673","43.4827","169.5506","32.5125","29.0699","108.4965","96.5295","45.3692","38.8505"
"C:\Users\cfg364\Sommerlab Dropbox\Casper van der Luijt\Casper\Data\BioLog\OmniLog\CL3\DATA_2024\08\_NRRL 5592_Aspergillus oryzae__1_30_CL3_769_8#19#2024_A_18A_23.OKA","8/19/2024 7:16:29 PM","18-A","PM01","","NRRL 5592","Aspergillus oryzae","",37.7500,"24.5360","187.1608","100.9033","70.7380","23.9521","41.3845","39.0699","74.2555","29.1684","64.9596","111.5566","56.1295","21.9909","78.8815","70.0777","21.5278","20.2343","30.9985","16.1601","220.1370","25.3547","20.1255","55.3108","75.7008","35.3986","13.2352","26.6345","193.4278","37.5704","27.2789","97.6542","61.8971","89.3152","85.7747","36.3036","39.0032","48.4973","16.7284","13.7413","17.2875","37.4242","23.6642","17.3285","19.8706","22.3233","21.6574","101.9930","42.0674","89.0405","18.0458","17.2936","31.5257","36.6653","16.0650","13.4935","27.6883","99.4839","100.8161","18.2855","33.7337","45.7758","15.6029","20.5765","13.5587","25.0496","20.8248","26.3649","15.1244","18.7313","21.3543","72.8881","39.9001","51.3166","16.3358","38.0477","42.4630","53.1210","70.9136","26.3614","22.3274","28.8429","31.5967","26.5311","41.1875","51.9246","31.8186","41.1443","56.1719","47.5309","172.9093","29.2428","35.3900","115.0618","92.8948","44.7851","40.9233"
"C:\Users\cfg364\Sommerlab Dropbox\Casper van der Luijt\Casper\Data\BioLog\OmniLog\CL3\DATA_2024\08\_NRRL 5592_Aspergillus oryzae__1_30_CL3_769_8#19#2024_A_18A_23.OKA","8/19/2024 7:16:29 PM","18-A","PM01","","NRRL 5592","Aspergillus oryzae","",38.0000,"26.4771","186.5653","107.9545","69.9429","23.1519","40.9834","40.5025","72.0862","31.3372","65.7972","110.5609","55.0156","22.3620","80.2745","69.7147","22.4765","20.3177","31.9182","19.0111","223.8132","23.8826","24.0331","53.4296","77.0036","35.3308","18.3815","29.9483","196.2705","33.6527","25.1094","95.3030","58.7660","90.7193","87.9503","39.5017","39.9759","55.0589","16.9063","16.5388","19.3017","33.7014","20.6135","23.0887","19.7146","19.6806","24.3176","104.9207","37.9129","89.8368","21.6544","20.8851","33.2778","36.1626","14.2609","17.2975","26.1650","103.2119","99.4228","24.8625","35.9119","46.8867","16.6383","20.1318","14.4213","24.9092","26.0634","21.3805","15.8721","19.1284","26.8195","72.3126","45.1410","54.0036","23.2566","42.7836","39.8661","57.0780","71.3187","23.9125","20.9659","30.2499","32.6446","28.5875","40.9523","52.4708","32.0971","45.7295","57.3894","39.9231","170.4875","33.5386","32.4851","111.5457","96.5985","44.3720","37.4640"
"C:\Users\cfg364\Sommerlab Dropbox\Casper van der Luijt\Casper\Data\BioLog\OmniLog\CL3\DATA_2024\08\_NRRL 5592_Aspergillus oryzae__1_30_CL3_769_8#19#2024_A_18A_23.OKA","8/19/2024 7:16:29 PM","18-A","PM01","","NRRL 5592","Aspergillus oryzae","",38.2500,"26.3223","187.8799","105.2986","68.9657","27.8987","42.3317","40.1543","74.9754","31.4333","67.5016","113.2808","55.9127","24.6651","79.4951","68.8265","20.7843","20.8565","33.2138","18.2195","225.3791","23.3786","20.2371","57.4964","79.9631","32.6914","17.3494","29.6180","195.6590","34.0022","26.5766","96.0317","57.7173","90.4333","87.4753","39.2807","37.9550","52.8018","15.1155","18.4257","17.7839","34.6871","20.8014","23.9725","21.8539","23.5947","22.6044","107.5501","39.4392","91.7417","20.8275","20.8851","35.8123","31.1364","13.2360","14.2278","28.1003","101.0389","99.0062","22.9047","35.5934","45.9720","18.9875","20.1935","14.4530","27.4941","24.1728","25.5453","15.9349","20.4779","25.0687","71.9977","43.0449","54.0036","18.4813","39.8541","42.1855","60.0777","71.1299","23.6581","21.0933","29.0348","31.0985","28.1688","41.9185","53.4037","32.9085","44.1754","59.1784","40.1113","168.8167","32.0979","34.4823","113.6111","97.5850","46.7041","37.3676"
"C:\Users\cfg364\Sommerlab Dropbox\Casper van der Luijt\Casper\Data\BioLog\OmniLog\CL3\DATA_2024\08\_NRRL 5592_Aspergillus oryzae__1_30_CL3_769_8#19#2024_A_18A_23.OKA","8/19/2024 7:16:29 PM","18-A","PM01","","NRRL 5592","Aspergillus oryzae","",38.5000,"27.4366","191.9490","107.4050","71.9281","28.8797","41.8822","41.0406","77.3566","32.2980","65.3470","112.9330","55.6343","20.7345","84.0157","69.0409","19.8920","20.0958","32.0130","18.6311","225.0659","24.2921","16.4410","56.7599","80.7030","33.6926","16.5674","28.2967","197.7994","37.0204","24.5476","97.2039","56.8910","93.6424","89.7236","37.7973","41.0329","55.1191","15.2098","18.1822","21.9967","35.9271","22.2419","19.2696","23.4898","26.1515","27.3884","106.0430","40.7787","94.1381","21.4000","20.3326","35.7184","35.0945","14.5093","14.9241","26.8312","103.2749","101.5701","24.8625","33.2041","46.7648","17.5153","23.7414","16.0052","28.2019","23.3049","21.1912","13.5775","22.7062","25.2563","76.9733","42.7591","53.0989","23.7022","43.9492","41.6840","61.7477","74.5911","25.4391","20.8067","27.4679","32.5157","28.8774","44.4950","54.7881","34.5001","47.7593","60.1037","39.5466","170.6160","29.2486","35.7385","112.5620","95.2173","45.4231","39.6506"
"C:\Users\cfg364\Sommerlab Dropbox\Casper van der Luijt\Casper\Data\BioLog\OmniLog\CL3\DATA_2024\08\_NRRL 5592_Aspergillus oryzae__1_30_CL3_769_8#19#2024_A_18A_23.OKA","8/19/2024 7:16:29 PM","18-A","PM01","","NRRL 5592","Aspergillus oryzae","",38.7500,"27.6533","190.4778","108.1682","70.2178","27.1392","42.3959","41.3571","81.4841","32.2660","69.5597","114.1031","55.6343","21.6864","82.1451","71.1542","21.2458","20.2860","31.8234","16.2246","227.3209","22.7487","19.0033","58.0728","82.2444","33.0858","15.2225","28.2967","198.4110","37.1793","24.9534","99.5483","58.7025","91.2276","88.8370","38.0813","40.5044","53.0727","15.3983","16.3562","18.0317","36.2450","23.0874","19.3643","20.0292","22.5215","25.2550","106.5881","39.0343","98.0708","21.6544","19.7186","34.0601","35.0003","13.4534","15.1139","24.7056","102.0467","101.8906","20.4732","36.4535","49.8138","13.4119","22.6616","14.5797","29.9251","21.9411","23.7784","15.6835","20.5721","24.1308","76.6583","42.1239","51.4101","20.1049","42.2796","43.8779","63.2939","73.7415","27.7926","22.6853","27.4679","31.1629","29.3606","41.9829","55.6307","33.2518","47.4104","61.2141","41.8680","171.0015","29.5687","35.4808","113.0538","94.1650","47.5581","35.8562"
"C:\Users\cfg364\Sommerlab Dropbox\Casper van der Luijt\Casper\Data\BioLog\OmniLog\CL3\DATA_2024\08\_NRRL 5592_Aspergillus oryzae__1_30_CL3_769_8#19#2024_A_18A_23.OKA","8/19/2024 7:16:29 PM","18-A","PM01","","NRRL 5592","Aspergillus oryzae","",39.0000,"24.8365","191.5421","109.0840","71.6227","26.9810","40.0524","42.3701","78.3409","31.5614","72.7433","114.0083","53.5619","19.0148","84.7951","74.6765","23.1534","18.3210","31.0019","17.3962","226.6319","25.4575","21.5024","59.3217","83.2001","33.3588","15.5040","30.4588","200.5820","37.6876","26.3581","101.9243","59.4016","96.5973","90.6103","40.3854","39.7893","50.0030","14.8642","17.3301","18.9300","37.5804","26.5946","23.4675","21.7910","20.1540","23.9944","106.7164","41.3082","93.6466","22.0997","20.8851","33.6533","34.7804","16.1553","13.7848","25.7843","106.5817","102.8841","22.0837","35.4659","49.3259","18.0792","25.4999","15.9419","27.3710","22.1891","22.6425","14.6147","19.8189","25.4439","76.0285","39.2338","52.1942","21.1236","43.8547","44.7242","59.8303","75.2519","26.1388","21.6982","28.4592","30.4543","27.7178","42.4016","54.1561","34.4065","47.3470","64.1443","42.7778","165.8288","32.7702","37.8323","115.5125","100.3473","48.7406","40.3259"
"C:\Users\cfg364\Sommerlab Dropbox\Casper van der Luijt\Casper\Data\BioLog\OmniLog\CL3\DATA_2024\08\_NRRL 5592_Aspergillus oryzae__1_30_CL3_769_8#19#2024_A_18A_23.OKA","8/19/2024 7:16:29 PM","18-A","PM01","","NRRL 5592","Aspergillus oryzae","",39.2500,"25.9818","195.2042","115.2199","71.0729","28.2152","45.2851","43.1931","79.6109","33.7713","72.7755","114.7357","56.8715","23.1297","89.9704","74.6765","20.9381","20.2860","29.7063","17.5862","228.1665","23.3156","20.8697","58.6172","86.2829","34.9364","16.0670","30.9993","199.2060","35.4636","24.5476","101.1957","59.0520","93.1340","91.8137","40.0698","38.7944","55.0589","15.2726","16.9040","18.3105","34.6871","21.7409","22.4890","20.2179","24.5101","25.5459","109.2175","41.2770","98.8389","21.4318","22.1745","34.9362","32.8327","13.3913","12.1392","27.2754","106.7392","103.6212","24.1362","36.4216","50.9419","17.1081","23.0626","17.1773","25.7401","21.0113","24.9458","17.1608","20.3838","22.3175","77.6975","42.7273","53.2497","20.8371","44.3902","43.2511","63.0465","79.0906","24.7394","19.4694","27.0522","34.2550","28.2332","41.9507","52.2601","34.9371","48.5840","63.2190","38.5114","171.0336","33.7947","35.5775","114.9224","99.2621","46.7369","35.4704"
"C:\Users\cfg364\Sommerlab Dropbox\Casper van der Luijt\Casper\Data\BioLog\OmniLog\CL3\DATA_2024\08\_NRRL 5592_Aspergillus oryzae__1_30_CL3_769_8#19#2024_A_18A_23.OKA","8/19/2024 7:16:29 PM","18-A","PM01","","NRRL 5592","Aspergillus oryzae","",39.5000,"24.3412","193.2636","114.6399","73.7605","26.1266","43.3589","42.8133","81.1983","32.0739","76.5058","115.8110","56.9643","22.9762","89.8769","75.1359","23.7688","18.6696","30.9387","18.6945","231.1419","23.6936","19.7626","62.1716","83.9091","33.7229","17.8811","29.4078","201.0101","36.7027","26.1708","101.2907","57.8126","95.8030","91.1487","40.9220","40.2246","56.1724","14.3930","17.2084","20.9745","37.5804","23.7137","19.8377","20.7842","22.7740","23.4449","108.8327","41.7131","98.4087","20.8593","20.7931","33.3717","35.2830","14.5093","16.0633","28.4175","108.5658","103.7494","25.7151","34.6058","49.4479","16.5756","22.8775","17.5258","29.0020","21.3522","24.8827","13.9547","21.6077","21.5984","77.4141","45.2998","50.5054","22.5243","46.0597","43.4392","63.9742","79.0592","25.0575","19.2784","26.7325","31.1307","29.4573","43.2389","55.2997","33.3142","47.3153","66.5501","39.5153","173.7646","32.7062","35.4486","119.8399","98.9662","47.9194","36.9495"
"C:\Users\cfg364\Sommerlab Dropbox\Casper van der Luijt\Casper\Data\BioLog\OmniLog\CL3\DATA_2024\08\_NRRL 5592_Aspergillus oryzae__1_30_CL3_769_8#19#2024_A_18A_23.OKA","8/19/2024 7:16:29 PM","18-A","PM01","","NRRL 5592","Aspergillus oryzae","",39.7500,"26.1056","194.7034","114.0904","74.4324","30.4937","46.3123","40.7874","82.9446","32.7784","77.1811","115.1152","57.7686","21.1030","88.4116","76.6367","21.7996","20.0958","29.8959","19.3277","230.6407","24.7645","18.8768","65.6941","85.6355","34.7847","16.2859","28.5669","202.3555","38.1642","26.8263","107.2784","62.3890","98.2813","96.8170","41.2692","41.2816","60.2051","13.7646","19.2170","17.6910","37.8983","21.3964","20.3743","21.4763","20.2803","27.2268","112.1996","43.1771","99.2383","21.5272","20.1791","38.7847","34.8118","17.5839","11.8861","28.5444","109.1956","108.6849","23.8836","33.2997","48.4417","15.9178","24.9754","16.0052","28.9712","20.4534","21.9484","17.5694","19.9130","25.1312","83.1769","43.3943","52.4656","20.0094","48.3907","46.9808","67.9945","79.0592","23.8171","23.3857","33.6394","31.5817","31.6476","45.8477","54.6376","33.4391","50.7407","66.8277","40.8956","171.9654","35.2354","33.5481","119.4793","102.0902","49.3646","39.0718"
"C:\Users\cfg364\Sommerlab Dropbox\Casper van der Luijt\Casper\Data\BioLog\OmniLog\CL3\DATA_2024\08\_NRRL 5592_Aspergillus oryzae__1_30_CL3_769_8#19#2024_A_18A_23.OKA","8/19/2024 7:16:29 PM","18-A","PM01","","NRRL 5592","Aspergillus oryzae","",40.0000,"26.6628","195.7363","117.0821","75.8983","26.8228","47.4038","46.1687","87.9610","33.8353","74.8658","117.2026","57.2118","22.6384","90.2822","80.0671","22.0765","18.2893","33.5297","21.5126","233.5847","26.2764","20.3952","62.9402","85.9130","35.3308","15.6291","29.9783","203.7621","35.6225","25.7962","103.6034","60.0055","96.9786","96.6903","41.5849","41.0951","57.1054","17.7231","19.4300","17.3192","37.7712","24.3400","20.8162","22.7348","26.0568","27.7763","112.0714","41.7131","102.7408","23.7853","23.0955","36.5319","37.1050","11.0311","14.6076","30.4480","110.3924","107.5632","22.8099","37.0269","49.4174","16.7949","23.9265","18.8246","27.4326","23.5839","23.2736","17.0665","19.2540","25.7878","81.8543","42.6956","53.1894","21.8240","44.3272","45.5704","70.9942","80.4751","25.8526","20.6475","30.8574","32.2581","31.8087","45.3968","54.0658","31.6289","47.7593","65.8715","41.7112","173.4112","33.2825","33.8380","118.9219","101.3010","50.4486","36.8852"
"C:\Users\cfg364\Sommerlab Dropbox\Casper van der Luijt\Casper\Data\BioLog\OmniLog\CL3\DATA_2024\08\_NRRL 5592_Aspergillus oryzae__1_30_CL3_769_8#19#2024_A_18A_23.OKA","8/19/2024 7:16:29 PM","18-A","PM01","","NRRL 5592","Aspergillus oryzae","",40.2500,"22.2366","199.4661","115.5853","72.9371","29.9569","46.9078","45.6373","85.5681","32.8105","79.3461","119.2571","58.6341","23.0611","94.8378","77.1925","24.6447","18.5391","30.4835","15.8595","230.3569","22.4480","20.1972","65.1664","86.2882","37.6649","18.3400","29.9097","202.5838","38.2810","21.6124","104.5254","64.2546","103.1607","96.7255","41.9022","42.7252","55.7018","19.5206","20.7025","12.7782","40.1723","27.8845","17.3184","23.1177","26.1125","27.2019","113.8267","39.1519","102.9319","22.3625","19.8862","32.0377","37.4537","14.5571","13.6578","26.0768","109.0940","106.6274","20.6829","33.8598","47.0206","16.6734","23.7432","16.1460","24.3572","17.5625","21.4091","13.7150","22.2732","22.7863","83.4257","45.1674","57.1813","16.2851","47.0478","46.1737","72.3659","80.6164","27.1477","25.3262","29.2170","34.3290","27.9987","40.2218","55.3926","36.0458","50.1607","70.4809","46.1745","171.1760","30.1415","32.4275","124.4291","104.8817","49.6184","42.4720"
"C:\Users\cfg364\Sommerlab Dropbox\Casper van der Luijt\Casper\Data\BioLog\OmniLog\CL3\DATA_2024\08\_NRRL 5592_Aspergillus oryzae__1_30_CL3_769_8#19#2024_A_18A_23.OKA","8/19/2024 7:16:29 PM","18-A","PM01","","NRRL 5592","Aspergillus oryzae","",40.5000,"24.9085","199.5374","116.8655","73.9913","27.5412","48.7678","49.4067","87.9285","33.5658","82.8858","119.9937","59.4933","25.4310","94.7603","80.8676","28.3084","18.5370","36.4319","16.6071","232.3003","23.6659","19.7018","66.6137","86.8730","35.8416","16.3805","26.3344","204.8054","39.9874","22.3216","106.8892","64.9767","101.7026","96.2404","45.0604","42.4528","56.4027","18.1311","14.8428","18.1408","36.8010","26.1061","20.1740","22.7013","22.3941","25.0834","115.7260","41.6858","103.9227","20.7756","20.5037","33.8245","36.9223","17.8588","15.9959","27.6952","111.4078","111.6470","24.6546","35.3204","45.8426","16.4511","27.8220","16.2496","26.1070","24.5681","20.7818","14.2130","17.5083","26.8514","84.7021","43.5258","53.5934","23.2819","47.8706","47.2698","71.4721","80.8561","22.9988","21.1357","27.4873","30.8932","25.1710","43.7547","55.3148","34.2624","50.9951","69.1908","43.2347","173.5931","33.4548","34.4039","123.1324","108.8642","53.8794","38.5302"
"C:\Users\cfg364\Sommerlab Dropbox\Casper van der Luijt\Casper\Data\BioLog\OmniLog\CL3\DATA_2024\08\_NRRL 5592_Aspergillus oryzae__1_30_CL3_769_8#19#2024_A_18A_23.OKA","8/19/2024 7:16:29 PM","18-A","PM01","","NRRL 5592","Aspergillus oryzae","",40.7500,"25.9617","199.6940","116.8963","76.4693","26.3053","47.3892","46.8167","88.2440","35.0723","83.3323","123.6415","60.7989","26.0386","95.0406","80.2851","26.1448","18.7915","35.5495","16.7972","232.8050","26.9111","19.7964","68.1453","89.9648","36.2349","17.2564","27.8800","203.4580","36.9077","21.1580","108.7241","68.0539","99.9601","96.3669","45.0919","42.5767","57.5227","18.3802","16.7338","16.9610","38.4235","25.0137","16.3515","25.6422","20.3685","29.6264","116.6564","41.9345","105.3660","21.6990","21.8526","32.9454","34.7673","13.1009","14.0671","27.2209","116.4893","110.8157","23.1690","31.7457","45.8734","18.3622","26.8397","15.4907","26.6311","25.9280","24.1165","16.5125","17.6663","21.7249","87.8004","42.8257","53.8042","22.5819","45.8309","48.8929","74.0303","79.3664","23.8604","22.2194","25.0400","33.9190","26.5298","42.9115","54.0788","34.8557","49.5610","70.5210","41.7086","174.3927","29.5622","36.7829","120.7827","111.3694","54.6317","40.7147"
"C:\Users\cfg364\Sommerlab Dropbox\Casper van der Luijt\Casper\Data\BioLog\OmniLog\CL3\DATA_2024\08\_NRRL 5592_Aspergillus oryzae__1_30_CL3_769_8#19#2024_A_18A_23.OKA","8/19/2024 7:16:29 PM","18-A","PM01","","NRRL 5592","Aspergillus oryzae","",41.0000,"24.3509","201.8240","118.6494","71.4215","28.0165","52.3266","45.1112","88.9067","32.9888","86.5215","123.1698","59.2757","23.8208","93.3897","80.6224","26.1144","18.9505","34.9193","19.1414","234.3190","27.7933","23.5167","69.4215","94.7880","38.0807","14.1908","28.2133","204.8054","39.6381","21.5668","110.2742","66.2955","100.8789","99.6880","45.2178","45.1487","56.7357","17.2280","19.9666","16.4642","36.1965","25.7004","17.7531","24.4846","20.4001","23.7205","116.1431","40.9086","108.4675","21.0940","20.6877","33.7931","36.1727","15.6034","14.0987","33.9875","114.9523","109.9205","21.8415","37.2034","43.9667","18.2055","25.8267","16.5659","27.5560","24.4136","19.9243","13.3310","20.0674","20.7184","88.0508","44.9898","55.1598","20.2910","48.0588","48.8617","76.6193","84.3108","23.6689","23.8769","25.3942","32.8568","28.5681","41.9710","53.4156","32.5139","50.1665","70.9851","45.2280","175.7039","34.2912","36.6865","124.2746","109.4173","54.7952","39.9437"
"C:\Users\cfg364\Sommerlab Dropbox\Casper van der Luijt\Casper\Data\BioLog\OmniLog\CL3\DATA_2024\08\_NRRL 5592_Aspergillus oryzae__1_30_CL3_769_8#19#2024_A_18A_23.OKA","8/19/2024 7:16:29 PM","18-A","PM01","","NRRL 5592","Aspergillus oryzae","",41.2500,"26.7362","199.9133","117.6345","72.7982","27.5412","52.7754","48.1117","92.8825","35.4570","86.2345","126.5031","61.7936","24.0031","98.2490","83.2589","24.8955","19.9045","36.1168","16.7338","234.0666","29.0536","21.4989","70.8574","93.2421","36.5073","16.6308","29.1831","201.9882","40.0826","24.0198","113.5011","66.1699","103.2549","102.8825","45.4067","43.1965","58.2491","22.1793","14.5074","16.1848","36.3874","26.1998","14.7907","25.2355","23.7551","26.1867","116.0789","41.5304","104.3833","20.2024","20.9023","34.3896","35.4856","17.7661","15.3003","34.3353","117.3363","110.5279","21.3358","37.1715","43.5977","14.7907","25.1820","16.5975","27.8643","22.8682","20.3689","12.1340","15.9286","24.8700","89.3339","45.2444","56.3948","23.3456","44.9209","50.7657","74.1844","84.5327","24.5306","21.2951","22.8825","32.8568","29.3446","40.4468","52.9935","34.6684","50.1665","71.4491","46.1000","176.1516","29.1761","37.6831","125.8410","111.9225","53.4869","39.1727"
"C:\Users\cfg364\Sommerlab Dropbox\Casper van der Luijt\Casper\Data\BioLog\OmniLog\CL3\DATA_2024\08\_NRRL 5592_Aspergillus oryzae__1_30_CL3_769_8#19#2024_A_18A_23.OKA","8/19/2024 7:16:29 PM","18-A","PM01","","NRRL 5592","Aspergillus oryzae","",41.5000,"26.0547","200.4458","123.5398","71.1461","25.6082","48.5434","47.0062","93.8291","34.1428","83.4599","125.3082","58.0944","26.5247","100.6475","82.8297","24.6212","18.3144","37.8186","19.0780","237.1578","26.9426","23.7689","71.4636","91.3252","34.0261","15.2231","24.8798","206.1528","39.0984","26.0011","111.5397","64.1603","102.7797","102.2815","46.2881","39.4470","61.7603","16.6364","16.9778","17.6751","38.5507","27.5106","20.5881","24.7036","27.2682","26.7708","119.0628","40.8153","105.7038","21.2851","22.4964","30.9675","36.2976","16.4067","15.5849","34.6515","116.6148","113.6931","25.1287","35.9268","43.0441","15.5426","24.9671","17.7044","27.2477","23.7954","22.3698","17.8670","17.2872","22.6998","91.1491","43.4304","55.1598","20.9274","54.3661","51.3276","79.1775","87.1000","24.1157","22.9844","27.6484","31.5692","28.3740","41.4197","53.3553","32.9822","50.5808","75.8730","44.2313","177.4309","30.4308","35.4648","124.6662","112.1177","55.2531","38.1769"
"C:\Users\cfg364\Sommerlab Dropbox\Casper van der Luijt\Casper\Data\BioLog\OmniLog\CL3\DATA_2024\08\_NRRL 5592_Aspergillus oryzae__1_30_CL3_769_8#19#2024_A_18A_23.OKA","8/19/2024 7:16:29 PM","18-A","PM01","","NRRL 5592","Aspergillus oryzae","",41.7500,"23.7624","202.9830","120.8332","75.0009","25.5765","51.3647","46.7220","96.2587","36.2263","89.3919","125.4654","56.9132","26.1601","98.4670","85.0983","27.4552","18.0600","38.3228","14.6430","235.2968","26.2810","22.2556","72.7399","95.3136","32.6343","15.9426","27.1224","206.3977","37.6062","22.8562","114.1022","65.3535","103.6351","102.1867","42.7310","41.5851","60.1863","19.8126","15.9103","15.1292","34.0332","24.5768","18.8999","24.5159","23.6285","26.2516","118.8703","38.8566","107.7919","19.6930","23.7534","35.1431","36.2664","16.8393","14.3517","32.0903","116.8344","113.3734","23.2639","35.0331","43.8437","17.2343","24.7216","16.3761","27.3711","25.3099","20.8771","12.7325","14.5385","23.3289","91.8689","45.2762","52.7801","18.7319","51.0399","48.2999","79.2392","86.1808","20.8926","20.8489","24.4604","33.0499","25.8504","42.5547","53.6568","35.5426","49.1467","74.4190","45.0100","175.0643","32.9400","36.9115","125.5800","109.3522","56.2670","39.3976"
"C:\Users\cfg364\Sommerlab Dropbox\Casper van der Luijt\Casper\Data\BioLog\OmniLog\CL3\DATA_2024\08\_NRRL 5592_Aspergillus oryzae__1_30_CL3_769_8#19#2024_A_18A_23.OKA","8/19/2024 7:16:29 PM","18-A","PM01","","NRRL 5592","Aspergillus oryzae","",42.0000,"24.6607","201.2602","124.8008","75.3986","28.8087","53.7052","52.5019","92.3145","36.7391","90.0297","125.6541","59.4622","24.6411","100.0245","87.8881","25.3830","18.1872","38.0076","18.6662","234.7606","27.5097","23.1384","71.6231","98.4363","33.8143","16.8498","30.1529","205.4178","40.4954","24.3343","116.6647","68.4935","105.8845","103.4834","48.1769","42.1739","60.9128","18.6605","17.9537","17.5198","37.9144","24.8265","17.2753","24.2656","22.5207","27.4198","118.8061","39.4784","108.6517","21.6990","20.2585","34.2326","37.0159","18.0133","13.8142","32.2168","119.2811","114.3326","22.9162","34.5863","44.1205","15.7932","26.1950","16.4710","28.1110","23.9191","22.8779","12.7325","19.7199","21.9450","94.8733","46.1355","53.6536","22.0410","50.4123","51.8894","82.4138","88.4312","24.8816","22.5382","24.5892","32.7280","27.9858","44.8249","54.2295","35.4178","54.6282","77.7601","45.5394","177.1431","31.2994","38.2296","124.6336","114.3626","53.6832","37.3416"
"C:\Users\cfg364\Sommerlab Dropbox\Casper van der Luijt\Casper\Data\BioLog\OmniLog\CL3\DATA_2024\08\_NRRL 5592_Aspergillus oryzae__1_30_CL3_769_8#19#2024_A_18A_23.OKA","8/19/2024 7:16:29 PM","18-A","PM01","","NRRL 5592","Aspergillus oryzae","",42.2500,"24.1031","200.9469","125.6005","74.0525","29.7910","54.7311","50.8595","97.5840","35.9698","94.1120","128.5157","59.7109","24.8537","104.2608","86.6312","25.3525","17.0106","39.2997","17.9376","237.0001","27.0686","24.5571","73.3142","96.2102","35.6903","17.7570","29.2740","207.5920","40.4001","25.5923","114.9247","67.2061","106.9933","104.4956","43.9587","44.0332","61.3365","21.7122","16.7948","15.4086","37.3736","25.3883","17.3071","25.5171","25.7807","25.9920","121.4371","41.0018","114.0257","22.8135","22.8337","34.9861","37.7967","16.3449","15.0157","31.7425","119.9398","113.5972","23.0110","37.2673","43.8745","17.6729","27.6071","16.7556","28.6043","24.3827","20.2737","15.5045","18.8353","21.6620","94.9672","45.5308","57.7503","19.7501","53.0795","53.3252","85.6193","88.3044","24.6582","23.1438","27.8094","32.1164","28.2122","44.8249","51.5767","34.4186","53.3853","76.8629","44.2313","177.2710","33.6800","36.1078","130.3773","114.8180","56.4960","40.0401"
"C:\Users\cfg364\Sommerlab Dropbox\Casper van der Luijt\Casper\Data\BioLog\OmniLog\CL3\DATA_2024\08\_NRRL 5592_Aspergillus oryzae__1_30_CL3_769_8#19#2024_A_18A_23.OKA","8/19/2024 7:16:29 PM","18-A","PM01","","NRRL 5592","Aspergillus oryzae","",42.5000,"27.3176","207.9184","129.0319","75.2042","30.9664","58.5076","49.1537","98.3193","34.8270","93.2323","131.1019","61.4816","24.2526","104.7445","90.4718","25.3990","18.4987","34.6640","19.0075","234.5911","28.5682","26.4024","77.5273","99.8157","39.6520","16.0509","27.7527","206.2885","41.5070","25.5739","114.9347","71.6331","104.9109","103.4232","43.3332","44.2298","64.6376","17.2958","15.5086","15.8586","40.6017","28.4321","20.1528","23.8158","27.2059","30.1814","122.0130","40.8453","112.6479","24.9127","23.2593","34.0038","31.2651","14.0109","15.6512","32.6627","118.6524","114.1422","24.6669","33.8883","48.3620","16.0592","26.5638","20.3898","31.5571","24.4263","24.2783","12.1666","21.7460","22.0020","92.6800","49.0198","53.0822","22.2179","49.0550","51.8599","83.9823","91.4953","25.9637","21.1936","30.7734","32.1809","25.0450","45.5183","55.5201","33.1896","54.0648","81.0916","48.2399","176.4436","34.4341","34.3356","128.6055","111.4575","57.3857","41.4400"
"C:\Users\cfg364\Sommerlab Dropbox\Casper van der Luijt\Casper\Data\BioLog\OmniLog\CL3\DATA_2024\08\_NRRL 5592_Aspergillus oryzae__1_30_CL3_769_8#19#2024_A_18A_23.OKA","8/19/2024 7:16:29 PM","18-A","PM01","","NRRL 5592","Aspergillus oryzae","",42.7500,"23.7945","203.0275","129.1232","73.3628","30.2692","57.4804","48.8675","98.9810","37.0106","92.2415","127.6389","64.0057","24.0389","105.4618","90.6856","24.4513","18.0200","33.9344","15.4627","240.1524","28.7882","22.7172","80.3126","101.0505","37.5644","13.3529","24.9504","206.6881","39.5685","23.0926","118.8358","67.6877","106.4056","105.2073","46.2234","40.9689","64.6979","15.9737","17.0623","14.8931","40.1570","26.2219","18.7544","21.0133","25.8422","27.6584","121.6249","41.6242","110.3547","23.3317","19.6735","27.6984","31.9888","13.4211","14.9551","34.8132","121.8983","112.6325","22.0472","34.5916","46.1840","19.3382","22.0334","17.4910","31.3727","21.2708","24.8170","14.1215","22.3744","19.0618","94.4406","42.7468","55.0198","17.0897","50.0631","51.1359","89.2878","90.7033","24.5628","18.7650","29.3336","31.9238","22.2751","42.8555","57.6544","34.9037","50.3744","80.8135","46.4089","174.3900","32.4705","32.5530","128.0152","113.6797","58.9569","37.9933"
"C:\Users\cfg364\Sommerlab Dropbox\Casper van der Luijt\Casper\Data\BioLog\OmniLog\CL3\DATA_2024\08\_NRRL 5592_Aspergillus oryzae__1_30_CL3_769_8#19#2024_A_18A_23.OKA","8/19/2024 7:16:29 PM","18-A","PM01","","NRRL 5592","Aspergillus oryzae","",43.0000,"20.6782","207.9960","129.3220","77.3967","31.9167","55.9027","54.6860","103.6830","36.7605","96.6138","128.3713","63.5073","23.8316","107.4762","92.0115","22.1866","14.2695","39.3333","18.2382","240.9361","28.2715","23.7206","78.8633","101.1898","33.3508","17.4247","31.5898","205.6362","36.6356","24.6643","121.9013","70.4293","108.4303","108.6779","49.2563","45.3934","64.6490","16.1397","19.9237","16.9114","38.7485","28.3806","17.1479","22.8986","27.7502","29.6443","126.0173","43.3238","116.8196","20.0588","20.3427","31.5159","36.8967","12.3348","13.1973","32.6296","123.2594","117.0738","23.7881","37.6579","48.8588","16.7127","26.2171","17.3080","28.8072","21.3180","25.0082","17.3005","24.7934","23.6045","95.0314","43.1327","58.1685","18.0668","51.9866","51.3728","88.9845","95.1087","25.9262","18.9344","29.7481","33.8730","30.0318","43.2974","53.5454","32.2061","54.0812","82.0502","46.4765","178.4833","32.8205","34.6936","131.3546","110.1743","54.7194","39.7236"
"C:\Users\cfg364\Sommerlab Dropbox\Casper van der Luijt\Casper\Data\BioLog\OmniLog\CL3\DATA_2024\08\_NRRL 5592_Aspergillus oryzae__1_30_CL3_769_8#19#2024_A_18A_23.OKA","8/19/2024 7:16:29 PM","18-A","PM01","","NRRL 5592","Aspergillus oryzae","",43.2500,"20.1803","207.2184","132.3457","75.4690","33.3069","56.7712","54.3390","102.6071","38.3004","96.5499","130.7776","66.1635","25.2369","106.6663","96.9744","23.7497","14.9747","40.4352","22.8214","243.5750","26.2192","22.0118","79.8214","100.0482","34.5095","19.4304","31.1376","211.1422","37.6496","27.3221","121.3298","69.5772","112.2830","108.8360","49.9479","45.1769","65.2220","17.3620","19.6202","16.4136","38.8121","26.4839","17.3390","24.0572","27.4978","31.5864","125.8571","45.0660","116.1740","22.8241","21.8178","34.3698","39.3646","13.8248","13.9297","34.9164","122.7875","118.3549","21.8352","39.8211","46.6823","13.8564","25.8782","16.2987","30.1011","17.7955","22.4411","17.3950","23.1044","23.6359","97.7045","41.9520","56.9598","18.4186","50.3157","52.7888","89.3852","96.4678","24.9396","22.3896","28.6226","33.3583","27.4468","50.1533","52.9104","34.4615","54.6241","84.5291","43.6059","176.5351","31.6279","34.5645","132.8909","111.0926","53.9593","38.6300"
"C:\Users\cfg364\Sommerlab Dropbox\Casper van der Luijt\Casper\Data\BioLog\OmniLog\CL3\DATA_2024\08\_NRRL 5592_Aspergillus oryzae__1_30_CL3_769_8#19#2024_A_18A_23.OKA","8/19/2024 7:16:29 PM","18-A","PM01","","NRRL 5592","Aspergillus oryzae","",43.5000,"22.4831","209.7688","131.7959","75.1325","32.4538","59.0228","52.6673","103.4615","37.1775","95.3350","130.9359","63.4146","25.2064","106.3859","92.1325","24.1175","14.1733","39.4278","19.3445","242.7268","29.5661","21.0942","82.7914","101.6835","32.6799","16.3278","32.3736","211.2033","40.8818","27.0094","121.6156","72.3230","108.1119","105.1352","48.8162","46.5069","65.4632","13.4759","18.4364","16.3514","39.4160","26.9192","14.8225","21.7088","28.6019","28.3496","128.2933","42.1105","118.9102","21.2348","19.6051","30.8183","34.3039","13.1730","12.8152","34.9799","120.8682","117.1379","25.8355","40.4255","48.8895","16.5871","23.4755","17.5918","29.5466","20.5698","22.3777","16.3869","23.9176","22.8815","97.5158","45.5897","53.3640","19.0581","50.7570","54.1734","90.6181","98.0482","24.4304","19.1903","32.6102","32.4253","32.4875","45.0845","52.4870","27.5702","55.5183","84.1573","43.2315","177.5251","31.4346","34.5645","130.8643","111.3878","53.9593","40.5277"
"C:\Users\cfg364\Sommerlab Dropbox\Casper van der Luijt\Casper\Data\BioLog\OmniLog\CL3\DATA_2024\08\_NRRL 5592_Aspergillus oryzae__1_30_CL3_769_8#19#2024_A_18A_23.OKA","8/19/2024 7:16:29 PM","18-A","PM01","","NRRL 5592","Aspergillus oryzae","",43.7500,"24.7886","209.9069","130.9254","72.6604","34.7501","58.3650","53.0594","107.7263","39.4491","96.4429","130.9610","64.2335","21.8620","112.1875","94.4343","21.6518","21.1471","34.6270","18.2077","240.8515","24.6638","18.6926","82.5198","102.8359","30.9439","14.8126","29.8687","211.1591","40.0325","25.8507","120.6867","70.3347","114.2464","110.2991","49.0908","46.4812","67.8988","16.3164","19.7670","17.8010","40.1598","29.3983","20.4247","23.3945","30.4430","32.7260","126.5835","41.9893","119.1319","21.4840","17.2418","33.8457","35.4958","15.7541","14.1650","35.8401","123.8053","124.2438","23.2477","37.2626","49.2880","16.7974","23.0469","14.5882","31.1680","20.0412","21.3380","16.5490","21.0170","23.2772","101.7208","44.3110","58.3693","20.5997","53.1516","57.8838","97.0861","99.8027","26.9021","19.0286","31.3765","30.7959","26.4646","43.6299","54.1392","34.2971","61.0318","85.3115","47.0706","179.1063","33.7483","33.4644","133.9794","112.8849","64.0109","37.1718"
"C:\Users\cfg364\Sommerlab Dropbox\Casper van der Luijt\Casper\Data\BioLog\OmniLog\CL3\DATA_2024\08\_NRRL 5592_Aspergillus oryzae__1_30_CL3_769_8#19#2024_A_18A_23.OKA","8/19/2024 7:16:29 PM","18-A","PM01","","NRRL 5592","Aspergillus oryzae","",44.0000,"24.5681","210.1659","134.7864","72.4628","32.4822","60.8327","55.1780","105.2795","35.5057","98.0640","128.6348","62.2583","19.6616","114.6358","96.6634","25.0761","15.0272","41.9912","17.2598","244.0421","28.8744","22.0795","80.9177","104.0585","36.1688","18.0579","34.1315","211.4289","34.3415","27.4304","125.1777","74.3689","110.7837","109.6466","50.7532","42.9176","64.8442","15.1849","20.8640","12.3069","36.2369","27.9601","16.2261","18.4172","25.9652","30.6015","129.7774","42.2761","118.4632","20.8859","19.4368","36.3820","35.6146","15.6323","14.3987","37.3160","128.3388","123.9036","20.3466","40.3213","49.2448","13.9694","23.4182","13.9127","27.8656","20.8982","23.7183","15.1271","21.4406","19.8924","101.9479","44.9987","56.7328","18.1380","56.2309","59.7551","93.4401","104.2411","24.2912","20.1589","29.3157","31.1414","29.5986","47.1592","51.8950","34.5071","57.1285","88.2107","42.9990","180.1108","32.8327","34.8760","133.8664","112.7831","58.8670","40.1509"
"C:\Users\cfg364\Sommerlab Dropbox\Casper van der Luijt\Casper\Data\BioLog\OmniLog\CL3\DATA_2024\08\_NRRL 5592_Aspergillus oryzae__1_30_CL3_769_8#19#2024_A_18A_23.OKA","8/19/2024 7:16:29 PM","18-A","PM01","","NRRL 5592","Aspergillus oryzae","",44.2500,"24.1632","210.8662","137.9508","72.1924","32.0767","61.6409","54.4580","106.3149","40.2078","99.4128","140.3000","66.1652","22.5483","112.7343","97.2759","25.1789","19.1841","35.4602","20.6026","243.2243","29.7547","20.7290","83.1867","106.9737","34.8136","15.9713","33.9356","215.4331","39.1236","25.7004","123.0956","75.1646","115.4363","109.6038","46.8045","40.5955","65.7321","17.4080","20.7642","13.5589","35.4312","26.1663","16.6127","21.7854","25.4325","28.6490","128.3724","38.9277","120.0525","21.7820","20.4492","29.7008","37.1784","16.7308","18.9640","40.0408","124.3565","122.5278","24.0034","36.5656","48.9508","15.7619","26.7885","19.3432","29.0943","22.5587","24.2033","12.8678","20.8735","18.3899","103.9011","44.5543","59.3091","20.3168","56.6898","55.6011","95.5763","104.0832","27.3095","22.2823","28.5026","33.9999","30.5317","47.8512","52.1193","36.1413","60.9256","89.8236","44.0601","179.8374","32.9006","37.3331","132.0501","117.0468","59.4974","36.9178"
"C:\Users\cfg364\Sommerlab Dropbox\Casper van der Luijt\Casper\Data\BioLog\OmniLog\CL3\DATA_2024\08\_NRRL 5592_Aspergillus oryzae__1_30_CL3_769_8#19#2024_A_18A_23.OKA","8/19/2024 7:16:29 PM","18-A","PM01","","NRRL 5592","Aspergillus oryzae","",44.5000,"24.6278","210.0250","139.0797","75.2627","35.4162","62.7591","56.3612","108.5987","40.8476","102.8893","136.4361","66.3503","24.4069","115.4965","97.5797","27.5268","18.9930","39.5738","17.9264","241.2281","30.8616","20.1585","84.7852","105.4683","35.8767","17.3470","36.0726","215.3416","38.6152","25.9813","125.0599","76.3266","114.3323","108.3613","49.9702","40.4711","67.0056","17.5336","19.8271","13.9646","35.2070","29.8411","17.9202","25.2757","28.3444","29.5557","129.4669","39.5518","120.6685","23.1773","18.9766","32.3227","35.5482","16.2378","16.6254","37.9059","127.6097","122.8472","23.5288","37.9664","52.4009","16.1065","26.6657","17.3912","31.9869","20.9119","25.6878","11.7914","20.5601","18.3582","104.7163","45.2844","59.0081","19.4234","54.3596","61.4515","99.7514","105.8198","22.2961","22.6648","30.1696","30.2685","31.8510","49.1754","53.3553","35.5486","63.0137","88.7652","43.9038","179.4541","31.5157","39.0715","133.8817","116.3316","60.2844","38.0138"
"C:\Users\cfg364\Sommerlab Dropbox\Casper van der Luijt\Casper\Data\BioLog\OmniLog\CL3\DATA_2024\08\_NRRL 5592_Aspergillus oryzae__1_30_CL3_769_8#19#2024_A_18A_23.OKA","8/19/2024 7:16:29 PM","18-A","PM01","","NRRL 5592","Aspergillus oryzae","",44.7500,"20.6230","214.8889","138.1441","73.8709","34.7363","60.0693","57.0058","108.9084","40.3369","102.7486","136.4021","63.4262","23.0338","113.4847","98.1375","25.5422","14.4781","34.4362","20.9651","245.6691","32.5452","24.0173","86.5641","108.1411","33.6598","16.3274","31.1114","210.7125","37.4708","23.6051","126.2720","71.1659","114.4444","110.9963","47.2277","41.1947","68.3177","16.1269","18.5572","17.8042","37.3855","28.5187","17.8620","21.7890","27.9369","34.4146","131.4684","42.7016","120.7022","22.0823","20.0916","31.5819","38.8643","16.1705","15.0467","39.3017","126.1825","121.5777","21.8991","36.6570","51.6109","14.8574","28.1683","19.8194","32.4268","20.7715","25.9668","16.6692","20.5379","23.9795","103.8577","47.7761","57.7086","20.3456","57.9712","56.6309","96.4589","104.7113","24.9084","21.3884","30.9294","33.0525","31.4912","45.8745","53.5785","36.7217","58.6983","88.8514","45.0012","175.0910","32.7734","32.6019","131.9557","114.1882","61.5119","33.6280"
"C:\Users\cfg364\Sommerlab Dropbox\Casper van der Luijt\Casper\Data\BioLog\OmniLog\CL3\DATA_2024\08\_NRRL 5592_Aspergillus oryzae__1_30_CL3_769_8#19#2024_A_18A_23.OKA","8/19/2024 7:16:29 PM","18-A","PM01","","NRRL 5592","Aspergillus oryzae","",45.0000,"22.4293","215.0486","138.7388","73.4730","29.9871","69.4152","59.4619","111.8154","40.2772","108.1419","137.5529","63.9499","23.6053","111.6678","100.8488","24.3405","19.4962","36.8181","15.8537","244.5196","29.8517","20.9873","86.1470","108.0519","35.0992","16.9987","32.7856","215.8145","42.6510","23.8835","128.5161","73.3660","113.1742","110.5167","51.5454","43.4965","68.9999","18.7979","18.4961","19.0148","42.2183","27.8858","22.2837","22.2025","31.6531","30.4595","131.5316","44.4482","125.8183","22.6085","18.5289","33.8285","36.1305","15.7019","16.4957","36.5978","126.3270","123.7466","23.8951","36.6786","52.1477","17.9672","28.0477","21.0935","29.0208","20.2418","27.8170","15.8438","22.7110","25.0231","108.2615","45.8705","56.2738","18.1801","54.9960","66.9671","101.5586","108.5136","26.5267","27.5806","30.7077","33.4599","29.5162","47.1060","51.6395","36.2423","61.4935","95.0445","45.7263","181.0000","31.8403","36.0114","133.7196","116.2842","63.2743","43.3679"
"C:\Users\cfg364\Sommerlab Dropbox\Casper van der Luijt\Casper\Data\BioLog\OmniLog\CL3\DATA_2024\08\_NRRL 5592_Aspergillus oryzae__1_30_CL3_769_8#19#2024_A_18A_23.OKA","8/19/2024 7:16:29 PM","18-A","PM01","","NRRL 5592","Aspergillus oryzae","",45.2500,"22.5227","210.2772","138.4633","75.8310","32.4361","71.0724","58.1940","117.4548","37.8428","105.3592","136.7663","65.5997","23.4523","114.0445","99.3564","25.0443","21.3983","36.0578","17.2813","244.7103","33.0094","20.2875","85.8587","104.6200","33.6654","14.2035","33.7538","215.6614","40.7125","27.3546","125.5012","72.9576","113.3331","115.4338","55.8715","44.2414","67.4266","17.2947","19.4065","17.7151","43.1383","28.3203","18.1835","21.1296","30.2636","31.7546","131.6934","42.8672","124.0646","22.3223","20.5879","35.6837","39.0687","13.8459","15.5166","37.9551","129.0082","125.8908","22.2159","39.2528","51.4472","19.4669","27.3438","19.3902","29.9156","21.3971","27.7539","15.8125","27.4266","20.8728","107.4436","48.3521","58.6582","20.3501","54.8382","65.0307","101.9284","109.0186","25.9234","23.6960","27.4338","33.2990","29.4839","49.3120","53.0963","37.5527","59.8029","96.2854","47.1901","180.6489","32.4532","36.3992","135.8479","117.7776","65.3784","40.3963"
"C:\Users\cfg364\Sommerlab Dropbox\Casper van der Luijt\Casper\Data\BioLog\OmniLog\CL3\DATA_2024\08\_NRRL 5592_Aspergillus oryzae__1_30_CL3_769_8#19#2024_A_18A_23.OKA","8/19/2024 7:16:29 PM","18-A","PM01","","NRRL 5592","Aspergillus oryzae","",45.5000,"23.1144","217.0757","143.9120","76.1066","29.2556","69.8295","60.3176","114.2413","42.1671","105.7110","140.6365","64.8838","22.0755","114.4511","99.6914","26.0234","20.1619","38.2436","18.1378","247.7607","30.9253","20.4466","91.5604","107.8045","36.0754","16.1508","34.9339","215.2021","43.7632","27.4171","131.6896","76.5079","117.8141","113.5939","54.4189","43.9931","70.4522","17.6078","17.5249","17.3437","40.6003","29.6861","19.3913","23.6541","29.1899","32.9526","133.4412","42.3403","122.2495","24.1988","19.6659","34.9605","38.9749","15.9803","16.5904","38.9335","129.0713","126.9789","24.6872","42.6216","53.6096","16.8425","30.9860","18.7594","30.2242","17.9626","27.9748","19.3750","24.5535","22.4763","110.8723","47.7795","61.0124","21.9138","55.9113","65.5304","104.9480","107.5350","26.1139","27.6438","27.6585","34.1678","29.3223","47.9495","52.2769","35.1814","64.1090","100.5047","48.9653","179.8190","32.5500","37.2070","134.2762","120.5371","61.1702","42.5691"
"C:\Users\cfg364\Sommerlab Dropbox\Casper van der Luijt\Casper\Data\BioLog\OmniLog\CL3\DATA_2024\08\_NRRL 5592_Aspergillus oryzae__1_30_CL3_769_8#19#2024_A_18A_23.OKA","8/19/2024 7:16:29 PM","18-A","PM01","","NRRL 5592","Aspergillus oryzae","",45.7500,"23.5192","216.0466","142.7488","72.9524","32.7541","67.7899","59.4302","116.5096","43.8007","110.6049","141.5804","64.7592","22.5344","115.7020","99.9046","26.1764","19.6864","37.7684","17.5668","246.5850","29.7254","20.1921","90.2471","108.8248","34.1230","14.0779","32.5132","218.9071","42.1425","27.4797","128.5795","75.5967","118.0366","114.1966","54.6715","41.1377","70.6035","17.0441","18.4961","19.0767","39.9023","30.1827","18.9781","18.8575","33.0111","30.5242","132.4055","42.8363","124.8953","24.1670","19.9425","34.0801","35.1616","16.1041","15.4534","40.6064","129.8915","130.5313","21.9307","38.7443","52.1477","18.4046","27.0989","18.4755","28.3110","22.3337","23.2736","18.2500","21.3994","22.0047","109.5197","47.3022","53.7083","19.6481","55.4694","64.4686","106.9200","107.4402","27.0030","26.1594","29.0066","34.7470","27.3188","46.7167","49.9095","34.2766","58.1761","98.7053","45.2280","177.4570","30.5499","35.0743","135.6514","117.5503","60.6770","40.0768"
"C:\Users\cfg364\Sommerlab Dropbox\Casper van der Luijt\Casper\Data\BioLog\OmniLog\CL3\DATA_2024\08\_NRRL 5592_Aspergillus oryzae__1_30_CL3_769_8#19#2024_A_18A_23.OKA","8/19/2024 7:16:29 PM","18-A","PM01","","NRRL 5592","Aspergillus oryzae","",46.0000,"24.7147","214.6335","145.2234","69.4054","32.5564","65.8044","60.0909","120.4411","42.1281","111.1790","138.5505","67.8031","23.4242","117.6315","103.0409","24.5129","20.2267","39.1939","20.5701","247.2932","31.3545","23.2177","89.4655","105.3584","35.4239","18.3287","33.8469","215.9715","42.0290","29.9339","133.2222","76.1425","120.2938","114.4711","53.5918","44.2958","72.0674","20.2031","18.8958","15.0438","41.5094","29.2240","19.6086","22.1204","30.3384","34.4615","136.7979","41.6939","128.3071","21.2951","22.6891","27.5630","37.8995","18.2422","14.0070","38.9514","129.8947","130.3208","23.6269","39.8545","50.2558","16.1069","25.4606","21.0829","30.0612","20.4680","26.0019","17.2218","19.6484","24.9724","109.4599","45.0051","56.5088","22.3000","56.5053","63.4882","107.2785","112.9748","24.9069","22.6099","27.1608","33.2212","31.6617","45.1069","55.8495","33.5130","67.0345","102.9269","46.5980","180.3882","36.0776","35.6789","132.8644","115.9946","63.3263","42.3259"
"C:\Users\cfg364\Sommerlab Dropbox\Casper van der Luijt\Casper\Data\BioLog\OmniLog\CL3\DATA_2024\08\_NRRL 5592_Aspergillus oryzae__1_30_CL3_769_8#19#2024_A_18A_23.OKA","8/19/2024 7:16:29 PM","18-A","PM01","","NRRL 5592","Aspergillus oryzae","",46.2500,"21.1235","219.1371","144.2459","71.8467","30.4610","67.3831","57.7427","120.6298","42.1281","112.0761","140.6017","64.6095","23.4856","116.3547","100.5263","26.8311","21.3999","38.6871","17.9802","250.9173","26.3373","20.7868","91.1935","110.4681","38.9303","15.1789","32.6045","219.7741","43.1654","29.9028","134.9583","76.0167","118.9024","116.0908","56.0916","45.2533","72.4291","18.1997","15.9082","15.9147","39.7278","32.1324","20.3710","20.6083","27.8933","26.8681","138.1867","38.5714","128.3994","22.2513","19.7821","30.9516","39.1151","15.4877","13.5006","37.8118","130.0533","129.5509","20.9619","40.6807","51.1766","13.9764","23.0556","18.8704","27.5588","20.0008","27.3255","14.6451","17.6043","27.4160","111.5708","49.6537","57.0822","23.4711","60.1319","64.7461","108.0456","113.9196","26.8393","23.6250","30.5022","30.7772","29.5021","46.9982","53.4367","37.7596","64.4659","100.9205","49.4272","179.8465","34.9509","34.2576","132.7988","116.5816","64.8008","41.8129"
"C:\Users\cfg364\Sommerlab Dropbox\Casper van der Luijt\Casper\Data\BioLog\OmniLog\CL3\DATA_2024\08\_NRRL 5592_Aspergillus oryzae__1_30_CL3_769_8#19#2024_A_18A_23.OKA","8/19/2024 7:16:29 PM","18-A","PM01","","NRRL 5592","Aspergillus oryzae","",46.5000,"25.5196","218.5116","145.1012","70.5179","35.9851","69.5418","60.7891","119.4979","42.5457","113.2935","145.1458","69.5394","19.2828","119.0952","105.3738","25.9160","22.3828","42.0133","18.8329","250.3501","29.1000","24.3227","93.0495","111.4591","39.6558","18.1415","37.3618","220.6941","44.5859","25.9101","135.8737","77.6216","120.3571","116.7895","55.4587","47.9095","73.9060","18.2936","16.9447","16.5369","39.0279","30.8639","20.9428","21.6793","27.1630","32.9039","137.0563","41.7876","128.4917","23.7494","21.1591","31.3949","40.1749","16.1067","13.8171","38.5398","129.4822","130.5774","25.3401","42.0472","52.6498","19.8039","25.3373","18.4595","30.3392","23.2087","28.8068","16.6562","21.0322","24.4712","116.2024","44.9733","59.4361","22.3000","59.2804","68.4256","113.9057","114.3290","27.0610","22.2610","33.9078","34.2181","30.6303","47.3568","55.2162","36.0422","63.4511","103.8530","45.4477","177.4567","33.5667","35.3236","135.4230","119.8749","66.5046","39.9532"
"C:\Users\cfg364\Sommerlab Dropbox\Casper van der Luijt\Casper\Data\BioLog\OmniLog\CL3\DATA_2024\08\_NRRL 5592_Aspergillus oryzae__1_30_CL3_769_8#19#2024_A_18A_23.OKA","8/19/2024 7:16:29 PM","18-A","PM01","","NRRL 5592","Aspergillus oryzae","",46.7500,"25.0552","221.0136","147.2700","71.6304","35.9533","71.5716","61.4555","124.2767","43.5737","114.5108","144.0413","67.5550","23.2095","119.7180","108.3731","29.2714","21.6852","40.7462","20.5069","250.8858","31.0052","23.8176","96.6016","110.7778","41.6810","22.7259","35.7558","220.6021","44.8068","28.8110","135.1477","75.9537","120.1041","117.9328","57.9269","46.9520","73.6046","21.3926","18.7738","15.9458","40.3005","33.0916","18.7510","22.1204","31.2593","31.6383","134.7632","44.0670","128.2764","23.2394","22.5055","33.8651","38.6788","14.2188","14.4818","43.2881","135.7648","130.9943","23.2462","42.0472","52.4350","18.3627","29.6230","21.6519","30.9880","22.4301","29.4687","16.1220","20.7806","24.5652","115.5092","48.6348","60.2509","21.8252","59.4381","67.6080","112.5251","116.2816","26.4592","25.8455","29.2813","38.0449","32.2742","47.4873","56.7544","36.5418","67.9859","106.5694","49.3339","180.4519","36.8503","37.5524","138.4738","120.2336","65.2595","41.6205"
"C:\Users\cfg364\Sommerlab Dropbox\Casper van der Luijt\Casper\Data\BioLog\OmniLog\CL3\DATA_2024\08\_NRRL 5592_Aspergillus oryzae__1_30_CL3_769_8#19#2024_A_18A_23.OKA","8/19/2024 7:16:29 PM","18-A","PM01","","NRRL 5592","Aspergillus oryzae","",47.0000,"26.0836","218.3415","147.4569","73.8301","37.4105","72.8170","69.0462","123.6277","42.9134","119.2740","141.1440","67.3852","23.4748","119.1285","104.1139","22.9485","23.9999","39.2424","22.4993","250.7646","31.2321","25.8862","96.9216","112.3466","38.3657","19.0601","35.1639","218.9644","41.1229","28.5316","135.8467","77.6741","122.7258","119.9622","56.5788","45.0717","76.3311","20.6342","19.4107","17.1441","36.2226","29.4350","22.1007","18.9185","30.3297","30.6958","140.3955","41.9760","130.5899","23.0238","20.9674","32.8827","42.0535","11.0000","18.9563","45.2615","133.4673","132.6894","22.9307","41.2320","52.9161","17.8846","23.3309","21.7997","30.0054","21.8607","23.9174","17.4542","21.4048","23.7815","113.1028","48.5159","60.8828","24.0173","59.5976","66.5731","116.2089","117.8429","25.3424","23.2396","36.0505","36.8091","29.4783","49.7221","59.2982","33.3437","62.4637","102.9305","45.0287","179.6615","33.6146","38.1160","136.6940","118.8047","67.2057","41.8111"
"C:\Users\cfg364\Sommerlab Dropbox\Casper van der Luijt\Casper\Data\BioLog\OmniLog\CL3\DATA_2024\08\_NRRL 5592_Aspergillus oryzae__1_30_CL3_769_8#19#2024_A_18A_23.OKA","8/19/2024 7:16:29 PM","18-A","PM01","","NRRL 5592","Aspergillus oryzae","",47.2500,"26.1145","221.1239","148.2553","77.6631","38.9584","72.8492","64.4793","125.9411","46.3099","119.9433","142.1877","69.0618","23.0162","120.6563","101.2117","26.0429","21.8438","40.9559","21.6147","251.4253","32.3036","23.9267","96.6336","111.2020","38.5169","17.8730","36.6155","223.5153","44.0842","25.7668","134.5121","74.8275","123.8936","121.3262","58.1341","46.9887","75.3022","19.7584","20.6860","14.3203","39.3079","29.6526","19.4049","21.1673","32.3827","33.7783","140.8468","42.9108","132.9300","24.6143","18.4140","31.1701","39.9667","11.0624","16.4621","45.2615","133.8466","131.6644","23.6288","38.3649","47.9993","16.1009","25.4324","21.4219","30.9927","22.2964","25.2218","17.6746","23.8493","26.8667","112.5635","47.4968","59.8863","23.2871","63.1343","67.2028","116.0558","118.3804","27.7700","21.0985","34.2385","38.1556","30.4815","48.3229","54.2301","36.2540","62.1755","107.7166","48.4908","180.4940","32.7436","36.7586","134.5189","120.2699","70.8107","42.5492"
"C:\Users\cfg364\Sommerlab Dropbox\Casper van der Luijt\Casper\Data\BioLog\OmniLog\CL3\DATA_2024\08\_NRRL 5592_Aspergillus oryzae__1_30_CL3_769_8#19#2024_A_18A_23.OKA","8/19/2024 7:16:29 PM","18-A","PM01","","NRRL 5592","Aspergillus oryzae","",47.5000,"27.1964","221.1865","146.0137","71.5916","36.5259","73.9427","64.5108","124.9904","43.3300","118.7002","146.3624","68.8755","23.9640","120.9057","106.2523","23.1017","21.2096","38.4173","17.8869","249.3172","34.4781","23.7370","98.2656","110.6451","40.2405","16.5296","37.1599","221.0413","41.7916","26.1438","139.8187","75.8713","123.1361","121.8020","57.9754","48.2872","74.8786","19.9773","17.4371","15.1892","40.3893","30.5542","20.7052","20.1537","32.1931","36.2443","140.2021","39.7011","130.1897","21.7832","17.9526","31.3604","37.5683","11.2185","13.4311","43.9036","133.9731","135.5723","23.7240","42.8885","51.9328","17.5091","24.4126","24.1297","30.0363","20.6782","23.4083","14.3058","20.9974","24.9148","115.3231","45.2675","57.8330","22.2394","62.6922","69.5327","117.6481","117.5899","26.5242","19.6285","32.0450","38.0594","29.7048","49.6571","52.4502","34.1886","63.7127","108.6179","46.7130","177.3559","33.8404","39.5380","134.0246","116.4279","69.4015","42.6134"
"C:\Users\cfg364\Sommerlab Dropbox\Casper van der Luijt\Casper\Data\BioLog\OmniLog\CL3\DATA_2024\08\_NRRL 5592_Aspergillus oryzae__1_30_CL3_769_8#19#2024_A_18A_23.OKA","8/19/2024 7:16:29 PM","18-A","PM01","","NRRL 5592","Aspergillus oryzae","",47.7500,"26.3309","224.1565","147.9175","75.5473","36.3995","72.2702","67.5029","126.8284","48.8091","122.4294","142.7886","67.6025","23.4748","124.1795","105.3053","25.0319","26.6949","41.7493","18.0133","251.8344","34.7617","26.5815","98.7457","112.5941","41.1779","20.1223","39.3676","220.1556","42.7468","25.7353","139.2785","77.8955","124.1776","120.8821","56.7058","46.3394","76.8455","19.3517","19.0464","15.3443","41.2481","33.0412","20.8955","19.3619","32.8880","34.2975","142.5231","39.9192","131.9755","24.0417","19.4292","32.8827","40.5896","11.3121","18.6406","41.7248","137.0711","136.8215","20.5192","43.1434","52.9776","17.6030","26.5141","20.7922","28.7713","20.5226","24.2037","16.6041","21.3735","23.7815","117.1311","48.6115","59.7957","20.5249","67.0183","71.2330","118.8728","119.5187","23.2980","19.5646","34.3656","39.1175","30.9992","50.5031","54.8937","36.6609","67.1714","108.9598","48.2725","182.1912","34.6792","34.8840","134.9803","120.0420","66.6485","43.1269"
"C:\Users\cfg364\Sommerlab Dropbox\Casper van der Luijt\Casper\Data\BioLog\OmniLog\CL3\DATA_2024\08\_NRRL 5592_Aspergillus oryzae__1_30_CL3_769_8#19#2024_A_18A_23.OKA","8/19/2024 7:16:29 PM","18-A","PM01","","NRRL 5592","Aspergillus oryzae","",48.0000,"26.0434","223.1083","149.0507","73.3833","37.0062","73.5000","68.9246","125.7456","45.6247","125.9996","149.0674","69.1504","22.7469","125.2711","108.5335","24.3940","20.4204","45.1476","16.3890","252.3603","33.4464","22.6978","102.3614","111.9232","37.7288","15.9146","37.1608","223.6381","42.4212","30.2247","136.7926","78.5593","122.8222","121.5385","59.6596","43.1606","77.0581","17.1389","16.8614","16.8381","42.5517","28.3635","20.0324","19.1883","32.2200","30.5302","140.7126","44.7316","130.6148","26.6624","16.6083","33.1670","40.3254","14.9033","14.1441","42.2092","136.9166","135.6411","24.9919","35.6913","51.1667","17.1086","26.0159","18.0760","30.7265","23.5476","22.7447","14.8175","20.7806","20.4613","122.1111","51.9627","61.8906","17.2434","63.5139","71.4584","119.4826","117.3930","27.1932","23.0481","33.8574","35.0845","29.6528","48.7517","55.6118","35.8509","66.7664","112.5360","47.5237","182.2262","33.5821","36.8096","137.8789","117.9807","67.1389","39.7245"
"C:\Users\cfg364\Sommerlab Dropbox\Casper van der Luijt\Casper\Data\BioLog\OmniLog\CL3\DATA_2024\08\_NRRL 5592_Aspergillus oryzae__1_30_CL3_769_8#19#2024_A_18A_23.OKA","8/19/2024 7:16:29 PM","18-A","PM01","","NRRL 5592","Aspergillus oryzae","",48.2500,"26.0127","222.9203","150.5216","75.6585","38.6217","73.3715","66.2874","128.3498","45.5606","124.7610","145.2471","69.0264","23.6035","119.7629","106.9501","24.2105","16.3149","41.2693","16.8645","251.0742","35.5586","21.2674","101.0827","113.0333","37.2753","16.7284","37.0093","223.8837","42.1022","29.4457","139.8188","79.1889","125.3758","122.7074","63.5309","42.4757","78.6280","16.1315","16.5274","15.3475","43.9112","31.4864","21.6226","19.3464","33.6094","30.8541","138.9633","42.1226","130.6763","28.4623","20.5835","33.1354","36.6129","14.7485","15.6051","47.2582","141.3689","136.2161","25.0235","37.9770","51.8412","14.8844","25.7082","17.6969","29.9547","22.0531","23.0939","18.2879","16.9753","23.3943","119.6805","51.5199","62.1610","20.5092","62.3469","69.9187","115.9227","117.9968","25.2207","21.3589","33.7297","37.6570","30.4948","46.4330","55.1305","37.4471","72.3907","113.8696","48.7992","182.0346","33.9042","36.6153","137.4189","119.5721","66.5782","37.7793"
"C:\Users\cfg364\Sommerlab Dropbox\Casper van der Luijt\Casper\Data\BioLog\OmniLog\CL3\DATA_2024\08\_NRRL 5592_Aspergillus oryzae__1_30_CL3_769_8#19#2024_A_18A_23.OKA","8/19/2024 7:16:29 PM","18-A","PM01","","NRRL 5592","Aspergillus oryzae","",48.5000,"28.7199","224.0170","150.4910","72.4610","36.7211","77.1632","68.9560","133.0501","47.4807","128.9850","148.9727","68.7164","26.0202","123.9329","107.9549","26.3205","19.4020","47.6385","17.6253","255.3091","37.4817","25.6859","104.2794","113.2800","39.8151","18.4814","38.7068","223.2084","37.7001","27.8255","141.0611","78.3389","123.1059","121.9492","63.3421","44.1569","77.6921","18.6500","16.3451","15.9065","45.0809","24.9907","17.2018","21.1168","33.2936","34.2225","140.1295","42.2779","133.0741","27.9255","18.5497","34.4635","36.4881","16.4523","14.3665","48.0155","143.0620","135.8008","26.3184","37.6551","51.5959","14.5712","29.0622","19.4343","32.9492","21.9908","25.1571","16.2056","19.9315","22.1643","120.4381","51.7097","62.1310","16.9553","63.2301","76.3604","121.0170","120.5390","22.1984","19.4465","31.7823","36.9495","32.2435","48.4251","55.4012","36.9776","69.9121","116.1646","50.5725","182.1943","33.0666","35.1256","134.2313","121.1960","68.8211","34.2455"
"C:\Users\cfg364\Sommerlab Dropbox\Casper van der Luijt\Casper\Data\BioLog\OmniLog\CL3\DATA_2024\08\_NRRL 5592_Aspergillus oryzae__1_30_CL3_769_8#19#2024_A_18A_23.OKA","8/19/2024 7:16:29 PM","18-A","PM01","","NRRL 5592","Aspergillus oryzae","",48.7500,"23.5091","223.9389","153.0545","74.4534","43.2557","81.0885","66.4115","134.3272","47.3827","124.5624","146.4385","69.7575","23.3188","127.9736","110.5031","26.1840","22.4410","40.1851","19.9494","255.7841","35.1949","29.4385","102.4610","112.3464","36.3241","14.2090","38.3089","225.2694","42.0688","26.2738","143.6124","75.2052","126.7455","120.0176","59.4293","41.1637","76.9018","16.2725","14.0272","12.7174","43.8551","29.6581","22.6920","23.4574","31.6847","33.0577","146.1762","45.2577","132.9683","24.6452","18.7469","33.6040","42.2003","16.8287","17.2244","45.1577","135.5255","138.5416","27.0746","39.5824","54.0159","15.2676","26.5352","18.0008","34.9692","18.8305","28.4450","18.8657","24.0644","22.1518","124.0169","50.1778","61.5687","20.3368","63.4847","75.6067","120.1074","124.3670","22.9965","20.6090","34.6199","32.8090","32.4413","49.3500","55.4946","35.8291","71.2528","118.1276","51.4246","182.7575","33.3328","36.2187","134.7749","119.7963","67.4995","40.4428"
"C:\Users\cfg364\Sommerlab Dropbox\Casper van der Luijt\Casper\Data\BioLog\OmniLog\CL3\DATA_2024\08\_NRRL 5592_Aspergillus oryzae__1_30_CL3_769_8#19#2024_A_18A_23.OKA","8/19/2024 7:16:29 PM","18-A","PM01","","NRRL 5592","Aspergillus oryzae","",49.0000,"25.0944","224.1742","157.3875","71.3630","39.1028","77.4765","73.8758","131.7340","45.1630","126.4643","152.1861","70.6453","24.3875","125.1411","108.4676","25.3969","19.5855","44.3277","17.5869","250.1593","34.2924","26.4264","101.8950","112.6116","40.2102","18.9154","37.8149","226.5970","42.6743","26.4710","141.3138","78.9811","123.2588","124.6192","61.1578","44.2166","78.1676","12.6952","16.3936","17.4573","43.2453","31.9769","21.4129","24.1417","31.5033","33.9704","143.2008","43.9335","131.7393","24.1655","20.8395","34.9049","35.2312","16.9603","16.1760","45.6099","138.4524","135.8642","23.2538","39.3739","52.4664","16.4853","25.9880","20.4101","33.0341","20.8823","26.3122","18.0593","19.8601","22.8343","123.9073","46.9303","59.9328","21.0592","64.4837","73.6289","121.4797","123.8606","26.3485","21.2794","29.2627","34.3936","29.9703","50.4622","49.2924","35.1806","65.5273","117.6299","52.5244","180.3447","31.2028","37.9219","135.6427","116.4614","71.9431","40.7160"
"C:\Users\cfg364\Sommerlab Dropbox\Casper van der Luijt\Casper\Data\BioLog\OmniLog\CL3\DATA_2024\08\_NRRL 5592_Aspergillus oryzae__1_30_CL3_769_8#19#2024_A_18A_23.OKA","8/19/2024 7:16:29 PM","18-A","PM01","","NRRL 5592","Aspergillus oryzae","",49.2500,"25.1087","227.8215","156.1018","76.9144","43.1434","82.2889","68.6374","139.6741","47.5066","129.6099","154.0213","72.1717","25.5025","126.6405","112.9598","26.7169","19.5077","45.8755","22.8572","252.3208","36.7367","28.4294","107.9276","116.4855","40.4545","20.2350","40.9470","225.4704","44.9465","27.0868","148.6498","81.7913","129.5211","126.0335","63.4535","50.7480","79.7077","23.2349","18.0550","18.9526","46.6096","35.0742","24.6051","28.1951","35.7450","38.4120","149.1546","47.5878","135.1131","28.4562","21.7980","35.9685","36.4442","19.5440","19.5410","49.9058","141.8857","141.8606","27.3934","42.7355","56.6703","15.1171","30.0952","19.2638","37.0895","25.0209","31.3644","17.2944","22.3342","25.8487","127.8742","51.3447","61.9289","22.4882","66.7460","77.5451","128.4496","125.8478","27.3388","28.2503","31.6043","36.0838","34.3865","57.3654","53.9704","41.1445","73.6195","120.0461","52.8262","182.5024","33.0623","38.6137","140.0962","125.5145","75.0056","42.8774"
"C:\Users\cfg364\Sommerlab Dropbox\Casper van der Luijt\Casper\Data\BioLog\OmniLog\CL3\DATA_2024\08\_NRRL 5592_Aspergillus oryzae__1_30_CL3_769_8#19#2024_A_18A_23.OKA","8/19/2024 7:16:29 PM","18-A","PM01","","NRRL 5592","Aspergillus oryzae","",49.5000,"25.8320","226.1625","153.2979","77.2690","39.9090","80.1397","67.0060","139.2322","45.8028","128.8275","149.7415","71.9128","25.3063","129.4191","110.6203","23.1341","20.2861","44.8574","24.6823","252.9604","32.3669","23.4134","110.0232","112.9457","42.5004","18.0038","38.4213","227.1683","41.1204","25.2852","147.9910","78.2562","125.0298","125.1307","63.1062","45.0074","78.0541","21.2711","16.4627","15.0829","44.6844","33.9562","17.7228","20.2247","30.4567","29.1184","146.7809","42.7387","132.3625","24.8008","21.8087","37.3602","39.5971","15.2159","16.7004","50.3115","144.2670","139.3322","25.0668","39.1248","54.1602","14.3615","26.8582","19.4925","33.1664","23.6151","28.6873","15.4251","19.3550","23.8004","128.1486","51.4671","64.4967","20.1003","65.2245","74.9768","123.4964","122.1849","26.1387","20.4487","28.5596","38.2172","32.8939","50.6974","57.6728","35.7875","73.0970","120.0906","49.5378","182.5371","34.2648","37.8649","140.9638","122.5311","71.0887","39.7219"
"C:\Users\cfg364\Sommerlab Dropbox\Casper van der Luijt\Casper\Data\BioLog\OmniLog\CL3\DATA_2024\08\_NRRL 5592_Aspergillus oryzae__1_30_CL3_769_8#19#2024_A_18A_23.OKA","8/19/2024 7:16:29 PM","18-A","PM01","","NRRL 5592","Aspergillus oryzae","",49.7500,"28.9221","230.2659","157.9404","79.0378","45.0645","84.9955","69.4122","139.3585","48.3117","130.6555","153.3586","74.7222","28.3937","130.6968","116.4660","25.2537","24.2932","50.2847","25.3114","256.0516","37.4558","29.5567","111.2662","117.8517","44.7569","19.9824","44.0811","230.7598","45.0727","28.1800","151.1747","83.7716","127.9602","128.1525","63.2648","48.3524","83.1234","21.1772","19.9528","16.1426","46.7441","34.2050","22.9799","22.0570","35.5986","32.6052","147.6187","46.2895","134.7065","29.6865","25.2381","37.7058","39.7840","15.3089","16.3521","48.0994","143.5148","140.4247","28.9147","40.8806","58.7453","15.6182","29.5988","23.4870","36.2673","23.8637","28.7820","18.8773","22.0979","24.6202","130.9632","54.2580","65.5781","21.3456","72.3178","79.7963","128.6350","124.6760","23.7165","21.3744","31.1646","40.6915","36.0170","55.1516","57.0095","38.3950","72.5859","123.4434","52.5737","182.1544","35.6787","38.4454","142.4035","120.2867","74.3154","44.8094"
"C:\Users\cfg364\Sommerlab Dropbox\Casper van der Luijt\Casper\Data\BioLog\OmniLog\CL3\DATA_2024\08\_NRRL 5592_Aspergillus oryzae__1_30_CL3_769_8#19#2024_A_18A_23.OKA","8/19/2024 7:16:29 PM","18-A","PM01","","NRRL 5592","Aspergillus oryzae","",50.0000,"26.9379","229.1765","156.4988","74.8803","48.1566","84.6432","71.3702","140.9058","50.1004","132.5061","156.3459","71.5323","24.9238","133.2066","115.3055","24.8306","21.5788","46.5646","22.8837","254.3168","38.5966","25.7977","107.2931","115.1019","41.0398","20.6747","43.9757","228.7867","41.8198","32.5332","145.9544","82.8470","127.6973","127.2223","62.6648","50.1513","85.9484","19.2786","18.0788","17.7199","44.9480","29.6744","23.7184","26.9269","36.9208","37.2646","144.7897","42.4618","134.3296","31.8494","18.6091","30.8631","40.2985","18.2412","18.1294","47.7965","149.1399","142.3118","25.5886","43.1727","54.6936","17.9322","30.6830","20.1909","37.1268","22.7353","27.8113","18.1665","23.4529","22.4796","129.5746","51.2973","62.9240","23.3151","72.7794","81.2996","128.3009","127.2549","25.6716","22.0336","29.7012","39.2474","33.6533","55.8051","56.4745","38.9099","74.9699","128.9494","50.4122","180.9615","37.2754","41.0953","137.1286","123.4175","74.2762","40.5725"
"C:\Users\cfg364\Sommerlab Dropbox\Casper van der Luijt\Casper\Data\BioLog\OmniLog\CL3\DATA_2024\08\_NRRL 5592_Aspergillus oryzae__1_30_CL3_769_8#19#2024_A_18A_23.OKA","8/19/2024 7:16:29 PM","18-A","PM01","","NRRL 5592","Aspergillus oryzae","",50.2500,"26.0132","226.8447","159.8097","77.5711","42.1979","86.7933","68.6772","141.4139","48.4623","136.1499","152.4041","71.6610","24.5376","133.1840","115.6991","31.8214","21.3434","46.9961","21.4581","257.5322","36.0596","31.0688","111.4863","113.6225","40.0471","21.4398","46.1830","231.6554","46.5440","33.0387","148.4879","86.9500","128.3719","129.1190","64.3859","48.9287","81.2871","17.2555","20.0865","15.0094","46.5036","34.5522","25.6945","26.0627","34.7751","39.6517","150.2849","46.6213","134.4179","25.7371","18.6410","36.6937","42.0953","17.0303","17.5458","48.8955","143.6467","139.5961","26.9084","45.2173","56.8483","19.0177","28.9025","23.1149","38.2184","21.1880","28.6120","14.8544","22.7620","27.1496","134.4002","49.3725","64.0234","19.8795","71.6468","82.0699","129.8228","125.6369","23.2185","24.2873","35.3003","39.5776","31.7562","51.6824","57.0807","41.7533","75.6760","126.5184","47.5595","185.7187","34.0807","39.0393","138.4836","126.0146","75.9192","41.3159"
"C:\Users\cfg364\Sommerlab Dropbox\Casper van der Luijt\Casper\Data\BioLog\OmniLog\CL3\DATA_2024\08\_NRRL 5592_Aspergillus oryzae__1_30_CL3_769_8#19#2024_A_18A_23.OKA","8/19/2024 7:16:29 PM","18-A","PM01","","NRRL 5592","Aspergillus oryzae","",50.5000,"25.5158","228.9704","159.8709","75.2713","44.1913","87.7223","66.8659","138.5348","50.0646","134.8442","156.4685","72.6860","27.2207","132.2872","115.4558","31.6390","22.8346","47.7545","22.8250","256.2711","36.0596","28.6153","113.1399","116.5616","38.5871","18.4079","43.8013","230.2757","45.9075","30.4825","148.3296","85.8838","128.7217","126.0090","65.4296","47.3471","84.6557","19.1102","18.4455","16.7636","47.1043","30.4033","24.3960","24.3610","35.7591","38.2965","150.4789","46.3726","137.6220","27.1316","22.0302","37.6372","40.9401","18.5147","20.2336","50.9567","144.2151","143.2712","28.9834","43.7876","53.5429","18.9237","29.0569","19.3606","35.1805","25.4564","30.2275","14.3489","21.7897","26.1147","135.1808","53.8700","62.7889","21.5785","70.3236","81.0605","132.2528","125.3526","27.2701","20.8294","34.9176","38.5490","31.4648","52.7651","58.1383","43.0620","77.2008","132.5788","47.3413","182.7854","35.9452","39.1359","140.7472","122.3328","76.2135","43.5639"
"C:\Users\cfg364\Sommerlab Dropbox\Casper van der Luijt\Casper\Data\BioLog\OmniLog\CL3\DATA_2024\08\_NRRL 5592_Aspergillus oryzae__1_30_CL3_769_8#19#2024_A_18A_23.OKA","8/19/2024 7:16:29 PM","18-A","PM01","","NRRL 5592","Aspergillus oryzae","",50.7500,"28.4025","233.0628","161.1926","74.0799","44.4209","88.5472","66.7205","143.1835","46.5110","140.9214","158.1190","73.4509","25.1176","129.7541","117.0978","24.0916","19.7322","45.9466","21.8650","256.5786","37.9492","27.2986","113.4500","115.1697","44.0862","18.1189","43.9921","231.3089","43.3577","29.5725","151.2564","82.4557","130.8824","129.2793","65.6514","46.0678","81.4899","18.2318","18.4242","16.7037","45.2946","29.0239","22.5399","25.8912","36.7040","37.1898","147.0052","44.6779","139.6035","25.5326","21.0679","37.1863","41.9402","19.7806","14.6371","51.7982","145.7991","144.0474","31.1945","45.9263","59.5087","14.9593","32.6081","22.3650","36.1068","24.0424","29.5678","18.7828","20.4178","21.3720","129.5280","52.1837","66.8791","22.2346","74.6809","85.3142","131.8959","127.6276","26.0908","21.8108","32.9502","42.4326","36.5213","51.4529","53.8993","41.9238","76.0973","130.0111","49.2120","184.8200","35.6269","38.4152","139.0871","121.0496","74.6263","45.5261"
"C:\Users\cfg364\Sommerlab Dropbox\Casper van der Luijt\Casper\Data\BioLog\OmniLog\CL3\DATA_2024\08\_NRRL 5592_Aspergillus oryzae__1_30_CL3_769_8#19#2024_A_18A_23.OKA","8/19/2024 7:16:29 PM","18-A","PM01","","NRRL 5592","Aspergillus oryzae","",51.0000,"29.9199","230.9447","161.8657","75.1839","44.4526","88.1618","68.9212","141.5063","46.2199","140.0589","157.2729","74.8737","23.6751","132.3751","114.9978","24.4613","19.4124","48.4045","23.8864","256.9565","40.1793","28.4084","113.4500","115.0156","41.5714","19.0911","45.9861","232.5386","48.0891","30.5782","149.2204","82.5823","132.5913","129.4379","66.4087","46.9050","82.4899","15.3580","20.7576","16.2985","46.6853","33.4359","26.2697","23.5882","38.8828","34.9857","150.9844","43.0489","139.7564","29.0230","20.1164","37.4384","41.2236","20.9166","14.2224","52.8048","148.6028","145.2256","29.3959","43.9752","58.8079","16.1848","31.0405","19.8641","36.0452","24.7912","26.2725","17.3649","20.7013","23.9334","131.5364","51.3849","63.0016","23.0325","73.9897","83.9738","133.5600","123.5809","25.2613","23.0864","34.2960","40.7275","37.0368","54.3260","55.4120","44.6304","76.2250","132.4770","52.6972","180.1490","36.6249","40.5439","139.8416","125.0045","73.7028","44.3421"
"C:\Users\cfg364\Sommerlab Dropbox\Casper van der Luijt\Casper\Data\BioLog\OmniLog\CL3\DATA_2024\08\_NRRL 5592_Aspergillus oryzae__1_30_CL3_769_8#19#2024_A_18A_23.OKA","8/19/2024 7:16:29 PM","18-A","PM01","","NRRL 5592","Aspergillus oryzae","",51.2500,"27.5009","230.2194","161.0685","74.2953","41.0832","92.9540","73.6987","145.4513","50.5543","140.7537","152.4772","74.9093","28.8415","130.5352","113.9163","25.6404","22.9427","47.1223","22.1659","254.7371","36.6582","29.4701","111.5662","118.4220","40.3250","21.3101","44.7446","229.1990","44.9425","31.2009","150.3698","85.1613","128.8372","130.4291","60.8329","48.8129","86.5125","18.2481","17.9667","18.8404","46.9388","33.2766","23.3681","21.1606","38.3165","39.9875","153.5773","45.1997","137.5173","24.0419","20.5440","36.6495","39.5109","16.8334","18.8803","55.0101","145.9896","140.8923","28.7162","43.1141","58.0695","17.6665","26.4529","19.2776","34.4118","20.5653","27.2886","16.2687","25.4801","27.5414","133.3175","52.3507","64.6393","18.7575","73.0380","83.4149","133.5473","127.6685","27.1441","24.5499","31.2625","39.3914","35.0005","55.5638","59.3344","39.6708","82.1683","130.8923","51.1032","185.0082","34.5540","41.2091","142.1817","124.7458","73.8902","42.5005"
"C:\Users\cfg364\Sommerlab Dropbox\Casper van der Luijt\Casper\Data\BioLog\OmniLog\CL3\DATA_2024\08\_NRRL 5592_Aspergillus oryzae__1_30_CL3_769_8#19#2024_A_18A_23.OKA","8/19/2024 7:16:29 PM","18-A","PM01","","NRRL 5592","Aspergillus oryzae","",51.5000,"22.8844","231.0966","159.6887","76.3163","40.1956","89.4270","75.8358","142.3275","52.3813","142.0004","156.9931","74.6309","28.8720","136.0862","113.1517","28.5746","21.4459","49.0569","21.5965","258.3510","38.6441","33.2773","113.5487","117.0341","41.8700","20.1506","45.4104","230.4963","44.1443","28.7618","153.1006","83.4579","131.3099","127.5410","67.0580","47.8513","84.2435","21.5113","19.9528","18.5293","47.0024","35.9872","23.6543","23.7960","39.7691","45.9073","154.7987","45.2309","137.7630","22.1193","22.6615","36.5233","35.9705","16.3680","19.6082","52.1097","150.8399","143.9108","28.4010","41.1310","56.2063","18.9811","30.1999","20.0990","33.0201","23.1598","26.1115","17.5622","24.9159","28.6692","133.1918","54.2504","63.0964","23.7056","71.8639","86.9773","130.2662","126.7192","26.7620","23.4314","31.0381","39.1010","39.9105","55.6615","59.6350","38.6962","79.2016","133.6655","54.4425","183.1314","36.6105","39.6550","139.0428","125.5968","80.9653","45.9720"
"C:\Users\cfg364\Sommerlab Dropbox\Casper van der Luijt\Casper\Data\BioLog\OmniLog\CL3\DATA_2024\08\_NRRL 5592_Aspergillus oryzae__1_30_CL3_769_8#19#2024_A_18A_23.OKA","8/19/2024 7:16:29 PM","18-A","PM01","","NRRL 5592","Aspergillus oryzae","",51.7500,"21.7303","229.6869","162.6017","73.1623","42.5731","91.1905","73.8873","146.3349","52.9583","140.3061","155.9825","74.5072","28.8415","133.1548","116.4242","29.9500","21.7643","51.7526","22.8934","256.9997","38.3919","29.9735","117.6417","116.0163","41.7791","20.4013","44.6235","230.7126","45.0702","31.7325","152.1163","84.5304","133.3072","130.4926","62.4929","43.6637","87.0571","19.9738","17.6000","18.8404","44.4263","36.4857","20.4112","25.5742","36.3269","40.7918","152.3238","43.6083","140.2504","23.3370","24.8403","37.7222","41.9547","13.8857","17.2346","56.6810","147.5014","145.2274","27.9912","41.1949","57.9168","18.6994","27.6296","24.5853","35.9272","20.0652","24.5208","16.3949","25.3234","29.7657","135.5175","57.0683","62.5216","22.1414","73.9900","79.8209","133.6092","130.3266","26.6664","23.0159","33.3465","37.1653","36.0342","55.2708","57.8615","39.0735","81.7536","136.7159","49.1058","183.5131","37.3175","37.0323","141.4951","122.7818","77.2312","40.5076"
"C:\Users\cfg364\Sommerlab Dropbox\Casper van der Luijt\Casper\Data\BioLog\OmniLog\CL3\DATA_2024\08\_NRRL 5592_Aspergillus oryzae__1_30_CL3_769_8#19#2024_A_18A_23.OKA","8/19/2024 7:16:29 PM","18-A","PM01","","NRRL 5592","Aspergillus oryzae","",52.0000,"27.1578","231.7231","162.4484","75.9488","46.8842","90.6775","74.8616","147.8810","55.1059","138.0045","153.7720","73.4245","28.5371","133.6225","118.1064","27.6271","25.2994","50.1351","21.9128","258.5081","37.9506","30.7601","119.3684","119.4398","42.4153","20.0252","46.3183","235.1297","44.5274","30.6067","152.9736","85.5714","132.4512","128.7153","67.4730","47.6032","88.9025","19.4404","15.8889","17.1914","44.5853","34.8032","26.0389","24.7803","39.2323","40.4379","155.7629","46.0734","138.3465","26.7016","21.8943","39.6783","41.1714","15.7474","19.4500","54.3796","150.5565","145.0990","28.4640","44.5535","57.4281","21.1094","31.6245","24.0798","36.3911","22.6284","26.7796","18.3194","26.1696","29.2018","136.4603","56.2451","63.7317","23.4502","74.4343","85.0542","132.8354","127.3837","28.1630","23.4953","35.2381","39.4237","40.4919","55.1081","58.8835","40.4567","81.7217","137.3630","53.1317","189.7163","37.8638","35.4781","140.1545","125.7932","79.9171","42.9184"
"C:\Users\cfg364\Sommerlab Dropbox\Casper van der Luijt\Casper\Data\BioLog\OmniLog\CL3\DATA_2024\08\_NRRL 5592_Aspergillus oryzae__1_30_CL3_769_8#19#2024_A_18A_23.OKA","8/19/2024 7:16:29 PM","18-A","PM01","","NRRL 5592","Aspergillus oryzae","",52.2500,"25.3798","232.3183","159.5047","74.8771","46.0917","93.7556","74.7673","146.8713","51.7723","141.9045","158.6037","70.4239","26.7103","137.8014","117.7699","28.9414","22.2420","48.6763","24.1587","257.6911","38.4234","30.2881","116.2987","117.6509","42.2941","20.2446","48.3763","233.8323","44.1443","30.3878","152.7196","84.9720","134.6070","133.3172","62.0140","46.3624","85.0604","20.1621","17.0806","18.0004","46.1437","35.2083","23.1456","21.0019","38.8849","40.4379","151.1025","45.3245","142.4613","25.4519","22.6001","33.4000","39.6989","18.5089","19.1019","57.8159","148.9817","143.7824","29.7565","40.4912","56.6950","23.1750","26.1741","24.7433","35.8654","22.2221","27.9567","17.9408","25.9816","27.9173","137.3717","54.2187","62.6728","25.0145","70.6580","83.0366","132.7735","129.0292","25.5838","22.9201","34.5969","40.4238","34.8067","58.0378","59.2442","40.0166","80.7966","136.5002","51.0720","184.2766","34.0077","39.6873","138.5850","122.5854","80.7033","42.7577"
"C:\Users\cfg364\Sommerlab Dropbox\Casper van der Luijt\Casper\Data\BioLog\OmniLog\CL3\DATA_2024\08\_NRRL 5592_Aspergillus oryzae__1_30_CL3_769_8#19#2024_A_18A_23.OKA","8/19/2024 7:16:29 PM","18-A","PM01","","NRRL 5592","Aspergillus oryzae","",52.5000,"24.9717","232.0088","162.4220","72.8121","44.5661","93.6842","74.7831","146.7214","53.6315","144.5045","161.9885","76.1776","28.6613","134.2056","119.3458","28.3319","23.5822","46.6737","21.8966","257.0078","36.4616","29.7085","117.7604","115.5294","43.0537","19.1544","46.1693","234.1765","45.9363","28.6218","152.6032","89.7282","132.0647","134.2491","71.4090","42.7015","82.9964","21.1161","18.7212","17.1238","44.6700","37.1133","21.7547","25.1814","38.9614","38.2457","151.8160","43.6803","139.8615","30.3584","18.8270","34.4723","40.1045","18.9540","13.6429","58.6385","154.4516","146.7422","25.3380","44.6536","59.4767","21.3225","34.9666","20.9869","34.8535","23.6201","33.4527","20.2740","23.1778","27.1301","141.8606","50.7443","62.1381","21.4639","75.8364","90.3137","140.0146","125.5583","24.7353","18.9109","32.0918","43.0120","33.2286","57.5873","59.9191","41.0813","81.9502","136.2008","54.2104","182.0190","33.5061","40.8234","139.8227","122.9455","77.2384","43.8307"
"C:\Users\cfg364\Sommerlab Dropbox\Casper van der Luijt\Casper\Data\BioLog\OmniLog\CL3\DATA_2024\08\_NRRL 5592_Aspergillus oryzae__1_30_CL3_769_8#19#2024_A_18A_23.OKA","8/19/2024 7:16:29 PM","18-A","PM01","","NRRL 5592","Aspergillus oryzae","",52.7500,"27.5142","230.5499","164.1617","75.5860","48.5103","91.0365","71.4071","154.0403","51.2119","140.6408","158.5331","74.0523","31.1931","132.8499","116.8824","27.6972","22.7259","50.9654","21.8706","258.4358","41.9080","29.9128","119.3496","113.2226","41.2405","21.4695","50.9498","233.9483","46.3347","31.2604","152.2220","88.9992","137.3685","130.0875","72.0775","48.7365","87.1792","20.6912","16.4550","18.2277","49.9949","37.0394","25.8359","25.3865","40.4526","37.0026","153.7941","47.0657","138.0246","31.1691","20.0576","35.8867","41.1766","17.6905","15.3919","57.1079","151.4301","146.4678","28.8280","47.1675","59.0954","18.4117","31.8180","23.4963","36.7426","22.7415","31.0504","17.9208","20.4109","26.2122","141.0418","54.6493","62.6794","19.8987","79.8411","92.7200","138.8043","131.0141","25.5411","23.1128","34.1766","39.0737","36.8989","56.7867","57.8872","43.8218","84.9572","141.5315","53.7917","183.0589","36.8348","40.0701","137.7848","128.3076","80.9084","40.7147"
"C:\Users\cfg364\Sommerlab Dropbox\Casper van der Luijt\Casper\Data\BioLog\OmniLog\CL3\DATA_2024\08\_NRRL 5592_Aspergillus oryzae__1_30_CL3_769_8#19#2024_A_18A_23.OKA","8/19/2024 7:16:29 PM","18-A","PM01","","NRRL 5592","Aspergillus oryzae","",53.0000,"28.8748","231.6887","162.0177","76.2812","49.4815","95.6600","70.8609","148.0998","51.8044","145.1582","158.0074","76.8146","26.0685","138.5279","119.0550","33.8035","26.0541","52.2238","23.1203","256.8083","39.6800","30.2551","117.2420","119.9389","44.9191","20.8895","44.8346","236.6355","45.8392","28.2734","155.0576","86.0855","134.3403","134.4177","68.5955","48.2965","86.4164","19.6747","17.2048","16.5913","49.2222","37.1959","24.6410","26.0996","40.9020","40.2290","150.6309","45.8589","139.0165","28.5123","24.0155","40.2423","45.6724","14.1904","20.3250","54.6960","148.4628","145.6693","28.1567","46.3052","59.1408","16.9390","33.4445","22.2365","42.8972","23.3980","30.1660","19.4627","21.4451","27.0395","140.3885","56.1517","61.9165","16.3773","78.8351","86.3743","138.3551","130.3193","28.2640","25.6156","35.6233","39.6231","37.1141","59.0160","62.0958","41.7908","89.4893","141.6052","53.3046","187.4793","36.9103","38.7837","141.8575","118.8569","83.8713","40.5972"
"C:\Users\cfg364\Sommerlab Dropbox\Casper van der Luijt\Casper\Data\BioLog\OmniLog\CL3\DATA_2024\08\_NRRL 5592_Aspergillus oryzae__1_30_CL3_769_8#19#2024_A_18A_23.OKA","8/19/2024 7:16:29 PM","18-A","PM01","","NRRL 5592","Aspergillus oryzae","",53.2500,"27.6047","235.0642","168.0791","78.1455","48.8191","92.3236","71.6870","149.8361","57.6702","143.4921","164.1577","76.6911","27.1667","137.7843","116.7299","32.4408","23.4869","56.1724","19.4810","257.7559","38.1987","32.5909","118.7505","118.6175","43.0766","17.4783","49.2412","237.8017","45.9669","29.2765","156.7397","85.7378","134.9399","135.9367","70.8387","46.6209","86.3256","22.0861","19.2731","14.7483","46.0897","35.9544","23.2737","24.2358","38.2525","38.2589","154.2178","46.1378","143.5973","27.7813","22.8183","41.2452","43.5945","17.1329","20.6727","59.0308","152.3190","148.9383","27.2404","44.3633","56.7612","16.2163","33.3522","23.2466","39.0328","24.8658","30.8607","17.6628","18.0686","25.0306","142.0713","56.2148","60.9181","17.6331","80.8339","89.9650","138.2010","133.0641","28.7401","23.6689","33.7661","39.6553","35.4011","53.6011","60.2090","43.6057","87.9075","140.7401","54.8554","185.7943","36.7498","37.4530","141.9887","124.2678","78.0376","39.9201"
"C:\Users\cfg364\Sommerlab Dropbox\Casper van der Luijt\Casper\Data\BioLog\OmniLog\CL3\DATA_2024\08\_NRRL 5592_Aspergillus oryzae__1_30_CL3_769_8#19#2024_A_18A_23.OKA","8/19/2024 7:16:29 PM","18-A","PM01","","NRRL 5592","Aspergillus oryzae","",53.5000,"26.7637","231.0747","167.8224","71.9153","46.7459","97.3121","75.5151","149.3772","53.9397","146.7461","162.5362","74.1740","23.6866","142.1127","121.1143","27.8490","22.6127","49.8437","20.9154","258.4531","40.1704","27.2950","119.0519","118.5171","42.2777","20.7247","48.7403","235.1694","45.3370","27.9045","154.5437","85.0081","131.7643","129.9564","69.5967","45.9238","86.6579","18.9011","20.0497","18.6996","47.3581","33.8310","22.7285","23.9161","37.5862","37.1926","154.0712","42.7719","141.7384","30.6457","22.9447","35.4943","40.0248","14.4196","17.3769","57.3751","152.0480","147.3727","27.1869","43.2082","57.8934","15.6011","30.6240","24.2635","33.3294","17.0512","31.0146","15.7444","23.4055","26.5920","142.7337","56.1884","63.7374","18.5531","80.4256","92.1836","136.3422","127.6430","23.8952","22.5123","35.7799","35.5541","34.9760","60.7928","60.1425","46.0715","89.6765","143.0691","52.6441","181.2376","30.4711","38.5241","140.9800","125.5678","80.2273","41.5753"
"C:\Users\cfg364\Sommerlab Dropbox\Casper van der Luijt\Casper\Data\BioLog\OmniLog\CL3\DATA_2024\08\_NRRL 5592_Aspergillus oryzae__1_30_CL3_769_8#19#2024_A_18A_23.OKA","8/19/2024 7:16:29 PM","18-A","PM01","","NRRL 5592","Aspergillus oryzae","",53.7500,"25.1853","235.7756","165.1226","72.5156","49.5359","97.3367","73.5585","151.9606","51.8517","149.0095","163.8132","76.8420","27.1643","137.7096","120.7628","29.8221","23.1301","53.1475","22.9665","258.5599","37.4337","31.5273","124.1664","116.2090","42.8583","21.4406","50.5335","236.3273","46.7841","30.1230","158.1239","88.4994","136.6998","137.1505","69.0537","46.6556","85.2189","18.5904","18.2738","19.2766","48.8681","32.4539","24.3898","25.5593","38.3325","37.4311","155.4812","42.5633","144.5793","29.1319","18.9399","33.9884","39.4643","14.7297","20.4979","59.8640","150.6357","150.4401","28.4471","43.1733","58.2664","19.6837","31.3354","24.6088","38.3975","23.6477","29.7193","19.1048","24.0558","26.8430","141.7957","53.8248","65.4872","24.1532","76.6496","92.1784","139.0674","129.7921","28.3411","20.9910","32.0075","42.7403","42.1085","60.7257","58.7596","45.9247","83.6304","143.7296","54.1340","181.5119","36.8418","39.4689","138.4771","123.3259","79.2871","41.2949"
"C:\Users\cfg364\Sommerlab Dropbox\Casper van der Luijt\Casper\Data\BioLog\OmniLog\CL3\DATA_2024\08\_NRRL 5592_Aspergillus oryzae__1_30_CL3_769_8#19#2024_A_18A_23.OKA","8/19/2024 7:16:29 PM","18-A","PM01","","NRRL 5592","Aspergillus oryzae","",54.0000,"24.6254","233.7114","168.0912","75.1515","48.0197","99.2967","75.2313","150.2220","53.3707","149.6190","162.4029","77.2137","26.4629","137.8030","124.1083","29.1477","23.3535","54.9731","21.8585","258.8770","37.1485","27.8267","122.4654","113.3714","42.1921","19.5025","51.4388","237.1618","45.5061","30.0916","157.6797","88.0575","134.2320","136.3250","72.1841","44.1311","87.5837","19.0609","17.3570","18.8410","45.3736","32.7362","25.9201","25.0540","41.2146","41.6691","156.7753","49.5289","144.1499","28.2715","20.8172","37.0598","42.1766","17.3405","16.6671","61.7543","154.8442","146.7148","26.1356","49.7926","58.3580","17.2385","32.1711","22.5249","38.5517","28.9176","31.1763","18.4451","24.9616","29.5096","144.8570","52.5512","63.6760","24.1849","79.1467","91.5498","140.4243","132.2486","27.0096","21.4713","33.7099","40.3358","41.8834","57.3020","57.8885","46.3308","88.1098","146.7840","52.0208","181.6718","32.2871","39.8562","140.7348","126.0408","82.8101","36.6440"
"C:\Users\cfg364\Sommerlab Dropbox\Casper van der Luijt\Casper\Data\BioLog\OmniLog\CL3\DATA_2024\08\_NRRL 5592_Aspergillus oryzae__1_30_CL3_769_8#19#2024_A_18A_23.OKA","8/19/2024 7:16:29 PM","18-A","PM01","","NRRL 5592","Aspergillus oryzae","",54.2500,"26.1497","235.8694","164.8777","73.7416","45.0821","96.9190","73.8426","151.5497","52.6920","149.2982","163.2178","77.8021","27.7438","136.6516","123.5912","26.4807","22.4278","55.3508","22.1117","260.3358","33.0281","31.7803","122.6580","115.6538","42.1618","22.5972","50.8051","235.8636","44.1642","30.4992","160.9160","87.2052","134.7065","134.2294","71.4568","45.7829","83.9455","21.1937","17.6015","16.2896","44.2299","36.0295","21.2337","26.4752","36.2422","37.0752","154.8666","44.1492","140.3772","27.7298","18.0474","35.5399","43.8602","14.9162","18.1551","59.4229","155.5038","148.8665","28.0988","49.1561","54.8444","17.5520","30.7163","26.2823","38.7060","24.0197","25.7917","21.6179","25.6487","28.3489","145.5130","53.2516","64.4910","24.3438","78.9254","93.2783","137.1555","128.7214","29.8311","19.7421","34.9627","43.2854","38.4411","57.7585","59.9310","45.3936","87.3099","144.6243","53.8853","179.8483","33.5469","41.3087","141.1601","123.6857","85.3454","41.3917"
"C:\Users\cfg364\Sommerlab Dropbox\Casper van der Luijt\Casper\Data\BioLog\OmniLog\CL3\DATA_2024\08\_NRRL 5592_Aspergillus oryzae__1_30_CL3_769_8#19#2024_A_18A_23.OKA","8/19/2024 7:16:29 PM","18-A","PM01","","NRRL 5592","Aspergillus oryzae","",54.5000,"24.9054","233.9303","166.9894","77.2664","49.6306","98.3327","75.0735","153.1935","53.3384","151.7043","165.5683","77.2446","29.6957","138.4564","123.5304","29.4543","22.5555","53.2104","22.9032","257.7670","36.4195","30.8947","125.6107","117.5045","44.6451","20.0339","50.3524","236.2036","43.3335","32.7876","159.1710","86.5738","137.1111","134.8327","71.2987","45.9699","84.7944","17.7435","18.8545","18.2498","46.2631","34.3044","21.6481","24.8329","39.8211","38.7575","155.9018","46.3882","140.0398","28.2715","22.7560","33.8934","40.2749","13.2378","18.2817","62.7624","157.6080","145.1733","26.3256","46.0056","58.9080","18.3357","31.6758","24.6720","39.9401","24.7327","28.7374","20.3300","24.2432","25.6508","142.9202","54.4297","65.9702","20.9443","78.8306","95.8240","139.1291","131.8077","28.6581","22.9443","32.1360","40.3037","40.0818","61.4431","59.2101","43.1757","87.1820","147.4011","54.2893","185.3508","32.6425","41.3733","142.6653","123.6203","83.7979","39.2278"
"C:\Users\cfg364\Sommerlab Dropbox\Casper van der Luijt\Casper\Data\BioLog\OmniLog\CL3\DATA_2024\08\_NRRL 5592_Aspergillus oryzae__1_30_CL3_769_8#19#2024_A_18A_23.OKA","8/19/2024 7:16:29 PM","18-A","PM01","","NRRL 5592","Aspergillus oryzae","",54.7500,"27.4562","235.1500","168.6114","77.2358","47.5459","101.8350","75.4523","150.2536","52.2719","153.1479","163.4998","75.3245","28.4758","143.1240","122.8917","28.9638","22.7470","54.1862","21.1304","255.3250","37.8775","30.1989","126.5736","116.2707","42.1315","21.7532","52.4649","236.8836","45.1227","30.5932","157.3307","85.9424","136.9212","133.1498","72.8481","44.0375","85.7343","19.6255","17.2958","15.2316","46.4537","34.7122","22.1263","23.1591","39.3460","40.1809","156.4518","45.2065","143.8738","25.9453","20.4786","35.3499","41.2102","16.7500","19.2632","64.7472","158.2990","150.8576","28.1938","46.0693","54.3249","15.1067","34.1829","23.9458","38.3975","26.9956","29.5926","21.0525","23.6185","26.8430","144.9195","52.6785","64.8231","23.3271","78.8622","89.0670","136.4462","129.6662","26.4073","20.3825","31.7826","43.2854","38.3446","57.0085","58.2189","45.0500","86.3501","149.1906","55.1284","184.2951","32.4164","41.1151","139.8513","124.8959","84.1601","39.5831"
"C:\Users\cfg364\Sommerlab Dropbox\Casper van der Luijt\Casper\Data\BioLog\OmniLog\CL3\DATA_2024\08\_NRRL 5592_Aspergillus oryzae__1_30_CL3_769_8#19#2024_A_18A_23.OKA","8/19/2024 7:16:29 PM","18-A","PM01","","NRRL 5592","Aspergillus oryzae","",55.0000,"26.7407","232.8357","168.3972","72.6688","50.1044","100.1321","75.8626","152.7194","56.0209","152.5063","163.4998","75.6961","25.8224","138.5809","124.3516","29.9447","20.9914","56.9562","22.4600","257.6085","38.5748","29.6295","125.0972","116.7951","46.0078","20.3152","54.3963","238.4600","43.4613","29.8722","161.4237","88.9414","140.8444","136.8330","72.8797","47.9647","82.5812","20.6292","16.2873","18.0631","49.0270","36.0923","23.2740","26.4752","38.6176","37.8516","155.9018","46.9168","140.8372","29.1956","20.4479","37.7881","42.9872","13.6419","18.6617","64.6527","159.8694","150.6328","27.7821","42.5369","57.8997","18.9627","32.7282","25.6192","42.0998","26.5616","34.8504","18.3823","24.6492","27.2822","146.2628","53.4108","67.5701","26.2501","78.4197","91.3612","138.5740","130.5165","26.6292","23.3286","35.7657","45.2732","40.0497","62.6495","62.7846","47.9552","88.4298","147.0617","53.6989","186.3425","35.4851","41.7929","142.9597","124.8632","83.3699","41.3917"
"C:\Users\cfg364\Sommerlab Dropbox\Casper van der Luijt\Casper\Data\BioLog\OmniLog\CL3\DATA_2024\08\_NRRL 5592_Aspergillus oryzae__1_30_CL3_769_8#19#2024_A_18A_23.OKA","8/19/2024 7:16:29 PM","18-A","PM01","","NRRL 5592","Aspergillus oryzae","",55.2500,"25.6327","232.4077","171.0546","74.3050","49.3863","104.0215","71.2931","152.5610","58.6310","153.6067","164.1743","79.0900","27.6504","139.5602","121.9080","28.7020","27.0605","54.8089","22.6018","260.3463","39.2976","31.4096","129.3710","116.3569","41.5420","22.2378","52.9682","239.1850","48.4068","30.3822","163.1507","86.6867","133.8419","137.3676","74.6409","45.7882","85.9035","21.3005","18.1052","18.7273","48.8194","40.7363","25.5533","28.5500","38.8839","40.9700","160.1860","45.7592","141.7976","27.5618","21.8660","35.2095","40.4221","18.2118","20.2915","64.2555","159.1270","150.8694","29.5674","48.3093","57.2938","21.5058","32.1865","23.8969","41.7949","23.0682","33.1249","19.8089","22.5772","27.5849","146.5295","51.9700","64.7311","19.4647","79.9927","94.8861","141.9069","127.7813","24.8939","26.8430","34.4688","39.9078","38.1428","62.5868","60.0141","46.8754","87.9939","150.0398","52.4170","185.2423","36.3183","43.2658","139.8196","122.4030","86.5257","43.1887"
"C:\Users\cfg364\Sommerlab Dropbox\Casper van der Luijt\Casper\Data\BioLog\OmniLog\CL3\DATA_2024\08\_NRRL 5592_Aspergillus oryzae__1_30_CL3_769_8#19#2024_A_18A_23.OKA","8/19/2024 7:16:29 PM","18-A","PM01","","NRRL 5592","Aspergillus oryzae","",55.5000,"27.3378","235.0424","168.6721","72.5007","51.3783","102.1101","74.0510","150.7534","57.3194","154.4720","161.6031","78.1653","27.7424","143.2707","122.1515","28.6102","24.5213","56.5751","21.2425","262.4437","42.6731","31.2516","130.9978","118.6667","41.3289","19.7961","53.1797","237.8651","50.0856","33.0438","160.0404","89.8731","138.8837","137.5580","76.6643","48.3950","84.0810","15.9770","18.3796","17.5790","48.1843","40.0224","24.7271","30.8105","41.1627","42.1314","157.9013","46.7532","144.7144","25.3323","22.0501","36.0037","40.4845","15.3023","20.0695","61.7887","158.7180","152.1210","28.8423","46.7441","57.3853","19.0430","31.2263","27.9547","39.8240","26.3963","31.1596","22.2943","19.5966","29.2779","144.6790","53.9421","65.4841","23.2482","82.0007","96.8573","144.8386","131.7841","28.7956","26.1446","37.8627","41.0976","39.6310","59.5751","59.9840","46.4062","90.9011","151.3378","53.8527","184.5694","36.7693","43.7493","142.7340","124.5951","84.6269","43.0924"
"C:\Users\cfg364\Sommerlab Dropbox\Casper van der Luijt\Casper\Data\BioLog\OmniLog\CL3\DATA_2024\08\_NRRL 5592_Aspergillus oryzae__1_30_CL3_769_8#19#2024_A_18A_23.OKA","8/19/2024 7:16:29 PM","18-A","PM01","","NRRL 5592","Aspergillus oryzae","",55.7500,"29.0119","235.2934","172.0626","71.1551","53.0225","105.5825","73.5121","152.8464","58.4710","153.7990","167.3100","79.2133","23.1122","143.5514","122.8517","32.1262","25.6639","55.3135","23.0128","260.5654","38.1303","31.8519","130.5512","115.2482","41.3593","20.5474","54.0257","238.5711","50.1172","33.2943","159.6278","87.1283","135.4591","137.2725","71.1633","48.5812","86.6933","18.1190","16.7634","16.8653","45.1994","40.1466","24.7271","26.6349","39.6435","43.2928","159.2528","45.4796","144.0696","26.9885","23.5235","35.7178","42.0428","16.1999","18.9596","62.9272","157.9000","150.4200","31.5849","47.4149","56.5009","22.0669","31.6599","25.3753","41.8565","22.9127","27.4510","21.6651","23.0165","28.6822","146.2786","56.4869","67.6827","19.3044","81.7183","98.0776","141.4440","132.7372","28.6687","25.7636","35.0451","42.3517","40.1809","62.8135","59.2304","45.7181","95.2780","150.5033","48.3908","183.1917","35.1265","40.9450","139.6232","123.0901","88.8828","41.7125"
"C:\Users\cfg364\Sommerlab Dropbox\Casper van der Luijt\Casper\Data\BioLog\OmniLog\CL3\DATA_2024\08\_NRRL 5592_Aspergillus oryzae__1_30_CL3_769_8#19#2024_A_18A_23.OKA","8/19/2024 7:16:29 PM","18-A","PM01","","NRRL 5592","Aspergillus oryzae","",56.0000,"28.3551","237.9830","168.7684","71.2486","50.8349","104.4597","78.9244","154.6407","57.7513","153.6269","167.6667","80.0005","25.3051","139.7766","123.2042","30.1845","26.0775","53.2522","24.5360","263.7683","45.1342","36.9189","130.2858","117.7810","39.1485","23.1830","52.7111","239.6239","45.7308","31.8801","164.8962","90.0603","138.7210","136.2229","77.4799","45.7463","87.9191","20.3098","23.0718","15.9364","53.0461","40.9370","24.9068","30.8501","44.3155","39.4853","157.4983","46.3726","146.5802","29.0695","20.4833","40.6548","44.7484","15.9415","21.7382","64.4532","161.0092","152.2076","29.8095","44.5225","58.9696","19.0970","34.7155","26.3733","43.5955","24.6896","31.8476","20.5018","21.3160","26.9576","148.5580","57.3492","63.4464","18.5996","84.0748","96.8671","142.5653","134.8360","28.9662","21.6346","35.9157","43.5786","39.5600","64.1169","56.9720","48.7902","95.5410","151.9336","53.6247","185.0029","31.6323","39.7328","141.9652","120.6849","89.0171","44.8072"
"C:\Users\cfg364\Sommerlab Dropbox\Casper van der Luijt\Casper\Data\BioLog\OmniLog\CL3\DATA_2024\08\_NRRL 5592_Aspergillus oryzae__1_30_CL3_769_8#19#2024_A_18A_23.OKA","8/19/2024 7:16:29 PM","18-A","PM01","","NRRL 5592","Aspergillus oryzae","",56.2500,"28.6645","239.2939","168.6147","72.6633","50.8978","104.1077","76.5300","155.3022","56.6596","157.3078","166.5346","81.3867","26.0127","141.1776","123.9379","30.7054","25.9820","54.3323","24.5990","260.5847","45.3536","35.8166","129.0949","116.3650","44.0227","20.5902","56.1568","241.2839","49.4486","30.5006","164.7382","93.3007","140.4576","136.5096","78.4543","49.6448","87.0749","22.4966","20.4330","17.8422","54.0547","42.7945","28.7574","28.3335","42.1489","38.4761","159.5321","44.3522","145.4447","27.1893","24.0741","40.8754","43.9701","16.0347","17.1135","66.8886","162.6715","153.9050","33.2869","49.0431","57.1963","16.3039","35.9783","27.9582","44.9153","23.8184","30.8971","22.6413","24.2095","24.8802","151.6864","56.5255","63.5067","17.5094","82.7581","96.9928","142.8433","135.7828","28.4266","24.0862","35.7564","44.1569","38.9448","66.0986","60.2514","50.2484","95.5728","152.5841","55.6827","184.8433","33.1846","44.7256","146.4396","123.4855","91.0805","45.6749"
"C:\Users\cfg364\Sommerlab Dropbox\Casper van der Luijt\Casper\Data\BioLog\OmniLog\CL3\DATA_2024\08\_NRRL 5592_Aspergillus oryzae__1_30_CL3_769_8#19#2024_A_18A_23.OKA","8/19/2024 7:16:29 PM","18-A","PM01","","NRRL 5592","Aspergillus oryzae","",56.5000,"28.4480","237.5772","169.4449","71.1563","50.8349","103.2438","75.8999","157.5702","59.3246","154.9072","166.5346","79.6925","24.6283","144.4157","127.5761","27.2118","24.2962","54.4912","23.1195","263.2955","45.3222","34.2104","129.5777","116.3035","42.1949","22.4645","53.2854","238.7939","48.5589","35.2033","164.5802","89.2737","140.1735","137.9745","79.5545","48.0359","85.8386","21.9968","20.7363","19.6543","51.8169","42.8874","24.7795","31.0074","41.9605","38.8993","159.7258","43.2954","147.4702","28.2409","24.6265","40.4342","46.9278","14.7294","22.0867","64.0420","162.8596","153.6168","29.2721","48.5655","57.1657","20.4152","36.7174","24.6933","47.8311","27.3342","31.5942","20.3759","25.0587","30.3883","154.0015","57.8561","65.3163","20.9725","83.4165","95.4533","142.9978","134.0155","28.8075","25.8056","38.7513","43.7714","40.5638","64.1494","61.1239","46.8355","98.2825","153.9779","54.7472","187.3970","34.8339","44.1780","137.5235","124.4410","93.6680","41.5614"
"C:\Users\cfg364\Sommerlab Dropbox\Casper van der Luijt\Casper\Data\BioLog\OmniLog\CL3\DATA_2024\08\_NRRL 5592_Aspergillus oryzae__1_30_CL3_769_8#19#2024_A_18A_23.OKA","8/19/2024 7:16:29 PM","18-A","PM01","","NRRL 5592","Aspergillus oryzae","",56.7500,"29.2716","239.0220","172.8625","72.3604","51.6672","107.7336","75.4045","153.3624","59.9721","157.8943","163.7423","78.5433","29.7728","144.2349","126.9644","27.5828","24.9193","59.5895","24.1944","260.0389","40.0067","30.8000","133.8396","114.9848","44.9783","23.9657","53.7579","241.5266","48.7806","31.2128","165.0390","92.6190","142.3298","138.0924","79.9632","46.9780","88.5330","20.9202","19.4264","17.2372","55.2413","39.6265","27.6960","28.6887","40.6497","41.0894","162.3119","48.2480","142.0231","33.6296","25.8629","42.4432","44.8705","20.1421","22.4412","65.1407","160.2621","155.6958","34.4272","46.1638","57.6956","18.0933","38.6974","26.6541","45.5251","26.3862","31.8113","22.3216","21.1934","26.6324","153.1670","52.0785","67.6526","20.6736","80.4368","99.9237","146.5542","131.1479","24.2494","28.3651","38.0463","45.3431","37.1484","62.8840","62.6888","50.7561","100.6882","156.7627","55.4649","184.7472","34.8109","41.4888","142.6952","128.7303","89.2800","45.3106"
"C:\Users\cfg364\Sommerlab Dropbox\Casper van der Luijt\Casper\Data\BioLog\OmniLog\CL3\DATA_2024\08\_NRRL 5592_Aspergillus oryzae__1_30_CL3_769_8#19#2024_A_18A_23.OKA","8/19/2024 7:16:29 PM","18-A","PM01","","NRRL 5592","Aspergillus oryzae","",57.0000,"26.8050","236.8922","174.4756","70.7378","49.6967","109.7755","74.4744","154.1249","61.0433","155.8203","166.5202","78.1102","26.5304","144.6115","127.6942","32.8568","27.0725","54.2036","22.9652","260.7374","46.2155","34.7092","130.9977","113.8664","45.8688","22.5135","57.4395","240.4796","50.0885","32.4188","164.7328","90.3734","140.0835","136.3999","74.1264","46.9103","85.7389","19.4962","20.8382","19.5149","49.2443","41.2175","28.7836","24.8683","38.6680","39.1371","162.4059","46.6999","144.8381","29.9051","23.0535","34.2529","43.3170","17.7622","23.8348","67.1751","163.1849","159.2447","30.5192","44.0974","54.8482","16.5219","35.6305","25.8362","44.2742","21.7579","30.2132","20.5215","21.8102","27.7619","153.7548","56.8533","63.5733","20.4949","89.2961","103.0231","145.9059","131.9337","26.5205","26.4091","35.2089","44.9421","40.4381","66.0794","57.5782","51.9121","99.2575","156.7876","53.6491","184.2468","34.6039","39.8608","141.4407","122.5253","88.6518","45.7188"
"C:\Users\cfg364\Sommerlab Dropbox\Casper van der Luijt\Casper\Data\BioLog\OmniLog\CL3\DATA_2024\08\_NRRL 5592_Aspergillus oryzae__1_30_CL3_769_8#19#2024_A_18A_23.OKA","8/19/2024 7:16:29 PM","18-A","PM01","","NRRL 5592","Aspergillus oryzae","",57.2500,"25.7885","240.1473","170.0656","68.3430","51.1056","105.5873","74.2362","151.7619","58.3541","159.2945","169.6945","77.8672","23.5910","142.9880","127.2592","32.1556","26.1979","58.0855","22.8082","260.7749","43.6682","34.0852","132.9225","113.8544","44.8461","21.1735","54.5695","238.5840","47.6861","31.0472","160.6964","90.2585","138.0520","144.2705","77.9028","49.2165","85.6381","17.9203","20.1689","17.9565","44.7065","40.7185","27.3449","27.8286","43.1016","40.5166","163.5072","48.6257","143.3876","28.8657","21.6035","39.3123","40.6815","16.9916","17.4399","69.1755","161.2895","156.0978","28.1803","46.5944","60.7470","17.0313","33.7177","27.0759","46.2629","22.3475","28.2632","17.1975","22.1115","29.3464","150.3120","56.4393","63.4606","22.7729","86.5702","96.6684","141.7550","130.8004","25.8843","21.2125","34.7462","41.3502","33.8404","65.5304","57.6508","46.1167","102.1780","158.0200","51.8384","183.7697","33.3667","40.0976","141.3844","122.8455","88.7346","45.0166"
"C:\Users\cfg364\Sommerlab Dropbox\Casper van der Luijt\Casper\Data\BioLog\OmniLog\CL3\DATA_2024\08\_NRRL 5592_Aspergillus oryzae__1_30_CL3_769_8#19#2024_A_18A_23.OKA","8/19/2024 7:16:29 PM","18-A","PM01","","NRRL 5592","Aspergillus oryzae","",57.5000,"29.4112","237.6791","173.1102","73.0060","49.4588","107.2868","75.3192","158.6512","58.7070","160.6228","164.3220","77.7458","29.1877","141.7139","127.7037","33.9878","23.4925","59.5425","24.4776","257.0476","39.2870","35.9516","132.0894","114.9280","42.6241","21.0305","54.4419","239.6253","50.2059","32.9817","166.9072","89.1171","139.5194","143.7197","79.1912","45.5988","84.9736","17.6989","17.3205","18.1793","49.3192","42.2784","25.9720","27.9331","42.6311","41.5097","165.7879","48.3192","142.7710","31.2939","19.5252","39.7528","41.8319","12.8863","18.0363","67.8633","162.8173","155.1315","32.3569","46.5309","58.1647","15.7869","37.9476","23.7270","43.0615","22.2802","30.1054","21.0803","24.9118","26.5311","152.6980","55.8037","65.0909","19.2406","82.1422","100.9948","144.2117","134.5941","28.6000","24.8388","37.3190","40.2537","38.5397","63.2868","60.0858","47.9743","98.9957","155.7549","53.1421","185.5160","34.6004","42.4935","139.8057","121.9735","94.8824","36.4071"
"C:\Users\cfg364\Sommerlab Dropbox\Casper van der Luijt\Casper\Data\BioLog\OmniLog\CL3\DATA_2024\08\_NRRL 5592_Aspergillus oryzae__1_30_CL3_769_8#19#2024_A_18A_23.OKA","8/19/2024 7:16:29 PM","18-A","PM01","","NRRL 5592","Aspergillus oryzae","",57.7500,"28.4860","240.7643","171.6719","70.5233","54.1520","107.9910","73.8962","153.3000","59.6374","161.8607","167.7899","78.3046","29.9201","143.3709","128.7087","35.4169","26.1057","60.9331","23.9435","260.4325","41.0865","31.9670","134.5920","116.2857","43.7459","22.2179","57.0381","240.1445","49.4149","34.5138","168.7440","90.8174","140.7579","143.9408","79.8518","47.0275","87.9423","21.0799","18.8472","22.6663","49.6364","41.3438","23.6197","32.0955","43.0415","39.7302","162.1568","50.7289","143.6042","34.2699","22.7876","39.4697","39.5851","17.0608","22.4736","71.6919","161.8390","153.3954","29.1487","47.0726","59.5340","21.0431","37.7637","26.1212","43.8939","25.7701","33.5216","23.1464","25.2565","26.1539","155.3916","54.9458","67.3548","22.4666","83.8697","99.1344","145.4093","132.1410","27.7755","25.4155","36.1372","43.9547","41.2320","66.4291","62.8461","45.8067","101.4445","157.1540","57.6155","183.4430","35.5303","42.1701","143.0046","123.8400","94.3269","37.4143"
"C:\Users\cfg364\Sommerlab Dropbox\Casper van der Luijt\Casper\Data\BioLog\OmniLog\CL3\DATA_2024\08\_NRRL 5592_Aspergillus oryzae__1_30_CL3_769_8#19#2024_A_18A_23.OKA","8/19/2024 7:16:29 PM","18-A","PM01","","NRRL 5592","Aspergillus oryzae","",58.0000,"31.0766","236.3703","169.8050","73.1592","49.5848","106.5506","77.9122","159.1579","60.7282","164.3364","166.9309","78.6771","26.3802","143.8399","130.1401","33.4404","25.5002","57.3935","25.9228","260.0845","43.1070","34.1174","133.8220","115.5760","43.4124","23.8741","56.7363","241.5494","50.0161","33.3256","168.0156","89.1171","138.8207","141.7935","78.3105","42.3998","86.4277","17.4777","16.6182","20.1288","51.6982","40.6584","24.6051","27.2710","43.0415","42.1567","165.1131","48.1956","143.9128","32.2437","23.0338","42.2694","45.4831","17.3391","15.8494","69.1814","163.6377","153.9420","31.8537","46.1166","58.8646","21.4811","40.6148","26.9403","43.4623","25.0846","31.9716","22.5516","24.0345","27.6315","154.4833","56.1850","66.1172","20.5502","87.3876","97.7785","144.6723","132.6128","26.7607","24.9029","38.7882","47.0120","39.9669","66.0080","59.8757","43.9847","102.4621","160.7293","56.2272","183.9532","38.9293","43.6575","144.1144","123.2178","97.2352","37.3168"
"C:\Users\cfg364\Sommerlab Dropbox\Casper van der Luijt\Casper\Data\BioLog\OmniLog\CL3\DATA_2024\08\_NRRL 5592_Aspergillus oryzae__1_30_CL3_769_8#19#2024_A_18A_23.OKA","8/19/2024 7:16:29 PM","18-A","PM01","","NRRL 5592","Aspergillus oryzae","",58.2500,"26.4198","238.4270","173.2021","71.2589","54.1520","107.1588","75.0662","153.6799","62.7174","162.1464","162.2539","79.7327","28.0281","144.9653","132.4851","34.0790","24.7354","59.1001","26.2369","261.9192","44.2120","32.7259","133.2765","113.8171","42.7757","21.3117","58.4570","242.5267","51.5033","35.6082","171.7843","85.0239","137.1059","143.8776","80.4808","45.7851","82.7926","21.3643","17.5953","21.6451","50.9052","43.3376","26.5123","28.8791","41.0843","40.8949","162.5103","47.8558","142.3389","28.7611","23.1877","41.1684","42.7057","15.6693","20.8889","72.5705","160.5137","154.8743","29.9979","46.2441","61.0555","18.6966","38.9287","26.8142","44.5721","21.7193","31.8767","25.1500","23.6272","25.2736","154.2641","55.1682","64.6080","23.8720","86.8536","103.0760","144.6109","133.8393","29.0439","23.5575","34.7318","46.2397","39.7399","65.8784","61.8560","47.5345","106.7554","159.8277","57.8314","186.0901","38.5125","43.5605","139.2508","122.2682","96.9411","39.1687"
"C:\Users\cfg364\Sommerlab Dropbox\Casper van der Luijt\Casper\Data\BioLog\OmniLog\CL3\DATA_2024\08\_NRRL 5592_Aspergillus oryzae__1_30_CL3_769_8#19#2024_A_18A_23.OKA","8/19/2024 7:16:29 PM","18-A","PM01","","NRRL 5592","Aspergillus oryzae","",58.5000,"33.9688","240.2202","173.9370","71.8942","49.4288","108.4085","76.8741","158.6299","59.6411","163.7164","170.1779","76.8398","27.8411","153.4240","126.9534","27.7064","32.1708","60.1331","23.4534","260.5427","40.0447","29.1857","134.8464","116.0696","44.4665","21.9720","57.8261","242.0600","43.5475","35.6680","165.7270","90.5890","143.2180","139.0212","75.2446","49.0028","82.6415","19.8764","19.1713","16.1494","48.4737","40.2096","28.7772","27.2818","44.2100","40.4033","163.0598","44.7316","142.7755","26.0680","21.7140","39.5598","42.6959","16.8672","19.6314","68.8421","166.7307","158.1374","32.3048","46.8445","57.6862","19.1172","37.2471","27.4902","45.8814","24.1292","33.2969","20.7705","20.5220","23.6034","153.9471","55.9254","65.2188","20.0120","83.5087","101.1477","147.1089","134.7469","25.5585","24.7528","32.8897","47.9217","41.8874","64.3686","56.0319","48.1984","107.2151","164.4312","50.0023","182.0656","33.4856","43.3156","142.5492","125.7666","94.7375","40.2693"
"C:\Users\cfg364\Sommerlab Dropbox\Casper van der Luijt\Casper\Data\BioLog\OmniLog\CL3\DATA_2024\08\_NRRL 5592_Aspergillus oryzae__1_30_CL3_769_8#19#2024_A_18A_23.OKA","8/19/2024 7:16:29 PM","18-A","PM01","","NRRL 5592","Aspergillus oryzae","",58.7500,"26.1764","240.2293","171.3011","68.7016","54.2359","111.7758","75.8171","161.0799","61.7967","161.0000","171.2769","81.2112","24.5252","148.0385","131.8557","31.7631","29.3856","59.7928","24.1482","262.3350","41.2013","34.0296","136.8356","115.0357","46.8168","19.6626","58.9541","240.1628","46.8752","32.5862","168.9341","93.2246","144.6808","143.5570","78.5024","43.4960","86.6617","21.1407","20.4911","20.4984","52.3476","44.9240","27.1730","31.3337","45.2210","42.6012","163.5046","47.5380","146.3235","26.8080","21.6924","45.4696","46.6476","16.1946","23.1573","73.8250","162.9592","157.6995","29.7789","46.8799","57.5406","17.9256","38.8461","24.6596","44.5850","25.4469","30.1605","22.4185","25.0957","27.5153","153.6158","56.6161","61.7359","18.9625","87.1321","101.1391","145.0159","129.0538","30.4277","25.7465","35.0638","45.5578","42.6575","63.8570","58.5349","49.0555","105.1397","163.7576","49.2406","182.9148","37.0971","43.0572","139.7062","126.2339","89.1826","42.6417"
"C:\Users\cfg364\Sommerlab Dropbox\Casper van der Luijt\Casper\Data\BioLog\OmniLog\CL3\DATA_2024\08\_NRRL 5592_Aspergillus oryzae__1_30_CL3_769_8#19#2024_A_18A_23.OKA","8/19/2024 7:16:29 PM","18-A","PM01","","NRRL 5592","Aspergillus oryzae","",59.0000,"24.2211","238.5689","173.9034","70.2387","50.8566","111.0395","74.4555","158.2369","61.1211","159.1707","168.2207","82.8153","26.8614","150.9026","130.9746","29.5888","29.1629","61.4688","25.1887","262.1149","41.9286","33.6489","137.3487","114.7270","46.1524","21.7341","58.4707","241.6063","48.0519","31.8949","169.3141","88.0954","143.3833","145.0351","81.6281","45.9550","85.6033","21.9570","18.1792","18.0382","48.4851","42.5876","27.9340","32.3065","44.6559","40.0808","158.5372","46.1363","146.0473","28.5609","21.6005","43.5233","42.5069","18.1426","21.0100","74.8037","160.9722","156.4840","29.9375","48.3496","56.5641","16.7974","35.7315","23.8356","46.4013","20.9011","26.8185","21.8523","24.5318","21.9153","154.5231","55.0945","63.6441","18.5130","85.6226","100.1641","147.1109","130.1348","29.7304","25.2358","36.5978","44.7204","42.8839","66.7159","58.7467","49.2121","106.2559","161.8094","51.9967","185.0281","36.1020","41.3157","136.3538","127.4339","93.4104","39.6713"
"C:\Users\cfg364\Sommerlab Dropbox\Casper van der Luijt\Casper\Data\BioLog\OmniLog\CL3\DATA_2024\08\_NRRL 5592_Aspergillus oryzae__1_30_CL3_769_8#19#2024_A_18A_23.OKA","8/19/2024 7:16:29 PM","18-A","PM01","","NRRL 5592","Aspergillus oryzae","",59.2500,"24.5207","240.1086","172.8800","71.2468","46.9472","112.3972","78.0372","160.3209","63.3692","162.3585","170.3750","80.0242","29.0216","148.5641","131.2543","27.5968","29.2356","61.3697","25.0459","261.1528","42.1123","35.8426","140.2500","114.0023","47.4389","23.8390","58.7978","244.8022","47.3893","33.1113","167.3934","91.7185","141.1830","146.1182","77.5091","46.0036","85.6520","19.4329","22.5371","17.6922","54.9557","41.5841","25.5598","28.2672","44.9143","43.2879","162.3050","45.9901","142.9409","30.5876","20.1636","41.3101","46.6968","15.1127","21.5067","75.2161","164.4276","158.5188","25.8045","47.5858","56.5063","18.8027","41.4293","27.1324","48.3478","24.7127","33.2934","22.7421","22.8859","30.2458","152.8859","55.7435","66.3561","20.2842","84.2039","102.1855","144.6992","132.6224","28.9085","26.3242","35.8468","41.6950","43.3871","66.9499","60.9663","49.4802","110.8898","164.8809","52.0825","184.3918","35.7007","45.8250","140.8015","122.0026","95.5799","43.3261"
"C:\Users\cfg364\Sommerlab Dropbox\Casper van der Luijt\Casper\Data\BioLog\OmniLog\CL3\DATA_2024\08\_NRRL 5592_Aspergillus oryzae__1_30_CL3_769_8#19#2024_A_18A_23.OKA","8/19/2024 7:16:29 PM","18-A","PM01","","NRRL 5592","Aspergillus oryzae","",59.5000,"27.9382","239.3401","174.0964","71.7930","51.6097","113.7911","71.4685","158.4412","61.9948","160.2688","167.6120","80.1090","29.1551","147.3431","131.7303","27.7569","28.1143","60.8960","18.2104","262.7947","46.6856","35.9851","136.1868","114.0527","47.0872","21.2323","57.9848","241.5724","49.2954","35.1144","168.6613","92.6337","142.1588","140.6115","79.5780","47.5571","86.6356","21.5387","18.4668","16.8087","48.5317","43.0907","27.8084","30.6042","46.3905","42.9952","162.5321","48.8510","145.5443","31.5175","25.4834","41.5634","39.6773","15.6313","21.2127","70.8516","162.2787","157.8007","31.2081","46.4672","57.8130","18.4155","42.5029","24.4504","46.9810","29.9785","30.9486","24.5428","21.6052","24.1866","152.7608","55.4705","63.8142","25.5736","84.4082","101.0469","147.2621","129.8769","26.2697","25.6310","36.7149","45.0962","39.0957","65.4036","54.8494","50.4928","105.4232","166.5986","51.9162","182.8960","34.4803","41.7385","137.8090","123.5404","94.9612","42.1101"
"C:\Users\cfg364\Sommerlab Dropbox\Casper van der Luijt\Casper\Data\BioLog\OmniLog\CL3\DATA_2024\08\_NRRL 5592_Aspergillus oryzae__1_30_CL3_769_8#19#2024_A_18A_23.OKA","8/19/2024 7:16:29 PM","18-A","PM01","","NRRL 5592","Aspergillus oryzae","",59.7500,"25.8982","240.3067","172.8406","70.5992","52.5549","112.8326","71.8508","161.2864","61.2202","164.1876","171.1335","84.3528","31.2265","145.1284","130.7222","30.7339","28.2731","62.2223","20.2115","263.9597","44.6804","38.3541","139.0743","113.6213","45.3327","22.5778","61.2355","244.4542","48.4692","34.6146","170.3750","94.4103","142.1271","141.1830","79.8309","46.5330","86.6356","22.0406","19.9297","16.6837","50.9429","45.2942","27.4596","27.9295","47.1442","42.8977","163.9845","48.7888","146.4064","30.1221","24.0168","42.4420","43.4614","16.6193","23.1474","74.1082","164.8973","158.3141","30.6730","46.2437","58.1783","18.7597","44.5118","25.9378","47.7197","26.3502","30.7269","23.6023","16.1918","28.4139","154.7380","56.6164","61.9042","22.7931","87.2401","102.1768","146.7083","133.5254","24.1019","26.3626","35.2437","44.1019","43.2436","66.0878","58.8220","53.4251","106.0273","168.1740","54.4366","183.0889","36.6090","42.9357","138.3657","123.2136","97.3610","42.4325"
"C:\Users\cfg364\Sommerlab Dropbox\Casper van der Luijt\Casper\Data\BioLog\OmniLog\CL3\DATA_2024\08\_NRRL 5592_Aspergillus oryzae__1_30_CL3_769_8#19#2024_A_18A_23.OKA","8/19/2024 7:16:29 PM","18-A","PM01","","NRRL 5592","Aspergillus oryzae","",60.0000,"26.6400","236.9079","173.9432","70.3237","54.5712","113.6953","72.3606","159.0735","60.7038","164.2197","172.5798","81.5649","28.3631","148.5908","128.0033","28.2173","27.0982","61.0223","24.2455","260.8426","46.8109","35.2902","135.9622","113.8370","48.7206","20.9820","62.1385","243.7491","50.2806","34.3335","166.2177","91.4492","145.5137","141.9768","79.6096","47.3399","85.3341","20.4410","19.2897","18.6200","51.3871","43.6183","24.7639","30.4784","46.6103","42.4105","164.3395","47.2039","146.0062","31.6443","23.3140","44.1678","42.5857","17.7308","18.8022","76.0684","163.9823","159.6938","32.4042","47.5845","57.8434","15.8811","44.9988","25.1150","48.4584","23.8074","29.2070","22.6932","22.9032","25.1330","153.4827","55.2158","63.4807","19.2776","86.3591","101.1724","145.8469","130.2259","25.4727","25.0267","37.1947","45.1925","43.0492","62.9604","59.5801","53.8307","111.2095","168.6065","53.6587","183.6673","34.3513","42.3209","140.1342","122.1026","98.8075","40.8851"
"C:\Users\cfg364\Sommerlab Dropbox\Casper van der Luijt\Casper\Data\BioLog\OmniLog\CL3\DATA_2024\08\_NRRL 5592_Aspergillus oryzae__1_30_CL3_769_8#19#2024_A_18A_23.OKA","8/19/2024 7:16:29 PM","18-A","PM01","","NRRL 5592","Aspergillus oryzae","",60.2500,"23.5685","240.3224","172.5642","72.2389","49.9531","117.5545","74.6397","155.2771","64.2780","163.3112","171.7360","81.8797","27.3086","149.3808","131.3180","28.1928","24.9025","58.5365","20.4550","261.3364","43.6607","33.9210","136.2252","114.5615","45.5718","25.5017","54.0626","242.1909","49.9838","28.2767","168.8027","92.7537","141.1364","142.4541","77.2478","44.0946","85.5036","23.6665","18.3171","20.1900","52.1311","44.7941","28.7031","28.7293","41.1856","42.9466","163.2884","43.4425","145.6650","27.7383","22.6514","39.7615","40.9760","12.6790","21.5281","77.4299","164.5472","156.7272","27.9798","47.0433","55.0373","15.0781","36.0761","25.9744","43.9938","20.4431","34.3064","19.8509","23.1033","22.9377","155.1395","57.3544","63.7881","16.9968","86.0576","105.7231","143.3151","135.6641","26.4638","23.2470","36.4468","44.4872","43.3535","66.0884","60.5327","49.7818","110.5636","171.5597","55.3637","183.0950","36.6307","41.9703","143.3067","122.0030","95.4786","42.5711"
"C:\Users\cfg364\Sommerlab Dropbox\Casper van der Luijt\Casper\Data\BioLog\OmniLog\CL3\DATA_2024\08\_NRRL 5592_Aspergillus oryzae__1_30_CL3_769_8#19#2024_A_18A_23.OKA","8/19/2024 7:16:29 PM","18-A","PM01","","NRRL 5592","Aspergillus oryzae","",60.5000,"26.8269","239.7596","171.9835","72.9428","50.7448","118.8368","76.9396","158.5562","63.9237","162.1547","172.3339","82.1885","30.0572","151.6340","135.2658","30.3726","25.2860","53.9082","22.6443","263.5048","44.0082","31.8401","138.1236","109.1223","45.1166","23.9769","56.4347","241.2403","50.5890","30.1402","167.8180","90.7169","140.9776","144.0382","79.6568","46.1806","87.6815","23.8541","19.6585","21.0564","51.4641","47.5225","25.4728","32.1933","39.5103","40.1163","162.0616","44.8788","144.8689","30.9144","18.8909","39.2869","41.3840","13.3319","20.5824","78.7541","165.1119","157.0826","29.4343","50.8190","55.7417","18.4974","42.3605","26.6378","44.3025","24.0271","31.6428","18.5232","19.1108","27.0324","155.4867","58.6244","64.6966","17.5419","83.4978","104.2812","146.4117","137.7776","25.0320","21.5203","36.6391","46.1341","43.7745","67.4217","59.9609","53.2333","112.7924","168.9048","58.4286","182.9343","33.2176","38.6660","134.7222","121.1118","100.2965","40.3137"
"C:\Users\cfg364\Sommerlab Dropbox\Casper van der Luijt\Casper\Data\BioLog\OmniLog\CL3\DATA_2024\08\_NRRL 5592_Aspergillus oryzae__1_30_CL3_769_8#19#2024_A_18A_23.OKA","8/19/2024 7:16:29 PM","18-A","PM01","","NRRL 5592","Aspergillus oryzae","",60.7500,"27.1993","240.3224","174.8565","71.1372","47.6095","118.9009","76.7505","157.5056","64.4391","163.6325","169.6906","82.2812","31.9812","151.3210","135.9339","31.0787","23.6560","55.9331","24.1672","261.2736","40.9443","37.5467","138.2201","112.6345","47.5448","26.8399","57.3775","244.9509","45.9071","25.8763","170.8673","92.6910","141.7081","144.7670","79.9103","45.3400","88.1957","24.1043","19.3537","21.7062","49.9395","44.6391","29.1464","29.9890","41.7861","39.6934","163.0947","47.9701","145.1445","29.8981","20.9869","40.9955","43.0163","13.0521","22.6628","76.3579","166.0531","158.6013","32.0271","49.7719","57.6404","17.7759","40.3890","27.0485","46.2160","25.1802","33.1331","20.4515","23.2920","27.3789","156.8126","56.0527","68.2098","19.3377","83.6558","105.5350","144.3679","133.2352","25.7956","23.5668","35.0366","47.2966","44.9080","68.6249","63.0003","51.5389","114.1297","171.0966","53.5991","182.9664","34.1192","44.7564","138.5557","123.6204","96.9636","43.4740"
"C:\Users\cfg364\Sommerlab Dropbox\Casper van der Luijt\Casper\Data\BioLog\OmniLog\CL3\DATA_2024\08\_NRRL 5592_Aspergillus oryzae__1_30_CL3_769_8#19#2024_A_18A_23.OKA","8/19/2024 7:16:29 PM","18-A","PM01","","NRRL 5592","Aspergillus oryzae","",61.0000,"27.5484","239.4859","176.3998","68.4100","51.1247","119.1199","78.2872","159.3653","66.3914","166.8269","172.0410","82.6552","26.9390","148.3087","132.8875","31.1957","30.5213","63.2810","23.1338","262.4737","46.5950","37.6177","139.9286","112.9000","44.2882","23.1777","60.7592","243.3214","50.4196","35.2893","171.6048","90.9583","143.1006","146.6599","79.0974","46.6856","86.5515","18.1868","22.4618","18.8444","46.3795","45.1807","26.9399","30.3482","41.2188","43.8811","163.5211","48.3746","143.8163","27.2228","22.5330","44.2002","44.2813","17.5418","22.2790","76.8317","165.8515","160.7433","27.4835","48.0159","59.0544","17.6519","40.5644","24.8866","48.1254","21.4483","29.4644","20.9301","20.2446","29.1852","156.9082","55.5086","64.6921","22.3902","86.1093","100.5466","148.5957","130.0305","20.0528","21.4930","40.1436","47.9077","46.4515","73.0108","57.1011","54.3769","116.2175","168.9704","49.4232","183.9432","34.5574","45.0787","141.6027","121.1489","102.8110","41.0607"
"C:\Users\cfg364\Sommerlab Dropbox\Casper van der Luijt\Casper\Data\BioLog\OmniLog\CL3\DATA_2024\08\_NRRL 5592_Aspergillus oryzae__1_30_CL3_769_8#19#2024_A_18A_23.OKA","8/19/2024 7:16:29 PM","18-A","PM01","","NRRL 5592","Aspergillus oryzae","",61.2500,"29.2187","240.9221","176.7964","67.7940","48.9797","120.5840","75.4333","158.4749","62.2122","167.2434","170.1732","81.7189","25.2870","150.9360","132.8572","30.0294","29.1586","65.1425","23.6724","261.2052","43.5737","38.2484","141.2099","113.7330","46.8605","23.1464","58.4850","244.4594","49.7202","36.5069","171.5415","88.9657","142.3052","144.3439","78.7811","45.0720","84.4276","18.4075","17.8283","20.0273","52.5837","45.2430","26.0808","30.9774","40.9332","42.0401","167.0065","43.3021","144.9534","29.8896","21.3951","41.3077","41.1875","14.3484","18.7089","76.7370","164.8761","157.2773","24.9329","49.4140","54.7442","15.2673","39.3004","26.3133","47.9096","22.6995","30.3543","20.5822","19.1719","26.9591","156.9082","53.4681","65.5334","18.9892","86.5500","103.0025","149.7004","136.0597","23.7124","20.0768","37.3119","45.7593","44.2620","71.2021","58.2793","54.8780","113.1677","169.9300","53.9565","183.8472","34.0096","40.5649","140.8812","125.4319","103.3041","39.7635"
"C:\Users\cfg364\Sommerlab Dropbox\Casper van der Luijt\Casper\Data\BioLog\OmniLog\CL3\DATA_2024\08\_NRRL 5592_Aspergillus oryzae__1_30_CL3_769_8#19#2024_A_18A_23.OKA","8/19/2024 7:16:29 PM","18-A","PM01","","NRRL 5592","Aspergillus oryzae","",61.5000,"28.2289","241.5778","174.6610","66.2232","52.0079","121.3160","73.2771","158.1888","66.1986","163.0146","168.7803","80.0024","29.5700","151.9056","135.7362","27.0215","28.7149","67.0041","22.9120","261.8712","45.2732","36.3562","141.7865","114.8745","46.8908","19.1081","58.6973","243.1677","51.2779","33.6971","171.0037","88.2699","143.5779","145.0419","83.2408","43.9549","85.6716","18.8488","19.2305","17.6615","47.2386","46.1778","27.0035","30.6628","39.4095","43.7519","166.9743","44.1423","146.9508","29.1912","21.5181","43.5085","44.9063","15.8676","23.3532","77.1476","167.8340","155.0950","29.1414","51.0662","56.6700","17.0244","40.7802","26.8840","49.6364","23.6693","31.7209","18.8745","20.5917","29.4046","155.1173","56.6564","67.0958","21.5881","84.9760","102.7821","146.7238","133.7750","21.2406","19.4974","38.4573","47.5550","48.7699","69.6519","61.8139","54.4709","116.0904","171.6017","53.0185","182.8875","34.9119","45.0142","140.6188","122.8163","101.2989","40.8012"
"C:\Users\cfg364\Sommerlab Dropbox\Casper van der Luijt\Casper\Data\BioLog\OmniLog\CL3\DATA_2024\08\_NRRL 5592_Aspergillus oryzae__1_30_CL3_769_8#19#2024_A_18A_23.OKA","8/19/2024 7:16:29 PM","18-A","PM01","","NRRL 5592","Aspergillus oryzae","",61.7500,"26.4967","243.2638","179.4503","65.7304","53.8691","119.1199","76.3846","159.1109","64.6554","165.7056","172.0726","80.9699","29.2947","150.8734","134.3118","29.9680","31.2185","63.4072","22.9754","260.0002","48.0427","37.6808","145.7264","113.8256","47.9197","24.0856","57.4237","242.4603","51.0871","33.8219","171.4466","92.8561","142.2416","145.9302","80.8687","45.2271","84.6703","18.3760","19.6573","20.1207","54.7790","43.6851","27.0035","29.0583","39.0603","42.2015","165.8770","42.9909","146.3055","29.6039","21.9487","42.4396","46.5313","12.6742","20.2570","77.0844","169.3759","160.0372","25.6024","50.9073","57.4037","19.9738","39.7629","25.5207","48.4030","21.5108","30.2272","20.7403","22.0431","29.0911","156.4055","56.6564","68.6582","21.9410","84.4723","103.1600","146.6318","132.0296","20.0849","22.0402","41.1299","51.0502","49.5749","68.8121","60.4242","55.2539","118.9178","169.9300","52.2995","183.1754","31.1736","44.2404","141.2091","121.7374","102.6138","37.1045"
"C:\Users\cfg364\Sommerlab Dropbox\Casper van der Luijt\Casper\Data\BioLog\OmniLog\CL3\DATA_2024\08\_NRRL 5592_Aspergillus oryzae__1_30_CL3_769_8#19#2024_A_18A_23.OKA","8/19/2024 7:16:29 PM","18-A","PM01","","NRRL 5592","Aspergillus oryzae","",62.0000,"26.4974","240.5119","178.0135","70.8264","50.2391","122.0513","76.4797","159.9879","67.7827","164.4268","172.7287","83.4852","26.7339","155.2455","135.4830","33.3234","26.7549","61.0711","28.2708","261.4143","45.2055","34.8743","144.1083","117.9030","47.4087","20.9108","59.8102","246.1194","45.6109","34.0678","170.8947","91.3476","146.1350","146.5307","82.0284","46.7718","83.3527","18.0770","22.5746","18.4075","54.4063","45.7162","24.0409","27.3010","42.7552","48.3680","167.3270","42.1577","141.5394","34.5535","22.2157","41.9487","43.7863","19.5593","20.9376","75.5364","165.1896","161.4098","31.3377","46.1152","58.4087","19.7632","41.9988","28.7635","48.8208","24.9625","33.5826","25.2847","22.3035","28.8685","157.4294","57.6862","68.7976","20.6605","87.3055","108.5970","144.1158","133.5117","23.8846","23.7305","37.6503","44.6081","50.8599","68.4650","60.0408","55.2585","118.7429","173.9657","58.8171","184.1257","33.0574","40.5098","144.3558","126.2614","106.1356","46.1839"
"C:\Users\cfg364\Sommerlab Dropbox\Casper van der Luijt\Casper\Data\BioLog\OmniLog\CL3\DATA_2024\08\_NRRL 5592_Aspergillus oryzae__1_30_CL3_769_8#19#2024_A_18A_23.OKA","8/19/2024 7:16:29 PM","18-A","PM01","","NRRL 5592","Aspergillus oryzae","",62.2500,"29.5011","238.9563","174.2682","69.3862","49.2849","120.3509","78.7788","158.6560","66.1377","165.9242","175.2138","81.9521","27.4609","151.6998","134.5267","28.7365","31.4132","66.0551","21.2104","263.0533","44.2677","37.8308","144.2950","118.2956","45.4858","19.8770","56.5020","243.8712","46.0786","30.2796","171.5915","94.6495","142.6096","144.6042","80.7295","45.9674","83.5485","19.1495","22.8977","18.7933","52.8488","47.1821","23.1310","32.2815","42.4417","39.8598","166.7439","45.2445","147.3365","29.8000","23.7343","41.8182","42.0276","17.2390","20.3947","80.4984","168.1810","162.9026","30.8486","47.3335","55.2862","17.8190","40.6045","29.9442","45.7971","23.4313","33.5090","20.9706","24.2783","30.1255","160.1332","56.3729","64.9308","20.5721","88.1755","103.8916","146.8827","134.8914","24.9977","24.1153","37.3648","47.2431","46.8718","72.2160","61.6917","58.5718","109.8335","176.4971","55.3357","181.6867","32.3000","45.0516","137.0599","124.9949","102.9889","46.4596"
"C:\Users\cfg364\Sommerlab Dropbox\Casper van der Luijt\Casper\Data\BioLog\OmniLog\CL3\DATA_2024\08\_NRRL 5592_Aspergillus oryzae__1_30_CL3_769_8#19#2024_A_18A_23.OKA","8/19/2024 7:16:29 PM","18-A","PM01","","NRRL 5592","Aspergillus oryzae","",62.5000,"27.9988","241.1391","178.2638","70.6035","47.0627","122.7814","75.5453","160.5212","68.9356","167.4511","172.9048","86.1327","33.0084","152.4688","133.8967","30.9490","29.7901","66.4169","24.6598","265.0977","44.6340","36.8514","150.4140","115.5264","45.0230","22.1826","62.8794","243.8250","47.1228","34.4722","172.0710","89.4236","142.4207","144.2469","81.1475","47.3409","86.0873","19.3710","17.7784","18.2788","51.2602","49.7329","27.5535","32.1621","46.1294","42.6434","166.0272","46.1171","143.8335","29.5555","25.6531","42.8475","44.6109","16.8925","22.2141","81.5766","166.3987","160.5513","27.0293","48.2179","54.5701","18.6582","40.3018","25.8183","47.6337","24.0238","32.2959","23.8207","24.1291","25.7692","162.2463","56.3702","63.7054","16.8180","86.8681","107.3023","149.8331","129.8425","26.0291","22.0539","38.6144","46.8570","50.0296","71.8206","59.6197","57.5638","117.2102","175.5540","57.5378","187.4806","36.9040","43.5755","141.4879","128.0021","108.1925","44.5408"
"C:\Users\cfg364\Sommerlab Dropbox\Casper van der Luijt\Casper\Data\BioLog\OmniLog\CL3\DATA_2024\08\_NRRL 5592_Aspergillus oryzae__1_30_CL3_769_8#19#2024_A_18A_23.OKA","8/19/2024 7:16:29 PM","18-A","PM01","","NRRL 5592","Aspergillus oryzae","",62.7500,"27.6272","240.5433","178.6005","65.6442","51.7969","120.8923","75.2924","160.7746","64.6345","169.7519","172.5585","86.8123","32.5221","152.4063","132.4897","30.9185","29.3775","66.2902","23.2087","266.0442","44.4131","36.5986","148.6372","110.6017","47.9315","21.9320","59.7992","243.0887","50.7542","34.8473","172.8654","89.9299","146.4493","144.0247","80.4194","47.1241","85.6937","22.5180","24.9215","17.1590","49.7690","46.4219","29.4562","32.2877","46.2234","44.3924","165.6097","43.2035","143.8335","30.0313","22.8883","40.9593","42.3348","18.0648","19.8765","87.3925","169.7057","159.0769","28.7468","45.5001","54.4173","15.1430","41.8132","29.1287","49.4282","26.1997","32.8971","24.6691","22.9670","24.0372","159.9372","54.7192","65.6407","18.8430","87.0255","102.7449","147.4702","128.8262","26.0608","24.5458","36.2786","47.5657","47.8667","70.0727","60.8261","59.4039","120.0119","178.4252","56.4179","184.0077","35.8086","45.7084","142.4349","121.8115","105.5063","44.7337"
"C:\Users\cfg364\Sommerlab Dropbox\Casper van der Luijt\Casper\Data\BioLog\OmniLog\CL3\DATA_2024\08\_NRRL 5592_Aspergillus oryzae__1_30_CL3_769_8#19#2024_A_18A_23.OKA","8/19/2024 7:16:29 PM","18-A","PM01","","NRRL 5592","Aspergillus oryzae","",63.0000,"26.5435","241.9858","176.8253","67.8789","47.7300","120.4760","77.1582","160.4262","68.1011","167.8026","173.3769","85.7619","31.7317","155.2500","133.8661","30.4915","28.5205","68.1902","25.8901","264.2458","44.3816","35.4293","145.3057","115.8342","44.6595","23.6548","60.7353","245.9112","50.5630","34.8473","170.9271","86.7968","142.9283","142.3111","82.6353","42.4769","89.9022","20.2521","20.1493","19.6474","52.4975","45.4848","30.8515","29.2421","44.7506","44.9430","167.4082","47.1399","146.1591","27.4620","22.6733","46.1833","46.4504","18.6818","22.0562","82.6140","168.0995","160.6154","25.8526","46.5872","55.3040","17.9363","43.0778","26.3542","48.4381","24.6144","33.8464","26.3974","23.4381","27.2178","164.5866","56.1797","66.1547","17.7180","90.8645","106.6423","149.5876","132.8913","27.8047","26.4946","38.3905","46.6314","49.3194","72.7917","60.7658","63.2089","121.4446","178.7648","55.6714","184.6131","34.1010","42.5090","141.1613","124.5484","106.2270","42.9007"
"C:\Users\cfg364\Sommerlab Dropbox\Casper van der Luijt\Casper\Data\BioLog\OmniLog\CL3\DATA_2024\08\_NRRL 5592_Aspergillus oryzae__1_30_CL3_769_8#19#2024_A_18A_23.OKA","8/19/2024 7:16:29 PM","18-A","PM01","","NRRL 5592","Aspergillus oryzae","",63.2500,"29.9494","241.7663","178.0802","69.9606","54.2753","124.0302","74.7864","159.8878","67.4591","170.4868","174.1323","84.8660","30.6070","155.2813","134.5696","30.4305","29.4410","66.1952","25.4169","263.2047","44.5393","35.7453","146.9873","112.5408","47.8709","20.8670","61.0373","243.8557","47.3139","35.4723","173.7869","86.5752","142.8648","145.9287","84.4396","49.7265","85.1487","21.8571","20.0277","17.4700","54.2741","45.6410","25.6825","30.2154","45.3146","43.3236","169.1425","44.6603","149.5251","25.8761","24.2093","42.9419","44.3615","18.4659","20.6663","84.5317","168.9498","160.0385","26.2024","46.2994","52.7356","18.5641","44.9284","30.1061","49.9542","26.1064","33.8148","24.1978","22.3388","27.8476","160.5925","57.3227","65.7919","16.1429","88.7877","103.3421","146.8871","130.5412","27.2974","20.7760","39.1904","47.0825","47.9313","71.7235","60.1626","57.8445","118.4837","176.5110","54.8936","183.7210","31.1368","42.7029","139.3980","123.6361","108.5200","44.5086"
"C:\Users\cfg364\Sommerlab Dropbox\Casper van der Luijt\Casper\Data\BioLog\OmniLog\CL3\DATA_2024\08\_NRRL 5592_Aspergillus oryzae__1_30_CL3_769_8#19#2024_A_18A_23.OKA","8/19/2024 7:16:29 PM","18-A","PM01","","NRRL 5592","Aspergillus oryzae","",63.5000,"31.2499","241.6408","176.5804","68.1851","50.2401","124.7026","73.1735","159.7611","69.4170","169.5282","172.9992","85.7619","30.0902","152.7813","133.5909","31.6201","30.4884","68.3802","24.3128","261.8166","46.7164","35.8401","148.9862","113.0332","45.1745","22.2452","64.2080","244.5613","51.4868","37.0663","174.3589","89.0438","147.2106","145.6748","80.9575","46.1327","84.0890","19.7486","20.1493","19.0253","53.3541","41.0180","29.7099","29.9956","45.1893","42.4815","167.1513","45.6521","147.1689","28.4771","24.1478","41.2425","43.0208","18.4350","23.4461","84.4059","170.7451","160.8398","26.3614","48.8254","57.8417","16.5554","44.2499","25.7237","47.6027","24.7388","33.1186","26.3031","21.7420","26.4305","162.6208","57.2909","66.4874","17.9751","88.0954","106.6423","144.8003","136.7024","27.0437","24.3541","37.3025","46.6959","50.3847","70.8172","58.7149","61.9925","117.5923","181.1420","55.5780","183.7847","36.8074","45.0297","142.5982","126.3730","111.6975","45.6985"
"C:\Users\cfg364\Sommerlab Dropbox\Casper van der Luijt\Casper\Data\BioLog\OmniLog\CL3\DATA_2024\08\_NRRL 5592_Aspergillus oryzae__1_30_CL3_769_8#19#2024_A_18A_23.OKA","8/19/2024 7:16:29 PM","18-A","PM01","","NRRL 5592","Aspergillus oryzae","",63.7500,"26.5435","243.9927","175.7235","67.4809","49.2869","122.3972","74.4385","160.2678","70.9898","170.6147","172.6844","89.0057","33.9812","154.3125","135.3343","31.6811","30.7741","69.9002","22.7355","263.7411","44.3816","37.9259","146.0355","114.3260","46.6893","21.1176","63.3927","245.8192","50.8497","33.3470","173.1832","88.9488","144.4192","144.2786","82.7935","47.0931","84.4220","19.0563","21.7907","15.9458","52.5926","48.5772","30.7881","31.5655","46.5681","43.0969","167.1834","46.0861","144.0783","32.4102","23.3184","42.6901","45.6398","16.5531","20.1924","84.7203","165.4853","160.1346","29.8281","48.3138","57.8111","18.6896","43.8797","28.9711","48.1597","25.2983","35.3336","24.5120","21.9933","27.0918","162.7768","55.0049","63.3123","20.2894","84.2249","104.1907","146.6109","130.9223","25.2998","23.0762","38.8064","44.6018","47.2210","68.8751","58.0815","60.7138","122.3361","179.8762","55.3292","185.3778","32.6833","44.8035","139.8552","125.0697","113.3682","43.0615"
"C:\Users\cfg364\Sommerlab Dropbox\Casper van der Luijt\Casper\Data\BioLog\OmniLog\CL3\DATA_2024\08\_NRRL 5592_Aspergillus oryzae__1_30_CL3_769_8#19#2024_A_18A_23.OKA","8/19/2024 7:16:29 PM","18-A","PM01","","NRRL 5592","Aspergillus oryzae","",64.0000,"26.9721","241.1405","179.5701","67.9955","49.9189","125.5948","72.9062","163.0016","67.8359","170.2314","176.3287","89.6536","30.1235","157.0176","140.6950","32.5120","28.4261","68.0990","25.3581","264.3338","45.7973","37.5390","148.6904","115.2726","47.8376","21.2398","62.4720","245.3150","48.9294","33.0261","172.9696","92.4578","145.6295","146.5497","86.0667","41.4533","86.5616","20.7553","17.8514","15.3972","55.4642","48.7217","28.1105","29.2837","42.1560","44.7214","166.2625","43.3620","145.0040","32.0838","24.0430","42.8396","48.1735","15.1819","23.4115","81.1041","169.3937","161.0413","29.6161","48.4794","56.0734","13.6097","48.2936","28.0000","51.7319","25.3631","35.8106","22.6781","22.0766","25.1330","162.2314","55.7804","67.6928","21.3456","87.3765","103.9245","145.0294","127.9044","21.1252","22.1943","37.7530","50.7408","50.3811","72.2452","61.4477","61.4506","121.8155","180.9383","56.3346","185.6097","32.3274","42.5747","138.4673","124.8311","110.1513","40.9032"
"C:\Users\cfg364\Sommerlab Dropbox\Casper van der Luijt\Casper\Data\BioLog\OmniLog\CL3\DATA_2024\08\_NRRL 5592_Aspergillus oryzae__1_30_CL3_769_8#19#2024_A_18A_23.OKA","8/19/2024 7:16:29 PM","18-A","PM01","","NRRL 5592","Aspergillus oryzae","",64.2500,"27.9043","241.2658","179.8439","67.5692","50.3630","126.2052","73.8297","160.9556","73.8440","171.3484","173.1365","90.6683","31.2250","155.7373","138.7823","33.9137","30.8111","66.4857","25.3581","261.3676","47.5293","42.3072","149.8387","111.7948","45.5276","20.8954","62.3203","247.0393","50.8973","32.9318","174.8680","91.6728","143.2732","147.0903","88.7105","43.0495","87.0466","23.8921","18.4300","18.2039","54.9557","49.8742","26.5550","26.5221","45.3692","43.0694","165.6508","41.9617","144.7282","32.8752","21.7161","46.1778","45.2592","14.0977","24.3614","84.1796","171.3720","162.4441","31.2336","50.9036","56.7739","17.4456","45.0147","26.9572","47.1958","25.3631","34.5164","22.8047","22.1080","25.7324","161.7620","57.2774","70.2519","21.1860","85.8648","106.2830","146.2695","128.6342","21.2854","22.3226","35.8604","53.6822","51.4132","68.5285","60.4550","61.5441","123.1222","177.5445","59.6457","185.6738","33.9407","42.8007","138.8929","123.4290","110.4478","43.2903"
"C:\Users\cfg364\Sommerlab Dropbox\Casper van der Luijt\Casper\Data\BioLog\OmniLog\CL3\DATA_2024\08\_NRRL 5592_Aspergillus oryzae__1_30_CL3_769_8#19#2024_A_18A_23.OKA","8/19/2024 7:16:29 PM","18-A","PM01","","NRRL 5592","Aspergillus oryzae","",64.5000,"25.5427","243.6784","180.6958","67.4170","50.9974","125.5306","71.6006","164.4180","68.8961","171.3804","173.5474","88.4852","30.5824","154.3946","139.2377","33.5785","32.6872","72.7808","25.2319","262.4089","44.8841","42.9032","148.2758","114.0107","48.2935","21.9288","62.2596","244.9763","50.8021","31.6122","172.7481","90.8249","141.2353","145.3729","90.5046","44.2388","83.6216","21.7591","19.1912","18.6093","53.7797","50.3415","27.5391","25.4428","43.9831","43.6848","168.2906","41.9928","145.1266","31.9572","22.9408","43.4694","46.1583","16.1731","22.9049","85.1309","168.5772","160.3717","29.2990","50.0104","58.4185","16.3766","47.5275","22.5651","51.9787","24.7427","34.3902","21.4755","18.4263","24.6598","163.8899","56.0352","67.9938","20.4515","86.9986","105.7484","147.2927","130.8555","21.9262","23.2849","36.4057","53.4265","49.4458","70.5970","60.2143","60.7655","124.4289","179.8893","60.5741","186.0585","34.5215","41.0896","139.3513","124.5377","113.3465","44.7097"
"C:\Users\cfg364\Sommerlab Dropbox\Casper van der Luijt\Casper\Data\BioLog\OmniLog\CL3\DATA_2024\08\_NRRL 5592_Aspergillus oryzae__1_30_CL3_769_8#19#2024_A_18A_23.OKA","8/19/2024 7:16:29 PM","18-A","PM01","","NRRL 5592","Aspergillus oryzae","",64.7500,"28.3122","244.3645","180.2348","67.4645","48.6252","126.0639","76.6746","160.0013","71.7924","168.8121","173.5270","85.6966","30.1715","157.7314","141.5377","30.5942","26.8639","66.2376","24.3466","261.7411","46.2769","37.9188","146.7316","116.7434","50.5132","20.3286","62.8381","243.3157","48.9310","34.9970","174.5617","89.8738","142.5279","146.1403","83.6748","47.4277","87.3015","19.4849","18.9746","20.7594","56.6972","46.3564","29.6252","32.6590","44.4440","45.6860","165.8015","45.5346","141.5359","32.7429","27.0377","43.3692","46.7610","16.1391","25.9139","81.7591","172.5321","161.6166","30.4335","49.0267","56.4308","20.2004","44.9358","29.1646","49.5609","25.6263","32.9422","25.0618","24.0697","24.6671","161.3309","59.9152","65.6054","24.0310","87.8661","110.3142","147.9733","131.9598","24.9511","23.5178","36.8071","45.2397","46.8893","71.5007","61.2984","61.1954","122.3848","182.1385","55.5362","186.7560","32.6326","44.9524","137.8632","124.0103","118.4132","42.9715"
"C:\Users\cfg364\Sommerlab Dropbox\Casper van der Luijt\Casper\Data\BioLog\OmniLog\CL3\DATA_2024\08\_NRRL 5592_Aspergillus oryzae__1_30_CL3_769_8#19#2024_A_18A_23.OKA","8/19/2024 7:16:29 PM","18-A","PM01","","NRRL 5592","Aspergillus oryzae","",65.0000,"21.4678","243.3346","178.6738","66.3615","47.3223","126.3535","72.8729","162.5305","70.3764","169.5192","173.3372","86.8152","26.6998","158.7610","139.3484","31.0541","27.2158","69.3451","22.0007","262.7249","44.0306","38.7738","146.5704","112.4142","49.5788","17.9729","60.9663","245.6216","48.4840","35.8104","172.5298","91.0775","142.9415","145.4388","86.0243","44.6661","87.7554","16.6461","20.3748","17.8378","58.8161","44.9422","29.0193","30.5276","42.8679","46.0728","163.5027","45.5658","142.7119","29.4783","26.6414","43.4955","48.0659","15.2104","21.7834","83.0312","170.5518","160.5233","27.1047","44.3415","54.3199","17.9785","43.8252","28.1203","51.2829","24.2910","33.0693","26.0056","18.9678","28.0603","165.6998","56.2648","62.5617","22.6961","84.6843","107.1970","147.5101","134.9570","23.3585","22.7514","34.9477","46.0819","48.9103","67.5020","58.0679","59.2841","123.6306","180.5607","55.9701","180.0578","35.0542","41.5732","136.6159","124.0103","116.6973","38.8859"
"C:\Users\cfg364\Sommerlab Dropbox\Casper van der Luijt\Casper\Data\BioLog\OmniLog\CL3\DATA_2024\08\_NRRL 5592_Aspergillus oryzae__1_30_CL3_769_8#19#2024_A_18A_23.OKA","8/19/2024 7:16:29 PM","18-A","PM01","","NRRL 5592","Aspergillus oryzae","",65.2500,"25.1853","242.0506","180.8363","66.8510","50.2689","126.7220","74.0147","157.3427","72.8246","171.9980","171.1091","86.3412","30.2014","153.3658","139.4649","32.2101","29.2961","68.2524","24.5001","262.7498","45.6617","36.9590","146.9036","116.2381","45.2157","20.0252","62.4922","247.9426","52.1198","35.2552","174.8021","93.1087","144.6872","152.6667","86.9585","41.7124","84.9551","20.7355","18.1739","17.8774","56.5346","48.4120","25.7890","30.5672","42.8122","45.2972","169.3251","44.1306","147.0111","27.5866","20.2920","39.1531","42.4524","14.8372","20.0839","86.1546","171.1436","160.4872","33.4545","48.7650","57.7652","21.0820","45.2128","25.4191","52.6412","25.6509","31.5824","29.7735","20.2296","24.1612","161.1642","55.5444","64.9199","21.0308","84.9968","103.2265","145.2317","135.6533","23.4504","23.1100","37.2608","52.2940","48.1586","63.9254","59.0246","58.8137","122.3050","183.1382","55.4684","181.9526","35.9544","38.4539","139.0616","124.5635","116.0610","45.8041"
"C:\Users\cfg364\Sommerlab Dropbox\Casper van der Luijt\Casper\Data\BioLog\OmniLog\CL3\DATA_2024\08\_NRRL 5592_Aspergillus oryzae__1_30_CL3_769_8#19#2024_A_18A_23.OKA","8/19/2024 7:16:29 PM","18-A","PM01","","NRRL 5592","Aspergillus oryzae","",65.5000,"25.2475","244.3105","182.2614","68.0745","50.7137","128.4909","74.9676","160.6752","73.0165","174.3382","171.4582","86.5893","28.6421","156.3082","138.3351","31.6883","32.0789","69.2991","24.4050","265.6642","47.7452","40.2514","150.2457","111.3253","44.3626","22.4382","65.1289","250.1507","49.4422","32.8360","171.0757","92.6363","145.7638","148.0957","86.2294","42.8937","88.3745","24.0330","20.2497","19.7757","54.3693","49.3161","29.6373","29.7439","39.1893","42.4418","169.0999","43.9127","145.8080","32.0203","22.1688","40.6164","44.8670","16.1059","19.1596","86.7877","171.2069","164.8782","32.2909","50.1024","60.2025","22.4512","43.6971","27.0353","53.1046","27.2616","32.9461","29.4293","23.7770","26.4282","163.6099","58.8193","66.0954","20.3919","85.0915","105.0900","143.9032","137.7225","24.4693","23.5573","37.2608","48.8207","48.4187","70.5411","60.0176","58.4357","121.8570","183.5696","57.6763","184.1410","31.2735","37.4792","139.8126","128.0493","121.6699","45.1649"
"C:\Users\cfg364\Sommerlab Dropbox\Casper van der Luijt\Casper\Data\BioLog\OmniLog\CL3\DATA_2024\08\_NRRL 5592_Aspergillus oryzae__1_30_CL3_769_8#19#2024_A_18A_23.OKA","8/19/2024 7:16:29 PM","18-A","PM01","","NRRL 5592","Aspergillus oryzae","",65.7500,"24.0965","243.6514","184.4446","68.3498","50.1418","126.6255","72.9348","156.7079","73.8800","172.0300","173.1723","84.6042","32.1277","156.8091","137.9992","28.7723","27.8247","71.9001","23.6128","262.2746","45.9458","38.1304","150.7278","112.0051","47.8969","19.0538","63.3408","245.6424","49.5060","33.9670","174.9932","89.1403","147.4737","149.2937","87.6877","44.7899","86.6800","20.9239","19.1813","17.7529","55.5475","48.8796","26.6477","30.9154","39.5071","46.3031","171.3846","44.8468","144.1422","27.1719","21.6150","40.8073","42.8287","16.9724","21.5182","86.5661","168.3863","162.5705","32.5110","52.5543","57.9785","20.8953","45.1510","28.9685","49.6757","26.7040","34.3415","30.3992","20.5121","25.7355","161.8853","55.0675","66.7886","19.4974","83.7019","107.6167","143.8724","134.8068","23.3230","24.8674","34.5575","49.2709","50.3043","68.2924","60.6495","59.0657","123.4567","184.2474","55.7794","182.4997","35.4056","41.4755","140.0412","121.9248","123.1459","46.8588"
"C:\Users\cfg364\Sommerlab Dropbox\Casper van der Luijt\Casper\Data\BioLog\OmniLog\CL3\DATA_2024\08\_NRRL 5592_Aspergillus oryzae__1_30_CL3_769_8#19#2024_A_18A_23.OKA","8/19/2024 7:16:29 PM","18-A","PM01","","NRRL 5592","Aspergillus oryzae","",66.0000,"25.2475","243.4631","183.2621","68.0133","48.4580","129.1985","74.9040","161.6908","78.4857","170.8759","175.0134","90.0943","29.4065","159.4072","138.5794","32.6398","29.5840","71.4877","24.7853","264.9356","45.5985","39.0484","154.0699","112.3759","47.8055","21.9055","63.9469","247.4212","48.7409","32.2704","173.4644","91.5339","148.6453","150.0817","89.7800","43.5154","86.1655","22.1487","19.8224","20.0247","57.1077","50.1890","29.7645","30.5038","41.2232","44.6158","168.0379","47.6803","147.3813","28.8306","24.4149","40.9027","41.6685","17.9626","18.8409","86.9460","169.8125","161.6090","34.1778","48.4148","56.9731","24.4738","46.6049","27.2572","48.9343","27.2616","33.0730","32.5582","20.9830","28.1285","161.4777","58.0244","68.3860","19.5933","86.1653","108.6590","146.8999","136.6565","25.3927","26.9762","38.3228","52.0689","49.1665","66.9562","62.5753","62.3099","125.4403","185.1409","59.2933","183.3043","35.6962","40.2734","141.3473","128.6357","127.8036","47.0825"
"C:\Users\cfg364\Sommerlab Dropbox\Casper van der Luijt\Casper\Data\BioLog\OmniLog\CL3\DATA_2024\08\_NRRL 5592_Aspergillus oryzae__1_30_CL3_769_8#19#2024_A_18A_23.OKA","8/19/2024 7:16:29 PM","18-A","PM01","","NRRL 5592","Aspergillus oryzae","",66.2500,"23.4507","244.6469","182.8300","68.4944","49.9170","134.6855","78.9683","161.5070","73.2507","174.5454","178.0227","92.3310","31.9937","160.6008","140.2337","30.1588","29.8626","66.9286","25.5583","267.4476","44.9647","37.6140","153.5866","113.2175","49.4408","21.2028","65.8572","248.0755","52.1638","33.9941","174.3392","90.4661","147.5109","146.3281","89.8679","47.0175","88.0396","17.9984","16.8412","21.9940","56.8371","46.4712","30.1856","28.1567","42.9160","44.6412","168.1282","44.3028","144.8631","31.6806","24.1228","44.1700","47.4215","19.5357","17.5072","89.6944","173.8361","161.7197","29.8257","50.3359","55.5463","18.6664","47.6189","26.9101","53.5093","25.2734","37.0715","28.5378","19.9676","23.6313","164.4705","55.6598","68.1578","20.9632","83.5440","107.4933","145.9716","131.6051","25.4738","27.5700","36.4099","51.1004","52.7958","67.5391","61.6310","66.0759","123.8178","188.9321","54.3642","185.0856","35.1004","42.3713","139.8420","122.7627","128.8954","45.5363"
"C:\Users\cfg364\Sommerlab Dropbox\Casper van der Luijt\Casper\Data\BioLog\OmniLog\CL3\DATA_2024\08\_NRRL 5592_Aspergillus oryzae__1_30_CL3_769_8#19#2024_A_18A_23.OKA","8/19/2024 7:16:29 PM","18-A","PM01","","NRRL 5592","Aspergillus oryzae","",66.5000,"24.9100","244.9593","184.3601","67.6075","49.0896","137.3557","77.5438","162.9594","74.8881","171.8533","175.1273","90.1964","30.1628","157.9109","138.6160","29.6053","32.7032","72.2415","24.4214","264.8986","50.0374","36.4404","148.5802","110.7146","47.1689","24.0595","64.4382","247.2137","51.4339","34.6198","171.0629","90.9405","146.7819","149.4974","90.9132","45.3156","90.2424","17.4917","19.8382","22.3646","53.6332","49.9311","32.3737","29.5469","43.2629","44.3822","168.7725","44.7386","144.0303","30.4753","23.9384","40.1148","49.4725","17.3171","23.2209","87.0145","171.2932","162.2641","33.4898","48.2925","53.2147","20.3874","49.6754","28.0216","51.9668","28.2276","34.6322","26.9320","24.2154","22.9348","164.0638","60.2403","64.9706","19.0791","83.0688","106.1672","145.8789","131.7001","24.4536","25.6299","40.2773","49.6775","49.4210","67.1823","64.1250","65.7656","129.6172","184.9198","54.8025","184.8286","31.7128","45.1203","141.4343","124.6002","129.4195","43.7594"
"C:\Users\cfg364\Sommerlab Dropbox\Casper van der Luijt\Casper\Data\BioLog\OmniLog\CL3\DATA_2024\08\_NRRL 5592_Aspergillus oryzae__1_30_CL3_769_8#19#2024_A_18A_23.OKA","8/19/2024 7:16:29 PM","18-A","PM01","","NRRL 5592","Aspergillus oryzae","",66.7500,"28.1465","245.8512","183.3823","71.4149","53.6358","132.4931","78.7151","164.8347","79.3464","172.4795","173.5586","91.6504","30.4752","159.3029","141.5205","32.9183","30.5923","69.0921","27.3899","267.9002","48.9853","44.3358","153.8451","114.6863","50.6156","24.0803","65.3231","247.7620","54.3099","37.9782","172.2355","91.1923","150.4675","150.9870","90.9640","46.4322","86.7321","22.7530","21.7726","22.8090","58.5675","55.4814","31.1763","29.2568","48.0568","44.5560","169.1817","49.5547","146.4477","32.1963","26.4540","46.6676","47.9188","13.8909","22.4702","93.3909","171.7810","163.9143","29.8769","49.7466","62.0122","21.7397","49.3063","30.5974","52.0185","28.6720","35.9422","31.7639","24.7379","29.9802","165.4510","59.8137","67.9737","18.8282","90.6383","112.9235","150.9308","132.3925","27.5163","24.5295","39.4293","52.9650","49.9521","68.0043","64.4447","62.8346","127.7405","184.5898","61.4127","187.3627","33.6675","41.1061","136.9332","129.5819","133.6737","49.2282"
"C:\Users\cfg364\Sommerlab Dropbox\Casper van der Luijt\Casper\Data\BioLog\OmniLog\CL3\DATA_2024\08\_NRRL 5592_Aspergillus oryzae__1_30_CL3_769_8#19#2024_A_18A_23.OKA","8/19/2024 7:16:29 PM","18-A","PM01","","NRRL 5592","Aspergillus oryzae","",67.0000,"27.7463","244.4767","182.7715","71.2630","52.6252","134.0093","77.0372","164.1097","81.4552","172.8636","175.9948","88.3093","31.7899","161.7642","141.9171","34.2977","32.5069","65.8737","26.1267","267.2417","48.3859","44.2411","155.5968","113.7009","50.7966","25.4539","60.9554","248.9276","55.9866","37.7908","175.1995","92.6434","149.3573","148.1980","90.6480","47.3327","88.9071","22.9106","22.7464","24.7256","58.5675","52.3709","31.7781","28.8454","45.2136","48.6451","167.2400","48.4079","142.5557","33.9969","23.8118","49.8987","50.0904","14.6681","20.2205","91.5677","175.9715","165.8333","31.5266","51.0871","58.8449","22.6763","50.2294","31.3889","53.7160","25.3119","35.3400","30.1595","26.5843","27.3136","165.2621","58.5433","63.8203","21.2665","85.6668","111.0738","149.1127","134.1276","26.4979","24.2105","41.9556","52.1914","49.5951","69.7464","63.3313","62.9920","133.6582","188.6059","59.5582","186.6926","32.8280","40.5528","140.6856","124.5352","135.0498","46.3739"
"C:\Users\cfg364\Sommerlab Dropbox\Casper van der Luijt\Casper\Data\BioLog\OmniLog\CL3\DATA_2024\08\_NRRL 5592_Aspergillus oryzae__1_30_CL3_769_8#19#2024_A_18A_23.OKA","8/19/2024 7:16:29 PM","18-A","PM01","","NRRL 5592","Aspergillus oryzae","",67.2500,"25.9432","245.0174","185.6760","65.1049","53.1600","135.6787","76.1751","160.8286","76.9588","172.8161","174.1396","94.0293","32.3477","161.2591","141.6870","33.4103","32.9767","72.8966","23.8286","267.6068","50.5906","40.0428","152.9214","114.4562","46.9491","26.1204","66.0089","247.5653","52.0981","33.6060","177.3757","93.3089","146.6924","149.8312","88.8008","44.7341","87.2984","24.5845","23.2977","20.1801","53.3789","52.1887","30.0090","27.3145","46.3401","51.5913","170.1981","44.2796","147.4690","31.0142","24.4675","43.4762","47.5692","17.4114","23.2981","89.7002","172.9709","162.2226","33.7622","50.5781","55.3417","19.6735","46.5480","29.2707","54.1133","24.4141","37.4657","29.4810","24.8416","28.4270","165.2933","59.6203","65.1118","25.7787","89.4722","111.4888","147.1798","133.2144","27.1981","26.4995","38.1392","54.1515","54.8322","71.4307","63.5978","70.5506","130.3574","188.0496","57.8239","186.8885","32.8862","43.9159","141.1949","124.4887","134.3286","46.8730"
"C:\Users\cfg364\Sommerlab Dropbox\Casper van der Luijt\Casper\Data\BioLog\OmniLog\CL3\DATA_2024\08\_NRRL 5592_Aspergillus oryzae__1_30_CL3_769_8#19#2024_A_18A_23.OKA","8/19/2024 7:16:29 PM","18-A","PM01","","NRRL 5592","Aspergillus oryzae","",67.5000,"24.9223","243.4759","181.5753","67.8101","54.4824","134.0398","77.2202","161.9372","79.5006","173.5227","176.1686","92.3922","31.4315","163.9775","140.4036","34.2369","34.6377","72.2307","24.5289","266.3732","51.3156","42.9882","156.3914","113.8371","46.3988","23.9917","65.7966","247.0121","53.5351","33.8902","175.6709","93.0568","151.3002","150.7199","92.4512","46.6600","84.6340","23.8020","21.8670","19.8054","55.4182","50.0242","28.8964","30.8557","41.8118","48.6897","171.4526","45.0897","145.1976","30.9189","22.2744","47.0111","48.4102","18.7984","23.2028","89.1906","171.2666","159.4234","33.2550","50.1933","58.0384","20.8320","48.0627","30.5035","51.0624","23.4761","35.1574","29.8273","22.6395","29.2434","163.8437","57.9088","67.8945","28.6647","89.6616","109.7956","147.4588","135.5853","23.4111","23.9965","39.1646","54.2482","55.6120","67.9487","63.2966","70.9251","129.7215","186.4941","58.6968","185.7389","34.8611","44.9819","140.0161","124.7842","139.2788","45.0259"
"C:\Users\cfg364\Sommerlab Dropbox\Casper van der Luijt\Casper\Data\BioLog\OmniLog\CL3\DATA_2024\08\_NRRL 5592_Aspergillus oryzae__1_30_CL3_769_8#19#2024_A_18A_23.OKA","8/19/2024 7:16:29 PM","18-A","PM01","","NRRL 5592","Aspergillus oryzae","",67.7500,"24.3209","245.1767","184.8109","69.4190","52.9667","137.9551","79.3070","167.9265","77.5276","174.4566","178.7351","94.8080","34.3698","160.8967","147.2070","32.2117","36.7460","73.1990","22.4771","268.3886","49.6220","41.0770","156.7252","116.4925","49.7848","23.9933","66.9314","250.7287","53.7062","33.6692","177.4591","92.5207","145.9565","152.1913","90.0076","46.2001","86.1311","25.6173","23.8512","20.7486","59.1538","52.9001","31.4590","31.4221","46.7692","49.1066","167.8199","44.6606","146.1785","30.8390","27.9878","44.0584","48.8913","17.2745","26.0163","94.8228","174.0938","164.4731","33.8938","55.4209","58.9976","20.0372","53.0259","33.1348","53.7529","27.3270","31.9724","27.8042","22.5308","27.0704","166.6316","60.4937","67.4759","22.1783","87.5025","112.6733","148.1117","134.5226","29.0533","27.3547","35.9094","57.7331","60.0856","69.0519","67.2085","71.2451","133.9779","188.8796","56.9325","186.2680","38.1789","45.0751","144.7535","127.9109","142.4857","49.8809"
"C:\Users\cfg364\Sommerlab Dropbox\Casper van der Luijt\Casper\Data\BioLog\OmniLog\CL3\DATA_2024\08\_NRRL 5592_Aspergillus oryzae__1_30_CL3_769_8#19#2024_A_18A_23.OKA","8/19/2024 7:16:29 PM","18-A","PM01","","NRRL 5592","Aspergillus oryzae","",68.0000,"26.3817","243.3584","182.8241","66.4761","54.0215","137.7051","78.6036","163.1741","76.0164","178.6178","177.3645","94.9998","32.8342","162.4805","143.6616","32.6915","36.8956","74.2669","24.3198","265.9243","47.5462","42.0457","153.7747","110.1925","51.4719","22.8780","64.6731","248.8432","51.4215","36.6493","177.8966","93.1471","148.6644","148.7003","91.8710","44.8255","91.2805","21.7039","23.8290","22.7832","58.1590","53.7179","31.2154","31.7263","41.7084","42.5583","171.7121","40.0000","144.5133","32.2071","27.5780","44.0918","45.0931","15.4016","25.9762","95.4693","173.8452","166.3259","35.6130","48.7985","59.1915","18.9407","52.6757","33.2222","48.6645","23.7688","36.0167","28.6581","23.9464","32.3995","168.2743","61.6589","65.3959","21.2008","89.2406","108.2997","150.6724","133.9216","26.8798","24.3742","42.1155","53.8450","55.9382","69.8118","62.6578","68.2802","128.4564","190.3873","59.9680","184.4786","34.2890","44.3836","135.6925","124.3136","143.2791","47.3396"
"C:\Users\cfg364\Sommerlab Dropbox\Casper van der Luijt\Casper\Data\BioLog\OmniLog\CL3\DATA_2024\08\_NRRL 5592_Aspergillus oryzae__1_30_CL3_769_8#19#2024_A_18A_23.OKA","8/19/2024 7:16:29 PM","18-A","PM01","","NRRL 5592","Aspergillus oryzae","",68.2500,"24.4551","243.2333","184.0137","67.3951","48.8067","140.9294","75.7854","166.2854","75.8870","175.5037","178.0249","95.5863","34.0915","164.9132","144.1200","35.3189","36.3541","76.8647","24.3198","265.3876","47.2295","43.5996","156.1079","112.6096","50.6848","22.0610","64.2800","245.7563","52.4416","37.9349","177.7702","91.8216","151.0467","152.2637","92.1559","48.6320","87.8662","18.2623","22.6434","23.2483","60.8474","52.6282","32.9291","28.2456","43.0725","48.0340","170.2255","41.6250","144.7598","32.6833","25.7326","43.4901","43.8980","15.2776","26.9260","99.4495","176.7475","166.5812","32.6544","46.6468","59.5575","19.6312","51.9068","30.4129","51.8470","22.0162","36.0799","25.3294","22.9723","27.7734","165.2473","55.7084","66.1803","21.4253","87.8232","107.1074","148.8837","136.1003","26.8162","24.4702","41.0602","54.0706","56.4245","67.9324","62.9897","69.9391","131.3833","187.8176","63.1973","183.4838","38.9919","40.1985","140.6566","124.4779","147.9073","48.1101"
"C:\Users\cfg364\Sommerlab Dropbox\Casper van der Luijt\Casper\Data\BioLog\OmniLog\CL3\DATA_2024\08\_NRRL 5592_Aspergillus oryzae__1_30_CL3_769_8#19#2024_A_18A_23.OKA","8/19/2024 7:16:29 PM","18-A","PM01","","NRRL 5592","Aspergillus oryzae","",68.5000,"23.4497","243.8990","185.6228","68.7255","51.5847","135.8373","80.4199","164.9417","84.5063","176.0532","176.3989","91.9435","31.5486","164.6167","144.6142","35.0901","31.5342","73.5327","26.9076","267.7063","48.1255","45.4732","155.0477","109.7264","50.1347","22.9194","68.1292","248.4539","54.3908","38.4791","179.8596","94.6718","150.2990","150.6342","95.2092","50.2099","87.1180","23.1527","22.4906","19.7661","60.0543","55.9558","28.1242","32.8167","49.2951","48.8524","169.1290","46.6802","146.7733","31.7155","22.1614","44.2436","46.2375","20.5651","24.5393","95.0043","174.1725","164.7118","31.4086","53.4429","57.5328","22.6156","51.3540","32.2753","52.3473","26.0354","35.1636","28.5602","23.6659","26.5307","165.7021","59.3552","62.3297","24.6632","85.2544","112.0053","146.4304","133.5937","27.0173","25.9797","36.9909","57.7068","58.4631","70.3779","64.3283","74.1694","130.7661","189.1620","59.3216","185.9699","40.2270","45.5169","135.6263","127.1906","152.4043","49.3887"
"C:\Users\cfg364\Sommerlab Dropbox\Casper van der Luijt\Casper\Data\BioLog\OmniLog\CL3\DATA_2024\08\_NRRL 5592_Aspergillus oryzae__1_30_CL3_769_8#19#2024_A_18A_23.OKA","8/19/2024 7:16:29 PM","18-A","PM01","","NRRL 5592","Aspergillus oryzae","",68.7500,"21.3885","245.6161","182.5444","69.5019","53.2066","144.9378","76.1322","164.8506","81.1004","177.1894","179.1555","90.9585","32.0943","164.0536","147.9915","35.3665","36.9784","74.3588","25.5732","265.0074","51.3115","43.8235","158.3193","114.9730","52.1076","23.5861","63.9814","247.2579","54.5134","40.0283","177.2617","91.1439","150.6811","153.0974","96.3286","43.8719","86.6584","25.3104","25.3333","23.8873","60.2542","53.9299","33.5504","34.2172","48.2076","50.0131","173.9707","43.1019","145.9304","32.4560","25.0069","43.9154","47.7887","21.0736","29.1516","95.8037","175.5667","168.7543","33.7712","53.1717","56.3055","18.7028","55.7952","33.4564","53.0716","27.2116","37.9355","27.7589","24.9844","29.9084","168.6659","61.9899","66.0648","24.6173","87.9343","110.4167","146.7299","132.2568","25.1263","26.8258","41.0357","54.9311","61.3056","72.5787","63.5966","70.6809","128.7193","186.0532","60.4071","186.9536","37.2505","43.6351","140.3577","126.1001","149.6220","47.7027"
"C:\Users\cfg364\Sommerlab Dropbox\Casper van der Luijt\Casper\Data\BioLog\OmniLog\CL3\DATA_2024\08\_NRRL 5592_Aspergillus oryzae__1_30_CL3_769_8#19#2024_A_18A_23.OKA","8/19/2024 7:16:29 PM","18-A","PM01","","NRRL 5592","Aspergillus oryzae","",69.0000,"27.2688","244.4542","183.6745","70.3059","51.6250","141.4937","79.1288","162.0160","77.4736","175.4290","180.1374","93.8928","31.7325","166.3961","146.1030","36.7845","36.2456","74.4662","27.2940","266.8430","47.6793","43.1077","157.2414","110.4786","47.7273","22.0251","66.1451","249.3929","54.9105","37.4407","178.0604","93.6398","147.0809","152.4037","91.3415","43.7209","84.6316","21.9128","23.4008","19.6000","56.3249","55.6470","27.7494","30.3182","47.0742","44.0063","170.1090","48.0859","146.9815","30.0175","23.9143","46.2800","47.4054","14.4846","25.0973","97.5290","176.9440","162.0947","29.0462","50.6910","55.3071","19.1413","53.2873","32.3860","52.4122","30.3916","36.5139","27.8052","23.5018","27.5103","167.7708","60.7651","65.8145","20.7092","83.8942","106.8380","149.9910","131.8620","23.5589","29.8359","38.0309","54.4457","57.3012","70.9745","65.0620","76.5832","130.9823","188.2050","61.2735","183.6110","37.4861","43.6176","137.4017","125.8923","148.3922","47.3604"
"C:\Users\cfg364\Sommerlab Dropbox\Casper van der Luijt\Casper\Data\BioLog\OmniLog\CL3\DATA_2024\08\_NRRL 5592_Aspergillus oryzae__1_30_CL3_769_8#19#2024_A_18A_23.OKA","8/19/2024 7:16:29 PM","18-A","PM01","","NRRL 5592","Aspergillus oryzae","",69.2500,"22.4831","243.4022","182.3853","69.9309","53.1961","144.2717","83.3807","164.6770","80.6595","175.9777","178.5649","92.3929","35.4921","166.1893","147.1342","36.9732","37.9851","74.2796","28.6898","267.3987","50.8634","46.3614","158.6490","113.8798","52.2140","24.9993","68.0225","253.0804","53.3475","38.2818","177.4480","97.5642","147.0778","154.8827","94.7917","47.7806","86.6762","24.3551","21.2997","20.8765","60.1751","56.6045","34.4701","34.1222","46.9596","49.1277","171.0771","44.7519","147.1206","32.3582","27.1291","47.8359","49.3023","18.8348","25.7327","101.2242","175.9774","165.2832","31.5599","51.8445","58.5068","22.1900","56.5863","36.0278","48.2563","24.1298","38.1209","30.6164","23.6753","26.8268","167.1794","61.6299","69.5160","25.2564","91.7503","109.0745","147.7625","136.5103","24.5934","27.2638","40.1896","54.2072","60.7495","73.8441","62.3686","76.0618","133.5608","188.2871","63.4284","186.8731","38.7539","44.1606","142.1434","123.6518","156.3792","51.1653"
"C:\Users\cfg364\Sommerlab Dropbox\Casper van der Luijt\Casper\Data\BioLog\OmniLog\CL3\DATA_2024\08\_NRRL 5592_Aspergillus oryzae__1_30_CL3_769_8#19#2024_A_18A_23.OKA","8/19/2024 7:16:29 PM","18-A","PM01","","NRRL 5592","Aspergillus oryzae","",69.5000,"23.9146","244.8193","185.1130","68.4622","48.0047","146.0042","77.9806","162.8422","81.0132","176.4600","176.0217","95.0224","30.3488","164.4498","146.1579","36.4258","37.4772","76.1230","28.3094","266.1701","49.8903","42.6641","157.8535","113.6639","52.5468","22.1743","67.3289","248.6572","53.6652","36.5884","176.4631","95.9687","143.9858","144.4991","97.8283","48.1512","88.0411","22.4652","22.0310","23.4543","58.5254","57.3185","31.9963","33.1758","48.6674","44.7033","173.2399","44.2221","145.3675","31.2442","21.1771","46.6059","49.6137","17.2864","23.6100","98.8266","176.5117","163.0719","32.8925","48.4568","58.2934","20.2208","53.3522","32.5333","51.8428","24.9426","37.5211","29.1972","25.2441","27.4863","166.7716","63.4042","65.9395","19.3936","86.9726","109.8270","145.4183","133.2099","23.4765","27.5514","39.6437","52.7218","62.9756","67.1351","64.7860","80.1340","131.4684","188.8134","60.2839","184.6387","36.4276","44.8731","140.6416","124.9338","158.3119","51.6430"
"C:\Users\cfg364\Sommerlab Dropbox\Casper van der Luijt\Casper\Data\BioLog\OmniLog\CL3\DATA_2024\08\_NRRL 5592_Aspergillus oryzae__1_30_CL3_769_8#19#2024_A_18A_23.OKA","8/19/2024 7:16:29 PM","18-A","PM01","","NRRL 5592","Aspergillus oryzae","",69.7500,"23.2895","245.3338","188.8336","69.0160","52.6226","142.7882","77.9216","162.0336","81.2249","178.6441","180.0170","97.0623","33.6402","164.9407","147.4919","36.0269","33.3718","77.0142","25.1941","267.2113","51.4747","46.9319","158.5130","114.3359","51.7369","22.9798","64.5374","248.1274","54.3375","36.8233","178.8895","90.1220","147.8472","147.5912","90.5941","46.0624","87.4982","21.0831","19.7657","20.1727","56.6640","54.9484","30.2647","33.0657","45.2001","50.5221","169.3807","43.6565","143.7433","35.4925","22.7431","47.4963","49.5967","16.3578","24.3660","98.8071","173.5391","164.3919","32.2279","53.3148","56.8148","15.8056","56.3108","33.2918","55.8014","28.3108","37.7447","29.7004","24.5985","30.3467","170.0047","64.0019","66.0301","22.3754","88.3926","106.9108","149.4321","134.3942","22.2625","26.0301","41.3321","56.9520","55.8736","64.6101","62.7412","74.3245","132.5191","190.2411","59.7112","187.5707","36.2865","41.9091","137.6272","127.7055","153.4572","47.4378"
"C:\Users\cfg364\Sommerlab Dropbox\Casper van der Luijt\Casper\Data\BioLog\OmniLog\CL3\DATA_2024\08\_NRRL 5592_Aspergillus oryzae__1_30_CL3_769_8#19#2024_A_18A_23.OKA","8/19/2024 7:16:29 PM","18-A","PM01","","NRRL 5592","Aspergillus oryzae","",70.0000,"24.5340","247.7128","188.0758","65.6069","49.2966","146.9256","78.2388","160.3843","81.8974","176.5898","181.5197","95.8271","34.4346","166.9520","147.0962","37.2478","38.4563","73.6645","30.9922","266.9893","47.7008","46.2694","157.2648","115.2918","50.1642","25.3005","66.9585","249.7342","51.8538","34.8103","178.1945","91.8304","145.8497","149.3078","90.2125","45.1316","89.0994","23.4704","19.9795","21.8262","57.5862","55.7858","33.0304","33.6315","45.0101","46.3279","172.4079","44.9925","146.3865","29.3615","23.2978","48.1599","50.4073","15.8003","21.0165","101.2987","174.8364","165.4199","32.3542","50.8877","56.7232","18.7895","56.7716","32.1518","53.0434","25.2651","38.0616","27.9344","25.6638","32.5416","172.9671","62.4776","68.0181","21.1646","87.9532","108.3282","148.2959","134.3627","24.3422","25.9981","41.4598","55.0521","58.3737","68.6863","64.1060","74.6061","131.0294","192.4119","62.1109","186.8413","33.6417","47.4378","140.5147","128.6788","157.1792","46.9863"
"C:\Users\cfg364\Sommerlab Dropbox\Casper van der Luijt\Casper\Data\BioLog\OmniLog\CL3\DATA_2024\08\_NRRL 5592_Aspergillus oryzae__1_30_CL3_769_8#19#2024_A_18A_23.OKA","8/19/2024 7:16:29 PM","18-A","PM01","","NRRL 5592","Aspergillus oryzae","",70.2500,"25.9963","243.4869","187.7726","64.9926","51.9890","144.7767","79.4757","162.6362","83.2103","177.5849","180.6431","96.7226","34.7096","165.8071","148.0094","33.0054","38.2020","77.6778","25.5743","267.3381","52.4182","45.9224","160.3373","111.3138","50.4667","24.2028","65.8084","247.4167","53.5732","36.3830","177.5310","90.0271","148.2594","152.7090","91.7389","45.5039","84.9905","23.9416","20.3460","17.8639","55.9009","56.6542","33.1258","33.5686","44.9785","47.2958","172.0215","46.7326","147.0934","31.6369","24.6848","45.8848","47.5078","17.3798","19.4534","101.4564","174.7098","166.4157","34.1232","51.3667","59.6229","19.1978","57.3245","35.0016","58.3754","28.3729","34.7027","30.7095","24.9745","30.9111","170.3789","59.9371","65.0663","26.6133","87.0430","108.6747","146.0849","132.2531","23.1264","27.2773","44.0460","54.2149","59.4777","68.3602","60.4666","72.2596","133.6284","191.0164","59.8359","187.5072","38.4152","43.5257","136.8396","129.7495","153.7866","48.3729"
"C:\Users\cfg364\Sommerlab Dropbox\Casper van der Luijt\Casper\Data\BioLog\OmniLog\CL3\DATA_2024\08\_NRRL 5592_Aspergillus oryzae__1_30_CL3_769_8#19#2024_A_18A_23.OKA","8/19/2024 7:16:29 PM","18-A","PM01","","NRRL 5592","Aspergillus oryzae","",70.5000,"25.2672","244.1189","186.0718","65.9899","46.0673","140.3422","75.0868","164.6965","82.1373","177.1993","180.8171","95.4655","34.9342","163.7139","146.9149","39.4393","37.3359","75.9032","28.3856","267.6991","49.1496","44.9644","159.2923","111.5765","46.7337","25.7092","65.7645","250.0606","50.6794","38.1257","179.6664","91.3577","148.4515","152.7614","97.2971","44.1189","85.8182","25.0093","22.5514","20.4934","55.7067","56.8823","34.7611","31.3614","44.3321","46.7039","170.7648","45.2246","144.0287","32.2183","24.7703","45.5927","46.0107","14.7376","22.3630","99.9145","177.7968","163.7324","34.3128","55.1558","54.6447","21.0011","54.6451","35.7728","55.6738","24.0150","36.9740","31.1870","21.9361","22.9638","171.8530","63.3565","67.9035","19.7880","87.9021","109.7853","146.2104","135.6186","27.1368","27.2847","43.4071","54.3949","61.2671","68.5788","64.0835","76.1387","135.2573","190.7828","58.6417","185.1641","36.2020","45.0619","144.2429","126.2903","155.5714","49.0942"
"C:\Users\cfg364\Sommerlab Dropbox\Casper van der Luijt\Casper\Data\BioLog\OmniLog\CL3\DATA_2024\08\_NRRL 5592_Aspergillus oryzae__1_30_CL3_769_8#19#2024_A_18A_23.OKA","8/19/2024 7:16:29 PM","18-A","PM01","","NRRL 5592","Aspergillus oryzae","",70.7500,"24.5804","247.2185","186.6307","69.2890","51.9452","146.8833","80.1273","166.8228","81.9887","182.0836","178.0679","98.9449","35.1696","163.8889","148.1450","36.3663","38.5779","77.3497","26.6024","269.0368","53.9185","47.2140","160.4491","109.4624","49.8493","23.3202","65.3633","249.9207","53.3724","33.7063","181.5899","91.6111","149.6885","152.9933","93.4669","44.2595","88.5784","23.0491","22.8926","21.4781","55.1918","58.6221","34.8703","33.2888","45.2889","51.6110","170.9142","41.7894","148.1254","33.2912","27.6516","47.4088","49.7497","17.1970","26.3053","100.3771","175.9471","168.6227","31.5727","51.5083","57.5745","20.9202","56.9218","33.0296","55.8311","24.0711","38.3176","33.8895","22.7733","30.7389","170.2768","61.2688","66.6924","22.6141","88.7917","106.3395","151.7545","131.4829","28.7097","29.0640","38.3685","51.9908","62.9964","67.4847","65.8834","78.3057","126.0669","190.3942","57.7767","185.6050","37.8580","42.9945","140.0097","129.1150","161.6806","47.5755"
"C:\Users\cfg364\Sommerlab Dropbox\Casper van der Luijt\Casper\Data\BioLog\OmniLog\CL3\DATA_2024\08\_NRRL 5592_Aspergillus oryzae__1_30_CL3_769_8#19#2024_A_18A_23.OKA","8/19/2024 7:16:29 PM","18-A","PM01","","NRRL 5592","Aspergillus oryzae","",71.0000,"21.5660","247.7483","185.9261","70.2356","48.2401","146.9474","76.9047","167.2324","83.7240","177.1755","179.5497","97.0001","33.0918","163.8265","148.2669","33.8327","33.5028","75.6346","27.2037","266.6742","50.3315","45.1863","160.5774","111.4112","48.7237","25.1385","64.3909","250.5031","51.7132","33.0106","178.6405","90.8848","151.5512","152.0766","94.3875","43.9484","87.1244","19.1379","22.2538","18.6487","52.7066","56.2022","32.4579","31.0504","47.2132","51.1605","170.3304","44.7529","146.9008","29.6557","24.9738","46.8734","50.8097","20.4342","23.2633","97.7521","176.4853","165.7806","31.2865","48.0444","57.4829","17.9065","57.5994","33.4398","51.6012","23.4457","39.0747","32.5968","23.7152","27.7796","168.7368","62.5700","66.2112","24.4647","86.8783","106.4338","149.4178","138.3550","27.2789","24.7478","39.3977","52.2505","60.8204","65.3722","62.2988","78.1496","129.6128","190.4561","61.3510","187.5237","35.3491","40.4583","138.8987","127.6552","159.5173","44.6326"
"C:\Users\cfg364\Sommerlab Dropbox\Casper van der Luijt\Casper\Data\BioLog\OmniLog\CL3\DATA_2024\08\_NRRL 5592_Aspergillus oryzae__1_30_CL3_769_8#19#2024_A_18A_23.OKA","8/19/2024 7:16:29 PM","18-A","PM01","","NRRL 5592","Aspergillus oryzae","",71.2500,"24.0262","246.6155","187.0923","68.4730","49.7459","149.2384","78.0238","166.5332","78.6516","175.2053","179.0247","101.1712","32.5520","166.5289","154.2554","33.4589","36.2302","76.5409","31.8568","265.9874","48.6438","46.4088","156.6051","110.2272","49.2251","24.8475","69.8155","250.4729","49.1139","39.9313","178.7990","90.9699","146.2316","151.0831","99.5075","46.5380","87.0450","21.6621","21.7130","22.8568","60.6569","55.4489","31.3230","30.3612","48.6323","50.1922","170.4554","47.8958","146.9963","28.6288","25.3148","47.5094","48.3925","14.4142","25.1688","103.1903","174.8410","163.1621","33.4134","51.4609","57.1399","20.9776","58.7714","35.8258","54.6997","25.6134","38.5650","37.8821","16.6201","27.5150","167.4826","57.7338","67.7347","22.0365","85.8888","109.3324","148.0640","135.2099","27.6891","27.6841","43.1728","57.1761","60.5127","67.3895","64.2491","80.6204","131.0955","187.4063","56.2486","185.5359","37.5142","45.0555","140.2338","126.3567","159.5847","47.1498"
"C:\Users\cfg364\Sommerlab Dropbox\Casper van der Luijt\Casper\Data\BioLog\OmniLog\CL3\DATA_2024\08\_NRRL 5592_Aspergillus oryzae__1_30_CL3_769_8#19#2024_A_18A_23.OKA","8/19/2024 7:16:29 PM","18-A","PM01","","NRRL 5592","Aspergillus oryzae","",71.5000,"27.9988","246.5531","187.7632","67.3094","49.5874","149.7814","77.0136","161.5741","80.8049","179.7834","179.4665","100.0282","31.5403","166.3418","152.8286","31.8020","37.3438","74.7945","30.0637","265.2932","48.5492","45.6829","156.8941","115.2424","50.0752","25.1282","67.1269","251.6390","50.6551","41.0835","180.8922","89.9588","149.2114","151.8115","94.7446","46.1662","87.2263","21.0312","23.5946","17.9764","61.3820","57.2828","31.5779","31.8117","48.6638","50.3530","171.4205","46.7477","146.2607","30.0607","28.1349","47.8239","47.2054","15.8729","27.0980","104.4484","177.5749","167.4411","32.6853","52.7093","55.7047","20.9463","56.5609","33.4314","52.2325","25.9243","39.1018","38.2898","19.8588","28.1149","167.4510","62.3211","65.3633","26.2150","83.4933","105.9491","144.2200","130.8799","27.4987","28.9211","43.3958","57.0154","61.8395","66.9997","63.4669","79.9020","132.7253","190.3099","59.9570","184.5457","37.8360","46.6372","139.1522","124.6252","159.3555","50.1250"
"C:\Users\cfg364\Sommerlab Dropbox\Casper van der Luijt\Casper\Data\BioLog\OmniLog\CL3\DATA_2024\08\_NRRL 5592_Aspergillus oryzae__1_30_CL3_769_8#19#2024_A_18A_23.OKA","8/19/2024 7:16:29 PM","18-A","PM01","","NRRL 5592","Aspergillus oryzae","",71.7500,"28.8302","245.4300","185.4762","65.2579","50.6654","148.2802","78.5605","162.7428","82.6689","180.0716","176.9422","99.9973","30.8352","165.3131","149.8232","35.1463","36.2938","77.2395","29.8749","266.4291","50.6317","48.1761","159.5269","111.9194","50.5306","25.4089","66.1905","247.2816","50.9441","38.6856","180.4482","89.5165","148.5140","151.0514","98.4035","47.2816","87.3169","20.8735","20.8329","18.9150","61.4766","58.0910","31.1638","30.5819","51.0237","49.7095","172.4498","45.5375","149.4484","30.0607","28.6560","47.9182","46.5494","14.6935","26.4022","101.4289","177.7320","168.2714","33.4134","47.7158","57.7201","20.1018","58.2495","33.6835","53.2810","29.2512","40.5227","33.8984","18.9697","29.4728","165.6201","60.0274","70.4364","21.1115","86.3300","110.4601","149.2634","134.1037","29.2120","30.9511","41.2297","59.3290","64.6873","66.9997","65.0614","80.6204","134.7386","191.7617","60.3932","185.7595","35.8088","44.6682","138.5295","128.9376","158.4062","49.9330"
"C:\Users\cfg364\Sommerlab Dropbox\Casper van der Luijt\Casper\Data\BioLog\OmniLog\CL3\DATA_2024\08\_NRRL 5592_Aspergillus oryzae__1_30_CL3_769_8#19#2024_A_18A_23.OKA","8/19/2024 7:16:29 PM","18-A","PM01","","NRRL 5592","Aspergillus oryzae","",72.0000,"27.7832","249.2982","187.5802","66.8501","49.3654","153.0712","79.1604","163.5641","85.1436","181.0000","179.6874","98.2056","31.2337","166.3106","150.9464","31.5566","36.3256","79.7164","28.4278","267.6913","48.2021","45.6829","156.2840","110.6887","49.5287","23.0074","67.2176","252.5902","48.9533","38.5299","179.6870","91.3806","147.0875","153.3001","99.7598","49.3575","91.4258","20.8735","26.9026","14.6290","62.4225","54.5786","32.5016","35.5010","50.3629","55.1475","172.7715","47.0269","147.1802","33.3065","24.8550","48.1698","47.1430","13.7624","25.8962","104.5742","176.7893","163.8007","30.0577","50.6927","56.8651","21.3529","58.5258","33.4314","53.1268","27.3856","37.7756","36.1255","21.4464","26.3150","169.0610","61.3336","66.6240","21.2071","81.6652","109.1131","148.4638","131.0063","26.0075","27.3986","40.1467","58.1080","64.2342","64.6285","64.1588","81.4325","135.3778","190.5261","59.3649","181.8305","35.5192","44.1194","139.2833","127.4674","162.8909","48.0135"
"C:\Users\cfg364\Sommerlab Dropbox\Casper van der Luijt\Casper\Data\BioLog\OmniLog\CL3\DATA_2024\08\_NRRL 5592_Aspergillus oryzae__1_30_CL3_769_8#19#2024_A_18A_23.OKA","8/19/2024 7:16:29 PM","18-A","PM01","","NRRL 5592","Aspergillus oryzae","",72.2500,"20.7597","246.1723","186.7344","68.6016","49.2129","150.1772","80.0904","162.0435","85.6432","179.4221","177.5199","98.6279","35.5747","164.4774","151.5337","35.4660","41.4476","81.2440","24.1466","267.5013","46.3347","45.2381","163.9322","110.6746","55.6940","25.4471","65.2715","250.2357","52.8650","38.4610","177.6555","91.8852","149.3699","149.8060","98.0342","46.2567","88.8267","25.9101","18.3623","19.8633","58.1975","54.8786","30.9812","34.3049","44.3054","45.9764","173.1257","45.1940","142.7839","34.4075","25.6213","47.0715","47.5801","13.3292","25.0674","102.5209","176.7728","163.4544","29.1559","52.1033","59.4409","20.8344","55.4279","34.1749","50.9623","26.6531","38.7683","31.9456","24.8515","27.0038","167.0994","62.3134","63.7057","22.0942","89.3632","109.9157","149.0066","130.7914","20.4672","28.7176","37.9235","56.8352","63.6203","67.6040","64.3248","76.7891","136.9082","191.9933","59.0135","186.6262","35.4669","49.5338","137.3849","128.2302","158.9468","42.6589"
"C:\Users\cfg364\Sommerlab Dropbox\Casper van der Luijt\Casper\Data\BioLog\OmniLog\CL3\DATA_2024\08\_NRRL 5592_Aspergillus oryzae__1_30_CL3_769_8#19#2024_A_18A_23.OKA","8/19/2024 7:16:29 PM","18-A","PM01","","NRRL 5592","Aspergillus oryzae","",72.5000,"23.7913","248.2282","189.3228","69.4051","46.2975","154.5707","80.2811","164.5857","82.4667","180.6095","179.4022","99.4307","33.2782","172.2766","150.5222","36.7446","34.1159","77.4726","26.8302","268.0083","49.0418","43.3359","161.7133","111.1985","50.8513","27.3943","64.1592","248.4438","52.1671","39.4774","182.4323","94.2412","147.8746","152.1385","97.6908","41.9578","85.7163","24.4426","24.6073","24.1018","62.8718","59.6008","31.3473","32.9676","46.1124","51.0547","173.6868","42.6038","149.1473","30.5457","27.3556","49.0818","50.0926","18.3959","29.4893","106.8893","176.6651","167.5705","27.6274","56.4733","57.0294","20.9114","55.7563","35.8514","54.2543","30.3802","36.2111","34.4359","24.9509","29.7218","168.5054","58.8561","65.1847","20.9819","87.1960","110.5223","146.8766","132.7487","23.3604","23.6477","37.6854","57.6577","67.1071","68.1796","63.6680","84.2296","133.0694","191.9574","59.1978","183.8781","36.7089","45.4438","144.4971","127.2030","159.6857","43.2033"
"C:\Users\cfg364\Sommerlab Dropbox\Casper van der Luijt\Casper\Data\BioLog\OmniLog\CL3\DATA_2024\08\_NRRL 5592_Aspergillus oryzae__1_30_CL3_769_8#19#2024_A_18A_23.OKA","8/19/2024 7:16:29 PM","18-A","PM01","","NRRL 5592","Aspergillus oryzae","",72.7500,"28.1533","245.9344","188.8913","65.9580","47.3776","152.4526","75.3325","164.3714","87.2590","181.4790","178.1913","100.2633","36.8039","167.5199","152.9213","36.3590","36.4539","78.1287","27.8455","265.4957","50.7335","42.7051","161.4948","110.3057","50.2233","26.5625","67.4605","252.9453","50.3885","35.6732","181.4360","88.6939","149.4359","154.8125","97.2917","46.0682","87.7428","22.2550","21.2761","21.9483","61.3365","53.2212","31.7582","29.4700","44.3849","46.2596","169.1756","45.5521","147.1119","31.3505","24.9738","46.1002","48.2379","17.9687","25.4688","104.2425","181.7337","166.0268","33.0232","50.9141","55.0195","20.0777","59.4493","32.2595","51.2541","27.7286","37.5883","30.7836","18.1301","28.0856","168.1677","58.7867","64.8631","21.2947","84.5132","105.0659","148.7832","132.6731","22.4034","31.4746","39.7934","57.5020","61.2149","69.3670","59.0651","84.0924","131.3327","191.6288","62.0000","184.3864","38.5844","44.8696","140.3592","127.6180","160.6142","49.6771"
"C:\Users\cfg364\Sommerlab Dropbox\Casper van der Luijt\Casper\Data\BioLog\OmniLog\CL3\DATA_2024\08\_NRRL 5592_Aspergillus oryzae__1_30_CL3_769_8#19#2024_A_18A_23.OKA","8/19/2024 7:16:29 PM","18-A","PM01","","NRRL 5592","Aspergillus oryzae","",73.0000,"25.0935","245.7150","188.4325","64.0480","51.1683","152.0993","74.6360","161.5925","85.9774","180.1698","179.0453","99.3648","35.2752","167.8004","151.6072","35.6877","33.1561","79.5576","26.8322","267.3867","50.6704","47.1621","161.6868","110.3984","50.3446","26.6875","65.5502","252.1781","54.5095","36.9288","180.3303","90.7111","144.9722","153.7343","97.2602","45.8513","86.5045","26.5068","18.8439","26.0423","58.6036","52.7514","28.3730","33.1133","46.0336","46.0646","170.4679","42.9038","144.1911","29.3729","25.1277","47.3662","50.2077","17.7210","21.7800","104.9700","177.5007","164.2619","31.7240","47.8908","55.9404","19.4850","60.2491","32.5130","50.3890","25.8838","37.0489","33.3435","20.5279","27.7395","170.5871","60.6918","63.4171","24.3735","84.7352","106.3908","148.8138","133.7193","21.8268","28.1949","38.4131","57.7922","65.5154","64.9271","58.6403","83.8106","132.7908","191.7213","57.8202","181.7618","35.4115","46.3871","142.4906","127.0307","158.4169","47.6920"
"C:\Users\cfg364\Sommerlab Dropbox\Casper van der Luijt\Casper\Data\BioLog\OmniLog\CL3\DATA_2024\08\_NRRL 5592_Aspergillus oryzae__1_30_CL3_769_8#19#2024_A_18A_23.OKA","8/19/2024 7:16:29 PM","18-A","PM01","","NRRL 5592","Aspergillus oryzae","",73.2500,"25.2361","246.8988","188.4601","68.3089","46.8921","152.0138","74.7245","163.2975","83.5272","181.4086","179.9543","99.3804","32.9075","165.2750","154.6882","35.6532","39.7184","74.8904","28.4597","266.7707","50.2283","49.0281","160.4923","111.1433","52.1968","22.7291","65.7261","252.2055","53.3347","33.7397","179.9995","89.9834","146.3070","151.2792","97.8408","41.3416","88.4754","21.7222","22.8656","23.8741","57.9499","58.6072","35.3834","33.5314","49.2761","46.3598","171.0431","41.9358","148.5207","26.9491","25.8470","44.0201","47.7207","12.8357","20.7503","104.3297","178.6548","160.5543","31.7920","49.7266","58.6744","20.6456","57.8346","31.0119","56.3025","27.9615","38.1876","32.7015","22.4100","28.3798","168.9046","61.7784","63.1175","23.2119","87.2257","108.7893","148.7110","134.3973","24.1256","27.3388","41.1176","58.0571","61.1948","68.2700","63.1326","87.8001","132.4696","190.6197","63.7492","183.7056","30.4957","43.3939","138.9538","127.9243","159.6426","46.6657"
"C:\Users\cfg364\Sommerlab Dropbox\Casper van der Luijt\Casper\Data\BioLog\OmniLog\CL3\DATA_2024\08\_NRRL 5592_Aspergillus oryzae__1_30_CL3_769_8#19#2024_A_18A_23.OKA","8/19/2024 7:16:29 PM","18-A","PM01","","NRRL 5592","Aspergillus oryzae","",73.5000,"26.0398","247.5540","187.2576","65.3936","53.9401","154.7627","74.3409","161.2921","85.2221","179.4563","179.9911","101.9189","31.6665","167.9758","154.5346","33.2829","34.7512","78.9861","30.9504","265.3307","49.4059","43.8211","161.0941","111.5948","50.7273","23.6570","65.4624","250.4046","55.5359","36.4298","177.3552","91.9899","150.8990","152.7725","98.5306","43.6804","85.7584","23.9769","18.4604","21.4268","60.8935","56.4287","34.1102","32.5441","51.0558","47.2726","171.4836","41.7745","143.8644","30.5164","24.9894","50.7573","45.9930","16.0374","24.3714","105.8162","179.3411","163.9116","34.0944","56.7526","55.7223","17.1339","60.7773","31.4800","51.7149","26.4602","37.7069","35.5826","21.6581","25.0639","166.6303","60.1425","68.1472","21.8852","84.8322","108.8625","146.7054","133.4924","24.2832","26.1557","41.0641","58.6900","65.7241","69.1905","64.8635","85.8879","133.6913","190.6033","61.5208","187.2749","36.2290","46.8403","141.0092","131.7652","164.3663","45.9845"
"C:\Users\cfg364\Sommerlab Dropbox\Casper van der Luijt\Casper\Data\BioLog\OmniLog\CL3\DATA_2024\08\_NRRL 5592_Aspergillus oryzae__1_30_CL3_769_8#19#2024_A_18A_23.OKA","8/19/2024 7:16:29 PM","18-A","PM01","","NRRL 5592","Aspergillus oryzae","",73.7500,"22.9990","247.9058","189.7050","68.6396","52.3265","159.2692","76.3652","166.2130","85.2590","182.0300","181.1708","102.1135","32.7996","169.6160","155.3373","34.9959","40.8251","75.9204","30.0529","270.2322","51.2811","48.2657","164.9151","111.0272","51.0358","25.3467","68.2045","252.5346","55.2437","39.7982","180.1785","93.2937","151.4510","151.4464","99.6059","45.6552","88.9711","25.1604","21.8724","25.4689","65.3806","60.2920","36.6903","34.1824","51.1955","48.9685","173.1825","41.3773","143.5062","35.3293","28.5632","50.3933","52.0696","18.7791","24.7979","110.1225","179.7796","164.4215","33.6477","50.4941","60.2121","20.5460","61.4684","34.9891","51.5041","26.9484","39.4978","33.9348","27.8849","27.7261","171.8447","64.6779","62.3480","21.8037","88.5961","108.4566","145.8302","132.9802","24.4643","25.1326","43.0845","54.7429","66.4235","69.7711","63.0021","86.5981","132.2734","193.6174","61.6486","187.3916","38.1366","45.4849","138.7626","129.8130","164.2647","45.9549"
"C:\Users\cfg364\Sommerlab Dropbox\Casper van der Luijt\Casper\Data\BioLog\OmniLog\CL3\DATA_2024\08\_NRRL 5592_Aspergillus oryzae__1_30_CL3_769_8#19#2024_A_18A_23.OKA","8/19/2024 7:16:29 PM","18-A","PM01","","NRRL 5592","Aspergillus oryzae","",74.0000,"25.4858","245.1766","190.6505","66.5241","50.4967","154.7007","76.7753","163.2695","83.3260","178.7354","180.9178","101.5549","31.5714","169.1801","157.3556","35.4556","38.4697","77.9849","32.4819","267.1548","50.3985","48.1393","163.2855","109.9464","51.1879","24.1223","66.6577","249.5204","56.7683","40.0171","180.4969","93.8299","150.3411","152.3377","101.4938","43.8525","87.7008","24.3422","22.6947","20.7494","66.2308","57.9285","34.4384","34.1194","52.6378","46.6605","171.4424","40.5013","143.7233","31.7085","26.9138","49.9833","49.5711","14.7811","26.6418","106.4326","180.5659","165.7667","34.5637","55.0842","55.4526","19.5757","63.0608","36.0335","54.8922","27.3222","35.5758","37.8880","24.6956","25.3592","170.1203","65.7837","62.1964","21.7717","87.0221","105.3503","146.1709","134.3095","24.4643","28.0102","43.4684","54.1941","68.0071","67.8185","63.6351","84.8093","134.4139","191.5062","61.0880","187.4235","37.9754","43.8967","141.7819","128.1456","165.3459","48.2101"
"C:\Users\cfg364\Sommerlab Dropbox\Casper van der Luijt\Casper\Data\BioLog\OmniLog\CL3\DATA_2024\08\_NRRL 5592_Aspergillus oryzae__1_30_CL3_769_8#19#2024_A_18A_23.OKA","8/19/2024 7:16:29 PM","18-A","PM01","","NRRL 5592","Aspergillus oryzae","",74.2500,"26.2284","250.1522","188.4094","64.5269","52.7278","157.2652","78.8346","164.1636","90.2710","179.5367","178.5417","102.9975","32.1171","165.6897","154.4493","36.7197","40.1065","81.5589","24.8439","266.1704","52.6126","45.8543","162.5750","110.0102","51.3912","24.9881","64.6381","250.5147","55.8908","35.9464","185.2986","89.5354","148.5103","152.7508","100.7187","45.5198","83.6202","22.7671","18.9493","25.5133","62.6130","56.5424","36.1643","34.0786","50.4042","49.4842","169.9384","45.8594","145.4660","30.8817","26.8959","49.5505","51.2592","16.7756","25.0197","107.2651","181.5253","166.3563","34.4709","49.4560","59.5031","23.9630","62.7253","34.1207","52.6859","26.0594","36.6074","34.3164","20.7240","28.5089","169.9618","62.1898","65.4270","19.7507","88.5270","112.8508","149.7200","134.6358","29.0122","25.4219","40.7750","59.7177","69.6928","65.8356","67.5889","88.6177","131.9588","189.0988","66.7225","182.7838","34.8046","47.1730","141.3277","131.4932","164.0486","50.8989"
"C:\Users\cfg364\Sommerlab Dropbox\Casper van der Luijt\Casper\Data\BioLog\OmniLog\CL3\DATA_2024\08\_NRRL 5592_Aspergillus oryzae__1_30_CL3_769_8#19#2024_A_18A_23.OKA","8/19/2024 7:16:29 PM","18-A","PM01","","NRRL 5592","Aspergillus oryzae","",74.5000,"24.5822","246.3093","186.3396","66.6858","48.3982","156.2271","75.5300","160.9031","85.5117","179.7216","182.2946","98.6004","32.9389","169.0400","152.9304","31.2951","36.4271","77.8325","26.2862","265.4679","48.3866","46.8967","164.3673","111.5143","48.3053","24.3858","67.2656","252.6197","51.9473","38.9058","177.9859","89.7658","153.6720","150.0700","99.5891","43.1620","86.5583","23.1876","19.0557","20.6138","59.9101","57.2995","32.6447","36.4613","51.0919","45.2380","169.0656","43.9186","142.6334","34.5496","22.9017","44.0239","49.4672","14.1573","27.6611","106.5997","178.3879","164.9132","33.5605","50.1742","52.6378","17.5534","61.3306","34.9583","49.6700","26.8145","34.1499","37.7853","22.2698","29.4550","171.2552","56.9278","65.5173","22.1901","87.6754","108.6390","148.3172","129.5605","23.9067","27.0768","39.8779","55.3178","64.3159","68.8664","62.4167","88.1812","134.3058","192.0665","61.1920","186.2303","32.8040","42.0960","140.2060","126.3488","160.1783","48.6452"
"C:\Users\cfg364\Sommerlab Dropbox\Casper van der Luijt\Casper\Data\BioLog\OmniLog\CL3\DATA_2024\08\_NRRL 5592_Aspergillus oryzae__1_30_CL3_769_8#19#2024_A_18A_23.OKA","8/19/2024 7:16:29 PM","18-A","PM01","","NRRL 5592","Aspergillus oryzae","",74.7500,"22.7301","247.6270","189.3332","65.7030","47.3823","154.2646","73.1742","158.8440","86.8630","179.7216","179.2949","99.0348","33.1230","167.7597","154.6954","33.8128","36.1712","76.9740","25.7787","267.4633","48.8606","42.9188","162.2875","108.9410","48.1223","21.7900","66.5097","251.7289","52.7797","38.0924","179.7664","90.2405","151.6719","151.8579","97.8830","40.8848","87.1647","25.0988","20.8255","17.7826","59.2109","53.8028","35.6686","36.6175","48.7504","47.6441","169.5521","43.6682","144.5723","31.8944","23.1490","47.4784","50.5219","16.5717","26.6810","105.4304","176.4005","164.9454","31.1807","51.9011","53.6197","19.4034","64.6777","32.1174","51.4277","24.7288","35.4271","36.5864","18.9867","26.8770","169.2119","58.9386","66.5709","23.2482","88.9958","107.4122","145.7321","129.2121","24.7651","29.2416","40.1673","60.4104","66.2003","68.7695","63.2974","86.9232","133.4765","194.8455","61.5338","183.7274","33.8377","46.0072","140.4996","130.8818","162.7481","48.1643"
"C:\Users\cfg364\Sommerlab Dropbox\Casper van der Luijt\Casper\Data\BioLog\OmniLog\CL3\DATA_2024\08\_NRRL 5592_Aspergillus oryzae__1_30_CL3_769_8#19#2024_A_18A_23.OKA","8/19/2024 7:16:29 PM","18-A","PM01","","NRRL 5592","Aspergillus oryzae","",75.0000,"29.8277","248.2465","188.4813","68.2955","47.4684","156.8362","78.3321","163.3537","83.4711","185.1546","179.4099","103.0045","32.8678","169.0245","154.2883","36.3453","38.8563","83.4187","26.9447","269.8858","49.3140","46.3135","161.9493","109.8178","49.5450","25.0573","68.1829","251.2681","56.9971","41.5357","180.4158","91.7825","149.1417","150.3322","99.4625","43.2990","88.0006","22.2910","20.1371","19.4155","59.0761","59.3514","34.4540","34.2156","48.3012","47.2785","171.0725","44.3931","145.7831","31.8193","24.9329","45.5797","47.6563","16.0138","28.8062","110.3995","183.1579","165.0858","32.4978","54.2415","54.2609","15.8092","61.0964","32.8266","54.2616","25.1366","35.8555","35.3235","20.7788","30.3296","173.6292","62.9285","64.5795","21.7644","89.6909","106.5778","144.7065","131.2777","23.6355","25.8453","40.1127","58.8363","66.2877","67.1296","63.9815","87.3819","134.0948","189.5180","61.3074","186.3033","39.7275","45.8238","140.5974","130.8199","166.0853","45.8782"
"C:\Users\cfg364\Sommerlab Dropbox\Casper van der Luijt\Casper\Data\BioLog\OmniLog\CL3\DATA_2024\08\_NRRL 5592_Aspergillus oryzae__1_30_CL3_769_8#19#2024_A_18A_23.OKA","8/19/2024 7:16:29 PM","18-A","PM01","","NRRL 5592","Aspergillus oryzae","",75.2500,"25.9596","245.7137","189.6414","71.5007","48.1541","156.6075","76.3651","160.2518","86.4905","182.7711","183.2226","103.7087","34.3580","167.9428","153.7371","33.9622","37.5885","79.7141","29.0355","266.9947","50.6251","47.0320","161.1658","109.6143","50.0619","24.5055","70.6502","251.7248","52.9793","37.5113","183.1145","93.1991","147.2931","152.3029","98.7779","43.8168","85.3583","22.7337","22.3118","21.1895","60.1935","57.5374","37.2952","32.1536","46.6204","49.1589","175.8477","42.1969","146.7750","28.9537","26.7873","51.4807","49.6420","17.7397","26.4794","108.6816","178.6858","163.9225","37.2916","53.9836","58.1237","22.5795","61.9191","35.3263","52.7628","26.0550","35.2594","35.0709","23.8378","29.7644","172.5648","61.4988","65.8727","24.5093","87.8303","109.4591","145.3670","133.6531","25.1773","26.9671","42.1989","57.2651","66.4404","68.5073","66.4466","89.1303","135.4933","193.0058","61.4633","186.9865","32.2904","45.9222","142.7614","126.7572","166.5566","49.7296"
"C:\Users\cfg364\Sommerlab Dropbox\Casper van der Luijt\Casper\Data\BioLog\OmniLog\CL3\DATA_2024\08\_NRRL 5592_Aspergillus oryzae__1_30_CL3_769_8#19#2024_A_18A_23.OKA","8/19/2024 7:16:29 PM","18-A","PM01","","NRRL 5592","Aspergillus oryzae","",75.5000,"26.8577","246.9399","189.4578","71.9278","49.5526","156.5753","74.5283","160.7568","85.4925","182.0678","181.9041","102.4404","35.3975","168.3495","156.0309","36.6223","37.1726","80.8556","29.8553","265.6009","51.0664","50.6764","166.5472","108.7797","52.0986","26.3229","71.3136","252.3698","56.8449","35.5907","182.3843","91.8743","148.7268","152.8165","98.6511","44.0971","81.7726","21.3774","22.1898","22.3425","60.8600","57.1638","36.1547","29.0865","45.4140","51.0069","171.9289","47.2357","145.6069","30.4180","27.9828","53.4875","50.2970","17.9870","21.8705","112.1499","177.1999","165.9563","35.5639","54.4927","56.1666","20.1384","64.6152","34.5059","52.6703","27.6758","38.0573","33.3967","23.9951","28.4105","171.9987","58.9484","64.8203","24.8615","87.0140","105.9686","147.9069","129.9344","24.5373","26.9031","38.4962","59.3299","65.5955","65.5749","64.2758","90.1959","137.7181","188.5168","64.2651","187.5296","35.6180","46.2124","139.1694","127.3796","165.6379","46.2029"
"C:\Users\cfg364\Sommerlab Dropbox\Casper van der Luijt\Casper\Data\BioLog\OmniLog\CL3\DATA_2024\08\_NRRL 5592_Aspergillus oryzae__1_30_CL3_769_8#19#2024_A_18A_23.OKA","8/19/2024 7:16:29 PM","18-A","PM01","","NRRL 5592","Aspergillus oryzae","",75.7500,"27.8656","247.8873","187.7563","70.5219","47.2720","156.4975","79.2660","164.0457","88.6143","181.6539","182.5582","104.5273","35.6315","168.2628","157.1309","33.6814","42.0031","78.2673","29.1441","267.5984","51.7035","51.4762","163.5215","109.9781","55.4799","22.8003","66.8901","253.7610","52.6265","38.7228","178.2601","92.3816","152.8876","152.6984","98.8860","46.5787","82.8596","24.5759","22.8505","22.2194","59.5108","54.7528","36.8938","30.5847","46.0052","50.1516","174.6487","44.9926","142.4181","33.0771","28.2119","51.8503","47.8790","18.4664","26.5283","110.9349","178.6652","166.2188","34.1301","49.5549","58.0465","16.6992","65.6608","35.5823","54.9645","30.2901","37.8554","36.3320","26.9993","28.5521","169.6111","60.7745","65.1522","26.2025","85.5048","107.3995","148.1166","130.3600","25.9690","28.7415","41.5585","57.5894","66.1495","66.1690","65.4570","93.1279","136.8551","188.2618","60.4541","183.5810","31.5901","41.4474","138.7038","129.4031","163.5363","48.9206"
"C:\Users\cfg364\Sommerlab Dropbox\Casper van der Luijt\Casper\Data\BioLog\OmniLog\CL3\DATA_2024\08\_NRRL 5592_Aspergillus oryzae__1_30_CL3_769_8#19#2024_A_18A_23.OKA","8/19/2024 7:16:29 PM","18-A","PM01","","NRRL 5592","Aspergillus oryzae","",76.0000,"29.4689","248.3239","191.3123","69.0293","50.1231","154.0441","77.6033","163.4429","89.5455","183.0963","183.8723","103.9998","32.6671","172.1983","157.6190","34.3250","39.8770","80.1085","30.4671","267.4721","51.6093","47.1621","163.8094","107.1961","53.0846","21.3174","67.4936","252.4759","52.0506","40.5606","182.2106","90.6796","152.5089","150.1613","97.9941","49.4484","86.9546","21.6847","18.1470","20.9452","62.2991","59.1779","37.1470","32.0741","45.3089","46.7837","174.2005","44.0311","147.1768","31.4008","27.8750","50.6608","49.3804","16.4301","25.2290","109.8916","178.1919","163.9102","35.9312","52.4689","60.0233","20.1125","62.6581","35.2668","53.5215","32.7013","39.6289","35.6736","22.8977","27.4492","171.9302","61.8288","64.9114","23.6847","85.8529","107.0539","145.9953","131.0570","23.9393","25.5882","40.2452","58.6190","67.3779","66.7217","66.6343","93.0340","136.5044","192.7616","65.2812","185.0256","35.8703","43.8443","139.4930","130.7064","165.6708","51.7807"
"C:\Users\cfg364\Sommerlab Dropbox\Casper van der Luijt\Casper\Data\BioLog\OmniLog\CL3\DATA_2024\08\_NRRL 5592_Aspergillus oryzae__1_30_CL3_769_8#19#2024_A_18A_23.OKA","8/19/2024 7:16:29 PM","18-A","PM01","","NRRL 5592","Aspergillus oryzae","",76.2500,"28.0966","250.6214","190.1999","66.2736","48.0456","158.1537","78.0836","166.1787","85.7742","181.8935","180.4188","102.8591","35.6457","169.1381","161.3608","33.9986","40.3697","85.9667","32.1852","268.0664","50.8201","49.9504","164.8114","106.5917","51.2392","25.6044","68.5081","251.4605","53.8250","34.6199","180.0884","89.3019","151.5504","151.3484","104.5283","42.6075","88.2207","27.2033","19.0033","19.9424","59.6697","56.7385","36.6905","35.3729","48.3827","51.8685","173.6368","42.3681","145.6422","32.3104","27.0516","48.1835","51.9897","14.5941","24.7670","115.6878","181.5135","163.8486","32.7340","55.3185","56.2303","22.7847","62.6289","36.0408","50.9352","30.8526","40.3049","35.1258","19.5177","29.8847","171.7151","62.3985","65.4060","23.0771","84.9570","112.9063","147.1412","134.0430","28.8366","26.1030","38.3778","57.6731","64.8357","70.6917","66.6957","91.8523","136.8335","187.9390","63.5860","184.9339","36.2811","46.6241","139.7789","131.3369","161.9151","44.3535"
"C:\Users\cfg364\Sommerlab Dropbox\Casper van der Luijt\Casper\Data\BioLog\OmniLog\CL3\DATA_2024\08\_NRRL 5592_Aspergillus oryzae__1_30_CL3_769_8#19#2024_A_18A_23.OKA","8/19/2024 7:16:29 PM","18-A","PM01","","NRRL 5592","Aspergillus oryzae","",76.5000,"28.4858","249.0224","190.2007","67.3120","47.9483","160.3694","77.4940","159.6527","90.3723","182.7262","181.3713","108.9532","37.8879","173.4381","159.1543","33.8393","39.3973","81.8070","26.9832","265.5387","52.7594","49.3482","167.7761","112.3141","51.8765","24.6945","68.5204","255.7247","55.2018","39.5382","183.2563","92.0309","150.7023","153.3175","100.7737","43.5553","87.0138","21.5207","22.4290","22.2876","60.4915","59.5955","33.1756","35.0804","48.5009","53.8905","174.1668","41.2076","145.4520","29.5308","26.2619","53.0996","52.4257","16.2760","25.8968","114.4201","183.2999","160.8961","33.3966","53.4365","58.9622","23.5323","62.9509","36.1466","55.4581","30.1797","34.7611","36.8685","23.2460","31.9217","168.7281","62.3684","65.6794","23.8904","89.5100","110.9502","146.6495","128.0253","27.7613","26.1729","43.6211","61.1065","68.5527","66.1480","66.6741","96.0562","137.9649","189.8951","62.8874","185.1624","38.8530","47.8555","140.6593","130.7476","165.5993","50.6453"
"C:\Users\cfg364\Sommerlab Dropbox\Casper van der Luijt\Casper\Data\BioLog\OmniLog\CL3\DATA_2024\08\_NRRL 5592_Aspergillus oryzae__1_30_CL3_769_8#19#2024_A_18A_23.OKA","8/19/2024 7:16:29 PM","18-A","PM01","","NRRL 5592","Aspergillus oryzae","",76.7500,"27.3366","247.8694","191.9677","63.6521","48.9606","159.2782","78.0305","160.4821","91.4966","184.5164","181.4027","106.1696","36.3959","174.4901","162.0040","34.3584","36.3913","82.8198","26.6972","267.7820","51.8139","48.4608","169.1410","110.8310","55.0021","26.0420","72.0457","251.3263","57.0502","37.9702","184.4887","88.4802","154.7046","152.7507","105.4025","42.9305","83.8995","21.2680","22.7937","22.4435","63.1513","58.3783","34.5138","31.7079","48.7223","53.0191","172.2669","44.2690","142.5579","32.4868","27.3367","53.1622","54.6548","14.8794","26.5596","112.9697","182.0397","164.7808","34.1201","56.0093","57.8930","18.5194","65.4761","36.1782","55.4273","26.6360","40.1614","36.6161","23.3088","29.9741","171.5200","63.0964","60.8317","24.4982","87.1471","108.2234","144.6437","132.0126","23.1900","31.1136","43.7807","57.4536","69.6819","65.5630","71.9979","97.5232","141.2578","191.2616","64.4344","186.8621","39.0139","44.5637","140.8565","126.8145","165.3362","47.6302"
"C:\Users\cfg364\Sommerlab Dropbox\Casper van der Luijt\Casper\Data\BioLog\OmniLog\CL3\DATA_2024\08\_NRRL 5592_Aspergillus oryzae__1_30_CL3_769_8#19#2024_A_18A_23.OKA","8/19/2024 7:16:29 PM","18-A","PM01","","NRRL 5592","Aspergillus oryzae","",77.0000,"26.6603","247.8806","186.3129","66.0790","46.8487","166.5894","79.4253","163.1136","92.6335","183.5533","186.5945","105.9683","34.8973","171.5992","161.6724","32.0350","38.2766","82.5584","26.7161","267.0298","50.0022","50.0801","164.2440","108.9795","51.9172","28.8810","69.0451","255.5197","58.7749","40.2941","180.8601","89.9457","149.0916","153.2080","97.3653","42.3859","87.0249","22.1602","22.6413","20.8063","60.8634","57.8019","34.8232","33.8325","49.1856","50.1690","174.0385","48.6375","146.5518","29.2669","24.0514","47.7097","49.9315","16.5191","24.9782","111.0056","179.2397","166.1928","32.4816","55.8813","56.0892","18.3605","63.8732","35.8785","52.0613","24.8468","40.3191","36.7154","23.8179","32.4856","174.2837","62.2515","68.2369","24.4234","86.6563","110.4369","145.3959","127.5588","20.7170","29.0709","40.0645","59.2178","66.2600","68.7121","65.5576","98.2178","135.8216","191.4666","62.8232","184.8797","37.7316","44.0214","138.3432","126.4671","165.6889","48.4023"
"C:\Users\cfg364\Sommerlab Dropbox\Casper van der Luijt\Casper\Data\BioLog\OmniLog\CL3\DATA_2024\08\_NRRL 5592_Aspergillus oryzae__1_30_CL3_769_8#19#2024_A_18A_23.OKA","8/19/2024 7:16:29 PM","18-A","PM01","","NRRL 5592","Aspergillus oryzae","",77.2500,"26.5983","246.9447","189.9200","67.4582","45.7036","163.2811","77.0592","167.4507","91.1935","182.1135","180.2741","105.1308","36.4823","169.7590","158.0966","33.2941","38.9132","83.3465","31.8389","268.5873","47.5309","49.1926","166.7477","109.8444","56.0028","25.7347","71.1882","252.6564","54.4663","37.2485","179.6205","90.3245","149.7917","149.7372","101.1121","44.5633","86.4795","21.5612","21.1785","21.3355","62.6772","58.3334","36.4453","37.5802","47.1010","54.3449","172.1946","45.8827","144.9821","34.0322","24.6054","49.6335","47.4651","17.8833","26.6301","114.9944","180.5016","167.4439","31.3076","53.1361","59.2072","22.4323","61.6107","36.0692","54.0063","26.7535","41.3006","34.8785","22.9068","28.8418","172.6906","63.1406","67.4566","23.3021","81.9971","111.8401","146.2610","129.0134","24.8268","25.1826","39.3871","60.4104","69.4687","69.4880","70.2623","99.6195","138.8224","187.7219","61.8906","182.9141","37.8282","44.2158","141.6109","128.6532","166.2151","45.7906"
"C:\Users\cfg364\Sommerlab Dropbox\Casper van der Luijt\Casper\Data\BioLog\OmniLog\CL3\DATA_2024\08\_NRRL 5592_Aspergillus oryzae__1_30_CL3_769_8#19#2024_A_18A_23.OKA","8/19/2024 7:16:29 PM","18-A","PM01","","NRRL 5592","Aspergillus oryzae","",77.5000,"27.7359","249.2585","189.6152","67.4906","43.7755","163.1763","73.6176","163.2440","91.5213","181.1866","181.1449","103.0636","33.7515","169.9340","161.5215","36.8264","42.5536","79.2122","27.9886","269.3109","54.0026","44.3988","169.6662","112.1009","54.2814","23.5239","67.7170","252.2229","57.1943","43.7789","182.5844","91.3671","148.6142","153.2990","100.3104","46.2876","87.0377","30.1692","22.1280","22.8849","61.4221","57.1685","35.3683","34.5655","50.9255","53.8707","169.2573","42.6178","143.6584","34.2634","27.7282","50.3454","47.3472","13.0566","24.5207","113.7765","181.9150","164.3989","35.4387","53.3560","56.1706","22.3158","62.2267","35.5447","51.3673","24.5652","36.4917","34.6339","24.8624","29.7800","173.2226","66.1343","66.2452","21.4253","87.8798","106.9920","146.3158","132.8329","23.5781","28.9085","41.3252","61.8393","74.0699","69.2422","68.3817","101.2655","138.0389","188.9516","62.1123","186.9658","34.6472","43.6848","137.0770","124.2525","166.7433","47.7387"
"C:\Users\cfg364\Sommerlab Dropbox\Casper van der Luijt\Casper\Data\BioLog\OmniLog\CL3\DATA_2024\08\_NRRL 5592_Aspergillus oryzae__1_30_CL3_769_8#19#2024_A_18A_23.OKA","8/19/2024 7:16:29 PM","18-A","PM01","","NRRL 5592","Aspergillus oryzae","",77.7500,"28.5395","246.4059","190.4342","65.7990","46.1678","160.6935","74.6752","162.2028","91.2553","182.3601","178.9372","108.0853","34.8767","171.4522","163.6462","34.4871","38.5519","84.1920","32.2200","266.4627","50.3208","49.6075","165.1082","108.9914","52.1115","27.4954","68.0624","253.4964","56.0849","43.4566","181.9952","90.7942","148.2876","155.1026","98.9780","43.7186","88.1729","24.3955","20.1418","18.2909","62.3404","57.7793","33.4635","32.5951","48.1014","56.4240","173.1901","44.9307","146.0341","31.4743","25.3217","47.3437","48.8369","19.3279","28.0831","116.0888","179.7090","167.2965","32.2405","53.8205","56.6320","18.8523","64.4481","36.4344","53.2628","26.6572","41.7591","37.6628","23.1231","28.5284","170.2138","61.5414","65.5891","25.0454","85.3742","108.4444","147.4427","130.5076","27.1887","27.8036","41.3137","57.5284","68.6573","67.8399","67.7579","101.8045","133.6548","186.8599","65.8648","183.5528","36.0418","46.5735","139.2771","126.6745","166.6181","50.2431"
"C:\Users\cfg364\Sommerlab Dropbox\Casper van der Luijt\Casper\Data\BioLog\OmniLog\CL3\DATA_2024\08\_NRRL 5592_Aspergillus oryzae__1_30_CL3_769_8#19#2024_A_18A_23.OKA","8/19/2024 7:16:29 PM","18-A","PM01","","NRRL 5592","Aspergillus oryzae","",78.0000,"26.1985","246.5141","191.5256","71.0140","48.6726","164.0437","74.0039","161.6619","89.0993","186.2669","180.5642","111.3288","33.4746","170.1291","163.4098","35.1654","37.4405","83.7099","32.7545","268.8825","53.7169","50.4424","166.6586","106.5725","50.5427","27.5236","66.0268","253.8747","59.9960","38.2737","182.2189","88.8756","151.7509","154.3228","101.6502","45.3934","89.9523","25.2481","22.4339","19.7442","62.5705","60.3061","32.7012","35.2929","50.2123","48.4458","170.2095","40.5278","143.9779","36.1905","27.6252","52.4925","54.2403","16.5343","24.1962","114.9466","181.3094","164.4261","34.6672","52.9883","56.3341","21.8934","66.9502","37.8271","51.1002","26.2588","39.5144","40.4322","21.3943","29.5180","174.5289","62.4833","65.5736","23.5646","89.4659","106.1572","145.0534","129.3780","23.5935","29.8033","43.3449","58.4300","71.1941","70.1019","71.8346","97.8448","139.6860","189.7072","62.3387","182.4551","36.9883","46.4649","136.0097","127.2117","165.5065","50.0083"
"C:\Users\cfg364\Sommerlab Dropbox\Casper van der Luijt\Casper\Data\BioLog\OmniLog\CL3\DATA_2024\08\_NRRL 5592_Aspergillus oryzae__1_30_CL3_769_8#19#2024_A_18A_23.OKA","8/19/2024 7:16:29 PM","18-A","PM01","","NRRL 5592","Aspergillus oryzae","",78.2500,"26.5116","248.2613","188.6197","68.8213","47.9014","161.1434","73.6235","167.9104","94.4421","183.0023","180.0377","111.6400","33.3797","173.1476","163.0931","38.6002","42.6245","79.6862","31.1685","267.9444","51.1938","51.9292","167.9295","110.2852","49.2540","28.5635","70.0194","254.6253","57.2283","40.6403","184.5527","93.3544","146.7939","149.5145","103.6852","45.6724","86.3302","22.9559","23.8936","20.4458","62.0267","60.6068","32.9668","38.2078","53.2415","47.0644","171.4195","45.5959","149.6845","30.3269","26.7624","52.1331","50.6942","17.7053","28.4038","113.0419","182.5007","166.9489","31.0285","54.2415","60.5539","23.5064","67.2573","33.3818","53.1852","28.1271","37.6752","40.6945","20.6083","28.2558","174.1582","63.3532","67.6968","28.4758","87.1486","113.0288","148.1608","132.3790","24.2205","27.3105","43.7859","61.4342","72.6385","67.6104","69.6823","99.4456","137.6393","190.6190","64.8526","187.5562","34.8779","43.2044","140.8511","130.9660","165.1667","48.2513"
"C:\Users\cfg364\Sommerlab Dropbox\Casper van der Luijt\Casper\Data\BioLog\OmniLog\CL3\DATA_2024\08\_NRRL 5592_Aspergillus oryzae__1_30_CL3_769_8#19#2024_A_18A_23.OKA","8/19/2024 7:16:29 PM","18-A","PM01","","NRRL 5592","Aspergillus oryzae","",78.5000,"26.1075","246.6252","187.8841","69.3711","46.1261","160.0530","74.9600","163.8278","89.9863","182.3585","180.5758","110.0636","31.2615","168.9867","162.1471","34.5567","43.3904","79.2079","28.1512","267.9760","53.8123","48.5790","168.1856","113.9029","51.8144","25.6519","68.9354","251.6142","51.8291","38.4204","180.9430","91.4691","150.1013","150.8156","102.4159","47.2230","87.6581","23.2705","19.4738","20.4146","64.9461","56.4833","34.0524","35.7914","48.7967","48.7554","173.2657","41.9805","145.3497","32.0116","27.1618","47.7552","48.9112","13.8737","27.1380","115.4874","178.8443","165.7614","30.2631","52.6754","58.9701","22.0057","68.0596","35.0326","51.5188","27.6600","38.4980","38.3593","21.4903","28.9841","173.3444","60.0115","65.5289","25.9884","82.7324","109.4954","147.4167","132.9469","27.0876","27.3744","43.6898","60.5601","72.6385","64.6890","68.1085","99.7883","134.0238","192.3888","62.7981","187.3006","31.6660","43.4646","136.8394","128.5933","166.4233","48.1544"
"C:\Users\cfg364\Sommerlab Dropbox\Casper van der Luijt\Casper\Data\BioLog\OmniLog\CL3\DATA_2024\08\_NRRL 5592_Aspergillus oryzae__1_30_CL3_769_8#19#2024_A_18A_23.OKA","8/19/2024 7:16:29 PM","18-A","PM01","","NRRL 5592","Aspergillus oryzae","",78.7500,"27.0401","248.2927","189.2327","68.5464","47.9331","164.0616","78.0466","160.9795","90.1466","181.4249","180.0060","111.7636","33.3490","171.4582","165.4123","33.6377","42.0182","79.8775","26.7219","269.2071","52.8343","49.7168","167.8975","111.1819","52.5155","27.9374","67.8212","252.9968","55.0559","43.6105","181.1013","90.4322","147.3028","153.5763","101.9717","47.9363","85.8171","21.0052","20.9978","22.9480","61.7728","54.8901","33.3499","38.5844","50.1207","52.9504","171.4519","42.9779","147.4095","32.6156","28.9746","51.0622","49.6620","17.0564","24.6699","114.7569","177.3182","167.1414","31.6983","55.2642","57.3254","20.5987","65.1588","35.6358","53.7407","28.7187","36.5677","39.6215","22.5614","24.8363","172.5620","62.4939","66.7333","23.6285","86.9278","109.1515","145.3084","131.7480","27.7248","25.6794","41.8648","57.9381","71.5120","68.7141","70.4086","104.5237","136.5195","189.0976","63.5141","184.4250","35.2996","43.2369","139.6344","125.5706","167.8452","50.4140"
"C:\Users\cfg364\Sommerlab Dropbox\Casper van der Luijt\Casper\Data\BioLog\OmniLog\CL3\DATA_2024\08\_NRRL 5592_Aspergillus oryzae__1_30_CL3_769_8#19#2024_A_18A_23.OKA","8/19/2024 7:16:29 PM","18-A","PM01","","NRRL 5592","Aspergillus oryzae","",79.0000,"26.5738","246.4364","190.3055","66.7748","47.2990","160.9189","71.6825","164.1443","92.4225","185.2558","179.0564","111.4236","32.6123","169.6750","165.9311","35.1387","39.3057","81.3444","30.2474","269.9962","52.4557","51.7712","169.0502","104.5649","49.9550","27.1234","70.4410","252.5667","54.6725","40.3901","184.1095","95.1453","147.9388","153.2273","104.5102","46.2926","89.3482","22.6413","20.8454","15.6604","63.5498","60.6692","35.1699","37.6115","51.0664","49.0480","170.0268","46.8426","144.7041","33.2513","28.2679","51.1567","48.3795","18.8486","24.7332","116.9483","181.5469","166.6600","29.6890","53.5703","61.3762","22.5059","68.2756","35.4771","53.4012","29.3727","36.7892","36.6868","22.2779","23.3799","170.5589","61.8256","63.6621","24.9679","85.9814","109.7143","143.1072","132.4421","21.7676","27.0866","42.1850","58.7797","75.0526","65.3382","69.7125","106.2683","133.7358","189.2839","64.1055","182.6358","34.9427","43.3995","135.6886","127.0332","166.1257","43.5706"
"C:\Users\cfg364\Sommerlab Dropbox\Casper van der Luijt\Casper\Data\BioLog\OmniLog\CL3\DATA_2024\08\_NRRL 5592_Aspergillus oryzae__1_30_CL3_769_8#19#2024_A_18A_23.OKA","8/19/2024 7:16:29 PM","18-A","PM01","","NRRL 5592","Aspergillus oryzae","",79.2500,"24.4289","247.0342","187.4856","70.5623","44.5410","161.0792","74.1645","162.0872","90.4030","182.2619","180.2593","113.7418","32.3974","171.6459","160.4381","37.6812","39.5610","80.1964","28.5006","261.2209","51.3199","49.8116","167.7374","111.8621","53.7042","26.1529","70.6819","251.4912","53.6502","39.7335","183.1595","91.0292","148.4476","153.3859","105.0496","42.7572","86.8433","24.1515","23.4668","19.2886","61.0112","58.2326","31.4023","36.1366","49.0804","46.0562","171.3548","43.8194","144.8885","31.0898","28.3294","52.2906","51.5075","15.7895","26.8533","115.9638","178.6853","164.3171","29.3382","51.8764","57.2341","20.5674","68.2756","33.9850","53.4630","27.1617","38.0233","36.9077","21.7738","26.4828","169.6512","63.0350","65.2278","23.8517","84.4042","107.8695","143.4792","131.2747","22.7870","23.4407","39.2074","60.8515","73.4110","67.7078","71.4073","103.1841","132.9359","187.9488","62.7048","187.6201","31.6660","45.3839","137.3656","129.8934","168.6389","46.9278"
"C:\Users\cfg364\Sommerlab Dropbox\Casper van der Luijt\Casper\Data\BioLog\OmniLog\CL3\DATA_2024\08\_NRRL 5592_Aspergillus oryzae__1_30_CL3_769_8#19#2024_A_18A_23.OKA","8/19/2024 7:16:29 PM","18-A","PM01","","NRRL 5592","Aspergillus oryzae","",79.5000,"27.9691","248.2086","189.8024","67.2129","50.8428","162.5701","77.0612","165.2579","92.2985","183.7804","183.4469","112.9543","31.3752","171.0714","163.0959","32.1499","38.8541","83.0162","29.4260","268.2393","51.1366","51.9654","167.6195","108.6043","54.6557","26.9833","70.7364","249.7972","59.4814","39.1218","183.6859","91.1022","148.4702","151.4693","102.9561","45.9040","87.1587","21.3498","18.9746","18.7290","59.4906","58.6007","36.1691","34.2825","51.1759","49.8429","172.1204","45.8820","145.0950","30.0147","27.4029","50.7125","50.5574","15.8868","25.8839","116.4837","180.8608","167.5267","33.7249","53.7543","54.6741","17.5187","69.5750","36.9342","54.3149","26.0231","40.7547","35.8164","24.3940","28.8262","174.3237","62.1211","62.9233","24.8136","86.4241","110.2252","145.3325","127.5502","25.7047","25.9846","39.8271","62.0372","71.4655","67.2854","70.6549","106.3081","136.9850","187.6201","62.4624","185.4760","36.0171","42.6980","135.2080","129.7743","168.9661","45.9557"
"C:\Users\cfg364\Sommerlab Dropbox\Casper van der Luijt\Casper\Data\BioLog\OmniLog\CL3\DATA_2024\08\_NRRL 5592_Aspergillus oryzae__1_30_CL3_769_8#19#2024_A_18A_23.OKA","8/19/2024 7:16:29 PM","18-A","PM01","","NRRL 5592","Aspergillus oryzae","",79.7500,"26.8568","246.6200","192.1874","67.1327","46.1680","163.5633","71.3470","159.2271","90.8140","185.7379","183.0758","118.6762","34.6959","172.1574","163.2538","37.7082","40.5023","78.8846","33.0272","266.2649","52.3085","51.9987","166.8644","108.2643","52.8501","26.9355","69.0026","250.9985","57.1458","39.7192","183.7660","89.6093","149.3256","151.7983","106.0853","44.5029","87.9142","22.2058","23.9882","19.6225","66.7513","62.3193","36.1793","33.5026","51.8429","46.4248","171.9342","45.8427","149.1550","30.5621","25.0107","50.1393","51.0389","15.8250","24.5334","119.4474","181.7198","168.8599","31.5860","55.9884","58.7467","21.1183","67.7488","41.8190","55.8597","26.9563","40.8168","36.2920","21.4405","29.8428","173.7820","59.8066","66.0652","19.6669","82.5222","104.4766","143.1781","130.3450","24.2485","26.9535","43.8593","62.5132","71.4833","64.1900","69.2076","106.4908","138.2102","188.5806","65.5335","185.8603","37.2139","50.7341","140.5092","123.4056","166.8586","45.0713"
"C:\Users\cfg364\Sommerlab Dropbox\Casper van der Luijt\Casper\Data\BioLog\OmniLog\CL3\DATA_2024\08\_NRRL 5592_Aspergillus oryzae__1_30_CL3_769_8#19#2024_A_18A_23.OKA","8/19/2024 7:16:29 PM","18-A","PM01","","NRRL 5592","Aspergillus oryzae","",80.0000,"28.2842","247.6545","190.3938","67.9306","44.3906","163.8194","75.6008","159.7975","90.7819","186.6034","180.8291","115.6378","34.3600","171.6894","165.2961","30.9928","37.8641","83.0382","33.6566","267.1480","55.1064","46.2417","169.5346","111.5290","54.9456","25.6206","70.6020","252.8707","54.2457","40.5639","185.2218","90.2389","150.9750","153.2279","106.2429","46.1765","88.8775","22.1111","24.2006","20.4035","60.5214","59.3682","35.6395","35.0762","51.3379","50.2887","171.4841","46.7114","146.7215","30.6892","26.8890","50.4871","49.7897","17.8663","27.2973","117.3290","182.5405","168.2203","27.8691","53.4395","59.6297","19.8966","68.8271","34.9108","54.6922","22.5135","42.6843","35.9758","19.4849","31.0362","174.9098","62.3586","66.0050","19.2480","85.5193","106.1808","142.6503","132.2474","29.5860","28.7083","42.0391","57.2779","71.8067","62.3693","74.5322","104.4190","133.4976","188.2714","64.3195","181.5907","35.4405","44.4874","140.0208","124.6171","167.1876","43.3207"
"C:\Users\cfg364\Sommerlab Dropbox\Casper van der Luijt\Casper\Data\BioLog\OmniLog\CL3\DATA_2024\08\_NRRL 5592_Aspergillus oryzae__1_30_CL3_769_8#19#2024_A_18A_23.OKA","8/19/2024 7:16:29 PM","18-A","PM01","","NRRL 5592","Aspergillus oryzae","",80.2500,"25.5512","245.2208","192.5368","69.6281","46.9708","163.9320","77.8373","164.0076","92.2623","181.4566","180.8103","114.9818","33.8044","171.7973","165.8514","35.4327","38.3088","82.1301","26.9898","266.2725","56.7610","49.0630","166.1358","106.3112","55.5215","26.0556","70.5935","249.6491","55.7737","38.5667","185.6107","91.2984","148.8697","151.6461","107.4283","46.3137","84.4102","27.5945","19.4579","21.6570","66.1440","58.8355","35.1232","34.8274","48.1529","50.8346","171.1595","44.3400","148.0239","28.5412","27.8320","51.9023","52.1612","15.6360","28.6517","115.6854","182.6856","168.4169","33.3884","52.7791","58.0797","19.5836","64.1017","38.5777","51.9091","28.1399","37.0243","38.1048","20.9314","30.9896","173.7962","61.6811","64.2753","24.0543","84.3749","106.6912","145.9299","129.1930","20.8295","25.4560","42.9273","63.0881","73.3230","71.2416","74.1618","107.1127","137.9369","190.2828","65.4704","181.6291","36.2453","44.2886","138.4706","128.7805","171.0713","46.8170"
"C:\Users\cfg364\Sommerlab Dropbox\Casper van der Luijt\Casper\Data\BioLog\OmniLog\CL3\DATA_2024\08\_NRRL 5592_Aspergillus oryzae__1_30_CL3_769_8#19#2024_A_18A_23.OKA","8/19/2024 7:16:29 PM","18-A","PM01","","NRRL 5592","Aspergillus oryzae","",80.5000,"24.4629","246.9158","188.5081","68.2838","48.1424","162.4235","78.7800","162.5821","92.6469","181.6174","180.9051","118.5118","33.9573","174.2913","164.6277","34.7285","39.0772","80.1587","26.5774","265.3853","56.2275","48.9045","168.0645","108.8089","52.4908","26.9007","68.7831","250.0200","55.1059","37.8106","184.4707","90.9841","149.1560","152.3796","103.0279","47.1479","87.4299","25.4734","19.6105","20.7195","65.2291","56.9021","35.2503","36.1773","49.4889","48.3733","170.9330","44.1847","147.5046","27.2041","26.8815","53.6040","52.8166","18.9740","29.5058","120.7111","185.3687","166.2386","30.9501","52.5548","57.3775","15.5276","66.8002","33.2901","55.0725","28.2647","39.1215","38.7359","20.6476","26.3694","172.2494","65.3193","68.7851","22.9984","84.8801","107.7628","146.8513","126.6236","23.2231","22.7754","34.4305","63.5061","67.8543","68.0300","74.6143","104.5219","137.4915","191.1532","67.0569","186.6363","36.1483","49.3381","138.9282","124.7741","167.6962","45.0761"
"C:\Users\cfg364\Sommerlab Dropbox\Casper van der Luijt\Casper\Data\BioLog\OmniLog\CL3\DATA_2024\08\_NRRL 5592_Aspergillus oryzae__1_30_CL3_769_8#19#2024_A_18A_23.OKA","8/19/2024 7:16:29 PM","18-A","PM01","","NRRL 5592","Aspergillus oryzae","",80.7500,"28.0386","245.7230","191.3160","71.1556","48.5540","162.8086","79.0943","164.7045","91.3647","185.1545","183.5930","115.9107","37.3810","172.6079","163.1899","35.9226","39.3013","81.4624","24.8959","268.2368","55.8508","50.2040","167.8395","112.5091","54.4001","25.8365","68.9641","252.8636","55.0741","39.6064","184.8507","90.9841","150.9697","150.6893","105.6871","49.8358","84.9235","29.3725","21.6868","20.1882","66.1125","59.7710","38.6193","39.4422","48.8845","52.9721","172.5505","45.3654","148.2071","28.4139","27.6480","52.9107","50.7257","15.7906","25.2985","121.7857","181.7702","166.9433","33.1351","51.5616","59.1483","21.1872","66.8313","37.7861","53.7518","25.3613","38.0411","40.2505","21.9718","30.9268","169.8502","64.6865","64.7263","23.8943","86.9955","107.7628","148.1414","125.3865","22.7444","28.4238","39.8376","63.0238","71.6403","65.3699","75.6398","109.9846","137.7460","191.9615","66.6837","184.4858","33.4977","53.0369","139.6145","129.3668","171.3335","48.2677"
"C:\Users\cfg364\Sommerlab Dropbox\Casper van der Luijt\Casper\Data\BioLog\OmniLog\CL3\DATA_2024\08\_NRRL 5592_Aspergillus oryzae__1_30_CL3_769_8#19#2024_A_18A_23.OKA","8/19/2024 7:16:29 PM","18-A","PM01","","NRRL 5592","Aspergillus oryzae","",81.0000,"22.4730","246.3508","191.2244","70.6974","48.1740","163.2580","78.3715","164.9263","91.6532","184.5757","178.5967","114.4863","32.7039","172.0467","168.0233","35.6164","40.6460","78.9186","28.3858","266.7794","53.3713","51.8520","169.6075","107.0205","52.9454","25.2105","68.3607","250.5455","55.9009","39.1653","186.1490","92.2726","149.0287","151.8056","106.2253","46.0356","90.2081","26.5339","19.7327","18.2818","65.0399","58.1806","37.5387","34.9843","48.2483","52.7454","172.2270","46.3597","148.2682","29.6236","30.4994","51.0515","48.8534","17.7686","27.9557","119.8577","185.3056","167.4879","33.6734","52.9073","58.6904","20.7155","67.8548","37.9444","52.3391","25.9545","37.8505","38.2310","22.4447","27.1552","167.5457","64.4334","67.0413","19.0949","84.2802","104.8316","146.8206","131.0646","25.1379","25.8070","38.8720","64.3420","72.5787","66.7000","78.0227","109.7036","137.9687","185.8372","63.5417","186.6363","33.9503","48.1803","139.4184","128.6828","170.1538","47.8808"
"C:\Users\cfg364\Sommerlab Dropbox\Casper van der Luijt\Casper\Data\BioLog\OmniLog\CL3\DATA_2024\08\_NRRL 5592_Aspergillus oryzae__1_30_CL3_769_8#19#2024_A_18A_23.OKA","8/19/2024 7:16:29 PM","18-A","PM01","","NRRL 5592","Aspergillus oryzae","",81.2500,"22.3487","248.6422","191.5296","68.2533","46.7175","164.6380","78.5286","163.5324","92.1661","184.3185","179.3557","119.6266","35.9137","174.1354","165.6678","35.1571","39.5895","80.6356","27.8147","267.1913","57.2004","47.9221","170.2826","110.7515","56.2792","28.4032","67.5158","252.0291","55.9009","39.1968","182.9190","90.7327","151.0970","152.0926","107.3017","44.8616","84.2290","28.3431","21.3204","19.9694","64.8506","61.5485","37.6022","35.1099","47.9621","49.9602","173.0034","46.4840","150.5591","29.4963","30.0701","49.6335","52.3797","14.0289","30.5497","121.0271","184.0745","164.9892","35.0668","53.3238","53.8969","19.8037","68.5993","35.7597","53.6904","29.2014","41.0916","36.8111","24.3680","27.9723","169.9133","64.7182","66.1995","25.5261","84.5644","103.0665","143.7492","130.3350","20.8295","31.1044","38.9686","63.1202","68.9545","66.0187","77.2385","110.0470","140.1639","188.7906","63.5728","185.0956","36.7301","48.8235","139.5492","126.7936","169.0397","48.0743"
"C:\Users\cfg364\Sommerlab Dropbox\Casper van der Luijt\Casper\Data\BioLog\OmniLog\CL3\DATA_2024\08\_NRRL 5592_Aspergillus oryzae__1_30_CL3_769_8#19#2024_A_18A_23.OKA","8/19/2024 7:16:29 PM","18-A","PM01","","NRRL 5592","Aspergillus oryzae","",81.5000,"26.4529","249.8572","191.2244","68.5396","47.3626","166.9683","77.1546","164.1001","90.0952","186.5838","181.9390","118.1408","36.1224","172.0500","169.3506","38.8200","39.2906","83.2671","29.5951","265.7978","54.0664","52.2913","168.9712","105.4582","54.2435","26.8138","68.4963","249.5754","57.1523","43.7911","180.1186","90.4644","150.1783","150.5579","104.4292","47.5292","85.7256","20.5053","20.3340","21.9884","64.7681","59.9021","35.5314","33.7305","48.7778","52.7405","173.0604","46.0432","144.2866","33.8839","30.1259","50.1071","48.9136","18.4187","30.0661","120.0823","183.4155","163.7996","34.1755","50.4565","57.4729","19.6639","74.4808","37.9284","54.5042","31.0848","41.3459","39.4091","22.0006","26.2819","174.6168","64.0579","63.2850","25.2273","86.7249","106.3268","148.8894","130.6455","22.7551","24.9986","39.8206","63.1856","70.9947","64.3518","76.1424","109.2215","138.2124","189.0844","66.3807","185.4693","35.9810","44.6579","141.6088","120.7832","171.3353","42.3928"
"C:\Users\cfg364\Sommerlab Dropbox\Casper van der Luijt\Casper\Data\BioLog\OmniLog\CL3\DATA_2024\08\_NRRL 5592_Aspergillus oryzae__1_30_CL3_769_8#19#2024_A_18A_23.OKA","8/19/2024 7:16:29 PM","18-A","PM01","","NRRL 5592","Aspergillus oryzae","",81.7500,"27.2612","249.7633","190.8277","70.9986","47.9634","162.4046","74.3442","162.5798","91.0590","189.7216","181.2143","118.9154","33.9804","175.3533","168.7435","35.6849","38.8736","80.7053","30.7020","268.2310","50.3009","52.5444","166.5255","106.5084","51.2392","27.5027","68.5568","251.9473","53.8896","40.0015","182.8330","90.9067","150.9375","152.1156","106.3262","49.9707","82.8480","23.3695","21.0355","23.2958","62.7355","59.8398","36.3883","31.6064","47.4467","50.4360","170.7632","46.4167","145.7417","30.9362","25.0379","48.1692","51.3144","14.3075","29.3097","122.6139","184.2646","164.4098","31.9849","50.5207","56.6452","19.2573","73.4712","39.2574","52.9284","27.2164","40.6834","40.0088","22.5035","28.6716","171.2738","67.3721","64.7013","23.9194","86.1291","103.7843","145.6562","129.2272","25.3355","27.6314","39.5653","63.1856","70.9947","67.4939","76.8387","113.4198","142.3026","188.2815","62.5227","184.8914","36.1749","42.9669","141.3481","125.1116","169.0701","44.0757"
"C:\Users\cfg364\Sommerlab Dropbox\Casper van der Luijt\Casper\Data\BioLog\OmniLog\CL3\DATA_2024\08\_NRRL 5592_Aspergillus oryzae__1_30_CL3_769_8#19#2024_A_18A_23.OKA","8/19/2024 7:16:29 PM","18-A","PM01","","NRRL 5592","Aspergillus oryzae","",82.0000,"25.8688","250.2423","191.0317","67.6237","48.7077","165.7553","75.4437","159.9775","91.5804","187.4858","181.9611","116.8635","34.4832","171.8824","163.8498","34.4544","42.0368","82.6677","28.6633","269.2469","51.8205","53.3959","171.5527","109.2310","54.5307","28.2942","67.7132","254.0973","59.1419","41.2167","185.2710","87.5506","149.9325","152.3496","107.0297","44.9457","87.8617","22.5640","19.8115","19.7388","67.4498","60.8886","36.6567","34.2265","48.4041","48.6006","172.4341","44.7728","142.6317","31.7255","30.0733","50.2737","48.9682","17.3064","26.5876","120.0215","185.2450","163.1953","35.7324","52.8834","55.5325","17.5664","69.0835","39.7964","55.1009","28.0000","40.2069","39.2851","22.1561","27.8494","169.4071","60.7148","64.0274","22.7384","86.6474","107.6534","144.9235","129.2419","26.1354","29.3818","42.1897","63.4890","69.3923","65.0697","77.3828","116.0044","141.9384","187.9003","63.6502","185.8064","38.6454","47.0465","139.4815","124.6959","169.1342","48.8136"
"C:\Users\cfg364\Sommerlab Dropbox\Casper van der Luijt\Casper\Data\BioLog\OmniLog\CL3\DATA_2024\08\_NRRL 5592_Aspergillus oryzae__1_30_CL3_769_8#19#2024_A_18A_23.OKA","8/19/2024 7:16:29 PM","18-A","PM01","","NRRL 5592","Aspergillus oryzae","",82.2500,"27.5415","251.4622","189.0695","67.8690","48.0772","167.0054","77.4033","162.9482","95.0242","187.5498","184.0027","119.1205","34.8516","172.9107","170.4742","35.3129","45.5492","81.4954","26.8843","266.1321","51.8836","52.4180","169.8281","109.8472","57.6833","25.3027","68.7460","254.4641","59.3956","40.7172","184.9532","91.1266","149.7736","150.6057","108.9509","46.7047","86.2340","20.8940","19.4443","23.0664","65.8387","59.9262","36.5932","37.7513","49.1008","52.0863","175.0827","42.3693","147.4239","31.1533","31.9102","50.7813","51.8768","18.2338","24.1580","123.5689","186.9042","164.8611","32.0052","55.1517","58.3750","18.8484","73.4946","38.9123","55.7756","28.5905","42.2277","40.4178","20.6162","29.4182","170.4817","62.5526","64.6282","25.7287","84.8500","107.0908","144.7079","129.5583","24.6410","32.9631","41.1330","65.3245","74.5626","63.8696","80.6569","117.3123","141.5241","190.6542","65.6117","184.1446","38.2918","47.5310","142.0251","124.3027","169.0027","45.7537"
"C:\Users\cfg364\Sommerlab Dropbox\Casper van der Luijt\Casper\Data\BioLog\OmniLog\CL3\DATA_2024\08\_NRRL 5592_Aspergillus oryzae__1_30_CL3_769_8#19#2024_A_18A_23.OKA","8/19/2024 7:16:29 PM","18-A","PM01","","NRRL 5592","Aspergillus oryzae","",82.5000,"27.7894","246.6767","188.7630","70.1376","49.0861","167.4220","78.2882","167.9415","93.6850","189.9507","182.4951","119.4606","36.6013","175.0296","170.2605","34.5464","40.3445","83.0479","31.0142","268.5862","51.4100","52.3549","172.4470","106.5811","55.1673","26.7050","68.6549","252.1410","56.6682","41.8410","183.2054","87.7405","149.2649","152.7618","109.5494","48.4946","86.7163","21.3666","18.7712","23.0975","65.2069","59.3364","39.0669","35.7056","48.9425","53.7969","171.8204","42.4942","145.5193","28.0064","29.3385","51.0351","50.9698","16.2862","28.1022","123.2522","186.6224","167.4559","33.6793","55.7268","55.1658","20.0366","70.5025","40.3648","55.7449","28.3729","40.6174","40.1660","24.4502","29.4182","171.3666","62.3308","66.1304","26.8103","85.2599","108.1223","145.7554","128.1977","25.8174","30.1107","37.0021","63.1026","72.4945","69.7728","79.9059","116.3781","142.1933","189.8187","65.2381","186.2857","35.3022","48.0801","138.9924","123.4509","170.7776","48.4271"
"C:\Users\cfg364\Sommerlab Dropbox\Casper van der Luijt\Casper\Data\BioLog\OmniLog\CL3\DATA_2024\08\_NRRL 5592_Aspergillus oryzae__1_30_CL3_769_8#19#2024_A_18A_23.OKA","8/19/2024 7:16:29 PM","18-A","PM01","","NRRL 5592","Aspergillus oryzae","",82.7500,"30.4843","248.5221","189.1002","67.1945","45.7125","164.2487","73.8951","163.0115","92.5051","186.7175","183.1861","120.7283","31.4749","171.6019","168.1541","33.9332","41.1427","86.0261","26.2489","268.3345","50.4629","48.3488","171.1695","109.5699","53.4091","27.9202","66.7716","253.7917","57.1757","42.5277","186.2561","88.9747","150.5048","151.0496","108.6675","47.9391","86.9574","20.5789","18.5265","23.0042","64.7647","59.2743","38.0838","35.0762","50.4944","52.9255","174.0491","41.7763","147.0860","30.7401","29.3997","51.2889","51.9394","15.5752","28.4178","121.4151","187.7181","165.9503","34.3742","53.1390","55.5631","21.6625","73.2169","39.1649","53.3835","27.5960","40.0806","40.6065","21.8104","30.5792","170.8293","64.6755","63.7870","23.9154","82.1382","111.3733","141.8119","129.7798","22.9875","30.2058","39.4999","62.8772","73.8193","65.2967","80.7770","118.8382","140.0583","188.8286","64.2106","185.0714","35.4308","48.1447","138.5685","122.5989","169.2985","49.0712"
"C:\Users\cfg364\Sommerlab Dropbox\Casper van der Luijt\Casper\Data\BioLog\OmniLog\CL3\DATA_2024\08\_NRRL 5592_Aspergillus oryzae__1_30_CL3_769_8#19#2024_A_18A_23.OKA","8/19/2024 7:16:29 PM","18-A","PM01","","NRRL 5592","Aspergillus oryzae","",83.0000,"23.4918","250.6427","190.1337","69.2322","50.2070","164.6272","80.4064","162.8739","92.5864","184.3477","180.8477","120.8276","35.4186","174.5121","169.7842","33.5881","42.3054","82.4992","28.7005","267.2546","54.1059","51.2271","170.8403","110.0917","54.5097","26.6528","70.6635","252.8816","59.7799","39.0545","184.3157","88.7566","151.1252","150.1762","105.5539","45.6863","86.3518","20.8705","23.2175","22.6566","65.6737","60.2974","35.2866","33.5479","51.9133","51.8778","171.3907","44.2671","147.2156","30.4659","25.1122","54.2496","53.4657","14.9272","28.1213","123.6571","184.5353","164.3425","34.1381","54.4663","57.6818","18.4407","72.9246","39.4825","52.2726","29.1271","37.8089","39.7466","23.0010","23.0968","173.8906","63.1863","67.4098","23.4211","86.8804","107.1831","146.9902","128.2818","23.7156","25.5997","41.2637","61.3522","73.0848","63.7280","79.3036","116.2749","143.5204","192.1299","65.0903","182.5679","38.2597","49.7041","140.2981","126.2224","169.9482","48.3956"
"C:\Users\cfg364\Sommerlab Dropbox\Casper van der Luijt\Casper\Data\BioLog\OmniLog\CL3\DATA_2024\08\_NRRL 5592_Aspergillus oryzae__1_30_CL3_769_8#19#2024_A_18A_23.OKA","8/19/2024 7:16:29 PM","18-A","PM01","","NRRL 5592","Aspergillus oryzae","",83.2500,"20.9373","248.9433","189.4316","67.8815","49.0715","165.1403","79.1158","164.7739","92.0089","186.8809","180.6257","126.7257","33.7662","173.0418","173.5655","34.4167","42.4649","80.5333","30.4957","270.2494","54.7054","50.6565","170.6157","106.8862","53.6304","27.9338","70.0278","253.2797","60.1941","37.0730","186.4988","90.9296","149.3198","152.8263","109.7493","46.8052","84.7124","22.7942","22.2754","25.8187","63.3864","62.9965","32.9508","34.3690","51.5663","51.7809","171.4875","44.2981","146.2917","32.6323","23.6640","53.4341","57.1760","16.6588","26.9525","124.0363","181.6842","166.4030","34.7078","53.6371","55.4792","18.5035","71.7847","40.0811","51.7780","26.2155","41.0891","37.9440","23.5979","26.4448","173.5461","62.8695","62.1120","21.7926","84.5437","105.3570","146.8368","129.9911","22.5046","24.1848","42.5087","60.4508","68.7886","67.7790","81.0202","116.3064","143.6794","189.1701","64.4700","184.0779","36.6524","46.7891","135.4923","125.2497","173.7240","46.4274"
"C:\Users\cfg364\Sommerlab Dropbox\Casper van der Luijt\Casper\Data\BioLog\OmniLog\CL3\DATA_2024\08\_NRRL 5592_Aspergillus oryzae__1_30_CL3_769_8#19#2024_A_18A_23.OKA","8/19/2024 7:16:29 PM","18-A","PM01","","NRRL 5592","Aspergillus oryzae","",83.5000,"27.9776","249.8875","190.4695","70.2759","46.8635","163.7614","74.2999","163.6973","95.2813","187.2657","174.6616","125.0804","36.9486","172.1033","171.5224","31.0101","43.8371","80.5651","31.6610","268.7362","52.7174","51.2588","171.1933","105.4068","53.7517","28.8711","68.5142","253.3716","58.7285","40.9730","182.9553","92.2523","151.1252","148.1967","104.7911","45.4376","85.6839","20.7128","25.1626","25.3227","66.2138","62.0347","37.8785","32.2532","50.7777","51.3931","171.8422","48.7006","145.2446","30.6889","26.1291","54.0928","54.0269","17.1227","25.9732","125.2055","184.1235","165.2440","36.9235","54.1155","57.4676","16.2744","76.5600","36.4578","53.1074","25.7459","40.4583","40.7902","23.5351","24.2339","169.3180","67.2738","65.3328","21.2817","84.6700","107.8127","146.1617","129.0415","24.7991","24.8279","40.4656","64.0888","71.7281","66.7744","81.0804","119.9550","140.4681","190.0642","62.3920","182.7285","36.5559","46.3681","140.0365","127.0005","173.5927","45.0723"
"C:\Users\cfg364\Sommerlab Dropbox\Casper van der Luijt\Casper\Data\BioLog\OmniLog\CL3\DATA_2024\08\_NRRL 5592_Aspergillus oryzae__1_30_CL3_769_8#19#2024_A_18A_23.OKA","8/19/2024 7:16:29 PM","18-A","PM01","","NRRL 5592","Aspergillus oryzae","",83.7500,"24.7067","248.5342","191.4769","65.0574","49.0084","163.8256","77.8253","160.4039","88.5760","187.8749","179.2298","126.6325","36.2448","170.9146","173.2605","32.8515","42.9436","83.5455","31.2201","266.2459","54.1374","48.4058","172.8941","109.4136","51.8718","26.6840","64.3672","254.9027","57.8682","40.0609","185.8027","89.9848","153.8808","150.7829","103.7423","43.5417","84.0141","21.7850","22.0019","23.7106","63.7041","61.0730","34.6147","33.3584","51.3455","51.4577","175.6149","44.2671","146.5688","31.9314","26.6837","57.1663","52.4992","14.9581","29.4165","124.1627","183.3315","166.2742","32.8403","54.0836","55.9075","19.1942","77.6383","38.3797","49.3666","24.0866","39.6067","38.0388","23.8807","27.1396","171.8548","64.5171","61.6003","21.6330","81.5755","105.0422","142.9399","129.1048","23.3332","22.1267","37.6882","60.8693","70.5330","62.5613","80.9600","115.7088","141.9306","188.4302","64.8422","182.6643","38.7740","45.2993","141.0827","127.0653","173.4285","45.1045"
"C:\Users\cfg364\Sommerlab Dropbox\Casper van der Luijt\Casper\Data\BioLog\OmniLog\CL3\DATA_2024\08\_NRRL 5592_Aspergillus oryzae__1_30_CL3_769_8#19#2024_A_18A_23.OKA","8/19/2024 7:16:29 PM","18-A","PM01","","NRRL 5592","Aspergillus oryzae","",84.0000,"27.9153","246.1111","191.7517","66.5309","48.9453","166.4870","76.2829","163.1589","91.3031","187.0091","181.3553","124.7390","36.4896","176.2639","173.3825","34.6009","45.7199","82.2455","37.2987","266.8133","54.7054","49.6104","173.7605","107.8725","54.2974","30.0895","69.4526","254.4127","57.1673","38.4569","183.8411","88.7251","149.0031","149.7612","110.8299","46.0903","82.0104","21.4697","22.8832","23.0906","64.1488","61.7245","36.5666","35.3164","51.7871","55.0446","171.0360","44.5151","148.2319","29.2871","26.2215","54.7514","54.9311","15.4838","28.5320","126.3747","184.6304","163.0548","28.9470","56.0608","56.7641","18.6605","75.7898","39.1359","51.9635","25.7772","43.2968","39.7782","23.1581","25.0551","173.7966","64.5488","65.1823","22.6228","86.1226","107.0886","145.9469","130.0861","24.6716","23.7346","39.8590","63.6703","75.3783","64.3762","82.8573","116.7153","145.5235","189.4784","65.8347","183.0820","42.6636","47.3073","141.4423","129.4968","172.0495","46.3952"
"C:\Users\cfg364\Sommerlab Dropbox\Casper van der Luijt\Casper\Data\BioLog\OmniLog\CL3\DATA_2024\08\_NRRL 5592_Aspergillus oryzae__1_30_CL3_769_8#19#2024_A_18A_23.OKA","8/19/2024 7:16:29 PM","18-A","PM01","","NRRL 5592","Aspergillus oryzae","",84.2500,"27.2299","250.2651","191.2633","67.9429","50.1124","168.0583","78.6752","161.6389","93.3885","188.2276","180.4353","134.2689","35.7858","173.8551","168.8693","37.5165","42.1139","83.7040","31.9130","267.1601","52.9067","47.3914","174.0493","106.1465","53.4788","28.0275","69.2105","251.0137","58.8878","40.8157","183.6829","93.8900","151.5053","150.4317","109.7810","46.4011","86.1089","22.1950","23.7646","23.9276","65.9279","60.0182","36.2466","36.1059","54.6892","51.8455","171.8100","45.5692","148.6015","29.3190","28.0394","56.6332","53.3410","18.6997","27.9949","127.1964","183.2048","165.3084","34.9610","53.4458","56.8558","20.8582","73.3559","39.4510","50.6650","26.3094","42.7922","40.3158","24.1320","28.6873","173.6087","65.1191","64.8813","25.8798","84.8911","108.5054","145.5480","129.5796","24.8310","24.6028","41.1360","63.6703","71.4697","66.6447","83.7909","116.6209","144.2517","193.3014","66.3620","183.7245","37.8418","50.1251","140.8538","127.2274","170.0795","48.9441"
"C:\Users\cfg364\Sommerlab Dropbox\Casper van der Luijt\Casper\Data\BioLog\OmniLog\CL3\DATA_2024\08\_NRRL 5592_Aspergillus oryzae__1_30_CL3_769_8#19#2024_A_18A_23.OKA","8/19/2024 7:16:29 PM","18-A","PM01","","NRRL 5592","Aspergillus oryzae","",84.5000,"30.1548","245.0001","191.8692","68.6354","47.1924","170.5867","77.0978","161.6980","93.6808","187.8699","178.8606","134.3153","35.4686","172.6246","172.5858","34.9907","41.6513","82.9046","28.6069","267.3341","54.8485","48.5986","176.0405","107.4515","51.0014","30.5291","69.2669","254.5007","55.6343","40.0708","186.0949","85.7632","150.2017","153.1523","110.2884","43.0444","85.2718","23.1456","25.3109","24.0263","64.3411","54.0606","35.1836","32.6290","46.7815","50.0655","171.7873","42.0126","147.2330","29.5421","28.3626","54.6212","49.1829","15.9713","28.4066","126.6331","180.7717","165.4257","32.5198","50.5103","55.8175","17.7745","78.7603","38.6142","51.9431","26.1708","42.6516","40.8130","22.6667","27.4956","172.7049","61.3121","59.3175","21.6681","84.3196","105.3815","147.6633","131.0278","22.1354","26.7419","39.9977","58.9833","71.5471","60.2758","82.2307","119.6946","144.1364","190.8804","68.0077","183.9405","33.3259","47.1385","141.6218","124.5085","171.4867","47.3295"
"C:\Users\cfg364\Sommerlab Dropbox\Casper van der Luijt\Casper\Data\BioLog\OmniLog\CL3\DATA_2024\08\_NRRL 5592_Aspergillus oryzae__1_30_CL3_769_8#19#2024_A_18A_23.OKA","8/19/2024 7:16:29 PM","18-A","PM01","","NRRL 5592","Aspergillus oryzae","",84.7500,"24.8856","250.6621","189.6710","67.3478","43.9310","165.7924","75.9941","162.1421","90.0511","187.3257","180.7278","129.4284","37.7041","174.9720","172.7076","35.1439","43.5990","83.6645","32.2421","267.9665","55.6028","51.3497","174.5424","106.3671","52.2173","24.4164","66.7546","252.1715","60.3948","37.5880","185.0190","88.8691","150.1700","152.5189","108.5103","45.4998","85.4539","22.1045","27.2775","23.1269","61.6516","57.7873","35.0560","32.2484","49.0654","50.0329","171.9161","42.5103","146.3701","28.6485","28.8831","54.3693","51.8497","18.6268","25.8019","126.1272","180.7083","165.3293","31.4406","51.6959","56.7372","15.1277","78.0228","37.5388","52.6830","29.0990","41.8965","42.8907","21.3145","24.0828","172.3290","61.7596","62.0473","21.5723","81.5583","106.3889","142.3311","126.9922","22.8713","27.7057","39.1619","62.8931","69.3684","61.8106","84.2831","121.1095","141.3071","188.2460","67.6977","185.9906","35.9430","48.7605","140.9396","124.3463","169.7738","47.6507"
"C:\Users\cfg364\Sommerlab Dropbox\Casper van der Luijt\Casper\Data\BioLog\OmniLog\CL3\DATA_2024\08\_NRRL 5592_Aspergillus oryzae__1_30_CL3_769_8#19#2024_A_18A_23.OKA","8/19/2024 7:16:29 PM","18-A","PM01","","NRRL 5592","Aspergillus oryzae","",85.0000,"28.4343","251.6471","187.2906","69.6725","46.5329","166.3484","75.4747","160.7943","93.7751","189.9776","179.9874","131.3052","31.4941","174.0774","173.1767","36.8922","45.8538","83.4809","26.9760","266.9347","56.1489","49.6048","174.5750","106.2800","54.6706","28.3246","69.1101","253.4492","59.6450","38.5164","183.9385","87.8993","150.6556","153.3839","109.7930","46.5983","82.3089","21.9460","20.4844","21.3765","65.0270","56.3753","37.9427","34.3916","48.8158","49.4655","173.6202","41.9375","146.1377","27.9923","26.2468","56.7576","51.6181","16.7829","28.0025","128.2381","186.0890","167.4082","36.3157","52.5681","59.9785","18.9030","77.7567","37.3979","54.5724","26.6075","41.5543","41.2249","22.6201","28.3978","174.7264","62.6420","62.7628","25.2553","82.0440","107.3363","144.1568","131.5011","25.1741","28.0946","37.4362","64.4225","75.0225","63.2335","82.9022","125.1870","141.1640","190.2464","65.5278","184.8913","33.3138","48.5066","139.8573","124.6498","171.6302","48.8799"
"C:\Users\cfg364\Sommerlab Dropbox\Casper van der Luijt\Casper\Data\BioLog\OmniLog\CL3\DATA_2024\08\_NRRL 5592_Aspergillus oryzae__1_30_CL3_769_8#19#2024_A_18A_23.OKA","8/19/2024 7:16:29 PM","18-A","PM01","","NRRL 5592","Aspergillus oryzae","",85.2500,"28.8376","248.7289","189.4386","67.3109","45.7088","165.3849","73.8890","161.8654","92.6852","189.0518","180.5886","135.7013","33.7371","176.7615","171.2224","36.0342","44.4839","83.6704","29.1358","268.5135","55.0439","50.8339","174.5429","108.2295","54.3067","26.1942","68.4439","253.1422","56.3405","40.9923","183.4615","89.4790","151.0049","152.5612","109.5397","48.4047","86.0732","25.3843","23.2291","23.0330","60.8122","58.8702","37.0828","34.5496","48.3407","50.6969","174.2957","40.9063","148.4783","30.1602","28.4645","55.1257","51.4926","16.5974","27.3998","126.6876","186.2782","164.8710","35.9053","51.8956","55.0868","19.5642","79.1737","38.2863","54.4183","27.4833","39.4920","41.8840","26.5565","28.3978","172.9107","65.0211","62.4298","20.0017","85.1095","108.2126","144.0330","130.9944","22.1163","27.3916","40.9332","65.9985","75.8289","66.1318","83.0227","123.0893","139.0853","190.4017","65.8698","185.0833","35.5841","48.2161","139.4321","122.3579","172.3216","49.3297"
"C:\Users\cfg364\Sommerlab Dropbox\Casper van der Luijt\Casper\Data\BioLog\OmniLog\CL3\DATA_2024\08\_NRRL 5592_Aspergillus oryzae__1_30_CL3_769_8#19#2024_A_18A_23.OKA","8/19/2024 7:16:29 PM","18-A","PM01","","NRRL 5592","Aspergillus oryzae","",85.5000,"27.1624","251.6471","192.5072","70.4699","46.1208","167.1513","73.4133","165.5197","93.7431","189.4987","182.7722","135.3608","35.7958","173.7029","175.1310","33.1846","47.5105","82.6913","30.6921","267.5978","54.6650","52.9138","175.3765","105.5682","55.2772","24.8784","69.2009","253.8484","57.9927","42.9353","181.4579","91.3115","152.7831","152.4346","108.9064","44.8231","83.9786","22.6084","18.8681","20.8139","63.1751","60.9596","38.5159","35.2451","49.1958","52.4468","173.1054","42.2188","150.3877","27.3866","26.4624","55.9417","51.9945","18.0818","28.8590","126.4028","183.1252","170.5557","34.9899","55.8987","55.8817","19.8476","75.8775","36.6364","54.9730","29.1410","40.8563","44.1438","21.5809","28.4294","176.3856","67.0830","58.8882","20.3540","85.4256","107.4927","143.3522","128.2392","26.4800","30.2993","41.8636","65.8055","73.0228","64.3407","86.9068","127.2848","144.3622","186.6758","65.5900","186.8113","35.2598","50.0237","139.2686","123.0454","168.9964","46.6630"
"C:\Users\cfg364\Sommerlab Dropbox\Casper van der Luijt\Casper\Data\BioLog\OmniLog\CL3\DATA_2024\08\_NRRL 5592_Aspergillus oryzae__1_30_CL3_769_8#19#2024_A_18A_23.OKA","8/19/2024 7:16:29 PM","18-A","PM01","","NRRL 5592","Aspergillus oryzae","",85.7500,"29.0858","250.9254","189.1625","68.7524","45.0431","165.7703","73.3498","164.7006","94.0316","189.1475","179.5443","134.4011","33.2148","177.1985","177.2074","37.4744","45.3122","83.2598","29.2946","264.9137","53.8126","53.2290","175.5048","105.8467","55.0952","27.5100","70.6544","253.1422","57.2620","40.0834","185.6876","86.6356","148.4328","155.9151","112.0095","44.7297","84.4946","23.8702","22.4057","21.9079","62.2491","56.1570","39.5987","32.2105","51.4128","52.1228","175.5504","41.9063","148.7246","30.7978","27.4172","54.0272","50.6144","15.6387","29.3031","127.0990","189.4628","165.2243","34.9899","51.6394","55.3619","16.1008","77.5718","39.1112","52.0763","28.1088","42.9186","39.0906","24.9819","25.4298","174.2256","66.0996","60.1595","22.5324","87.5114","106.3034","141.9287","129.1576","21.2563","27.2638","39.0403","64.4547","75.1838","63.3312","83.7453","126.6273","143.4667","188.2593","63.9113","185.0513","36.2003","47.3769","137.2409","123.2419","169.1610","48.1088"
"C:\Users\cfg364\Sommerlab Dropbox\Casper van der Luijt\Casper\Data\BioLog\OmniLog\CL3\DATA_2024\08\_NRRL 5592_Aspergillus oryzae__1_30_CL3_769_8#19#2024_A_18A_23.OKA","8/19/2024 7:16:29 PM","18-A","PM01","","NRRL 5592","Aspergillus oryzae","",86.0000,"29.3650","249.1996","190.4206","68.8137","43.5533","168.1790","74.6184","161.2668","93.9354","188.9560","178.6899","136.4134","30.8489","175.9501","175.3447","34.1651","41.8714","86.3233","29.3264","267.0926","56.0542","53.6071","176.0818","106.8370","53.3362","23.8446","67.0812","252.0370","58.3105","39.5506","180.9809","88.5628","147.3214","153.7319","108.4315","45.0723","84.3732","24.7850","22.2532","16.2508","67.0706","56.8431","37.1783","39.8918","48.9425","47.0027","173.2341","41.2500","148.2627","28.7575","27.5712","54.4039","52.0886","15.7006","29.3665","131.3075","187.2241","167.6009","35.0846","50.5825","58.6944","16.5101","76.3704","37.5883","53.7712","27.0141","41.0467","39.1220","21.9588","24.4825","176.5734","67.3050","63.3985","22.8848","83.2766","105.3019","140.9694","125.5790","23.9000","25.3786","36.8587","63.8757","72.7326","59.8143","83.9260","129.7583","143.9464","187.4520","64.7817","184.9553","33.7679","44.1814","139.9227","122.3251","172.8483","47.4020"
"C:\Users\cfg364\Sommerlab Dropbox\Casper van der Luijt\Casper\Data\BioLog\OmniLog\CL3\DATA_2024\08\_NRRL 5592_Aspergillus oryzae__1_30_CL3_769_8#19#2024_A_18A_23.OKA","8/19/2024 7:16:29 PM","18-A","PM01","","NRRL 5592","Aspergillus oryzae","",86.2500,"33.0255","247.3482","189.3773","71.5434","45.8355","167.6973","75.4430","162.4009","97.3978","191.2866","179.8608","137.9613","38.2538","173.9214","173.4515","36.8922","45.7582","85.3126","30.2792","267.9767","53.4968","55.2459","177.1078","112.1595","52.8207","28.6692","69.4735","252.8966","57.6432","41.3057","184.3519","89.1315","149.2266","154.8393","112.1679","44.2936","85.7089","22.7346","21.7043","19.6575","62.4726","58.6831","36.4777","35.7508","53.2181","51.7987","176.0007","42.1563","148.9094","28.4068","25.8772","57.8247","53.1550","16.1026","28.9225","130.1683","185.3638","165.4491","36.8838","52.6001","59.2142","18.5252","77.7259","41.7130","55.0654","24.6996","39.1747","43.7672","21.6439","29.6608","175.9786","65.7190","63.9736","25.5756","83.7822","109.9966","145.3327","128.3025","23.6771","32.2484","38.7195","64.7441","74.8935","65.2525","89.7070","127.9423","142.0915","187.7004","69.5071","185.2433","38.9895","48.2161","141.5906","124.0605","169.9840","49.3939"
"C:\Users\cfg364\Sommerlab Dropbox\Casper van der Luijt\Casper\Data\BioLog\OmniLog\CL3\DATA_2024\08\_NRRL 5592_Aspergillus oryzae__1_30_CL3_769_8#19#2024_A_18A_23.OKA","8/19/2024 7:16:29 PM","18-A","PM01","","NRRL 5592","Aspergillus oryzae","",86.5000,"24.8978","250.2037","189.2238","71.9728","47.5789","167.6330","75.6015","164.5116","97.2054","190.5523","176.8861","138.8901","33.7986","175.6380","173.9706","36.3407","42.1263","85.6600","30.2792","267.6294","53.0233","51.6533","175.8895","105.5682","52.6387","27.6667","70.0791","254.1247","57.8974","42.6846","182.4756","88.9735","149.7029","151.5487","110.7746","44.6985","83.6143","23.3339","22.0702","24.0957","64.0372","58.1841","35.3312","34.3916","49.2592","51.8635","173.5880","41.4688","147.4004","32.8382","26.5240","54.6235","53.1550","16.9685","27.4633","130.8645","188.4223","168.1469","35.1793","53.1766","55.5759","17.4232","77.2946","38.7940","53.0008","27.9212","39.5237","43.8613","21.9903","27.7348","174.6638","67.7174","64.3974","23.0770","83.7822","109.8088","141.8359","130.6460","23.2948","27.6792","38.5591","66.0628","73.4099","62.8102","86.6057","129.6331","145.2577","189.3149","69.0407","186.2033","33.1841","45.6662","139.4975","123.3074","172.3216","45.9240"
"C:\Users\cfg364\Sommerlab Dropbox\Casper van der Luijt\Casper\Data\BioLog\OmniLog\CL3\DATA_2024\08\_NRRL 5592_Aspergillus oryzae__1_30_CL3_769_8#19#2024_A_18A_23.OKA","8/19/2024 7:16:29 PM","18-A","PM01","","NRRL 5592","Aspergillus oryzae","",86.7500,"30.6058","250.7685","191.5867","71.5741","44.9163","168.1790","71.7641","163.0625","93.6148","186.0188","182.4241","139.7569","35.0891","176.2622","178.0930","36.6164","45.0892","83.7019","28.3418","265.2295","55.5806","52.1260","175.6009","105.3207","57.2787","25.4737","70.5939","254.0940","59.8038","42.3399","184.0657","86.3197","148.5915","150.2514","113.3078","46.5672","83.6750","24.5326","18.7766","19.9388","67.5496","57.6228","38.4204","33.3801","50.5894","53.4190","177.1589","45.5625","148.3243","30.4153","28.6493","54.3725","49.6734","16.9685","25.5917","130.8645","187.6025","165.5776","35.2740","54.9699","58.0829","20.3199","78.1263","38.6353","49.7652","27.4520","41.3957","44.1752","23.0295","28.4926","178.6396","67.1147","60.6136","21.2830","84.2878","103.8308","143.7854","130.3294","22.1800","29.9798","37.7249","67.1563","75.4096","61.0192","85.8831","128.5685","147.5283","188.3214","68.4190","182.5232","33.6706","46.0535","136.8484","124.1587","172.0911","45.0565"
"C:\Users\cfg364\Sommerlab Dropbox\Casper van der Luijt\Casper\Data\BioLog\OmniLog\CL3\DATA_2024\08\_NRRL 5592_Aspergillus oryzae__1_30_CL3_769_8#19#2024_A_18A_23.OKA","8/19/2024 7:16:29 PM","18-A","PM01","","NRRL 5592","Aspergillus oryzae","",87.0000,"31.7226","249.4820","191.8321","71.2367","44.9163","170.9089","77.2507","163.5980","98.1351","190.9993","180.6519","140.8714","35.4885","178.0724","177.2685","36.1262","42.5086","81.8386","30.6603","268.0083","54.5387","53.5126","176.3704","106.3109","56.5205","29.9223","71.2298","252.5589","55.8639","41.6817","183.8431","86.8251","149.9252","153.6686","109.6347","43.4839","87.5607","18.1922","21.0944","20.4389","64.1968","59.6498","42.0191","35.4980","53.9466","53.4838","173.5558","43.0313","148.0779","31.9137","27.4788","56.3810","54.6292","19.1642","28.6687","128.7760","187.3187","167.1834","35.1477","55.3222","55.3313","18.6826","79.9131","38.1594","51.0903","26.0758","42.3475","46.2153","20.5732","27.7032","173.7560","68.7642","64.6699","24.0380","87.7010","108.4004","141.9906","125.9274","24.6645","26.1774","39.3611","67.9604","73.5389","62.3869","89.5565","131.9187","144.5861","190.3396","65.0304","183.7713","32.4381","48.1516","138.2547","123.7003","171.5643","48.3016"
"C:\Users\cfg364\Sommerlab Dropbox\Casper van der Luijt\Casper\Data\BioLog\OmniLog\CL3\DATA_2024\08\_NRRL 5592_Aspergillus oryzae__1_30_CL3_769_8#19#2024_A_18A_23.OKA","8/19/2024 7:16:29 PM","18-A","PM01","","NRRL 5592","Aspergillus oryzae","",87.2500,"26.7869","248.6949","188.6347","68.9728","48.6586","168.2251","75.6318","163.1305","91.6362","186.6645","181.1642","144.5785","35.9149","179.2285","182.3911","35.0445","42.3881","83.7629","33.8919","267.4639","52.8747","48.6478","178.7278","106.8318","53.5787","25.1004","71.5078","254.5355","56.5142","41.7255","186.8894","91.2320","150.9317","156.5627","109.0354","50.1224","84.4568","21.9257","26.2943","25.0445","64.8719","60.5631","39.0876","34.8764","51.3012","54.9008","173.7838","42.9077","152.6154","29.4326","29.8303","57.4488","56.1689","16.9807","29.0098","132.9984","187.8916","166.3953","31.1317","55.6966","61.4969","20.3221","79.7687","41.9569","49.6167","27.9513","42.4217","44.3592","22.5094","28.0253","177.9777","65.7710","64.8058","18.5520","86.8467","106.8380","142.4041","125.5964","22.9986","24.0457","41.7294","65.7796","75.1400","61.3740","90.8797","134.2069","147.2249","189.9964","68.5414","185.2757","38.0584","46.4464","141.5983","123.4875","169.6803","46.8620"
"C:\Users\cfg364\Sommerlab Dropbox\Casper van der Luijt\Casper\Data\BioLog\OmniLog\CL3\DATA_2024\08\_NRRL 5592_Aspergillus oryzae__1_30_CL3_769_8#19#2024_A_18A_23.OKA","8/19/2024 7:16:29 PM","18-A","PM01","","NRRL 5592","Aspergillus oryzae","",87.5000,"29.4024","248.9762","189.4274","71.6570","47.2393","167.7135","75.1234","164.8973","90.0893","188.1128","179.1437","142.5719","36.5616","176.5775","179.6575","34.9527","44.5274","81.1302","32.0921","265.0977","55.5906","44.3870","176.6476","107.1107","54.8204","24.2803","73.0739","252.7892","58.0070","41.3167","184.9558","90.5086","151.0269","152.7088","111.2260","51.3276","86.6708","24.2872","26.7486","24.6405","67.3192","57.1139","39.4689","37.4064","50.4457","55.7743","169.3624","43.5004","150.8944","29.1461","28.3582","54.6327","55.5758","17.2596","30.8424","132.5235","185.5271","164.8854","29.4727","56.0150","59.3396","22.1365","78.2785","40.9113","52.3353","29.1064","42.7065","43.4169","21.9434","26.0669","175.4383","63.8308","63.6623","20.9301","89.0831","102.4374","141.0131","126.7071","22.7412","23.3048","41.1858","67.6752","72.9718","62.8412","90.6385","135.2677","150.2919","188.1661","67.8280","183.4111","37.9294","48.5239","140.8793","127.8905","170.1104","48.0853"
"C:\Users\cfg364\Sommerlab Dropbox\Casper van der Luijt\Casper\Data\BioLog\OmniLog\CL3\DATA_2024\08\_NRRL 5592_Aspergillus oryzae__1_30_CL3_769_8#19#2024_A_18A_23.OKA","8/19/2024 7:16:29 PM","18-A","PM01","","NRRL 5592","Aspergillus oryzae","",87.7500,"30.5857","250.1641","192.4155","68.0163","47.9648","168.9604","76.7122","164.6449","93.5055","186.6967","181.9850","145.1959","33.1123","175.6731","179.4449","35.5645","44.1762","84.0484","29.8187","268.7890","52.8747","47.6303","175.7195","103.5476","55.7894","26.0468","71.5981","255.2402","54.8943","39.5870","186.5724","88.7474","147.9801","152.2665","112.2419","45.9815","84.8814","23.2166","23.8714","22.1237","66.1750","62.4587","36.3551","36.9952","51.2695","50.4040","174.2356","41.9097","153.4760","30.3876","28.7262","56.9742","56.0129","16.6708","28.6939","130.4660","187.3241","164.2429","29.9832","56.7472","57.2432","20.1344","76.9745","36.6654","53.4784","30.9170","41.3142","40.9981","21.8176","26.8881","173.3691","67.2023","65.4378","21.3478","84.7049","104.7320","142.0023","125.3108","19.0419","24.2390","38.8516","65.5547","76.2402","61.3088","90.8496","134.7997","145.1803","189.3449","65.0672","183.2504","35.8331","44.7260","140.5198","122.6396","166.2732","47.3449"
"C:\Users\cfg364\Sommerlab Dropbox\Casper van der Luijt\Casper\Data\BioLog\OmniLog\CL3\DATA_2024\08\_NRRL 5592_Aspergillus oryzae__1_30_CL3_769_8#19#2024_A_18A_23.OKA","8/19/2024 7:16:29 PM","18-A","PM01","","NRRL 5592","Aspergillus oryzae","",88.0000,"27.2228","248.3823","192.9643","70.4537","46.9870","168.0332","72.7402","162.2156","92.4742","189.8830","182.6480","147.4804","34.1594","176.7023","180.1435","35.3504","43.5376","85.9832","35.9443","265.1923","52.6221","47.4077","177.3517","103.9194","54.9718","22.5769","73.4956","252.8199","56.3554","42.6061","181.2155","88.2441","152.5503","157.2892","112.9403","49.6897","82.7584","22.6814","25.5977","20.2283","64.8719","58.7919","41.2164","34.8764","49.3051","53.9626","172.2993","42.5023","153.4760","30.9607","30.1983","55.3288","55.1700","15.1524","29.4206","132.5552","187.2926","166.1383","33.5884","54.3277","59.2181","19.5400","78.6200","40.3409","50.6362","25.1729","41.2826","41.0924","23.4843","25.4352","177.0372","66.2799","64.2040","20.2873","84.8939","105.8007","141.1986","127.9766","20.2000","22.1774","40.7701","66.5829","75.0105","62.1891","91.1210","136.1413","149.0779","188.5693","67.9210","185.1793","36.3491","46.1867","137.8398","125.7379","169.8457","48.4072"
"C:\Users\cfg364\Sommerlab Dropbox\Casper van der Luijt\Casper\Data\BioLog\OmniLog\CL3\DATA_2024\08\_NRRL 5592_Aspergillus oryzae__1_30_CL3_769_8#19#2024_A_18A_23.OKA","8/19/2024 7:16:29 PM","18-A","PM01","","NRRL 5592","Aspergillus oryzae","",88.2500,"27.0360","248.7262","194.3973","66.2269","49.4471","167.8095","75.8860","163.3513","91.7007","186.4714","183.9108","148.4682","35.7609","176.0785","180.6598","35.7175","45.6450","84.5876","35.6285","264.6560","56.5064","49.3791","178.2797","106.1502","57.6973","26.5199","74.9714","254.4743","57.7211","41.1595","182.4200","93.6852","151.8521","154.2882","111.0672","48.7627","83.9412","24.8224","25.0223","23.2734","65.2215","58.6365","41.5342","37.6910","50.4140","54.0273","170.1693","43.0637","149.0197","32.0431","27.5608","54.6327","56.2001","15.3073","30.2421","132.2386","188.7428","165.9456","34.0032","58.5300","61.5880","20.8852","78.5268","40.4677","52.3662","28.9191","42.3901","43.1656","24.0818","28.3096","172.8361","66.7888","64.6253","20.3516","88.4216","103.3175","142.6205","123.5971","20.0391","25.2375","40.7701","66.0367","74.8163","58.8308","95.6140","137.8885","151.1225","190.3686","67.3937","183.3790","40.6707","48.7186","138.2974","126.4228","168.6880","46.3791"
"C:\Users\cfg364\Sommerlab Dropbox\Casper van der Luijt\Casper\Data\BioLog\OmniLog\CL3\DATA_2024\08\_NRRL 5592_Aspergillus oryzae__1_30_CL3_769_8#19#2024_A_18A_23.OKA","8/19/2024 7:16:29 PM","18-A","PM01","","NRRL 5592","Aspergillus oryzae","",88.5000,"25.0743","251.8208","192.5984","67.2759","46.9239","167.1701","75.4411","163.8246","95.1169","188.4669","182.9321","146.9556","34.5906","177.3572","180.5687","36.3599","47.1458","84.5876","31.2712","268.5366","55.6853","47.5667","181.0640","106.6459","54.8809","26.8038","71.2066","252.2684","58.8645","39.4298","184.5121","88.4957","149.1226","154.2567","113.9880","48.0519","83.0010","26.1133","21.9332","23.3044","64.1727","59.6931","39.0241","34.5285","49.8121","54.2538","173.2674","41.9408","153.2916","30.4831","30.5356","53.5886","52.4855","17.5695","28.0935","135.9423","190.6343","166.6845","34.4817","53.9457","56.2102","22.5744","78.5889","38.7250","49.1224","27.8576","44.4785","43.5425","22.5723","27.7410","177.9464","65.5165","65.7688","18.6805","86.4688","106.6179","143.2078","129.5633","18.6559","22.8861","40.0027","69.2174","73.5543","63.8519","94.1666","139.1053","150.7072","187.8869","69.8132","186.2080","37.0908","45.8297","138.3954","124.3681","168.4233","45.2846"
"C:\Users\cfg364\Sommerlab Dropbox\Casper van der Luijt\Casper\Data\BioLog\OmniLog\CL3\DATA_2024\08\_NRRL 5592_Aspergillus oryzae__1_30_CL3_769_8#19#2024_A_18A_23.OKA","8/19/2024 7:16:29 PM","18-A","PM01","","NRRL 5592","Aspergillus oryzae","",88.7500,"26.7869","247.7259","195.8608","68.7568","44.1169","167.1701","74.7738","163.3198","96.3416","188.2738","183.6898","149.0548","32.2500","175.2052","179.5361","34.5856","46.5071","81.6060","32.4710","266.1388","54.7063","47.7574","181.0960","107.9162","55.4866","25.9521","72.7727","251.8701","55.9425","39.4298","187.0479","86.9861","153.4389","155.1411","115.3214","50.2460","88.5815","23.2481","24.4469","22.0926","68.5587","61.2157","41.2482","36.7422","52.8537","54.0920","174.3324","42.8766","150.1568","28.2865","27.9289","54.9492","56.0753","15.9271","27.8408","133.7897","188.0492","167.6161","31.9613","54.8689","58.2762","21.2918","77.0676","41.7668","50.3890","28.9815","42.7381","41.3751","22.2264","26.8250","174.1842","65.7074","65.4077","19.9017","83.3190","104.0719","145.2789","127.4688","16.4685","24.8510","40.6742","66.7756","70.2858","59.6460","98.9009","142.5996","156.2980","189.6241","66.4941","185.3722","35.2203","49.1082","138.9510","125.0204","167.9933","45.3168"
"C:\Users\cfg364\Sommerlab Dropbox\Casper van der Luijt\Casper\Data\BioLog\OmniLog\CL3\DATA_2024\08\_NRRL 5592_Aspergillus oryzae__1_30_CL3_769_8#19#2024_A_18A_23.OKA","8/19/2024 7:16:29 PM","18-A","PM01","","NRRL 5592","Aspergillus oryzae","",89.0000,"25.9188","249.6003","193.1908","73.8929","43.1671","167.6536","76.1458","162.8558","97.6461","189.7332","179.6629","150.9678","36.0235","178.6123","176.9419","29.9334","46.4167","81.7115","28.6184","266.4052","54.8294","50.5754","178.1942","109.3382","52.6421","24.2606","68.4110","254.7820","55.0328","46.0235","185.9181","88.0670","151.9197","152.9954","115.8209","45.5412","85.5454","25.2472","24.4108","19.8041","64.1050","57.3165","35.9137","36.5088","50.5401","52.9037","170.2129","42.7754","151.9899","30.8613","26.7304","55.9361","53.4749","15.4238","28.2173","134.0888","186.4114","165.4027","33.8286","52.6799","53.9793","21.6039","80.1537","39.3460","53.1287","28.0062","40.8875","44.2622","23.2838","28.0025","172.9332","63.5435","62.2832","22.1893","84.9557","103.2724","147.2765","127.6567","21.7038","25.4438","38.2782","70.9310","73.1651","61.8241","94.8537","138.1710","153.9424","191.0369","68.2253","181.0191","39.6120","44.9363","136.2032","125.6815","171.6009","46.2883"
"C:\Users\cfg364\Sommerlab Dropbox\Casper van der Luijt\Casper\Data\BioLog\OmniLog\CL3\DATA_2024\08\_NRRL 5592_Aspergillus oryzae__1_30_CL3_769_8#19#2024_A_18A_23.OKA","8/19/2024 7:16:29 PM","18-A","PM01","","NRRL 5592","Aspergillus oryzae","",89.2500,"27.4418","250.9163","191.5747","74.0759","44.9454","164.7509","73.1673","163.3304","98.0928","187.6662","180.2332","146.9901","32.7034","177.4529","180.0682","32.5502","48.6005","83.5866","30.8405","266.0570","56.3767","51.4309","179.4113","107.3004","49.8334","28.6599","69.8714","255.2116","55.2888","42.4931","182.1520","90.0785","152.0775","150.8960","115.8841","45.4477","86.3669","23.7409","20.7228","19.1485","64.4244","58.0036","37.4449","35.5302","51.6199","55.9981","171.1529","42.9933","151.3746","33.2129","25.4943","55.0526","51.5927","15.3927","26.2795","134.5638","187.6772","167.5823","34.2419","55.4350","54.4401","20.6683","77.5879","42.9923","53.9879","28.7226","44.0319","40.9833","24.3519","26.0078","173.7204","62.4282","65.1156","22.7327","87.3608","105.5352","141.9069","127.2139","24.1250","25.1228","37.1202","69.4239","75.7527","61.3028","96.7339","139.3303","149.7326","189.7955","65.2971","182.4554","38.5189","47.7941","137.3220","126.2686","170.1199","46.5450"
"C:\Users\cfg364\Sommerlab Dropbox\Casper van der Luijt\Casper\Data\BioLog\OmniLog\CL3\DATA_2024\08\_NRRL 5592_Aspergillus oryzae__1_30_CL3_769_8#19#2024_A_18A_23.OKA","8/19/2024 7:16:29 PM","18-A","PM01","","NRRL 5592","Aspergillus oryzae","",89.5000,"31.1715","252.1696","194.5324","76.5465","46.5331","166.3958","78.8707","166.2733","98.8903","189.4425","181.9442","150.7814","38.0832","177.8915","180.4667","35.5672","49.5184","84.9849","30.6818","268.5575","58.4292","53.7123","177.1372","111.4377","59.4197","28.0943","71.2405","254.3218","60.0569","46.2110","185.5067","90.6757","153.8449","154.0451","115.3156","48.3781","86.9754","26.0317","25.0204","22.6139","67.6496","58.7844","39.8373","35.4986","51.9057","57.0618","176.4038","45.0162","154.1741","32.1642","29.4191","61.4901","53.1926","18.9131","27.1690","135.8622","186.0316","169.7940","36.0224","57.9980","57.5122","24.1926","86.0273","42.1045","55.3073","30.4045","44.4766","45.5234","24.1006","27.8442","176.6801","66.3156","67.6466","27.3683","86.2848","107.2323","146.2890","129.4597","24.9851","27.7869","38.4069","69.8728","74.1355","64.7562","98.6142","147.4136","157.0040","192.1541","67.9450","187.5620","39.9656","46.4627","142.0603","127.3123","170.5478","49.7851"
"C:\Users\cfg364\Sommerlab Dropbox\Casper van der Luijt\Casper\Data\BioLog\OmniLog\CL3\DATA_2024\08\_NRRL 5592_Aspergillus oryzae__1_30_CL3_769_8#19#2024_A_18A_23.OKA","8/19/2024 7:16:29 PM","18-A","PM01","","NRRL 5592","Aspergillus oryzae","",89.7500,"35.1003","251.3974","192.6878","77.7547","45.6686","169.3642","76.7233","166.8079","101.4187","192.0067","179.6523","153.3572","37.2950","180.2364","183.6467","37.6370","46.8049","83.3182","34.8200","267.7939","56.2094","52.3440","180.1970","109.2888","59.3595","27.7221","72.5667","254.3661","58.2610","42.4559","186.2316","90.2689","151.3777","153.1826","113.7413","46.3388","92.0374","29.3244","25.2184","22.7153","67.2309","62.9417","43.3432","37.2023","50.9981","54.1094","173.0139","43.7186","154.5790","34.4705","30.4020","56.7615","57.1572","18.5002","30.8903","134.4513","187.3204","170.4311","33.8331","52.2914","59.1514","21.8565","84.8075","39.0289","49.7204","31.6015","42.3481","37.7270","19.3364","33.7544","175.8959","67.4396","66.3441","22.1302","88.4272","106.1880","144.4234","130.7196","25.6739","28.5869","39.8978","69.0485","77.7497","63.5723","101.3524","144.2751","158.3626","191.9529","68.9095","184.2631","39.4063","47.5120","142.4732","123.8264","175.9293","49.9166"
"C:\Users\cfg364\Sommerlab Dropbox\Casper van der Luijt\Casper\Data\BioLog\OmniLog\CL3\DATA_2024\08\_NRRL 5592_Aspergillus oryzae__1_30_CL3_769_8#19#2024_A_18A_23.OKA","8/19/2024 7:16:29 PM","18-A","PM01","","NRRL 5592","Aspergillus oryzae","",90.0000,"32.4431","249.7979","192.3815","75.3106","44.6853","168.1768","76.2482","163.0263","94.1980","189.6750","181.2897","154.3467","35.6133","180.4868","178.7262","37.4230","44.9221","83.0011","29.7653","265.8989","55.7053","52.2493","179.4323","106.6583","54.7567","26.7163","72.0243","257.2838","56.3249","44.0569","187.7553","86.1617","152.7089","152.7088","120.2993","47.2106","90.1317","28.1027","22.2651","23.1527","65.9615","61.2402","40.8040","39.1234","51.4415","55.3087","172.5297","45.3033","149.3972","33.9328","28.5879","55.2445","56.1336","16.9506","27.8545","136.5057","191.4588","166.0381","33.3885","57.7734","55.8126","20.7302","86.0054","42.3265","53.0191","30.3295","44.5601","38.6147","23.0626","30.5889","172.3487","67.7898","63.4408","23.6698","90.0324","106.8759","143.9917","130.2146","21.9735","27.4336","41.0845","66.5625","75.0668","58.9556","99.4236","148.4863","158.2672","194.2529","67.1134","181.0640","39.7928","46.2138","141.8870","124.7076","169.1968","46.4167"
"C:\Users\cfg364\Sommerlab Dropbox\Casper van der Luijt\Casper\Data\BioLog\OmniLog\CL3\DATA_2024\08\_NRRL 5592_Aspergillus oryzae__1_30_CL3_769_8#19#2024_A_18A_23.OKA","8/19/2024 7:16:29 PM","18-A","PM01","","NRRL 5592","Aspergillus oryzae","",90.2500,"32.4740","253.0596","192.9635","74.6079","45.9541","170.3910","77.5785","163.1216","95.5080","194.2106","182.3288","157.0677","41.1169","178.6405","178.5122","37.9734","48.8792","90.3249","36.8734","266.8148","59.0133","51.6492","182.1089","106.5345","57.7243","26.6220","74.0433","256.7924","60.1337","44.8732","185.4697","87.8362","152.5822","155.6782","116.8144","48.2070","88.8612","31.7050","24.2746","22.4966","71.7687","62.0445","43.3432","38.2416","50.3964","58.6796","178.0496","47.3229","153.9004","36.2419","29.1106","60.5538","60.6624","15.8348","30.0681","135.2415","193.1832","168.5392","33.1662","55.1446","58.3856","21.8252","86.4354","43.4362","52.8958","31.0120","46.7090","41.9437","22.4626","29.6799","178.5955","66.2618","66.6162","23.6057","86.8850","107.9391","145.0401","129.8043","25.0040","28.9713","39.1922","65.7554","79.7215","62.7595","103.9744","149.4772","161.3856","188.3164","69.0334","186.3105","42.3049","48.1936","141.4962","127.8734","171.4629","49.8524"
"C:\Users\cfg364\Sommerlab Dropbox\Casper van der Luijt\Casper\Data\BioLog\OmniLog\CL3\DATA_2024\08\_NRRL 5592_Aspergillus oryzae__1_30_CL3_769_8#19#2024_A_18A_23.OKA","8/19/2024 7:16:29 PM","18-A","PM01","","NRRL 5592","Aspergillus oryzae","",90.5000,"32.5667","250.5819","189.5637","78.1519","46.8422","167.7918","79.0038","163.4077","95.8275","190.6971","181.2267","156.1710","37.4784","180.3929","184.7469","38.7380","52.6767","87.3764","34.6304","269.3098","57.8792","51.4596","182.8417","106.0084","57.0581","28.5394","71.8434","254.1511","61.9429","46.0661","186.7077","87.5202","154.3571","159.5636","118.5252","47.2418","85.8665","31.3291","23.9092","24.9334","68.8492","63.2201","42.4227","41.0130","53.9117","54.0445","173.3367","43.9050","153.3761","34.7236","28.3727","57.8044","60.0420","16.0518","30.3211","139.6979","191.0513","166.7115","36.8817","54.9523","59.4883","19.4474","88.2783","43.0874","54.4680","31.5085","47.5938","40.8657","23.6625","33.7544","174.8286","65.9435","62.9871","22.4509","88.5531","108.3457","144.7626","129.5518","24.5574","28.0423","41.0524","66.3365","78.7841","63.9299","102.6182","154.3078","158.1717","191.2070","73.1521","183.9112","38.6334","50.9198","139.3142","129.6684","171.5614","48.8891"
"C:\Users\cfg364\Sommerlab Dropbox\Casper van der Luijt\Casper\Data\BioLog\OmniLog\CL3\DATA_2024\08\_NRRL 5592_Aspergillus oryzae__1_30_CL3_769_8#19#2024_A_18A_23.OKA","8/19/2024 7:16:29 PM","18-A","PM01","","NRRL 5592","Aspergillus oryzae","",90.7500,"32.8139","251.7110","191.1870","74.9746","44.3047","169.7813","78.7504","165.7275","102.4411","192.8691","183.9032","156.9131","41.0558","178.7030","182.4853","38.3099","48.9111","85.9814","32.6086","264.8883","58.0367","53.1020","185.2315","108.8555","57.1489","27.3449","75.3994","252.4926","63.0220","42.8640","187.0569","87.7730","150.9974","157.8894","116.0857","47.9267","89.8292","26.8498","23.2090","24.5585","71.6735","64.7979","42.2957","38.7455","53.5633","55.1142","175.4995","44.8683","152.1423","33.0155","33.7843","56.8563","58.4600","19.6469","30.2894","141.5942","190.9259","169.1485","31.1973","53.5096","56.8234","22.3884","87.1726","41.1533","52.0634","34.7662","43.9281","42.9582","22.2731","32.3127","175.8331","66.8348","66.8884","26.1396","88.6790","106.9385","141.0932","129.2046","26.0886","30.0925","39.3205","67.6279","75.0345","62.4994","100.6593","147.3716","158.2990","194.7191","70.7366","184.0072","40.3081","50.5628","140.4540","130.4191","172.8750","49.3386"
"C:\Users\cfg364\Sommerlab Dropbox\Casper van der Luijt\Casper\Data\BioLog\OmniLog\CL3\DATA_2024\08\_NRRL 5592_Aspergillus oryzae__1_30_CL3_769_8#19#2024_A_18A_23.OKA","8/19/2024 7:16:29 PM","18-A","PM01","","NRRL 5592","Aspergillus oryzae","",91.0000,"34.5133","249.8293","194.4949","75.9216","43.6069","167.1499","76.9450","163.6937","100.4602","193.1885","181.7305","157.2223","38.9155","178.7030","182.1797","38.5239","48.8792","86.4252","33.0824","265.9621","56.6505","54.1759","183.5746","106.5964","60.3587","26.9049","71.8133","255.0725","61.8476","43.7744","187.4696","88.9419","149.4126","154.6357","118.5568","47.6465","86.4715","24.5945","25.0053","24.4023","69.6108","64.7360","45.1206","38.8714","52.5816","56.7348","171.5936","46.1733","154.8874","36.7164","33.1386","56.8879","58.9874","19.1820","28.8664","140.8040","192.9951","167.5773","33.4202","54.6637","55.5063","21.3872","89.0769","45.3703","50.6761","32.4703","46.2034","40.0414","20.2522","32.5634","176.5865","66.4209","64.5295","23.5415","90.1269","109.4714","143.5600","132.1716","24.4617","28.2025","41.2449","66.5948","75.7456","63.1821","102.0456","150.5300","159.0945","195.5272","71.8824","188.1660","39.6640","48.3883","141.6264","125.3277","169.5581","51.8110"
"C:\Users\cfg364\Sommerlab Dropbox\Casper van der Luijt\Casper\Data\BioLog\OmniLog\CL3\DATA_2024\08\_NRRL 5592_Aspergillus oryzae__1_30_CL3_769_8#19#2024_A_18A_23.OKA","8/19/2024 7:16:29 PM","18-A","PM01","","NRRL 5592","Aspergillus oryzae","",91.2500,"34.3588","253.6242","191.0645","76.7771","42.6553","170.4873","79.6690","164.8059","98.6071","193.7634","183.5569","160.0979","38.8237","180.4555","183.1271","36.3832","48.4324","84.4278","31.3765","268.7097","56.7450","50.4489","185.2953","108.7317","59.7531","28.2251","74.6159","257.2224","61.5302","43.9942","186.8030","89.7950","154.7691","153.9724","117.5431","50.7912","92.5516","28.9485","26.4972","26.3080","71.3562","63.8388","44.2954","37.4227","54.6401","55.4059","174.4342","45.1168","155.2267","35.5776","31.4167","60.5538","59.3596","18.0043","29.4673","142.6056","191.8037","167.4169","35.3256","52.8364","55.4144","22.7951","86.1590","46.1947","51.8168","33.2459","45.0657","40.8340","25.0204","33.5350","179.0663","68.9357","66.5255","24.1830","88.8994","111.4102","144.2693","131.4140","25.8334","30.0284","42.9127","68.5965","77.3295","64.4501","104.7580","151.5829","162.4357","193.3515","72.9043","187.7501","40.5980","48.5506","140.6820","127.7755","172.1854","48.9212"
"C:\Users\cfg364\Sommerlab Dropbox\Casper van der Luijt\Casper\Data\BioLog\OmniLog\CL3\DATA_2024\08\_NRRL 5592_Aspergillus oryzae__1_30_CL3_769_8#19#2024_A_18A_23.OKA","8/19/2024 7:16:29 PM","18-A","PM01","","NRRL 5592","Aspergillus oryzae","",91.5000,"30.3112","248.8570","192.9941","75.7078","44.5585","168.8186","75.8364","164.9330","98.5432","192.9010","183.5883","159.0156","39.2824","178.1085","181.6907","35.8939","49.1664","85.1887","33.7459","266.0569","56.9655","51.7755","182.2363","104.0277","56.9975","30.4882","75.7008","252.0934","60.0702","44.5906","186.9617","88.2469","152.1701","155.5202","116.4659","48.3315","91.0391","29.4497","22.0825","21.4344","68.5002","64.4266","45.0571","40.1312","52.0432","53.0721","172.5297","46.0490","152.8826","35.4195","29.3566","59.5109","59.8869","17.5084","32.6927","137.3274","193.6221","168.1224","33.3567","51.5540","56.6090","20.4799","90.2441","43.8801","51.8784","33.3080","44.4969","40.8023","18.3891","32.6261","174.6716","67.6624","63.1081","20.9755","88.1440","106.1255","147.1986","130.5303","23.2814","29.5159","40.2506","67.5634","75.8749","64.7102","103.1607","149.5392","159.5400","192.4191","73.7405","184.1671","36.9908","46.1814","140.2586","123.6306","170.6090","50.2377"
"C:\Users\cfg364\Sommerlab Dropbox\Casper van der Luijt\Casper\Data\BioLog\OmniLog\CL3\DATA_2024\08\_NRRL 5592_Aspergillus oryzae__1_30_CL3_769_8#19#2024_A_18A_23.OKA","8/19/2024 7:16:29 PM","18-A","PM01","","NRRL 5592","Aspergillus oryzae","",91.7500,"32.7830","250.2369","189.5943","78.6102","48.3013","170.3910","77.2617","162.1048","98.1279","192.8371","181.9824","158.9229","35.2464","178.7656","186.1834","36.1691","47.6985","88.5177","32.3558","267.1622","57.4696","51.4912","183.9251","108.5461","58.9658","26.5906","69.4627","253.7518","62.6094","45.3755","187.6918","86.3828","152.0750","153.6565","120.4260","48.7051","88.7100","27.2257","24.8226","20.7159","68.2463","63.2201","39.2487","40.4776","53.9750","55.1466","175.9514","43.7186","156.3371","35.8939","31.0170","56.4454","60.8796","18.5312","30.2262","138.7497","191.2707","169.0844","32.3088","53.6058","57.5586","20.0419","88.5240","44.9899","52.0017","35.3868","44.2125","41.6583","20.9469","33.5037","176.1784","69.0949","63.9851","22.3868","88.8049","109.3776","146.8286","133.1816","25.6420","25.1272","43.8428","65.5940","76.4567","61.2964","102.8593","150.0036","160.1128","193.6002","72.8424","185.2228","40.0505","46.9278","141.0077","124.0875","169.8865","49.8845"
"C:\Users\cfg364\Sommerlab Dropbox\Casper van der Luijt\Casper\Data\BioLog\OmniLog\CL3\DATA_2024\08\_NRRL 5592_Aspergillus oryzae__1_30_CL3_769_8#19#2024_A_18A_23.OKA","8/19/2024 7:16:29 PM","18-A","PM01","","NRRL 5592","Aspergillus oryzae","",92.0000,"33.8335","249.3902","188.5223","77.7242","47.9841","170.7761","79.2255","164.7741","97.6806","193.6357","184.0292","161.0873","37.6619","180.2364","182.6993","38.6463","51.0173","89.1835","35.6729","271.3626","59.2024","54.4286","184.7217","109.5054","59.9651","29.2623","74.2543","255.4410","61.1176","45.3127","186.9299","87.4570","153.0576","158.3001","121.0280","48.1447","93.1566","29.3557","26.9234","26.6829","72.4668","62.9726","43.3749","40.0052","54.0067","57.1562","174.9184","45.1168","155.1959","34.1542","31.4475","61.5335","61.2208","18.8411","32.6611","138.3072","194.3118","167.7055","36.9452","52.8364","57.8649","22.9516","90.8891","44.1655","51.5085","33.5872","47.0250","42.0388","20.4101","34.9454","179.7883","67.3123","64.8622","25.9472","88.7735","110.9724","145.7802","129.6465","24.3660","30.1566","43.1372","66.3365","77.2002","62.6294","105.5415","153.1002","164.9814","194.3772","73.0282","188.7098","39.8250","49.6541","142.7337","128.7219","170.5762","49.7882"
"C:\Users\cfg364\Sommerlab Dropbox\Casper van der Luijt\Casper\Data\BioLog\OmniLog\CL3\DATA_2024\08\_NRRL 5592_Aspergillus oryzae__1_30_CL3_769_8#19#2024_A_18A_23.OKA","8/19/2024 7:16:29 PM","18-A","PM01","","NRRL 5592","Aspergillus oryzae","",92.2500,"34.2499","253.2484","190.7245","77.5489","47.9496","168.0918","75.1785","168.4773","94.0955","192.3529","183.0163","161.1127","40.1067","182.9411","186.3014","36.9645","51.4323","86.0392","34.6495","268.0246","57.3930","51.3511","183.6854","109.1669","55.6409","28.7005","71.3903","255.1489","59.1288","44.4080","187.2963","88.4892","151.0342","154.0986","119.9104","45.7849","91.7521","26.8467","21.1416","26.2295","72.9496","59.3480","48.4180","38.7291","54.3256","54.8489","175.1522","47.7991","153.3647","32.4342","29.7124","58.6992","57.1895","16.3303","29.3760","142.7364","189.5189","169.7068","38.8274","57.3225","56.0126","24.2549","85.0643","48.5167","55.7725","28.5858","44.5166","47.6640","21.5156","30.2293","178.0464","67.8384","65.8416","26.1558","84.8183","106.6829","145.4110","130.9821","26.3861","28.8393","42.4554","68.4979","75.5676","63.4800","105.5384","145.0280","162.0897","194.0784","70.9522","185.0335","41.8992","49.5030","140.5620","125.3198","168.9390","46.7783"
"C:\Users\cfg364\Sommerlab Dropbox\Casper van der Luijt\Casper\Data\BioLog\OmniLog\CL3\DATA_2024\08\_NRRL 5592_Aspergillus oryzae__1_30_CL3_769_8#19#2024_A_18A_23.OKA","8/19/2024 7:16:29 PM","18-A","PM01","","NRRL 5592","Aspergillus oryzae","",92.5000,"32.8258","252.2843","194.9261","76.0169","44.5676","167.8024","78.9556","166.9056","95.2858","193.0241","182.8260","164.6971","39.4945","182.1897","184.2577","33.6728","53.4046","84.4858","35.2156","268.5940","55.5904","51.9524","183.4922","109.1053","57.3415","28.1042","68.7291","254.5052","59.4780","46.0940","187.2327","87.1559","156.1212","153.6213","120.5419","47.5008","90.0275","27.6013","26.3040","26.0744","75.2218","58.5662","44.2041","39.3291","56.5627","54.3289","175.2495","47.6134","158.3842","35.1333","31.0358","58.2257","56.0630","18.5306","27.9135","143.6526","191.9484","164.3291","33.4516","58.0557","59.0461","22.3167","84.4740","44.4114","53.0012","30.4946","44.5166","44.1422","26.1437","31.4903","176.6609","68.3473","67.3441","26.6025","86.0502","107.8101","143.0887","129.2419","24.8538","28.7431","40.1491","69.2086","79.9128","62.9282","104.0584","149.0943","160.3910","195.4066","73.4644","182.7784","42.1874","53.3826","139.0612","126.5639","167.7868","48.9642"
"C:\Users\cfg364\Sommerlab Dropbox\Casper van der Luijt\Casper\Data\BioLog\OmniLog\CL3\DATA_2024\08\_NRRL 5592_Aspergillus oryzae__1_30_CL3_769_8#19#2024_A_18A_23.OKA","8/19/2024 7:16:29 PM","18-A","PM01","","NRRL 5592","Aspergillus oryzae","",92.7500,"33.1354","253.2795","192.1555","77.1812","46.2112","169.3138","79.5904","164.7368","96.2831","194.9419","179.8777","162.0706","40.6576","179.7164","183.0681","35.3648","49.3645","87.9413","35.9075","269.6379","55.7801","50.5599","184.8446","109.9367","56.6735","28.4808","69.1222","255.3635","61.1289","49.2475","185.8017","87.7590","153.6251","153.3986","121.2366","51.2444","95.5643","24.5200","24.7156","24.3375","73.9279","59.9110","45.4398","40.0239","55.3654","55.8891","174.1149","48.8514","154.5349","33.1645","32.4824","59.6463","55.9065","16.9191","29.1534","142.3573","190.2762","166.9539","36.0763","57.8644","54.0516","21.6914","88.1089","46.6851","56.2036","29.2116","43.3401","46.1232","22.8694","29.4097","178.8336","67.6794","69.1171","23.9542","88.8614","106.0254","144.5130","132.0896","23.1620","28.4222","41.4944","67.8842","79.6231","63.8370","105.9613","149.6301","161.2244","197.0437","72.9062","184.7436","40.4903","46.3080","139.3548","125.1889","165.5814","49.1571"
"C:\Users\cfg364\Sommerlab Dropbox\Casper van der Luijt\Casper\Data\BioLog\OmniLog\CL3\DATA_2024\08\_NRRL 5592_Aspergillus oryzae__1_30_CL3_769_8#19#2024_A_18A_23.OKA","8/19/2024 7:16:29 PM","18-A","PM01","","NRRL 5592","Aspergillus oryzae","",93.0000,"33.0425","252.3154","190.9986","77.4264","45.8319","170.3107","78.8286","166.9999","93.3234","192.0972","182.5407","166.7983","38.8212","181.4696","185.5084","37.2722","51.8458","85.3417","41.0966","268.7838","58.0571","54.3893","182.6550","109.9060","56.9164","29.6420","73.5071","256.8042","62.9067","49.1851","187.4235","88.3939","153.2143","154.1304","118.1736","48.5615","92.7808","24.1427","20.8361","24.3685","73.6439","62.9757","44.2675","39.6765","58.2642","57.9044","169.9009","47.6443","157.0909","33.2598","31.8053","58.5730","54.6547","17.0741","28.1361","141.9150","190.7810","170.8271","38.8590","55.8879","56.0433","21.2538","87.6118","47.9167","53.7402","29.4619","42.7359","46.6263","24.4121","30.7022","178.5502","70.3193","67.1939","26.4110","90.5671","107.7788","144.9156","130.2227","24.7581","30.6361","44.1531","67.7873","80.6853","61.1756","105.0249","146.8247","164.7180","197.1363","72.2238","182.6173","44.9731","49.1444","141.2146","126.9567","173.6133","47.0998"
"C:\Users\cfg364\Sommerlab Dropbox\Casper van der Luijt\Casper\Data\BioLog\OmniLog\CL3\DATA_2024\08\_NRRL 5592_Aspergillus oryzae__1_30_CL3_769_8#19#2024_A_18A_23.OKA","8/19/2024 7:16:29 PM","18-A","PM01","","NRRL 5592","Aspergillus oryzae","",93.2500,"34.2809","253.7461","190.2374","80.4597","46.1164","167.2557","80.0347","164.3596","95.6397","193.4716","184.5697","167.7871","40.3209","179.9669","186.8505","37.3952","50.1916","86.1660","35.5616","267.4868","55.8117","51.2878","185.6818","110.1523","57.0379","28.4180","72.5092","258.0303","63.7004","48.6231","189.4587","83.4735","153.4355","154.9578","121.0156","47.8439","91.8731","24.1427","23.7686","27.8734","75.0324","63.2884","44.1408","41.8241","56.4052","55.2715","173.2721","48.7585","156.3826","36.7210","30.2664","61.4141","56.5324","19.9872","29.0581","143.1471","190.4655","168.5544","36.9617","59.9686","57.9430","23.4421","85.3439","43.8429","55.4338","26.8335","41.2731","45.4314","21.8934","28.5586","175.2439","71.5598","71.1906","26.1877","86.9662","106.1507","145.3181","127.6282","23.7685","27.6843","42.4234","66.8828","79.0116","64.6159","103.0617","150.4812","164.4936","194.9432","70.9212","182.9394","42.2514","50.2854","140.1379","121.0967","166.9310","50.5394"
"C:\Users\cfg364\Sommerlab Dropbox\Casper van der Luijt\Casper\Data\BioLog\OmniLog\CL3\DATA_2024\08\_NRRL 5592_Aspergillus oryzae__1_30_CL3_769_8#19#2024_A_18A_23.OKA","8/19/2024 7:16:29 PM","18-A","PM01","","NRRL 5592","Aspergillus oryzae","",93.5000,"32.3305","250.3249","189.6589","78.4068","50.8576","168.5742","80.6695","164.4225","92.7766","195.5811","184.7282","165.6241","40.0454","181.9705","187.3690","38.2258","48.1557","88.7339","38.1089","267.9930","54.7049","51.2245","183.2990","112.0306","55.8232","30.1128","72.0556","255.8846","62.0178","47.9362","189.5859","87.7273","152.3928","152.7303","120.6683","48.3431","91.9034","29.0162","24.5018","27.0670","73.3914","57.6280","48.3229","40.7819","57.1299","57.5143","174.2770","47.1491","158.5998","32.5612","30.2356","60.5933","57.5651","18.4067","27.7864","143.0839","192.2324","170.6031","38.8274","58.8846","57.2689","22.9419","89.4137","45.1377","53.9249","29.6810","45.9476","46.4376","24.1602","30.4185","176.5349","69.4924","67.4944","25.6453","92.0201","106.2133","144.8846","129.7165","27.6629","28.9035","44.9859","69.7900","78.5288","60.3967","106.7466","149.4725","162.2820","197.4452","73.5265","183.2294","44.2687","49.6986","141.8997","123.6502","170.7824","49.5750"
"C:\Users\cfg364\Sommerlab Dropbox\Casper van der Luijt\Casper\Data\BioLog\OmniLog\CL3\DATA_2024\08\_NRRL 5592_Aspergillus oryzae__1_30_CL3_769_8#19#2024_A_18A_23.OKA","8/19/2024 7:16:29 PM","18-A","PM01","","NRRL 5592","Aspergillus oryzae","",93.7500,"32.4853","252.4087","189.5676","80.3678","46.9698","170.5358","81.1774","166.4341","95.2858","195.2935","183.9673","165.3460","39.4333","184.2247","187.3996","38.0720","51.5277","82.9640","37.2598","267.0123","58.0887","53.8829","184.6836","108.7050","60.0747","29.9872","72.7209","254.1987","61.8273","47.6864","187.0101","83.6639","154.2886","152.7621","121.7735","49.4350","90.2393","25.3689","25.0516","25.8263","72.3184","58.8164","45.5031","41.5083","57.5080","54.2964","171.4245","47.2420","157.9531","31.8626","30.7896","60.8143","55.4997","18.0658","28.6130","142.9260","191.8222","169.7068","39.1120","58.8527","55.4917","23.2858","87.1458","44.2850","51.0920","30.3381","42.2589","45.6830","23.2472","30.1032","172.5989","70.6692","69.2673","27.6235","89.8090","107.1526","146.4018","126.9321","25.7476","29.8661","40.5335","68.1749","78.0138","61.1756","107.7131","150.0714","166.3846","196.4877","74.2088","182.5851","42.1233","50.8397","142.6175","127.6115","168.2148","49.5750"
"C:\Users\cfg364\Sommerlab Dropbox\Casper van der Luijt\Casper\Data\BioLog\OmniLog\CL3\DATA_2024\08\_NRRL 5592_Aspergillus oryzae__1_30_CL3_769_8#19#2024_A_18A_23.OKA","8/19/2024 7:16:29 PM","18-A","PM01","","NRRL 5592","Aspergillus oryzae","",94.0000,"31.1541","251.1025","188.8064","79.2647","48.9611","171.4362","76.8607","168.0372","92.2297","193.0241","182.9212","165.3460","38.6069","180.1234","187.2165","35.6417","51.1460","87.4024","37.2913","268.3726","56.9818","51.8258","184.4260","112.4309","56.4001","30.1755","70.9367","253.7695","58.3668","49.0289","186.4059","89.7590","153.3723","153.3667","120.7946","48.1247","91.7219","28.0729","20.9889","27.3772","72.3184","58.0659","43.5704","41.3504","53.3803","57.3518","174.3743","49.6561","153.3647","35.5143","30.9127","56.2054","54.3105","16.4543","27.0551","145.7060","189.5505","165.6415","38.0052","58.9484","59.0768","22.7231","90.2836","44.7271","54.6332","30.3694","43.6581","45.7773","24.6325","28.9369","174.3937","67.7430","66.4426","26.8258","86.8714","105.1174","144.5130","129.2735","25.2369","30.5078","41.6866","66.3337","78.8506","64.5834","108.3474","146.8563","163.6923","194.6343","72.0998","182.2307","43.2120","48.1337","142.4218","127.5787","170.1569","47.4212"
"C:\Users\cfg364\Sommerlab Dropbox\Casper van der Luijt\Casper\Data\BioLog\OmniLog\CL3\DATA_2024\08\_NRRL 5592_Aspergillus oryzae__1_30_CL3_769_8#19#2024_A_18A_23.OKA","8/19/2024 7:16:29 PM","18-A","PM01","","NRRL 5592","Aspergillus oryzae","",94.2500,"31.3255","245.6093","189.7332","78.6059","46.1685","170.2861","79.3504","162.2523","94.4799","189.8833","182.6072","166.6522","39.2823","179.4098","185.0724","39.8011","53.0243","82.2527","30.7793","268.6102","57.9634","53.4496","187.7520","108.2358","59.5887","32.2437","70.8370","256.0302","60.3460","45.6102","188.0517","86.2848","151.3927","154.3158","122.2001","48.5128","90.9484","25.8880","23.4197","23.3626","68.5361","61.5574","43.7807","40.6702","56.2674","59.5306","177.3100","44.3891","153.8193","31.9345","31.6785","58.2503","55.0129","13.3066","32.7518","139.0377","192.9360","168.2618","35.6061","55.9985","60.2971","23.9186","90.3370","47.6750","51.9081","29.6491","44.9759","46.0978","21.6869","27.5707","177.6691","66.8315","66.8725","24.4636","89.6487","107.6791","142.5366","131.8866","24.0392","32.6648","37.7460","71.1303","77.7516","61.2657","109.1625","152.8236","163.0294","199.8889","71.1157","185.1018","42.1613","52.3266","139.9579","127.9969","170.2722","52.7488"
"C:\Users\cfg364\Sommerlab Dropbox\Casper van der Luijt\Casper\Data\BioLog\OmniLog\CL3\DATA_2024\08\_NRRL 5592_Aspergillus oryzae__1_30_CL3_769_8#19#2024_A_18A_23.OKA","8/19/2024 7:16:29 PM","18-A","PM01","","NRRL 5592","Aspergillus oryzae","",94.5000,"31.2944","249.8743","193.4682","76.2046","44.4576","166.6029","80.3310","163.0467","95.6985","191.0690","186.0875","166.4658","41.2719","179.9087","186.5115","38.7638","53.4683","87.4446","35.0404","265.3553","59.5687","52.7253","183.5520","109.2580","59.1344","30.5204","71.4723","254.6251","61.6840","43.9396","189.3493","86.8544","151.3608","155.8064","124.5445","49.6024","90.3434","25.5425","21.5491","29.3415","71.4449","62.3990","42.8870","40.9855","55.9504","57.6815","174.8908","46.7696","156.1039","32.5718","31.4327","58.6293","53.3875","16.0495","30.9154","144.7014","191.7714","170.0514","38.5121","59.5678","55.6822","21.8228","91.6619","44.2318","54.2528","31.5826","46.7207","45.4391","25.1656","31.6424","175.3035","68.3577","64.8468","23.7583","87.2156","106.6156","142.9998","130.8750","23.9116","31.4204","38.1332","70.4865","75.7484","62.7278","110.0945","153.0746","164.1558","196.7862","69.7191","189.3451","38.0000","48.2004","139.8274","126.4361","167.0472","52.2373"
"C:\Users\cfg364\Sommerlab Dropbox\Casper van der Luijt\Casper\Data\BioLog\OmniLog\CL3\DATA_2024\08\_NRRL 5592_Aspergillus oryzae__1_30_CL3_769_8#19#2024_A_18A_23.OKA","8/19/2024 7:16:29 PM","18-A","PM01","","NRRL 5592","Aspergillus oryzae","",94.7500,"30.7341","248.0868","186.8181","81.7153","46.3903","167.4106","79.1607","164.7626","94.5440","194.4980","182.7971","167.3665","37.4764","183.5569","184.8887","40.8080","53.0243","85.1831","32.5918","269.4634","58.9707","53.7015","186.4055","106.8728","59.5887","33.4031","71.9260","255.0833","57.0648","44.0027","189.1911","84.8924","148.9721","154.8867","122.4853","49.4467","91.8861","27.0188","22.9291","25.5424","69.2393","62.1496","42.7593","40.7964","56.3308","57.4869","176.7939","45.9967","154.2824","31.5522","32.4774","60.3980","56.4509","14.4598","31.8336","140.6605","192.4324","167.5268","37.2170","59.2810","58.3716","23.3868","91.0765","45.7164","52.1858","29.2749","43.4849","45.7841","25.0716","32.2105","177.5430","69.1843","65.9655","24.6880","90.7546","106.3341","145.8103","129.4525","23.9116","30.3037","43.4243","67.6216","76.2976","62.2404","113.1311","151.6940","164.6707","200.0751","68.5708","183.4302","38.4839","51.8753","139.0447","127.8994","167.4750","50.5750"
"C:\Users\cfg364\Sommerlab Dropbox\Casper van der Luijt\Casper\Data\BioLog\OmniLog\CL3\DATA_2024\08\_NRRL 5592_Aspergillus oryzae__1_30_CL3_769_8#19#2024_A_18A_23.OKA","8/19/2024 7:16:29 PM","18-A","PM01","","NRRL 5592","Aspergillus oryzae","",95.0000,"28.9288","250.7211","188.9437","79.8066","46.4536","165.7951","80.8370","161.0766","97.1417","193.4404","179.9812","169.9752","38.5477","182.5591","185.2561","39.1910","55.4664","83.3038","31.5107","266.3350","59.6632","54.3943","187.7520","108.5456","58.4073","30.3324","67.9026","255.3582","61.1743","46.9341","187.8301","86.7595","152.8259","151.3347","117.2896","51.6259","89.1335","27.0502","20.7211","27.0371","71.2531","62.2743","43.2381","39.9450","51.4490","57.1625","174.2457","47.3570","158.6046","35.3758","29.2512","60.4296","56.9823","16.1742","33.4801","144.5742","192.5898","168.0381","37.8803","57.3370","58.3411","24.1063","92.3089","44.9583","52.0315","27.5597","44.1828","47.3838","29.0831","29.0542","175.8082","68.8664","64.1515","25.3611","87.2156","107.2099","142.2278","128.2512","25.2187","30.7185","40.8755","71.7741","77.4285","62.3379","111.0566","149.2152","161.3559","195.9485","74.0020","186.7734","41.8710","51.4562","138.4576","129.2976","171.9505","50.6709"
"C:\Users\cfg364\Sommerlab Dropbox\Casper van der Luijt\Casper\Data\BioLog\OmniLog\CL3\DATA_2024\08\_NRRL 5592_Aspergillus oryzae__1_30_CL3_769_8#19#2024_A_18A_23.OKA","8/19/2024 7:16:29 PM","18-A","PM01","","NRRL 5592","Aspergillus oryzae","",95.2500,"28.3997","249.5294","189.8243","76.4509","44.8695","168.7030","79.4453","161.2037","96.1155","191.8061","182.1327","166.7453","40.9964","183.0268","187.7363","40.4724","52.9925","82.0616","35.2312","268.8315","59.0336","52.9773","186.3734","106.1913","59.5584","27.7631","71.8655","257.0992","59.4222","43.9396","188.1466","89.0696","150.8194","153.3961","123.2139","49.4779","93.4591","26.6419","20.5985","22.9889","71.0933","60.4976","43.7488","38.4000","55.9187","58.8818","171.9233","48.4082","154.2515","29.6085","31.7707","58.3451","54.3565","15.6131","29.3323","141.6787","194.1636","166.9516","35.9220","62.0217","57.4548","24.5442","93.6954","47.3591","54.0985","29.1813","47.1014","44.9686","28.8324","29.0227","173.7264","72.0459","65.4515","23.4057","84.7509","106.6156","143.1543","129.6422","25.0912","30.6547","42.7790","70.0680","76.3299","59.4786","110.9664","152.9491","164.8960","196.9724","72.1399","183.5588","39.3226","57.0331","139.5665","130.4357","168.2977","52.9406"
"C:\Users\cfg364\Sommerlab Dropbox\Casper van der Luijt\Casper\Data\BioLog\OmniLog\CL3\DATA_2024\08\_NRRL 5592_Aspergillus oryzae__1_30_CL3_769_8#19#2024_A_18A_23.OKA","8/19/2024 7:16:29 PM","18-A","PM01","","NRRL 5592","Aspergillus oryzae","",95.5000,"32.1037","248.6513","188.3971","78.0826","47.1190","165.2782","79.6351","163.6823","96.9814","193.1200","181.1202","169.3230","41.0270","182.9644","186.6646","40.2588","54.3563","85.8838","32.7508","270.4747","59.8205","56.9451","187.2711","105.3550","56.5898","29.3611","69.7480","257.5880","61.1424","45.3581","188.2416","86.0633","151.6793","156.0601","122.8971","47.5789","94.9413","28.1809","22.1318","24.7016","69.9106","61.3704","42.7274","39.5982","59.6593","57.5842","171.4072","47.4189","155.5173","33.3366","34.5975","60.0506","56.8572","15.0209","31.6753","143.3969","194.3210","171.8091","40.2809","60.0777","59.0746","24.1376","91.6311","45.4637","53.5432","31.6450","45.4200","47.5092","25.4790","32.3368","178.4892","72.9997","65.2096","23.0210","88.7007","108.2421","147.2001","130.2112","24.3580","32.0905","41.2304","72.2569","80.8533","59.2187","110.1546","154.4238","165.2500","195.7624","70.3399","185.1661","41.0323","52.2944","141.2298","129.9480","168.8242","50.9906"
"C:\Users\cfg364\Sommerlab Dropbox\Casper van der Luijt\Casper\Data\BioLog\OmniLog\CL3\DATA_2024\08\_NRRL 5592_Aspergillus oryzae__1_30_CL3_769_8#19#2024_A_18A_23.OKA","8/19/2024 7:16:29 PM","18-A","PM01","","NRRL 5592","Aspergillus oryzae","",95.7500,"30.2984","247.5850","189.3385","78.9446","45.4714","160.4317","77.4843","162.4748","93.7422","192.5752","185.2332","169.9441","39.3129","184.3676","187.7363","37.4519","53.0243","86.6483","32.2103","270.2851","59.3169","53.9220","185.1872","105.8816","59.2555","27.1365","74.2251","256.8854","57.7975","45.6102","185.3931","88.3101","149.3225","152.2861","121.8200","47.9525","89.7989","27.7726","19.1878","24.8262","68.3123","58.8456","43.4615","43.2242","54.0167","56.1893","176.9551","49.8303","156.1039","32.0939","32.0779","62.9248","55.9507","15.6443","31.9920","144.0332","193.3452","165.4815","36.8064","58.4524","58.9829","22.2295","95.2667","45.2110","53.9751","34.6700","44.5318","45.6273","24.6015","31.1690","176.2813","69.7566","68.6563","23.3737","88.5112","107.9605","145.2235","130.7802","25.4100","30.9099","41.1659","71.1946","76.5238","62.9878","113.1311","151.8509","166.8269","196.0106","71.1778","185.5518","38.8065","53.0036","142.4692","129.9155","171.1278","51.1824"
"C:\Users\cfg364\Sommerlab Dropbox\Casper van der Luijt\Casper\Data\BioLog\OmniLog\CL3\DATA_2024\08\_NRRL 5592_Aspergillus oryzae__1_30_CL3_769_8#19#2024_A_18A_23.OKA","8/19/2024 7:16:29 PM","18-A","PM01","","NRRL 5592","Aspergillus oryzae","",96.0000,"26.2519","248.4945","186.4233","80.2684","43.0318","166.8290","80.8054","161.6168","96.2437","192.1906","183.7779","168.2981","39.7721","184.8353","188.7161","38.8859","56.7985","84.9601","33.4504","271.3911","58.9392","55.9689","185.8925","102.1024","61.8304","30.2384","72.2588","253.8004","55.4401","44.7277","187.0705","86.1582","151.1379","156.5041","123.2139","48.3883","89.1637","28.0867","21.5184","25.1376","69.2393","58.8144","46.0150","39.9450","54.7141","57.5193","174.5682","46.8933","159.8395","33.3366","32.0779","60.4928","56.7635","14.7092","32.4352","144.5105","192.9990","168.8371","38.2594","59.3766","57.0575","22.3233","95.1435","44.6740","53.7283","29.8362","46.7524","46.2546","23.9120","27.8232","177.8269","70.9966","65.0282","19.4628","86.5836","105.2394","144.6985","125.6590","25.8245","30.7823","41.5530","71.3878","78.5593","59.6086","115.3860","151.0037","163.2547","197.1275","69.4088","184.7482","39.0968","52.8424","140.7406","127.0864","167.2447","51.5660"
