"Plate File","Setup Time","Position","Plate Type","Field 1","Field 2","Field 3","Field 4","Hour","A01","A02","A03","A04","A05","A06","A07","A08","A09","A10","A11","A12","B01","B02","B03","B04","B05","B06","B07","B08","B09","B10","B11","B12","C01","C02","C03","C04","C05","C06","C07","C08","C09","C10","C11","C12","D01","D02","D03","D04","D05","D06","D07","D08","D09","D10","D11","D12","E01","E02","E03","E04","E05","E06","E07","E08","E09","E10","E11","E12","F01","F02","F03","F04","F05","F06","F07","F08","F09","F10","F11","F12","G01","G02","G03","G04","G05","G06","G07","G08","G09","G10","G11","G12","H01","H02","H03","H04","H05","H06","H07","H08","H09","H10","H11","H12"
"C:\Users\cfg364\Sommerlab Dropbox\Casper van der Luijt\Casper\Data\BioLog\OmniLog\CL3\DATA_2024\08\_RIB40_Aspergillus oryzae__2_30_CL3_769_8#19#2024_A_ 8B_6.OKA","8/19/2024 7:16:29 PM"," 8-B","PM02A","","RIB40","Aspergillus oryzae","",0.0000,"28.1093","18.3315","12.3959","18.9650","18.9962","16.8427","13.5052","11.5326","14.7316","21.9725","25.0991","35.3742","20.6961","18.1563","11.0000","11.0000","28.6809","11.6040","11.0000","11.0000","36.3954","12.5727","14.8612","26.7811","17.4748","11.9727","11.0000","11.0000","14.1481","11.0000","11.0000","11.0000","11.3806","11.0000","13.5060","27.1185","11.0000","11.0000","11.0000","11.0000","11.0000","11.0000","11.0000","11.0000","11.0000","11.0000","11.0000","15.7599","34.0110","11.0000","11.0000","11.0000","20.0048","11.0000","11.0000","11.0000","11.0000","11.0000","11.0000","25.1063","16.3929","11.0000","14.0866","11.0000","11.0000","11.0000","11.0000","11.0000","34.2881","11.0000","11.0000","18.3163","18.6560","11.1906","11.0000","11.0000","11.0000","11.0000","11.0000","11.0000","11.0000","11.2568","11.0000","14.1376","18.4524","11.0000","11.0000","11.0000","11.0000","11.0000","11.0000","11.0000","87.0747","11.0000","15.2396","18.4779"
"C:\Users\cfg364\Sommerlab Dropbox\Casper van der Luijt\Casper\Data\BioLog\OmniLog\CL3\DATA_2024\08\_RIB40_Aspergillus oryzae__2_30_CL3_769_8#19#2024_A_ 8B_6.OKA","8/19/2024 7:16:29 PM"," 8-B","PM02A","","RIB40","Aspergillus oryzae","",0.2500,"30.1276","14.2620","13.5970","14.8257","20.1656","17.0041","11.1627","11.0000","12.7658","14.8570","28.6238","33.9249","21.9472","18.0910","11.0000","11.0000","32.1607","11.2861","11.0000","11.0000","40.8445","13.0970","11.0000","22.1260","17.2221","11.0000","11.0000","11.0000","12.1845","11.0000","11.0000","11.0000","11.0000","11.0000","11.0000","21.3643","11.0000","11.0000","11.0000","11.0000","11.0000","11.0000","11.0000","11.0000","11.0000","11.0000","11.0000","13.7386","40.1922","11.0000","11.0000","11.0000","19.4023","11.0000","11.0000","11.0000","11.0000","11.0000","11.0000","32.2865","21.8472","11.0000","14.7348","11.0000","11.0000","11.0000","11.0000","11.0000","34.4798","11.0000","11.0000","21.1494","21.0561","11.0000","11.0000","11.0000","11.0000","11.0000","11.0000","11.0000","11.0000","11.0000","11.0000","12.9260","15.4162","11.0000","11.0000","11.0000","11.0000","11.0000","11.0000","11.0000","91.3923","11.0000","14.7966","15.1578"
"C:\Users\cfg364\Sommerlab Dropbox\Casper van der Luijt\Casper\Data\BioLog\OmniLog\CL3\DATA_2024\08\_RIB40_Aspergillus oryzae__2_30_CL3_769_8#19#2024_A_ 8B_6.OKA","8/19/2024 7:16:29 PM"," 8-B","PM02A","","RIB40","Aspergillus oryzae","",0.5000,"27.8114","11.0000","11.0000","11.5051","18.8271","17.8761","11.1302","11.0000","20.5905","13.2603","26.0634","31.1412","31.8778","11.0000","11.0000","11.0000","35.3233","13.3141","14.2418","11.0000","42.9289","11.0000","11.0000","17.7680","13.7307","11.0000","11.0000","11.0000","14.5601","11.0000","11.0000","11.0000","11.0000","11.0000","12.3142","15.6010","12.2973","11.0000","11.0000","11.0000","11.0000","11.0000","11.0000","11.0000","11.0000","11.0000","11.0000","11.0000","41.9998","11.0000","11.0000","11.0000","19.6761","11.0000","11.0000","11.0000","11.0000","11.0000","11.0000","36.0131","18.6384","11.0000","16.2340","11.0000","11.0000","11.0000","11.0000","11.0000","37.3835","11.0000","11.0000","21.9366","22.3657","11.0000","11.0000","11.0000","11.0000","11.0000","11.0000","11.0000","11.0000","11.0000","11.0000","11.0000","16.3754","11.0000","11.0000","11.0000","11.0000","11.0000","11.0000","11.0000","92.2462","11.0000","14.0239","18.7284"
"C:\Users\cfg364\Sommerlab Dropbox\Casper van der Luijt\Casper\Data\BioLog\OmniLog\CL3\DATA_2024\08\_RIB40_Aspergillus oryzae__2_30_CL3_769_8#19#2024_A_ 8B_6.OKA","8/19/2024 7:16:29 PM"," 8-B","PM02A","","RIB40","Aspergillus oryzae","",0.7500,"18.3495","15.8884","11.0000","17.0522","18.9033","12.0929","11.0000","11.0333","26.3591","35.3210","21.8906","31.0596","26.7211","11.0000","11.0000","11.0000","39.2587","11.7659","14.2702","11.0000","50.2885","14.1489","14.2152","27.4558","13.7844","11.4208","11.0000","11.0000","17.2546","11.0000","11.0000","11.0000","11.0000","12.7935","11.0000","19.0530","20.4542","11.0000","11.0000","11.0000","11.0000","11.0000","11.0000","11.0000","11.0000","11.0000","11.0000","14.1602","43.3705","11.0000","11.0000","11.0000","22.6360","11.0000","11.0000","11.0000","11.0000","11.0000","11.0000","39.7350","17.0396","11.0000","19.2345","11.0000","11.0000","11.0000","11.0000","11.0000","33.1764","11.9220","11.0000","20.1274","22.4422","11.0000","11.0000","11.0000","11.0000","11.0000","13.9284","11.0000","11.0000","11.0000","11.0000","13.7863","18.0680","16.3574","11.0000","11.0000","11.0000","11.0000","11.0000","11.0000","96.4547","11.0000","13.1474","20.9444"
"C:\Users\cfg364\Sommerlab Dropbox\Casper van der Luijt\Casper\Data\BioLog\OmniLog\CL3\DATA_2024\08\_RIB40_Aspergillus oryzae__2_30_CL3_769_8#19#2024_A_ 8B_6.OKA","8/19/2024 7:16:29 PM"," 8-B","PM02A","","RIB40","Aspergillus oryzae","",1.0000,"19.0967","12.6229","11.0000","22.3371","18.7002","11.0000","11.9123","18.6547","21.9528","35.8315","16.7446","30.8771","33.9629","12.6717","11.0000","11.0000","44.4221","16.1212","12.0019","11.0000","50.4657","11.0000","11.0000","24.4748","13.5545","11.0000","11.0000","11.0000","15.1497","11.0000","11.0000","11.0000","11.0000","11.0000","11.0000","12.2921","15.2191","13.1178","11.0000","11.0000","11.0000","11.0000","11.0000","11.0000","11.0000","11.0000","11.0000","15.8603","24.7654","11.0000","11.0000","11.0000","22.2481","11.0000","11.0000","11.0000","11.0000","11.0000","12.8066","36.7441","20.7453","11.0000","19.2960","11.0000","11.0000","11.0000","11.0000","11.0000","34.3855","11.0000","11.7402","21.5569","14.6123","11.0000","11.0000","11.0000","11.0000","11.0000","11.0000","11.0000","21.4516","11.0000","11.0000","11.0000","16.8329","11.5403","11.0000","11.0000","11.0000","11.0000","11.0000","11.0000","96.1614","11.0000","19.4538","22.8512"
"C:\Users\cfg364\Sommerlab Dropbox\Casper van der Luijt\Casper\Data\BioLog\OmniLog\CL3\DATA_2024\08\_RIB40_Aspergillus oryzae__2_30_CL3_769_8#19#2024_A_ 8B_6.OKA","8/19/2024 7:16:29 PM"," 8-B","PM02A","","RIB40","Aspergillus oryzae","",1.2500,"17.2912","11.5834","11.0000","15.5361","18.8933","11.0000","11.0000","11.0000","20.2600","12.9950","21.0341","30.9620","19.9121","13.5638","11.0000","11.0000","49.0546","15.6588","15.8509","11.0000","54.0910","11.0000","11.0000","24.8340","13.4948","11.0000","11.0000","11.0000","18.0797","11.0000","11.0000","11.0000","11.0000","12.2793","11.7730","17.8703","13.9071","11.0000","11.0000","11.0000","11.0000","11.0000","11.0000","11.0000","11.0000","11.0000","11.0000","16.3657","20.7645","11.0000","11.0000","11.0000","21.6522","11.0000","11.0000","11.0000","11.0000","11.0000","11.0000","39.5310","19.8118","11.0000","14.7913","12.7610","11.0000","11.0000","11.0000","11.0000","31.8819","11.5727","11.0000","19.5069","15.9266","11.0000","11.0000","11.0000","11.0637","11.0000","13.9683","11.0000","11.0000","11.2570","11.0000","13.9783","17.9506","11.0000","11.0000","11.0000","11.0000","11.0000","11.0000","11.0000","98.1655","11.0000","14.1003","23.1251"
"C:\Users\cfg364\Sommerlab Dropbox\Casper van der Luijt\Casper\Data\BioLog\OmniLog\CL3\DATA_2024\08\_RIB40_Aspergillus oryzae__2_30_CL3_769_8#19#2024_A_ 8B_6.OKA","8/19/2024 7:16:29 PM"," 8-B","PM02A","","RIB40","Aspergillus oryzae","",1.5000,"23.0532","11.0000","11.7117","15.9162","15.4195","11.0000","11.7148","16.7911","20.1548","11.0000","22.6826","33.7042","20.3656","11.0000","11.0000","11.0000","47.4634","15.3403","15.2070","11.0000","59.3829","11.0000","11.0000","26.6454","14.1050","11.4212","11.0000","11.0000","18.3200","11.0000","11.0000","11.0000","11.0000","12.3184","11.6766","15.2813","11.6040","11.0000","11.0000","11.0000","11.0000","11.0000","11.0000","11.0000","11.0000","11.0000","11.0000","12.6402","21.3034","11.0000","11.0000","11.0000","21.5640","11.0000","11.0000","11.0000","11.0000","11.0000","14.8212","42.2253","23.8470","11.0000","17.3829","14.4372","13.7262","11.0000","11.0000","11.0000","30.0199","11.0000","11.0000","23.6194","17.1886","12.0805","11.0000","11.0000","11.0000","11.0000","13.8551","11.0000","11.0000","12.4418","11.0000","14.2034","15.3377","11.3478","11.0000","11.0000","11.0000","11.0000","11.0000","11.0000","98.4613","11.0000","18.9599","26.7556"
"C:\Users\cfg364\Sommerlab Dropbox\Casper van der Luijt\Casper\Data\BioLog\OmniLog\CL3\DATA_2024\08\_RIB40_Aspergillus oryzae__2_30_CL3_769_8#19#2024_A_ 8B_6.OKA","8/19/2024 7:16:29 PM"," 8-B","PM02A","","RIB40","Aspergillus oryzae","",1.7500,"19.1303","14.8848","12.1009","17.2982","17.8333","12.2822","11.9784","17.7156","26.6214","15.0413","21.0195","34.2818","22.6256","11.0000","11.0000","11.0000","42.5487","15.5405","17.4536","11.0000","57.8218","11.0000","11.5593","24.3962","12.9904","11.0000","11.0000","11.0000","22.3162","11.0000","11.0000","11.0000","11.0000","11.0000","13.2488","18.1661","17.8274","11.0000","11.0000","11.0000","11.0000","11.0000","11.0000","11.0000","11.0000","11.0000","12.3940","15.9419","23.3002","11.0000","11.0000","11.0940","23.8334","11.0000","11.0000","11.0000","11.0000","11.0000","15.4176","42.3494","24.3574","11.0000","18.9817","12.4265","21.1221","11.0000","11.0000","11.0000","32.4356","12.1502","11.0000","20.7138","15.5216","11.1277","11.0000","11.0000","11.0000","11.0000","12.7194","11.0000","12.3139","13.2446","11.0640","17.1405","12.3328","12.7028","11.0000","11.0000","11.0000","11.0000","11.8180","11.0000","96.0064","11.0000","20.6886","27.5729"
"C:\Users\cfg364\Sommerlab Dropbox\Casper van der Luijt\Casper\Data\BioLog\OmniLog\CL3\DATA_2024\08\_RIB40_Aspergillus oryzae__2_30_CL3_769_8#19#2024_A_ 8B_6.OKA","8/19/2024 7:16:29 PM"," 8-B","PM02A","","RIB40","Aspergillus oryzae","",2.0000,"22.7412","12.2948","11.0000","14.7952","20.4010","12.2252","11.0000","13.4200","19.5604","14.1962","20.6689","30.8898","21.5221","11.0000","11.0000","11.0000","45.8263","12.9475","17.6144","11.0000","62.2714","11.0000","11.0000","28.8319","12.3291","12.6359","11.0000","11.0000","19.6366","11.0000","11.0000","11.0000","11.0000","11.0000","11.0000","16.8996","13.2326","11.0000","11.0000","11.0000","14.4175","11.0000","11.0000","11.0000","11.0000","11.0000","11.0000","13.0637","22.8294","11.0000","11.0000","11.0000","23.1987","11.0000","11.0000","11.0000","11.0000","11.0000","16.9891","42.9685","22.5248","11.0000","17.2107","11.0311","14.3351","11.0000","11.0000","11.0000","33.1424","13.8912","12.5137","20.6541","19.6108","11.5419","11.0000","11.0000","11.0000","11.0000","13.3754","11.0000","13.5915","16.2524","11.0000","13.3606","13.4731","11.0000","11.0000","11.0000","11.0000","11.0000","11.0000","11.0000","96.3463","11.0000","25.0657","25.2101"
"C:\Users\cfg364\Sommerlab Dropbox\Casper van der Luijt\Casper\Data\BioLog\OmniLog\CL3\DATA_2024\08\_RIB40_Aspergillus oryzae__2_30_CL3_769_8#19#2024_A_ 8B_6.OKA","8/19/2024 7:16:29 PM"," 8-B","PM02A","","RIB40","Aspergillus oryzae","",2.2500,"20.7477","17.8805","11.0000","20.4318","18.1097","13.7134","11.0000","13.8201","21.3941","21.0866","33.9631","42.3258","26.5670","11.5272","11.0000","11.0000","46.1705","17.4859","17.2595","11.0000","60.7994","12.7388","16.0486","37.1011","11.0000","12.3058","11.0000","12.2227","18.3867","11.0000","11.0000","11.0000","11.0000","11.7738","13.1778","26.2916","12.6202","11.0000","11.0000","11.0000","14.1397","11.0000","11.0000","11.0000","11.0000","11.0000","12.3329","14.8925","24.1569","11.0000","11.0000","24.2636","24.4697","11.0000","11.0000","11.0000","11.0000","11.0000","17.6245","45.6900","20.1620","11.0000","16.2104","27.7714","21.7506","11.0000","11.0000","11.0000","29.2506","11.0000","11.0000","22.9679","14.8044","12.3037","11.0000","11.0000","11.0000","11.0000","17.4801","11.0000","15.5012","25.8385","11.0000","14.2762","13.0397","11.0000","11.0000","11.0000","11.0000","11.0000","11.0000","11.0000","99.7079","11.0000","23.6870","24.4211"
"C:\Users\cfg364\Sommerlab Dropbox\Casper van der Luijt\Casper\Data\BioLog\OmniLog\CL3\DATA_2024\08\_RIB40_Aspergillus oryzae__2_30_CL3_769_8#19#2024_A_ 8B_6.OKA","8/19/2024 7:16:29 PM"," 8-B","PM02A","","RIB40","Aspergillus oryzae","",2.5000,"19.6494","19.7490","11.0000","22.9079","22.3317","13.1718","11.0000","21.2847","21.2093","20.9108","27.2617","37.0331","25.9931","16.2017","11.0000","11.0000","46.4219","17.0519","17.0898","11.0000","59.3486","13.5486","14.0284","34.4322","11.0000","14.5501","11.7866","16.3964","22.4638","11.0000","11.0000","11.0000","11.0000","12.2912","16.6487","25.8271","13.0047","11.0000","11.0000","11.0000","13.9223","11.0000","11.0000","11.0000","11.0000","11.0000","13.2807","13.0293","24.4703","13.8894","11.0000","22.3514","25.4510","11.0000","11.0000","11.0000","11.0000","11.0000","18.5402","47.1904","23.9575","11.0000","18.1049","11.0000","21.4009","11.0000","11.0000","11.0000","33.8262","12.9054","14.2430","21.1990","15.7849","14.7771","11.0000","11.0000","11.0000","11.0000","14.8565","11.0000","17.2808","25.2296","11.9249","11.0000","18.5733","11.0000","11.0000","11.0000","11.0000","11.0000","11.0000","11.0000","98.7301","11.0000","23.0133","25.7899"
"C:\Users\cfg364\Sommerlab Dropbox\Casper van der Luijt\Casper\Data\BioLog\OmniLog\CL3\DATA_2024\08\_RIB40_Aspergillus oryzae__2_30_CL3_769_8#19#2024_A_ 8B_6.OKA","8/19/2024 7:16:29 PM"," 8-B","PM02A","","RIB40","Aspergillus oryzae","",2.7500,"20.4865","20.6496","11.0000","18.4346","18.8063","11.0972","11.3915","19.9331","22.1072","14.7249","24.1358","33.5861","25.2202","12.8975","11.0000","11.0000","46.9217","12.6563","17.9276","11.0000","63.4427","11.0653","12.2509","26.4790","12.4823","14.2570","11.0000","11.0000","21.4386","11.0000","11.0955","11.0000","11.0000","11.0000","13.8564","23.5637","12.3683","11.0000","11.0000","11.0000","13.6364","11.0000","11.0000","11.0000","11.0000","11.0000","11.0000","16.3023","25.1089","12.2383","11.0000","26.1247","28.5704","11.0000","11.0000","11.0000","11.0000","11.0000","16.9868","45.9272","22.6587","11.0000","21.3036","11.0000","19.1357","11.0000","11.0000","11.0000","32.4294","15.0966","12.9587","23.4585","18.5278","14.4279","11.0000","11.0000","11.0000","11.0000","16.4054","11.0000","18.8986","23.1191","11.0000","13.8693","17.0340","11.0000","11.0000","11.0000","11.0000","11.0000","11.6001","11.0000","95.6716","11.0000","26.1514","26.6581"
"C:\Users\cfg364\Sommerlab Dropbox\Casper van der Luijt\Casper\Data\BioLog\OmniLog\CL3\DATA_2024\08\_RIB40_Aspergillus oryzae__2_30_CL3_769_8#19#2024_A_ 8B_6.OKA","8/19/2024 7:16:29 PM"," 8-B","PM02A","","RIB40","Aspergillus oryzae","",3.0000,"19.0475","15.1338","11.0000","20.4297","19.8075","14.0979","11.0000","20.6441","18.9936","16.0420","28.8608","32.0315","21.1645","11.3925","11.0000","11.0000","44.5040","15.1729","16.9131","11.0000","62.7192","11.0000","11.1979","26.4209","11.0000","15.4532","11.0000","13.5108","20.2906","11.0000","11.0000","11.0000","11.0000","11.0000","11.0000","23.7507","14.4261","11.0000","11.0000","11.0000","11.9561","11.0000","11.0000","11.0000","11.0000","11.0000","11.0000","13.6882","22.7595","11.0000","11.0000","25.6063","27.7099","11.0000","11.0000","11.5693","11.0000","11.0000","17.8893","46.3220","22.9575","11.0000","19.6602","11.0000","21.7226","11.0000","11.0000","11.0000","33.0370","11.0000","11.0000","21.7631","12.2258","13.5899","11.0000","11.0000","11.0000","11.0000","13.0332","11.0000","14.4802","25.7943","11.0000","13.8578","14.4553","16.4277","11.0000","11.0000","11.0000","11.0000","11.0000","11.0000","95.6977","11.0000","23.3405","28.6517"
"C:\Users\cfg364\Sommerlab Dropbox\Casper van der Luijt\Casper\Data\BioLog\OmniLog\CL3\DATA_2024\08\_RIB40_Aspergillus oryzae__2_30_CL3_769_8#19#2024_A_ 8B_6.OKA","8/19/2024 7:16:29 PM"," 8-B","PM02A","","RIB40","Aspergillus oryzae","",3.2500,"17.6546","16.5985","11.4844","17.7806","20.5967","11.8713","11.3289","20.3138","19.2612","11.7680","26.5658","36.0406","20.4764","12.5047","11.0000","11.0000","45.0989","13.2298","18.4641","11.0000","58.2731","11.0000","11.0000","22.1851","11.0000","15.7132","11.0000","13.1245","20.5712","11.0000","11.0000","11.0000","11.0000","11.0000","12.8373","22.8001","14.2992","11.0000","11.0000","11.0000","14.4102","11.0000","11.0000","11.0000","11.0000","11.0000","11.0000","15.5241","22.7288","11.0000","11.0000","28.2191","26.0485","11.0000","11.0000","14.6690","11.0000","11.0000","19.2154","46.6061","23.1120","11.0000","16.5673","11.0000","21.3065","11.0000","11.0000","11.0000","36.0262","13.8498","13.5501","24.0851","15.1066","11.9912","11.0000","12.0815","11.0000","11.0000","15.3841","11.0000","16.3321","23.7129","12.5982","16.1564","14.2085","12.9249","11.0000","11.0000","11.0000","11.0000","11.0000","11.0000","96.2122","11.0000","27.6866","28.5589"
"C:\Users\cfg364\Sommerlab Dropbox\Casper van der Luijt\Casper\Data\BioLog\OmniLog\CL3\DATA_2024\08\_RIB40_Aspergillus oryzae__2_30_CL3_769_8#19#2024_A_ 8B_6.OKA","8/19/2024 7:16:29 PM"," 8-B","PM02A","","RIB40","Aspergillus oryzae","",3.5000,"17.9332","17.1519","12.6469","20.5559","21.9857","16.0342","11.0000","23.0551","19.5957","13.6045","23.0402","32.4587","21.4147","11.5561","11.0000","11.0000","46.0696","14.3447","19.9827","11.0000","67.1654","11.0000","11.0000","21.3578","11.0000","19.8738","11.0000","11.0000","19.4800","11.0000","11.0000","11.0000","11.1284","12.6120","14.1911","23.9473","16.1075","11.0000","11.0000","11.0000","16.7368","11.0000","11.0000","11.0000","11.2591","11.0000","12.9201","15.7208","23.3736","11.0000","11.0000","28.1247","27.4543","11.0000","11.0000","15.4281","11.0000","11.0000","18.6332","48.6894","23.0193","11.0000","19.9386","11.0000","23.8671","11.0000","11.0000","11.0000","35.2312","11.5764","11.2260","22.9241","14.4630","11.9912","11.0000","11.0000","12.6310","11.0000","16.8136","11.0000","18.0881","25.6982","11.0000","15.9700","17.1084","14.9130","11.0000","11.0000","11.0000","11.0000","11.0000","11.0000","96.5338","11.0000","26.1004","28.8371"
"C:\Users\cfg364\Sommerlab Dropbox\Casper van der Luijt\Casper\Data\BioLog\OmniLog\CL3\DATA_2024\08\_RIB40_Aspergillus oryzae__2_30_CL3_769_8#19#2024_A_ 8B_6.OKA","8/19/2024 7:16:29 PM"," 8-B","PM02A","","RIB40","Aspergillus oryzae","",3.7500,"19.3224","15.2844","11.0000","20.6269","22.6464","15.9610","13.4144","15.9114","20.5667","15.1974","27.5938","31.6288","20.6095","11.0000","11.0000","11.0000","49.1358","13.5562","14.8030","11.0000","67.3151","13.9089","11.1654","25.6438","11.0000","18.1214","11.0000","11.9334","18.8964","11.0000","11.0000","11.0000","11.0000","11.2256","12.7938","27.0802","17.5355","11.0000","11.8507","11.0000","15.5771","11.0000","11.0000","11.0000","11.0644","11.0000","11.0000","18.9400","27.2809","11.7673","11.0000","32.3425","27.2872","11.0000","20.1984","11.0000","11.0000","11.0000","22.2343","46.0041","25.6212","11.0000","20.7584","11.0000","23.3494","11.0000","11.0000","11.0000","33.3084","14.2847","16.3385","23.0396","17.5065","13.6048","11.0000","11.0000","11.0000","11.0000","20.5043","11.0000","17.2958","26.2668","11.0000","13.1200","18.3843","13.1831","11.0000","11.0000","11.0000","11.0000","12.4214","11.0000","104.3872","11.0000","28.7162","30.0533"
"C:\Users\cfg364\Sommerlab Dropbox\Casper van der Luijt\Casper\Data\BioLog\OmniLog\CL3\DATA_2024\08\_RIB40_Aspergillus oryzae__2_30_CL3_769_8#19#2024_A_ 8B_6.OKA","8/19/2024 7:16:29 PM"," 8-B","PM02A","","RIB40","Aspergillus oryzae","",4.0000,"18.1734","18.3679","11.0000","20.2808","24.7868","16.9274","15.8941","18.9312","19.3000","15.5971","25.2707","35.1923","19.1431","11.0000","11.0000","11.0000","49.7269","16.3041","17.3168","11.0000","66.9245","14.9875","11.0000","26.7956","11.0000","20.8002","11.0000","13.1886","20.5818","11.0000","11.0000","11.0000","11.0000","11.2578","15.6446","29.5591","15.5270","11.0000","11.5986","11.0000","17.3570","11.0000","11.0000","11.0000","12.6429","11.0000","11.0000","18.1884","26.8867","11.0000","11.0000","23.9120","28.0217","11.0000","24.6391","11.0000","11.0000","11.0000","20.0714","43.7509","25.8059","11.0000","19.9273","11.0000","24.2133","11.0000","11.0000","11.0000","38.5052","16.2938","16.6262","24.2655","18.3313","15.2567","11.0000","11.0000","14.2260","11.0000","19.3004","11.0000","17.4548","24.3424","11.0000","14.0865","14.8152","14.2904","11.0000","11.0000","11.0000","11.0000","11.9792","11.0000","98.7167","11.0000","28.0846","31.6873"
"C:\Users\cfg364\Sommerlab Dropbox\Casper van der Luijt\Casper\Data\BioLog\OmniLog\CL3\DATA_2024\08\_RIB40_Aspergillus oryzae__2_30_CL3_769_8#19#2024_A_ 8B_6.OKA","8/19/2024 7:16:29 PM"," 8-B","PM02A","","RIB40","Aspergillus oryzae","",4.2500,"19.5397","22.3277","11.0000","22.7662","19.9394","24.3044","11.0000","21.2873","23.2000","23.4922","33.0365","42.6135","21.7950","11.6896","11.0000","11.0000","49.5713","14.5467","19.0249","11.0000","63.3438","13.9743","13.0504","34.3314","12.3665","16.9128","11.0000","13.1242","17.2422","11.0000","11.0000","11.0000","11.0000","13.3523","15.2603","32.2663","11.0000","11.0000","11.0000","11.0000","17.3570","11.0000","11.0000","11.0000","11.2899","11.0000","15.4540","17.9597","28.6452","11.0000","11.0000","21.1855","28.1495","11.0000","20.1033","11.0000","11.0000","11.0000","24.4295","49.3363","24.8517","11.0000","19.6502","11.6798","24.4692","11.0000","11.0000","11.4100","34.5442","15.9111","19.2155","21.4993","19.1255","15.8920","11.0000","11.0000","12.8206","11.0000","18.9519","11.0000","18.4087","37.0112","11.0000","11.6859","17.7074","11.0000","11.0000","11.0000","11.0000","11.0000","11.0000","11.0000","101.1515","11.0000","26.8530","29.1592"
"C:\Users\cfg364\Sommerlab Dropbox\Casper van der Luijt\Casper\Data\BioLog\OmniLog\CL3\DATA_2024\08\_RIB40_Aspergillus oryzae__2_30_CL3_769_8#19#2024_A_ 8B_6.OKA","8/19/2024 7:16:29 PM"," 8-B","PM02A","","RIB40","Aspergillus oryzae","",4.5000,"22.3544","23.3263","11.0000","22.1560","19.8410","20.6217","14.1070","24.7086","23.5324","18.8009","26.1655","35.0833","22.0715","15.2681","11.0000","11.0000","51.3840","17.0556","19.6399","11.0000","64.2481","11.0000","12.7133","29.4354","18.1804","17.4226","11.0000","13.1328","16.1009","11.0000","11.0000","11.0000","11.2562","13.8605","11.0000","28.2049","16.7501","11.0000","11.0000","11.0000","15.1729","11.0000","11.0000","11.0000","11.0000","11.0000","12.8289","12.4437","29.6296","11.0000","11.0000","15.7187","28.8692","11.0000","18.7880","11.0000","11.0000","11.0000","15.3058","47.0385","25.9971","11.0000","20.7606","11.0000","25.6706","11.0000","11.0000","11.0000","38.1640","13.8188","13.1877","20.9948","19.5917","16.6437","11.0000","11.0000","11.0000","11.0000","21.1738","11.0000","15.6545","37.9902","11.0000","15.4423","21.0949","12.8663","11.0000","11.0000","11.0000","11.0000","18.1126","11.0000","99.1816","11.0000","27.1187","27.7686"
"C:\Users\cfg364\Sommerlab Dropbox\Casper van der Luijt\Casper\Data\BioLog\OmniLog\CL3\DATA_2024\08\_RIB40_Aspergillus oryzae__2_30_CL3_769_8#19#2024_A_ 8B_6.OKA","8/19/2024 7:16:29 PM"," 8-B","PM02A","","RIB40","Aspergillus oryzae","",4.7500,"19.2915","21.5193","11.0000","21.5257","18.7953","19.0396","11.6214","25.3004","17.3995","17.7387","24.1656","33.2384","24.3858","11.0000","11.0000","11.0000","51.1656","19.9407","19.8978","11.0000","68.1547","11.0000","12.2850","25.3606","13.8029","17.1292","11.0000","11.0000","19.1677","11.0000","11.0000","11.0000","11.0000","15.3712","11.8048","24.8230","14.9711","11.0000","11.0000","11.0000","15.4596","11.0000","11.0000","11.0000","11.0000","11.0000","12.3717","15.2654","28.1332","11.0000","11.0000","15.1839","29.3478","11.0000","23.0157","11.0000","11.0000","11.0000","18.3720","45.8954","27.8756","11.0000","19.1902","11.0000","26.9519","11.0000","11.0000","11.0000","36.9293","14.6516","14.6998","21.8434","21.0186","11.8928","11.0000","11.0000","11.0000","11.0000","20.8273","11.0000","11.8667","35.8476","11.0000","12.8639","21.5565","14.3213","11.0000","11.0000","11.0000","11.0000","17.6426","11.0000","99.8857","11.0000","24.9886","32.9662"
"C:\Users\cfg364\Sommerlab Dropbox\Casper van der Luijt\Casper\Data\BioLog\OmniLog\CL3\DATA_2024\08\_RIB40_Aspergillus oryzae__2_30_CL3_769_8#19#2024_A_ 8B_6.OKA","8/19/2024 7:16:29 PM"," 8-B","PM02A","","RIB40","Aspergillus oryzae","",5.0000,"19.7246","22.1001","11.0000","20.6118","23.2950","19.7499","15.7749","25.3661","18.0661","17.9710","24.3989","31.6899","21.2270","13.4952","11.0000","11.0000","51.4465","18.2921","18.3826","11.0000","70.5840","11.0000","13.8006","28.3838","13.5195","19.1505","11.0000","11.0000","20.5133","11.0000","11.0000","11.0000","11.0000","13.6356","11.2897","26.2677","18.7833","11.0000","11.0000","11.0000","16.7975","11.0000","11.0000","11.0000","11.5476","11.0000","11.0000","17.3325","23.8270","11.0000","11.0000","12.5100","27.0504","11.0000","24.6687","11.0000","11.0000","11.0000","16.4475","44.0855","25.9663","11.0000","22.8543","11.0000","26.5675","11.0000","11.0000","11.0000","38.7022","12.7938","12.7695","25.3636","21.4436","14.1248","11.0000","11.0000","11.2574","11.0000","22.0872","11.0000","12.7655","36.4232","11.0000","17.5547","19.8022","14.6376","11.0000","11.0000","11.0000","11.0000","18.9899","11.0000","101.1661","11.0000","29.4078","31.8215"
"C:\Users\cfg364\Sommerlab Dropbox\Casper van der Luijt\Casper\Data\BioLog\OmniLog\CL3\DATA_2024\08\_RIB40_Aspergillus oryzae__2_30_CL3_769_8#19#2024_A_ 8B_6.OKA","8/19/2024 7:16:29 PM"," 8-B","PM02A","","RIB40","Aspergillus oryzae","",5.2500,"18.6015","18.7556","13.2875","20.7963","25.1404","15.1008","16.3310","22.1781","21.4721","16.1687","23.7942","30.4470","21.0887","11.5941","11.0000","11.0000","53.8694","20.4402","22.4526","11.0000","69.6478","11.4592","11.0000","28.5546","11.2214","17.0677","11.0000","13.1583","17.3522","11.0000","11.0000","11.0000","11.0000","11.5155","15.6590","23.7328","19.3141","11.0000","11.0000","11.0000","17.6824","11.0000","11.0000","11.0000","12.6125","11.0000","13.2102","17.5993","23.9141","11.0000","11.0000","13.3512","30.0294","11.0000","25.3792","11.0000","11.6674","11.0000","19.4306","46.2917","26.3128","11.0000","22.2546","11.0000","27.1761","11.0000","11.0000","11.0000","35.4025","22.2953","16.3041","30.1119","19.6859","19.9524","11.0000","11.1548","12.7619","11.0000","18.8715","11.0000","13.8777","34.8174","11.0000","15.2101","18.1364","14.7303","11.0000","11.0000","11.0000","11.0000","14.4068","11.0000","98.5360","11.0000","33.4752","29.9546"
"C:\Users\cfg364\Sommerlab Dropbox\Casper van der Luijt\Casper\Data\BioLog\OmniLog\CL3\DATA_2024\08\_RIB40_Aspergillus oryzae__2_30_CL3_769_8#19#2024_A_ 8B_6.OKA","8/19/2024 7:16:29 PM"," 8-B","PM02A","","RIB40","Aspergillus oryzae","",5.5000,"18.2912","19.8913","13.0942","18.5842","25.2664","18.7819","12.9744","25.9152","21.4056","18.4696","24.6915","34.0398","22.3964","11.3300","11.0000","11.0000","55.6388","19.6799","17.8844","11.0000","72.0751","11.4920","11.1644","23.6802","13.1824","19.4165","11.0000","12.3852","21.2636","11.0000","11.0000","11.0000","11.0000","11.4832","12.0282","24.6895","18.7767","11.0000","11.0000","11.0000","16.2823","11.0000","11.0000","11.0000","11.3548","11.0000","17.2729","19.8862","19.4663","11.4180","11.0000","16.7369","28.0498","11.0000","25.1242","11.0000","11.0000","11.0000","17.3554","46.8661","25.1420","11.0000","21.5781","11.0000","27.7847","11.0000","11.0000","11.0000","33.7416","16.9966","14.2789","28.8067","19.3518","15.9032","11.0000","11.0929","14.7801","11.0000","20.3951","11.0000","12.5987","41.1559","11.0000","14.5552","18.8160","16.0264","11.0000","11.0000","11.0000","11.0000","17.9398","11.0000","101.7864","11.0000","30.7173","28.3361"
"C:\Users\cfg364\Sommerlab Dropbox\Casper van der Luijt\Casper\Data\BioLog\OmniLog\CL3\DATA_2024\08\_RIB40_Aspergillus oryzae__2_30_CL3_769_8#19#2024_A_ 8B_6.OKA","8/19/2024 7:16:29 PM"," 8-B","PM02A","","RIB40","Aspergillus oryzae","",5.7500,"20.6246","21.2218","11.0000","23.0917","23.8242","18.9205","18.7976","23.1637","24.3936","16.0232","24.3809","33.8955","22.8566","11.9557","11.0000","11.0000","51.1905","20.1176","17.6049","11.0000","73.1387","11.0000","11.0000","25.4988","12.1700","20.2193","11.0000","11.0000","18.3752","11.0000","13.0991","11.0000","11.0000","12.8007","14.8196","27.6062","19.1938","11.0000","11.0000","11.0000","15.0691","11.0000","11.0000","11.0000","11.0000","11.0000","12.4646","14.6700","25.5231","11.3204","11.0000","13.9468","31.4505","11.0000","28.9551","11.0000","11.0000","11.0000","20.7768","53.1077","28.0860","11.0000","21.5718","11.0000","28.5004","11.0000","11.0000","12.5148","37.0522","14.6530","11.1937","26.0908","20.3186","16.2239","11.0000","11.0000","13.7143","11.0000","22.7089","11.0000","16.2114","38.5194","11.0000","14.7718","18.5167","12.1742","11.0000","11.0000","11.0000","11.0000","16.7216","11.0000","98.7438","11.0000","28.5801","30.7092"
"C:\Users\cfg364\Sommerlab Dropbox\Casper van der Luijt\Casper\Data\BioLog\OmniLog\CL3\DATA_2024\08\_RIB40_Aspergillus oryzae__2_30_CL3_769_8#19#2024_A_ 8B_6.OKA","8/19/2024 7:16:29 PM"," 8-B","PM02A","","RIB40","Aspergillus oryzae","",6.0000,"20.7136","23.8065","11.0000","20.5527","24.3343","16.3101","15.3404","22.6284","20.5637","20.8961","23.4474","37.9108","21.7781","16.1173","11.0000","11.0000","49.6763","16.6407","19.8488","11.0000","74.0091","11.0000","11.1318","22.4946","11.0000","17.6728","11.0000","11.0000","21.0374","11.0000","11.0000","11.0000","11.0000","14.9656","12.8995","23.9761","21.5012","11.0000","11.0000","11.0000","19.5717","11.0000","11.0000","11.0000","11.5793","11.0000","15.1676","14.0802","25.9888","11.4501","11.0000","14.3287","29.5431","11.0000","29.3476","11.0000","11.0000","11.0000","17.4749","46.2361","25.2446","11.0000","23.7100","11.0000","29.6542","11.0000","11.0000","11.5993","35.5058","18.5967","16.8911","26.1909","17.1351","12.0552","11.0000","12.9109","11.9958","11.0000","21.0986","11.0000","12.9250","40.9314","11.0000","13.3168","18.6162","14.4820","11.0000","11.0000","11.0000","11.0000","16.2683","11.0000","102.3599","11.0000","28.7613","29.5741"
"C:\Users\cfg364\Sommerlab Dropbox\Casper van der Luijt\Casper\Data\BioLog\OmniLog\CL3\DATA_2024\08\_RIB40_Aspergillus oryzae__2_30_CL3_769_8#19#2024_A_ 8B_6.OKA","8/19/2024 7:16:29 PM"," 8-B","PM02A","","RIB40","Aspergillus oryzae","",6.2500,"18.2540","24.1613","11.0000","20.6160","25.6866","19.5479","18.0368","24.4557","24.4958","16.8977","28.6780","35.9113","18.9976","16.1501","11.0000","11.0000","50.0844","17.4693","20.0740","11.0000","74.7303","11.0000","12.9439","22.0627","12.0835","19.8317","11.0000","11.1933","20.0087","11.0000","11.0000","11.0000","11.0000","12.8377","11.0000","24.6381","20.2083","11.0000","11.0000","11.0000","17.6987","11.0000","11.0000","11.0000","12.1265","11.0000","14.6467","17.8485","25.8352","11.0000","11.0000","13.4180","31.1307","11.0000","32.1314","11.0000","11.0000","11.0000","18.7438","50.6964","25.7061","11.0000","23.3099","11.0000","27.4388","17.0422","11.0000","12.5141","37.4471","19.2032","15.1432","24.1781","18.7528","14.5494","11.0000","13.1575","11.6425","11.0000","18.1453","11.0000","12.1229","40.5148","11.0000","13.5672","21.4108","15.8432","11.0000","11.0000","11.0000","11.0000","16.2999","11.0000","103.8025","11.0000","30.7312","28.7976"
"C:\Users\cfg364\Sommerlab Dropbox\Casper van der Luijt\Casper\Data\BioLog\OmniLog\CL3\DATA_2024\08\_RIB40_Aspergillus oryzae__2_30_CL3_769_8#19#2024_A_ 8B_6.OKA","8/19/2024 7:16:29 PM"," 8-B","PM02A","","RIB40","Aspergillus oryzae","",6.5000,"17.3790","23.5515","11.0000","23.2490","25.0506","18.8883","19.7353","26.5794","23.1105","20.3476","27.5206","34.6459","21.1272","14.6153","11.0000","11.0000","52.4352","18.8727","16.1604","11.0000","77.1133","11.0000","14.0207","29.9277","11.0318","18.9065","11.0000","11.0000","18.5685","11.0000","11.0000","11.0000","11.0000","12.7086","12.1291","29.2509","20.0688","11.0000","11.0000","11.0000","20.3298","11.0000","11.0000","11.0000","16.6402","11.0000","14.5197","15.7215","27.8680","11.0000","11.0000","12.3532","28.9146","11.0000","28.4718","11.0000","11.0000","11.0000","21.1430","49.6451","25.2109","11.0000","24.6434","11.0000","30.1266","15.8378","11.0000","11.0000","39.0618","16.4381","18.4167","25.6855","19.2772","11.0321","11.0000","16.2659","11.0000","11.0000","22.1467","11.0000","14.1361","43.4191","11.0000","14.9499","20.0151","18.2375","11.0000","11.0000","11.0000","11.0000","20.9311","11.0000","101.4903","11.0000","32.5789","33.8922"
"C:\Users\cfg364\Sommerlab Dropbox\Casper van der Luijt\Casper\Data\BioLog\OmniLog\CL3\DATA_2024\08\_RIB40_Aspergillus oryzae__2_30_CL3_769_8#19#2024_A_ 8B_6.OKA","8/19/2024 7:16:29 PM"," 8-B","PM02A","","RIB40","Aspergillus oryzae","",6.7500,"17.8273","24.2489","12.4593","21.7786","21.1578","20.0618","20.0911","30.2703","20.7769","15.8981","24.6979","40.3398","21.5393","18.6632","11.0000","11.0000","52.8023","16.9077","16.6710","11.0000","80.0848","11.0000","18.6057","25.6030","11.0000","19.6065","11.0000","11.0000","17.2348","11.0000","11.0000","11.0000","11.0000","15.3108","14.4015","26.9264","19.1603","11.0000","11.0000","11.0000","21.1327","11.0000","11.0000","11.0000","14.9141","11.0000","15.9188","17.1358","22.8826","12.1206","11.0000","11.0000","32.2261","11.0000","35.3777","11.0000","11.0000","11.0000","22.0293","52.2252","25.2953","11.0000","23.8385","11.0000","31.5609","14.1742","11.7236","13.8277","36.1014","16.6679","15.3001","24.3137","23.7358","14.2594","11.0000","13.4296","14.6508","11.0000","23.1808","11.0000","11.0000","41.8829","11.0000","16.8177","15.5886","14.9912","11.0000","11.0000","11.0000","11.0000","14.6292","11.0000","95.7345","11.0000","32.5688","30.4392"
"C:\Users\cfg364\Sommerlab Dropbox\Casper van der Luijt\Casper\Data\BioLog\OmniLog\CL3\DATA_2024\08\_RIB40_Aspergillus oryzae__2_30_CL3_769_8#19#2024_A_ 8B_6.OKA","8/19/2024 7:16:29 PM"," 8-B","PM02A","","RIB40","Aspergillus oryzae","",7.0000,"22.4202","27.1572","11.9728","25.2770","22.5633","22.2869","27.6181","29.4138","20.1824","16.9310","23.3647","37.7085","23.2542","18.8589","11.0000","11.0000","55.4499","19.3985","17.1221","11.0000","80.8643","11.8880","14.9340","28.8262","11.0000","21.0355","11.0000","11.0000","18.4567","11.0000","11.0000","11.0000","11.0000","13.2841","14.0486","26.9264","20.1763","11.0000","11.0000","11.0000","18.5280","11.0000","11.0000","11.0000","13.7270","11.0000","13.4757","18.5065","28.2450","15.0342","11.0000","14.3380","32.7671","11.0000","34.7146","11.0000","12.1398","11.0000","22.7732","54.6036","25.0174","11.0000","21.9823","11.0000","32.1045","16.3742","12.1641","14.9902","39.2950","19.8382","17.2896","31.0178","24.4316","13.8759","11.0000","18.0736","16.6684","11.0000","24.1300","11.0000","11.2562","44.6032","11.0000","16.8488","18.1309","14.4210","11.0000","11.0000","11.0000","11.0000","17.1539","11.0000","97.9362","11.0000","33.5838","34.8966"
"C:\Users\cfg364\Sommerlab Dropbox\Casper van der Luijt\Casper\Data\BioLog\OmniLog\CL3\DATA_2024\08\_RIB40_Aspergillus oryzae__2_30_CL3_769_8#19#2024_A_ 8B_6.OKA","8/19/2024 7:16:29 PM"," 8-B","PM02A","","RIB40","Aspergillus oryzae","",7.2500,"21.1767","24.4002","11.0000","20.4220","29.6713","21.5632","25.9106","25.4270","20.3102","17.3203","28.4320","34.4114","21.0649","16.3498","11.0000","11.0000","54.1653","17.9181","15.9344","11.0000","78.4280","11.5251","17.4265","25.8306","11.0000","23.1718","11.0000","13.4488","19.0624","11.0000","11.0000","11.0000","11.0000","15.4696","11.4507","25.6917","16.9285","11.0000","11.0000","11.0000","20.0432","11.0000","11.0000","11.0000","15.1337","11.0000","15.1132","16.0274","27.3874","12.4751","11.0000","11.1890","31.6881","11.0000","28.5615","11.0000","12.8073","11.0000","20.6974","51.9623","26.5616","11.0000","25.4746","11.0000","33.3920","17.4193","11.0000","12.1389","40.7615","22.4300","11.8090","29.6982","18.6758","16.0481","11.0000","13.3875","14.9171","11.0000","22.3868","11.0000","16.8019","47.7690","11.0000","11.8149","19.4883","13.8942","11.0000","11.0000","11.0000","11.0000","14.9865","11.0000","99.8017","11.0000","33.4301","34.4682"
"C:\Users\cfg364\Sommerlab Dropbox\Casper van der Luijt\Casper\Data\BioLog\OmniLog\CL3\DATA_2024\08\_RIB40_Aspergillus oryzae__2_30_CL3_769_8#19#2024_A_ 8B_6.OKA","8/19/2024 7:16:29 PM"," 8-B","PM02A","","RIB40","Aspergillus oryzae","",7.5000,"18.7499","24.1024","11.0000","23.5093","23.4157","21.9321","27.5182","25.8931","16.1644","16.4329","21.6510","31.2727","21.9143","18.1653","11.0000","11.0000","48.5696","16.8550","15.0208","11.0000","80.4150","11.4282","11.0000","27.6796","11.4735","22.0867","11.0000","11.0000","21.0497","11.0000","11.0000","11.0000","11.0000","16.9665","16.0508","25.6107","15.7664","11.0000","11.0000","11.0000","18.9121","11.0000","11.0000","11.0000","14.5279","11.0000","15.3831","17.1485","27.2473","11.0000","11.0000","13.2565","30.0475","11.0000","30.0318","11.0000","11.0000","11.0000","23.3109","46.7164","23.9348","11.0000","20.6760","11.0000","33.4526","20.2275","11.0000","14.7050","39.7802","18.8072","13.9950","29.5083","18.7284","15.5610","11.0000","13.2203","12.4061","11.0000","20.1449","11.0000","13.0768","43.8060","11.0000","15.9502","21.0087","14.5472","11.0000","11.0000","11.0000","11.0000","15.7912","11.0000","101.9220","11.0000","30.3413","30.9825"
"C:\Users\cfg364\Sommerlab Dropbox\Casper van der Luijt\Casper\Data\BioLog\OmniLog\CL3\DATA_2024\08\_RIB40_Aspergillus oryzae__2_30_CL3_769_8#19#2024_A_ 8B_6.OKA","8/19/2024 7:16:29 PM"," 8-B","PM02A","","RIB40","Aspergillus oryzae","",7.7500,"21.9213","26.0072","11.0000","24.2664","26.0428","20.1998","23.6157","28.6395","18.7732","17.1185","18.7139","35.1854","23.2219","11.0000","11.0000","11.0000","53.3440","18.1135","16.6332","11.0000","81.6056","12.6065","15.5787","30.0338","11.0000","17.5128","11.0000","11.0000","22.6447","11.0000","11.0000","11.0000","12.8096","11.6753","11.8679","26.4234","19.4918","11.0000","11.0000","11.0000","21.8697","11.0000","11.0000","11.0000","14.3553","11.0000","14.2212","17.8105","25.2167","11.0000","11.0000","11.0000","30.2094","11.0000","30.1001","11.0000","11.0000","11.0000","19.5849","55.2319","27.6943","11.0000","22.3132","11.0000","32.2196","15.7860","11.0316","12.0752","35.8685","17.5390","14.3029","25.2849","19.3621","17.8148","11.0000","13.4060","12.9203","11.0000","23.4879","11.0000","13.4962","46.3873","11.0000","16.9084","18.4940","15.1580","11.0000","11.0000","11.0000","11.0000","20.1303","11.0000","101.9382","11.0000","31.9806","35.6551"
"C:\Users\cfg364\Sommerlab Dropbox\Casper van der Luijt\Casper\Data\BioLog\OmniLog\CL3\DATA_2024\08\_RIB40_Aspergillus oryzae__2_30_CL3_769_8#19#2024_A_ 8B_6.OKA","8/19/2024 7:16:29 PM"," 8-B","PM02A","","RIB40","Aspergillus oryzae","",8.0000,"22.3333","24.3794","11.0000","24.5786","26.8589","22.2820","21.3642","25.9421","15.3622","15.5526","21.3463","34.4192","19.2837","18.5036","11.0000","11.0000","54.6459","16.2902","15.4247","11.0000","79.2030","12.5095","11.0000","25.9071","11.0000","21.2943","11.0000","11.1297","18.6211","11.0000","11.0000","11.0000","11.0000","12.2945","11.0000","29.4482","16.7875","11.0000","11.0000","11.0000","14.0728","11.0000","11.0000","11.0000","14.2156","11.0000","14.6098","20.0627","24.9615","11.0000","11.0000","11.0000","28.7177","11.0000","30.7726","11.0000","11.0000","11.0000","21.7599","51.3094","28.0753","11.0000","22.0302","11.0000","38.6185","16.5551","11.0000","12.6113","42.0488","19.0309","17.4564","27.9143","19.7648","11.0000","11.0000","13.8501","14.1650","11.0000","21.3938","11.0000","11.0000","51.0552","11.0000","13.5283","22.0294","13.8555","11.0000","11.0000","11.0000","11.0000","17.4322","11.0000","97.8262","11.0000","32.2024","31.5192"
"C:\Users\cfg364\Sommerlab Dropbox\Casper van der Luijt\Casper\Data\BioLog\OmniLog\CL3\DATA_2024\08\_RIB40_Aspergillus oryzae__2_30_CL3_769_8#19#2024_A_ 8B_6.OKA","8/19/2024 7:16:29 PM"," 8-B","PM02A","","RIB40","Aspergillus oryzae","",8.2500,"24.1913","25.4161","11.0000","25.1142","28.4385","20.7950","23.7332","24.6109","15.2956","16.6573","16.1398","38.0045","20.2527","19.5476","11.0000","11.0000","56.1801","17.4375","16.6197","11.0000","82.5546","14.9707","11.0000","27.7581","12.3931","22.2717","11.0000","11.0000","22.5566","11.0000","11.0000","11.0000","11.0000","11.8091","11.5170","29.3496","19.6495","11.0000","11.0000","11.0000","16.5053","11.0000","11.0000","11.0000","16.7880","11.0000","14.2488","20.6821","26.1862","11.0000","11.0000","12.3167","29.3275","11.0000","31.0910","11.0000","13.0780","11.0000","23.8602","49.4945","27.0564","11.0000","23.1085","11.0000","36.1048","14.0301","11.0000","12.9272","40.1439","19.2221","18.9661","25.8355","22.2299","14.5015","11.0000","14.8724","15.3478","11.0000","23.8730","11.0000","12.6959","51.4701","11.0319","14.6520","22.0910","14.5218","11.0000","11.0000","11.0000","11.0000","17.5589","11.0000","98.5361","11.0000","32.9324","34.4858"
"C:\Users\cfg364\Sommerlab Dropbox\Casper van der Luijt\Casper\Data\BioLog\OmniLog\CL3\DATA_2024\08\_RIB40_Aspergillus oryzae__2_30_CL3_769_8#19#2024_A_ 8B_6.OKA","8/19/2024 7:16:29 PM"," 8-B","PM02A","","RIB40","Aspergillus oryzae","",8.5000,"22.7075","19.5013","11.0000","23.8635","26.0768","20.5967","28.3956","27.4429","20.0772","17.3638","14.8045","38.2827","23.4899","11.3973","11.0000","11.0000","53.2374","16.5447","13.9165","11.0000","80.7595","11.6864","12.6497","28.0859","13.0889","19.1618","11.0000","11.0000","23.0813","11.0000","14.1050","11.0000","13.0761","13.9846","11.0000","30.5977","15.9622","11.0000","11.0000","11.0000","17.2453","11.0000","11.0000","11.0000","14.3475","11.0000","15.9996","20.0895","24.8740","11.0000","11.0000","11.0000","30.0237","11.0000","33.5737","11.0000","11.0000","11.0000","18.3731","51.0709","29.4943","11.0000","23.2747","11.0000","36.0244","15.0139","11.0000","14.7572","38.2886","15.8001","15.9197","28.1262","15.2901","15.4068","11.0000","16.0665","14.4339","11.0000","21.4652","11.0000","13.6195","51.9181","11.0000","13.0939","21.2246","18.7244","11.0000","11.0000","11.0000","11.0000","20.1871","11.0000","103.2910","11.0000","32.2962","31.4562"
"C:\Users\cfg364\Sommerlab Dropbox\Casper van der Luijt\Casper\Data\BioLog\OmniLog\CL3\DATA_2024\08\_RIB40_Aspergillus oryzae__2_30_CL3_769_8#19#2024_A_ 8B_6.OKA","8/19/2024 7:16:29 PM"," 8-B","PM02A","","RIB40","Aspergillus oryzae","",8.7500,"21.1279","23.0842","11.1620","23.0733","27.0587","22.8262","30.3864","29.6595","20.4762","14.5168","16.5732","40.1541","22.4595","12.5231","11.0000","11.0000","55.3008","18.4567","16.4117","11.0000","85.8288","12.6342","11.0000","28.4164","11.4431","22.5897","12.9685","11.4198","22.7691","11.0000","11.0000","11.0000","11.0000","17.4506","13.9048","28.3617","16.8210","11.0000","11.0000","11.0000","21.3032","11.0000","11.0000","11.0000","15.4740","11.0000","15.1827","23.4981","25.3652","11.0000","11.0000","12.1315","32.8006","11.0000","33.9224","11.0000","11.0000","11.0000","20.2001","48.0425","28.0148","11.0000","24.3822","11.0000","35.8650","15.7724","11.0000","11.3157","40.6823","19.4162","16.8906","27.4007","16.6998","17.4825","11.0000","16.2210","12.4442","11.0000","23.8190","11.0000","15.7279","50.2278","11.0000","15.1878","20.2699","19.3550","11.0000","11.0000","11.0000","11.0000","19.8096","11.0000","104.4763","11.0000","36.1479","32.9107"
"C:\Users\cfg364\Sommerlab Dropbox\Casper van der Luijt\Casper\Data\BioLog\OmniLog\CL3\DATA_2024\08\_RIB40_Aspergillus oryzae__2_30_CL3_769_8#19#2024_A_ 8B_6.OKA","8/19/2024 7:16:29 PM"," 8-B","PM02A","","RIB40","Aspergillus oryzae","",9.0000,"21.6328","27.9910","11.0000","22.3761","24.5608","16.3946","31.3255","31.4289","19.2089","19.7210","14.8291","35.9747","18.8640","17.5673","11.0000","11.0000","59.7170","15.7346","16.6774","11.0000","87.8714","11.0000","11.0000","27.4357","11.4447","17.2750","11.0000","12.1586","20.5182","11.0000","11.0000","11.0000","11.0000","18.0454","14.0387","25.0204","18.3270","11.0000","11.0000","11.0000","18.8592","11.0000","11.0000","11.0000","13.0020","11.0000","15.2715","20.5054","26.3079","14.8715","11.0000","11.2825","30.0179","11.0000","32.1085","11.0000","16.9864","11.0000","22.7190","56.0168","29.4982","11.0000","23.0123","11.0000","35.9132","19.4597","11.0000","15.6491","38.2813","19.0971","16.9367","30.8726","20.3366","15.5980","11.0000","12.9504","16.7601","11.0000","28.7255","11.0000","18.1364","52.7944","11.0000","16.7537","21.1271","18.2752","11.0000","11.0000","11.0000","11.0000","18.8692","11.0000","106.5280","11.0000","34.7172","33.0487"
"C:\Users\cfg364\Sommerlab Dropbox\Casper van der Luijt\Casper\Data\BioLog\OmniLog\CL3\DATA_2024\08\_RIB40_Aspergillus oryzae__2_30_CL3_769_8#19#2024_A_ 8B_6.OKA","8/19/2024 7:16:29 PM"," 8-B","PM02A","","RIB40","Aspergillus oryzae","",9.2500,"20.5446","24.5023","11.0000","26.3671","24.6881","21.4966","27.8177","30.9653","22.2997","15.2274","14.9290","36.3717","20.3619","20.2598","11.0000","11.0000","59.1578","18.1495","17.0968","11.0000","85.5990","11.1970","14.3278","21.0810","11.2859","19.1706","11.0000","12.7700","22.1150","11.0000","11.0000","11.0000","11.0000","16.6684","18.0050","28.0554","22.4505","11.0000","11.0000","11.0000","20.3546","11.0000","11.0000","11.0000","14.8748","11.0000","16.6736","17.8922","24.7433","14.3276","11.0000","12.6633","29.3123","11.0000","33.4755","11.0000","16.7028","11.0000","20.7063","56.6816","30.2026","11.0000","20.4492","11.0000","36.3621","18.8308","11.0000","17.1672","41.3161","23.0181","19.6643","32.1829","21.0689","16.5879","11.0000","14.6531","18.2961","11.0000","27.1428","11.0000","14.7594","53.3372","11.8955","16.0695","21.3741","16.3141","11.0000","11.0000","11.0000","11.0000","15.9617","11.0000","101.8125","11.0000","33.4120","33.0795"
"C:\Users\cfg364\Sommerlab Dropbox\Casper van der Luijt\Casper\Data\BioLog\OmniLog\CL3\DATA_2024\08\_RIB40_Aspergillus oryzae__2_30_CL3_769_8#19#2024_A_ 8B_6.OKA","8/19/2024 7:16:29 PM"," 8-B","PM02A","","RIB40","Aspergillus oryzae","",9.5000,"21.8504","27.7648","11.0000","26.7757","24.9109","20.6842","27.6538","29.6409","17.3145","20.0539","15.4285","37.5294","23.2641","21.0807","11.0000","11.0000","59.6549","15.8299","15.1290","11.0000","84.8848","11.8207","11.0000","22.4784","12.0483","19.3013","11.0000","11.0000","22.5846","11.0000","11.0000","11.0000","11.0000","14.6828","13.4949","26.6699","19.8178","11.0000","11.0000","11.0000","17.3319","11.0000","11.0000","11.0000","15.9726","11.0000","16.1845","18.1209","27.7497","11.5759","11.0000","11.0000","29.6651","11.0000","31.7271","11.0000","14.9384","11.0000","22.5242","54.2439","29.2226","11.0000","21.1286","11.0000","34.3742","17.0067","11.7277","17.9895","36.9715","19.5434","21.3972","29.4688","20.2451","17.5778","11.0000","14.7150","13.0160","11.0000","24.3891","11.0000","15.5240","54.1354","11.0000","17.3136","20.0465","16.8834","11.0000","11.0000","11.0000","11.0000","15.1400","11.0000","105.1486","11.0000","32.2022","35.8240"
"C:\Users\cfg364\Sommerlab Dropbox\Casper van der Luijt\Casper\Data\BioLog\OmniLog\CL3\DATA_2024\08\_RIB40_Aspergillus oryzae__2_30_CL3_769_8#19#2024_A_ 8B_6.OKA","8/19/2024 7:16:29 PM"," 8-B","PM02A","","RIB40","Aspergillus oryzae","",9.7500,"20.2026","28.6370","11.0000","23.4445","22.5871","21.1392","26.0802","30.2369","19.8403","24.1814","14.5295","36.6032","22.4840","20.3583","11.0000","11.0000","57.9460","19.1346","16.6452","11.0000","86.5729","12.4444","14.5914","25.3064","11.6036","19.7588","11.0000","11.1287","23.0543","11.0000","11.0000","11.0000","11.0000","16.9886","16.0858","28.6822","17.6292","11.0000","11.0000","11.0000","17.6501","11.0000","11.0000","11.0000","13.6478","11.0000","17.9453","17.6309","27.3815","11.0000","11.0000","14.8602","30.3386","11.0000","33.4119","11.0000","15.1905","11.0000","23.0436","51.7747","31.1214","11.0000","21.2830","11.0000","34.5666","17.2583","11.0000","17.1040","42.5619","22.1255","20.1136","31.9022","21.5266","18.8231","11.0000","14.0030","15.1281","11.0000","26.3515","11.0000","15.1417","52.0281","11.4478","17.9667","21.4976","15.1437","11.0000","11.0000","11.0000","11.0000","16.6886","11.0000","102.9032","11.0000","32.7116","36.0091"
"C:\Users\cfg364\Sommerlab Dropbox\Casper van der Luijt\Casper\Data\BioLog\OmniLog\CL3\DATA_2024\08\_RIB40_Aspergillus oryzae__2_30_CL3_769_8#19#2024_A_ 8B_6.OKA","8/19/2024 7:16:29 PM"," 8-B","PM02A","","RIB40","Aspergillus oryzae","",10.0000,"19.1976","30.5607","11.0000","23.2645","26.7466","22.6336","33.1106","30.0541","19.1661","19.2855","16.2723","37.8729","23.3914","14.9553","11.0000","11.0000","56.8752","14.8162","16.4198","11.0000","82.4267","12.2784","11.0000","28.7469","11.2537","21.8816","11.0000","12.8018","17.4826","11.0000","11.0000","11.0000","11.0000","11.2585","11.0000","27.3181","22.7042","11.0000","11.0000","11.0000","17.8145","11.0000","11.0000","11.0000","13.9413","11.0000","15.1088","16.4871","24.0450","13.3046","11.0000","11.0000","32.2612","11.0000","32.6853","11.0000","11.0000","11.0000","22.8363","52.9706","28.6968","11.0000","26.7815","11.0000","37.6800","15.6731","11.3162","16.0433","42.2794","20.7033","18.0876","29.3100","20.9355","16.5631","11.0000","15.1842","15.6010","11.0000","20.9406","11.0000","14.2540","56.9753","11.0000","17.4569","23.0742","14.1423","11.0000","11.0000","11.2856","11.0000","17.2886","11.0000","107.2561","11.0000","37.5921","34.4369"
"C:\Users\cfg364\Sommerlab Dropbox\Casper van der Luijt\Casper\Data\BioLog\OmniLog\CL3\DATA_2024\08\_RIB40_Aspergillus oryzae__2_30_CL3_769_8#19#2024_A_ 8B_6.OKA","8/19/2024 7:16:29 PM"," 8-B","PM02A","","RIB40","Aspergillus oryzae","",10.2500,"22.0515","29.4966","11.0000","25.0641","28.0924","28.5862","34.7313","31.3153","20.0270","18.6902","16.1845","40.3488","22.7693","18.4913","11.0000","11.0000","57.1057","20.3260","18.0511","11.0000","88.0156","13.1358","12.5136","30.7598","14.8933","21.0657","11.0000","12.6450","21.1616","11.0000","11.4774","11.0000","11.0000","13.8979","12.5153","28.5574","20.6165","11.0000","11.0000","11.0000","18.9404","11.0000","11.0000","11.0000","16.6839","11.0000","12.2121","19.4647","26.6705","15.1141","11.0000","13.5777","32.2197","11.0000","34.9114","11.0000","16.2227","11.0000","18.0546","52.1280","27.5500","11.0000","23.3095","11.0000","36.1752","16.9513","11.0000","17.8777","44.4768","22.3970","20.0480","29.1271","19.5862","17.7491","11.0000","15.1506","15.2025","11.0000","22.9489","11.0000","11.0000","54.5332","14.7944","16.7099","21.4289","15.2737","11.0000","11.0000","13.0801","11.0000","19.1816","11.0000","106.8587","11.0000","37.5585","32.5347"
"C:\Users\cfg364\Sommerlab Dropbox\Casper van der Luijt\Casper\Data\BioLog\OmniLog\CL3\DATA_2024\08\_RIB40_Aspergillus oryzae__2_30_CL3_769_8#19#2024_A_ 8B_6.OKA","8/19/2024 7:16:29 PM"," 8-B","PM02A","","RIB40","Aspergillus oryzae","",10.5000,"24.5542","32.3324","11.0000","19.1725","26.7454","24.8340","30.1914","32.5479","21.9196","19.7756","14.0959","35.0336","21.6125","17.5769","11.0000","11.0000","55.9941","12.7916","15.5192","11.0000","86.3683","11.0000","12.8537","33.4013","11.0000","18.7011","11.0000","11.9976","22.8185","11.0000","11.1909","11.0000","11.0000","15.6432","14.4493","26.8143","18.4060","11.0000","11.0000","11.0000","20.2542","11.0000","11.0000","11.0000","11.2909","11.0000","11.0000","16.5721","24.7770","11.0000","11.0000","11.0000","30.4774","11.0000","33.7036","11.0000","12.0495","11.0000","22.2377","54.1003","28.4725","11.0000","23.8165","11.0000","35.7018","17.2207","11.0000","18.2696","45.1910","18.4102","21.0586","31.3200","20.7624","15.5702","11.0000","16.9247","16.1536","11.0000","27.2499","11.0000","13.7504","56.8843","11.0000","15.9026","20.9877","14.7507","11.0000","11.0000","11.0000","11.0000","19.4703","11.0000","101.3141","11.0000","32.8374","31.1803"
"C:\Users\cfg364\Sommerlab Dropbox\Casper van der Luijt\Casper\Data\BioLog\OmniLog\CL3\DATA_2024\08\_RIB40_Aspergillus oryzae__2_30_CL3_769_8#19#2024_A_ 8B_6.OKA","8/19/2024 7:16:29 PM"," 8-B","PM02A","","RIB40","Aspergillus oryzae","",10.7500,"25.5480","26.5630","11.0000","24.7635","25.8957","23.1780","35.5456","34.4691","15.0139","19.0535","14.4918","39.8257","22.4536","17.5722","11.0000","11.0000","54.8908","19.4171","16.8694","11.0000","87.3020","13.3983","15.1776","28.1965","13.7507","22.4671","11.0000","11.0000","20.4661","11.0000","11.0000","11.0000","11.0000","13.6537","13.5104","31.4514","18.4578","12.9175","11.0000","11.0000","19.4670","11.0000","11.0000","11.0000","18.3259","11.0000","16.6088","14.9634","25.1004","12.9510","11.0000","11.0000","34.3478","11.0000","37.1997","11.0000","13.4088","11.0000","21.9615","51.8003","34.0651","11.0000","20.0196","11.0000","40.1236","17.8818","11.0000","20.5364","46.2897","19.5859","17.8028","29.1345","20.6840","20.2543","11.0000","16.7579","16.3700","11.0000","26.8840","11.0000","13.0186","56.0000","11.0000","16.6845","22.8201","17.4828","11.0000","11.0000","11.0000","11.0000","19.9540","11.0000","107.3733","11.0000","38.2875","33.0009"
"C:\Users\cfg364\Sommerlab Dropbox\Casper van der Luijt\Casper\Data\BioLog\OmniLog\CL3\DATA_2024\08\_RIB40_Aspergillus oryzae__2_30_CL3_769_8#19#2024_A_ 8B_6.OKA","8/19/2024 7:16:29 PM"," 8-B","PM02A","","RIB40","Aspergillus oryzae","",11.0000,"24.3873","30.9882","11.0000","22.8870","27.4482","29.0844","48.9008","32.2218","21.1412","24.8807","17.1988","40.7683","26.6543","13.9978","11.0000","11.0000","58.4258","16.6904","16.2191","11.0000","93.3523","11.0000","13.9301","28.4603","14.0066","26.9472","11.0000","14.9489","24.3505","11.0000","11.0000","11.0000","11.0000","14.1198","14.7482","31.0469","22.8345","11.1625","11.0000","11.0000","19.2374","11.0000","11.0000","11.0000","11.3231","11.0000","11.6893","20.7264","25.1994","13.8788","11.0000","15.6703","30.4849","11.0000","32.1514","11.0000","11.0000","11.0000","20.5575","53.1611","29.6266","11.0000","24.2158","11.0000","36.5206","19.6600","13.6099","21.3351","44.4273","23.0262","19.6227","30.6791","20.5440","23.2241","11.0000","15.3595","20.0527","11.0000","28.6189","11.0000","14.8800","62.0906","12.9754","19.6532","22.0342","15.0859","11.0000","11.0000","11.0000","11.0000","20.9378","11.0000","105.2022","11.0000","39.9247","34.7420"
"C:\Users\cfg364\Sommerlab Dropbox\Casper van der Luijt\Casper\Data\BioLog\OmniLog\CL3\DATA_2024\08\_RIB40_Aspergillus oryzae__2_30_CL3_769_8#19#2024_A_ 8B_6.OKA","8/19/2024 7:16:29 PM"," 8-B","PM02A","","RIB40","Aspergillus oryzae","",11.2500,"25.8155","28.9199","11.0000","22.0725","29.2206","28.3798","44.9633","36.5885","20.3542","24.7742","12.6745","39.3421","20.4049","21.7549","11.0000","11.0000","56.8544","19.1646","15.3446","11.0000","88.3173","12.1760","12.0173","27.2725","12.3977","21.3318","11.0000","11.0000","23.2984","11.0000","11.0000","11.0000","11.6698","14.8402","16.9028","26.3531","19.7097","11.0000","11.0000","11.0000","18.7732","11.0000","11.0000","11.0000","11.1296","11.0000","14.7158","19.1737","27.2393","11.0000","11.0000","11.0000","33.8773","11.0000","37.2439","11.0000","12.1207","11.0000","21.3437","49.7693","27.2530","11.0000","20.1005","11.0000","35.7917","18.3195","13.7616","24.0876","45.6343","24.0378","22.5740","27.4929","18.7456","18.5808","11.0000","16.6109","19.7322","11.0000","26.8087","11.0000","12.8957","57.5153","11.0000","11.9673","22.1236","16.0824","11.0000","11.0000","11.0000","11.0000","17.6019","11.0000","106.2487","11.0000","35.8089","33.2220"
"C:\Users\cfg364\Sommerlab Dropbox\Casper van der Luijt\Casper\Data\BioLog\OmniLog\CL3\DATA_2024\08\_RIB40_Aspergillus oryzae__2_30_CL3_769_8#19#2024_A_ 8B_6.OKA","8/19/2024 7:16:29 PM"," 8-B","PM02A","","RIB40","Aspergillus oryzae","",11.5000,"21.7662","33.7413","11.0000","18.5848","27.8483","25.3295","45.4065","28.3483","24.5172","18.8913","12.3968","37.2313","24.1549","16.1272","11.0000","11.0000","56.7472","17.4394","15.1435","11.0000","86.7290","11.0000","13.5541","28.7070","11.4115","20.9381","11.0000","14.0860","21.0327","11.0000","11.7015","11.0000","11.0000","12.6388","15.5434","31.9549","17.6059","11.0000","11.0000","11.0000","17.2083","11.0000","11.0000","11.0000","15.2305","11.0000","15.6153","18.0751","27.6547","11.0000","11.0000","11.0000","31.8459","11.0000","34.8860","11.0000","11.4477","11.0000","23.0533","52.9322","32.3112","11.0000","17.5522","11.0000","39.2224","20.9501","11.0315","18.8698","39.8968","22.1457","17.3886","29.9453","24.7548","16.6374","11.0000","14.0647","17.3943","11.0000","24.0847","11.0000","17.3081","58.3436","11.1280","15.6240","23.0855","11.0000","11.0000","11.0000","11.0000","11.0000","16.6582","11.0000","108.6572","11.0000","36.2353","34.0502"
"C:\Users\cfg364\Sommerlab Dropbox\Casper van der Luijt\Casper\Data\BioLog\OmniLog\CL3\DATA_2024\08\_RIB40_Aspergillus oryzae__2_30_CL3_769_8#19#2024_A_ 8B_6.OKA","8/19/2024 7:16:29 PM"," 8-B","PM02A","","RIB40","Aspergillus oryzae","",11.7500,"22.0337","38.5019","11.7124","22.6779","30.1075","28.1945","46.4330","37.1356","16.0404","25.3599","14.9586","41.3970","24.8858","21.0871","11.0000","11.0000","55.7599","15.4593","16.8148","11.0000","87.3861","11.0000","13.0464","27.1371","12.5176","25.1808","11.0000","14.2146","22.6803","11.0000","11.0000","11.0000","11.0000","16.4471","14.0274","28.5183","22.2731","11.0000","11.0000","11.0000","18.4223","11.0000","11.0000","11.0000","16.1570","11.0000","17.3043","16.8161","24.3426","11.1607","11.0000","11.4723","33.9315","11.0000","34.4189","11.0000","11.0319","11.0000","22.3805","56.6134","30.7388","11.0000","21.7622","11.0000","38.4390","19.9609","11.6643","21.7747","45.3701","21.1297","19.8682","30.0955","22.9413","17.2467","11.0000","17.1262","16.7069","11.0000","26.1445","11.0000","17.3065","60.7969","13.4017","16.0224","21.3749","13.3553","11.0000","11.0000","11.0000","11.0000","17.5948","11.0000","105.0592","11.0000","39.0708","37.4156"
"C:\Users\cfg364\Sommerlab Dropbox\Casper van der Luijt\Casper\Data\BioLog\OmniLog\CL3\DATA_2024\08\_RIB40_Aspergillus oryzae__2_30_CL3_769_8#19#2024_A_ 8B_6.OKA","8/19/2024 7:16:29 PM"," 8-B","PM02A","","RIB40","Aspergillus oryzae","",12.0000,"26.8630","21.0178","12.3927","21.4082","27.9431","27.2184","45.4497","33.4327","19.0145","20.0995","20.9733","42.8725","21.4024","21.2757","11.0000","11.0000","58.3607","17.0101","11.0000","11.0000","88.4531","12.4487","11.7920","32.0757","14.1907","22.3217","11.0000","11.0000","23.6451","11.0000","11.0000","11.0000","11.0000","15.2994","13.5501","30.8392","22.6628","11.0000","11.0000","11.0000","16.5137","11.0000","11.0000","11.0000","18.5144","11.0000","18.0627","16.3236","23.0022","12.1569","11.0000","11.0000","31.3081","11.0000","34.2734","11.0000","14.1629","11.0000","23.1857","54.4401","28.3752","11.0000","20.1989","12.0821","39.0392","18.0230","13.0799","20.6555","44.9707","24.1316","19.1780","33.6074","19.8701","17.4898","11.0000","16.6572","18.3705","11.0000","25.5426","11.0000","17.0111","61.7272","11.3841","20.3887","20.5354","14.7039","11.0000","11.0000","11.0000","11.0000","18.0660","11.0000","104.6766","11.0000","37.5487","31.8215"
"C:\Users\cfg364\Sommerlab Dropbox\Casper van der Luijt\Casper\Data\BioLog\OmniLog\CL3\DATA_2024\08\_RIB40_Aspergillus oryzae__2_30_CL3_769_8#19#2024_A_ 8B_6.OKA","8/19/2024 7:16:29 PM"," 8-B","PM02A","","RIB40","Aspergillus oryzae","",12.2500,"24.1184","20.4545","11.0000","19.8621","26.4042","29.9334","44.9935","32.8816","20.7262","22.0000","11.0000","42.3282","22.8445","14.9425","11.0000","11.0000","58.2500","11.1908","14.9548","11.0000","86.7368","11.0656","11.0000","27.5567","11.0000","22.2950","11.0000","11.0000","17.8625","11.0000","11.0000","11.6687","11.0000","13.0289","14.4524","27.8379","21.8086","11.0000","11.0000","11.0000","18.0243","11.0000","11.0000","11.0000","14.4256","11.0000","17.7854","20.5289","28.6079","11.6724","11.0000","11.0000","38.0810","11.0000","34.2318","11.0000","13.3519","11.0000","22.6744","53.5000","27.6576","11.0000","25.9209","11.0000","40.0100","13.8570","11.0000","22.7995","43.4403","17.3342","19.4704","31.3279","21.4972","22.6845","11.0000","17.9601","14.2411","11.0000","25.7140","11.0000","17.4703","49.0068","11.0000","16.9797","25.8406","15.5021","11.0000","11.0000","11.0000","11.0000","15.7138","11.0000","107.3342","11.0000","40.4526","32.6868"
"C:\Users\cfg364\Sommerlab Dropbox\Casper van der Luijt\Casper\Data\BioLog\OmniLog\CL3\DATA_2024\08\_RIB40_Aspergillus oryzae__2_30_CL3_769_8#19#2024_A_ 8B_6.OKA","8/19/2024 7:16:29 PM"," 8-B","PM02A","","RIB40","Aspergillus oryzae","",12.5000,"23.2656","16.9982","11.0000","21.8901","28.6690","28.3852","46.2639","36.1612","18.8359","26.0301","21.2222","40.9771","25.7464","21.2627","11.0000","11.0000","56.1882","18.9116","14.5728","11.0000","91.8656","12.4431","16.9160","28.8909","14.5635","21.2586","11.0000","11.0000","21.7908","11.0000","11.0000","11.0000","11.0000","17.0498","14.4290","31.1115","25.1161","11.0000","11.0000","11.0000","15.5968","11.0000","11.0000","11.0000","14.2648","11.0000","19.8041","17.4633","25.3303","11.0000","11.0000","11.0000","33.3987","11.0000","33.6920","11.0000","17.3475","11.0000","21.1754","56.5974","28.3199","11.0000","23.6229","11.0000","40.9170","16.1273","11.0000","20.0573","45.4208","20.7819","16.2014","35.2134","19.9971","20.8343","11.0000","15.5552","16.0260","11.0000","26.9691","11.0000","19.5032","45.5458","11.0000","17.2806","25.8406","11.0955","11.0000","11.0000","12.3007","11.0000","20.8289","11.0000","107.8456","11.0000","42.0446","36.9342"
"C:\Users\cfg364\Sommerlab Dropbox\Casper van der Luijt\Casper\Data\BioLog\OmniLog\CL3\DATA_2024\08\_RIB40_Aspergillus oryzae__2_30_CL3_769_8#19#2024_A_ 8B_6.OKA","8/19/2024 7:16:29 PM"," 8-B","PM02A","","RIB40","Aspergillus oryzae","",12.7500,"21.6157","16.1877","11.0000","22.5866","30.4296","25.7031","49.4726","36.0291","21.5254","24.7998","17.2855","40.3821","23.2575","22.8365","11.0000","11.0000","59.3692","15.1305","13.4140","11.0000","87.3405","12.2135","13.5636","28.3308","12.3875","21.8774","11.0000","11.0000","21.9472","11.0000","11.0000","11.0000","11.0000","15.2477","16.6287","31.6693","20.7581","11.0000","11.0000","11.0000","19.8449","11.0000","11.0000","11.0000","15.3638","11.0000","18.0823","17.6273","24.7166","11.0000","11.0000","11.0000","31.9289","11.0000","34.1674","11.0000","16.4317","11.0000","21.6291","59.5472","30.8426","11.0000","25.6499","11.0000","40.0868","17.8365","11.0000","21.0041","43.3867","21.4212","18.2368","31.8392","21.3086","21.7225","11.0000","15.6482","13.6250","11.0000","26.3367","11.0000","18.5478","48.1663","11.0000","18.6176","24.3043","12.9744","11.0000","11.0000","11.0000","11.0000","24.5030","11.0000","106.6290","11.0000","43.0511","35.0840"
"C:\Users\cfg364\Sommerlab Dropbox\Casper van der Luijt\Casper\Data\BioLog\OmniLog\CL3\DATA_2024\08\_RIB40_Aspergillus oryzae__2_30_CL3_769_8#19#2024_A_ 8B_6.OKA","8/19/2024 7:16:29 PM"," 8-B","PM02A","","RIB40","Aspergillus oryzae","",13.0000,"22.7641","15.2732","11.0000","24.5571","27.3948","28.3568","50.4773","34.4330","18.5497","22.7211","15.3245","45.1272","22.2699","15.8874","11.0000","11.0000","56.5623","11.0000","17.8273","11.0000","93.4036","11.0983","11.1647","27.8540","14.8317","19.7174","11.0000","11.0000","22.4848","11.0000","11.0000","11.0000","11.0000","18.5051","15.8408","24.7781","21.0449","11.0000","11.0000","11.0000","17.3674","11.0000","11.0000","11.0000","17.3092","11.0000","20.8634","16.9975","27.0966","13.7547","11.0000","11.0000","32.4183","11.0000","40.2201","11.0000","12.2765","11.0000","21.3248","52.2717","28.0492","11.0000","22.4092","11.0000","39.3908","16.0178","13.4241","22.8363","42.4284","22.5072","18.6411","32.4452","20.1388","12.2082","11.0000","17.8225","13.4368","11.0000","27.5088","11.0000","13.4106","44.8708","11.3527","16.9952","24.3733","12.7126","11.0000","11.0000","11.0000","11.0000","19.2497","11.0000","105.8143","11.0000","39.8399","35.1850"
"C:\Users\cfg364\Sommerlab Dropbox\Casper van der Luijt\Casper\Data\BioLog\OmniLog\CL3\DATA_2024\08\_RIB40_Aspergillus oryzae__2_30_CL3_769_8#19#2024_A_ 8B_6.OKA","8/19/2024 7:16:29 PM"," 8-B","PM02A","","RIB40","Aspergillus oryzae","",13.2500,"25.9696","13.2507","12.6190","19.4496","26.2871","28.3892","50.4773","34.4661","19.6093","19.1480","15.3245","41.8489","24.1482","16.0868","11.0000","11.0000","60.3746","11.0000","16.9256","11.0000","93.6308","13.1623","13.9640","26.8587","13.9767","19.1624","11.0000","11.0000","24.4509","11.0000","11.0000","11.0000","11.0000","15.7789","14.4303","27.8914","18.3429","11.0000","11.0000","11.0000","17.4308","11.0000","11.0000","11.0000","17.1804","11.0000","19.4728","18.5463","26.1480","11.0000","11.0000","11.0000","33.2199","11.0000","34.6094","11.0000","11.0000","11.0000","21.7456","49.2169","28.6647","11.0000","24.9001","11.0000","41.5280","15.1657","14.2741","19.4816","43.4474","18.7034","18.3187","28.7923","22.3089","13.0985","11.0000","16.7111","15.0720","11.0000","29.8447","11.0000","13.2820","46.3101","11.0000","14.9343","26.2136","15.4083","11.0000","11.0000","11.0000","11.0000","17.4164","11.0000","107.8630","11.0000","40.0298","34.3190"
"C:\Users\cfg364\Sommerlab Dropbox\Casper van der Luijt\Casper\Data\BioLog\OmniLog\CL3\DATA_2024\08\_RIB40_Aspergillus oryzae__2_30_CL3_769_8#19#2024_A_ 8B_6.OKA","8/19/2024 7:16:29 PM"," 8-B","PM02A","","RIB40","Aspergillus oryzae","",13.5000,"26.3435","18.7519","11.7780","20.3590","30.4977","24.5828","46.2745","31.3126","22.5631","25.3337","11.9030","41.3407","23.7019","22.9570","11.0000","11.0000","57.8416","12.3413","13.5129","11.0000","92.0004","14.7616","17.5495","29.1793","12.0161","24.8172","11.0000","11.0000","20.8401","11.0000","11.0000","11.0000","11.0000","16.0370","11.2259","34.1842","21.6488","11.0000","11.0000","11.0000","14.6898","11.0000","11.0000","11.0000","14.4663","11.0000","13.8167","17.8076","27.9596","11.0000","11.0000","11.0000","37.9635","11.0000","34.4703","11.0000","14.5599","11.0000","19.2856","54.5687","30.5575","11.0000","22.9453","11.2170","39.6132","15.1222","11.0000","21.5872","43.2326","25.1582","16.9723","32.8541","23.5000","16.1590","11.0000","15.2848","13.0772","11.0000","23.1338","11.0000","19.6495","44.2553","11.0000","16.4487","23.0548","16.5462","11.0000","11.0000","11.0000","11.0000","21.6242","12.6034","107.5325","11.0000","40.5460","30.3691"
"C:\Users\cfg364\Sommerlab Dropbox\Casper van der Luijt\Casper\Data\BioLog\OmniLog\CL3\DATA_2024\08\_RIB40_Aspergillus oryzae__2_30_CL3_769_8#19#2024_A_ 8B_6.OKA","8/19/2024 7:16:29 PM"," 8-B","PM02A","","RIB40","Aspergillus oryzae","",13.7500,"27.4904","17.5245","11.0000","24.6131","31.1873","25.9801","47.7511","31.1461","24.2761","27.3908","13.0735","43.5384","21.5173","22.6942","11.0000","11.0000","58.8693","14.7045","14.4149","11.0000","93.1385","15.9719","15.2245","29.4768","12.4289","20.1252","11.0000","11.7069","23.7453","11.0000","11.0000","11.0000","11.0000","16.5182","15.9051","31.1431","21.9340","11.0000","11.0000","11.0000","14.7853","11.0000","11.0000","11.0000","12.9114","11.0000","16.8955","19.5664","27.1943","11.7698","11.0000","11.0000","37.2330","11.0000","34.0903","11.0000","13.7971","11.0000","19.2206","54.1274","32.2408","11.0000","21.6489","11.1240","41.3755","18.3005","12.2330","23.6668","45.9663","25.7600","18.3927","33.4785","24.1995","16.7287","11.0000","15.3157","11.0000","11.0000","25.2302","11.0000","16.5967","47.2727","11.7329","17.9121","22.5306","15.0567","11.0000","11.0000","11.0000","11.0000","23.4787","13.0436","109.3957","11.0000","40.8939","30.6494"
"C:\Users\cfg364\Sommerlab Dropbox\Casper van der Luijt\Casper\Data\BioLog\OmniLog\CL3\DATA_2024\08\_RIB40_Aspergillus oryzae__2_30_CL3_769_8#19#2024_A_ 8B_6.OKA","8/19/2024 7:16:29 PM"," 8-B","PM02A","","RIB40","Aspergillus oryzae","",14.0000,"29.6728","18.7402","11.0000","21.8134","28.6452","28.4384","50.0433","35.3940","17.3037","22.9386","15.9546","47.2125","24.2549","20.2849","11.0000","11.0000","55.7873","16.1926","15.0304","11.0000","90.7587","17.0607","14.4526","32.1306","14.2000","17.3301","12.7593","11.0000","20.5358","11.0000","11.0000","11.0000","11.0000","16.9882","14.2833","28.8760","21.2700","11.0000","11.0000","11.0000","17.4806","11.0000","11.0000","11.0000","15.6714","11.0000","17.3775","20.6293","25.5737","11.0000","11.0000","11.0000","35.1821","11.0000","30.0327","11.0000","11.0000","11.0000","23.9530","51.9494","33.0799","11.0000","21.1924","11.0000","40.8694","14.7023","11.1269","22.7513","51.0093","26.0552","18.6856","30.6260","24.5768","16.2704","11.0000","17.4552","11.0000","11.0000","29.6484","11.0000","16.4900","46.2993","11.8308","19.1743","23.8956","12.6177","11.0000","11.0000","13.1204","11.0000","21.7806","11.0000","111.2906","11.0000","36.0094","33.7210"
"C:\Users\cfg364\Sommerlab Dropbox\Casper van der Luijt\Casper\Data\BioLog\OmniLog\CL3\DATA_2024\08\_RIB40_Aspergillus oryzae__2_30_CL3_769_8#19#2024_A_ 8B_6.OKA","8/19/2024 7:16:29 PM"," 8-B","PM02A","","RIB40","Aspergillus oryzae","",14.2500,"26.4930","21.6748","11.0000","23.7711","28.1887","26.6737","47.5359","38.4215","18.0240","28.2686","19.4086","44.9921","24.0698","19.1166","11.0000","11.0000","61.4748","17.7099","13.9664","11.0000","92.2071","11.0000","14.1272","32.4374","15.6045","22.9265","11.0000","11.0000","21.8364","11.0000","11.0000","11.0000","11.0000","15.5876","17.0125","22.0446","19.5987","11.0000","11.0000","11.0000","18.7848","11.0000","11.0000","11.0000","19.5787","11.0000","19.0134","14.6731","24.3675","12.4162","11.0000","11.0000","33.2723","11.0000","30.9539","11.0000","11.0000","11.0000","21.3391","49.4578","30.6642","11.0000","24.8991","11.0000","40.7542","14.2019","11.0000","21.9873","43.5623","22.7109","19.1378","31.7957","21.8607","14.1269","11.0000","12.4225","11.0000","11.0000","27.4449","11.0000","17.7017","47.1974","11.0000","15.2126","23.7091","12.6220","11.0000","11.0000","11.1904","11.0000","22.4890","11.0000","110.3803","11.0000","38.2550","28.6627"
"C:\Users\cfg364\Sommerlab Dropbox\Casper van der Luijt\Casper\Data\BioLog\OmniLog\CL3\DATA_2024\08\_RIB40_Aspergillus oryzae__2_30_CL3_769_8#19#2024_A_ 8B_6.OKA","8/19/2024 7:16:29 PM"," 8-B","PM02A","","RIB40","Aspergillus oryzae","",14.5000,"23.7264","20.5393","11.0000","22.9643","24.8129","26.5756","44.7572","36.0313","19.5372","21.0396","11.7705","43.5683","25.3150","21.1222","11.0000","11.0000","60.1805","11.0000","12.0632","11.0000","93.0375","11.0000","11.6274","31.6583","14.8527","24.5797","13.0856","11.3201","23.4346","11.0000","11.0000","11.0000","11.0000","14.9955","15.6788","28.3307","21.8860","11.0000","11.0000","11.0000","19.5013","11.0000","11.0000","11.0000","19.2656","11.0000","16.8709","19.7223","26.4929","11.0000","11.0000","11.0000","35.7885","11.0000","28.2057","11.0000","14.3929","11.0000","22.4647","48.5749","30.3168","11.0000","24.2245","11.0000","40.9291","13.3992","11.0000","22.1975","49.1056","24.8466","16.0726","29.9000","25.6165","13.6411","11.0000","14.7131","11.0000","11.0000","25.6683","11.0000","15.4703","44.1510","11.0000","15.6525","24.4517","13.4180","11.0000","11.0000","11.0000","11.0000","22.8518","11.0000","109.8103","11.0000","36.2057","29.7665"
"C:\Users\cfg364\Sommerlab Dropbox\Casper van der Luijt\Casper\Data\BioLog\OmniLog\CL3\DATA_2024\08\_RIB40_Aspergillus oryzae__2_30_CL3_769_8#19#2024_A_ 8B_6.OKA","8/19/2024 7:16:29 PM"," 8-B","PM02A","","RIB40","Aspergillus oryzae","",14.7500,"27.1146","19.9095","14.2936","24.5658","28.2818","26.8585","48.7053","34.4848","20.0876","26.3916","21.0586","40.0553","24.1520","21.1700","11.0000","11.0000","54.9515","18.1077","13.5292","11.0000","95.4169","11.0000","12.5575","33.7826","12.2718","22.5261","11.0000","11.0000","19.4090","11.0000","11.0000","11.0000","11.0000","15.8902","15.2958","32.9652","23.1338","12.1419","11.0000","11.0000","18.7027","11.0000","11.0000","11.0000","19.1570","11.0000","19.0275","22.3172","27.1667","14.8657","11.0000","11.0000","38.4009","11.0000","27.7555","11.0000","15.4281","11.0000","22.0470","48.0228","33.1031","11.0000","22.2386","11.0000","42.6472","13.8720","12.9209","19.5158","50.9776","21.1365","20.2238","31.6064","25.3659","12.3372","11.0000","14.0260","11.0000","11.0000","27.6691","11.0000","20.3298","49.9730","11.0000","15.9596","25.0501","21.7101","11.0000","11.0000","11.0000","11.0000","20.6190","13.3595","108.8109","11.0000","38.4929","30.5762"
"C:\Users\cfg364\Sommerlab Dropbox\Casper van der Luijt\Casper\Data\BioLog\OmniLog\CL3\DATA_2024\08\_RIB40_Aspergillus oryzae__2_30_CL3_769_8#19#2024_A_ 8B_6.OKA","8/19/2024 7:16:29 PM"," 8-B","PM02A","","RIB40","Aspergillus oryzae","",15.0000,"27.4233","17.3177","12.0656","22.0536","24.1746","28.6097","45.3457","35.0777","20.5502","22.4937","21.3224","41.6071","25.9554","21.7953","11.0000","11.0000","55.2956","13.8875","11.6485","11.0000","98.2351","11.0000","11.0000","30.4903","13.4482","20.2469","11.0000","11.0000","21.3544","11.0000","11.0000","11.0000","11.0000","16.2763","13.7891","29.4468","21.9299","11.0000","11.0000","11.0000","20.3061","11.0000","11.0000","11.0000","16.5132","11.0000","17.6300","21.8933","27.2582","11.6709","11.0000","11.0000","39.4181","11.0000","27.3120","11.0000","12.4336","11.0000","21.7554","47.1020","30.5515","11.0000","21.0963","11.0000","43.2866","12.9568","13.2988","22.0705","46.9798","24.3560","20.4480","34.7694","21.3093","14.9479","11.0000","13.4393","11.0000","11.0000","28.6441","11.0000","17.7187","51.3455","11.8332","18.5174","24.8047","19.4420","11.0000","11.0000","11.0000","11.0000","20.2720","11.0000","112.6221","11.0000","38.7780","31.0106"
"C:\Users\cfg364\Sommerlab Dropbox\Casper van der Luijt\Casper\Data\BioLog\OmniLog\CL3\DATA_2024\08\_RIB40_Aspergillus oryzae__2_30_CL3_769_8#19#2024_A_ 8B_6.OKA","8/19/2024 7:16:29 PM"," 8-B","PM02A","","RIB40","Aspergillus oryzae","",15.2500,"25.1615","16.6563","11.0000","23.3061","30.5941","24.6867","47.6803","36.5766","19.1967","22.0867","16.9375","45.2328","24.4381","21.0567","11.0000","11.0000","61.1469","15.2484","13.8013","11.0000","99.2695","11.0000","15.0361","31.6535","15.1229","16.2037","11.9107","11.0000","21.3978","11.0000","11.3826","11.0000","12.0230","16.4253","15.4261","32.0321","23.1256","11.0000","11.0000","11.0000","16.8900","11.0000","11.0000","11.0000","12.2292","11.0000","17.4315","20.9566","25.3787","11.0000","11.0000","11.0000","39.9860","11.0000","24.3993","11.0000","12.8196","11.0000","19.0971","42.8166","28.6903","11.0000","23.6241","11.0000","42.8342","12.3861","11.0000","21.9404","48.8603","23.7567","13.2228","25.6649","21.1939","14.3382","11.0000","11.9953","11.0000","11.0000","22.0373","11.0000","19.2583","48.7008","15.2545","21.0386","23.1191","13.2976","11.0000","11.0000","11.0000","11.0000","20.6396","11.0315","111.6629","11.0000","38.8325","28.8465"
"C:\Users\cfg364\Sommerlab Dropbox\Casper van der Luijt\Casper\Data\BioLog\OmniLog\CL3\DATA_2024\08\_RIB40_Aspergillus oryzae__2_30_CL3_769_8#19#2024_A_ 8B_6.OKA","8/19/2024 7:16:29 PM"," 8-B","PM02A","","RIB40","Aspergillus oryzae","",15.5000,"28.0744","20.2117","12.2664","25.5036","28.5812","27.0811","47.1235","35.3885","17.9025","26.0605","14.2356","44.1805","26.1218","24.8238","11.0000","11.0000","58.9612","15.1850","13.1574","11.0000","98.4895","11.2641","15.4626","29.0429","18.7422","20.7528","11.0000","11.0000","23.8646","11.0000","11.0000","11.0000","11.0000","18.2872","16.0996","28.3672","18.0786","11.0000","11.0000","11.0000","17.9034","11.0000","11.0000","11.0000","14.1376","11.0000","19.3903","19.2917","25.7473","13.5562","11.0000","11.0000","37.7857","11.0000","26.3044","11.0000","11.7662","11.0000","20.2631","44.7033","29.3387","11.0000","24.3938","11.0000","42.0032","14.8118","11.2839","19.2844","49.2094","21.3269","16.3797","25.7276","23.5135","13.8613","11.0000","12.2752","11.2566","11.0000","25.8750","11.0000","18.8757","49.3741","11.8957","19.8923","24.2600","13.5210","11.0000","11.0000","11.0000","11.0000","16.0101","11.0000","110.8945","11.0000","39.3397","28.2578"
"C:\Users\cfg364\Sommerlab Dropbox\Casper van der Luijt\Casper\Data\BioLog\OmniLog\CL3\DATA_2024\08\_RIB40_Aspergillus oryzae__2_30_CL3_769_8#19#2024_A_ 8B_6.OKA","8/19/2024 7:16:29 PM"," 8-B","PM02A","","RIB40","Aspergillus oryzae","",15.7500,"27.1683","22.2758","13.2734","25.4990","30.1658","28.1475","45.4001","36.4848","20.1455","27.1123","18.8815","41.3217","26.2799","24.3214","11.0000","11.0000","56.3451","15.0037","11.0000","11.0000","96.3516","13.9498","12.2198","30.6042","15.2506","24.8640","11.0000","13.0841","20.9897","11.0000","12.1452","12.5926","11.0000","15.5360","15.9679","30.1130","21.8446","11.2293","11.0000","11.0000","12.1434","11.0000","11.0000","11.0000","17.6647","11.0000","19.8258","22.3355","28.7454","13.6334","11.0000","11.0000","36.4008","11.0000","23.4709","11.0000","11.5124","11.0000","20.4820","47.4963","27.2458","11.0000","24.7753","11.0000","41.9485","14.8553","11.0000","21.3774","49.2719","21.3061","18.2727","29.8236","20.6028","12.9866","11.0000","15.7618","11.0000","11.0000","25.7274","11.0000","20.2150","50.2480","11.8983","17.2573","22.4622","18.2806","11.0000","11.0000","11.0000","11.0000","20.1945","11.0000","111.5304","11.0000","37.8959","28.8579"
"C:\Users\cfg364\Sommerlab Dropbox\Casper van der Luijt\Casper\Data\BioLog\OmniLog\CL3\DATA_2024\08\_RIB40_Aspergillus oryzae__2_30_CL3_769_8#19#2024_A_ 8B_6.OKA","8/19/2024 7:16:29 PM"," 8-B","PM02A","","RIB40","Aspergillus oryzae","",16.0000,"25.8209","20.4222","13.9496","22.8108","26.9808","26.2179","43.4269","34.6994","21.2322","24.8525","20.1753","41.8989","28.4628","21.9900","11.0000","11.0000","59.4983","12.7852","12.8456","11.0000","92.5557","11.0000","14.4652","28.2311","13.3518","20.0878","11.0000","12.9660","23.6625","11.0000","11.0000","11.0000","11.0000","14.4134","15.6175","32.9658","27.3522","11.0000","11.0000","11.0000","14.4274","11.0000","11.0000","11.0000","16.8479","11.0000","19.2324","18.8135","28.6610","11.0000","11.0000","11.0000","33.4141","11.0000","23.7382","11.0000","13.0413","11.0000","15.2774","45.1954","36.1840","11.0000","26.6849","11.0000","44.0531","11.0000","11.0000","20.2192","49.1026","23.3851","17.5049","24.6045","22.7911","12.1219","11.0000","12.0195","12.8183","11.0000","24.8134","11.0000","19.1381","53.2344","11.0000","18.8330","25.0898","18.7290","11.0000","11.0000","11.0000","11.0000","17.4581","11.0000","111.3858","11.0000","40.1828","22.5651"
"C:\Users\cfg364\Sommerlab Dropbox\Casper van der Luijt\Casper\Data\BioLog\OmniLog\CL3\DATA_2024\08\_RIB40_Aspergillus oryzae__2_30_CL3_769_8#19#2024_A_ 8B_6.OKA","8/19/2024 7:16:29 PM"," 8-B","PM02A","","RIB40","Aspergillus oryzae","",16.2500,"28.4254","20.0027","11.0000","24.9525","29.6862","28.5491","43.2955","32.7796","19.8369","24.7193","20.9674","38.2890","28.2757","21.2354","11.0000","11.0000","59.0302","13.4865","12.0361","11.0000","92.0319","11.0000","13.6732","31.2680","17.0701","18.8782","11.0000","11.0000","23.0107","11.0000","11.0000","11.0000","11.0000","13.7694","17.0604","32.6374","24.2704","11.0000","11.0000","11.0000","15.1256","11.0000","11.0000","11.0000","19.6433","11.0000","18.5108","18.4865","27.9545","11.0000","11.0000","11.0000","34.6985","11.0000","21.3558","11.0000","11.0000","11.0000","16.2243","45.3223","33.4847","11.0000","24.6551","11.0000","44.2126","11.0000","11.0000","20.8507","49.1983","21.2257","17.5049","25.9838","23.1271","14.2054","11.0000","11.3089","11.6380","11.0000","21.2805","11.0000","15.4680","48.9470","12.7329","17.2788","24.3207","17.4249","11.0000","11.0000","11.0000","11.0000","19.7691","11.0000","110.8689","11.0000","38.9181","23.4715"
"C:\Users\cfg364\Sommerlab Dropbox\Casper van der Luijt\Casper\Data\BioLog\OmniLog\CL3\DATA_2024\08\_RIB40_Aspergillus oryzae__2_30_CL3_769_8#19#2024_A_ 8B_6.OKA","8/19/2024 7:16:29 PM"," 8-B","PM02A","","RIB40","Aspergillus oryzae","",16.5000,"24.3027","21.0676","12.2044","20.8756","30.3096","26.0134","37.8673","38.2681","16.0702","32.8983","20.6750","47.5000","28.7887","23.8510","12.1572","11.0000","63.9271","14.5709","11.0000","11.0000","98.6699","12.3861","13.3763","30.8966","16.5446","25.3459","11.0000","11.0000","21.6078","11.0000","11.0000","11.0000","11.0000","20.8010","14.7995","30.2371","23.7993","11.0000","11.0000","11.0000","13.9571","11.0000","11.0000","11.0000","18.0807","11.0000","21.2575","19.4298","29.7055","13.8286","11.0000","11.0000","38.6392","11.0000","21.4762","11.0000","11.4808","11.0000","21.7911","46.8338","34.4980","11.0000","26.2389","11.0000","44.0392","11.0000","11.0000","19.3259","48.7096","21.5237","17.5271","23.7274","27.0137","14.1474","11.0000","14.1829","11.2877","11.0000","26.2170","11.0000","20.7418","50.6368","15.0915","19.0787","26.2368","19.2922","11.0000","11.0000","11.4138","11.0000","19.7378","11.0000","111.2080","11.0000","33.3853","29.0040"
"C:\Users\cfg364\Sommerlab Dropbox\Casper van der Luijt\Casper\Data\BioLog\OmniLog\CL3\DATA_2024\08\_RIB40_Aspergillus oryzae__2_30_CL3_769_8#19#2024_A_ 8B_6.OKA","8/19/2024 7:16:29 PM"," 8-B","PM02A","","RIB40","Aspergillus oryzae","",16.7500,"25.1127","22.0679","11.0000","22.3270","25.7346","24.2874","38.1291","34.1086","18.7388","32.2037","18.2147","44.3733","30.0015","20.9333","14.1824","11.0000","62.3129","12.3710","11.0000","11.0000","96.7768","11.1980","13.4753","32.9457","15.2139","23.8886","11.0000","11.0000","17.5399","11.0000","11.0000","11.0000","11.0000","17.6621","14.3809","30.1379","21.9347","11.0000","11.0000","11.0000","13.7346","11.0000","11.0000","11.0000","16.1174","11.0000","16.5861","20.6762","30.0111","11.0000","11.0000","11.0000","36.1555","11.0000","22.1092","11.0000","11.0000","11.0000","19.1986","44.6160","30.8284","11.0000","23.6889","11.0000","43.3356","11.0000","11.0000","16.2352","46.8880","19.8017","14.7298","22.4075","26.0128","14.1474","11.0000","11.0000","11.0000","11.0000","25.1730","11.0000","13.8746","50.3169","13.1097","15.2879","25.3442","20.5313","11.0000","11.0000","11.0000","11.0000","19.2016","11.0000","114.3897","11.0000","35.2720","24.9136"
"C:\Users\cfg364\Sommerlab Dropbox\Casper van der Luijt\Casper\Data\BioLog\OmniLog\CL3\DATA_2024\08\_RIB40_Aspergillus oryzae__2_30_CL3_769_8#19#2024_A_ 8B_6.OKA","8/19/2024 7:16:29 PM"," 8-B","PM02A","","RIB40","Aspergillus oryzae","",17.0000,"32.5120","20.4113","13.9286","24.0150","29.7495","34.2710","37.1367","30.7426","20.6809","26.1166","20.5668","45.6248","26.5317","24.6938","11.0000","11.0000","61.0587","13.6368","13.5079","11.0000","98.8228","19.0711","21.1963","33.5725","17.2998","21.8699","11.0000","11.0000","19.5382","11.0000","11.0000","11.0000","11.0000","17.2230","18.2567","34.2836","25.2289","11.0000","11.0000","11.0000","14.7339","12.9712","11.0000","11.0000","16.7153","11.0000","21.7827","22.0495","32.8464","13.4722","11.0000","11.0000","36.4257","11.0000","23.5445","11.0000","15.4777","11.0000","18.1919","44.3464","33.2556","11.0000","23.9133","11.0000","44.3564","12.1957","11.0000","17.3155","51.4762","17.7628","16.4306","25.4401","25.4508","13.6119","11.0000","11.0000","13.2774","11.0000","24.0735","11.0000","20.3442","47.6821","11.8328","17.7895","25.8842","18.6035","11.0000","11.0000","11.0000","11.0000","20.4633","11.0000","113.3029","11.0000","38.8735","28.4819"
"C:\Users\cfg364\Sommerlab Dropbox\Casper van der Luijt\Casper\Data\BioLog\OmniLog\CL3\DATA_2024\08\_RIB40_Aspergillus oryzae__2_30_CL3_769_8#19#2024_A_ 8B_6.OKA","8/19/2024 7:16:29 PM"," 8-B","PM02A","","RIB40","Aspergillus oryzae","",17.2500,"28.4111","22.8593","14.1100","25.3967","31.1437","30.3329","33.1956","34.0907","19.4050","27.9855","24.0506","44.2986","25.3216","22.2362","11.2256","11.0000","62.2770","11.4778","12.1301","11.0000","103.2986","14.6025","14.3584","30.3061","20.3351","22.5438","11.0000","11.0000","17.1849","11.0000","11.0000","11.0000","11.0000","14.0224","16.9349","33.1117","19.8820","11.0000","11.0000","11.0000","13.2622","13.2853","11.0000","11.0000","21.6529","11.0000","20.0878","18.5734","33.4648","11.0000","11.0000","11.0000","35.9868","11.0000","20.0950","11.0000","11.4145","11.0000","15.7085","44.3576","30.7323","11.0000","25.3490","11.0000","47.0666","11.0000","11.5020","13.3660","52.6841","18.6222","13.4858","24.8308","25.7307","19.1462","11.0000","11.4015","11.3534","11.0000","24.5885","11.0000","17.5567","49.4212","15.6102","17.4441","26.5462","18.8005","11.0000","11.0000","11.0000","11.0000","20.9919","11.5066","116.5960","11.0000","35.5779","25.3811"
"C:\Users\cfg364\Sommerlab Dropbox\Casper van der Luijt\Casper\Data\BioLog\OmniLog\CL3\DATA_2024\08\_RIB40_Aspergillus oryzae__2_30_CL3_769_8#19#2024_A_ 8B_6.OKA","8/19/2024 7:16:29 PM"," 8-B","PM02A","","RIB40","Aspergillus oryzae","",17.5000,"29.0528","21.7603","14.0783","24.5544","27.9018","35.9548","36.1096","32.0892","19.6140","28.3374","16.8069","43.3370","30.0085","26.7116","11.0000","11.0000","60.7390","15.1434","13.1657","11.0000","99.9459","14.8211","14.8493","35.3392","16.5265","20.5633","11.0000","11.0000","21.4419","11.0000","12.4916","11.0000","11.0000","18.4871","16.2402","32.7755","17.2593","11.0000","11.0000","11.0000","11.6659","11.0000","11.0000","11.0000","13.3545","11.0000","21.9534","19.3327","26.8111","13.4972","11.0000","11.0000","35.4841","11.0000","19.6928","11.0000","11.0000","11.0000","21.7615","42.7046","31.3454","11.0000","21.8436","11.0000","45.4148","11.0000","11.0000","19.2933","49.6422","20.2903","13.2255","24.8641","23.1254","15.3036","11.0000","11.0000","14.5513","11.0000","24.4891","11.0000","20.0853","49.8665","14.5179","16.0424","26.1742","15.6045","11.0000","11.0000","11.0000","11.0000","19.1361","11.0000","117.7229","11.0000","37.1261","26.3745"
"C:\Users\cfg364\Sommerlab Dropbox\Casper van der Luijt\Casper\Data\BioLog\OmniLog\CL3\DATA_2024\08\_RIB40_Aspergillus oryzae__2_30_CL3_769_8#19#2024_A_ 8B_6.OKA","8/19/2024 7:16:29 PM"," 8-B","PM02A","","RIB40","Aspergillus oryzae","",17.7500,"31.5665","21.8257","13.0856","24.1002","23.3672","32.1855","31.4456","30.1792","22.6642","29.4274","20.7644","46.6341","26.5290","25.6834","11.0000","11.0000","64.9752","13.4682","12.9362","11.0000","98.7803","16.3277","17.2902","32.0913","19.4498","16.3901","11.8828","11.0000","18.5061","11.0000","11.0000","11.5748","12.6002","14.2677","17.2401","36.4889","24.1319","11.0000","11.0000","11.0000","11.0000","11.9110","11.0000","11.0000","14.7984","11.0000","23.3912","21.4898","30.0038","14.4223","11.0000","11.0000","33.7690","11.0000","15.9566","11.0000","13.9618","11.0000","17.5755","44.8740","35.6015","11.0000","26.9536","11.0000","41.7579","11.0000","11.0000","15.1201","57.1594","19.2400","16.0840","25.9386","25.6615","15.2634","11.0000","11.0000","11.0000","11.0000","22.6698","11.0000","18.2207","46.5452","15.1122","17.6250","27.1377","17.8615","11.0000","11.0000","11.3492","11.0000","18.7878","11.1901","117.5064","11.0000","40.0905","23.0835"
"C:\Users\cfg364\Sommerlab Dropbox\Casper van der Luijt\Casper\Data\BioLog\OmniLog\CL3\DATA_2024\08\_RIB40_Aspergillus oryzae__2_30_CL3_769_8#19#2024_A_ 8B_6.OKA","8/19/2024 7:16:29 PM"," 8-B","PM02A","","RIB40","Aspergillus oryzae","",18.0000,"28.5440","24.3983","15.4247","24.7158","25.3047","34.3813","27.9856","29.9028","21.4942","30.1511","21.7486","41.4487","27.8990","22.8713","11.0000","11.0000","57.6841","12.3706","11.0000","11.0000","97.5916","19.3378","14.6541","31.2554","21.0800","22.2484","11.0000","11.0000","14.7739","11.0000","11.0000","11.0000","11.0000","16.5900","15.8555","33.7819","24.4264","11.0000","11.0000","11.0000","14.1096","11.0000","11.0000","11.0000","12.6795","11.0000","18.9320","25.5263","30.2528","12.5365","11.0000","11.0000","31.8932","11.0000","13.0942","11.0000","12.6299","11.0000","20.9655","47.5294","31.3085","11.0000","26.0025","11.0000","37.8357","11.7548","11.0000","15.7250","50.3348","19.1602","13.3242","25.7297","28.2981","16.0656","11.0000","13.1358","11.0000","11.0000","23.2359","11.6298","17.0286","50.6032","17.1048","17.2340","26.0257","15.0942","11.0000","11.0000","11.0000","11.0000","18.6826","11.0000","114.7539","11.0000","34.5723","26.1686"
"C:\Users\cfg364\Sommerlab Dropbox\Casper van der Luijt\Casper\Data\BioLog\OmniLog\CL3\DATA_2024\08\_RIB40_Aspergillus oryzae__2_30_CL3_769_8#19#2024_A_ 8B_6.OKA","8/19/2024 7:16:29 PM"," 8-B","PM02A","","RIB40","Aspergillus oryzae","",18.2500,"31.3234","22.3183","18.6766","22.3253","25.4245","34.4090","27.4769","28.2485","17.1522","30.0767","23.7253","44.2186","27.3908","24.4786","15.1540","11.0000","61.6749","11.7326","11.3538","11.0000","97.1156","20.0028","19.7963","40.2383","20.2626","21.0237","11.5341","11.0000","16.6675","11.0000","12.6144","11.0000","11.0000","13.0699","14.1236","33.5526","21.6836","11.0000","11.0000","11.0000","13.4429","12.4429","11.0000","11.0000","16.5366","11.0000","18.5631","21.5104","28.7083","11.0000","11.0000","11.0000","37.9189","11.0000","16.9556","11.0000","13.7734","11.0000","16.0947","45.6148","31.3410","11.0000","22.1753","11.0000","43.0797","11.0000","11.0000","18.7336","52.3601","16.4032","13.0195","24.1057","24.8969","12.1805","11.0000","11.0000","11.0000","11.0000","16.9014","11.0000","20.7323","50.0090","14.6085","19.7165","23.1924","17.0488","11.0000","11.0000","11.0000","11.0000","17.2542","12.5504","119.5521","11.0000","34.6994","20.4368"
"C:\Users\cfg364\Sommerlab Dropbox\Casper van der Luijt\Casper\Data\BioLog\OmniLog\CL3\DATA_2024\08\_RIB40_Aspergillus oryzae__2_30_CL3_769_8#19#2024_A_ 8B_6.OKA","8/19/2024 7:16:29 PM"," 8-B","PM02A","","RIB40","Aspergillus oryzae","",18.5000,"28.4956","22.3342","18.4998","22.2985","26.6997","29.3546","25.3935","29.5543","19.0533","30.5763","26.0911","43.9174","27.0231","24.7203","13.2863","12.3727","63.0159","14.4354","11.3559","11.0000","95.1030","24.9869","19.4109","36.3452","21.0483","21.0599","14.6491","11.0000","17.7143","11.0000","11.0000","11.0000","11.0000","19.0448","18.4033","35.8710","25.3415","11.0000","11.0000","11.0000","15.0046","11.0000","11.0000","11.0000","11.8071","11.0000","23.8788","22.4485","27.2740","11.0000","11.0000","11.0000","36.8349","11.0000","16.1968","11.0000","15.9629","11.0000","19.8292","51.8210","33.3394","11.0000","23.3584","11.0000","43.9862","11.0000","11.0000","18.0266","51.9026","17.1376","12.1565","23.7982","25.9678","14.2365","11.3719","11.0000","11.0000","11.0000","22.3409","11.0000","18.7273","52.0938","18.2229","21.1102","28.4679","18.9749","11.0000","11.0000","14.8311","11.0000","16.1448","12.5134","119.7269","11.0000","36.1545","22.5092"
"C:\Users\cfg364\Sommerlab Dropbox\Casper van der Luijt\Casper\Data\BioLog\OmniLog\CL3\DATA_2024\08\_RIB40_Aspergillus oryzae__2_30_CL3_769_8#19#2024_A_ 8B_6.OKA","8/19/2024 7:16:29 PM"," 8-B","PM02A","","RIB40","Aspergillus oryzae","",18.7500,"32.3951","26.5818","15.9067","19.1804","26.5165","32.0469","24.1080","31.4172","20.4259","28.5913","24.5907","41.4204","26.2354","23.1504","12.5517","11.0000","64.0005","12.3424","12.0301","11.0000","98.1478","21.3651","19.5439","35.5344","22.9975","19.9584","14.9652","11.5786","17.9197","14.8274","11.9216","11.0000","12.2776","16.5730","21.2892","35.0776","20.6433","11.0000","12.2608","11.0000","14.3362","12.6417","11.0000","11.0000","14.6142","11.0000","17.9779","22.6744","33.3861","14.0760","11.1554","11.0000","35.0524","11.0000","13.2529","11.0000","14.9257","11.0000","16.5371","49.9626","32.4317","11.0000","21.1830","13.2578","43.0664","11.0000","11.0000","17.7330","57.8467","17.2020","11.0000","22.4568","24.8043","15.8375","13.2580","11.0000","11.0000","11.0000","19.9755","11.0000","17.2509","46.7234","13.7264","17.1268","28.0530","16.0361","11.0000","11.0000","11.0000","11.0000","14.6149","13.7074","117.0577","11.0000","35.9944","23.2537"
"C:\Users\cfg364\Sommerlab Dropbox\Casper van der Luijt\Casper\Data\BioLog\OmniLog\CL3\DATA_2024\08\_RIB40_Aspergillus oryzae__2_30_CL3_769_8#19#2024_A_ 8B_6.OKA","8/19/2024 7:16:29 PM"," 8-B","PM02A","","RIB40","Aspergillus oryzae","",19.0000,"31.4380","24.3881","17.3365","19.6541","28.7872","33.4973","21.4342","32.0438","16.9287","28.3237","24.2252","44.4723","27.7028","23.2489","12.0021","15.6526","65.6500","12.6301","15.2815","13.0444","99.2217","21.7247","20.4277","36.0599","23.5000","18.2256","12.1329","11.9964","18.9795","12.6941","11.2224","11.0642","13.4275","12.5785","15.8401","37.7675","22.2874","11.0000","11.0000","11.0000","13.5101","11.0000","11.7292","11.0000","14.8061","11.0000","19.9995","22.4448","33.4166","18.0400","11.2176","11.0000","35.7249","11.0000","12.5548","11.0000","16.1705","11.0000","16.2133","48.4066","33.8481","11.0000","21.8001","12.7630","40.4396","11.0000","11.0000","19.9354","55.4775","17.5537","13.3801","25.4387","25.9953","13.3551","12.3301","11.0000","11.0000","11.0000","15.5514","11.0000","14.2211","49.0602","15.7472","18.2521","28.8240","17.9049","11.0000","11.0000","11.5724","11.0000","15.6613","11.0000","122.2500","11.0000","35.8046","22.9124"
"C:\Users\cfg364\Sommerlab Dropbox\Casper van der Luijt\Casper\Data\BioLog\OmniLog\CL3\DATA_2024\08\_RIB40_Aspergillus oryzae__2_30_CL3_769_8#19#2024_A_ 8B_6.OKA","8/19/2024 7:16:29 PM"," 8-B","PM02A","","RIB40","Aspergillus oryzae","",19.2500,"31.0650","20.4127","16.1217","19.5360","28.9226","29.6554","24.0614","26.9595","23.8257","34.2768","24.8211","40.4177","27.7894","19.6741","18.7908","14.1931","62.9108","17.7370","12.1622","14.1143","99.4287","20.4459","19.5296","30.2610","25.1960","18.1702","12.3851","14.0914","18.4079","11.7285","11.0000","11.0000","11.3853","11.8087","17.0549","35.8528","20.5570","11.0000","11.9421","11.0000","21.1460","14.2741","11.0000","11.0000","14.1692","11.0000","20.3769","19.7139","33.0011","11.0000","11.9343","11.0000","35.7858","11.0000","13.6242","11.0000","12.3990","13.7252","19.0780","53.5918","34.3922","11.0000","21.2005","11.0000","46.2620","11.0000","11.0000","16.9513","55.5132","18.8910","13.8861","25.3882","26.8967","14.9222","11.0000","12.0169","11.0000","11.0000","21.3991","11.0000","15.7482","46.3148","15.7620","20.2506","27.9728","13.6690","11.0000","11.0000","11.0000","11.0000","17.2412","11.0000","120.7968","11.0000","30.8842","27.2245"
"C:\Users\cfg364\Sommerlab Dropbox\Casper van der Luijt\Casper\Data\BioLog\OmniLog\CL3\DATA_2024\08\_RIB40_Aspergillus oryzae__2_30_CL3_769_8#19#2024_A_ 8B_6.OKA","8/19/2024 7:16:29 PM"," 8-B","PM02A","","RIB40","Aspergillus oryzae","",19.5000,"31.2101","27.6812","16.1295","16.5277","29.5057","34.4445","18.8346","25.5412","19.8653","30.0724","23.7702","37.6182","27.9046","24.1366","17.7684","11.8313","64.7632","12.8487","13.4199","12.1357","103.7449","22.2771","22.1592","29.2205","23.1203","14.0728","11.6004","11.0000","14.3472","12.0693","11.0000","11.0000","15.5189","17.0026","15.6014","36.7745","20.6778","11.0000","11.0000","11.0000","12.8741","17.1209","13.4104","11.0000","14.4566","11.0000","20.1283","23.1875","28.6432","12.8558","11.0000","11.0000","38.2505","11.0000","11.4431","11.0000","16.7066","11.0000","15.9543","51.3525","35.1596","11.0000","22.9792","11.0000","39.3099","11.0000","11.0000","17.9165","58.8475","18.5264","15.0030","22.4263","28.3059","14.2705","11.2474","11.0000","11.0000","11.0000","15.4780","11.2524","15.1623","51.1196","19.9085","22.1956","30.6938","13.3055","11.0000","11.0000","11.0000","11.0000","16.4843","11.3161","121.6291","11.0000","32.2214","20.7787"
"C:\Users\cfg364\Sommerlab Dropbox\Casper van der Luijt\Casper\Data\BioLog\OmniLog\CL3\DATA_2024\08\_RIB40_Aspergillus oryzae__2_30_CL3_769_8#19#2024_A_ 8B_6.OKA","8/19/2024 7:16:29 PM"," 8-B","PM02A","","RIB40","Aspergillus oryzae","",19.7500,"27.6929","25.1979","18.5701","16.9766","27.6420","27.9196","18.2400","27.4854","27.7201","30.7349","25.7690","44.3372","29.3281","26.1002","16.3630","12.1111","61.2181","15.6472","11.0000","11.0000","97.3922","17.0932","19.7738","33.4323","19.3128","20.6502","11.0000","13.6036","11.0000","12.8624","11.0000","11.0000","13.8483","17.9545","18.7103","37.0211","22.3477","11.0000","11.0000","11.0000","13.1976","12.6334","11.0000","12.5905","11.0000","15.0643","15.0985","21.3930","29.8862","12.3428","11.6850","11.0000","38.4122","11.0000","11.0000","11.0000","13.4548","11.0000","13.8791","54.2069","32.3425","11.0000","22.4365","11.0000","42.7485","11.0000","11.0000","15.6206","59.6910","18.4119","16.4212","22.7393","25.7643","15.9091","12.5170","11.0000","11.0000","11.0000","16.2379","11.0000","14.4475","47.1103","15.9337","22.0305","28.0370","16.7394","11.4050","11.8625","11.3177","11.0000","15.3638","13.7813","118.2668","11.0000","33.4686","18.7222"
"C:\Users\cfg364\Sommerlab Dropbox\Casper van der Luijt\Casper\Data\BioLog\OmniLog\CL3\DATA_2024\08\_RIB40_Aspergillus oryzae__2_30_CL3_769_8#19#2024_A_ 8B_6.OKA","8/19/2024 7:16:29 PM"," 8-B","PM02A","","RIB40","Aspergillus oryzae","",20.0000,"31.4542","25.2950","18.0503","15.9963","29.4632","28.3734","17.3555","29.1964","26.9646","30.3682","22.1017","48.5783","29.8260","23.4143","16.9122","14.4919","59.1755","11.5729","11.0000","11.0000","99.6365","16.7952","19.0481","34.0226","21.8511","14.9316","11.7281","12.1572","11.6303","13.4937","11.0000","11.0000","11.6081","15.1534","18.5497","41.6150","22.9817","11.0000","11.0000","11.0000","12.1147","16.4656","13.1293","11.1590","12.6447","11.0000","20.2790","20.9027","29.2750","11.0000","11.0000","11.0000","40.8898","11.0000","11.0000","11.0000","13.5186","11.0000","13.5520","56.9014","32.9285","11.0000","23.9778","11.0000","38.9040","11.0000","11.0000","13.5635","57.7256","17.0381","12.7643","20.4479","28.3215","14.9589","13.6624","11.0000","11.0000","11.0000","15.7300","11.0000","14.7986","47.0142","15.9977","18.1154","29.3617","16.8655","11.0000","11.0000","11.5401","11.0000","16.3441","13.1492","120.2682","11.0000","32.6118","21.9605"
"C:\Users\cfg364\Sommerlab Dropbox\Casper van der Luijt\Casper\Data\BioLog\OmniLog\CL3\DATA_2024\08\_RIB40_Aspergillus oryzae__2_30_CL3_769_8#19#2024_A_ 8B_6.OKA","8/19/2024 7:16:29 PM"," 8-B","PM02A","","RIB40","Aspergillus oryzae","",20.2500,"31.8511","23.3938","20.8390","14.6060","28.3020","35.9472","20.3073","27.9815","21.3481","27.5398","23.3097","48.3619","28.1036","24.3191","16.1127","15.7617","63.4464","14.3738","12.0998","14.7938","100.7961","24.5767","21.4865","29.9425","24.8631","19.6027","15.3911","11.3217","16.6015","14.0967","11.0000","11.0000","11.0000","11.0000","17.3586","38.4130","24.6330","11.0000","11.0000","11.0000","15.9419","15.4450","11.0000","11.8272","17.8651","11.0000","20.2866","19.2718","29.2628","11.0000","13.0578","11.0000","37.2682","11.0000","12.7393","11.0000","14.8234","11.0000","18.7031","57.8344","32.3549","11.0000","25.1380","13.5368","45.6699","11.0000","11.0000","13.2078","56.5756","17.1423","11.4824","24.6140","26.2653","17.2053","12.3636","11.0000","11.0000","11.0000","16.5570","11.0000","16.9129","44.3057","18.7029","19.8813","29.7037","14.9308","11.0000","11.0000","11.0000","11.0000","17.8726","11.0000","121.0923","11.0000","34.1282","19.8587"
"C:\Users\cfg364\Sommerlab Dropbox\Casper van der Luijt\Casper\Data\BioLog\OmniLog\CL3\DATA_2024\08\_RIB40_Aspergillus oryzae__2_30_CL3_769_8#19#2024_A_ 8B_6.OKA","8/19/2024 7:16:29 PM"," 8-B","PM02A","","RIB40","Aspergillus oryzae","",20.5000,"29.8252","24.4673","17.4833","16.4406","25.2820","34.1194","21.5809","24.1161","22.2104","32.8419","30.3770","50.3974","24.8889","24.3191","17.5919","16.5236","63.9456","14.0237","13.7818","12.8482","101.4477","25.7872","21.7833","31.7938","22.2481","15.3177","17.1790","14.4100","18.8733","13.3699","11.0000","11.0000","12.3777","13.1930","16.8769","44.0994","25.4256","11.0000","11.0000","11.0000","12.4985","20.3283","13.1290","11.0000","18.0567","12.8815","18.7551","23.8818","28.7733","11.0000","11.0000","11.0000","35.9548","11.0000","12.2966","11.0000","15.6836","11.0000","16.3728","57.0729","32.7252","11.0000","24.0033","11.0000","42.3967","11.0000","11.0000","16.9295","62.7585","16.6944","12.5438","26.8309","28.9966","16.7621","11.7128","11.0000","12.8128","11.8558","14.4612","11.9133","18.2799","44.4979","17.0089","23.0799","25.5370","14.9308","11.0000","11.0000","11.0000","11.0000","18.5662","14.2902","123.5038","11.0000","31.5266","23.7752"
"C:\Users\cfg364\Sommerlab Dropbox\Casper van der Luijt\Casper\Data\BioLog\OmniLog\CL3\DATA_2024\08\_RIB40_Aspergillus oryzae__2_30_CL3_769_8#19#2024_A_ 8B_6.OKA","8/19/2024 7:16:29 PM"," 8-B","PM02A","","RIB40","Aspergillus oryzae","",20.7500,"33.2536","26.1588","18.4933","15.5233","29.4974","36.4602","19.7195","24.7107","24.9632","27.8399","28.6185","48.5917","28.9775","27.3625","18.6530","16.3966","65.4432","17.5566","11.8087","13.8210","102.5555","23.4317","21.9152","32.5211","27.4467","18.1962","16.9280","13.9275","17.8152","15.0762","11.0000","11.0000","12.6340","11.0000","14.3720","41.3384","24.3476","11.0000","11.0000","11.0000","12.0521","17.0415","11.0000","14.6270","14.7040","12.5247","19.9282","22.8682","30.5476","11.0000","11.0000","11.0000","36.6916","11.0000","13.6881","11.0000","17.3086","11.5885","18.1853","56.8508","30.9971","11.0000","22.8073","12.1137","42.0472","11.0000","11.0000","14.6586","61.1331","18.2619","14.9239","26.1128","27.7220","18.4400","11.0000","11.0000","11.0000","11.0000","14.4930","11.5984","18.6296","42.8326","19.6617","21.1235","30.5988","15.8818","11.0000","11.0000","11.0000","11.0000","18.8815","16.5363","123.4716","11.0000","31.5266","18.9573"
"C:\Users\cfg364\Sommerlab Dropbox\Casper van der Luijt\Casper\Data\BioLog\OmniLog\CL3\DATA_2024\08\_RIB40_Aspergillus oryzae__2_30_CL3_769_8#19#2024_A_ 8B_6.OKA","8/19/2024 7:16:29 PM"," 8-B","PM02A","","RIB40","Aspergillus oryzae","",21.0000,"33.0650","25.6843","16.7309","18.6417","28.5711","35.9299","21.2923","25.2852","24.2057","36.0899","31.6147","53.2372","30.8406","27.6635","23.6149","15.3818","63.5193","13.3224","11.0000","13.1498","98.9389","22.1236","22.1989","33.2261","26.7922","20.7430","18.1629","11.4520","16.2334","12.6179","12.6325","15.7656","18.0185","12.0616","18.7045","42.3603","23.9305","11.0000","13.7391","11.0000","18.9820","17.9626","17.4668","11.0000","12.4197","14.3465","22.2384","23.8214","32.1399","11.0000","11.0000","11.0000","40.5802","11.0000","11.0319","11.0000","16.8537","12.0100","20.2426","62.4816","30.4920","11.0000","21.4513","11.0000","39.8141","11.0000","11.0000","16.7518","63.3291","22.4070","13.5973","29.9152","29.5837","19.2641","11.3732","11.0000","11.0000","11.0000","13.7676","11.0000","15.8639","44.5054","17.1729","18.2505","33.2956","17.0098","11.0000","11.0000","12.8367","11.0000","18.2252","14.5767","130.4494","11.0000","29.9957","24.6192"
"C:\Users\cfg364\Sommerlab Dropbox\Casper van der Luijt\Casper\Data\BioLog\OmniLog\CL3\DATA_2024\08\_RIB40_Aspergillus oryzae__2_30_CL3_769_8#19#2024_A_ 8B_6.OKA","8/19/2024 7:16:29 PM"," 8-B","PM02A","","RIB40","Aspergillus oryzae","",21.2500,"35.5753","26.9513","20.5732","18.6101","25.1836","34.9958","19.8501","24.0673","26.7873","34.9268","29.6293","51.6936","31.0275","24.3699","20.2210","16.1438","64.6447","16.4720","11.0000","15.0064","101.3935","22.7818","21.0791","31.0497","27.3607","20.5811","15.5554","11.0000","14.5098","11.0000","11.0000","17.1729","13.5522","16.2437","17.9341","44.5413","26.5862","11.0000","11.9760","11.0000","17.3414","16.4818","17.0547","11.0000","12.5487","13.6642","21.2910","25.2896","30.6408","11.7041","11.0000","11.0000","41.3753","11.0000","11.0000","11.0000","17.6491","11.9774","17.3764","66.4320","32.6201","11.0000","21.4206","11.2176","42.3141","11.0000","11.0000","15.7721","64.1527","20.5857","13.4370","26.7315","29.4624","19.6426","11.0000","11.0000","11.0000","11.0000","12.5269","11.0000","16.6904","42.1671","17.6846","20.2194","31.5119","17.6392","11.0000","11.0000","11.0000","11.0000","20.6127","15.3681","125.1505","11.0000","30.4093","25.5436"
"C:\Users\cfg364\Sommerlab Dropbox\Casper van der Luijt\Casper\Data\BioLog\OmniLog\CL3\DATA_2024\08\_RIB40_Aspergillus oryzae__2_30_CL3_769_8#19#2024_A_ 8B_6.OKA","8/19/2024 7:16:29 PM"," 8-B","PM02A","","RIB40","Aspergillus oryzae","",21.5000,"36.2260","26.1716","19.6941","16.6839","25.1836","36.0587","15.9823","26.4043","24.3712","31.5372","33.1699","51.1681","28.5669","28.0548","22.7184","18.2077","64.8323","17.3628","13.6942","15.7229","95.1098","24.4602","20.7826","31.5773","28.0872","18.8332","16.2779","11.1291","16.8288","13.4744","11.9283","13.0150","15.9129","16.0829","15.3659","40.9724","28.1985","11.0000","11.0000","11.0000","18.9189","18.2461","12.5850","11.0000","12.5165","14.8988","22.2384","26.4640","28.4993","11.0000","12.0590","11.0000","40.2303","11.0000","11.2232","11.0000","17.5218","11.9774","22.8834","65.9264","32.0033","11.0000","24.1871","12.0568","42.0577","11.0000","11.0000","15.1716","64.8179","18.7005","13.7256","27.0436","32.6456","17.4031","11.1555","11.0000","11.0000","11.0000","13.2268","11.1904","19.3925","44.4734","18.1004","20.5632","34.1259","19.4956","11.1566","11.0000","12.6467","11.0000","19.5446","14.7034","129.2684","11.0000","31.4911","24.3111"
"C:\Users\cfg364\Sommerlab Dropbox\Casper van der Luijt\Casper\Data\BioLog\OmniLog\CL3\DATA_2024\08\_RIB40_Aspergillus oryzae__2_30_CL3_769_8#19#2024_A_ 8B_6.OKA","8/19/2024 7:16:29 PM"," 8-B","PM02A","","RIB40","Aspergillus oryzae","",21.7500,"35.8852","27.5361","18.5218","20.8206","26.3866","36.4452","18.9651","28.5438","21.3594","29.9753","32.4088","50.7411","29.7193","27.6635","22.3662","19.4143","64.7698","16.6628","11.0000","12.5635","92.8189","23.9995","20.8155","28.9721","28.0240","18.7685","13.7332","11.0000","16.7974","12.5545","11.0000","12.8231","18.7841","11.0000","17.3883","43.8804","27.9140","11.0000","11.8186","11.0000","16.7420","19.2228","15.6599","11.6381","12.7423","13.7291","17.7300","23.5278","18.9848","11.0000","11.0000","11.0000","39.0216","11.0000","11.0000","11.0000","18.4126","11.0000","20.8223","68.6443","32.1575","11.0000","22.6809","11.0622","43.4359","11.0000","11.0000","14.0023","62.0938","16.4000","14.2066","25.3893","29.7353","19.1064","13.3637","11.0000","11.0000","11.0000","12.7178","11.0000","14.2744","37.2342","18.1324","16.9692","33.3571","18.1741","11.0000","11.0000","13.5017","11.0000","19.5760","12.7725","127.9277","11.0000","25.5092","25.4820"
"C:\Users\cfg364\Sommerlab Dropbox\Casper van der Luijt\Casper\Data\BioLog\OmniLog\CL3\DATA_2024\08\_RIB40_Aspergillus oryzae__2_30_CL3_769_8#19#2024_A_ 8B_6.OKA","8/19/2024 7:16:29 PM"," 8-B","PM02A","","RIB40","Aspergillus oryzae","",22.0000,"36.8781","31.1201","19.2201","19.4483","26.3125","38.4100","22.9879","23.3275","26.1513","39.0002","29.4350","53.0152","29.6450","23.3802","19.8113","17.3223","68.9220","18.4356","11.2575","14.5105","97.0344","29.7826","23.5484","34.5489","27.2086","12.9947","12.1359","14.4762","15.2632","17.2685","11.0000","12.8849","16.7635","14.1986","26.5523","45.7254","29.2486","11.8147","13.1826","11.0000","15.6431","22.6817","11.0000","12.5956","12.9312","19.7091","23.3019","25.5649","23.0470","11.0000","11.0000","11.0000","41.1054","11.0000","13.8605","11.0000","15.9374","11.0000","18.8325","69.1150","34.3773","11.0000","21.6875","12.0274","44.3484","11.0000","11.0000","17.9590","62.2794","17.6061","15.5963","25.7546","29.4902","15.2865","11.0622","11.0000","11.0000","11.0000","13.3412","11.0000","11.7688","38.5083","17.1195","21.6180","35.1049","13.8994","11.2489","11.0000","11.0000","11.0000","14.7703","19.4355","124.2713","11.7382","31.4926","22.6791"
"C:\Users\cfg364\Sommerlab Dropbox\Casper van der Luijt\Casper\Data\BioLog\OmniLog\CL3\DATA_2024\08\_RIB40_Aspergillus oryzae__2_30_CL3_769_8#19#2024_A_ 8B_6.OKA","8/19/2024 7:16:29 PM"," 8-B","PM02A","","RIB40","Aspergillus oryzae","",22.2500,"39.4074","32.5365","18.3394","19.5744","28.7385","41.1800","21.9100","22.8944","23.4932","35.4588","30.0318","56.2471","29.8944","25.5804","20.3901","22.2077","67.4592","19.9860","14.3797","14.9981","95.1478","29.7500","24.2730","38.4682","26.7970","17.5400","16.2691","13.3497","14.9810","19.4735","14.0323","14.9615","16.7953","16.1372","23.3718","47.7333","32.6011","11.0000","11.7592","11.0000","12.1767","20.8918","11.0000","12.2765","14.8947","15.5974","25.6451","25.2376","21.5526","11.0000","12.2152","11.0000","38.7554","11.0000","12.9070","11.0000","12.5290","11.0000","16.0375","67.8427","33.0257","11.0000","20.8844","11.0000","39.6348","11.0000","11.0000","18.6173","64.3433","15.3613","17.3519","25.2533","31.0133","14.6832","12.8646","11.9889","11.0000","11.0000","14.7650","11.0000","14.2675","36.8091","16.9913","23.6612","34.0864","12.2426","15.2316","11.0000","11.0000","11.0000","19.0476","12.7061","126.7107","14.3700","29.4686","22.7720"
"C:\Users\cfg364\Sommerlab Dropbox\Casper van der Luijt\Casper\Data\BioLog\OmniLog\CL3\DATA_2024\08\_RIB40_Aspergillus oryzae__2_30_CL3_769_8#19#2024_A_ 8B_6.OKA","8/19/2024 7:16:29 PM"," 8-B","PM02A","","RIB40","Aspergillus oryzae","",22.5000,"40.1476","31.0235","18.8287","19.8896","28.9591","40.4070","21.9100","28.5584","23.2606","39.1656","33.1817","55.6865","29.0526","25.3506","20.4544","14.7040","69.1087","20.4290","13.8968","16.8184","99.2137","31.6055","21.6711","33.1656","29.3613","17.5727","12.1359","11.9334","18.2725","19.1270","14.2557","13.3322","21.2214","13.4232","24.0397","48.7207","33.4234","11.3910","11.1265","11.1280","14.9116","23.1213","11.9623","13.1062","11.8691","18.0256","21.9024","23.7320","18.3807","11.0000","11.0000","11.0000","42.4074","11.0000","14.3372","11.0000","16.0648","11.0000","19.8724","68.1608","32.9642","11.0000","22.3362","11.0000","40.4685","11.0000","11.0000","17.8963","66.2802","18.0550","13.6812","26.3184","27.5406","16.6518","13.8279","11.4017","11.0000","11.0000","13.7525","14.3547","14.6840","37.3220","19.3943","18.7391","35.2284","15.0464","18.9966","11.0000","11.0000","11.0000","16.6713","17.3504","126.7749","12.7973","31.1447","24.3829"
"C:\Users\cfg364\Sommerlab Dropbox\Casper van der Luijt\Casper\Data\BioLog\OmniLog\CL3\DATA_2024\08\_RIB40_Aspergillus oryzae__2_30_CL3_769_8#19#2024_A_ 8B_6.OKA","8/19/2024 7:16:29 PM"," 8-B","PM02A","","RIB40","Aspergillus oryzae","",22.7500,"36.5228","29.2712","18.2497","21.3221","27.1685","39.4199","23.7216","28.6368","22.2861","35.4878","29.3092","55.1439","29.8213","26.3127","19.4561","17.9630","70.0434","15.8219","14.4451","16.0344","96.7236","26.7200","24.2638","31.0059","27.7480","18.9775","14.4589","14.0624","20.6236","17.9600","11.0000","15.3586","15.4680","18.1620","20.2433","46.2712","33.0352","11.0000","15.4912","11.0000","11.5740","21.9450","15.9267","16.5050","11.4845","17.2903","18.8093","20.1158","18.3772","11.0000","11.0000","11.0000","39.8456","11.7187","13.2185","13.2867","13.7428","11.3593","21.5919","76.2564","31.6692","11.0000","25.5088","11.0000","45.9153","11.0000","11.0315","16.9740","68.8132","18.8254","13.0645","25.5466","28.0830","15.8057","11.0000","11.0000","11.0000","11.0000","11.9223","14.2137","13.3008","36.3850","15.7333","21.0418","35.2426","15.6654","11.9995","11.0000","11.0000","11.0000","19.7622","16.6197","129.7538","12.3821","31.3889","27.3118"
"C:\Users\cfg364\Sommerlab Dropbox\Casper van der Luijt\Casper\Data\BioLog\OmniLog\CL3\DATA_2024\08\_RIB40_Aspergillus oryzae__2_30_CL3_769_8#19#2024_A_ 8B_6.OKA","8/19/2024 7:16:29 PM"," 8-B","PM02A","","RIB40","Aspergillus oryzae","",23.0000,"37.2018","27.6190","21.5007","19.8430","26.6306","36.5292","22.1233","29.8258","19.9822","35.5545","35.6560","63.1820","33.6103","28.8267","18.0683","20.3266","69.8874","16.2690","13.3182","16.7814","93.8227","25.9290","24.1650","33.6932","30.0591","18.6506","15.3079","12.4829","16.4367","17.0741","11.9277","15.1343","16.7445","17.7124","22.7146","51.8698","30.4391","14.6523","16.0565","11.0000","14.4760","21.2845","15.9585","13.5457","11.9045","13.4770","22.2401","26.6084","16.9691","11.0000","11.0000","12.5375","40.6139","12.4061","15.4370","11.5399","14.3806","13.0249","23.3680","75.0928","31.7001","12.1820","26.2113","14.9921","47.4834","11.0000","12.4160","19.3321","67.7661","12.4054","13.7742","25.1688","30.3099","14.6600","11.0000","11.0000","11.0000","11.0000","11.6361","12.1028","12.2782","38.3328","17.2467","19.3578","34.3493","15.8876","12.0932","11.0000","11.0000","11.0000","19.3525","15.5402","127.9584","11.0000","28.9511","27.9274"
"C:\Users\cfg364\Sommerlab Dropbox\Casper van der Luijt\Casper\Data\BioLog\OmniLog\CL3\DATA_2024\08\_RIB40_Aspergillus oryzae__2_30_CL3_769_8#19#2024_A_ 8B_6.OKA","8/19/2024 7:16:29 PM"," 8-B","PM02A","","RIB40","Aspergillus oryzae","",23.2500,"37.7882","30.4051","20.5579","21.8571","28.9087","39.8747","23.1345","30.9487","22.7870","35.4878","32.1005","59.2947","33.8899","26.2474","18.6170","18.5060","68.6710","18.0892","17.1496","20.2893","98.4837","25.2040","23.7372","35.8497","29.8375","19.3699","16.5656","14.8683","20.7173","18.7192","13.0473","16.5124","18.1488","20.6992","21.3666","55.1302","32.5603","12.1739","16.4334","11.1928","13.0410","20.5926","16.5942","14.2776","12.1629","14.6177","22.0114","26.0837","20.8261","11.0000","11.1874","14.3260","40.0056","12.7186","18.1943","11.0000","19.2602","12.9922","24.5628","79.6529","32.7196","11.2875","24.3481","11.0000","44.0591","11.0000","11.9440","17.5399","69.4478","17.6436","14.7742","24.6965","30.1268","18.5427","12.5595","11.0000","11.0000","11.0319","11.0000","16.2617","12.7575","34.5331","15.6045","21.4161","37.6761","16.3637","11.0937","11.0000","11.0000","11.0000","19.6362","17.3817","132.1583","13.2177","29.9009","27.7427"
"C:\Users\cfg364\Sommerlab Dropbox\Casper van der Luijt\Casper\Data\BioLog\OmniLog\CL3\DATA_2024\08\_RIB40_Aspergillus oryzae__2_30_CL3_769_8#19#2024_A_ 8B_6.OKA","8/19/2024 7:16:29 PM"," 8-B","PM02A","","RIB40","Aspergillus oryzae","",23.5000,"40.4423","28.9473","19.1599","24.9726","27.9595","43.1876","23.4280","33.5909","24.7571","37.5896","32.5657","64.2032","33.6414","28.4349","22.4254","19.8795","72.7257","18.1850","13.7045","21.0363","95.5828","23.4903","25.7777","35.5843","29.0460","17.4409","18.3894","13.9980","19.6237","20.8705","16.3421","16.7367","16.9360","17.7124","22.0085","55.4266","33.6684","16.8371","16.9045","12.3821","11.7016","18.8942","19.6138","14.8503","11.0969","14.2592","20.8024","25.7558","18.9588","11.0000","11.0000","11.0000","39.0452","11.0312","14.7081","11.9845","17.8888","14.3313","20.0742","81.4455","31.1748","14.8654","25.2339","11.0000","45.8513","11.0000","11.0000","12.9808","69.7651","16.3660","15.8065","26.7116","27.3508","15.0100","13.8071","11.0000","11.0000","11.0000","11.0000","16.5138","11.5752","32.3298","16.6349","21.0106","37.6453","14.7451","14.6231","11.0000","11.0000","11.0000","18.7221","14.1115","133.2164","12.1892","30.8506","27.5273"
"C:\Users\cfg364\Sommerlab Dropbox\Casper van der Luijt\Casper\Data\BioLog\OmniLog\CL3\DATA_2024\08\_RIB40_Aspergillus oryzae__2_30_CL3_769_8#19#2024_A_ 8B_6.OKA","8/19/2024 7:16:29 PM"," 8-B","PM02A","","RIB40","Aspergillus oryzae","",23.7500,"36.2672","28.8743","17.6548","21.9354","30.9559","43.2391","25.7382","31.0618","30.1000","33.8078","31.8713","56.2402","30.7086","22.6758","23.7931","20.9140","68.9146","21.6822","12.6464","19.7913","100.0541","26.0907","23.9076","34.1310","26.7172","18.5322","16.9028","13.7973","18.0344","21.3443","13.4202","15.7169","15.9959","16.0676","23.9526","50.5579","29.9171","12.4363","14.0676","11.0000","12.3686","23.4245","16.5368","12.6562","13.0346","18.3198","21.1315","27.5745","18.3825","11.0000","11.0000","11.0000","40.1824","11.0000","15.0298","11.2535","19.0117","13.8635","22.2564","73.9889","30.3533","11.0000","21.8659","11.0000","46.0565","13.1411","11.8482","13.5853","70.9074","16.6359","13.7509","26.6862","27.0562","18.3833","11.0000","12.6013","11.0000","11.0000","16.4865","12.4908","11.0000","30.4761","22.8926","19.0124","36.1996","16.3383","18.2911","11.8623","11.0000","11.0000","17.7586","17.6633","136.4810","14.2973","30.3095","24.0626"
"C:\Users\cfg364\Sommerlab Dropbox\Casper van der Luijt\Casper\Data\BioLog\OmniLog\CL3\DATA_2024\08\_RIB40_Aspergillus oryzae__2_30_CL3_769_8#19#2024_A_ 8B_6.OKA","8/19/2024 7:16:29 PM"," 8-B","PM02A","","RIB40","Aspergillus oryzae","",24.0000,"37.1158","30.2253","20.7768","21.4446","31.4720","43.6450","26.7819","29.3152","24.3322","30.8938","31.3014","59.1881","27.9086","21.6266","20.0322","15.0699","70.6223","24.9110","11.0000","18.0942","100.2568","26.0831","23.7175","34.9893","30.5293","19.6085","19.9255","12.2620","16.2116","15.8249","12.5370","15.3616","15.8321","17.6692","18.4657","50.1048","27.1598","11.0000","13.7753","11.0000","14.0772","22.6408","18.8686","13.6919","13.8290","13.2634","17.8813","26.6620","18.6178","11.0000","11.7476","11.0000","37.3983","11.0000","15.4142","11.0000","17.7819","13.7365","19.7992","78.4674","32.4301","11.0000","25.3902","11.5914","47.1409","13.7683","11.0000","11.0000","71.4548","15.4686","12.5141","26.0867","24.8564","15.0106","11.0000","11.0000","11.0000","11.0000","15.0820","11.2858","11.0000","26.9924","19.0037","22.9960","40.2659","13.6070","14.3760","11.5252","11.0000","11.0000","16.4759","15.8432","132.9273","13.8199","30.1792","26.0117"
"C:\Users\cfg364\Sommerlab Dropbox\Casper van der Luijt\Casper\Data\BioLog\OmniLog\CL3\DATA_2024\08\_RIB40_Aspergillus oryzae__2_30_CL3_769_8#19#2024_A_ 8B_6.OKA","8/19/2024 7:16:29 PM"," 8-B","PM02A","","RIB40","Aspergillus oryzae","",24.2500,"36.5845","33.1979","20.4965","24.0430","30.7307","46.5829","24.3099","32.4480","30.1145","33.8137","30.0139","56.4990","31.6945","25.6540","21.3870","21.3581","72.1269","19.8987","19.8274","22.4340","102.3860","32.0082","25.5417","34.4340","31.1643","16.7128","15.1816","12.8616","17.4114","17.9879","15.7219","11.0000","13.7442","14.4563","26.9830","54.0326","34.5900","17.9195","14.7890","13.3461","14.2736","24.5233","19.0038","16.8651","12.4839","22.5241","24.4854","24.6102","18.9385","11.0000","11.3737","13.6419","40.0456","11.6903","13.2429","12.1107","19.6980","11.1635","21.3176","80.5213","34.7784","13.2062","17.9713","11.0000","47.4818","14.7455","11.0000","12.1396","71.7643","15.7081","15.6073","26.6032","27.5684","16.2763","13.2483","11.3397","11.0000","11.0000","15.0304","11.0000","12.0245","25.5327","14.9924","26.9499","37.1834","19.4000","17.4111","11.0000","11.0319","11.0000","18.0093","18.2452","136.6184","11.8363","30.0085","24.8709"
"C:\Users\cfg364\Sommerlab Dropbox\Casper van der Luijt\Casper\Data\BioLog\OmniLog\CL3\DATA_2024\08\_RIB40_Aspergillus oryzae__2_30_CL3_769_8#19#2024_A_ 8B_6.OKA","8/19/2024 7:16:29 PM"," 8-B","PM02A","","RIB40","Aspergillus oryzae","",24.5000,"37.9506","29.1472","20.3664","20.8295","30.6042","47.0977","25.4217","34.0648","30.1804","36.3115","32.1451","55.6374","33.2194","26.6090","21.1619","19.0634","69.8664","20.3133","18.6397","19.4216","101.0259","27.9895","23.6335","39.1011","28.6675","17.3331","17.6525","16.1356","21.8838","19.1895","15.5304","11.0000","13.6151","18.0742","23.1228","52.5532","35.8566","20.7326","13.3050","14.2460","12.6845","28.1462","16.7398","13.9963","15.1613","20.0963","19.3837","23.1672","16.7623","11.0000","11.9031","12.9185","39.8217","11.0000","13.2750","12.5549","21.2162","11.0000","19.2411","85.0106","33.2730","13.2062","15.1081","12.9277","46.7753","13.8642","11.0000","14.1022","73.3567","17.8713","15.3173","27.0401","28.1797","18.5013","11.5621","11.9572","11.0000","11.0000","14.4592","12.8126","11.0000","26.3009","17.1174","26.1431","36.1311","17.8584","16.4152","11.0000","13.5814","11.0000","16.8358","18.6882","135.4325","14.7633","25.8056","20.7784"
"C:\Users\cfg364\Sommerlab Dropbox\Casper van der Luijt\Casper\Data\BioLog\OmniLog\CL3\DATA_2024\08\_RIB40_Aspergillus oryzae__2_30_CL3_769_8#19#2024_A_ 8B_6.OKA","8/19/2024 7:16:29 PM"," 8-B","PM02A","","RIB40","Aspergillus oryzae","",24.7500,"39.5748","32.5905","23.0669","22.9421","36.3330","48.1782","24.7836","35.0510","25.9024","34.0858","33.8026","65.4217","31.3481","26.2172","22.5760","24.0358","69.4022","20.2606","15.2207","22.0757","99.2775","30.0867","26.0004","39.4648","30.2248","21.7657","18.5249","17.3414","23.7939","17.0539","14.8440","14.3920","17.6884","22.4234","23.3137","54.3192","34.0245","14.8218","16.4423","16.1884","14.3000","25.5398","18.2886","16.9724","18.5486","20.4307","25.5677","30.1801","18.6182","11.2877","14.0109","14.2026","44.1563","11.0000","15.4101","11.1586","14.9890","13.5845","23.8582","82.5616","33.6080","13.0485","22.4716","18.2354","49.0378","11.0000","13.9927","18.6902","76.6352","14.5914","13.4496","27.9258","30.4750","19.5019","12.1507","14.4192","11.0000","13.5775","13.7521","15.6196","11.0956","26.3676","20.5802","22.1998","39.2776","20.5225","20.9993","16.2572","11.0000","11.0000","18.3003","20.1993","135.1008","11.0000","31.4705","30.5563"
"C:\Users\cfg364\Sommerlab Dropbox\Casper van der Luijt\Casper\Data\BioLog\OmniLog\CL3\DATA_2024\08\_RIB40_Aspergillus oryzae__2_30_CL3_769_8#19#2024_A_ 8B_6.OKA","8/19/2024 7:16:29 PM"," 8-B","PM02A","","RIB40","Aspergillus oryzae","",25.0000,"40.5410","31.4293","21.1750","24.1508","38.5352","50.9556","22.3184","34.1306","30.6408","32.3269","32.6725","64.0799","32.5376","28.6580","21.2607","22.3780","74.5316","24.0750","16.3818","27.2307","99.8497","31.8523","26.5444","40.4597","34.3922","22.5516","20.2610","11.0000","17.1850","19.0642","15.6123","17.7083","14.8297","17.7465","24.8206","54.7959","41.6289","13.8283","12.0109","13.2529","16.6696","23.9035","22.3885","17.4452","13.9637","16.9046","21.9583","27.2541","19.2278","11.0000","13.9330","13.0490","41.3159","12.5410","21.3342","13.6360","20.7299","15.6370","23.4208","83.1926","32.8954","13.8718","17.2885","11.0000","47.4875","11.8240","11.0000","11.0000","74.3208","18.2109","12.6442","32.0201","28.8918","20.9296","18.3319","13.8710","11.0000","11.0000","15.4053","17.0461","11.0000","23.9587","16.6834","25.3251","42.0938","20.1119","15.5635","11.0615","13.1848","11.0000","20.1767","21.2927","137.5998","15.0152","31.2215","31.7483"
"C:\Users\cfg364\Sommerlab Dropbox\Casper van der Luijt\Casper\Data\BioLog\OmniLog\CL3\DATA_2024\08\_RIB40_Aspergillus oryzae__2_30_CL3_769_8#19#2024_A_ 8B_6.OKA","8/19/2024 7:16:29 PM"," 8-B","PM02A","","RIB40","Aspergillus oryzae","",25.2500,"37.0729","30.4256","20.5553","22.1276","37.3380","51.5683","21.8249","31.0156","33.4136","33.9314","33.0370","62.4057","28.7865","29.9636","17.4652","21.1669","73.9387","25.2751","15.6084","24.6816","98.7424","29.8882","23.3499","39.0490","32.8789","18.8746","16.6385","11.0973","15.0392","19.8864","16.5666","14.1776","15.8595","19.6099","21.8315","53.7991","38.6415","17.2094","15.5488","14.3794","16.6379","20.8655","19.6527","15.2117","14.9623","15.1430","21.5031","28.3356","17.1479","11.0000","11.8424","11.0000","40.0020","11.1887","19.8126","13.0326","17.5502","11.2286","21.3777","87.6986","29.5910","15.2120","18.9840","11.0000","44.4281","11.0000","11.0000","11.0000","76.8232","15.5743","14.0949","29.7367","30.8798","16.0603","15.3929","11.0000","11.0000","11.7936","14.1059","11.7281","12.5664","19.4248","19.1879","24.7037","39.6996","15.8407","16.0949","12.1986","16.7946","11.0000","19.0415","21.4506","140.0897","14.3406","30.8405","26.2361"
"C:\Users\cfg364\Sommerlab Dropbox\Casper van der Luijt\Casper\Data\BioLog\OmniLog\CL3\DATA_2024\08\_RIB40_Aspergillus oryzae__2_30_CL3_769_8#19#2024_A_ 8B_6.OKA","8/19/2024 7:16:29 PM"," 8-B","PM02A","","RIB40","Aspergillus oryzae","",25.5000,"37.8160","32.4006","18.7291","24.7831","36.3614","50.3106","23.0752","35.8538","29.9146","32.9620","31.9766","64.2768","32.6626","29.0497","21.7754","25.3101","74.4380","25.6225","17.3808","25.6173","97.5373","31.1976","26.4126","35.6044","33.3203","21.1849","17.6465","13.0099","14.4081","20.7719","15.7077","15.4294","15.8917","17.7144","21.8958","52.0047","40.9057","19.1925","14.6959","11.4184","14.1040","26.0018","23.7882","15.2117","17.3784","18.6336","22.7387","26.8937","18.2490","11.0000","13.5273","12.1348","42.7901","11.0000","22.9508","12.7150","16.0239","14.4940","21.3453","87.6986","30.8881","12.1487","18.0900","12.1519","45.5874","11.6972","11.0000","12.6515","78.7238","16.5273","14.4173","28.5793","28.6472","15.4238","17.4038","14.3958","11.0000","12.8729","14.3911","13.4058","11.0000","19.4248","18.7705","24.5483","39.6382","21.5673","16.8763","13.9196","14.9264","11.0000","18.6000","19.2720","140.3131","14.3406","31.4437","26.7006"
"C:\Users\cfg364\Sommerlab Dropbox\Casper van der Luijt\Casper\Data\BioLog\OmniLog\CL3\DATA_2024\08\_RIB40_Aspergillus oryzae__2_30_CL3_769_8#19#2024_A_ 8B_6.OKA","8/19/2024 7:16:29 PM"," 8-B","PM02A","","RIB40","Aspergillus oryzae","",25.7500,"40.1694","35.4763","22.8708","28.8611","37.4956","54.1482","24.2268","35.3567","29.8816","35.7699","32.7719","66.5090","30.5370","28.3969","20.5531","25.9794","76.8095","25.9383","14.5127","25.2624","98.6772","31.0339","26.2480","41.9687","33.6986","21.0873","22.7181","11.0000","18.8575","19.1907","18.0616","16.4565","13.8642","19.1922","22.5707","60.8769","40.3711","18.8349","16.5913","15.0553","17.1447","26.6595","23.5337","17.3495","17.1207","19.7753","25.7953","28.6305","18.7384","13.7648","11.5928","12.3870","42.2773","12.8240","25.1381","13.8266","16.0557","16.5186","23.8749","87.4130","32.7101","14.8291","17.9051","11.8717","49.3231","12.0459","11.0000","11.0000","75.7462","17.0991","15.5779","29.0172","29.9929","14.5645","17.4038","14.7354","11.0000","11.6666","12.8065","11.0317","13.4615","18.1064","20.9860","29.0540","44.4266","20.4283","17.6577","14.3191","13.3432","11.0000","21.8796","23.0292","140.0578","15.6576","30.6183","28.0941"
"C:\Users\cfg364\Sommerlab Dropbox\Casper van der Luijt\Casper\Data\BioLog\OmniLog\CL3\DATA_2024\08\_RIB40_Aspergillus oryzae__2_30_CL3_769_8#19#2024_A_ 8B_6.OKA","8/19/2024 7:16:29 PM"," 8-B","PM02A","","RIB40","Aspergillus oryzae","",26.0000,"38.7760","31.2350","24.2405","28.4818","36.4559","55.0189","21.1339","36.8480","30.4097","33.6640","32.8713","66.6403","30.3494","30.4206","20.7782","22.3461","78.4945","25.3698","17.6064","29.5863","103.8232","30.9030","25.8198","40.9846","35.6532","23.8857","17.8355","12.2319","17.3744","22.5113","16.7256","16.7454","17.9836","16.7185","23.1171","54.3640","43.8616","19.3550","14.2537","12.9633","17.7782","25.6260","23.4701","17.0942","14.8979","18.4378","23.5842","27.1231","16.9950","12.0287","11.0000","11.8511","43.1746","13.2958","23.9969","12.9055","17.3912","13.4491","22.4155","90.8719","34.0072","15.5311","15.7781","15.0473","50.4180","11.0000","12.3610","11.0000","81.9548","18.6557","15.9970","29.5490","30.2376","16.4104","15.4239","11.6792","11.0000","11.7301","14.7397","13.8173","13.3656","15.5339","20.8897","23.6782","43.2295","19.8588","18.3454","16.8392","12.5516","11.0000","20.2398","22.1452","143.2180","14.5012","30.4596","27.9083"
"C:\Users\cfg364\Sommerlab Dropbox\Casper van der Luijt\Casper\Data\BioLog\OmniLog\CL3\DATA_2024\08\_RIB40_Aspergillus oryzae__2_30_CL3_769_8#19#2024_A_ 8B_6.OKA","8/19/2024 7:16:29 PM"," 8-B","PM02A","","RIB40","Aspergillus oryzae","",26.2500,"35.3985","32.1480","24.5559","27.7792","36.5775","57.7552","28.0913","39.2650","27.9325","38.7966","33.4033","65.4282","34.9134","22.5747","23.6241","26.4569","73.4761","19.4463","13.9370","20.2108","102.0179","29.3345","31.7437","40.8851","33.9867","24.6772","18.6193","16.8374","19.0017","20.0211","14.4535","15.4568","22.0581","16.2709","22.6029","59.5291","41.4454","18.1209","17.2802","13.5948","16.4227","28.0513","24.6676","16.5174","17.1729","18.9302","24.5297","29.2810","18.3133","12.5320","13.1386","13.8595","47.1532","13.7264","26.1139","17.8288","15.7290","16.5737","25.6463","90.4914","31.8956","15.0296","22.3022","14.2277","47.2128","13.4896","11.0000","13.9678","78.3214","14.1394","15.7594","27.5507","32.4465","16.6148","12.9283","15.3697","11.0000","14.8380","14.7678","16.9565","13.1994","16.4142","23.0289","26.4714","38.5260","22.4225","16.2161","15.6369","13.4495","11.0000","18.9062","17.0442","141.9767","16.9295","31.1322","24.6136"
"C:\Users\cfg364\Sommerlab Dropbox\Casper van der Luijt\Casper\Data\BioLog\OmniLog\CL3\DATA_2024\08\_RIB40_Aspergillus oryzae__2_30_CL3_769_8#19#2024_A_ 8B_6.OKA","8/19/2024 7:16:29 PM"," 8-B","PM02A","","RIB40","Aspergillus oryzae","",26.5000,"38.3285","28.8629","21.4882","25.0428","36.7259","54.1595","27.0891","34.5574","28.7360","34.1580","34.0680","63.1115","32.1594","27.6866","21.3213","21.4716","75.0617","24.8839","13.5722","24.7392","102.6506","28.0079","23.0143","36.2643","34.4777","18.8964","18.5113","11.9096","22.5584","22.0946","15.4424","15.9546","21.1959","19.0656","25.3215","59.9775","42.2561","18.1182","12.0473","15.6192","13.6403","22.5120","22.5330","18.4790","19.1093","22.6952","21.1043","22.9491","19.1895","12.8929","11.4665","11.0000","43.7094","11.8177","21.2915","14.3470","13.6005","15.0144","19.2700","86.5012","31.8679","14.3631","18.0730","18.7442","53.2693","12.8956","12.3925","12.6034","77.6909","13.5290","15.1651","26.8990","31.8181","18.9451","17.3917","14.4930","11.0000","11.0000","11.2543","15.0313","12.9437","17.3652","19.1749","20.5611","43.5832","19.4713","18.6644","13.7687","11.8943","11.0000","15.5128","19.7364","143.4517","11.0000","31.9790","26.1177"
"C:\Users\cfg364\Sommerlab Dropbox\Casper van der Luijt\Casper\Data\BioLog\OmniLog\CL3\DATA_2024\08\_RIB40_Aspergillus oryzae__2_30_CL3_769_8#19#2024_A_ 8B_6.OKA","8/19/2024 7:16:29 PM"," 8-B","PM02A","","RIB40","Aspergillus oryzae","",26.7500,"40.4021","31.4333","18.9644","28.6008","35.3020","55.7436","21.0925","36.1590","29.1006","32.8155","32.6618","66.7372","31.9718","26.3425","21.3854","21.1825","76.7220","23.8037","11.3582","22.8137","101.1139","25.4650","26.4233","36.2310","37.8903","17.1670","22.3455","12.3644","19.2068","21.5903","14.6434","15.2146","21.4516","16.5270","24.1681","59.8122","43.7777","15.8325","12.9360","16.4853","14.3084","23.0152","20.9400","15.2646","15.4086","20.5451","22.2777","29.2035","16.4393","11.0000","14.5450","11.5048","44.7891","11.6919","23.3879","15.1363","13.8252","16.8094","22.8235","89.3940","32.4510","13.1780","17.7024","16.6068","49.2314","13.9382","11.0000","16.0618","82.6110","12.8887","17.1992","29.2870","29.8950","18.7227","16.0948","14.0602","11.0000","11.0000","11.0000","11.8570","13.7084","15.0303","18.4025","22.5296","41.0555","13.1975","21.0011","15.7068","11.0000","11.0000","14.8137","18.8468","139.6674","15.5754","31.5988","24.8786"
"C:\Users\cfg364\Sommerlab Dropbox\Casper van der Luijt\Casper\Data\BioLog\OmniLog\CL3\DATA_2024\08\_RIB40_Aspergillus oryzae__2_30_CL3_769_8#19#2024_A_ 8B_6.OKA","8/19/2024 7:16:29 PM"," 8-B","PM02A","","RIB40","Aspergillus oryzae","",27.0000,"40.7426","31.9214","21.5209","30.1436","39.8270","58.7179","25.3851","35.0245","32.5152","35.9704","31.4565","68.2204","32.4094","30.7354","24.4305","21.8892","78.1003","22.7235","11.0326","23.4990","100.6234","25.5641","26.3240","40.6914","34.8569","21.1152","20.9312","14.9632","21.5248","22.6935","12.1825","14.1207","20.1092","20.8329","24.7128","64.0754","44.1581","22.7874","12.8725","14.1757","16.5988","24.7766","24.8587","18.8928","17.5969","19.5352","23.2555","28.6768","19.2506","13.5345","12.5859","12.7984","46.4405","12.6039","25.4208","16.7782","11.1605","16.3525","23.6957","89.6166","32.2669","11.0000","17.4862","16.0802","51.3785","13.5907","14.0066","17.7281","83.4046","12.9528","17.7481","30.6067","31.2686","18.7227","18.9973","15.4203","11.0000","12.2819","11.5723","12.1427","13.1667","13.3670","21.2991","23.3419","42.3810","15.2994","23.6494","15.9222","11.0000","11.0000","20.4388","20.0540","140.9502","16.1554","32.1692","28.2553"
"C:\Users\cfg364\Sommerlab Dropbox\Casper van der Luijt\Casper\Data\BioLog\OmniLog\CL3\DATA_2024\08\_RIB40_Aspergillus oryzae__2_30_CL3_769_8#19#2024_A_ 8B_6.OKA","8/19/2024 7:16:29 PM"," 8-B","PM02A","","RIB40","Aspergillus oryzae","",27.2500,"39.0403","31.3682","21.4554","29.1990","38.6562","56.0669","25.7128","37.0265","25.8518","33.2854","31.6909","64.7925","31.5030","26.7687","23.0842","19.9940","77.1919","25.9959","11.0000","21.6715","98.3346","26.4557","27.3831","34.6000","34.6357","24.3455","21.9683","12.2019","22.1826","23.1348","14.8671","16.4050","20.0772","18.2943","24.0400","62.3569","43.8728","16.8121","12.5234","17.6401","17.2668","26.1921","22.6923","17.3970","15.3443","21.4247","20.7784","26.8992","16.1949","14.7537","13.3012","11.0316","44.6621","11.3459","23.1338","15.7363","11.0000","18.2454","23.1465","91.5558","33.0648","14.5873","16.8067","15.6465","53.1411","14.1910","12.6773","15.3072","87.7216","14.8415","15.1974","29.3813","30.8107","17.7057","16.6506","14.9567","11.0000","11.0000","11.0000","12.6824","14.1545","18.6447","19.2393","21.8422","42.4427","17.2420","20.2222","16.1683","11.1597","11.0000","16.8476","20.1176","144.1573","12.3211","32.3593","24.6307"
"C:\Users\cfg364\Sommerlab Dropbox\Casper van der Luijt\Casper\Data\BioLog\OmniLog\CL3\DATA_2024\08\_RIB40_Aspergillus oryzae__2_30_CL3_769_8#19#2024_A_ 8B_6.OKA","8/19/2024 7:16:29 PM"," 8-B","PM02A","","RIB40","Aspergillus oryzae","",27.5000,"38.9585","32.6404","26.0397","28.4463","42.2876","57.5243","27.0476","41.8038","30.5772","34.2104","31.5827","67.5399","34.2936","28.4372","23.0456","26.7738","78.9365","25.8683","18.5061","28.3602","105.1421","32.2090","28.3005","35.7479","38.6900","19.3295","15.6930","16.5266","27.0743","25.2388","13.2734","20.6272","17.3060","19.9925","20.2910","64.2488","40.3169","18.6254","15.8202","17.9393","15.8555","24.3187","23.3165","17.4104","14.8134","21.5566","21.0599","26.4999","22.5021","12.7296","14.1307","13.0793","44.6191","13.8423","27.1593","15.6825","17.9688","18.5351","22.8659","92.8211","33.6872","11.0000","20.8780","16.2787","54.8685","15.2317","14.0216","16.1741","82.4139","16.9398","17.5554","32.1374","31.5699","18.0484","11.0000","14.4864","12.0834","13.3001","11.4442","13.6366","11.0000","14.9977","23.6294","24.1107","40.2752","14.9087","22.0853","15.8383","13.8643","11.0000","23.5443","20.8374","142.3980","11.0000","34.3419","27.4868"
"C:\Users\cfg364\Sommerlab Dropbox\Casper van der Luijt\Casper\Data\BioLog\OmniLog\CL3\DATA_2024\08\_RIB40_Aspergillus oryzae__2_30_CL3_769_8#19#2024_A_ 8B_6.OKA","8/19/2024 7:16:29 PM"," 8-B","PM02A","","RIB40","Aspergillus oryzae","",27.7500,"37.6610","35.1672","23.7059","24.8748","42.7922","55.5170","26.2648","41.1090","29.9478","35.6798","34.9689","67.2447","36.4988","31.2025","22.4995","24.2564","78.4381","23.8394","12.9736","25.7269","105.0449","30.2422","30.2448","36.1798","35.3470","19.1988","13.0294","14.0380","21.4139","25.7092","13.6256","18.6189","20.6991","18.3487","18.9683","65.8004","42.8981","17.8759","17.0804","17.1361","15.1891","25.0762","23.9530","16.4217","14.3610","23.0879","19.9168","27.9777","21.1328","13.2741","11.8989","13.5519","43.2449","13.4675","25.9529","15.6825","17.9054","14.6860","22.2499","93.7728","31.8734","11.2248","19.2419","15.9993","52.8221","15.5475","13.9586","13.7909","84.8525","16.1775","17.0710","28.8855","27.8105","17.4452","14.1754","17.3557","11.0000","12.7570","11.0000","12.7154","11.5759","15.4774","25.6387","22.5424","42.0063","15.7349","23.1721","16.3314","14.4372","11.0000","20.0946","20.0150","144.8984","11.2581","29.9712","27.3319"
"C:\Users\cfg364\Sommerlab Dropbox\Casper van der Luijt\Casper\Data\BioLog\OmniLog\CL3\DATA_2024\08\_RIB40_Aspergillus oryzae__2_30_CL3_769_8#19#2024_A_ 8B_6.OKA","8/19/2024 7:16:29 PM"," 8-B","PM02A","","RIB40","Aspergillus oryzae","",28.0000,"39.2089","32.6222","25.9460","36.0055","37.9245","61.4462","30.4681","45.4737","30.0472","44.8504","34.8024","70.3934","32.3694","27.0316","21.6977","25.7364","81.0385","27.1796","16.8871","26.4829","104.7214","29.4869","27.9602","37.9431","38.2731","22.1056","17.6490","16.7307","26.0643","23.3129","16.2402","19.9369","19.5538","15.8350","20.0419","67.2510","44.4284","16.9368","18.0017","21.4634","17.3296","26.8081","26.7184","20.1459","15.9640","24.8711","23.3966","32.0981","19.3381","16.8766","14.6965","16.1133","40.3424","14.7160","28.8801","16.6216","18.7976","16.8112","21.8147","94.8549","31.9067","15.4975","20.6200","15.8391","53.9531","16.8388","12.4207","11.2539","89.1835","17.3614","17.0996","31.1189","31.0154","19.7387","16.8079","13.8528","11.0000","16.2756","14.5653","15.5937","14.8827","14.5185","22.4066","26.8286","45.2323","20.3931","24.7437","14.2131","11.8621","11.0000","24.0485","22.2075","150.5736","14.0160","34.4304","28.3951"
"C:\Users\cfg364\Sommerlab Dropbox\Casper van der Luijt\Casper\Data\BioLog\OmniLog\CL3\DATA_2024\08\_RIB40_Aspergillus oryzae__2_30_CL3_769_8#19#2024_A_ 8B_6.OKA","8/19/2024 7:16:29 PM"," 8-B","PM02A","","RIB40","Aspergillus oryzae","",28.2500,"37.7148","26.9750","26.3501","29.2955","43.6801","62.6418","29.4967","41.0773","30.1650","36.3291","32.0901","67.6425","32.2141","25.0392","22.3209","22.5662","80.5369","26.5352","15.6913","27.1504","102.0435","30.9321","31.6586","38.4438","39.6353","21.4572","16.4759","16.1492","19.7502","22.4071","15.4177","19.6552","19.6610","16.8719","23.1529","66.5280","44.6974","18.9146","16.3749","19.4666","17.4231","29.0778","25.2369","19.0662","15.4413","21.0325","20.1581","23.8918","19.4249","13.7618","13.1529","11.0000","44.6643","11.3775","26.5054","13.5019","13.4685","16.2647","26.7109","91.9539","33.5835","11.0000","19.1945","13.3393","57.8408","17.0149","11.6304","12.2960","89.2086","16.0496","15.0399","28.9577","32.1363","14.5816","12.8987","16.6860","11.0000","11.7019","13.9604","14.1867","11.0959","14.2976","20.4294","23.8769","42.7757","20.9646","24.5079","13.8084","11.0000","11.0000","18.5232","21.1258","144.9297","12.4896","34.3294","23.0374"
"C:\Users\cfg364\Sommerlab Dropbox\Casper van der Luijt\Casper\Data\BioLog\OmniLog\CL3\DATA_2024\08\_RIB40_Aspergillus oryzae__2_30_CL3_769_8#19#2024_A_ 8B_6.OKA","8/19/2024 7:16:29 PM"," 8-B","PM02A","","RIB40","Aspergillus oryzae","",28.5000,"42.9516","34.9734","24.3178","36.2901","48.9920","64.2950","26.8697","45.7176","33.3144","46.5720","41.8717","70.0726","38.4838","29.7210","25.0872","26.0269","82.0002","25.9067","20.2861","28.1147","105.2778","38.1145","31.8843","38.7815","38.3978","22.6483","22.1257","19.3390","24.5828","25.8142","19.5389","22.2619","23.9299","24.6066","24.0214","74.6365","51.0997","22.4388","20.3171","22.6460","23.7041","28.3892","31.4254","19.7949","18.9050","23.4330","24.1692","31.9941","20.9834","16.5070","15.9908","19.7600","43.1474","18.7620","31.0630","18.3614","20.1747","18.3310","26.9167","101.2041","35.1211","19.2794","23.2273","21.7956","59.0579","23.9955","15.4040","15.6148","88.0902","18.1762","20.6642","34.2808","33.2401","20.9817","17.6760","18.5131","13.5682","14.6163","20.0977","18.2736","18.2631","14.8923","26.6269","32.5456","45.9551","23.7677","26.3961","18.8709","18.7151","11.0000","25.4089","24.6842","144.9800","19.4904","36.0056","30.6952"
"C:\Users\cfg364\Sommerlab Dropbox\Casper van der Luijt\Casper\Data\BioLog\OmniLog\CL3\DATA_2024\08\_RIB40_Aspergillus oryzae__2_30_CL3_769_8#19#2024_A_ 8B_6.OKA","8/19/2024 7:16:29 PM"," 8-B","PM02A","","RIB40","Aspergillus oryzae","",28.7500,"38.3530","36.9288","30.8036","37.1543","44.6975","66.3845","28.9274","42.6356","34.5361","42.1556","31.1142","69.2789","34.0565","28.8737","22.8073","30.7311","83.3125","29.5208","20.9445","27.9364","105.0763","31.2162","29.1447","40.1290","40.1079","24.7160","21.4011","14.7035","25.5591","23.0721","16.5390","19.8222","24.9641","20.8403","21.6790","69.3127","51.9280","20.5870","19.6266","19.4865","20.2549","27.4232","30.9021","18.6528","22.6831","27.3474","22.6239","33.8022","21.0856","14.4210","14.7994","16.9930","41.4305","18.2791","32.0076","16.9370","17.7753","16.4771","25.0320","96.5817","37.0085","12.6397","18.9512","15.6311","54.3170","23.0389","14.1301","12.8620","87.9405","18.5444","16.2613","32.8637","32.4564","17.8926","15.1015","16.8363","11.4487","15.2177","15.0148","15.0603","14.0651","17.6186","23.2006","27.5088","44.3983","19.8469","20.0312","16.4685","11.0320","11.0000","23.5823","20.9147","147.7296","13.7478","36.0167","31.5094"
"C:\Users\cfg364\Sommerlab Dropbox\Casper van der Luijt\Casper\Data\BioLog\OmniLog\CL3\DATA_2024\08\_RIB40_Aspergillus oryzae__2_30_CL3_769_8#19#2024_A_ 8B_6.OKA","8/19/2024 7:16:29 PM"," 8-B","PM02A","","RIB40","Aspergillus oryzae","",29.0000,"35.3934","31.4395","26.5969","32.5797","45.8999","61.3437","27.7845","44.4188","31.0798","36.9630","31.3143","63.7616","32.0909","24.9710","22.4534","27.0335","79.0000","29.3630","16.5212","25.8599","105.4336","31.4463","29.3752","40.0961","39.8553","23.7409","19.2015","11.6441","24.0562","20.8800","12.0566","18.6715","19.9383","15.0197","21.9049","67.4337","50.6629","17.2168","18.9024","19.1650","20.6024","25.4211","29.2884","19.5737","15.6024","23.0249","25.4732","31.1311","19.9548","14.7087","14.7682","13.5102","43.4207","13.4993","33.0532","14.7580","16.1849","18.4333","22.8981","92.9776","35.1069","13.5721","17.4042","12.4297","55.7267","19.9665","12.8022","11.9468","86.1608","17.5894","14.6474","28.8970","30.6658","19.6948","14.6043","14.2115","11.0000","13.9492","12.9600","13.8549","13.3946","16.2757","23.0401","25.6123","45.9946","18.7411","20.0312","18.5385","14.5555","11.0000","20.7513","23.1003","143.5620","11.0000","34.9098","30.1236"
"C:\Users\cfg364\Sommerlab Dropbox\Casper van der Luijt\Casper\Data\BioLog\OmniLog\CL3\DATA_2024\08\_RIB40_Aspergillus oryzae__2_30_CL3_769_8#19#2024_A_ 8B_6.OKA","8/19/2024 7:16:29 PM"," 8-B","PM02A","","RIB40","Aspergillus oryzae","",29.2500,"37.4019","35.5937","26.7021","34.5988","47.8172","62.0363","28.6757","44.9550","30.2154","38.6242","32.4515","72.0544","34.1012","29.8677","24.5032","27.3498","84.6122","26.5829","17.8361","26.3438","105.3212","33.9544","28.7826","45.4126","40.9417","18.2936","17.9206","15.9291","22.6103","22.7522","18.8704","20.0013","21.9401","22.3453","23.1852","76.6803","51.8441","20.1226","18.3363","19.5878","20.5850","29.1391","32.3579","23.1917","17.1184","22.4672","23.4111","29.4498","19.2830","13.1939","15.5190","13.2787","46.5013","16.1394","32.5490","14.8985","15.1185","19.5215","24.6322","98.4342","34.1639","13.9616","20.2304","15.4284","57.7928","20.3317","12.8311","17.1594","91.3487","15.8928","15.6650","36.5219","29.0604","19.4209","15.9624","20.0524","12.6569","13.3006","11.0000","15.8432","17.2744","15.5564","24.0079","28.9006","47.9097","16.4757","22.1168","18.9857","15.6237","11.0000","22.7599","23.3986","147.5594","14.0366","36.4303","30.4195"
"C:\Users\cfg364\Sommerlab Dropbox\Casper van der Luijt\Casper\Data\BioLog\OmniLog\CL3\DATA_2024\08\_RIB40_Aspergillus oryzae__2_30_CL3_769_8#19#2024_A_ 8B_6.OKA","8/19/2024 7:16:29 PM"," 8-B","PM02A","","RIB40","Aspergillus oryzae","",29.5000,"40.7990","38.5562","27.9180","40.3277","48.7110","65.8627","31.5245","45.0689","33.4049","41.6019","37.2243","72.0692","35.7093","29.8277","23.5605","30.0599","86.3382","29.7296","18.1426","34.8677","104.3915","34.6239","27.7385","40.3776","44.7427","17.3248","21.6046","16.1672","22.4441","23.4776","19.9063","20.8227","19.8273","20.7878","25.6077","70.6457","56.6982","24.4306","15.2529","22.6333","19.1883","28.5031","31.0442","22.0941","18.7208","24.9019","19.8911","30.5728","22.2238","15.1664","15.3866","14.0571","44.5484","15.4353","33.3251","15.8800","17.4713","19.5241","25.9814","101.4060","37.5472","14.3311","21.4230","17.0310","56.2511","18.6927","16.5692","13.0553","91.1773","18.4338","18.7748","32.7105","28.9206","15.9500","17.6664","18.6209","13.0517","15.2513","16.8737","14.6769","12.5011","20.2266","25.5539","31.2027","49.2257","19.8535","24.7580","16.0131","17.3277","11.0000","22.4627","23.2438","150.8259","16.1380","38.0934","29.1608"
"C:\Users\cfg364\Sommerlab Dropbox\Casper van der Luijt\Casper\Data\BioLog\OmniLog\CL3\DATA_2024\08\_RIB40_Aspergillus oryzae__2_30_CL3_769_8#19#2024_A_ 8B_6.OKA","8/19/2024 7:16:29 PM"," 8-B","PM02A","","RIB40","Aspergillus oryzae","",29.7500,"39.4346","35.3505","25.9659","42.8397","50.0387","62.8561","29.5308","44.8701","37.9255","44.2296","39.2492","72.7558","36.5796","28.3516","22.4361","29.9641","84.9633","27.9924","19.5323","31.7672","105.6659","36.4915","33.8793","40.2454","43.6972","23.2258","23.1106","16.7485","23.5415","23.5093","22.7906","21.3346","19.9562","23.9544","26.8890","80.0703","59.3213","24.2030","15.5385","26.1809","19.6625","27.5621","32.0941","24.4714","18.7208","27.1809","19.7270","36.9885","18.5745","18.9161","17.7821","15.9166","46.0515","16.2217","36.6501","16.9890","18.7464","18.7107","24.7868","99.6377","36.2275","16.9255","20.1587","17.2797","54.4834","19.7691","15.0187","15.6165","93.1762","21.1342","21.6782","34.0890","31.8357","18.0897","16.9499","16.7857","14.9432","14.1965","16.5879","19.3998","17.1321","21.4398","27.6604","30.3351","48.7955","23.1537","25.4443","21.6142","17.2011","11.0000","23.7538","24.9794","150.2479","13.2943","37.9671","30.2127"
"C:\Users\cfg364\Sommerlab Dropbox\Casper van der Luijt\Casper\Data\BioLog\OmniLog\CL3\DATA_2024\08\_RIB40_Aspergillus oryzae__2_30_CL3_769_8#19#2024_A_ 8B_6.OKA","8/19/2024 7:16:29 PM"," 8-B","PM02A","","RIB40","Aspergillus oryzae","",30.0000,"35.6386","36.4064","27.9255","41.2785","51.6329","68.2321","32.9596","48.9783","33.8991","40.1425","39.5279","73.7741","36.1312","30.2465","22.7519","30.7282","89.8206","25.5024","20.8958","34.4573","106.0349","37.2004","32.1527","38.1199","42.6749","25.7155","20.8815","18.6486","25.5398","19.7642","18.8963","19.8174","26.4119","21.7778","21.4843","73.6624","57.5866","26.2579","16.1144","24.2692","21.7467","29.1391","36.1859","23.0064","19.4697","29.9435","23.5058","32.0979","20.3019","17.1785","13.1236","16.2113","43.9465","18.3034","33.6633","18.5418","16.7812","18.2825","24.1480","93.4044","35.9021","14.9061","20.8780","18.6817","61.4779","18.0606","15.6302","15.4126","98.2901","15.2220","23.7005","34.5118","30.9195","18.2373","17.8939","20.6514","12.5683","17.8456","15.0373","18.5272","15.0007","17.8843","22.2613","27.0942","49.5438","23.4769","26.4019","20.7262","17.7476","11.0000","26.3762","24.0900","152.7950","16.1919","33.4119","30.9548"
"C:\Users\cfg364\Sommerlab Dropbox\Casper van der Luijt\Casper\Data\BioLog\OmniLog\CL3\DATA_2024\08\_RIB40_Aspergillus oryzae__2_30_CL3_769_8#19#2024_A_ 8B_6.OKA","8/19/2024 7:16:29 PM"," 8-B","PM02A","","RIB40","Aspergillus oryzae","",30.2500,"35.2331","39.1181","23.7431","43.1984","49.0696","64.9950","29.3215","50.8623","35.5465","40.8427","39.8265","76.0300","37.1538","28.7685","25.7784","33.9153","88.1960","28.1798","19.4082","33.7731","105.2851","38.1768","30.7337","41.8994","41.2826","27.2714","21.5761","16.2605","26.7280","24.1463","20.9341","19.4006","26.2216","19.6544","25.6008","80.2671","59.5145","24.7223","18.8926","26.7692","21.1145","31.9273","37.4815","21.7006","18.4714","30.3637","25.7261","35.0091","20.0256","15.6983","15.9030","16.0543","47.9178","17.3670","32.7402","19.6191","18.1227","18.5111","24.6036","99.7506","37.1041","17.2114","21.3704","17.5356","57.8312","19.3271","16.4806","18.6591","99.4003","14.7385","20.3887","38.0229","32.0499","21.8559","15.6580","20.7747","14.2966","18.4161","14.3379","18.3690","17.5291","17.3079","23.6448","27.2814","45.9641","25.4569","26.0597","19.5874","15.2532","11.0000","24.3952","26.4242","151.0623","18.7238","38.4593","29.7773"
"C:\Users\cfg364\Sommerlab Dropbox\Casper van der Luijt\Casper\Data\BioLog\OmniLog\CL3\DATA_2024\08\_RIB40_Aspergillus oryzae__2_30_CL3_769_8#19#2024_A_ 8B_6.OKA","8/19/2024 7:16:29 PM"," 8-B","PM02A","","RIB40","Aspergillus oryzae","",30.5000,"36.8709","36.3307","31.5224","42.4768","56.0419","69.2161","31.2819","52.3828","30.7659","40.9823","33.5501","74.2004","38.2739","31.8510","23.7571","33.1817","89.6713","29.0276","20.7642","35.0174","103.0686","37.7909","31.1487","42.0106","44.6511","24.4972","23.1824","23.2535","29.5408","27.3060","20.0676","19.4225","24.4753","20.8344","26.5707","76.9278","58.1413","26.5217","22.0055","25.4781","20.0778","28.7958","35.3899","23.8238","16.1991","29.8932","22.6789","34.2734","22.2565","20.8652","18.6749","16.0457","46.0917","14.7402","38.8959","20.6663","17.7035","16.5603","29.1084","97.7955","36.3191","15.7509","24.5933","15.4313","59.1816","23.6738","13.5092","13.9667","102.4316","19.0370","21.1313","33.7740","35.6827","17.7216","17.6644","19.0761","16.0086","16.9316","15.4974","16.9037","21.0454","18.6982","26.2244","31.2902","47.6406","20.6512","29.1818","21.1227","14.9290","11.0000","28.1409","23.3515","152.7093","19.1503","37.8658","28.6127"
"C:\Users\cfg364\Sommerlab Dropbox\Casper van der Luijt\Casper\Data\BioLog\OmniLog\CL3\DATA_2024\08\_RIB40_Aspergillus oryzae__2_30_CL3_769_8#19#2024_A_ 8B_6.OKA","8/19/2024 7:16:29 PM"," 8-B","PM02A","","RIB40","Aspergillus oryzae","",30.7500,"42.7123","35.4732","29.9127","42.6376","57.7289","68.8810","32.2894","47.9782","30.6910","39.3133","37.2897","72.6524","34.4793","30.4734","24.0730","32.9624","88.3040","30.4153","21.4148","32.4722","106.5907","39.7721","28.4639","44.9305","46.5560","21.2844","23.5565","18.3516","28.7331","26.1458","21.3028","23.5038","23.5997","20.9727","26.1763","82.1182","62.5036","23.8131","19.3805","26.0383","20.5941","29.8479","38.7098","22.9010","18.6343","24.5837","21.7895","31.9161","19.0073","19.9082","12.6608","15.0464","46.0166","19.2576","37.6162","17.6654","20.0189","17.2265","24.3282","99.2255","38.8069","13.0936","22.9346","20.5904","57.0007","25.0041","14.2995","20.0285","100.4804","20.8859","22.5541","35.2371","32.9094","15.9493","19.8606","17.3062","13.3070","19.8177","17.8094","18.5706","15.8059","19.7556","27.1920","31.9853","50.0384","22.6127","26.6503","19.2629","16.7196","11.0000","29.5422","26.6564","149.2054","15.3608","36.4050","29.5347"
"C:\Users\cfg364\Sommerlab Dropbox\Casper van der Luijt\Casper\Data\BioLog\OmniLog\CL3\DATA_2024\08\_RIB40_Aspergillus oryzae__2_30_CL3_769_8#19#2024_A_ 8B_6.OKA","8/19/2024 7:16:29 PM"," 8-B","PM02A","","RIB40","Aspergillus oryzae","",31.0000,"41.8443","33.4365","28.2907","43.6754","54.9894","68.0722","33.1751","50.0343","31.0895","41.7229","39.3555","64.8588","38.4133","28.0105","24.4272","34.1100","88.4290","28.4387","17.5982","32.0147","106.1990","36.5789","27.1715","44.9633","47.8495","18.9589","21.2592","13.9471","27.9812","24.9127","17.1881","21.4571","20.6257","19.1391","26.7859","81.4937","60.7320","22.9589","18.8112","24.8146","21.4201","30.3480","33.7639","20.9599","19.3784","22.1229","22.3158","30.2795","17.2347","18.0817","12.1281","16.9912","43.9681","14.8933","38.3158","13.9201","20.7811","18.6609","22.8582","98.4318","36.5025","13.2546","20.1970","16.3868","58.7687","24.9097","16.4569","17.0085","100.0044","21.6488","18.7028","33.1282","31.6242","21.3137","18.7453","19.4807","14.3323","17.6531","18.2528","16.7017","19.4263","18.5094","25.9415","29.8681","47.6734","24.3483","25.6487","18.0560","17.2916","11.0000","27.2596","27.0359","150.3627","13.3258","35.8312","32.5929"
"C:\Users\cfg364\Sommerlab Dropbox\Casper van der Luijt\Casper\Data\BioLog\OmniLog\CL3\DATA_2024\08\_RIB40_Aspergillus oryzae__2_30_CL3_769_8#19#2024_A_ 8B_6.OKA","8/19/2024 7:16:29 PM"," 8-B","PM02A","","RIB40","Aspergillus oryzae","",31.2500,"38.9613","33.7274","28.6475","46.2542","56.3749","65.6780","29.0418","50.0675","30.6246","41.4217","33.6911","66.7823","32.6996","30.6376","23.1714","33.8549","85.3969","26.0476","18.7626","31.6225","107.9293","39.3485","27.4366","43.8159","47.8495","17.9763","21.5739","13.5909","25.8194","24.4384","17.7941","20.5617","22.7363","23.2890","23.4811","79.9820","60.7953","22.0718","15.5539","23.1723","18.7515","29.0665","37.9489","22.2964","17.1463","20.2527","19.1579","32.0143","21.6357","19.9082","13.7262","15.3601","40.4152","14.9875","35.3902","17.4115","17.5736","19.0195","22.9235","94.7492","35.3963","12.5460","23.7343","16.2623","55.8756","23.8397","12.0787","17.3546","98.5131","20.2184","20.5964","31.4599","31.7466","21.0902","18.8073","16.8092","13.9158","16.7299","14.9906","19.0774","12.5699","17.4868","26.5187","29.6813","53.2942","25.2950","26.3686","17.6846","15.8935","11.0000","24.4767","25.8657","148.7231","13.5519","36.2775","29.9054"
"C:\Users\cfg364\Sommerlab Dropbox\Casper van der Luijt\Casper\Data\BioLog\OmniLog\CL3\DATA_2024\08\_RIB40_Aspergillus oryzae__2_30_CL3_769_8#19#2024_A_ 8B_6.OKA","8/19/2024 7:16:29 PM"," 8-B","PM02A","","RIB40","Aspergillus oryzae","",31.5000,"42.4953","39.0941","28.9070","47.1662","56.2175","68.4604","29.3371","50.6976","30.7906","41.1205","36.9565","75.6703","33.0118","31.7870","23.8154","34.3331","90.3984","28.6300","19.0537","33.5834","106.0357","37.9148","28.1988","46.1107","48.9853","20.4656","19.5283","15.6312","28.5765","25.9561","18.6873","21.9048","21.9048","22.9030","27.7805","85.2074","63.1047","21.6776","15.9018","24.9756","20.3082","28.5039","40.8657","22.1691","16.5640","24.5837","22.7434","35.0585","19.4658","19.7160","11.0000","15.1092","44.7363","16.5888","38.9835","14.3962","18.7169","20.6821","21.6822","97.7969","36.5025","13.0614","25.6414","18.2551","60.5689","26.6405","17.6624","18.5814","99.9409","21.9349","21.1741","33.6318","29.7577","19.4298","19.7367","21.0340","14.8770","17.9077","19.0446","14.5477","16.1583","19.7556","25.2682","30.8022","50.6835","24.2536","27.9336","16.4158","18.4673","11.0000","27.2908","24.9801","152.8703","18.1711","35.6719","31.6971"
"C:\Users\cfg364\Sommerlab Dropbox\Casper van der Luijt\Casper\Data\BioLog\OmniLog\CL3\DATA_2024\08\_RIB40_Aspergillus oryzae__2_30_CL3_769_8#19#2024_A_ 8B_6.OKA","8/19/2024 7:16:29 PM"," 8-B","PM02A","","RIB40","Aspergillus oryzae","",31.7500,"38.7505","37.4068","29.2719","49.3328","56.0427","70.1964","32.2074","53.1695","39.4804","42.6629","38.4879","72.8938","36.7216","30.0800","24.3195","36.2813","90.2997","34.7274","18.5379","36.9067","105.6294","39.5585","30.1612","43.0360","47.1884","22.2305","22.0259","17.9439","31.0375","26.1458","20.6866","21.6483","23.3263","22.3222","23.1631","80.3449","63.1203","20.4379","18.7628","23.9484","21.7183","26.3960","40.3224","24.1269","20.0187","25.6800","24.1437","33.3960","18.7679","17.5409","15.7830","16.9497","44.7494","14.4163","37.9120","19.4924","20.4388","21.4882","26.2016","99.1357","38.3489","12.1264","18.1158","15.3663","57.8818","22.5489","15.8436","14.3805","102.8928","17.0586","23.2208","31.4755","29.7397","18.4573","18.9503","18.0714","14.2168","19.8073","18.1415","24.0335","20.2896","22.7075","28.8351","32.0199","49.2185","20.1343","31.0606","20.3199","19.5260","11.9663","22.9389","28.8405","155.7862","18.9496","36.4911","29.5322"
"C:\Users\cfg364\Sommerlab Dropbox\Casper van der Luijt\Casper\Data\BioLog\OmniLog\CL3\DATA_2024\08\_RIB40_Aspergillus oryzae__2_30_CL3_769_8#19#2024_A_ 8B_6.OKA","8/19/2024 7:16:29 PM"," 8-B","PM02A","","RIB40","Aspergillus oryzae","",32.0000,"39.1861","33.7176","30.0522","47.4430","58.3486","71.1976","31.7813","53.8305","35.9903","36.6254","37.3260","69.2938","34.1620","29.3221","25.6096","35.9625","90.9857","31.0795","18.6673","35.1796","106.9351","35.6895","27.7702","37.7575","48.5790","22.8164","18.6236","17.1042","30.1011","26.1142","18.6473","20.2650","21.3040","17.9155","21.9082","83.8252","62.4557","22.6740","17.1850","21.6825","22.1293","28.3836","40.4809","21.0045","19.3126","25.9742","23.5892","32.2812","19.5018","17.9920","17.8639","17.9205","42.9597","19.0236","39.7231","14.5807","15.5599","20.5762","27.1356","96.5649","35.2725","12.3838","20.1577","15.2104","59.7647","23.5614","15.6853","16.3394","101.3596","13.3080","22.9642","35.6145","32.1203","18.8093","15.2236","18.0714","16.9559","18.4133","16.2689","20.2112","18.2217","17.4151","28.4829","31.3358","48.7867","17.5473","32.0544","17.0997","22.5687","13.0938","23.9496","30.3482","150.4798","14.2507","34.7134","27.3903"
"C:\Users\cfg364\Sommerlab Dropbox\Casper van der Luijt\Casper\Data\BioLog\OmniLog\CL3\DATA_2024\08\_RIB40_Aspergillus oryzae__2_30_CL3_769_8#19#2024_A_ 8B_6.OKA","8/19/2024 7:16:29 PM"," 8-B","PM02A","","RIB40","Aspergillus oryzae","",32.2500,"39.3416","38.6688","30.3773","47.5375","57.5273","71.3267","31.6174","52.8390","37.2086","40.3485","39.2182","74.2480","35.5354","28.7289","22.7393","34.7192","95.0084","34.1564","20.2525","38.4057","106.2823","36.7387","30.2608","39.7826","49.1163","24.8672","23.8530","18.7836","27.8227","26.0510","20.5273","19.1391","21.9460","20.3601","24.4180","84.0551","66.2848","24.3840","20.0882","24.7901","20.4220","28.2574","40.2273","21.9603","19.0879","25.8761","23.4914","29.7891","20.0217","18.6687","17.7707","18.1397","45.2288","16.5476","40.9305","15.9116","18.0472","18.5893","26.6525","98.5327","35.6725","13.9930","20.9312","18.5475","61.1051","25.3017","19.1359","16.4657","100.8805","16.7701","23.1245","34.1721","31.1131","19.3534","20.5342","20.1184","15.7456","20.2825","16.2371","20.8378","18.8262","19.1792","24.8006","29.3769","50.5758","16.4933","30.7501","20.7844","17.2439","11.0000","22.7178","30.8193","155.1109","17.2438","39.2847","28.6320"
"C:\Users\cfg364\Sommerlab Dropbox\Casper van der Luijt\Casper\Data\BioLog\OmniLog\CL3\DATA_2024\08\_RIB40_Aspergillus oryzae__2_30_CL3_769_8#19#2024_A_ 8B_6.OKA","8/19/2024 7:16:29 PM"," 8-B","PM02A","","RIB40","Aspergillus oryzae","",32.5000,"39.0305","38.1834","29.5645","46.1516","57.9695","73.7812","33.3546","52.7729","36.3525","39.8454","37.0272","73.3893","34.4429","27.2131","23.1263","34.0497","90.9545","34.3468","20.9319","37.5910","107.2615","38.8699","26.7407","38.3219","50.2225","23.6628","20.8288","16.0384","27.3858","25.4186","17.5958","21.3910","25.5733","18.3980","26.9600","83.9894","63.6266","26.0940","18.0055","22.4917","21.4021","22.8941","40.9564","22.9799","20.2112","28.9495","21.6976","33.4944","20.2358","17.5409","14.4164","16.9497","44.3340","16.8610","38.9288","16.3553","15.8469","19.1104","27.2966","97.3901","37.7644","12.9309","21.0550","13.9629","62.5093","24.2575","17.9963","17.5715","101.0721","15.7122","22.0019","35.3950","27.8779","18.0092","19.5093","20.1805","14.7264","19.9340","19.5381","19.2713","17.8400","17.6717","26.8819","29.8744","51.5012","17.8028","28.1106","20.0722","17.2439","11.5798","24.4234","25.4797","151.8948","15.7312","35.7292","27.0489"
"C:\Users\cfg364\Sommerlab Dropbox\Casper van der Luijt\Casper\Data\BioLog\OmniLog\CL3\DATA_2024\08\_RIB40_Aspergillus oryzae__2_30_CL3_769_8#19#2024_A_ 8B_6.OKA","8/19/2024 7:16:29 PM"," 8-B","PM02A","","RIB40","Aspergillus oryzae","",32.7500,"38.0350","36.7919","30.3448","47.8209","59.6120","70.7454","30.9946","53.5000","37.5378","37.4975","38.4215","71.7379","35.0672","28.1028","23.9003","37.5246","91.6094","31.7774","21.3524","37.2977","110.2972","37.9846","26.6411","42.0069","50.8230","22.1003","18.6236","17.4918","30.4757","23.9957","20.4954","18.4956","21.5608","18.9770","24.0962","84.4819","70.2089","25.7980","20.0882","27.1208","22.0977","25.1656","41.1149","20.8452","19.9224","22.5086","24.6981","30.1825","19.3183","17.9276","15.4413","17.0124","44.0144","17.1117","41.4388","16.1335","17.7921","17.2864","30.4529","97.4853","37.3337","14.2504","20.7456","16.1772","61.8711","27.0736","16.9516","15.5179","102.8928","16.8342","18.5377","34.0153","31.6625","19.1614","17.8323","19.9634","17.1788","18.7302","17.2528","19.4279","19.8124","18.6340","26.5296","29.9366","52.7967","15.8865","28.1416","20.6605","15.8494","11.0000","23.8864","26.8303","155.1430","18.4347","34.8086","26.5832"
"C:\Users\cfg364\Sommerlab Dropbox\Casper van der Luijt\Casper\Data\BioLog\OmniLog\CL3\DATA_2024\08\_RIB40_Aspergillus oryzae__2_30_CL3_769_8#19#2024_A_ 8B_6.OKA","8/19/2024 7:16:29 PM"," 8-B","PM02A","","RIB40","Aspergillus oryzae","",33.0000,"39.1660","34.7264","30.2914","54.3011","61.4178","72.0288","40.0067","52.8485","31.4140","42.9233","37.9076","75.3830","40.1624","26.6535","29.0661","38.5817","98.0355","35.6868","20.9655","39.9277","108.4013","38.6831","33.1765","41.2841","54.9840","25.7232","20.6140","19.8885","29.7101","27.5299","22.5304","22.6473","26.5612","22.0819","23.9032","88.9320","68.5764","24.8569","21.9127","30.6899","24.8353","33.9094","43.5707","25.0058","19.0664","31.1461","21.4433","36.4092","16.0434","24.4184","14.4604","17.9218","45.6075","17.9878","41.8814","16.3061","18.0161","23.3840","21.8475","99.9366","37.0380","14.5264","24.8236","21.4412","64.1131","29.2125","20.5484","17.3277","106.9208","17.3217","21.3446","38.0731","28.7658","29.0152","18.8497","22.8631","17.3013","15.6495","19.2854","19.1797","18.8379","22.1648","28.3489","32.3633","54.4271","26.3364","29.2424","21.3628","16.8713","11.0000","24.2595","33.7561","155.0390","16.3675","40.6873","30.0433"
"C:\Users\cfg364\Sommerlab Dropbox\Casper van der Luijt\Casper\Data\BioLog\OmniLog\CL3\DATA_2024\08\_RIB40_Aspergillus oryzae__2_30_CL3_769_8#19#2024_A_ 8B_6.OKA","8/19/2024 7:16:29 PM"," 8-B","PM02A","","RIB40","Aspergillus oryzae","",33.2500,"40.6533","34.8236","29.4740","50.8635","64.2592","75.9787","37.9672","55.8733","34.1842","43.9897","37.0428","74.7926","37.0534","24.7632","27.3425","37.9765","96.5461","34.4826","23.9325","39.4722","109.8977","38.7160","30.0274","42.6696","52.0791","28.5385","21.9063","16.4301","30.1467","28.4098","20.0778","19.3835","24.8712","21.8250","24.1613","86.8319","70.1836","25.8748","23.1984","30.0485","21.4477","29.4592","43.0964","24.1483","19.7762","27.5755","22.4582","34.3843","16.7200","23.3615","15.4579","14.3665","45.0662","17.4551","47.0600","17.2593","18.0801","20.0273","25.2901","101.8322","38.2369","13.6288","23.6563","20.2673","62.0446","28.1412","20.7997","17.4859","110.1161","16.3911","21.1835","37.0089","27.9081","24.5588","20.0287","21.4420","13.9107","16.0343","18.3331","20.3438","16.0978","18.3899","27.4510","30.8729","50.6695","25.7999","29.0241","19.7852","15.1801","13.4769","24.8608","28.7201","152.3781","18.3603","37.8991","29.2369"
"C:\Users\cfg364\Sommerlab Dropbox\Casper van der Luijt\Casper\Data\BioLog\OmniLog\CL3\DATA_2024\08\_RIB40_Aspergillus oryzae__2_30_CL3_769_8#19#2024_A_ 8B_6.OKA","8/19/2024 7:16:29 PM"," 8-B","PM02A","","RIB40","Aspergillus oryzae","",33.5000,"42.0516","36.1391","31.8533","56.6591","63.0415","75.9821","35.5481","54.4788","33.4836","43.4688","38.7188","76.1297","33.3256","28.1627","25.8662","39.1889","96.3775","29.1172","20.0474","39.7114","110.8565","41.3012","32.7324","44.1897","52.1568","19.6855","19.9849","15.7786","27.4151","28.1631","16.9787","20.5358","23.9827","20.2026","25.6151","87.1718","72.8855","29.2475","18.4384","27.7822","22.8427","30.8402","43.8118","20.0800","17.8018","32.6604","23.4933","33.1878","19.1778","18.7643","19.5758","16.7641","42.5939","16.3515","42.0968","17.2958","18.5510","22.2919","25.1667","102.9559","36.8639","17.5792","22.7199","22.6460","62.3694","30.9494","21.4451","17.2332","110.8017","18.6964","27.2418","39.2119","32.2241","23.1529","20.1244","23.0166","12.5402","16.5702","19.0350","16.6241","18.2445","20.4772","30.8009","25.4598","50.0609","22.4292","27.3088","20.7811","19.8760","11.0000","25.4739","29.0441","156.1588","18.2275","39.2257","30.7689"
"C:\Users\cfg364\Sommerlab Dropbox\Casper van der Luijt\Casper\Data\BioLog\OmniLog\CL3\DATA_2024\08\_RIB40_Aspergillus oryzae__2_30_CL3_769_8#19#2024_A_ 8B_6.OKA","8/19/2024 7:16:29 PM"," 8-B","PM02A","","RIB40","Aspergillus oryzae","",33.7500,"39.8601","36.1715","33.0514","59.0457","63.0732","72.8170","36.6268","55.1113","32.7209","44.0032","37.4876","76.4906","31.9186","27.4021","25.2574","39.4119","96.6560","30.8808","19.6582","41.0150","109.4899","39.0808","29.4396","43.4969","49.3557","23.8152","19.7011","15.2910","26.0629","26.8356","20.0160","22.3659","23.7263","20.8484","21.8404","86.1791","69.1819","27.8061","19.0058","29.0063","23.2247","30.7463","46.3480","19.4405","14.5782","30.2826","25.4883","32.6650","19.0246","18.5379","14.6354","15.2522","46.4912","13.7387","47.8918","14.7839","17.0472","18.2333","24.9061","100.3972","36.0018","14.5771","22.3498","17.7081","57.2068","31.2007","17.2797","15.6828","105.4586","15.3292","24.4019","36.0388","28.8745","24.8072","15.9657","22.0281","12.2514","17.8507","17.0342","20.9528","19.8721","17.1474","29.7133","27.9011","54.2670","21.2894","30.9155","21.8919","18.9250","11.1612","22.9718","27.4641","156.0624","15.5817","36.2196","27.9714"
"C:\Users\cfg364\Sommerlab Dropbox\Casper van der Luijt\Casper\Data\BioLog\OmniLog\CL3\DATA_2024\08\_RIB40_Aspergillus oryzae__2_30_CL3_769_8#19#2024_A_ 8B_6.OKA","8/19/2024 7:16:29 PM"," 8-B","PM02A","","RIB40","Aspergillus oryzae","",34.0000,"40.9527","33.7638","32.2598","57.2510","63.9233","73.0183","32.4696","57.1885","34.2419","45.4919","38.6463","77.7317","34.3716","28.8965","27.9074","35.6745","97.5608","30.2280","23.3132","44.4084","109.8629","35.3834","38.4944","47.4567","53.9226","24.4069","25.7480","20.1803","26.2121","28.0417","16.3053","25.5651","23.6761","23.3548","25.2564","89.3148","68.1471","33.4916","22.1602","32.0583","25.2099","31.5201","46.6380","22.4813","17.2129","30.9754","24.6386","32.2026","19.1931","27.5098","16.3966","12.2972","47.9316","18.6497","51.4221","19.8779","18.9365","21.4870","26.1589","102.2652","36.2074","17.0655","22.4498","21.1884","60.3014","28.5365","20.2562","18.3249","116.2564","21.5009","22.9687","38.4606","33.4755","22.5880","16.1246","24.5874","18.3094","15.7947","20.9428","17.8385","22.7835","19.2372","28.9379","30.1579","55.4986","20.2066","32.8133","19.9918","17.4171","11.0000","28.1685","26.6902","158.1870","22.5764","34.2062","32.5499"
"C:\Users\cfg364\Sommerlab Dropbox\Casper van der Luijt\Casper\Data\BioLog\OmniLog\CL3\DATA_2024\08\_RIB40_Aspergillus oryzae__2_30_CL3_769_8#19#2024_A_ 8B_6.OKA","8/19/2024 7:16:29 PM"," 8-B","PM02A","","RIB40","Aspergillus oryzae","",34.2500,"34.2322","39.1474","32.7201","56.2838","62.3869","73.5029","34.3188","56.5832","37.2676","42.9607","34.5888","77.8918","35.5222","32.7589","25.4521","40.6090","95.2640","34.6006","24.4377","45.1172","107.3285","37.8722","32.4524","44.4240","56.2317","23.5724","22.1651","19.9123","30.0856","29.6921","17.8595","17.0370","27.0209","22.6289","28.8136","92.4456","70.5057","30.6609","18.5054","29.6537","22.9209","25.7966","42.2024","20.1053","18.8930","33.1570","26.3324","31.1537","20.4662","25.3672","16.8125","18.5362","39.4189","17.4555","46.3849","20.1842","19.4076","23.6438","25.2931","97.0574","36.4205","17.4219","22.3469","15.7575","64.0890","33.8606","17.5909","19.5189","112.0319","21.0796","20.4630","39.5509","27.5180","23.1054","15.3453","23.7577","14.8144","19.0171","18.2813","14.8446","20.0860","19.6446","25.5429","28.5081","55.4164","21.7659","30.1197","18.9664","15.3023","11.0000","21.4880","29.1241","155.4923","18.2394","37.2867","32.7933"
"C:\Users\cfg364\Sommerlab Dropbox\Casper van der Luijt\Casper\Data\BioLog\OmniLog\CL3\DATA_2024\08\_RIB40_Aspergillus oryzae__2_30_CL3_769_8#19#2024_A_ 8B_6.OKA","8/19/2024 7:16:29 PM"," 8-B","PM02A","","RIB40","Aspergillus oryzae","",34.5000,"36.7236","36.8450","34.8596","56.8821","63.5324","74.8616","33.9570","57.9121","36.0466","36.5081","35.7583","77.7609","37.9496","32.6610","26.5464","42.7739","96.6674","40.0736","23.0810","45.5079","108.4765","37.0191","32.3865","40.5928","52.8647","22.4235","21.4082","22.6693","27.8569","28.5258","19.7737","19.2206","26.7656","22.5646","27.7582","87.2829","70.4738","33.4881","19.7037","29.6214","23.7769","28.0681","42.2024","19.4320","16.8634","33.5457","22.6787","31.0552","20.2211","24.2153","17.9937","17.5668","39.1623","17.2675","47.2101","19.2374","21.8917","20.4177","26.6867","96.6752","35.7118","13.0550","19.5334","17.6542","63.0317","33.9551","19.7668","17.9414","114.4427","22.4192","22.1690","36.6644","28.5658","21.9556","14.7514","22.8597","18.4044","19.8442","16.9081","16.4968","18.4282","17.3629","27.3164","31.3793","54.9527","22.7534","30.2445","21.5293","13.9957","12.5149","23.4525","28.9030","155.1391","18.3681","35.6993","28.1498"
"C:\Users\cfg364\Sommerlab Dropbox\Casper van der Luijt\Casper\Data\BioLog\OmniLog\CL3\DATA_2024\08\_RIB40_Aspergillus oryzae__2_30_CL3_769_8#19#2024_A_ 8B_6.OKA","8/19/2024 7:16:29 PM"," 8-B","PM02A","","RIB40","Aspergillus oryzae","",34.7500,"40.5385","37.8537","34.6847","59.5634","67.3653","76.7276","36.4366","58.9989","35.2688","49.4425","38.9688","79.0356","35.7021","28.7396","23.7774","44.8943","98.8534","35.5928","18.4226","45.8419","110.1158","36.7546","34.0760","46.3153","58.4769","26.2995","19.4293","16.0225","29.5314","30.8121","17.5281","21.7534","24.9983","21.6411","26.7762","88.1643","76.8343","32.5281","21.9144","31.4105","24.3269","30.4963","46.8533","22.3516","15.1920","28.8142","21.4870","30.7081","19.1354","24.5748","13.1521","16.0932","42.4898","15.2440","49.1589","20.9922","17.6631","21.5415","24.1927","100.7612","34.9671","14.0792","24.9006","20.5886","62.2052","33.4766","19.8693","16.9739","116.3866","17.6056","18.9340","35.2758","31.1305","24.3239","16.9649","25.0113","16.5332","18.3847","20.6872","15.5797","20.2079","19.3220","30.7682","29.2849","57.2598","19.1792","31.4135","19.2690","17.3614","14.4072","23.8721","30.8908","156.9008","12.4931","39.0595","30.2351"
"C:\Users\cfg364\Sommerlab Dropbox\Casper van der Luijt\Casper\Data\BioLog\OmniLog\CL3\DATA_2024\08\_RIB40_Aspergillus oryzae__2_30_CL3_769_8#19#2024_A_ 8B_6.OKA","8/19/2024 7:16:29 PM"," 8-B","PM02A","","RIB40","Aspergillus oryzae","",35.0000,"39.6294","35.9027","35.3796","57.5223","68.3317","76.0490","36.2890","54.3293","36.8522","43.8536","37.4917","72.2863","32.2859","32.6830","28.7043","39.4467","94.9395","38.2889","21.2909","49.2030","108.5437","37.4349","34.4358","41.8543","53.5478","25.7114","21.1604","16.1935","28.8934","28.4788","17.9693","22.1522","24.2732","20.0899","21.5684","91.3584","74.9437","28.8494","18.6196","30.6084","23.0094","28.6075","47.4367","24.5703","20.4981","31.7896","25.5046","29.4040","19.5840","25.6297","11.9985","12.1386","41.7804","12.6709","47.6127","18.9175","18.6086","19.8833","25.0520","100.7748","37.0657","14.4965","22.4965","20.0439","63.7253","31.6406","18.7302","14.0402","110.2505","20.3750","22.4560","36.3174","29.7048","22.6893","19.9288","24.3729","18.6384","18.7418","19.7462","19.3861","19.7307","19.8255","27.5522","29.7679","54.4670","21.5075","30.0419","19.8155","17.6110","11.0000","21.9234","28.2651","154.8994","17.8626","37.7318","26.9558"
"C:\Users\cfg364\Sommerlab Dropbox\Casper van der Luijt\Casper\Data\BioLog\OmniLog\CL3\DATA_2024\08\_RIB40_Aspergillus oryzae__2_30_CL3_769_8#19#2024_A_ 8B_6.OKA","8/19/2024 7:16:29 PM"," 8-B","PM02A","","RIB40","Aspergillus oryzae","",35.2500,"40.5506","32.5502","33.9853","58.2468","69.6207","82.3910","34.1990","64.5806","31.7764","49.1517","41.2294","77.3887","38.5696","29.6119","26.6357","41.5497","98.4835","39.2403","26.9242","45.9471","112.2230","42.0841","30.2535","40.9590","54.7406","26.4754","19.5127","21.2297","34.1128","27.3596","15.4398","17.6658","30.2326","24.6167","26.3179","95.3327","78.2472","33.0344","19.9159","32.8023","26.6822","29.5411","50.3071","22.4192","19.9916","32.8485","20.8906","30.9876","21.0343","23.5793","18.3651","11.9167","43.8078","17.1237","49.6770","14.5364","19.1239","19.0862","27.7417","102.0215","35.8856","17.5336","20.9305","18.9920","62.7567","34.0089","18.6990","17.6332","112.9795","23.0901","22.8332","38.1852","33.3075","25.2080","21.1945","24.5638","15.8825","17.4080","17.1636","20.0392","23.2709","19.2593","31.8933","30.1419","58.1949","21.3620","33.8091","20.6943","17.5041","12.2249","24.1075","27.6791","153.8433","17.8959","40.7906","29.4648"
"C:\Users\cfg364\Sommerlab Dropbox\Casper van der Luijt\Casper\Data\BioLog\OmniLog\CL3\DATA_2024\08\_RIB40_Aspergillus oryzae__2_30_CL3_769_8#19#2024_A_ 8B_6.OKA","8/19/2024 7:16:29 PM"," 8-B","PM02A","","RIB40","Aspergillus oryzae","",35.5000,"37.6578","35.2115","34.3109","58.3415","67.6223","76.5034","36.4863","60.9688","31.5763","45.0533","36.7265","78.0810","38.3523","28.7194","25.4428","40.9721","98.7947","37.7172","21.5840","51.8748","110.4660","43.6773","28.0371","40.8263","56.6493","22.9746","20.3354","20.8747","30.5063","26.1502","17.5954","19.7267","26.2458","23.3031","21.2227","97.1973","76.2796","30.4692","19.1282","29.8803","25.0381","29.4468","46.9361","23.1529","17.6952","30.5917","22.5281","28.8837","16.2166","26.5957","18.4272","14.1294","42.4342","16.0505","46.8687","15.3647","18.2603","20.2320","28.2284","97.3162","34.8358","19.2227","19.5074","20.3859","59.5239","32.0177","17.4000","17.9807","109.3580","24.6173","24.3083","37.0223","32.6980","24.6994","19.5162","20.7548","14.8867","18.0775","17.7704","19.6599","21.2682","19.7755","29.8549","29.4851","57.8254","22.7287","32.5281","23.6366","14.6028","11.2256","22.0230","26.2839","150.7668","15.5113","37.8401","28.4407"
"C:\Users\cfg364\Sommerlab Dropbox\Casper van der Luijt\Casper\Data\BioLog\OmniLog\CL3\DATA_2024\08\_RIB40_Aspergillus oryzae__2_30_CL3_769_8#19#2024_A_ 8B_6.OKA","8/19/2024 7:16:29 PM"," 8-B","PM02A","","RIB40","Aspergillus oryzae","",35.7500,"38.8444","35.6931","37.9570","63.1781","72.1506","81.5374","36.5696","63.5538","33.3456","51.0517","35.4245","81.0365","39.3643","34.1454","29.6499","43.2797","95.4914","37.1313","21.7886","51.7588","108.9787","39.1692","34.7612","44.2600","58.1799","29.2848","21.7016","17.5086","28.2582","32.1822","19.5205","24.9914","24.8965","19.9898","22.8838","96.9444","79.0842","33.6901","22.0815","34.7923","26.7805","32.3673","53.3007","23.8459","22.7232","35.5574","22.3446","32.2730","20.7888","28.3541","12.3145","17.2241","41.7906","15.5658","54.5167","21.2063","21.7946","19.3071","21.8690","97.5694","39.1490","17.7663","25.3058","20.0987","61.9091","35.7505","20.6094","21.8692","118.5550","18.7761","19.8273","36.5729","33.6317","22.7585","18.0153","24.1680","20.3530","20.4004","22.0806","17.4051","20.1188","22.3585","30.5576","30.6985","55.3352","24.8951","34.1665","21.3122","17.6202","12.6106","24.6730","29.2043","155.8491","18.8371","35.7026","28.0759"
"C:\Users\cfg364\Sommerlab Dropbox\Casper van der Luijt\Casper\Data\BioLog\OmniLog\CL3\DATA_2024\08\_RIB40_Aspergillus oryzae__2_30_CL3_769_8#19#2024_A_ 8B_6.OKA","8/19/2024 7:16:29 PM"," 8-B","PM02A","","RIB40","Aspergillus oryzae","",36.0000,"42.1989","37.0336","34.4868","63.9202","69.4173","82.0915","41.5694","63.9553","34.7234","48.4874","39.7778","78.7279","34.7673","30.5644","23.4137","45.9819","103.0937","38.4514","25.1731","48.4780","112.5930","44.9948","30.9030","46.7722","61.9709","27.6437","21.5831","21.6347","31.4017","29.0851","20.5194","21.6987","19.8013","20.4967","26.5060","97.1034","81.0137","32.5886","18.2917","35.8924","23.3031","30.5829","51.7843","24.4566","21.0525","33.7760","28.6621","33.5883","20.9794","30.0303","17.8077","15.7905","40.3004","20.2848","50.5933","22.4354","20.2350","21.1579","28.4391","102.4270","39.6717","18.0509","22.1907","19.3193","63.4573","36.9250","21.2284","16.8215","117.6682","20.5356","21.6234","40.5260","31.6476","26.3721","19.0464","25.8933","16.8704","19.5357","24.4224","16.1094","18.8989","20.1868","28.8846","29.6393","61.7476","22.9938","33.3947","27.2693","14.4592","16.9602","24.9999","28.3153","159.9091","16.8987","39.7651","32.1867"
"C:\Users\cfg364\Sommerlab Dropbox\Casper van der Luijt\Casper\Data\BioLog\OmniLog\CL3\DATA_2024\08\_RIB40_Aspergillus oryzae__2_30_CL3_769_8#19#2024_A_ 8B_6.OKA","8/19/2024 7:16:29 PM"," 8-B","PM02A","","RIB40","Aspergillus oryzae","",36.2500,"41.6758","39.7791","34.6490","63.4477","70.5907","82.0915","39.1200","63.6241","34.3589","50.0424","39.6128","80.8968","34.7048","28.4307","26.1221","44.5417","97.9601","36.1451","21.6943","52.8987","109.1795","42.6458","34.5365","44.8031","60.1335","29.7892","21.7095","19.4433","33.7137","29.9388","20.3603","21.6666","21.5037","22.5248","27.1494","98.9095","83.8508","35.9100","20.5960","36.4698","24.9924","29.9218","51.8477","24.4885","20.2496","35.0124","26.3115","30.6832","18.1238","29.3907","16.4089","15.3808","39.5319","18.3087","51.2293","19.9152","19.6917","20.1781","23.7951","103.5612","37.3337","16.3919","23.6396","20.2506","65.3445","37.3040","20.0250","17.8023","124.1692","23.8412","21.4950","40.4015","30.3667","25.6115","20.3512","27.4043","19.6142","18.0706","23.9171","17.7279","17.8714","20.2831","26.7051","29.6704","59.0087","25.0935","32.9262","24.7166","12.8257","17.2165","26.1954","30.7527","158.1092","20.1866","37.7531","34.3795"
"C:\Users\cfg364\Sommerlab Dropbox\Casper van der Luijt\Casper\Data\BioLog\OmniLog\CL3\DATA_2024\08\_RIB40_Aspergillus oryzae__2_30_CL3_769_8#19#2024_A_ 8B_6.OKA","8/19/2024 7:16:29 PM"," 8-B","PM02A","","RIB40","Aspergillus oryzae","",36.5000,"43.8296","37.4858","35.0382","63.9518","75.2210","81.9624","38.0748","66.6047","33.5306","50.0424","43.4740","84.3801","34.9547","30.8598","23.6716","49.2785","99.6091","35.1841","25.7851","54.8815","113.7308","43.5593","34.5038","44.3108","58.9297","26.7985","20.1931","17.4775","33.1826","30.3182","22.4615","22.1792","24.1056","22.7179","24.6401","100.4858","84.5759","33.8586","19.3018","35.8283","23.4625","28.9458","52.5771","23.4362","17.8087","32.2793","25.6912","35.8406","19.3213","27.5996","15.7250","13.1746","42.1897","17.1167","54.0915","25.4911","19.7556","19.6555","28.6664","102.4270","36.9338","16.8385","24.4103","19.0710","62.1459","35.4409","16.2567","18.0237","124.4217","25.1444","22.9393","42.6728","32.8066","23.8048","19.4503","25.1841","19.8375","17.1151","21.9274","18.9656","15.7843","19.3195","29.9744","32.1598","61.7169","24.7754","36.0496","23.6402","13.8506","15.5182","26.2269","32.1139","158.8806","18.5749","40.2052","33.0823"
"C:\Users\cfg364\Sommerlab Dropbox\Casper van der Luijt\Casper\Data\BioLog\OmniLog\CL3\DATA_2024\08\_RIB40_Aspergillus oryzae__2_30_CL3_769_8#19#2024_A_ 8B_6.OKA","8/19/2024 7:16:29 PM"," 8-B","PM02A","","RIB40","Aspergillus oryzae","",36.7500,"42.4758","37.9057","34.5841","63.6367","71.6373","83.1241","41.0142","68.3599","37.0759","48.5204","39.4807","77.6106","35.3919","28.1024","23.6072","44.4777","103.9338","40.2772","25.7529","54.5564","112.4629","43.7224","37.2863","42.6371","62.0976","21.7924","22.0886","20.2167","31.5267","30.4447","20.2647","22.2432","18.3558","21.3980","26.1843","100.9455","82.9682","37.0822","18.3864","34.5452","27.6379","31.2441","52.8625","23.3724","23.3649","33.7435","24.6465","36.2976","17.0491","29.9664","16.9373","14.9396","43.5347","19.0928","51.8018","20.7658","21.8327","18.3490","27.1401","104.1597","38.1028","17.5723","24.7495","20.0333","67.8074","39.9249","17.6817","18.3401","120.2560","22.8241","22.4258","39.5304","31.0987","26.3721","21.4697","24.2899","18.9123","21.3511","26.1278","16.5220","15.1742","19.9619","26.3205","31.9731","61.3783","22.5166","33.2698","23.1789","11.0961","14.9094","27.0763","28.5685","155.8272","17.0921","41.1169","31.0131"
"C:\Users\cfg364\Sommerlab Dropbox\Casper van der Luijt\Casper\Data\BioLog\OmniLog\CL3\DATA_2024\08\_RIB40_Aspergillus oryzae__2_30_CL3_769_8#19#2024_A_ 8B_6.OKA","8/19/2024 7:16:29 PM"," 8-B","PM02A","","RIB40","Aspergillus oryzae","",37.0000,"39.3044","36.0590","40.2925","66.4089","71.7865","81.2009","35.0839","65.3068","32.2134","50.4702","36.8742","79.6403","34.6632","30.3941","25.8829","49.1072","101.3970","45.5174","16.4963","56.7941","111.7244","45.9333","28.2654","42.8923","64.5965","23.3075","21.7902","21.2033","30.5601","26.5638","21.4054","20.2119","27.2774","21.2394","26.4575","98.1102","83.7395","36.7467","17.3263","34.1327","27.0269","33.8986","53.5860","24.8694","22.3230","36.5234","24.5221","34.2545","19.6227","28.2058","15.5216","15.9111","42.0976","19.7693","54.3583","19.3796","20.8822","21.6258","26.6781","98.8752","37.7051","15.0927","23.4755","22.4296","61.8350","38.1148","19.0856","20.3771","119.5521","18.4449","20.3499","34.4639","29.0604","25.8939","19.9644","27.3141","15.7966","19.9784","23.4711","18.3663","21.6848","23.4436","27.3523","30.5827","60.3650","19.6800","31.7363","22.0466","13.8442","11.8035","22.1909","26.6619","159.2469","14.6696","36.9433","29.1757"
"C:\Users\cfg364\Sommerlab Dropbox\Casper van der Luijt\Casper\Data\BioLog\OmniLog\CL3\DATA_2024\08\_RIB40_Aspergillus oryzae__2_30_CL3_769_8#19#2024_A_ 8B_6.OKA","8/19/2024 7:16:29 PM"," 8-B","PM02A","","RIB40","Aspergillus oryzae","",37.2500,"37.1033","39.6132","39.4938","67.4925","75.8671","84.5229","39.3681","67.4585","32.1917","46.9108","36.4920","82.5710","34.9515","28.0818","23.2037","47.9928","104.7418","42.8241","24.8948","50.5220","110.0582","43.2466","34.7405","39.5689","66.8836","26.2318","21.7260","20.0535","31.3700","28.1790","17.4331","25.9011","21.3666","24.1131","22.2792","99.1049","84.6435","34.1664","22.7847","35.1557","30.4455","30.0284","58.1125","24.9758","22.0727","34.0904","27.0695","33.2838","20.7342","31.7122","16.5493","14.3075","40.4833","20.9754","54.0524","22.3527","24.4187","20.9004","29.3728","100.0243","42.4373","20.2634","25.3995","20.7326","66.8739","41.6528","22.0050","20.3785","122.9074","25.1170","21.0447","36.7117","30.8327","22.6649","21.8156","27.0797","18.6161","20.8556","23.2882","18.4095","22.1733","21.3095","30.2319","31.6395","62.6283","25.6530","38.1323","26.2214","19.1091","12.1584","27.9068","34.2929","161.1186","17.7707","38.7428","33.4956"
"C:\Users\cfg364\Sommerlab Dropbox\Casper van der Luijt\Casper\Data\BioLog\OmniLog\CL3\DATA_2024\08\_RIB40_Aspergillus oryzae__2_30_CL3_769_8#19#2024_A_ 8B_6.OKA","8/19/2024 7:16:29 PM"," 8-B","PM02A","","RIB40","Aspergillus oryzae","",37.5000,"38.7794","38.2983","35.4332","64.5438","72.8843","82.2699","39.8641","67.8450","32.0343","46.5198","35.8297","76.7349","40.5453","32.8738","26.8157","47.9607","99.4907","42.5709","24.1966","59.6972","114.7179","40.3342","31.3540","40.9658","64.5220","25.4051","23.1231","20.8290","30.1689","31.4303","22.0773","21.3565","20.5838","22.5293","24.9460","99.7471","81.1777","39.1788","20.3146","37.1089","30.4246","30.2453","54.4782","21.9432","19.8394","35.7982","28.0877","30.7736","20.0903","28.1260","16.5470","12.6750","41.0860","19.1597","54.1529","18.9323","20.5233","22.9916","26.2689","101.0373","39.5245","15.4231","22.5114","21.2241","63.4928","40.2657","21.2444","20.8867","124.7918","22.0065","20.8672","36.1146","30.1847","25.4159","18.1802","26.8151","17.0788","13.2051","22.8547","16.2661","21.1987","21.7709","29.2679","32.6979","65.3279","25.5056","34.4284","22.7496","18.7850","11.0000","22.9946","29.5113","159.3741","17.1515","34.3191","34.3496"
"C:\Users\cfg364\Sommerlab Dropbox\Casper van der Luijt\Casper\Data\BioLog\OmniLog\CL3\DATA_2024\08\_RIB40_Aspergillus oryzae__2_30_CL3_769_8#19#2024_A_ 8B_6.OKA","8/19/2024 7:16:29 PM"," 8-B","PM02A","","RIB40","Aspergillus oryzae","",37.7500,"40.1384","33.8923","39.2446","70.3038","77.8793","79.4164","42.8578","67.6910","35.4397","42.3401","36.1364","76.0776","31.9124","34.2576","28.9433","50.3713","104.2904","42.6889","23.1309","57.8764","115.4481","42.3027","32.4437","40.7404","66.4444","21.2520","22.3308","23.0371","35.0907","28.6965","18.2617","25.7929","26.5184","20.4209","24.7815","102.8385","84.8992","36.0809","20.1096","36.7761","29.1749","32.5324","55.7787","24.3766","18.1016","37.0862","24.9243","31.4292","17.6973","26.5910","19.6184","15.2509","39.3591","19.2823","56.1763","18.1567","25.0019","22.7358","27.9674","101.6904","35.3325","15.1940","24.8915","19.0288","64.1410","43.4690","21.7431","19.3284","119.8904","24.4764","20.4580","38.6683","29.6283","24.8504","16.8305","24.3362","18.4234","21.1168","25.0141","17.0814","20.9692","23.6134","27.5826","31.1150","63.2331","23.3676","35.4526","22.9075","23.3646","11.0000","23.7412","27.6984","160.3692","18.4205","34.5792","31.8925"
"C:\Users\cfg364\Sommerlab Dropbox\Casper van der Luijt\Casper\Data\BioLog\OmniLog\CL3\DATA_2024\08\_RIB40_Aspergillus oryzae__2_30_CL3_769_8#19#2024_A_ 8B_6.OKA","8/19/2024 7:16:29 PM"," 8-B","PM02A","","RIB40","Aspergillus oryzae","",38.0000,"39.5597","38.7546","41.5821","68.1373","75.3949","82.5149","42.0562","67.4142","32.0878","48.1530","39.7104","78.4410","37.0446","27.0957","28.5159","50.5393","105.3406","43.8971","25.0273","60.8642","113.7279","43.3654","30.3422","41.8057","66.2866","24.1217","22.4890","14.5381","32.4596","30.7018","20.7959","26.7880","25.0787","22.6748","28.8569","103.4255","85.8599","36.2669","20.4388","35.4556","32.4188","30.9322","59.3414","26.6653","22.5021","36.3186","29.6324","34.8727","21.5033","31.2396","15.9259","16.9264","45.6190","16.8897","55.2662","22.7450","21.5499","21.7401","26.5460","102.8210","38.9143","16.1728","25.3807","20.9825","68.1535","43.7069","20.3347","23.9589","123.1166","25.8537","19.6262","36.9769","29.8882","26.5955","18.1971","25.4602","19.1835","20.8763","24.9943","19.1749","21.2110","23.4644","29.2386","29.8688","64.2911","28.1412","39.8959","25.8913","16.4853","12.6453","23.1004","33.6713","159.4351","16.3647","42.1941","31.1260"
"C:\Users\cfg364\Sommerlab Dropbox\Casper van der Luijt\Casper\Data\BioLog\OmniLog\CL3\DATA_2024\08\_RIB40_Aspergillus oryzae__2_30_CL3_769_8#19#2024_A_ 8B_6.OKA","8/19/2024 7:16:29 PM"," 8-B","PM02A","","RIB40","Aspergillus oryzae","",38.2500,"37.5664","39.7550","45.9973","70.0049","80.7374","83.9961","38.3373","69.8727","33.7430","45.7603","43.7788","78.8685","35.7984","29.6406","29.5745","50.4755","104.7798","42.0589","24.2551","61.5472","112.4560","43.5288","31.3324","44.5161","68.4955","22.8783","22.7731","16.7779","30.9470","28.6713","18.1068","25.8949","26.1275","25.0291","30.4802","105.4262","84.1773","35.2549","19.2077","40.0510","33.8698","28.4131","63.0988","28.4801","21.0884","34.4262","27.4537","36.5733","20.6152","31.0785","15.4271","18.4711","43.9279","21.3620","58.0030","19.3668","19.6957","19.2591","26.0916","101.0826","42.2418","17.7055","23.3527","23.6176","65.5499","43.1712","20.4297","23.4241","121.0816","23.2774","23.0058","41.3012","30.5617","24.4587","18.1347","25.7692","18.1286","23.6481","25.6289","23.6253","23.4127","25.2495","28.6295","27.7792","66.1767","28.5193","37.6540","25.0009","19.2755","12.3227","22.6897","32.9795","157.9893","17.4248","41.0224","31.5595"
"C:\Users\cfg364\Sommerlab Dropbox\Casper van der Luijt\Casper\Data\BioLog\OmniLog\CL3\DATA_2024\08\_RIB40_Aspergillus oryzae__2_30_CL3_769_8#19#2024_A_ 8B_6.OKA","8/19/2024 7:16:29 PM"," 8-B","PM02A","","RIB40","Aspergillus oryzae","",38.5000,"38.0024","38.1414","39.2771","66.9977","77.3549","83.4809","40.7187","68.8096","33.2796","47.0231","41.0996","80.1180","38.8826","29.3762","29.7670","50.4755","105.3094","47.7636","25.7350","62.5556","113.4344","43.5288","31.6295","43.2270","70.4520","24.1872","20.7531","19.7318","32.2390","29.8135","18.3309","21.6529","28.0979","20.4495","31.5943","101.7200","88.1775","42.0450","20.0600","39.8261","35.1316","28.6335","62.4989","28.6712","21.4740","37.1016","28.9170","35.4941","22.4219","28.7258","15.0841","16.8634","44.7575","18.1810","59.4350","20.9138","20.2711","22.1318","29.4994","105.7605","39.1300","18.1206","23.7522","19.2154","66.1849","45.3769","20.1765","21.9458","130.3027","26.6170","22.1690","42.7426","31.2352","24.5862","17.9166","27.2523","19.0237","21.6728","23.9788","21.0056","23.6680","24.6439","30.8092","32.8628","65.9604","27.6685","39.4600","28.8081","18.3243","15.0971","26.0071","35.9353","156.3186","18.0673","38.4572","34.1604"
"C:\Users\cfg364\Sommerlab Dropbox\Casper van der Luijt\Casper\Data\BioLog\OmniLog\CL3\DATA_2024\08\_RIB40_Aspergillus oryzae__2_30_CL3_769_8#19#2024_A_ 8B_6.OKA","8/19/2024 7:16:29 PM"," 8-B","PM02A","","RIB40","Aspergillus oryzae","",38.7500,"39.3105","36.1405","40.7055","71.9359","81.7174","84.7044","40.8492","72.0987","36.8880","50.1802","38.7843","83.5377","36.5773","29.7398","29.2216","48.1759","106.9607","46.9079","30.1749","60.6039","113.9236","43.5288","31.9925","41.9379","72.7241","22.9110","22.3944","16.7779","33.8461","29.8135","17.1144","24.4597","25.6190","25.2226","29.9709","102.9664","87.3521","38.0624","20.1863","38.9905","30.1791","29.0744","63.0988","27.4294","21.1848","35.8944","25.3076","33.6300","19.9722","29.3704","15.4583","16.0122","43.4812","20.3857","60.2306","22.5872","21.0703","24.2864","26.8706","103.7060","36.1414","17.8651","24.8584","20.7965","68.4393","44.4631","20.8094","24.5879","123.6571","25.4084","20.1734","39.6718","30.5311","26.2446","19.8172","26.3562","18.6401","19.6338","24.5500","22.5837","22.0406","23.4325","30.3284","29.7440","65.5894","25.0217","38.4324","26.4746","20.5121","12.4517","28.0923","35.5894","161.0416","16.7502","39.9456","28.7109"
"C:\Users\cfg364\Sommerlab Dropbox\Casper van der Luijt\Casper\Data\BioLog\OmniLog\CL3\DATA_2024\08\_RIB40_Aspergillus oryzae__2_30_CL3_769_8#19#2024_A_ 8B_6.OKA","8/19/2024 7:16:29 PM"," 8-B","PM02A","","RIB40","Aspergillus oryzae","",39.0000,"34.3896","34.7528","40.3159","65.9847","76.5646","87.6024","40.2294","71.2349","34.0079","50.9113","36.0389","81.7950","37.9480","29.0788","25.2437","54.7871","103.2531","47.1298","24.8986","65.2878","113.7605","46.5692","33.5439","43.3592","68.3062","23.2709","19.8693","18.3035","34.2242","26.9581","18.0748","27.5216","28.8288","22.4813","29.5890","108.2141","84.8123","40.0863","18.5448","38.3478","36.9927","30.9322","63.4461","24.6593","20.8957","38.7656","30.7379","36.0827","21.0440","31.7875","14.8347","12.7023","40.5777","16.7637","57.5256","21.8926","20.2391","19.8793","28.1363","101.9044","36.2030","18.7592","23.9365","19.2774","68.7568","45.0303","21.8853","19.5554","129.6350","21.4008","19.3365","42.5546","30.4086","25.0646","18.8513","28.2719","20.0786","20.1436","21.5671","21.9840","19.9027","23.4644","29.5911","31.9272","64.4148","26.8178","38.5570","28.3476","18.2292","14.4196","23.5112","34.2687","157.3789","18.2600","38.8372","30.1662"
"C:\Users\cfg364\Sommerlab Dropbox\Casper van der Luijt\Casper\Data\BioLog\OmniLog\CL3\DATA_2024\08\_RIB40_Aspergillus oryzae__2_30_CL3_769_8#19#2024_A_ 8B_6.OKA","8/19/2024 7:16:29 PM"," 8-B","PM02A","","RIB40","Aspergillus oryzae","",39.2500,"35.8223","38.9482","41.7119","69.0236","75.9639","86.3466","41.3059","68.3444","33.3127","48.3192","39.0158","81.9265","37.1069","27.4923","29.0291","54.4997","104.7798","47.0981","24.9307","65.0276","111.9016","43.8231","29.5830","40.8472","68.3378","21.6675","22.6153","16.5182","30.4428","28.3223","19.0992","24.2683","27.8119","19.3529","28.2521","106.8037","89.7331","38.5194","19.1445","37.9943","32.3872","32.3177","62.0253","25.1051","20.3495","35.0461","28.2016","33.1068","19.7885","33.6246","15.7700","17.4308","43.9917","15.6928","60.3261","23.7554","21.8696","20.9566","26.7407","102.0624","37.9592","17.9929","22.1543","17.3553","68.3440","47.2044","21.3790","24.0218","127.7589","22.4186","24.7439","39.6718","28.5719","23.5976","19.8483","26.2944","24.1704","19.7931","25.0577","19.2696","21.7853","24.9308","28.1808","30.3054","66.4859","27.4164","42.2312","27.1808","16.2316","11.9033","26.7021","34.6146","158.7283","15.0155","36.7787","29.1754"
"C:\Users\cfg364\Sommerlab Dropbox\Casper van der Luijt\Casper\Data\BioLog\OmniLog\CL3\DATA_2024\08\_RIB40_Aspergillus oryzae__2_30_CL3_769_8#19#2024_A_ 8B_6.OKA","8/19/2024 7:16:29 PM"," 8-B","PM02A","","RIB40","Aspergillus oryzae","",39.5000,"38.9056","36.7859","42.4911","70.7646","83.5193","84.9298","40.0662","71.7000","33.5775","48.2859","35.8074","79.5590","35.6115","25.1788","24.4417","53.5415","107.1788","47.4784","26.0889","67.2069","109.8145","45.6865","26.5794","36.8147","73.2290","24.9398","21.3843","17.1999","33.2473","26.0063","17.3385","25.9906","28.5746","20.6752","32.5810","105.7214","90.1776","37.6380","19.4918","38.9584","31.3462","29.6727","65.4669","23.0037","22.0202","37.3953","25.9254","31.3409","20.2478","31.7553","14.3671","12.2609","41.1520","19.2518","57.1756","21.4821","21.4859","21.9033","27.0004","101.7147","37.5586","14.3847","23.1376","19.2464","69.2331","46.5112","22.0435","22.8265","131.4474","23.2455","21.0102","40.6118","28.8168","22.7046","17.0443","28.6427","21.0696","19.8887","25.9145","20.9109","22.5831","24.3570","30.9374","27.1242","66.1149","25.8095","38.2144","25.9834","18.7682","12.0323","22.7213","37.2245","158.2785","17.7460","35.2269","28.0297"
"C:\Users\cfg364\Sommerlab Dropbox\Casper van der Luijt\Casper\Data\BioLog\OmniLog\CL3\DATA_2024\08\_RIB40_Aspergillus oryzae__2_30_CL3_769_8#19#2024_A_ 8B_6.OKA","8/19/2024 7:16:29 PM"," 8-B","PM02A","","RIB40","Aspergillus oryzae","",39.7500,"38.5007","37.6250","39.9913","70.4164","78.6194","84.8332","39.1528","70.5040","32.8492","48.5850","34.3520","81.4004","35.3000","27.2279","27.2968","54.7232","106.3064","50.5209","27.1185","65.5481","112.3908","44.6077","29.5830","42.1032","70.9254","21.6021","22.1103","16.7454","33.4049","27.4657","17.3385","24.9381","27.0491","19.5787","31.4988","104.2455","89.9236","39.5640","18.4185","41.9149","32.6711","31.3416","66.5089","24.0226","20.6708","33.2190","26.3481","32.2565","21.4727","33.5601","15.1465","12.6077","44.9170","17.6140","62.5537","18.6406","21.3900","20.5322","26.2864","101.5567","38.7294","17.0030","23.4756","19.5254","68.5028","47.1414","22.6763","18.0456","132.8783","24.6132","21.2999","41.9906","30.0107","26.0852","19.4121","30.1876","18.2245","19.2834","27.5646","17.6283","24.4338","23.0500","30.4245","31.9896","67.3823","26.7547","40.6121","26.1369","17.4999","15.3874","24.6169","32.5707","156.8970","16.9108","36.0186","30.0423"
"C:\Users\cfg364\Sommerlab Dropbox\Casper van der Luijt\Casper\Data\BioLog\OmniLog\CL3\DATA_2024\08\_RIB40_Aspergillus oryzae__2_30_CL3_769_8#19#2024_A_ 8B_6.OKA","8/19/2024 7:16:29 PM"," 8-B","PM02A","","RIB40","Aspergillus oryzae","",40.0000,"34.3585","36.6568","38.2382","73.3603","78.0504","84.4468","38.9897","71.1685","35.7955","51.0774","34.0212","82.4855","35.3000","26.5339","25.8211","51.9446","108.9859","48.7144","25.0916","69.8417","113.0757","46.4385","28.3948","41.7727","75.0592","21.0131","25.1404","16.8753","28.9933","28.5127","15.5458","23.8856","27.5576","23.5455","28.0929","109.4932","90.7490","39.6293","17.6608","37.8336","35.1001","28.2242","63.8566","27.0155","20.4137","33.5127","24.3646","31.1120","16.9100","29.1770","12.6212","12.4186","44.6299","16.5747","62.0764","21.3243","19.1522","19.6182","24.6312","103.0422","35.1246","13.2032","24.1823","20.4555","67.6455","48.6538","23.1826","24.9654","133.6096","19.4924","21.4287","39.1704","27.4086","20.7272","15.3307","27.2832","22.5401","19.2515","23.7884","19.1433","24.3062","23.3050","26.2255","33.6737","67.2586","26.4712","42.3869","26.2904","15.8195","11.0000","23.1004","36.6585","155.2263","15.1119","36.0503","31.9620"
"C:\Users\cfg364\Sommerlab Dropbox\Casper van der Luijt\Casper\Data\BioLog\OmniLog\CL3\DATA_2024\08\_RIB40_Aspergillus oryzae__2_30_CL3_769_8#19#2024_A_ 8B_6.OKA","8/19/2024 7:16:29 PM"," 8-B","PM02A","","RIB40","Aspergillus oryzae","",40.2500,"36.8160","37.9323","43.7748","81.6041","85.2013","83.7161","39.6957","74.1365","33.7508","46.9564","39.0838","81.4436","33.3503","32.1420","22.7600","56.2649","108.7040","50.6127","25.2462","66.1047","117.1772","45.5616","29.6860","41.5405","74.4470","21.3563","23.9246","20.4409","38.2784","30.6900","20.7411","26.4563","24.5896","23.0340","25.7150","109.8197","93.2744","36.6135","21.0063","40.1416","34.7751","33.3816","63.5613","27.8760","18.3621","41.9362","26.2753","32.7823","21.5160","35.5977","18.1655","15.8335","42.4684","23.9489","65.7375","21.7103","23.2425","27.3176","28.4236","101.3616","37.2868","16.9859","25.0737","19.2443","63.5036","47.3021","22.4473","22.1115","131.7112","26.4928","24.4484","40.2576","31.8802","24.2663","21.6854","32.0375","17.5904","23.0958","28.5729","18.6870","22.5996","24.7292","27.7038","32.1817","68.9812","26.9150","41.7623","25.3796","16.3902","14.4401","24.8748","35.9294","159.7209","14.1219","39.3860","27.9530"
"C:\Users\cfg364\Sommerlab Dropbox\Casper van der Luijt\Casper\Data\BioLog\OmniLog\CL3\DATA_2024\08\_RIB40_Aspergillus oryzae__2_30_CL3_769_8#19#2024_A_ 8B_6.OKA","8/19/2024 7:16:29 PM"," 8-B","PM02A","","RIB40","Aspergillus oryzae","",40.5000,"38.1871","36.6505","46.0579","72.3304","82.9245","83.6584","37.9753","73.4260","31.7439","50.5866","38.0947","84.8789","32.4260","30.6219","27.0885","57.3480","107.2088","53.0736","23.8974","75.1522","113.9200","48.2067","28.2190","41.4561","70.7126","24.2048","20.6111","20.7323","38.6297","30.4693","18.6771","24.2863","25.5530","23.5132","28.5501","110.2694","92.9659","36.3101","17.5098","41.2998","33.0935","34.1104","68.6940","26.2637","22.4331","40.2636","23.0477","34.9193","21.7332","38.2126","14.8330","14.1144","41.5322","21.8950","64.1885","20.0197","26.8342","19.6034","26.4810","103.1245","34.2138","18.8810","20.3970","19.0616","67.3015","49.9479","21.8982","17.5735","134.2004","22.3074","20.3155","41.9694","32.9204","25.3874","19.0511","32.7933","21.5622","20.2674","27.6648","18.0300","25.3165","23.5636","29.9643","31.9946","70.6907","25.3575","41.8937","25.7233","15.6805","11.2899","26.8156","33.0693","160.5465","16.5028","37.0901","29.1287"
"C:\Users\cfg364\Sommerlab Dropbox\Casper van der Luijt\Casper\Data\BioLog\OmniLog\CL3\DATA_2024\08\_RIB40_Aspergillus oryzae__2_30_CL3_769_8#19#2024_A_ 8B_6.OKA","8/19/2024 7:16:29 PM"," 8-B","PM02A","","RIB40","Aspergillus oryzae","",40.7500,"39.7389","37.8503","44.0509","72.8378","83.8374","86.0739","41.0489","75.9747","29.8852","49.2261","39.2827","84.8134","35.4468","32.1943","28.7871","57.5391","108.7344","56.3902","25.9015","73.1089","116.3241","45.4603","30.7920","41.9511","75.8526","24.9221","21.2098","21.6347","35.5562","28.3799","24.0701","20.8524","26.0307","24.5399","28.0396","110.7282","93.8210","41.4507","17.8890","40.3369","34.5812","32.1767","68.8851","26.8361","26.6051","41.6202","25.7576","34.7561","22.8005","35.0566","14.6461","14.8064","43.2196","23.2024","64.3154","21.8869","28.9475","19.4071","29.2605","103.4725","36.6800","22.4719","20.8607","19.1236","65.8048","51.9911","22.8747","20.7338","131.9107","20.2689","18.1236","42.4073","30.0625","25.6738","20.3878","32.1199","24.1391","22.5843","30.7005","19.7400","23.0846","25.0903","28.5869","31.0289","70.5061","22.5113","42.5510","26.8653","13.6427","11.7088","24.4164","33.0062","159.1070","15.8592","37.2166","28.4768"
"C:\Users\cfg364\Sommerlab Dropbox\Casper van der Luijt\Casper\Data\BioLog\OmniLog\CL3\DATA_2024\08\_RIB40_Aspergillus oryzae__2_30_CL3_769_8#19#2024_A_ 8B_6.OKA","8/19/2024 7:16:29 PM"," 8-B","PM02A","","RIB40","Aspergillus oryzae","",41.0000,"38.0629","36.9099","45.3457","76.5798","82.8301","89.1335","39.2832","71.3738","31.0137","51.9471","38.8207","81.8006","35.0731","30.4254","28.7551","59.7052","106.6795","53.1999","24.0590","74.5035","114.4723","48.8933","29.0107","39.9383","73.4095","26.3241","19.5397","19.1532","36.6118","31.2607","23.6894","20.1142","25.6804","21.0427","29.9222","109.9416","92.9659","40.5012","16.2773","42.2627","35.0877","37.4163","69.2035","26.5817","23.0382","44.5594","29.0879","32.0477","20.1477","38.5991","17.3572","14.9952","44.7160","22.7044","67.2033","19.6399","25.4779","17.3789","30.8118","102.5866","40.5952","19.9296","20.2734","19.8367","65.2635","49.5706","20.8903","23.7361","134.3276","22.3074","19.6064","41.0935","29.2416","26.0240","18.1496","33.1912","22.9302","23.0603","29.3724","19.9300","23.8498","24.5496","29.9964","34.5800","71.7363","24.2506","39.7966","24.8282","15.0437","12.3209","27.1944","32.9430","159.2670","15.6339","41.5808","29.6564"
"C:\Users\cfg364\Sommerlab Dropbox\Casper van der Luijt\Casper\Data\BioLog\OmniLog\CL3\DATA_2024\08\_RIB40_Aspergillus oryzae__2_30_CL3_769_8#19#2024_A_ 8B_6.OKA","8/19/2024 7:16:29 PM"," 8-B","PM02A","","RIB40","Aspergillus oryzae","",41.2500,"38.0940","36.4235","44.8925","75.8821","84.7817","86.5248","42.3240","77.6297","31.3124","51.3166","39.7778","88.8741","34.4191","29.4427","28.5307","58.7814","107.5824","53.7369","23.2832","75.1197","115.9992","43.8910","35.2452","40.2682","78.5495","25.0852","22.4703","20.8612","37.4500","26.6704","21.3101","25.4095","26.9542","23.3528","30.9114","112.0063","92.5225","39.9445","15.8981","41.5566","38.3162","34.8277","67.0702","26.6135","22.8471","43.1059","26.7371","34.2993","20.5441","35.5075","17.3884","15.9075","45.0981","24.6966","66.2513","19.2285","28.1590","17.9023","29.2928","103.6939","34.0596","19.1352","21.9735","18.1004","67.3652","52.2740","23.0637","20.7338","135.6315","23.5497","21.8627","41.6253","29.3633","28.2203","18.6470","31.3853","26.1115","21.5052","30.2578","17.9350","24.3919","27.0623","34.5773","34.0504","71.1827","24.8199","45.9002","28.1617","18.9918","12.7397","24.6374","32.9746","163.0736","15.9557","40.4739","31.2085"
"C:\Users\cfg364\Sommerlab Dropbox\Casper van der Luijt\Casper\Data\BioLog\OmniLog\CL3\DATA_2024\08\_RIB40_Aspergillus oryzae__2_30_CL3_769_8#19#2024_A_ 8B_6.OKA","8/19/2024 7:16:29 PM"," 8-B","PM02A","","RIB40","Aspergillus oryzae","",41.5000,"36.8526","37.6882","45.6694","74.1697","87.5516","88.1351","42.3894","77.1332","32.7727","47.3679","36.9726","83.7327","35.0419","30.5237","28.9153","59.7052","108.3297","53.8632","26.6450","77.0657","117.2662","44.0218","29.3076","41.4231","73.9171","23.4549","23.1321","21.2157","39.6231","30.2160","22.3253","23.2914","29.1515","24.7966","31.1029","108.7946","97.0198","39.2569","17.5730","41.8776","36.9868","34.9836","66.7836","27.0269","23.9936","41.5556","25.8229","34.7888","19.4463","36.7634","16.3912","13.7369","46.3397","21.3659","69.8691","17.6144","25.5094","21.6970","27.9030","104.4215","37.2658","20.2474","21.3553","16.7051","66.2506","49.4763","22.9062","20.0385","135.5043","25.3971","21.7016","40.7181","28.7552","25.2282","19.5485","33.1912","22.7075","21.7274","31.6492","19.8984","24.0092","25.1221","28.8752","29.9387","70.5061","25.7686","43.2710","25.3529","14.8845","11.0000","23.5009","34.0481","160.8984","15.3121","38.7030","27.5455"
"C:\Users\cfg364\Sommerlab Dropbox\Casper van der Luijt\Casper\Data\BioLog\OmniLog\CL3\DATA_2024\08\_RIB40_Aspergillus oryzae__2_30_CL3_769_8#19#2024_A_ 8B_6.OKA","8/19/2024 7:16:29 PM"," 8-B","PM02A","","RIB40","Aspergillus oryzae","",41.7500,"37.1008","35.7425","47.8707","75.2796","86.1981","87.1045","40.7873","76.7691","28.4580","52.0466","39.3487","85.8941","35.9139","30.0978","29.2038","60.8520","111.7234","54.2107","25.1257","73.8224","112.2307","47.0951","31.7816","40.9282","77.7562","26.7480","20.9577","20.1200","38.1329","27.7467","22.1984","20.0180","23.8971","22.1336","28.7097","109.6794","94.2961","41.4834","16.4986","43.0652","36.9868","32.8005","72.5785","30.7157","25.8726","42.7183","26.7045","34.7235","22.3431","38.5025","14.9265","15.3098","43.8246","22.3931","67.1399","22.6781","27.5281","20.5520","30.1331","102.2703","35.6319","21.4232","18.8515","18.4725","69.4351","53.0913","24.1031","21.4607","134.3276","22.4348","21.6049","42.2509","29.5761","26.9152","19.4863","33.6810","23.2165","20.1405","28.4554","18.4417","25.1571","25.6310","31.5020","30.6863","70.8752","25.8002","42.8014","24.7047","13.3562","11.0000","22.4592","33.2272","157.7635","14.4432","36.8371","28.5079"
"C:\Users\cfg364\Sommerlab Dropbox\Casper van der Luijt\Casper\Data\BioLog\OmniLog\CL3\DATA_2024\08\_RIB40_Aspergillus oryzae__2_30_CL3_769_8#19#2024_A_ 8B_6.OKA","8/19/2024 7:16:29 PM"," 8-B","PM02A","","RIB40","Aspergillus oryzae","",42.0000,"37.2560","36.2613","45.3134","76.3895","88.9366","90.0353","40.0352","74.1873","34.4654","51.5821","41.9229","95.4891","38.7479","32.7840","29.8127","64.0374","112.4707","56.3902","25.3520","79.2063","119.6378","47.3893","32.4413","44.1289","78.5177","20.3249","23.7623","25.4374","41.2684","28.2216","24.6094","22.8421","25.7441","24.5079","29.0607","116.3979","99.4269","43.8409","19.4374","42.4553","39.8672","35.2955","71.2094","27.4403","25.1401","42.3307","25.8882","41.2826","20.9100","39.5330","14.8642","15.2469","43.8882","25.7861","65.7752","17.2030","31.3447","20.3885","25.8992","104.7379","36.6492","19.6119","21.1698","20.4568","69.0848","55.1032","24.6071","21.7767","134.1686","24.6645","21.0891","43.1268","32.5251","28.2521","22.2218","34.8441","24.6799","19.2835","31.1749","18.7267","25.2528","26.2036","32.8795","31.4027","73.1816","25.8002","47.3087","24.4886","15.1392","11.3866","26.0895","35.8793","160.6745","20.1069","42.0868","31.8294"
"C:\Users\cfg364\Sommerlab Dropbox\Casper van der Luijt\Casper\Data\BioLog\OmniLog\CL3\DATA_2024\08\_RIB40_Aspergillus oryzae__2_30_CL3_769_8#19#2024_A_ 8B_6.OKA","8/19/2024 7:16:29 PM"," 8-B","PM02A","","RIB40","Aspergillus oryzae","",42.2500,"36.6043","36.4883","53.1148","79.3704","88.8422","85.4942","42.1933","77.6297","32.7727","52.1130","39.2827","88.7758","37.0662","33.1115","31.7036","61.6483","109.2015","59.3909","25.8045","82.5469","116.5515","47.3566","27.0975","42.5450","76.8361","23.9114","24.8022","20.1845","40.6476","28.7914","19.1529","23.5481","26.5402","21.6523","26.1888","115.6769","97.6533","46.3294","18.7422","44.4454","37.8414","34.6406","71.3049","26.8043","24.5032","42.6537","26.7045","31.4929","22.2516","42.3992","16.3912","15.1210","45.1617","23.7316","71.5828","23.6275","27.7174","20.3230","26.6103","104.2950","37.6974","21.4550","21.0771","20.4879","69.0211","56.7064","22.0557","22.7564","135.8541","25.0148","22.0561","44.9725","31.4306","24.5279","20.7297","33.2524","26.4615","22.5525","28.5502","20.3100","27.8355","22.4822","31.1176","31.7142","75.4266","25.3891","47.7156","26.0937","16.5402","12.8686","23.9429","33.6376","162.9457","19.5599","36.5841","29.8427"
"C:\Users\cfg364\Sommerlab Dropbox\Casper van der Luijt\Casper\Data\BioLog\OmniLog\CL3\DATA_2024\08\_RIB40_Aspergillus oryzae__2_30_CL3_769_8#19#2024_A_ 8B_6.OKA","8/19/2024 7:16:29 PM"," 8-B","PM02A","","RIB40","Aspergillus oryzae","",42.5000,"39.1870","39.7791","46.1751","85.2203","86.3981","92.9165","42.8921","75.6674","34.1372","49.9514","31.6168","94.7632","36.4944","26.7493","25.0925","62.3491","111.7426","56.4835","26.8369","80.1453","117.2581","48.5812","35.9558","44.0793","77.2862","23.5307","20.9848","21.7089","34.7775","35.5114","19.5487","25.6915","20.8374","22.8877","25.0110","111.3927","98.2949","43.4864","19.1725","42.5764","40.1195","34.7502","72.9210","24.7770","17.3929","41.7900","28.3429","35.3568","20.7181","43.4902","15.5018","16.9952","45.8261","20.1968","69.4822","18.9104","23.1638","22.6814","26.2122","100.9570","38.7581","14.6621","22.3107","15.8937","68.0662","52.4634","20.1524","17.9449","135.7970","21.5586","19.0244","42.7244","28.6229","26.5859","21.8831","33.3684","23.6241","18.5825","26.4876","21.2600","25.9827","25.7015","29.1904","34.6732","75.3529","24.9220","49.3559","25.5341","15.2032","12.4499","26.8500","35.5738","161.3871","17.4145","35.7078","28.0633"
"C:\Users\cfg364\Sommerlab Dropbox\Casper van der Luijt\Casper\Data\BioLog\OmniLog\CL3\DATA_2024\08\_RIB40_Aspergillus oryzae__2_30_CL3_769_8#19#2024_A_ 8B_6.OKA","8/19/2024 7:16:29 PM"," 8-B","PM02A","","RIB40","Aspergillus oryzae","",42.7500,"37.4563","36.3876","50.3114","85.0947","87.1888","89.6656","42.6965","75.1034","31.0500","49.8848","36.9631","92.0801","36.6500","26.8811","28.7688","63.4640","110.4927","57.8830","23.1373","80.4699","114.2008","46.1810","35.4658","43.7834","78.1437","27.4466","22.9062","22.9668","36.4001","34.6303","19.9329","26.0109","21.0946","24.5905","22.1766","112.1858","103.7469","44.2047","17.8104","44.7861","40.7835","32.5285","78.4462","24.3595","18.9427","42.9304","27.9518","35.9461","21.0237","43.3941","19.1343","17.0266","43.5597","17.7485","72.7716","20.4035","24.8833","22.1919","24.7170","106.2953","41.0611","15.4652","24.1907","19.3535","69.4371","57.8360","23.1610","21.1160","138.6406","23.0624","22.3247","42.0340","27.8274","28.4549","22.3792","30.6953","23.5282","19.5382","30.4154","20.4367","24.1019","24.0396","28.9654","32.3743","75.2299","26.0927","49.3248","28.9521","18.1964","11.0000","28.7332","36.8024","161.9301","17.0921","38.0805","30.5762"
"C:\Users\cfg364\Sommerlab Dropbox\Casper van der Luijt\Casper\Data\BioLog\OmniLog\CL3\DATA_2024\08\_RIB40_Aspergillus oryzae__2_30_CL3_769_8#19#2024_A_ 8B_6.OKA","8/19/2024 7:16:29 PM"," 8-B","PM02A","","RIB40","Aspergillus oryzae","",43.0000,"35.1245","36.9715","47.1211","84.7673","86.7602","84.4679","43.0971","78.5677","31.7204","49.5754","32.7386","84.3232","36.9428","32.2516","28.5529","60.3005","112.9714","57.5285","20.1881","83.9456","116.3580","48.7749","33.3025","42.1713","84.9499","26.0913","20.1808","19.2968","37.3363","30.9362","21.1510","26.5617","25.2841","21.7309","23.7423","113.6260","98.0993","42.2871","21.2501","44.9332","36.0019","34.6233","76.6902","25.4285","19.5627","40.0846","25.3409","34.1973","19.3040","41.7934","17.3322","16.2992","46.9329","18.2087","75.1444","19.6922","21.2317","22.9875","25.9538","102.4685","37.5702","18.2885","19.6640","19.6046","69.5085","55.9837","20.9552","23.4028","140.9547","23.6168","23.7297","43.6706","25.8646","29.6845","16.9132","31.0378","22.1901","18.6321","31.2517","18.9579","27.1227","26.6596","29.8305","35.4385","78.4706","24.5787","50.6454","27.5087","13.8693","11.5786","23.4861","32.5827","159.9330","16.2211","40.6292","27.5190"
"C:\Users\cfg364\Sommerlab Dropbox\Casper van der Luijt\Casper\Data\BioLog\OmniLog\CL3\DATA_2024\08\_RIB40_Aspergillus oryzae__2_30_CL3_769_8#19#2024_A_ 8B_6.OKA","8/19/2024 7:16:29 PM"," 8-B","PM02A","","RIB40","Aspergillus oryzae","",43.2500,"36.8299","36.0971","48.8768","83.4517","89.4273","91.5185","43.6545","76.0480","34.0705","51.2847","38.6885","91.8419","36.3191","32.8738","29.8710","60.3005","111.7290","58.8279","22.4363","80.6876","115.0280","47.6600","29.8764","43.5837","86.2362","19.9961","23.9667","22.7055","36.8994","31.0308","20.2891","21.3104","23.6827","22.6682","23.4527","114.0872","97.6527","43.2710","19.8037","45.3830","38.7444","35.3732","73.9571","25.9736","16.3315","42.0062","27.8236","34.9487","21.1663","44.3970","18.6669","14.5432","46.0116","17.2958","69.2127","21.9996","22.3828","21.1534","23.6832","106.1955","35.7845","15.4114","21.3040","17.8094","67.7539","58.0613","21.6210","22.3640","137.9340","19.1977","23.1833","42.2937","30.0768","26.1513","19.4963","33.1715","26.7621","20.6119","33.0553","16.9922","26.8673","26.3102","33.4173","32.1427","76.5665","22.7069","49.9576","26.1819","12.3709","11.0000","25.1572","32.9646","159.4514","15.5120","41.0696","29.1616"
"C:\Users\cfg364\Sommerlab Dropbox\Casper van der Luijt\Casper\Data\BioLog\OmniLog\CL3\DATA_2024\08\_RIB40_Aspergillus oryzae__2_30_CL3_769_8#19#2024_A_ 8B_6.OKA","8/19/2024 7:16:29 PM"," 8-B","PM02A","","RIB40","Aspergillus oryzae","",43.5000,"35.2795","37.2306","47.1861","89.5598","91.6182","94.3516","38.0154","80.6232","32.2831","50.3798","37.3589","90.3708","35.3214","31.7605","31.7678","60.9433","116.7297","61.0149","23.6418","85.6723","119.0503","46.2828","33.3355","42.4997","85.9539","25.2764","21.4744","24.5064","40.3943","33.2389","19.3953","27.1060","23.8109","18.7572","26.0591","115.8333","99.9179","42.3855","20.0867","46.7969","38.6169","36.9981","80.5992","26.6790","18.4964","39.8240","24.1322","33.9686","20.0367","43.4970","17.1770","15.2644","48.6803","18.2717","74.7342","22.3788","23.1182","21.9067","26.8296","106.5745","36.3079","16.9139","21.1183","18.4904","69.2214","57.4003","25.3939","25.6063","140.3824","23.0404","20.7402","43.2325","28.7032","26.2149","20.8656","34.5630","24.6519","21.7934","34.1628","19.9407","26.8673","26.0243","33.3212","34.8788","76.9350","23.0558","49.3948","27.1693","13.8055","11.1929","20.9952","34.8110","161.3456","16.6400","40.2203","29.9364"
"C:\Users\cfg364\Sommerlab Dropbox\Casper van der Luijt\Casper\Data\BioLog\OmniLog\CL3\DATA_2024\08\_RIB40_Aspergillus oryzae__2_30_CL3_769_8#19#2024_A_ 8B_6.OKA","8/19/2024 7:16:29 PM"," 8-B","PM02A","","RIB40","Aspergillus oryzae","",43.7500,"38.6191","35.3421","50.6684","84.0173","90.1654","90.7783","42.1040","75.1834","34.7952","50.8406","37.2822","93.0164","36.4975","30.6595","29.3594","63.1468","115.6404","55.2788","22.0971","84.3175","117.2092","49.0913","30.5756","40.9221","84.6566","25.1460","23.1429","22.4038","37.7114","28.0330","20.4317","22.6118","23.9031","22.0394","20.9523","117.3487","99.3138","42.7306","18.9322","45.4655","40.4284","28.4726","81.2783","29.9080","21.5473","41.8236","25.2517","32.6934","18.0956","42.7553","18.3672","16.0787","46.6953","19.9104","74.0899","17.0026","31.3606","18.9105","25.4395","107.1287","36.3423","19.1331","23.5994","19.0905","65.2648","55.1464","20.5000","20.4050","137.2191","21.5250","26.0698","44.7624","32.1482","27.8826","19.8032","34.2784","23.4228","19.9836","28.9169","20.0392","26.4662","23.8216","32.6530","35.7992","73.2967","26.9339","52.6661","23.2084","15.6679","11.3553","22.7669","36.6256","157.0294","18.1504","39.6168","34.6796"
"C:\Users\cfg364\Sommerlab Dropbox\Casper van der Luijt\Casper\Data\BioLog\OmniLog\CL3\DATA_2024\08\_RIB40_Aspergillus oryzae__2_30_CL3_769_8#19#2024_A_ 8B_6.OKA","8/19/2024 7:16:29 PM"," 8-B","PM02A","","RIB40","Aspergillus oryzae","",44.0000,"36.7877","39.2474","51.7694","86.5268","94.0029","95.2603","43.1396","80.9492","33.8181","56.6264","39.6352","88.4598","36.6441","24.9783","28.9219","66.6392","111.9199","62.3977","33.0264","87.0985","118.7282","50.5891","30.4576","44.0040","82.8292","27.5858","21.9583","21.7094","38.7419","29.9571","18.3701","23.9544","24.3901","22.0235","23.9778","119.9761","103.1289","50.2153","19.9673","46.6381","38.6758","33.2087","77.6916","28.5041","20.5983","42.4755","27.0199","33.7977","20.8773","43.7468","18.5161","12.6447","46.4513","21.8710","75.8354","21.4176","32.0449","19.6208","24.9493","107.5967","36.5148","15.9456","24.4016","19.6716","69.8246","60.4661","23.7924","19.1852","142.9250","23.5075","20.9362","46.8336","32.5865","22.1792","21.1687","33.9863","23.9079","24.5032","32.1361","21.3382","29.6320","26.0406","28.4481","31.7218","79.4787","25.7796","51.1663","26.7385","12.8158","11.8366","25.6062","35.5259","159.2048","18.6710","37.0951","29.5161"
"C:\Users\cfg364\Sommerlab Dropbox\Casper van der Luijt\Casper\Data\BioLog\OmniLog\CL3\DATA_2024\08\_RIB40_Aspergillus oryzae__2_30_CL3_769_8#19#2024_A_ 8B_6.OKA","8/19/2024 7:16:29 PM"," 8-B","PM02A","","RIB40","Aspergillus oryzae","",44.2500,"34.9107","36.3722","49.7218","85.7409","94.5136","89.7767","41.5391","78.1682","30.9193","52.1976","34.3252","94.1257","36.3699","27.6983","27.7679","67.2318","116.8381","60.8690","24.7586","89.1714","119.9403","49.2723","32.9550","41.9049","86.1711","23.8236","21.7156","18.4465","38.6481","29.9670","21.5821","26.7443","26.6250","21.4795","29.0981","120.1234","104.9316","44.7493","20.9759","51.5328","41.1629","30.6304","85.3750","27.1098","21.4050","43.0362","25.8876","36.3050","18.9231","44.9574","14.4528","14.8112","47.6253","22.3047","75.8531","19.8376","24.8313","23.9261","22.2384","105.7849","36.3892","19.0700","21.2982","19.6538","69.7725","59.3285","23.8673","18.0117","137.1329","23.1237","19.1054","42.9315","30.5665","29.8410","19.8199","31.8437","25.7456","21.5306","30.4482","20.4711","30.3862","26.0691","28.8301","33.8515","73.9756","27.5416","49.4772","26.9464","13.2348","15.0321","25.3641","40.8201","163.0836","21.0015","35.5896","30.2057"
"C:\Users\cfg364\Sommerlab Dropbox\Casper van der Luijt\Casper\Data\BioLog\OmniLog\CL3\DATA_2024\08\_RIB40_Aspergillus oryzae__2_30_CL3_769_8#19#2024_A_ 8B_6.OKA","8/19/2024 7:16:29 PM"," 8-B","PM02A","","RIB40","Aspergillus oryzae","",44.5000,"35.2848","39.6325","53.4157","82.8894","93.8208","90.5845","42.8783","80.5267","33.8028","54.4236","38.2684","93.9942","38.0508","25.5904","30.3648","67.4545","117.6463","62.2048","26.5996","89.7567","120.1023","49.1082","34.5655","41.7066","86.3609","25.1254","20.7071","19.1235","40.2102","31.3602","21.1054","32.0878","24.7755","23.4404","28.3934","122.2579","100.4435","44.2271","21.4165","51.4364","42.4592","33.1197","85.1853","28.1923","20.4416","41.0827","27.2291","37.1855","21.8904","50.6009","16.0392","16.6066","50.6535","24.9206","74.8388","20.1873","26.2048","24.0238","22.3691","108.5011","35.6814","19.0381","22.1923","17.1414","67.1881","59.1705","25.6693","24.6445","141.1894","20.1487","19.7189","42.5861","26.0183","27.9695","20.2236","33.5806","25.2658","23.3069","31.8146","20.7552","31.5640","23.6747","29.8903","37.6032","75.6793","29.3094","55.0722","26.1444","16.1720","14.1681","28.3881","36.3220","160.8698","19.4949","40.5770","34.7829"
"C:\Users\cfg364\Sommerlab Dropbox\Casper van der Luijt\Casper\Data\BioLog\OmniLog\CL3\DATA_2024\08\_RIB40_Aspergillus oryzae__2_30_CL3_769_8#19#2024_A_ 8B_6.OKA","8/19/2024 7:16:29 PM"," 8-B","PM02A","","RIB40","Aspergillus oryzae","",44.7500,"35.0654","35.0346","55.6040","88.9906","92.1528","91.7668","41.2800","79.4000","29.9643","56.8679","37.1472","86.7045","35.1751","34.0012","30.5119","70.9017","116.0888","62.0318","29.6209","93.7494","114.6967","48.2061","30.1880","43.7100","87.7159","26.6430","22.8894","17.3317","40.7238","32.6027","20.8275","27.4986","24.6394","25.7106","23.9491","118.7066","109.4171","51.1288","19.9895","47.3267","42.6918","31.3187","79.4745","27.0063","22.0694","47.6809","27.4401","36.5299","23.2658","48.6493","20.6085","18.3649","49.9118","23.3947","74.6024","21.2452","27.4854","22.8863","30.2976","107.0318","37.5954","18.8716","22.6253","21.1433","68.7630","62.1335","21.0911","26.0067","140.2288","24.4592","25.7206","46.1440","33.2900","27.7784","20.7504","32.7165","23.7648","18.7469","37.9821","21.5322","28.7136","21.6442","28.1711","34.4579","80.9492","26.5499","52.1805","30.3406","14.5024","11.0000","23.7595","33.5865","161.2639","14.4500","39.4451","29.1939"
"C:\Users\cfg364\Sommerlab Dropbox\Casper van der Luijt\Casper\Data\BioLog\OmniLog\CL3\DATA_2024\08\_RIB40_Aspergillus oryzae__2_30_CL3_769_8#19#2024_A_ 8B_6.OKA","8/19/2024 7:16:29 PM"," 8-B","PM02A","","RIB40","Aspergillus oryzae","",45.0000,"34.7025","35.0976","46.2912","91.0584","94.2461","94.5960","40.9018","81.2085","32.5529","48.0585","28.7517","90.0774","33.1793","28.0658","29.3275","67.5066","114.8001","61.3369","32.5170","92.4691","117.4369","49.0151","29.6170","41.9731","84.3975","23.3564","21.2665","18.0866","41.5574","34.2242","20.5040","28.3717","25.3126","25.1955","22.2003","118.8250","108.9548","49.2277","18.1394","48.5398","43.5680","30.8551","85.6224","28.4191","19.0462","48.0944","26.5248","34.2201","20.5922","50.2490","17.7893","16.6658","45.5421","22.5201","76.3797","23.9764","22.8913","20.5027","23.7568","103.2490","36.6121","16.1155","22.1713","14.1484","66.9354","61.5489","27.6556","26.5653","144.2175","25.1476","23.1134","44.3235","29.5566","30.0854","18.2866","36.9128","28.1126","18.0362","34.9709","19.1250","28.6485","21.6499","34.1795","34.3629","78.5535","28.3424","60.5266","27.7893","16.7450","11.0000","28.1206","37.8660","159.4040","12.9137","37.9475","30.0271"
"C:\Users\cfg364\Sommerlab Dropbox\Casper van der Luijt\Casper\Data\BioLog\OmniLog\CL3\DATA_2024\08\_RIB40_Aspergillus oryzae__2_30_CL3_769_8#19#2024_A_ 8B_6.OKA","8/19/2024 7:16:29 PM"," 8-B","PM02A","","RIB40","Aspergillus oryzae","",45.2500,"34.6714","34.5462","47.7971","91.4665","88.2410","92.1165","40.1789","79.1513","32.9171","46.8523","28.3154","85.3775","35.1161","27.5397","27.6585","67.4105","115.7988","64.1688","29.9439","93.9592","117.8921","49.8036","29.6499","39.7678","88.4028","22.2748","19.2763","16.6951","43.6132","32.9953","20.0575","26.4557","21.4788","22.7602","25.6119","116.6480","104.2873","47.7839","20.1838","44.4762","42.3008","31.3892","81.2905","28.0688","21.2991","45.2460","23.5771","30.5036","16.7002","49.2221","17.6653","14.9031","46.0250","27.6575","76.0627","20.7560","20.2238","21.8134","25.1526","99.9136","38.1820","18.9929","22.3251","16.4863","67.3844","63.6223","24.7016","23.8185","146.4930","24.5753","20.3106","42.7889","27.0233","29.6401","17.0982","35.4012","25.1059","18.4218","33.3835","21.0852","30.9782","21.4891","32.9006","30.1743","79.7220","24.6964","58.0193","27.1732","16.9354","11.5138","24.5394","37.3930","160.7236","11.0000","39.5903","27.9440"
"C:\Users\cfg364\Sommerlab Dropbox\Casper van der Luijt\Casper\Data\BioLog\OmniLog\CL3\DATA_2024\08\_RIB40_Aspergillus oryzae__2_30_CL3_769_8#19#2024_A_ 8B_6.OKA","8/19/2024 7:16:29 PM"," 8-B","PM02A","","RIB40","Aspergillus oryzae","",45.5000,"36.8742","33.6381","48.6155","95.1398","92.6574","95.9163","40.9675","79.3836","31.3611","47.0198","32.5772","86.4621","35.4285","29.1838","32.5373","71.8927","114.2384","61.4005","31.4234","95.8056","116.8843","51.2165","34.2219","41.7098","88.3074","21.9142","22.1825","18.7661","42.0246","34.2242","18.5266","26.2960","24.0666","25.1955","22.6831","121.5957","105.1446","46.9964","20.9071","50.7329","44.1700","35.9446","86.8872","30.6482","22.9727","48.0621","25.4767","31.2271","18.1405","50.4095","18.4094","15.6900","45.7031","23.6099","80.8504","20.2824","24.9160","18.7988","25.9641","104.0432","39.1671","16.2753","24.3870","17.5461","67.2561","63.4653","29.9811","23.7554","145.0708","26.1967","27.3660","45.5763","29.4345","30.8170","17.8801","34.4757","28.4644","20.0282","35.4472","21.5594","27.8826","20.2021","31.5578","33.6183","82.8275","27.2962","59.1027","30.0381","17.6019","11.0000","24.5394","38.1498","157.7626","14.1787","38.7689","25.7677"
"C:\Users\cfg364\Sommerlab Dropbox\Casper van der Luijt\Casper\Data\BioLog\OmniLog\CL3\DATA_2024\08\_RIB40_Aspergillus oryzae__2_30_CL3_769_8#19#2024_A_ 8B_6.OKA","8/19/2024 7:16:29 PM"," 8-B","PM02A","","RIB40","Aspergillus oryzae","",45.7500,"37.9600","35.5841","50.5798","94.0095","95.1358","94.5638","38.8974","80.1799","32.6854","50.4710","30.2282","83.5698","31.7424","26.9478","31.6385","70.7721","116.8599","62.1324","29.9439","99.1422","118.0546","47.4380","30.8340","38.8133","87.1631","22.3403","22.4353","20.3517","43.1460","33.4049","20.2488","24.6994","23.9069","26.2209","22.3290","119.3857","109.5581","50.5402","19.3660","49.7331","42.7443","34.4680","89.5433","28.9923","20.3658","48.6123","24.8544","26.2937","20.3777","53.3299","18.4404","17.2324","48.4394","25.0421","81.0724","21.5137","23.5983","20.7976","27.7494","103.3761","37.0122","16.6910","21.8635","19.2918","67.0958","61.5174","24.7016","24.5447","148.1681","25.5609","22.2758","47.5494","31.2657","28.5586","18.1928","34.7534","27.5688","17.2972","34.4947","19.9787","27.8187","20.2021","29.3518","30.6397","82.0281","27.2645","57.3074","29.6376","14.4279","12.4130","24.9792","37.5822","161.4960","13.0759","37.0630","29.6229"
"C:\Users\cfg364\Sommerlab Dropbox\Casper van der Luijt\Casper\Data\BioLog\OmniLog\CL3\DATA_2024\08\_RIB40_Aspergillus oryzae__2_30_CL3_769_8#19#2024_A_ 8B_6.OKA","8/19/2024 7:16:29 PM"," 8-B","PM02A","","RIB40","Aspergillus oryzae","",46.0000,"39.8877","38.5571","59.7864","90.2645","96.0190","91.9107","40.7359","83.9668","31.6336","53.0095","35.8829","92.7953","35.3223","34.2348","29.8667","72.0746","119.0255","64.5763","31.0739","94.3673","118.8644","55.9992","30.5941","39.4683","88.4716","28.8462","21.8910","22.8145","43.8510","34.7005","15.9259","25.9872","21.5857","23.0581","28.3922","124.0027","108.8019","51.0666","22.1446","51.2226","45.2568","31.2844","90.4357","31.1518","16.9346","42.5274","24.4510","35.4512","15.0702","50.8970","18.3356","17.4593","54.1912","23.4614","80.0073","20.1537","26.7242","23.4300","28.5465","103.8646","37.0746","17.9667","20.3757","17.2816","71.0097","62.7097","26.0844","21.6639","141.7104","25.3820","21.3351","49.2138","28.2482","29.5655","23.5974","35.7115","29.5659","21.9244","39.2955","20.6418","32.0773","27.4716","29.9480","31.7484","82.0186","27.9431","55.7089","29.6712","14.9061","13.9599","21.6147","36.9385","162.0641","14.4897","39.3312","30.1074"
"C:\Users\cfg364\Sommerlab Dropbox\Casper van der Luijt\Casper\Data\BioLog\OmniLog\CL3\DATA_2024\08\_RIB40_Aspergillus oryzae__2_30_CL3_769_8#19#2024_A_ 8B_6.OKA","8/19/2024 7:16:29 PM"," 8-B","PM02A","","RIB40","Aspergillus oryzae","",46.2500,"39.7337","38.2983","54.8464","92.3421","97.9210","90.3554","40.0466","80.2291","32.0656","56.2795","36.7123","92.0715","35.2911","32.9912","29.4489","71.4361","115.2253","67.5154","32.2339","97.0776","120.1300","52.1946","31.0559","39.7005","90.7232","29.7223","24.6295","21.9453","43.8823","36.3731","16.8215","24.2863","20.3667","20.3821","26.7848","121.8868","111.6812","53.6832","23.0236","53.6604","44.8754","30.8455","86.9778","32.5822","16.7733","42.6906","25.7601","34.5675","16.7353","53.0206","16.3152","14.2610","50.4327","23.2428","81.5316","21.7691","27.0107","23.0385","28.7083","101.7382","39.1112","16.4647","20.9017","18.1834","71.1370","60.2744","24.5601","20.0770","145.2491","26.5911","20.9799","51.4599","30.4689","27.7185","20.7808","37.2540","28.6056","21.6059","38.4122","21.4030","30.6700","24.1453","33.5709","32.0288","82.1112","29.8081","55.9897","29.0550","16.0493","11.7078","21.1380","37.1281","162.9300","15.6206","38.5398","28.0359"
"C:\Users\cfg364\Sommerlab Dropbox\Casper van der Luijt\Casper\Data\BioLog\OmniLog\CL3\DATA_2024\08\_RIB40_Aspergillus oryzae__2_30_CL3_769_8#19#2024_A_ 8B_6.OKA","8/19/2024 7:16:29 PM"," 8-B","PM02A","","RIB40","Aspergillus oryzae","",46.5000,"41.0272","34.8699","57.2679","91.9644","96.4945","94.5354","43.7554","80.8245","31.7666","54.0439","36.9778","91.2489","35.1974","31.7149","28.6132","73.2239","120.9256","64.6402","29.7851","95.2163","124.0889","54.2609","29.8354","38.6056","86.5055","29.5276","23.6852","24.9392","41.0066","37.5724","20.4999","22.6816","23.0613","23.1226","23.6021","121.1595","110.3839","56.1689","23.2433","53.5641","45.0343","34.7330","90.9750","31.0565","19.9019","43.8329","28.5747","34.1092","17.4137","53.6963","16.4396","17.4593","56.3253","23.6488","79.7215","21.5474","30.9577","22.2555","25.9566","105.8006","37.1363","18.8934","18.5810","18.0279","68.2733","62.8046","23.1628","23.5999","144.0695","25.5411","20.3339","49.6194","29.9822","30.2024","20.6879","38.6114","27.0691","20.9052","42.3238","19.9123","29.5826","25.7125","30.0121","35.6738","80.9996","29.1759","59.2657","30.9652","18.9709","12.0295","21.5511","38.3918","163.6036","15.6206","41.0406","29.6127"
"C:\Users\cfg364\Sommerlab Dropbox\Casper van der Luijt\Casper\Data\BioLog\OmniLog\CL3\DATA_2024\08\_RIB40_Aspergillus oryzae__2_30_CL3_769_8#19#2024_A_ 8B_6.OKA","8/19/2024 7:16:29 PM"," 8-B","PM02A","","RIB40","Aspergillus oryzae","",46.7500,"40.9040","36.9075","60.0124","96.3715","96.7481","94.5354","46.4139","81.6514","35.4547","56.3462","38.0394","90.0315","36.6336","32.1731","30.2203","72.4258","118.9009","67.0682","32.8139","98.8083","122.4015","55.6712","34.0907","43.2839","92.6259","28.9436","25.0387","23.4583","43.9448","36.7834","19.4124","25.5700","22.8367","25.7986","26.4955","121.0603","112.1558","54.6317","20.4807","54.0132","47.2588","33.7611","86.9778","29.2765","21.7726","45.8890","30.0474","35.5822","17.1670","55.3694","18.3045","19.0585","58.7142","26.6783","80.1661","23.9863","30.7030","22.4838","26.8954","106.7845","38.8643","21.5139","21.7372","18.6809","73.0143","67.5170","24.6554","23.9490","145.1216","28.1502","21.7227","53.5499","30.4385","27.7822","22.2974","39.6295","32.7350","23.8035","41.3143","23.0522","35.0518","25.7445","31.2946","35.3000","87.4222","29.4288","60.9192","28.8085","15.9858","12.3191","23.3626","39.3712","163.1225","19.0780","39.0780","29.7673"
"C:\Users\cfg364\Sommerlab Dropbox\Casper van der Luijt\Casper\Data\BioLog\OmniLog\CL3\DATA_2024\08\_RIB40_Aspergillus oryzae__2_30_CL3_769_8#19#2024_A_ 8B_6.OKA","8/19/2024 7:16:29 PM"," 8-B","PM02A","","RIB40","Aspergillus oryzae","",47.0000,"37.9964","36.1581","54.4359","97.2903","98.3231","92.6793","43.4072","83.6952","30.2865","55.1003","36.1562","94.2552","38.1695","32.8718","27.4942","73.5330","116.8372","67.2115","26.7203","104.7328","120.9295","56.0792","31.2585","45.0669","91.8886","24.0547","27.6562","26.3823","44.6970","32.5973","21.3705","27.1441","24.2693","24.1815","27.2500","127.3577","112.6098","54.3061","22.0014","58.8145","52.0334","36.8325","91.0360","33.2551","20.7088","44.1360","28.0706","37.7009","22.7633","57.6123","13.1609","15.0106","50.1998","26.1965","84.7684","20.7493","28.5891","20.8105","26.5247","108.5612","38.1723","18.3751","27.0943","20.0901","68.5903","69.4508","26.4765","23.3188","143.2440","25.8338","25.3030","47.4807","29.4039","30.3138","19.2695","39.3581","30.0857","19.7526","41.6594","23.8980","33.3634","25.1207","33.2758","29.7247","87.1245","29.5414","59.4169","26.2639","12.6012","15.3279","24.6048","39.2219","162.2062","15.0924","38.7325","31.7757"
"C:\Users\cfg364\Sommerlab Dropbox\Casper van der Luijt\Casper\Data\BioLog\OmniLog\CL3\DATA_2024\08\_RIB40_Aspergillus oryzae__2_30_CL3_769_8#19#2024_A_ 8B_6.OKA","8/19/2024 7:16:29 PM"," 8-B","PM02A","","RIB40","Aspergillus oryzae","",47.2500,"40.6000","36.9999","57.1425","99.7764","100.3171","93.3643","44.6208","86.5128","33.3737","58.5081","38.8444","99.3197","35.0466","30.7605","29.9845","70.2621","120.7628","69.4128","29.7672","104.3101","121.5807","55.9807","33.6671","45.1653","93.2591","27.2364","24.6136","28.1769","42.9825","34.9655","22.0087","28.1691","25.4203","23.8593","29.4615","125.8444","110.4876","58.1896","22.0014","56.9313","51.9703","34.4841","92.3104","35.3128","22.5091","45.5454","29.0190","39.7197","23.5536","56.5529","13.4427","16.7791","54.7683","24.9432","82.9314","23.1311","32.8511","21.5323","30.4464","107.8971","36.7211","19.8822","25.2279","16.6154","72.2935","71.9294","26.1910","28.3353","148.2511","26.2494","24.8843","48.7072","31.1741","29.7073","19.3948","40.1312","32.5473","19.3038","41.0910","22.1867","34.6076","26.1155","32.8277","32.8872","86.1410","28.3096","60.4172","27.1636","12.6012","14.3661","27.6982","38.1183","168.4027","18.5726","43.7432","30.8738"
"C:\Users\cfg364\Sommerlab Dropbox\Casper van der Luijt\Casper\Data\BioLog\OmniLog\CL3\DATA_2024\08\_RIB40_Aspergillus oryzae__2_30_CL3_769_8#19#2024_A_ 8B_6.OKA","8/19/2024 7:16:29 PM"," 8-B","PM02A","","RIB40","Aspergillus oryzae","",47.5000,"36.7876","40.2378","57.9251","99.3358","104.9697","93.3970","45.6376","86.4797","31.9131","56.6037","36.9195","97.0652","38.8878","29.4740","28.5938","73.1803","120.8252","71.2631","27.5307","105.9357","117.4779","52.9579","31.1925","44.3128","94.0877","23.0051","27.5621","25.8055","44.9776","33.2288","23.5084","24.6136","27.0510","25.0195","26.5449","128.8381","117.7409","56.4600","24.9561","59.1337","52.2542","33.6074","90.8130","32.4320","22.1876","45.1849","25.0293","37.5381","25.3166","58.8964","16.5431","13.4948","53.9696","24.6612","84.9902","22.5277","30.5929","21.0401","26.9136","109.7629","37.2151","17.7979","27.0025","22.2928","75.5497","67.4429","25.4299","27.7638","146.4765","27.5281","22.5326","44.4301","30.5943","28.5261","20.6790","39.3271","33.3465","20.8427","42.0698","20.8874","35.5008","25.6662","34.2679","31.8226","90.8431","30.9313","61.9175","32.8720","13.9463","17.4758","24.9836","40.0418","165.1128","16.5747","43.0184","28.4479"
"C:\Users\cfg364\Sommerlab Dropbox\Casper van der Luijt\Casper\Data\BioLog\OmniLog\CL3\DATA_2024\08\_RIB40_Aspergillus oryzae__2_30_CL3_769_8#19#2024_A_ 8B_6.OKA","8/19/2024 7:16:29 PM"," 8-B","PM02A","","RIB40","Aspergillus oryzae","",47.7500,"38.2134","39.1045","60.0447","100.1225","100.7602","93.7232","47.6713","83.1317","33.9712","57.3387","37.8156","99.4178","35.9522","30.1667","29.7257","74.9119","120.7940","70.7846","28.4706","103.5949","123.2740","55.8821","34.2610","50.0507","94.2471","26.1540","27.0916","26.5105","48.3441","35.4707","21.4343","29.2262","27.3068","24.5683","27.3462","129.6934","117.4875","57.2432","18.4810","60.9211","49.2579","37.0204","93.8398","34.2048","21.7697","46.0370","28.9536","38.9708","24.6479","59.1532","14.7580","17.0949","56.4935","27.3871","87.7458","23.6074","31.9606","21.1058","29.7657","108.9091","39.4074","19.0485","27.7063","22.0446","70.8569","71.1764","24.8908","29.5418","147.8075","23.3082","23.8856","47.9839","30.9605","29.9307","20.2405","39.7292","29.6701","21.7404","42.5435","20.5705","33.9057","25.8267","35.4521","36.5820","86.9708","29.3835","61.6049","30.3591","11.9287","16.4820","24.8889","43.3527","166.9334","18.1215","39.8039","32.2733"
"C:\Users\cfg364\Sommerlab Dropbox\Casper van der Luijt\Casper\Data\BioLog\OmniLog\CL3\DATA_2024\08\_RIB40_Aspergillus oryzae__2_30_CL3_769_8#19#2024_A_ 8B_6.OKA","8/19/2024 7:16:29 PM"," 8-B","PM02A","","RIB40","Aspergillus oryzae","",48.0000,"39.5480","39.5428","63.5736","97.6664","106.8968","99.6626","49.2279","84.0721","31.4455","60.2778","40.8333","98.0355","36.4569","33.0172","34.8363","78.1086","122.5598","73.5683","32.1528","108.4920","123.2691","54.8998","33.1037","43.7380","99.1388","29.9968","27.9900","24.7107","47.2372","38.5463","20.0175","29.8860","29.8485","28.9690","26.1578","133.8413","118.0819","54.1756","23.0206","55.3226","54.2964","31.2999","95.2626","30.6164","17.7286","50.3325","30.2391","38.2005","21.9139","63.2441","17.3363","16.8280","56.2264","23.1204","84.0232","23.3725","34.0600","20.8196","28.1881","111.1673","37.5451","18.6975","25.5083","23.0631","75.2675","74.0061","28.2888","26.7102","148.1377","29.2102","21.9222","50.4272","29.0896","27.5804","23.2032","42.0359","30.7712","20.7086","40.9751","20.5220","37.7820","27.5145","37.4368","39.3292","88.8781","31.0287","65.1871","30.0252","15.6553","11.7755","25.3425","38.8304","164.0936","15.8306","41.9102","29.9144"
"C:\Users\cfg364\Sommerlab Dropbox\Casper van der Luijt\Casper\Data\BioLog\OmniLog\CL3\DATA_2024\08\_RIB40_Aspergillus oryzae__2_30_CL3_769_8#19#2024_A_ 8B_6.OKA","8/19/2024 7:16:29 PM"," 8-B","PM02A","","RIB40","Aspergillus oryzae","",48.2500,"38.4024","40.6444","63.3142","99.3707","105.7342","100.0172","43.4644","83.8411","31.9109","56.0521","41.2958","98.8563","34.0236","32.9190","32.4237","77.8845","120.8756","72.9003","29.7233","108.1995","120.3369","55.3598","34.3280","45.0251","97.7755","30.2575","26.8928","21.6782","46.6140","39.4907","20.8778","28.9225","24.6181","25.5539","26.7384","133.6442","113.4868","53.5494","23.5241","57.0968","53.1587","31.0149","96.9472","29.2470","18.2462","48.9313","26.1680","38.1679","21.3928","58.0549","16.7745","14.9378","57.3170","25.5696","88.3503","22.3283","33.4859","19.7686","27.9935","111.7045","36.5253","16.2921","23.1931","17.6363","73.9299","70.8543","27.4338","25.6017","147.7885","30.5450","26.6584","49.3320","30.9810","28.8239","22.0232","43.1773","30.1303","20.1639","43.1591","20.8394","36.8243","29.3991","36.1277","35.7803","89.2481","30.5857","64.8136","28.9407","15.2726","12.1310","24.4580","40.5104","165.2802","16.8290","44.9444","29.4486"
"C:\Users\cfg364\Sommerlab Dropbox\Casper van der Luijt\Casper\Data\BioLog\OmniLog\CL3\DATA_2024\08\_RIB40_Aspergillus oryzae__2_30_CL3_769_8#19#2024_A_ 8B_6.OKA","8/19/2024 7:16:29 PM"," 8-B","PM02A","","RIB40","Aspergillus oryzae","",48.5000,"40.6936","37.5989","62.1790","100.9488","107.8394","99.8560","45.0925","85.4583","36.3657","58.4810","38.5536","99.4145","35.4898","33.4425","31.1048","80.1578","121.0315","77.2581","29.8205","111.5792","121.9007","58.7772","32.7728","44.2660","100.7557","27.1945","27.6765","23.8074","48.5770","34.7370","23.3632","25.1645","26.7230","26.7987","27.0286","130.3916","116.6875","52.1652","20.4717","55.9355","53.2851","33.8018","94.8494","33.0684","17.9874","49.3875","29.1557","38.1679","22.5884","63.6285","16.5560","14.4968","58.1509","23.9054","86.9921","24.4800","32.4653","19.4402","28.2530","108.7026","37.1434","20.8464","23.2549","20.3342","72.6561","72.9660","27.3388","25.9817","146.7410","27.7165","23.8876","50.9278","30.5844","26.4325","23.8553","38.5189","34.9048","18.5618","44.9633","20.8394","36.1859","27.8978","38.6181","38.5198","89.8030","27.2001","68.1750","28.0112","12.8494","11.0000","26.3219","39.0206","166.1460","17.3442","40.8989","29.1380"
"C:\Users\cfg364\Sommerlab Dropbox\Casper van der Luijt\Casper\Data\BioLog\OmniLog\CL3\DATA_2024\08\_RIB40_Aspergillus oryzae__2_30_CL3_769_8#19#2024_A_ 8B_6.OKA","8/19/2024 7:16:29 PM"," 8-B","PM02A","","RIB40","Aspergillus oryzae","",48.7500,"39.8062","41.0011","64.8069","102.7957","108.4169","101.0310","42.8578","87.8533","30.7969","56.2356","36.4463","98.5164","35.8844","34.1128","36.7916","78.8491","120.8522","74.5912","30.1069","109.2363","119.3073","57.3219","36.7903","42.2928","99.3257","25.3123","23.6498","25.2460","46.6308","35.0930","22.0365","31.7621","23.7114","26.9673","29.0435","131.8336","115.2136","62.9805","17.8972","58.5686","52.4054","35.9539","95.5811","33.4935","22.1614","49.9293","29.4754","37.2196","21.7784","59.2192","18.5064","16.6345","58.9237","25.8621","88.2641","21.3612","34.1332","21.9184","29.7576","110.9888","38.1571","16.6812","25.3005","22.4336","70.4981","71.3702","29.4248","29.1769","145.3666","25.9778","23.2987","51.4106","29.3480","32.1182","19.7510","42.4655","34.0823","23.5178","40.8563","21.9056","39.6012","28.0051","31.8500","35.2937","94.0664","27.0234","65.1313","29.9746","15.2363","14.1451","25.2541","39.5911","163.1692","20.0802","38.4030","26.8362"
"C:\Users\cfg364\Sommerlab Dropbox\Casper van der Luijt\Casper\Data\BioLog\OmniLog\CL3\DATA_2024\08\_RIB40_Aspergillus oryzae__2_30_CL3_769_8#19#2024_A_ 8B_6.OKA","8/19/2024 7:16:29 PM"," 8-B","PM02A","","RIB40","Aspergillus oryzae","",49.0000,"37.3346","38.7054","67.7660","98.3615","106.6321","102.0737","44.6086","86.5975","31.5962","60.9435","33.7074","98.0696","36.8679","34.6384","33.4124","81.0441","121.9265","77.6704","30.9395","110.9061","121.1092","55.6900","32.2417","42.0442","101.4592","27.3348","23.4554","23.3254","48.2643","38.7979","22.0307","28.5367","25.2906","20.9055","27.2143","137.8486","123.6220","62.0104","21.6487","59.5907","57.0961","35.9650","98.4402","29.9778","20.2314","49.9286","28.7575","37.4806","21.9890","62.4724","13.6576","16.7849","61.2441","23.2647","85.9309","21.6226","34.6958","23.8420","28.7461","111.8448","35.6583","17.1437","23.5516","19.1791","72.6899","73.2540","30.1966","27.3948","145.9671","29.0547","26.8822","50.7591","27.3836","34.4282","23.4853","44.0422","34.7189","26.1185","43.8190","27.2735","37.5984","27.1530","35.0414","38.3261","88.9732","31.9349","67.1561","33.7278","15.3186","11.0000","21.3040","44.3309","164.4794","14.0410","39.1180","33.3913"
"C:\Users\cfg364\Sommerlab Dropbox\Casper van der Luijt\Casper\Data\BioLog\OmniLog\CL3\DATA_2024\08\_RIB40_Aspergillus oryzae__2_30_CL3_769_8#19#2024_A_ 8B_6.OKA","8/19/2024 7:16:29 PM"," 8-B","PM02A","","RIB40","Aspergillus oryzae","",49.2500,"40.1338","34.1299","63.1635","101.6373","105.0196","101.7883","45.9754","87.5159","32.3986","59.4034","35.6768","92.1459","35.3796","29.0445","33.4497","81.2340","124.2011","79.1514","30.4430","112.6262","120.0947","58.4338","31.3054","45.5739","98.6158","26.8952","23.7557","22.1417","46.3985","37.8063","19.1424","26.8575","25.0701","25.1827","24.4461","129.0740","120.9460","56.7647","19.6110","61.6470","53.0371","34.3028","98.8511","30.7111","20.1221","51.2896","27.8958","38.2407","17.9208","66.6335","17.7272","20.2494","58.6164","25.9747","90.4584","20.8319","31.2942","25.7316","28.0000","108.7313","36.7510","18.0102","22.8965","17.7030","69.1539","74.7705","28.4064","25.4760","149.8579","26.6236","26.5866","49.4433","27.7827","29.9100","22.1663","40.4732","33.7661","20.8008","39.3524","24.8337","37.4392","25.5833","37.8838","37.6132","90.8395","28.9070","69.3825","30.8506","17.6471","13.5482","24.9447","42.0001","164.4696","17.3213","41.5452","29.5188"
"C:\Users\cfg364\Sommerlab Dropbox\Casper van der Luijt\Casper\Data\BioLog\OmniLog\CL3\DATA_2024\08\_RIB40_Aspergillus oryzae__2_30_CL3_769_8#19#2024_A_ 8B_6.OKA","8/19/2024 7:16:29 PM"," 8-B","PM02A","","RIB40","Aspergillus oryzae","",49.5000,"40.2933","38.8333","66.4939","104.2957","103.4918","101.9124","43.9679","86.9756","35.3037","59.7076","34.1595","99.7330","38.6557","29.5745","34.2316","78.6676","124.2148","77.9034","31.6467","113.7086","119.6096","61.9791","34.4005","45.0000","96.9390","26.8070","26.5629","24.6910","46.9111","36.8764","22.8215","30.1871","19.9037","23.1731","27.6282","134.2890","118.6274","56.8308","20.1186","60.0298","52.7332","36.4987","101.4039","30.6227","18.5130","48.8293","29.5748","38.5083","20.4295","63.0780","19.0054","17.6539","59.2752","24.9113","90.2856","23.0498","34.5066","22.9958","29.2782","110.0470","39.1747","17.6421","23.5000","15.3508","70.1455","77.8062","25.8533","28.6688","146.7559","31.4122","25.1517","53.0189","27.3262","35.2621","21.7130","45.6524","33.3027","25.0724","44.4785","22.4045","35.7925","26.4104","38.4800","35.9377","92.7331","30.8622","63.9451","32.2871","18.5500","13.2910","29.0785","43.2224","162.7398","21.0275","40.1729","31.4148"
"C:\Users\cfg364\Sommerlab Dropbox\Casper van der Luijt\Casper\Data\BioLog\OmniLog\CL3\DATA_2024\08\_RIB40_Aspergillus oryzae__2_30_CL3_769_8#19#2024_A_ 8B_6.OKA","8/19/2024 7:16:29 PM"," 8-B","PM02A","","RIB40","Aspergillus oryzae","",49.7500,"36.3607","40.9023","65.3601","105.7412","111.1546","103.8165","45.2827","89.9882","33.9443","63.0415","39.8996","97.9616","37.0032","26.5669","33.7161","81.7157","123.6844","79.2028","33.7114","114.4250","117.9382","59.6247","35.8178","46.2874","103.1568","30.2546","26.3747","24.5621","44.2429","37.4459","23.1083","26.0871","19.2609","27.9782","25.9557","136.0078","123.7570","60.0763","24.4115","62.1196","56.3139","35.6195","98.2887","31.2928","18.5130","52.2564","29.1830","33.1905","24.6544","65.3159","18.5381","15.4465","63.8059","24.3146","87.3080","26.2441","33.0394","24.7985","25.2596","106.5527","36.7960","19.9413","23.4691","17.5418","71.5904","78.6491","29.7887","28.9533","147.7144","28.9958","22.5465","55.3307","29.7065","33.1027","23.6127","42.8827","31.8308","24.5324","45.8075","24.8055","38.2621","29.5436","34.9136","36.8728","92.4568","28.9675","65.2593","31.8230","18.8686","14.3559","28.7657","40.1837","165.6974","20.0984","38.7807","32.2191"
"C:\Users\cfg364\Sommerlab Dropbox\Casper van der Luijt\Casper\Data\BioLog\OmniLog\CL3\DATA_2024\08\_RIB40_Aspergillus oryzae__2_30_CL3_769_8#19#2024_A_ 8B_6.OKA","8/19/2024 7:16:29 PM"," 8-B","PM02A","","RIB40","Aspergillus oryzae","",50.0000,"41.4955","40.3847","66.3796","101.4262","104.0874","107.3432","48.5692","88.7114","36.5013","62.1376","40.1959","89.6293","33.2945","27.8389","32.1340","80.9452","122.3722","78.3214","34.0887","117.1691","123.1012","59.7136","31.6551","45.1409","106.0962","29.0372","27.6574","21.7016","45.6678","35.5574","17.3678","28.0602","27.3548","24.7521","27.4946","133.0307","126.3033","64.4731","23.6244","68.3428","60.5287","33.4928","99.8226","33.9181","26.0650","55.0827","32.7515","35.3269","21.8528","64.8032","17.5923","17.0201","60.3896","22.5764","90.1670","21.9624","33.6377","26.2042","26.8888","106.6465","39.0447","16.9037","24.3476","20.5360","73.1046","77.0394","27.3876","25.7285","147.3794","26.3881","23.9422","49.2626","32.5755","31.5054","22.8332","44.0929","34.9739","21.6681","44.0180","21.4167","42.0875","25.5612","32.7448","37.0497","91.9054","34.5848","65.6469","30.2181","16.1577","11.0648","23.0259","38.1020","167.7306","18.8002","34.6394","31.2940"
"C:\Users\cfg364\Sommerlab Dropbox\Casper van der Luijt\Casper\Data\BioLog\OmniLog\CL3\DATA_2024\08\_RIB40_Aspergillus oryzae__2_30_CL3_769_8#19#2024_A_ 8B_6.OKA","8/19/2024 7:16:29 PM"," 8-B","PM02A","","RIB40","Aspergillus oryzae","",50.2500,"39.7594","38.6612","64.2304","107.3463","107.0379","100.7588","46.1925","89.3643","31.7553","59.6077","42.4534","93.6289","37.7613","28.6767","35.1492","77.5755","125.5428","81.4686","32.0485","116.1938","122.2808","62.1705","37.2981","44.7840","104.5006","27.0260","26.6755","23.0551","46.0512","37.4816","22.9893","27.7383","22.4120","22.7295","26.8193","133.4357","122.5226","63.6803","18.3676","62.5753","54.3596","34.2023","98.2569","31.8271","17.4605","50.3338","29.7125","36.5085","19.5963","65.7748","17.1522","16.0483","61.7386","24.4697","91.2024","21.4719","33.0399","21.9580","25.4454","107.2616","35.7570","21.6846","24.8005","17.8332","70.2623","77.9014","29.0013","29.6085","150.6080","28.6171","23.1990","50.7967","29.4690","31.9869","25.5867","42.7550","36.2353","25.2231","43.4899","17.7375","37.0636","26.0593","30.3969","33.5854","90.4364","31.9338","67.8439","29.4150","16.3347","11.0000","25.8841","41.3639","166.6721","20.0005","34.9696","27.7044"
"C:\Users\cfg364\Sommerlab Dropbox\Casper van der Luijt\Casper\Data\BioLog\OmniLog\CL3\DATA_2024\08\_RIB40_Aspergillus oryzae__2_30_CL3_769_8#19#2024_A_ 8B_6.OKA","8/19/2024 7:16:29 PM"," 8-B","PM02A","","RIB40","Aspergillus oryzae","",50.5000,"38.4874","37.3040","68.8366","104.8921","108.1411","102.7255","42.6503","88.4712","27.9118","60.1092","40.5432","98.8689","36.7009","30.1608","36.5603","81.9714","123.1156","76.9335","33.0478","112.3916","119.9325","62.0721","32.6091","46.4633","100.7466","26.6344","26.8643","21.6977","46.8030","37.0397","21.8762","29.1813","22.8287","22.4072","25.5654","137.6725","123.3447","62.8643","17.0973","65.2983","56.5482","37.1770","101.9125","29.9511","18.8890","50.3013","30.0718","36.1170","23.2543","67.5005","14.6043","17.3966","60.0409","26.3761","91.4876","22.3604","35.7152","22.3189","22.3546","108.7484","38.6859","22.6068","25.9327","16.2419","73.6396","73.5547","30.8298","29.6085","148.1376","29.5376","25.9349","50.7654","27.6984","25.6079","22.9176","43.7704","33.8863","21.8991","45.7088","21.1062","36.8392","28.4996","32.5450","35.8659","92.5691","30.0681","71.5668","32.1695","13.9532","11.0000","28.2757","39.8504","165.9996","14.0433","38.1168","26.0899"
"C:\Users\cfg364\Sommerlab Dropbox\Casper van der Luijt\Casper\Data\BioLog\OmniLog\CL3\DATA_2024\08\_RIB40_Aspergillus oryzae__2_30_CL3_769_8#19#2024_A_ 8B_6.OKA","8/19/2024 7:16:29 PM"," 8-B","PM02A","","RIB40","Aspergillus oryzae","",50.7500,"41.1955","41.7334","71.6357","108.7109","112.5955","105.3583","47.5990","91.8115","33.0267","62.0321","38.7174","99.0296","39.1383","34.5308","36.3683","80.9842","123.0194","83.6890","33.3024","121.4183","122.1047","60.6013","35.7407","44.9096","106.7990","29.6849","27.1716","26.6396","49.7045","35.9217","21.7009","28.0486","25.7937","28.4829","30.3458","141.1020","125.3465","62.0759","20.2808","61.6221","54.8634","38.2588","106.4326","31.4785","21.3155","52.2846","30.3971","38.2402","23.7585","66.7639","21.6428","20.8026","66.8301","26.8683","92.2005","22.1566","39.3333","28.9532","31.5953","111.1633","40.4998","19.7982","24.2658","22.4152","73.5084","77.6771","33.8352","28.6740","149.5807","26.8522","24.2169","51.2966","31.2976","29.8953","22.1013","45.2582","35.6132","23.3619","46.7127","24.2455","44.3346","26.6196","37.4803","38.2936","96.1600","28.8337","71.7945","30.5442","19.5108","13.9608","25.0921","43.3522","167.1165","17.4164","43.4502","29.4230"
"C:\Users\cfg364\Sommerlab Dropbox\Casper van der Luijt\Casper\Data\BioLog\OmniLog\CL3\DATA_2024\08\_RIB40_Aspergillus oryzae__2_30_CL3_769_8#19#2024_A_ 8B_6.OKA","8/19/2024 7:16:29 PM"," 8-B","PM02A","","RIB40","Aspergillus oryzae","",51.0000,"39.3664","38.7279","72.8652","108.1438","114.4542","105.4552","49.0406","92.2104","32.8942","59.8932","38.1875","94.8236","36.7727","35.3852","36.2078","83.1632","128.0091","81.6213","35.1046","120.3478","122.5609","60.1757","33.1745","41.2194","109.7288","28.6758","26.5096","26.0937","50.1102","35.7314","20.3912","29.4560","27.2922","26.1134","26.8546","137.1924","125.9468","66.6567","23.4898","64.6207","55.5642","35.3170","104.7927","33.2565","21.6057","55.8037","27.2516","35.7758","23.3923","67.9137","20.4327","17.0010","64.4931","27.6820","92.5817","20.6309","37.8388","26.6157","27.0365","111.1948","39.1185","20.3101","23.0907","19.9957","75.2571","79.7500","31.0164","27.6268","150.5953","29.7665","25.0530","52.2396","29.1642","31.0782","22.2572","46.0614","36.6986","22.0522","46.4272","25.0078","40.5422","27.1648","34.8483","33.6771","93.2054","32.6982","71.7945","33.3095","20.2701","12.6091","28.0870","39.0258","163.3834","17.6421","40.5231","25.8562"
"C:\Users\cfg364\Sommerlab Dropbox\Casper van der Luijt\Casper\Data\BioLog\OmniLog\CL3\DATA_2024\08\_RIB40_Aspergillus oryzae__2_30_CL3_769_8#19#2024_A_ 8B_6.OKA","8/19/2024 7:16:29 PM"," 8-B","PM02A","","RIB40","Aspergillus oryzae","",51.2500,"43.9723","38.0484","70.8372","106.6644","108.6326","107.4842","48.4497","91.3991","29.8230","59.5504","36.7777","92.8519","38.5281","32.6884","38.7635","82.5100","122.8569","80.3376","33.3310","119.3764","123.6694","60.9615","34.0569","41.7086","106.4328","28.9499","24.8539","25.6252","48.9693","38.0549","21.6601","29.2225","26.2827","27.9010","24.8978","140.9426","126.3362","63.4412","22.1321","66.1299","58.3707","35.5180","103.6715","34.3082","18.8829","53.3207","28.1086","38.3394","26.4192","71.1730","16.7011","15.0464","67.1807","27.0484","91.5122","22.5646","36.1344","23.4300","30.0245","106.4471","37.1538","18.4516","24.1876","21.6079","72.8456","78.1336","30.1627","30.8277","149.5773","28.4824","20.4018","53.8577","31.8772","31.4079","20.6103","42.7691","33.4426","25.2019","46.3451","23.5538","43.4396","28.8735","34.5810","37.3952","96.8443","31.4606","72.6569","34.1520","14.0548","12.3244","25.0992","40.0835","162.7095","17.6411","34.5296","27.7579"
"C:\Users\cfg364\Sommerlab Dropbox\Casper van der Luijt\Casper\Data\BioLog\OmniLog\CL3\DATA_2024\08\_RIB40_Aspergillus oryzae__2_30_CL3_769_8#19#2024_A_ 8B_6.OKA","8/19/2024 7:16:29 PM"," 8-B","PM02A","","RIB40","Aspergillus oryzae","",51.5000,"41.5973","35.9752","69.1480","107.2955","108.7913","105.9088","45.8194","89.4132","29.0901","58.6489","33.0572","90.9630","34.2834","33.0180","31.3727","83.1173","122.8256","81.7109","29.5822","123.4838","122.4978","63.9736","32.9007","41.6425","104.1455","29.8295","23.0592","26.3661","48.0638","33.9097","23.2559","28.6471","22.9506","24.2059","24.2499","140.5800","123.6947","64.3256","18.8931","65.5537","57.0981","36.6751","101.0491","34.6908","16.2014","53.7445","26.8001","37.0996","26.4496","69.5493","19.5984","12.7387","64.4751","26.5469","90.1417","22.6917","37.0865","23.5278","27.5698","111.8803","33.8381","19.0619","24.3729","16.9553","70.5372","76.0781","31.9048","31.8380","145.2924","27.2063","20.6295","51.0967","30.5990","30.3254","22.3520","46.3883","36.8362","23.5066","45.1680","24.0585","41.5257","25.8040","35.1553","37.1151","93.7322","32.3132","72.0033","32.5734","14.9458","12.0983","22.7283","40.5285","161.1255","20.8173","37.0165","29.1855"
"C:\Users\cfg364\Sommerlab Dropbox\Casper van der Luijt\Casper\Data\BioLog\OmniLog\CL3\DATA_2024\08\_RIB40_Aspergillus oryzae__2_30_CL3_769_8#19#2024_A_ 8B_6.OKA","8/19/2024 7:16:29 PM"," 8-B","PM02A","","RIB40","Aspergillus oryzae","",51.7500,"41.0421","36.6231","71.9092","105.6548","110.8226","106.6483","45.5234","91.5315","32.3549","61.8878","37.6414","91.8908","33.2846","31.2711","33.7185","83.9165","124.9840","80.6889","33.3956","122.4166","122.3026","62.9259","33.6605","40.8501","107.4812","26.4089","24.2557","26.6238","48.5321","35.8083","20.7984","29.6381","23.3351","23.3063","21.7554","139.4263","123.9175","65.4393","21.7547","67.0904","59.2933","37.9886","105.5673","29.8761","20.6921","52.5382","27.0945","35.6968","24.4463","67.6072","17.0127","12.2013","66.4168","25.0110","91.0023","20.4042","38.9271","26.8229","28.9264","107.5274","33.8071","19.9933","19.9256","18.4442","74.2563","78.1336","27.4387","31.8380","147.8951","24.7498","20.8247","50.5320","30.4164","31.0258","20.5792","43.9445","35.2354","22.5150","45.8679","24.5947","41.7171","27.4986","38.2825","34.6249","97.6146","31.8395","72.5324","30.7782","17.0142","11.0000","25.3837","40.9417","161.3195","18.7319","36.7296","25.3063"
"C:\Users\cfg364\Sommerlab Dropbox\Casper van der Luijt\Casper\Data\BioLog\OmniLog\CL3\DATA_2024\08\_RIB40_Aspergillus oryzae__2_30_CL3_769_8#19#2024_A_ 8B_6.OKA","8/19/2024 7:16:29 PM"," 8-B","PM02A","","RIB40","Aspergillus oryzae","",52.0000,"40.2401","38.2752","74.0207","107.8634","105.4585","107.5485","42.7616","96.7613","27.2911","62.5222","38.4054","93.0838","36.5306","29.5571","31.7584","85.6427","125.0465","82.2858","32.6200","123.1281","123.4091","60.7978","35.3782","44.8455","107.2906","27.4514","24.3816","23.6601","52.3416","36.9474","23.1602","30.0857","22.2778","22.3745","22.0470","144.5027","124.2039","64.9807","24.1132","67.7947","55.6983","38.1762","109.3589","30.0674","18.8506","52.8968","30.9219","35.1095","25.5693","71.1094","18.6327","15.0464","68.7404","26.3275","93.9665","20.5313","37.4038","27.3449","30.5413","108.8618","35.5735","17.5202","21.8404","21.3288","72.8135","75.6354","28.4206","30.7329","150.9104","28.7057","17.3763","54.2969","31.3598","29.9434","19.4285","44.3157","38.6610","23.8584","47.9358","24.5316","40.6645","27.9783","38.8887","38.7336","96.4129","32.3132","71.6609","34.3377","16.7278","12.0014","25.6366","42.3084","163.1944","18.6678","36.4426","28.1303"
"C:\Users\cfg364\Sommerlab Dropbox\Casper van der Luijt\Casper\Data\BioLog\OmniLog\CL3\DATA_2024\08\_RIB40_Aspergillus oryzae__2_30_CL3_769_8#19#2024_A_ 8B_6.OKA","8/19/2024 7:16:29 PM"," 8-B","PM02A","","RIB40","Aspergillus oryzae","",52.2500,"43.4479","36.1048","71.6168","105.3708","109.2674","106.2947","46.9044","89.2477","28.8235","62.9229","36.7777","94.3099","36.0624","28.1068","37.3175","90.3419","126.8295","80.4014","33.9773","125.1656","125.0363","63.9736","33.0989","43.8549","107.5765","27.4514","30.0176","26.8493","50.6554","38.5296","23.5432","28.1675","24.4565","27.0978","22.8568","139.6900","127.7684","66.1927","22.0063","70.7401","58.2116","38.0199","104.1139","29.8124","20.4983","54.9183","29.1227","37.3280","28.2100","73.3698","18.8508","13.9400","67.8492","26.5469","93.7115","21.5480","41.7516","25.0612","28.1189","109.3067","34.3339","18.8371","24.4656","20.1811","73.0059","83.3196","31.8414","31.1118","150.7199","27.3977","17.6691","53.2616","33.0337","31.7899","23.7205","44.7488","35.6516","25.7456","47.3313","24.1216","42.1637","29.1613","36.5274","35.7144","99.4633","31.3975","72.7503","34.2139","16.1232","11.6783","26.4902","43.3891","165.4573","19.3094","36.1557","26.9821"
"C:\Users\cfg364\Sommerlab Dropbox\Casper van der Luijt\Casper\Data\BioLog\OmniLog\CL3\DATA_2024\08\_RIB40_Aspergillus oryzae__2_30_CL3_769_8#19#2024_A_ 8B_6.OKA","8/19/2024 7:16:29 PM"," 8-B","PM02A","","RIB40","Aspergillus oryzae","",52.5000,"38.9106","36.1304","74.1384","113.7780","110.0007","109.8185","48.3476","89.8828","31.8946","61.5432","33.3702","94.0570","37.8303","28.3219","32.9661","90.5758","126.6970","83.0274","33.4040","126.6044","125.6414","62.8500","36.1645","45.4541","111.5880","24.1403","26.5234","26.8443","50.9725","38.5320","23.1583","27.5435","27.1832","21.2643","26.1532","145.2175","124.0711","66.4035","24.2402","68.9210","60.8039","36.7186","104.6943","36.5928","25.3219","54.7950","31.7532","35.6415","23.9757","67.7395","19.6874","16.5769","69.7505","25.8362","97.4385","22.7845","41.5275","25.8438","26.0172","111.0186","38.2950","18.1453","24.4188","18.4993","71.6225","79.5688","31.3574","34.5900","150.9824","27.8712","24.3950","55.1759","30.5814","30.5340","22.7306","46.8490","34.2495","25.5057","48.5943","24.3256","40.3070","26.3723","40.3421","38.6715","97.9066","29.6537","75.3211","34.3719","17.8117","14.6022","25.8895","46.3295","167.0938","14.6374","40.1521","24.3775"
"C:\Users\cfg364\Sommerlab Dropbox\Casper van der Luijt\Casper\Data\BioLog\OmniLog\CL3\DATA_2024\08\_RIB40_Aspergillus oryzae__2_30_CL3_769_8#19#2024_A_ 8B_6.OKA","8/19/2024 7:16:29 PM"," 8-B","PM02A","","RIB40","Aspergillus oryzae","",52.7500,"35.8275","38.5259","74.5922","111.0334","114.0571","106.1762","47.0087","97.9737","32.0560","62.0160","39.9983","97.3800","38.9581","33.7069","32.5288","87.0212","129.3580","83.4914","30.4540","124.3528","124.0492","64.8220","30.2366","43.7306","107.9609","28.8319","26.5986","21.9897","47.5352","39.3754","23.0208","27.4669","24.0813","24.0388","24.9281","149.1374","129.2941","71.8076","19.8712","67.2827","61.3406","39.0030","107.8098","35.9291","23.3184","56.0437","35.3839","37.8456","23.7344","70.0844","17.4446","16.1656","66.0672","26.4966","97.6857","22.9433","41.9097","20.9689","27.8756","112.9259","39.4853","19.4365","23.1024","19.0031","73.7707","83.0814","35.2695","33.4497","148.4400","30.8105","24.7897","52.1514","30.0358","31.6858","22.9626","44.3880","38.6420","23.9825","47.6440","21.5106","39.5515","27.8415","34.0086","38.3033","103.5047","31.0101","73.6615","37.0254","22.0517","11.0000","26.0884","43.2147","163.5699","19.5992","40.8084","26.1343"
"C:\Users\cfg364\Sommerlab Dropbox\Casper van der Luijt\Casper\Data\BioLog\OmniLog\CL3\DATA_2024\08\_RIB40_Aspergillus oryzae__2_30_CL3_769_8#19#2024_A_ 8B_6.OKA","8/19/2024 7:16:29 PM"," 8-B","PM02A","","RIB40","Aspergillus oryzae","",53.0000,"38.9613","41.5644","79.5223","110.7484","112.7007","107.9531","48.9283","92.3710","32.2250","59.8675","37.9408","100.2769","39.9652","33.2940","37.2159","88.1852","125.5622","86.1840","30.6039","127.0514","126.1454","63.8446","34.3748","50.1054","112.3107","26.4992","26.1066","23.6509","49.2005","38.9647","21.5818","30.0670","25.3492","25.9546","23.1631","146.2751","130.4482","71.2344","22.5197","66.3773","61.2562","39.6482","107.6718","31.4229","17.6305","56.8359","33.2773","35.7185","25.7056","71.3421","19.4346","16.0468","69.8663","26.8729","98.5800","25.3251","40.7478","25.5369","26.2887","111.5529","39.2840","18.9361","24.6084","21.2873","73.1967","82.9806","29.3554","37.4602","145.2958","30.3878","27.1058","59.0761","35.3309","33.0502","21.1131","47.1762","37.1980","26.0646","53.0739","25.7966","43.0382","35.6524","33.8398","37.1980","104.6696","32.0843","77.9934","34.1948","19.1040","14.8929","21.4114","45.0882","164.7049","21.8554","45.3778","29.1904"
"C:\Users\cfg364\Sommerlab Dropbox\Casper van der Luijt\Casper\Data\BioLog\OmniLog\CL3\DATA_2024\08\_RIB40_Aspergillus oryzae__2_30_CL3_769_8#19#2024_A_ 8B_6.OKA","8/19/2024 7:16:29 PM"," 8-B","PM02A","","RIB40","Aspergillus oryzae","",53.2500,"35.8753","40.5649","76.4517","113.7359","111.1473","106.9489","45.7540","96.0397","28.0868","65.2489","36.2778","98.3090","38.2504","32.1103","34.6039","87.4153","127.9639","84.3012","31.0576","126.1055","127.6050","61.8654","32.4627","44.7489","114.1097","27.8427","26.9564","24.3609","53.9328","36.7844","22.1573","31.4084","24.3883","22.8994","25.0294","146.7356","128.6758","71.4301","21.8272","68.8593","60.9383","39.0852","109.8638","33.7451","18.6332","52.6334","30.3048","37.8494","26.4058","67.9647","19.5280","15.4790","68.5887","25.2449","97.2204","20.8248","39.2460","26.8109","28.2363","108.8310","39.7462","19.1602","25.8091","21.2253","70.8659","85.3695","31.8324","35.5410","150.1568","31.6633","25.8496","58.4201","33.0195","31.1093","23.6336","46.4632","38.6640","22.7134","51.6535","23.7143","43.5478","32.4120","35.7272","33.3619","101.5974","35.3984","75.9301","33.9780","14.0191","14.5068","24.8924","45.1827","161.8376","17.5197","41.5056","29.9020"
"C:\Users\cfg364\Sommerlab Dropbox\Casper van der Luijt\Casper\Data\BioLog\OmniLog\CL3\DATA_2024\08\_RIB40_Aspergillus oryzae__2_30_CL3_769_8#19#2024_A_ 8B_6.OKA","8/19/2024 7:16:29 PM"," 8-B","PM02A","","RIB40","Aspergillus oryzae","",53.5000,"40.5676","40.3260","76.1231","110.4647","114.7641","106.4338","45.7052","93.1507","28.3517","62.9190","32.1996","99.0851","37.8634","34.5529","33.0105","89.8627","127.9469","85.6630","34.2407","130.2350","124.1559","65.0529","35.4934","45.6233","115.5030","31.0383","26.6871","24.3356","50.0160","37.9315","19.6794","28.1749","27.0690","25.6430","23.2624","145.5338","132.3198","67.9264","22.3960","69.6694","61.1413","37.7288","107.4970","33.4723","23.3852","53.5294","31.2474","34.4841","23.7271","69.3628","17.7614","16.2006","68.5467","25.9864","96.0634","20.5251","43.4871","26.5460","26.6124","108.9645","40.5946","19.2757","24.9697","17.8849","71.1346","81.3770","30.9016","34.2959","147.5122","28.5900","24.1016","57.3631","30.1757","29.7373","21.1970","44.7361","38.5210","24.0804","52.1536","20.4522","41.7564","31.6242","34.3665","38.5191","101.1159","29.8790","76.2816","39.3190","18.1776","11.7427","27.4358","44.7528","163.0328","21.3986","39.8502","30.2111"
"C:\Users\cfg364\Sommerlab Dropbox\Casper van der Luijt\Casper\Data\BioLog\OmniLog\CL3\DATA_2024\08\_RIB40_Aspergillus oryzae__2_30_CL3_769_8#19#2024_A_ 8B_6.OKA","8/19/2024 7:16:29 PM"," 8-B","PM02A","","RIB40","Aspergillus oryzae","",53.7500,"38.6493","39.8086","82.3300","114.1449","114.7217","107.7072","48.2144","92.4611","32.3328","61.6232","37.2195","99.3074","36.7972","30.4049","33.2279","89.0593","129.9327","89.7448","35.7460","130.6495","127.5197","66.2165","34.7677","46.0485","113.6453","24.0025","26.2569","22.2456","49.6307","38.5539","24.0099","29.4644","23.7577","21.6049","25.9369","148.3219","132.5687","71.1461","23.3835","72.8969","64.2835","40.9974","110.9553","34.5389","17.4516","55.1799","30.1697","34.2283","24.5279","67.3315","17.7337","15.3293","70.4688","29.3777","100.7014","23.4210","43.7340","24.7013","28.0957","109.5535","36.7463","22.1632","20.5214","19.7820","73.7772","81.8913","31.3551","30.3542","151.2823","28.8429","26.5488","56.3517","24.4999","33.3734","20.6400","48.7895","37.5347","26.0707","52.7914","24.2842","45.6848","30.7028","36.5867","38.6398","101.6173","31.3633","81.3515","37.7012","15.7074","11.4511","21.7619","40.4611","166.6379","18.1434","35.0458","25.5697"
"C:\Users\cfg364\Sommerlab Dropbox\Casper van der Luijt\Casper\Data\BioLog\OmniLog\CL3\DATA_2024\08\_RIB40_Aspergillus oryzae__2_30_CL3_769_8#19#2024_A_ 8B_6.OKA","8/19/2024 7:16:29 PM"," 8-B","PM02A","","RIB40","Aspergillus oryzae","",54.0000,"40.1682","39.5828","78.3781","114.3341","115.3854","110.1677","49.3875","91.0720","32.3328","62.3607","36.1614","97.5321","36.1118","30.7996","36.3803","90.7514","131.3341","86.8295","31.1384","129.5821","126.4165","63.5919","37.7838","46.8728","112.7561","28.6416","28.7632","25.6485","51.9473","38.0799","21.9105","30.5825","25.1645","25.2795","27.3732","149.5068","135.8287","73.8845","20.4919","73.7954","67.7385","39.5273","108.9600","35.2685","19.2903","55.8311","29.6472","34.3268","23.8880","69.2006","19.2853","16.6566","71.4234","28.6901","98.2521","22.9785","43.6065","24.0162","27.8371","107.2777","39.8408","20.9477","22.4689","21.9466","75.1190","82.2072","34.5691","31.7163","153.1528","25.8691","26.5810","56.0393","28.3657","33.7866","22.0083","47.5515","41.1299","27.8512","57.2204","25.3280","46.8622","30.4793","35.8219","37.4286","102.7284","32.7884","80.6054","37.1771","15.8346","11.5800","22.9330","42.1848","164.6511","16.9850","36.8270","29.1966"
"C:\Users\cfg364\Sommerlab Dropbox\Casper van der Luijt\Casper\Data\BioLog\OmniLog\CL3\DATA_2024\08\_RIB40_Aspergillus oryzae__2_30_CL3_769_8#19#2024_A_ 8B_6.OKA","8/19/2024 7:16:29 PM"," 8-B","PM02A","","RIB40","Aspergillus oryzae","",54.2500,"37.2545","38.6795","77.0499","110.9926","114.9430","109.0022","50.0718","90.9066","32.1341","64.5063","36.5913","97.2690","35.3329","30.6680","34.9971","89.8574","129.9950","88.7625","33.8772","129.1939","123.8531","62.6076","35.8496","43.9054","116.0908","25.3093","27.0401","19.7502","51.2272","38.9647","22.3240","30.4866","24.0774","20.6378","27.4689","147.2686","135.6705","69.7769","20.7120","71.9343","62.8888","38.5263","111.8421","36.8864","20.8710","57.8496","31.9006","35.9016","22.5170","70.2319","19.4715","14.7921","72.4734","28.7839","99.3654","22.9469","42.0447","26.6260","26.2536","110.2805","35.3538","23.9224","22.0052","19.1017","70.5824","79.4903","33.7814","34.6621","152.6455","30.4097","24.0378","58.3194","25.9419","33.2145","19.8937","45.6326","41.3526","23.4953","54.8793","23.4302","45.2075","31.0541","37.5107","35.6584","102.4506","29.9382","80.8230","36.1596","14.3715","12.7077","17.2039","41.0995","163.8500","17.6286","37.4313","24.1747"
"C:\Users\cfg364\Sommerlab Dropbox\Casper van der Luijt\Casper\Data\BioLog\OmniLog\CL3\DATA_2024\08\_RIB40_Aspergillus oryzae__2_30_CL3_769_8#19#2024_A_ 8B_6.OKA","8/19/2024 7:16:29 PM"," 8-B","PM02A","","RIB40","Aspergillus oryzae","",54.5000,"39.6412","40.1958","79.9329","116.1624","119.4938","108.3871","51.4405","95.1401","29.4840","63.5341","42.1129","102.2006","41.0968","29.8787","41.3985","89.7297","131.2719","89.4279","32.2017","132.3315","128.1362","68.3819","38.1116","47.7300","115.7732","30.5038","29.1704","23.7688","50.9455","38.3959","22.3240","31.8603","25.5163","24.1513","30.8521","150.4284","136.9365","72.3849","25.7722","74.4371","67.4849","39.6524","109.7201","36.3471","17.0645","56.7101","30.8229","38.3294","23.2787","71.0698","21.1471","14.6973","72.7279","30.0340","101.4012","24.1163","43.5746","26.6586","29.9054","112.5246","34.5183","22.7069","20.6760","22.3486","72.3715","85.3347","37.0583","33.9336","151.9798","28.2034","25.4864","57.9758","29.6543","33.8184","22.3192","46.6230","42.2435","27.5015","53.3608","22.9558","46.7985","29.1700","37.7019","39.7267","104.6728","31.5533","82.4085","36.2521","17.6794","14.4155","22.8697","43.3019","166.9903","18.0147","41.8206","30.4675"
"C:\Users\cfg364\Sommerlab Dropbox\Casper van der Luijt\Casper\Data\BioLog\OmniLog\CL3\DATA_2024\08\_RIB40_Aspergillus oryzae__2_30_CL3_769_8#19#2024_A_ 8B_6.OKA","8/19/2024 7:16:29 PM"," 8-B","PM02A","","RIB40","Aspergillus oryzae","",54.7500,"37.4095","37.5181","83.7877","111.7807","112.8572","109.2936","49.4853","92.8580","29.1196","60.3827","37.2195","97.4006","35.4264","30.1089","35.5440","89.8255","133.4207","90.3469","33.7805","129.4850","124.9888","66.8399","32.8663","43.3119","114.8839","26.0281","27.4160","24.4170","50.0063","38.7435","21.4015","28.1227","26.4115","25.6341","28.5541","151.5805","136.7149","72.8413","21.7806","74.2767","68.3725","35.8050","113.0139","32.4451","21.0645","56.3846","29.5493","35.6719","23.7357","71.9399","19.0370","12.5484","71.0734","29.2527","97.7749","23.9899","44.0208","24.0162","26.4798","111.7344","34.4254","23.2827","20.5214","20.8952","71.0936","85.5875","33.6868","32.8249","148.5559","30.2179","22.4604","56.0081","27.3839","32.0069","24.6204","49.6561","39.6982","26.3886","56.9990","24.2526","47.8486","30.4154","33.7508","37.3043","104.9815","30.3815","78.8955","36.7146","17.2977","12.7400","24.3258","42.5997","164.4909","17.4677","37.7494","25.6627"
"C:\Users\cfg364\Sommerlab Dropbox\Casper van der Luijt\Casper\Data\BioLog\OmniLog\CL3\DATA_2024\08\_RIB40_Aspergillus oryzae__2_30_CL3_769_8#19#2024_A_ 8B_6.OKA","8/19/2024 7:16:29 PM"," 8-B","PM02A","","RIB40","Aspergillus oryzae","",55.0000,"38.1844","42.4863","84.7919","115.0906","117.2500","112.2398","52.9069","92.3619","31.0078","64.1711","37.2195","91.5813","39.3520","29.7471","35.1901","91.1664","130.1819","87.8435","40.0959","135.4691","125.0537","63.0997","33.5220","40.7071","115.3603","26.5181","26.6955","18.3242","52.4168","40.1022","22.3558","31.8922","27.8184","18.6716","30.8201","150.2968","136.3351","71.0157","20.4291","76.2340","65.8684","36.1803","109.4351","35.0782","17.0323","52.0870","29.4186","39.3793","21.9381","68.5239","19.6576","14.8237","74.3825","27.6900","96.9161","22.8521","45.8695","27.7351","26.5768","106.2030","36.9629","20.6598","20.0577","20.0294","73.1382","79.7746","31.7963","30.2908","151.9798","27.2121","26.9673","52.9159","27.5066","34.6764","21.9150","48.9752","41.9253","27.5968","55.6702","23.6833","46.5440","29.2020","32.3488","31.5280","100.3210","29.3681","79.1442","35.3271","16.8842","13.3844","20.8756","38.0034","161.7351","14.4752","31.7061","26.4686"
"C:\Users\cfg364\Sommerlab Dropbox\Casper van der Luijt\Casper\Data\BioLog\OmniLog\CL3\DATA_2024\08\_RIB40_Aspergillus oryzae__2_30_CL3_769_8#19#2024_A_ 8B_6.OKA","8/19/2024 7:16:29 PM"," 8-B","PM02A","","RIB40","Aspergillus oryzae","",55.2500,"42.7381","41.9993","82.3100","113.6607","122.7202","113.6140","48.3454","93.8055","35.2272","68.7259","36.0000","99.2825","41.4305","33.1839","35.4319","96.8198","131.4746","91.1803","39.3269","139.4200","125.8340","67.5943","37.6218","41.8953","116.7343","28.9865","27.5091","28.6721","52.4168","42.0308","23.7858","29.4643","28.6792","24.2944","28.9862","153.1595","137.6119","73.2907","22.3912","80.4555","68.1774","37.4566","113.8907","34.2781","19.3213","59.5705","31.5213","37.7135","25.3701","76.0376","16.4467","15.7166","75.9399","28.3399","102.7757","21.4240","46.7741","22.7937","26.7407","110.7323","41.1171","22.0456","25.1759","19.1797","69.7024","89.5654","34.2738","35.3181","150.4890","28.2824","23.9473","50.6352","32.6190","29.0803","21.7733","50.6687","38.1462","23.9769","56.0907","25.8941","42.7655","29.4462","36.7013","37.0191","107.0334","32.0033","81.4467","37.7016","16.2023","13.0911","24.7046","50.5108","166.2355","19.3837","42.5838","25.5241"
"C:\Users\cfg364\Sommerlab Dropbox\Casper van der Luijt\Casper\Data\BioLog\OmniLog\CL3\DATA_2024\08\_RIB40_Aspergillus oryzae__2_30_CL3_769_8#19#2024_A_ 8B_6.OKA","8/19/2024 7:16:29 PM"," 8-B","PM02A","","RIB40","Aspergillus oryzae","",55.5000,"40.0469","39.8403","79.9374","111.5643","120.2160","114.5170","50.7285","92.2476","33.0488","69.1923","34.2597","105.2386","38.8791","33.9703","36.4298","94.1508","132.8101","90.1629","36.6963","135.5784","126.9743","62.2341","36.9015","45.8935","113.9101","31.4495","29.4864","26.1291","48.6602","40.0816","21.4204","29.2723","27.8843","21.2934","25.5877","155.9192","137.3590","73.8457","23.3982","77.0083","69.0323","37.8332","114.1131","31.1531","18.4827","54.6776","31.4559","37.7789","23.5090","73.1584","16.9163","11.2216","72.6497","30.4880","104.0083","23.2990","48.2991","22.4989","30.0052","110.7639","36.3083","24.8230","23.2386","19.5840","73.0952","89.4712","35.0327","33.8376","148.7043","28.5380","26.9500","60.4574","28.6550","27.6994","22.1168","50.6997","41.7528","25.6110","54.6567","27.3740","42.5418","29.6387","36.9256","38.8888","108.7592","33.8063","82.5753","38.5051","17.9787","12.9945","23.0626","50.1964","166.1394","21.5359","40.2666","26.1731"
"C:\Users\cfg364\Sommerlab Dropbox\Casper van der Luijt\Casper\Data\BioLog\OmniLog\CL3\DATA_2024\08\_RIB40_Aspergillus oryzae__2_30_CL3_769_8#19#2024_A_ 8B_6.OKA","8/19/2024 7:16:29 PM"," 8-B","PM02A","","RIB40","Aspergillus oryzae","",55.7500,"41.0058","38.6803","81.6925","115.6618","122.6263","113.1303","50.1082","92.1813","32.6857","68.0264","31.9170","103.8488","40.3103","33.3477","38.1037","98.3131","129.9217","90.8941","36.3434","141.0987","124.7264","68.0547","39.9795","44.6048","118.2258","30.9958","30.5222","25.9682","52.1038","38.9498","19.5345","27.8323","26.8668","21.8743","25.8122","153.3895","138.1808","74.5639","22.2968","76.0188","67.4809","36.9858","114.0496","34.1186","20.6760","57.4176","29.7894","40.2935","23.3564","75.9417","16.2902","13.2792","76.9301","29.2739","103.5974","22.6952","48.9663","24.0059","28.0659","108.7415","37.7263","22.1414","27.3592","17.8423","71.5268","87.3054","32.5030","37.0821","148.7362","27.5157","21.2674","54.3815","31.8262","28.2775","21.8982","51.7827","37.7597","26.0916","54.3062","24.2881","44.8747","27.0081","35.6437","35.0560","106.6943","32.1614","84.7699","38.9687","14.5210","13.1232","21.1363","50.9508","163.1609","18.4843","40.3618","29.6650"
"C:\Users\cfg364\Sommerlab Dropbox\Casper van der Luijt\Casper\Data\BioLog\OmniLog\CL3\DATA_2024\08\_RIB40_Aspergillus oryzae__2_30_CL3_769_8#19#2024_A_ 8B_6.OKA","8/19/2024 7:16:29 PM"," 8-B","PM02A","","RIB40","Aspergillus oryzae","",56.0000,"41.1276","35.1278","86.9574","114.2541","113.5709","110.7462","49.6186","94.9302","31.5667","68.0682","36.4376","103.6012","37.1860","26.9688","38.6901","98.1566","133.4080","94.6504","36.1529","137.2019","124.8247","69.3481","36.1312","45.2604","125.6985","28.4604","24.8273","25.8892","56.0308","40.6329","19.4019","31.3020","23.4981","24.4971","26.8340","155.1724","139.9790","75.6313","21.5167","76.4191","69.5704","36.9980","117.5412","33.4976","21.5888","62.6537","31.8426","35.9694","23.4685","76.2421","19.7405","14.9118","75.2022","29.0398","104.3537","21.8388","46.7730","26.8427","28.3450","105.8378","36.5358","18.1980","23.0408","21.0142","71.2317","88.5906","38.1605","39.9930","150.8244","29.0512","22.8271","54.5375","30.2628","36.5878","24.6075","52.0504","39.7849","27.6411","63.3091","23.8797","45.6213","34.4239","35.0827","33.2416","108.3670","29.0993","84.5344","39.7158","14.1529","14.7631","19.6450","46.6575","165.6445","17.1031","39.6171","25.6498"
"C:\Users\cfg364\Sommerlab Dropbox\Casper van der Luijt\Casper\Data\BioLog\OmniLog\CL3\DATA_2024\08\_RIB40_Aspergillus oryzae__2_30_CL3_769_8#19#2024_A_ 8B_6.OKA","8/19/2024 7:16:29 PM"," 8-B","PM02A","","RIB40","Aspergillus oryzae","",56.2500,"41.7456","37.9893","82.9206","114.6346","115.1283","109.8380","49.7164","93.6426","30.3393","67.3694","37.8987","104.2254","36.4682","31.2820","35.3133","95.9234","128.3596","94.3003","38.9120","137.5272","125.9336","68.2330","35.7375","43.2548","123.2487","27.2248","26.1786","23.1879","53.0974","39.4992","17.8305","27.8171","23.9788","26.0963","30.2747","154.6472","139.7583","75.0438","23.1177","77.0919","70.8712","38.7542","117.8561","33.2426","19.7221","59.5733","33.3684","37.6622","20.4125","76.7852","19.9885","16.9308","75.2661","28.1942","105.6520","23.1102","45.1455","30.3417","29.6693","111.3700","37.8018","22.1009","19.6226","20.8902","68.3359","86.1964","36.5239","34.1190","149.9350","26.9144","19.9834","53.7539","29.8056","32.5778","23.0230","50.1382","40.3599","26.9729","59.5885","25.3913","47.0625","34.6146","34.2146","34.0550","111.2588","30.9442","86.2141","40.3944","14.0255","13.5730","19.0434","46.7210","164.5230","19.6086","39.8394","26.3637"
"C:\Users\cfg364\Sommerlab Dropbox\Casper van der Luijt\Casper\Data\BioLog\OmniLog\CL3\DATA_2024\08\_RIB40_Aspergillus oryzae__2_30_CL3_769_8#19#2024_A_ 8B_6.OKA","8/19/2024 7:16:29 PM"," 8-B","PM02A","","RIB40","Aspergillus oryzae","",56.5000,"40.1388","36.0057","90.5745","115.5539","117.0037","111.7842","50.7918","97.9678","32.8935","70.6970","36.3047","100.7434","37.1548","30.4918","38.6580","97.7419","131.6940","90.1623","39.3291","137.6573","125.1509","67.3474","37.1811","47.4305","125.8869","28.1353","25.9900","26.6931","52.8478","41.3571","21.0053","28.2967","24.7800","27.0239","29.8606","156.7809","144.7724","77.2961","24.8758","77.8287","69.7607","36.8726","116.0930","35.9513","21.7175","59.8327","33.4009","39.8434","22.2156","76.6894","20.6084","16.6154","76.7681","25.1249","106.2220","20.4084","50.8258","30.1798","26.4393","109.8526","36.0727","22.6127","23.5643","21.5413","70.7490","87.6140","39.6397","36.1293","153.5878","31.8896","20.2096","59.5213","28.6474","35.0284","24.5764","56.4300","38.0277","25.7320","62.4578","25.7692","46.9024","29.3705","31.8674","36.3386","111.1050","29.6083","85.4053","39.8392","16.7006","14.3771","20.5000","48.8166","164.2346","16.5570","36.5680","27.0776"
"C:\Users\cfg364\Sommerlab Dropbox\Casper van der Luijt\Casper\Data\BioLog\OmniLog\CL3\DATA_2024\08\_RIB40_Aspergillus oryzae__2_30_CL3_769_8#19#2024_A_ 8B_6.OKA","8/19/2024 7:16:29 PM"," 8-B","PM02A","","RIB40","Aspergillus oryzae","",56.7500,"41.0386","36.6518","83.4509","118.1873","121.2350","115.8714","50.2338","96.4296","28.7456","66.3555","35.5167","105.7386","37.7788","30.4477","36.8576","95.4623","131.8180","89.5593","33.9015","141.3775","125.5358","72.8799","29.2270","45.6656","122.8054","24.2014","26.5244","24.4414","55.4493","38.1546","19.4668","30.6528","23.9734","25.3877","24.3838","154.7162","141.3565","78.5651","18.2571","76.3624","72.9226","44.0115","116.5065","36.2033","16.9220","60.4480","33.3889","37.5748","23.6684","74.9369","19.8341","13.3650","73.3435","30.4563","103.5019","22.4686","51.2177","28.0417","22.7347","110.1297","36.5375","21.0316","19.8394","20.8549","74.3121","88.3072","35.4797","32.8273","150.2023","26.1376","24.3767","58.4551","26.9795","32.3638","23.4352","53.0915","41.1095","26.4041","61.5104","23.6075","47.8293","34.4340","35.3808","40.5079","108.3990","31.1562","89.4202","37.2794","16.7789","14.3110","20.9461","51.7301","168.9931","17.9171","36.9382","24.2270"
"C:\Users\cfg364\Sommerlab Dropbox\Casper van der Luijt\Casper\Data\BioLog\OmniLog\CL3\DATA_2024\08\_RIB40_Aspergillus oryzae__2_30_CL3_769_8#19#2024_A_ 8B_6.OKA","8/19/2024 7:16:29 PM"," 8-B","PM02A","","RIB40","Aspergillus oryzae","",57.0000,"37.9382","34.9687","88.6594","118.4470","118.4854","118.1076","44.1736","97.3636","30.4058","66.3564","36.6689","100.9784","35.9140","32.4341","40.5201","102.1576","133.8957","92.0222","35.6624","141.1080","126.4746","66.7637","31.5097","46.4303","123.8639","28.5580","24.5041","22.9782","50.7088","37.8700","22.1383","27.6421","22.2138","21.9008","26.7038","155.6224","142.3000","81.6168","19.5655","80.0553","71.6644","36.9999","120.5276","34.4076","20.9732","63.0044","29.2106","33.3684","24.1349","74.6937","15.8750","18.0007","78.1153","27.0573","102.4174","19.9504","50.6024","25.4741","25.4706","106.3159","39.5082","19.4801","22.7867","23.0515","72.9004","87.0662","36.6419","36.7643","147.5094","30.6497","23.3496","56.4416","28.8089","29.4977","23.5073","54.0864","37.9602","27.9582","61.5174","23.0877","48.2483","30.4554","33.4477","37.6090","110.6373","31.2788","88.9530","40.9711","15.1673","13.1864","23.0182","47.3636","163.6956","22.6565","38.2994","28.0570"
"C:\Users\cfg364\Sommerlab Dropbox\Casper van der Luijt\Casper\Data\BioLog\OmniLog\CL3\DATA_2024\08\_RIB40_Aspergillus oryzae__2_30_CL3_769_8#19#2024_A_ 8B_6.OKA","8/19/2024 7:16:29 PM"," 8-B","PM02A","","RIB40","Aspergillus oryzae","",57.2500,"38.1124","41.4866","86.1322","119.6153","120.3599","114.5397","50.8703","92.1801","32.4984","65.4958","37.2378","104.6251","35.6671","30.0367","34.4227","100.4670","130.2813","97.4192","33.1714","139.5239","123.4569","67.6359","37.3804","42.8038","122.1148","30.4442","24.7680","25.0336","55.3416","37.5922","22.5475","31.0611","25.7246","20.4824","22.3862","160.5790","141.1927","70.6049","20.2720","79.9958","74.8197","40.3211","118.6400","35.0331","19.7241","61.7187","33.1449","41.1984","23.6702","77.2847","15.9669","18.1231","74.8317","28.4242","104.7233","21.5899","54.1643","29.5306","26.5877","111.9473","40.8862","23.0681","28.3937","20.7255","73.9665","87.1199","34.8250","36.6180","151.2210","27.5713","25.8282","59.1736","29.0604","32.3122","25.3474","51.9627","43.4818","25.3255","59.0269","21.8820","52.5471","31.7999","36.9357","39.5753","113.9140","35.7833","91.8427","38.8917","12.3754","11.0000","21.4818","48.7049","166.3313","18.5369","37.3527","29.3945"
"C:\Users\cfg364\Sommerlab Dropbox\Casper van der Luijt\Casper\Data\BioLog\OmniLog\CL3\DATA_2024\08\_RIB40_Aspergillus oryzae__2_30_CL3_769_8#19#2024_A_ 8B_6.OKA","8/19/2024 7:16:29 PM"," 8-B","PM02A","","RIB40","Aspergillus oryzae","",57.5000,"40.6938","38.5154","86.9496","123.0077","122.1257","116.9843","51.4824","100.0598","28.6444","65.5043","34.7278","99.0802","37.1304","33.5620","37.9744","96.9716","133.1010","95.9684","33.3922","141.6789","128.2739","69.6026","32.5477","44.4188","127.7881","34.1718","22.6131","28.1319","57.0316","43.2070","19.3736","29.2720","24.2722","27.7257","28.0845","159.5360","144.8702","74.2470","20.3323","79.6943","71.1925","41.0637","116.8050","34.4995","22.1080","62.0458","31.5825","33.6444","22.9865","80.2723","21.1874","16.1228","76.3601","27.8084","107.2258","23.4729","49.3173","24.4431","23.6895","110.9981","39.5880","22.3768","23.3960","15.0719","72.0826","87.6016","38.8497","38.2396","151.2573","33.6751","27.2944","56.3856","29.3877","36.1953","21.0040","54.7418","41.2955","26.6381","61.7633","25.9437","46.9773","30.5726","33.1354","34.5401","113.6722","33.3801","89.9232","38.8098","16.6443","14.8073","20.3003","52.5693","164.0384","20.3368","41.6280","27.0407"
"C:\Users\cfg364\Sommerlab Dropbox\Casper van der Luijt\Casper\Data\BioLog\OmniLog\CL3\DATA_2024\08\_RIB40_Aspergillus oryzae__2_30_CL3_769_8#19#2024_A_ 8B_6.OKA","8/19/2024 7:16:29 PM"," 8-B","PM02A","","RIB40","Aspergillus oryzae","",57.7500,"42.0604","34.2424","87.5979","119.8614","124.5518","117.9827","52.0691","96.9673","26.6431","66.6747","32.2950","101.8982","37.1927","28.7343","36.0775","96.6839","131.0125","97.9268","33.8123","139.8857","127.2015","71.9952","32.8767","40.2580","124.0911","33.0100","21.0309","30.7257","56.3482","39.3901","21.7798","27.7974","24.1119","26.8926","27.2206","157.8900","144.3315","76.4426","20.7107","79.1810","68.1431","41.5928","118.3942","35.5517","18.0833","56.5778","28.8010","36.5282","23.0782","80.5600","22.2061","15.6513","79.7078","26.7755","107.8266","22.7430","50.4659","22.8365","21.8023","107.1899","39.4648","22.5046","23.1806","19.0816","74.1516","89.3368","36.8627","36.8854","149.8268","33.8018","25.2456","56.4483","27.6102","34.4882","22.1571","54.9272","42.7975","26.9885","61.1620","26.2898","47.4899","31.9478","36.4397","36.6914","116.0420","31.4808","89.6113","38.3443","18.9907","12.5810","20.0473","50.7140","164.8065","16.2661","33.5328","27.0096"
"C:\Users\cfg364\Sommerlab Dropbox\Casper van der Luijt\Casper\Data\BioLog\OmniLog\CL3\DATA_2024\08\_RIB40_Aspergillus oryzae__2_30_CL3_769_8#19#2024_A_ 8B_6.OKA","8/19/2024 7:16:29 PM"," 8-B","PM02A","","RIB40","Aspergillus oryzae","",58.0000,"38.3021","39.0334","86.3337","119.2636","120.5819","116.3402","50.0808","100.2243","26.5764","68.2463","35.6275","100.7186","38.9679","27.0923","39.0354","101.7016","132.8828","101.4013","36.0741","142.8201","128.1439","70.8809","33.3373","44.6500","125.9554","31.3964","24.0370","24.2893","60.5725","40.4942","20.5286","28.0218","26.0675","24.1371","28.1165","157.4291","143.3173","78.3761","20.6476","82.5178","72.3995","43.1800","119.8244","35.5517","22.3333","58.2149","31.5825","35.2174","22.9253","77.1076","21.4961","17.1284","79.8035","30.1247","106.5618","22.6160","51.2954","24.5415","24.1125","108.1102","38.0785","22.0572","22.6270","20.6047","75.1383","88.6743","37.8720","36.4131","149.5089","33.7701","26.2060","56.2288","28.4989","36.9856","22.0325","55.9157","43.1490","27.2433","64.2951","25.0628","49.9247","27.7262","35.5094","41.5554","112.9643","32.1772","90.3599","38.4374","17.7541","13.0650","18.5288","54.2043","165.5425","16.2661","35.1901","26.4201"
"C:\Users\cfg364\Sommerlab Dropbox\Casper van der Luijt\Casper\Data\BioLog\OmniLog\CL3\DATA_2024\08\_RIB40_Aspergillus oryzae__2_30_CL3_769_8#19#2024_A_ 8B_6.OKA","8/19/2024 7:16:29 PM"," 8-B","PM02A","","RIB40","Aspergillus oryzae","",58.2500,"41.8430","40.2311","88.8621","121.4031","119.8887","118.0471","50.5372","97.0331","29.1447","66.7750","35.0610","98.8508","39.9022","32.4454","36.5919","100.5830","131.2618","98.6217","33.1337","143.7656","128.9563","75.1417","32.8767","44.3528","126.4610","31.5900","21.7903","27.6196","55.8513","40.9673","21.5552","28.5988","22.7014","26.0596","24.6292","161.1491","147.2155","76.2460","20.8053","82.5178","75.1629","39.7255","121.0004","35.8387","17.4394","56.3159","32.2369","34.7586","24.4236","79.1534","20.8170","17.2542","81.7164","27.0572","106.0874","21.8860","52.8906","25.9842","21.8999","105.6349","37.3700","21.0026","23.4882","18.1180","72.8784","87.0653","40.8052","38.0506","150.0493","31.9333","25.4697","58.5185","28.2231","36.0372","18.6978","54.7727","43.3088","27.2433","64.2951","25.7235","51.7188","28.6857","32.3655","37.7203","115.3649","35.7542","90.7967","38.5926","15.6930","14.0007","19.5095","52.3806","166.4706","15.2645","33.1822","25.6445"
"C:\Users\cfg364\Sommerlab Dropbox\Casper van der Luijt\Casper\Data\BioLog\OmniLog\CL3\DATA_2024\08\_RIB40_Aspergillus oryzae__2_30_CL3_769_8#19#2024_A_ 8B_6.OKA","8/19/2024 7:16:29 PM"," 8-B","PM02A","","RIB40","Aspergillus oryzae","",58.5000,"37.5605","43.4346","87.9866","122.5519","120.5753","117.9941","52.8563","93.9821","33.9614","71.4577","38.5849","96.0328","38.8607","27.2926","35.0390","101.7635","129.0573","100.5037","36.7595","146.9625","128.5705","67.7921","36.1701","44.5719","128.8672","29.0192","23.4350","24.9699","53.5000","38.4898","22.7870","28.5794","24.0464","26.0363","24.3757","159.8010","149.5307","75.6086","20.4451","81.9892","73.5728","36.6444","118.9128","34.7885","19.0347","65.8429","29.3980","38.7580","22.0199","80.0885","19.7084","13.3706","79.1098","30.7798","107.0988","20.4247","53.1498","25.1992","24.1923","103.1280","38.0505","24.0154","23.5823","20.3011","74.8736","89.1682","35.7346","33.8508","151.0026","34.2152","22.2630","58.4305","35.9484","33.7747","21.7969","54.0618","45.3402","26.2254","62.7411","23.5093","49.0378","28.5599","31.3087","37.5470","117.9453","31.0345","95.0348","43.5174","12.6941","12.6136","19.8251","47.8726","165.5659","13.7163","38.2898","28.3841"
"C:\Users\cfg364\Sommerlab Dropbox\Casper van der Luijt\Casper\Data\BioLog\OmniLog\CL3\DATA_2024\08\_RIB40_Aspergillus oryzae__2_30_CL3_769_8#19#2024_A_ 8B_6.OKA","8/19/2024 7:16:29 PM"," 8-B","PM02A","","RIB40","Aspergillus oryzae","",58.7500,"41.0445","33.4728","87.9125","125.4532","120.5683","117.6604","51.8960","93.8009","30.5589","70.3179","40.3925","98.9640","38.9601","30.9547","38.2494","103.3844","131.2055","94.6986","32.4951","149.0606","122.7471","69.5550","35.3253","46.6719","126.3344","24.5175","24.1181","25.4521","53.2452","39.8731","19.0613","31.2867","25.8374","21.9669","28.1592","164.7513","146.6842","73.6489","19.7152","83.2513","77.8229","35.8221","116.9799","34.7171","15.0116","63.7477","30.2577","34.4388","22.9090","74.2149","19.6342","16.3451","79.9647","28.1026","110.2130","26.5050","55.6982","29.6931","20.7896","108.2854","39.9543","22.1228","23.8797","17.6897","74.1150","95.0621","37.3118","37.5153","146.2128","33.1849","20.5277","57.7741","29.2915","31.3885","25.3449","56.6890","43.9609","28.0367","65.0048","24.8412","51.9847","33.2608","35.6442","34.8452","118.1894","32.4627","96.5305","40.1867","17.6248","16.1389","21.2394","48.8173","165.5949","18.1609","39.7119","26.4275"
"C:\Users\cfg364\Sommerlab Dropbox\Casper van der Luijt\Casper\Data\BioLog\OmniLog\CL3\DATA_2024\08\_RIB40_Aspergillus oryzae__2_30_CL3_769_8#19#2024_A_ 8B_6.OKA","8/19/2024 7:16:29 PM"," 8-B","PM02A","","RIB40","Aspergillus oryzae","",59.0000,"39.3685","35.3266","86.9706","124.7637","121.1372","120.0420","51.7008","95.2670","31.1546","66.4013","37.2150","103.8380","38.3381","30.3630","37.3175","103.2888","132.7310","95.5279","35.7746","146.3561","126.2587","73.8267","32.6225","45.4203","128.3991","28.2487","20.5838","26.7074","53.5598","41.0115","18.7722","28.9263","27.3339","23.3862","30.1648","163.8319","142.9425","71.0193","21.4457","81.3177","74.1405","37.6806","118.5052","34.3992","19.0231","64.2346","34.7717","37.2463","22.3289","79.1792","18.8577","16.8796","80.9868","29.7909","111.0334","28.4588","56.2406","28.4252","20.2349","110.6528","37.8402","21.9630","23.3879","18.3743","72.7680","95.3139","35.6377","38.8064","147.5866","31.4735","22.3363","58.0555","25.9155","34.7068","25.8396","56.0715","44.4734","31.3301","61.4697","25.9472","50.0026","32.8137","34.6200","38.7466","118.5899","34.8439","93.4413","38.9500","19.2730","17.5753","17.9527","52.9099","165.8829","22.4318","40.1561","25.5601"
"C:\Users\cfg364\Sommerlab Dropbox\Casper van der Luijt\Casper\Data\BioLog\OmniLog\CL3\DATA_2024\08\_RIB40_Aspergillus oryzae__2_30_CL3_769_8#19#2024_A_ 8B_6.OKA","8/19/2024 7:16:29 PM"," 8-B","PM02A","","RIB40","Aspergillus oryzae","",59.2500,"42.9099","36.5142","92.1328","123.8862","123.9335","120.6972","53.4284","97.8283","39.0530","67.4610","37.5894","93.1335","35.5798","32.1696","37.2628","102.5006","132.9237","96.6661","33.9993","151.0583","130.2931","71.9577","35.3205","45.4737","132.2614","24.3415","26.4506","28.7776","52.4328","39.3672","24.8201","31.2701","21.4273","26.4938","23.9286","164.9898","148.7867","76.6435","19.8132","85.3462","77.9508","38.9717","122.0151","37.7523","22.1520","61.9506","34.5460","38.0324","25.5919","77.5298","16.8326","17.8639","80.6601","30.2510","106.1198","25.8756","54.4569","28.7138","25.4923","109.9613","42.9982","18.2861","22.4057","21.0506","77.9828","89.5213","40.1342","37.5467","151.6690","32.6808","27.8872","62.0600","28.6842","34.1836","24.1469","58.4380","44.6416","25.6265","67.7026","29.3442","54.2053","30.3312","33.3246","36.3180","115.7329","32.8186","97.8403","42.5799","19.8628","16.1093","22.2033","51.6654","165.4814","16.4173","36.0635","28.2518"
"C:\Users\cfg364\Sommerlab Dropbox\Casper van der Luijt\Casper\Data\BioLog\OmniLog\CL3\DATA_2024\08\_RIB40_Aspergillus oryzae__2_30_CL3_769_8#19#2024_A_ 8B_6.OKA","8/19/2024 7:16:29 PM"," 8-B","PM02A","","RIB40","Aspergillus oryzae","",59.5000,"41.1142","38.8990","93.3840","126.9205","121.4502","119.7869","48.9897","96.6213","32.3993","70.1284","37.7670","99.3045","37.5274","34.0889","35.8699","105.6249","133.3778","98.9376","34.1466","152.3098","129.6966","75.1961","33.2664","45.5255","130.9212","27.6724","29.4714","25.9943","55.8126","40.0715","25.9335","27.1230","31.2124","23.9751","26.1304","166.4146","148.5719","75.2522","22.1950","88.9353","75.4747","40.8828","123.7098","36.8579","20.3910","60.7718","31.6333","37.9659","22.5213","78.5456","22.2958","13.0916","80.1853","29.1098","108.8084","19.2018","56.7844","25.2287","24.4720","110.4187","36.2704","24.3030","21.2069","18.5436","72.5618","89.0785","37.0882","42.1861","150.2395","30.5083","19.2361","61.3285","29.4716","34.4817","22.0305","57.7158","46.8461","28.1001","66.2598","24.8088","48.5829","30.8625","35.1379","39.2275","119.9815","33.9807","98.5046","42.6266","19.3128","15.0893","22.9877","52.8172","166.4808","17.9920","37.7469","26.9142"
"C:\Users\cfg364\Sommerlab Dropbox\Casper van der Luijt\Casper\Data\BioLog\OmniLog\CL3\DATA_2024\08\_RIB40_Aspergillus oryzae__2_30_CL3_769_8#19#2024_A_ 8B_6.OKA","8/19/2024 7:16:29 PM"," 8-B","PM02A","","RIB40","Aspergillus oryzae","",59.7500,"42.8765","34.9319","88.8939","123.5268","120.3470","116.6299","51.1859","96.7204","30.4418","73.0533","39.3532","100.5805","35.9688","33.8597","41.8631","106.1345","133.2842","101.2851","33.6624","153.3804","126.0339","72.5063","34.7771","45.1294","130.1630","27.9649","22.8117","25.0269","58.6916","41.4317","21.1992","27.5718","28.7017","22.3372","24.2029","164.2057","147.4292","74.4289","20.6855","87.0173","75.6332","37.9071","123.7415","37.4630","21.7372","62.2060","32.6096","37.0813","20.4683","78.9640","19.7272","12.7113","81.3693","26.8814","108.8401","21.7132","57.8018","28.1332","21.8100","106.9554","38.4303","25.4433","24.6194","17.4214","75.6240","93.9506","38.5428","38.9955","149.0630","27.7625","20.9870","60.9853","29.4716","33.0141","24.8269","58.9168","47.1323","30.4117","66.0380","25.3789","50.2155","34.8861","35.3934","33.7812","118.0425","34.0124","96.8847","46.7304","17.0284","11.0000","22.7681","54.1073","166.5447","15.6399","37.2710","26.8832"
"C:\Users\cfg364\Sommerlab Dropbox\Casper van der Luijt\Casper\Data\BioLog\OmniLog\CL3\DATA_2024\08\_RIB40_Aspergillus oryzae__2_30_CL3_769_8#19#2024_A_ 8B_6.OKA","8/19/2024 7:16:29 PM"," 8-B","PM02A","","RIB40","Aspergillus oryzae","",60.0000,"41.3925","36.2542","92.1801","123.7153","122.6165","116.1467","50.9236","99.8928","35.1862","75.4795","37.3704","100.8749","37.8080","31.5017","39.2671","105.4020","136.0918","98.4935","31.8545","152.6018","127.2008","73.7200","34.1860","45.3934","131.4899","28.9074","25.1991","23.2534","54.2166","40.5776","23.5505","30.0720","26.6042","24.2963","25.4879","163.6782","152.2858","75.2852","23.5786","85.1313","78.0752","39.2853","123.9000","35.9663","24.4295","64.1617","30.6569","36.6225","21.5407","80.4442","18.3345","11.4437","80.0253","26.5361","110.3317","20.0919","56.9434","26.3382","23.1085","108.9889","39.3868","23.5429","23.9123","20.4451","75.3050","91.9389","37.2779","44.7197","151.1616","28.3052","21.8949","58.9260","28.8315","32.7589","23.1180","58.6397","44.3651","30.4117","67.4639","25.4422","49.7353","34.0878","37.3729","35.9597","121.4588","35.2803","96.0748","44.2619","18.3292","12.5778","21.6697","54.0758","165.0429","18.8942","37.3662","26.4489"
"C:\Users\cfg364\Sommerlab Dropbox\Casper van der Luijt\Casper\Data\BioLog\OmniLog\CL3\DATA_2024\08\_RIB40_Aspergillus oryzae__2_30_CL3_769_8#19#2024_A_ 8B_6.OKA","8/19/2024 7:16:29 PM"," 8-B","PM02A","","RIB40","Aspergillus oryzae","",60.2500,"38.7988","37.1698","94.1029","127.7503","121.3908","120.2682","47.6186","95.9599","31.6671","76.7908","38.6288","97.4563","38.2779","32.2204","41.6919","105.5797","131.5810","97.6181","37.1494","150.8800","126.4700","72.5244","34.2058","44.6666","132.9984","25.3665","24.0634","24.3851","53.0058","43.6487","23.6562","27.8859","23.3740","23.7904","24.0423","164.4575","154.0282","78.0675","21.3651","85.9058","76.5825","42.0777","124.6384","38.8382","19.5806","62.1256","30.3849","38.5855","21.5063","83.0925","18.9625","14.1488","82.1168","30.8481","111.4175","22.6351","62.9399","23.3397","26.6034","108.7503","37.9787","21.4028","20.7019","16.5082","75.8025","88.4456","40.5992","39.3565","148.6239","33.6247","24.0289","60.4462","31.9417","32.1990","22.8254","58.0156","45.8876","28.6488","67.4948","26.7806","47.4959","35.0645","35.1503","35.5468","123.4846","31.8844","99.7920","46.2983","15.1833","11.0000","19.1700","52.4541","165.8166","16.7694","35.0548","25.1812"
"C:\Users\cfg364\Sommerlab Dropbox\Casper van der Luijt\Casper\Data\BioLog\OmniLog\CL3\DATA_2024\08\_RIB40_Aspergillus oryzae__2_30_CL3_769_8#19#2024_A_ 8B_6.OKA","8/19/2024 7:16:29 PM"," 8-B","PM02A","","RIB40","Aspergillus oryzae","",60.5000,"39.9220","38.0119","91.3512","126.4555","122.5966","118.8801","46.8283","91.4848","32.8594","76.7908","36.1442","99.0708","38.5578","30.8408","40.5362","105.0351","130.7334","101.7111","36.3111","151.7951","127.3512","75.9988","31.5981","46.9155","132.6474","28.6893","29.2134","25.3849","56.2587","42.6717","21.4302","29.6803","23.8536","24.3033","27.9936","164.2247","151.2101","76.7633","20.6113","83.1197","82.1403","38.7569","121.5241","36.1083","17.0000","65.3312","30.0912","36.6291","22.0883","81.7480","17.6873","14.8101","83.5610","30.7231","110.5263","20.6324","63.0667","27.0938","28.6345","108.1483","38.7804","22.6588","23.1738","18.0330","76.9790","89.5546","40.3787","40.2091","150.0921","33.9429","20.8441","64.0116","30.6901","33.3147","20.9894","59.9061","41.6228","28.9980","64.1210","24.5352","46.8177","32.3764","33.5168","34.2056","124.3477","32.7745","99.5430","43.0557","16.2051","11.0000","16.6586","51.5034","162.6735","16.3181","34.8003","25.4922"
"C:\Users\cfg364\Sommerlab Dropbox\Casper van der Luijt\Casper\Data\BioLog\OmniLog\CL3\DATA_2024\08\_RIB40_Aspergillus oryzae__2_30_CL3_769_8#19#2024_A_ 8B_6.OKA","8/19/2024 7:16:29 PM"," 8-B","PM02A","","RIB40","Aspergillus oryzae","",60.7500,"39.0172","33.1536","95.7863","122.6659","122.4062","119.7194","46.7624","95.1918","31.4684","74.2668","38.5957","95.3806","41.4816","30.9065","40.0546","105.7399","135.7562","100.8862","36.5690","153.0371","128.6893","73.3438","31.0039","42.3186","131.4986","28.2658","27.6747","24.9656","56.4151","42.0730","21.4302","29.3919","25.2924","24.3353","26.8050","164.4575","152.7300","81.4584","20.8939","87.0907","79.5996","43.5501","125.8460","36.8066","17.0645","61.8966","33.8442","40.3463","20.3730","80.0513","18.1227","12.5114","82.4377","31.3795","109.2214","20.4416","63.5423","24.6781","27.7640","106.8809","39.4587","17.4091","21.1036","18.1264","78.3463","87.6851","40.9141","36.4829","146.1025","30.2516","22.7421","62.4166","29.4690","34.4942","22.7010","57.5507","42.3924","28.5853","69.0862","24.3771","50.0797","32.9524","35.0542","34.3928","121.5734","29.2461","101.8157","42.8704","14.8959","11.0000","19.6787","51.9787","166.0091","15.0934","37.3139","24.4659"
"C:\Users\cfg364\Sommerlab Dropbox\Casper van der Luijt\Casper\Data\BioLog\OmniLog\CL3\DATA_2024\08\_RIB40_Aspergillus oryzae__2_30_CL3_769_8#19#2024_A_ 8B_6.OKA","8/19/2024 7:16:29 PM"," 8-B","PM02A","","RIB40","Aspergillus oryzae","",61.0000,"41.7259","38.1907","92.2763","127.8569","121.7701","116.6295","51.6695","96.6633","32.1405","71.0969","38.7333","100.9597","36.5901","25.6734","38.9682","104.7439","132.9070","99.5962","31.8904","154.0844","129.8294","74.8743","31.8049","47.4173","132.5824","28.2561","24.6046","25.5396","56.1009","41.8108","22.9319","29.6005","27.9348","24.0522","28.5950","162.7786","151.3063","75.4746","18.0227","87.7713","77.6691","41.1965","125.3548","35.0898","17.0552","66.6060","27.5890","35.6282","23.3197","77.8640","18.2466","17.5712","85.7256","29.6761","115.2029","19.5306","59.0172","28.2500","26.3932","108.3905","41.4096","19.5995","21.0581","18.9358","73.8681","94.6329","36.4721","37.0043","149.3810","25.9219","25.6078","62.6297","30.2708","35.3881","21.7211","61.7809","43.1955","25.5780","65.0394","26.9951","54.1998","30.6988","35.6127","37.1841","124.0244","35.1908","98.0177","41.0408","15.0636","12.7414","22.4413","51.2495","163.7389","16.6799","38.8910","24.0444"
"C:\Users\cfg364\Sommerlab Dropbox\Casper van der Luijt\Casper\Data\BioLog\OmniLog\CL3\DATA_2024\08\_RIB40_Aspergillus oryzae__2_30_CL3_769_8#19#2024_A_ 8B_6.OKA","8/19/2024 7:16:29 PM"," 8-B","PM02A","","RIB40","Aspergillus oryzae","",61.2500,"43.4569","37.1598","91.0394","127.6679","122.6280","122.7539","51.1456","96.0332","28.6890","72.7049","35.2126","100.9926","36.9006","29.4495","37.3571","107.8804","132.4688","97.3286","32.5738","155.7727","128.9891","73.0746","35.6296","44.0526","136.0988","29.4910","21.5040","23.8309","56.8208","40.8944","20.4819","29.1211","23.0461","22.3162","28.2751","163.8372","154.8179","75.1131","17.4217","88.4447","78.4914","40.1661","128.3365","35.5063","14.5619","65.8251","31.4827","37.1347","22.3184","80.3963","19.2419","17.8215","83.2976","27.5103","110.3342","16.9523","60.3210","27.9570","27.5180","106.8028","39.1763","17.0325","20.9347","21.0748","69.0346","93.5934","40.7544","37.6355","149.0301","29.1309","26.4708","61.5990","26.9874","33.2950","25.7182","58.2222","39.2881","28.5512","72.5458","28.3437","53.1773","27.2659","34.7496","36.8096","122.7266","33.0406","99.5482","39.9259","17.4447","11.0000","20.0774","49.2179","167.0349","18.0598","43.0417","24.6035"
"C:\Users\cfg364\Sommerlab Dropbox\Casper van der Luijt\Casper\Data\BioLog\OmniLog\CL3\DATA_2024\08\_RIB40_Aspergillus oryzae__2_30_CL3_769_8#19#2024_A_ 8B_6.OKA","8/19/2024 7:16:29 PM"," 8-B","PM02A","","RIB40","Aspergillus oryzae","",61.5000,"40.2421","36.5799","91.2347","127.4159","121.3252","120.7554","51.0801","97.1608","27.0296","69.5895","33.6184","105.0157","38.9193","30.9400","36.4227","108.5525","133.1574","100.4266","35.3396","154.1494","129.4739","73.6309","32.8270","49.1985","137.4609","27.2812","22.8961","22.9605","56.7895","39.1564","21.3410","30.8150","20.3301","21.9626","28.7550","168.9980","152.9514","77.2820","16.7890","85.0776","81.2430","39.2292","124.2445","33.0076","18.3505","68.3630","29.5522","34.0234","23.2287","83.6016","20.5481","17.0392","84.4158","28.5775","117.6057","17.6526","62.1336","28.1849","25.7505","107.6602","39.6964","18.8294","19.6388","20.7028","73.0038","93.0264","37.6140","37.4146","149.8276","29.9331","25.8315","59.2564","29.9946","34.6270","24.3548","63.2044","43.9705","27.2404","70.5738","27.4342","51.4838","31.6934","31.9687","37.9955","122.7575","35.0011","101.8907","43.8591","17.5399","12.3867","22.6935","54.6776","163.6429","15.3963","42.5385","22.5847"
"C:\Users\cfg364\Sommerlab Dropbox\Casper van der Luijt\Casper\Data\BioLog\OmniLog\CL3\DATA_2024\08\_RIB40_Aspergillus oryzae__2_30_CL3_769_8#19#2024_A_ 8B_6.OKA","8/19/2024 7:16:29 PM"," 8-B","PM02A","","RIB40","Aspergillus oryzae","",61.7500,"43.6733","38.7384","92.2112","126.0930","123.8673","121.8513","49.1154","97.0944","31.3440","72.6044","36.4415","106.1369","40.0683","26.8659","38.5493","107.7844","135.8490","102.2471","32.5087","155.6429","127.2763","74.8743","33.5194","46.5926","134.5148","32.0258","22.5164","22.5736","56.8834","40.1360","23.5365","28.9294","25.1230","23.8272","26.2597","168.7664","155.8619","76.9862","17.5798","92.5174","84.6903","40.6345","127.8290","34.2249","19.0305","67.0289","30.0103","35.6282","25.8990","82.7041","20.3615","18.8541","87.1633","28.7031","111.8517","20.1672","63.3737","27.1434","27.8393","109.8512","40.1859","19.4390","21.7985","19.4628","76.5250","93.3414","37.8044","38.3613","148.9663","27.4622","26.5347","62.8795","28.0000","34.5635","24.2929","59.0268","44.7132","27.0166","72.6730","28.0301","55.8932","33.1050","33.3432","36.2166","123.9317","35.8233","101.2348","43.6423","15.1906","11.0000","24.2064","52.2335","166.7789","18.9583","42.2870","24.3550"
"C:\Users\cfg364\Sommerlab Dropbox\Casper van der Luijt\Casper\Data\BioLog\OmniLog\CL3\DATA_2024\08\_RIB40_Aspergillus oryzae__2_30_CL3_769_8#19#2024_A_ 8B_6.OKA","8/19/2024 7:16:29 PM"," 8-B","PM02A","","RIB40","Aspergillus oryzae","",62.0000,"41.6231","34.2120","95.3826","128.9945","126.5211","122.3095","49.5531","98.0047","27.4626","77.2972","32.6096","105.9864","36.5156","31.7381","41.1288","108.6923","132.6646","104.4528","38.5131","157.1272","126.2759","76.5385","31.1563","47.6476","138.3573","26.5607","21.1599","24.5274","59.3928","45.3082","21.2686","27.6119","23.2043","24.0319","22.0070","166.8949","156.2785","79.5621","22.3367","88.4104","84.9888","42.4001","127.8092","39.7051","24.0498","67.8877","29.0459","40.9596","20.8937","83.7876","16.5880","17.7435","81.6686","26.3611","110.1180","21.1800","62.1112","25.1252","25.7388","104.6056","36.2800","19.0958","24.4142","18.1259","74.5517","92.8134","41.1766","39.5415","149.4853","31.7130","21.7370","59.7906","32.5120","35.1860","26.9805","61.2217","46.4301","30.0587","69.3789","23.4833","54.9270","33.2101","36.0263","34.3052","128.2276","30.6971","104.0952","41.1651","18.5384","11.0000","22.3539","54.4984","165.6999","14.0832","36.4930","23.8788"
"C:\Users\cfg364\Sommerlab Dropbox\Casper van der Luijt\Casper\Data\BioLog\OmniLog\CL3\DATA_2024\08\_RIB40_Aspergillus oryzae__2_30_CL3_769_8#19#2024_A_ 8B_6.OKA","8/19/2024 7:16:29 PM"," 8-B","PM02A","","RIB40","Aspergillus oryzae","",62.2500,"45.3907","35.9943","98.2690","132.0513","125.7506","121.2727","50.6868","99.4424","32.6316","73.1102","37.5542","104.9655","34.4965","29.9501","38.3371","111.4493","134.1861","104.5025","36.5561","160.1035","127.7146","69.1363","31.7067","45.9148","136.8682","29.4555","25.6855","23.9189","58.8367","39.9217","22.8514","26.9086","24.4626","23.0998","27.4709","171.2970","152.9011","80.3390","21.9990","87.1516","82.0610","36.5781","126.0821","34.7954","19.2527","67.3324","33.4786","38.8877","21.0855","83.1825","16.1186","13.8031","87.1829","28.5923","112.4835","21.5487","64.2807","22.7625","19.6482","107.3032","39.0156","18.5750","21.9149","18.1166","68.8113","95.3051","36.3987","39.7744","150.3066","33.5652","22.8566","59.6995","30.1831","36.5687","24.1872","58.0085","42.0536","26.1352","68.3981","22.8697","54.5130","29.5395","33.4797","34.7517","128.9340","32.5335","102.8173","42.6473","15.5369","11.0000","22.2810","56.5448","163.7143","15.6756","36.2213","25.4036"
"C:\Users\cfg364\Sommerlab Dropbox\Casper van der Luijt\Casper\Data\BioLog\OmniLog\CL3\DATA_2024\08\_RIB40_Aspergillus oryzae__2_30_CL3_769_8#19#2024_A_ 8B_6.OKA","8/19/2024 7:16:29 PM"," 8-B","PM02A","","RIB40","Aspergillus oryzae","",62.5000,"42.7728","35.8589","97.4445","129.2776","129.1832","122.1414","46.8734","93.2473","33.7655","78.0983","34.3805","108.6970","38.6951","29.8619","38.2502","107.1523","135.0726","106.8054","39.3055","158.5902","127.2809","71.7567","32.1954","43.9670","140.0802","31.0744","24.6071","24.3851","58.1736","43.9987","20.0201","25.9845","25.5061","23.1825","24.2441","168.8130","157.3259","78.7173","16.9819","90.9280","86.5317","39.5452","131.4482","33.9318","21.9833","67.7945","32.3054","38.7943","22.1994","80.4324","17.0323","12.9591","87.3859","32.4328","113.5208","22.9492","63.2630","30.6901","23.2577","109.1645","40.0999","19.0937","24.3043","19.0929","73.4878","91.1857","38.2743","37.0631","151.0361","28.8402","21.7729","61.2994","28.2730","37.1958","23.2761","61.7011","47.8762","29.2029","68.2330","20.6844","57.5479","33.7216","34.6910","35.3873","126.1941","34.9290","103.5854","43.5165","18.1530","12.9519","20.7044","57.5234","166.5835","16.0273","40.2385","23.3017"
"C:\Users\cfg364\Sommerlab Dropbox\Casper van der Luijt\Casper\Data\BioLog\OmniLog\CL3\DATA_2024\08\_RIB40_Aspergillus oryzae__2_30_CL3_769_8#19#2024_A_ 8B_6.OKA","8/19/2024 7:16:29 PM"," 8-B","PM02A","","RIB40","Aspergillus oryzae","",62.7500,"45.2502","38.6462","96.5700","129.1202","126.3828","126.1706","56.0961","91.5810","33.4031","76.3028","38.5318","113.5704","36.9855","33.7655","40.3736","110.6992","137.8768","107.1852","39.0806","159.7922","130.5921","72.5813","33.0895","44.1654","138.0812","30.4258","26.1189","22.3209","57.2670","41.0275","19.7962","27.4315","21.8235","23.8270","25.5299","173.5484","163.5592","79.9550","20.9489","93.3966","87.7958","37.7199","133.4944","37.3302","19.8897","69.7126","36.3449","38.3687","24.4211","85.1665","17.4366","14.1599","87.0671","29.7459","115.7014","25.0300","63.9654","27.6910","24.3603","109.8600","39.6375","18.0941","26.1214","15.2954","77.6152","92.9254","35.3076","37.5387","146.6560","33.1884","26.1464","60.4251","29.7048","35.7687","24.2706","63.0288","48.3220","28.6301","72.3369","24.6347","58.6918","31.3568","39.6467","38.1005","127.1502","33.9174","103.1796","47.6853","18.5328","14.1998","19.3767","58.2819","167.5485","16.2207","41.9120","29.5147"
"C:\Users\cfg364\Sommerlab Dropbox\Casper van der Luijt\Casper\Data\BioLog\OmniLog\CL3\DATA_2024\08\_RIB40_Aspergillus oryzae__2_30_CL3_769_8#19#2024_A_ 8B_6.OKA","8/19/2024 7:16:29 PM"," 8-B","PM02A","","RIB40","Aspergillus oryzae","",63.0000,"43.4231","36.3775","95.9547","132.3611","129.8754","123.1407","52.4530","98.0462","33.4031","79.9270","37.5355","119.6540","40.7155","31.1412","37.6067","111.2425","133.5770","107.5650","37.6027","164.1780","130.1701","74.7582","28.9498","47.3398","142.6504","30.2961","25.2685","23.8045","60.5807","42.0074","21.2995","24.4410","25.4421","21.5710","26.4621","174.0087","161.7648","81.3556","21.6100","93.2043","88.2699","38.2234","132.9908","37.9655","18.6980","71.2406","35.7911","40.6276","22.4733","83.5885","16.8769","14.0967","90.4464","28.8711","115.7646","24.5256","69.1374","30.7879","26.3060","112.1363","39.9766","18.6100","22.8569","16.3226","73.5838","91.5969","38.1786","39.6631","148.7022","31.0463","23.0592","63.9221","31.1975","36.3712","25.1097","65.6843","50.1690","31.0487","72.1779","22.8825","58.4058","33.9453","35.4264","41.1255","129.8335","37.9319","107.1127","45.3384","19.1025","13.9758","20.1354","59.6094","166.5835","17.2519","42.1961","26.0044"
"C:\Users\cfg364\Sommerlab Dropbox\Casper van der Luijt\Casper\Data\BioLog\OmniLog\CL3\DATA_2024\08\_RIB40_Aspergillus oryzae__2_30_CL3_769_8#19#2024_A_ 8B_6.OKA","8/19/2024 7:16:29 PM"," 8-B","PM02A","","RIB40","Aspergillus oryzae","",63.2500,"42.5870","33.4929","100.2947","129.2776","129.8125","123.7209","48.0550","96.6132","31.2946","78.9960","38.7975","119.2288","37.7315","31.2725","39.8588","110.7951","135.1037","103.7986","39.6268","164.7628","130.6246","75.6818","28.3537","45.9179","140.5561","26.4044","25.1740","24.3851","57.8922","42.0074","22.3551","25.2771","21.4393","21.5388","24.5012","175.9489","163.7167","77.6424","21.6415","91.0241","88.1750","40.1432","133.2111","32.9789","18.2471","67.7945","33.9342","42.2317","23.6298","77.6307","17.8719","11.0632","89.1393","29.5584","115.5118","23.9581","67.1580","29.6795","22.8362","108.0263","37.4488","20.2868","23.5036","16.5094","76.2074","91.5336","37.1897","38.5850","144.7057","31.1742","21.0655","62.2985","31.3498","39.3524","23.1207","64.6962","48.3539","29.4257","71.8597","22.6595","53.0997","35.1597","35.5223","41.3438","130.7279","35.8141","105.8641","44.2576","21.0648","14.4238","17.4801","58.6296","165.8759","17.8642","41.7541","29.9186"
"C:\Users\cfg364\Sommerlab Dropbox\Casper van der Luijt\Casper\Data\BioLog\OmniLog\CL3\DATA_2024\08\_RIB40_Aspergillus oryzae__2_30_CL3_769_8#19#2024_A_ 8B_6.OKA","8/19/2024 7:16:29 PM"," 8-B","PM02A","","RIB40","Aspergillus oryzae","",63.5000,"42.7418","37.8684","99.3554","130.0642","133.9659","124.7201","53.9956","98.2128","33.6996","82.0882","35.9746","116.5795","37.4828","33.5359","41.6927","114.8214","136.6928","107.6600","38.0203","164.2105","126.5343","73.0431","29.9765","45.7526","142.0475","30.1339","26.2449","27.3524","58.2986","40.1741","16.3417","29.1036","23.5207","22.2156","26.6872","172.2659","159.8130","76.7955","18.5561","93.5249","85.3624","38.6011","133.9982","38.1560","18.6336","69.8427","32.9895","38.0085","23.8733","83.7173","17.7475","11.6320","88.2148","32.2766","113.7736","22.6024","67.0941","28.9623","26.1763","108.0579","39.5450","18.9002","23.5344","16.8829","74.0317","95.8039","39.4546","39.6948","147.2634","29.8313","25.3103","61.8614","28.3948","38.3375","22.8410","61.9481","47.2393","28.3437","74.4048","20.1747","53.4174","34.4886","35.2026","36.6659","131.6531","36.2250","106.2699","44.5664","17.5200","13.7518","19.4715","58.0607","165.8116","18.7665","41.4068","27.8062"
"C:\Users\cfg364\Sommerlab Dropbox\Casper van der Luijt\Casper\Data\BioLog\OmniLog\CL3\DATA_2024\08\_RIB40_Aspergillus oryzae__2_30_CL3_769_8#19#2024_A_ 8B_6.OKA","8/19/2024 7:16:29 PM"," 8-B","PM02A","","RIB40","Aspergillus oryzae","",63.7500,"43.3302","35.0487","103.4040","131.4172","130.5991","121.7546","51.2386","93.4806","31.9864","79.7608","36.8381","117.7570","37.8558","32.4206","36.1590","114.0865","138.9051","105.7293","37.9882","165.6725","127.2809","74.6923","32.8908","46.7115","143.8244","29.3556","26.4654","24.6108","57.9860","41.8809","22.1952","25.8559","23.4247","21.5710","24.0512","175.8174","160.4426","81.0625","20.2248","96.9875","88.9967","42.0001","135.9815","38.2196","20.3085","72.6385","35.3350","41.5115","20.3430","85.6495","17.2811","13.2435","89.7132","31.0893","117.5976","24.1157","69.9036","27.5280","23.6793","106.6037","36.8940","20.1578","22.8877","20.8982","76.2394","93.8111","37.6044","44.6094","148.6382","29.3837","24.1848","65.2334","30.4663","37.7667","21.5046","64.6962","50.1054","33.4354","73.3232","22.8188","58.5329","32.2196","35.9699","40.1899","131.9615","38.2797","108.0180","47.7162","18.2479","14.8398","19.6612","59.6410","166.6800","17.9931","40.2069","26.6567"
"C:\Users\cfg364\Sommerlab Dropbox\Casper van der Luijt\Casper\Data\BioLog\OmniLog\CL3\DATA_2024\08\_RIB40_Aspergillus oryzae__2_30_CL3_769_8#19#2024_A_ 8B_6.OKA","8/19/2024 7:16:29 PM"," 8-B","PM02A","","RIB40","Aspergillus oryzae","",64.0000,"40.6439","40.0447","101.0956","130.3651","129.0045","124.8387","52.2287","97.0458","27.6354","79.6724","38.0216","121.0672","36.6197","32.0844","41.9329","117.1784","136.1815","110.0304","36.4614","166.8624","127.1662","75.8650","34.9034","51.3489","147.5083","26.1062","25.3683","23.6707","60.8807","42.9322","25.0072","27.5288","25.1496","22.1088","25.0318","176.6330","157.1265","81.9968","18.3298","95.8463","83.8917","38.8621","129.6837","34.5828","15.9219","69.3250","33.4627","41.7150","23.5903","84.1262","17.7228","14.1215","88.9401","31.2217","113.8395","20.4402","71.5328","25.6191","23.6783","110.6683","37.0393","18.3765","23.9234","19.7341","75.1654","93.7066","41.1984","42.1414","147.5833","29.5700","24.1032","63.3270","33.1726","30.2512","21.3538","62.2145","47.9453","29.6943","76.8218","24.6455","55.9963","34.7621","35.6391","42.5576","134.1782","36.2460","110.3344","49.3871","17.4558","11.0000","22.0554","58.7685","169.7539","18.5341","37.8551","27.7698"
"C:\Users\cfg364\Sommerlab Dropbox\Casper van der Luijt\Casper\Data\BioLog\OmniLog\CL3\DATA_2024\08\_RIB40_Aspergillus oryzae__2_30_CL3_769_8#19#2024_A_ 8B_6.OKA","8/19/2024 7:16:29 PM"," 8-B","PM02A","","RIB40","Aspergillus oryzae","",64.2500,"40.4255","36.2731","102.7467","131.4350","127.1973","124.8710","55.8703","96.7810","24.9072","79.2713","37.5563","121.7239","39.7364","31.4286","40.1736","113.6125","134.4052","108.9209","40.2549","168.2820","130.7101","79.3083","34.6075","49.1715","146.7849","26.4985","25.8725","23.7997","63.1580","38.7699","23.0107","28.5238","25.5010","23.7510","23.5869","178.5017","155.3786","78.5304","20.3518","98.5688","87.3612","39.0515","133.1772","35.1875","18.8362","68.4774","35.9694","41.3548","22.2522","85.4120","19.2479","15.5719","91.7168","32.0019","116.7969","19.8661","73.2796","28.0065","21.8857","109.1793","41.9198","20.5346","25.5197","18.6811","75.4850","93.7383","39.2931","41.1949","147.1057","29.3462","23.0729","59.1959","32.9286","31.0840","26.9336","65.5937","46.9816","31.5732","75.8058","25.4352","57.2364","36.3932","34.9360","40.3168","134.5158","33.8702","109.7405","48.9866","18.4416","11.0000","24.1401","57.0874","167.6060","16.3769","42.3468","27.7079"
"C:\Users\cfg364\Sommerlab Dropbox\Casper van der Luijt\Casper\Data\BioLog\OmniLog\CL3\DATA_2024\08\_RIB40_Aspergillus oryzae__2_30_CL3_769_8#19#2024_A_ 8B_6.OKA","8/19/2024 7:16:29 PM"," 8-B","PM02A","","RIB40","Aspergillus oryzae","",64.5000,"42.7658","37.0145","100.8042","132.0959","130.4312","125.5484","54.3746","96.1191","29.8312","77.1995","34.1661","124.1538","38.8326","33.9863","40.3015","112.7848","134.9661","108.3186","36.1721","169.3466","129.2145","77.5374","33.8184","45.2785","145.3065","23.5885","22.6270","22.8969","61.6606","38.1980","23.8663","26.9511","26.0440","23.3646","27.1189","175.3215","161.3851","81.2120","19.7199","97.3516","86.6609","37.1898","134.9874","39.2612","16.6990","70.7921","32.4860","38.9972","23.0125","85.4120","17.8473","15.2566","91.1423","31.2530","115.7475","17.7931","70.7388","27.3851","24.6235","107.5002","39.8193","18.3442","22.8797","20.4155","74.1429","93.8333","41.0396","39.7435","151.8495","27.7162","23.5881","60.6981","32.1051","31.0520","25.5697","66.0277","46.9173","25.2675","77.2346","25.3404","57.9042","32.5234","36.8854","40.3479","135.9892","35.5808","109.8030","50.2189","14.8480","11.0000","21.6763","60.6082","170.0424","17.4394","39.3101","28.7290"
"C:\Users\cfg364\Sommerlab Dropbox\Casper van der Luijt\Casper\Data\BioLog\OmniLog\CL3\DATA_2024\08\_RIB40_Aspergillus oryzae__2_30_CL3_769_8#19#2024_A_ 8B_6.OKA","8/19/2024 7:16:29 PM"," 8-B","PM02A","","RIB40","Aspergillus oryzae","",64.7500,"42.4456","34.7951","103.5941","135.1760","128.3912","126.5716","52.9802","99.3558","24.8891","78.9973","37.4752","130.7410","36.5451","24.2449","42.1577","118.0633","138.7766","108.9768","37.4900","171.9531","128.7664","78.3111","36.0638","53.2387","142.5575","24.6549","24.1066","25.3871","57.6582","46.2834","23.1145","30.0616","23.7034","23.9383","20.4107","175.7891","159.1736","78.7920","18.6537","95.4673","88.3131","41.8189","135.1218","35.8277","18.7155","73.1801","34.7468","43.6271","20.1128","84.5177","16.2785","15.0611","95.6066","29.1238","118.5813","21.8373","75.1413","30.8236","23.2503","110.4049","37.9601","20.8060","23.6729","19.9046","77.7429","94.8857","44.4638","41.2016","148.4476","30.7175","29.0518","60.3828","32.9182","37.5984","24.3375","65.9641","42.1436","30.0623","75.3153","23.7459","59.1024","34.6165","33.1274","44.1416","134.7111","32.3988","113.8481","46.2512","14.4025","11.5164","21.0048","62.2673","170.2989","13.2952","42.3405","26.7614"
"C:\Users\cfg364\Sommerlab Dropbox\Casper van der Luijt\Casper\Data\BioLog\OmniLog\CL3\DATA_2024\08\_RIB40_Aspergillus oryzae__2_30_CL3_769_8#19#2024_A_ 8B_6.OKA","8/19/2024 7:16:29 PM"," 8-B","PM02A","","RIB40","Aspergillus oryzae","",65.0000,"41.0404","37.2298","104.4041","135.8371","130.0089","126.0228","50.8417","98.7898","27.4871","78.5962","36.8432","129.2932","38.2669","24.9420","40.3004","119.0838","138.0619","109.7707","37.8123","168.4337","131.6435","80.6447","34.3885","54.3820","143.0348","28.0523","26.0331","25.8710","58.8803","46.0638","23.9776","27.0621","24.7647","23.4233","22.2217","175.2581","163.7911","78.5958","19.6341","95.2747","86.8226","40.3753","136.7666","36.3689","16.9077","76.3946","35.0400","42.2241","21.8559","85.6384","17.4967","12.1963","97.4783","30.5662","118.7398","22.9781","73.4551","29.1281","26.0374","110.6894","39.3498","19.2627","24.1014","21.1456","78.8266","92.9231","45.9777","41.1700","150.7691","28.6015","25.3775","61.8907","29.8436","30.6694","23.5620","69.6037","48.4172","26.9919","79.3369","22.6334","58.1162","31.7607","35.4330","40.9243","134.9583","34.1398","113.9411","46.5615","16.1833","11.0000","22.1726","60.9944","168.5047","18.1765","37.0431","27.2878"
"C:\Users\cfg364\Sommerlab Dropbox\Casper van der Luijt\Casper\Data\BioLog\OmniLog\CL3\DATA_2024\08\_RIB40_Aspergillus oryzae__2_30_CL3_769_8#19#2024_A_ 8B_6.OKA","8/19/2024 7:16:29 PM"," 8-B","PM02A","","RIB40","Aspergillus oryzae","",65.2500,"40.1318","38.6652","101.2480","134.8809","131.8085","124.7068","55.8281","98.4465","28.7000","83.3646","36.2587","128.7000","38.9297","29.4027","41.2188","116.9449","139.5088","107.4101","37.1514","168.8469","126.5492","82.3403","34.6952","52.3374","143.7927","25.9031","23.9889","23.0283","54.7013","41.5785","22.1851","30.2627","19.9888","22.9962","27.7996","180.6178","161.8300","80.1190","20.5947","97.6162","93.1253","40.3883","137.1097","38.8008","21.2305","70.0241","33.9244","37.4929","16.8591","83.7448","15.5873","14.1874","93.7660","31.1020","114.4126","24.1648","72.5245","27.0862","26.9690","110.3767","40.7500","21.5760","23.7685","19.9898","77.6629","94.6434","42.7249","39.5640","151.4922","28.8660","21.9897","59.7767","32.1465","33.6348","23.3499","68.6779","46.0353","31.1820","78.9823","22.0124","56.0675","33.8574","34.8155","44.1549","138.4785","33.8289","115.9253","51.2768","12.3463","11.0000","19.6709","62.2887","167.6112","14.2811","40.2830","27.6941"
"C:\Users\cfg364\Sommerlab Dropbox\Casper van der Luijt\Casper\Data\BioLog\OmniLog\CL3\DATA_2024\08\_RIB40_Aspergillus oryzae__2_30_CL3_769_8#19#2024_A_ 8B_6.OKA","8/19/2024 7:16:29 PM"," 8-B","PM02A","","RIB40","Aspergillus oryzae","",65.5000,"40.3501","36.1355","101.3779","133.2115","130.6362","123.4438","55.4030","98.5126","27.5667","81.8612","34.8259","126.3121","36.7765","33.1751","36.1500","114.9217","135.8434","107.9192","35.8551","168.7819","125.3388","77.1068","33.6092","51.4431","144.0141","26.1972","21.2394","20.4739","59.0841","42.6220","21.5139","27.5338","23.7314","24.5679","26.8680","177.9490","163.4787","72.7813","20.4689","96.5580","89.5794","39.7289","134.4374","40.7662","17.0996","73.7499","34.5457","39.9817","18.5551","83.7771","15.3065","13.9034","89.5093","28.4008","118.6490","24.0386","76.3160","22.5373","24.0010","107.4810","40.2880","21.8331","25.1564","17.8818","72.6584","93.6926","45.5688","39.5957","150.7621","29.0585","25.4602","60.0903","32.8159","35.9270","23.2877","70.6860","46.1320","28.2534","79.8360","18.5230","55.8124","34.4001","32.8470","41.6309","140.0436","31.9451","115.2745","50.5070","11.6090","11.9344","19.4494","60.4525","165.8385","18.9133","36.5076","26.9480"
"C:\Users\cfg364\Sommerlab Dropbox\Casper van der Luijt\Casper\Data\BioLog\OmniLog\CL3\DATA_2024\08\_RIB40_Aspergillus oryzae__2_30_CL3_769_8#19#2024_A_ 8B_6.OKA","8/19/2024 7:16:29 PM"," 8-B","PM02A","","RIB40","Aspergillus oryzae","",65.7500,"42.2216","36.5895","104.4630","135.1014","130.7629","126.7472","54.4548","100.1326","26.1667","83.8323","37.2251","126.8428","41.2702","29.9931","37.9580","120.8950","134.6842","108.7465","32.9386","168.6519","126.3202","80.8357","32.6548","43.8910","148.6302","27.3411","25.1898","24.3217","56.7508","43.5074","21.8974","27.0202","24.4352","24.7283","27.3820","177.1253","163.1617","77.6949","18.2354","97.9690","88.8512","38.1591","138.1596","39.4348","22.1018","70.0895","33.2049","42.7653","20.8679","84.7436","15.8370","15.0711","95.0782","30.3168","117.9850","24.0386","76.1885","25.0425","27.5174","109.2948","39.3025","19.7758","21.4862","20.1758","77.3100","92.6784","42.1561","39.1831","149.8733","30.4698","24.9781","61.6587","33.8200","37.3596","24.8743","68.0909","45.8741","30.6727","83.4407","20.1876","58.0450","39.1567","32.2339","42.5346","140.0743","34.0524","113.1363","50.1682","12.5386","11.8055","17.9620","61.9088","164.2269","15.8895","39.1091","24.7408"
"C:\Users\cfg364\Sommerlab Dropbox\Casper van der Luijt\Casper\Data\BioLog\OmniLog\CL3\DATA_2024\08\_RIB40_Aspergillus oryzae__2_30_CL3_769_8#19#2024_A_ 8B_6.OKA","8/19/2024 7:16:29 PM"," 8-B","PM02A","","RIB40","Aspergillus oryzae","",66.0000,"40.2254","38.2112","107.3857","134.5659","136.4659","123.8648","53.0488","98.2482","29.3000","82.9971","36.4920","128.9984","41.3014","30.9772","38.0226","118.7754","136.5639","107.6329","38.3180","168.8144","127.8251","79.2329","34.5636","48.9589","150.0214","28.8445","21.3343","26.4881","57.7913","43.0331","20.1398","29.6848","26.0026","21.7132","23.5916","180.3542","163.0348","78.8742","21.4756","100.8231","94.7083","39.7603","138.5096","39.6884","19.0359","72.4426","33.5973","39.8835","18.3701","85.6456","15.9930","13.4931","92.3898","30.4424","120.9252","22.8705","76.6665","24.4492","25.9689","110.6312","41.3659","19.7115","23.3676","21.2918","74.8398","95.0555","45.1580","41.4048","151.4287","31.0472","25.5566","59.1179","32.9376","35.6404","22.9144","69.8828","46.6799","32.2007","81.7332","18.8751","55.6210","35.9324","31.1044","40.8519","142.3145","33.4776","115.9563","50.5993","15.1670","12.5788","21.0000","62.0671","164.5170","19.7175","36.5711","27.0102"
"C:\Users\cfg364\Sommerlab Dropbox\Casper van der Luijt\Casper\Data\BioLog\OmniLog\CL3\DATA_2024\08\_RIB40_Aspergillus oryzae__2_30_CL3_769_8#19#2024_A_ 8B_6.OKA","8/19/2024 7:16:29 PM"," 8-B","PM02A","","RIB40","Aspergillus oryzae","",66.2500,"45.1943","40.7461","105.5021","140.9187","133.3600","128.2881","51.6978","102.5828","32.5572","83.3975","37.7398","130.7685","41.3103","32.4923","44.8763","122.3636","143.6726","110.0597","35.6080","173.4379","132.1175","81.4726","34.9595","49.0044","152.2043","30.2751","24.5881","29.1511","58.2746","49.8417","26.4876","27.8186","20.2642","24.3095","26.0011","182.9767","168.5483","83.2308","20.6019","101.5680","94.9697","46.8922","141.1375","39.5677","22.8933","77.2921","36.2080","40.2365","26.7894","87.4356","18.0060","13.3969","93.2819","35.4860","120.0610","23.7356","80.1194","33.1151","25.7493","106.7227","39.8136","25.4948","25.5925","18.8294","82.8391","97.5665","43.4188","43.7191","152.8046","34.2015","23.9499","63.2956","34.2307","35.7331","24.4693","71.2418","53.2164","32.9125","86.7970","31.2605","60.8112","39.5830","38.7258","43.4375","140.9426","39.8141","117.1410","53.1935","18.0642","11.0000","24.5665","66.4678","166.3895","20.2700","40.8089","30.5815"
"C:\Users\cfg364\Sommerlab Dropbox\Casper van der Luijt\Casper\Data\BioLog\OmniLog\CL3\DATA_2024\08\_RIB40_Aspergillus oryzae__2_30_CL3_769_8#19#2024_A_ 8B_6.OKA","8/19/2024 7:16:29 PM"," 8-B","PM02A","","RIB40","Aspergillus oryzae","",66.5000,"42.0998","41.1025","108.2587","138.1545","133.3600","127.0617","51.7633","99.2351","32.0590","85.0063","37.4060","130.2073","39.4979","29.0641","39.3376","119.0026","140.8749","110.1232","36.9733","172.7564","131.9225","78.9803","35.0915","46.5215","152.7087","26.5508","25.4750","23.9835","56.6391","47.8651","23.6775","27.0790","24.5597","21.8867","26.2592","181.1977","164.7443","78.9243","21.7667","96.8046","93.4528","44.1792","137.6945","34.6466","18.8644","76.0316","33.8509","38.2588","19.8873","85.6004","17.8815","14.4376","90.1012","29.5138","118.6397","20.7353","76.9356","30.7410","25.2295","109.1063","44.1418","21.5825","21.2517","15.6477","76.6769","96.5243","42.3392","44.5110","151.9135","34.5207","24.6568","59.8679","32.3662","36.3083","20.8837","69.8509","49.6479","33.1673","80.5121","30.8836","59.2065","35.5180","32.9295","39.7813","140.2941","34.8900","114.4929","50.1908","13.2375","11.0000","22.0798","62.8586","165.2612","15.1021","37.0191","24.0750"
"C:\Users\cfg364\Sommerlab Dropbox\Casper van der Luijt\Casper\Data\BioLog\OmniLog\CL3\DATA_2024\08\_RIB40_Aspergillus oryzae__2_30_CL3_769_8#19#2024_A_ 8B_6.OKA","8/19/2024 7:16:29 PM"," 8-B","PM02A","","RIB40","Aspergillus oryzae","",66.7500,"43.1319","43.2438","107.8100","136.6500","137.9988","130.3258","55.2879","102.8660","36.2079","85.7781","40.8525","133.8662","37.1457","32.9186","43.0560","122.3239","140.6135","111.2662","36.8302","175.0465","131.6569","81.3913","37.6775","50.8150","153.2912","29.8143","26.6787","27.6079","65.0116","46.4298","23.6332","32.1095","23.5160","24.5443","28.2717","186.4193","168.3850","82.5385","26.4345","100.9515","94.0551","43.1294","139.1852","42.4498","24.0487","74.2388","43.4770","45.0353","22.5479","87.7525","19.6392","14.9495","94.7170","32.6779","120.3993","29.2500","81.3558","31.1342","26.7191","113.3225","38.8162","25.9179","24.1114","21.0058","75.0341","100.7289","47.4385","46.5664","153.6511","38.0925","25.6950","65.1940","38.0496","36.3784","26.7511","69.4344","49.9423","31.1172","87.4981","29.6768","64.7250","40.5513","37.5565","45.5475","145.1572","36.6039","114.9894","50.9308","19.2262","13.6809","21.6361","66.5089","167.8889","22.6522","40.0723","28.8395"
"C:\Users\cfg364\Sommerlab Dropbox\Casper van der Luijt\Casper\Data\BioLog\OmniLog\CL3\DATA_2024\08\_RIB40_Aspergillus oryzae__2_30_CL3_769_8#19#2024_A_ 8B_6.OKA","8/19/2024 7:16:29 PM"," 8-B","PM02A","","RIB40","Aspergillus oryzae","",67.0000,"42.3535","41.7943","108.0365","138.5442","136.3597","132.4423","52.8931","100.8854","36.1088","87.3471","40.0233","131.0379","37.8032","37.6481","40.4385","124.3631","140.0212","113.1466","40.6820","178.1662","134.5204","83.0938","34.2935","49.9288","149.8617","28.4774","27.9115","26.2857","63.9445","44.9470","22.5486","31.6304","27.1972","23.0931","25.7812","184.4158","169.1810","86.8022","26.4031","100.7905","94.9737","41.6847","140.2688","42.3865","21.9544","73.8795","40.0601","44.5122","22.1486","90.5656","22.0943","15.9606","97.3660","34.9269","120.6220","24.0944","79.4775","36.1514","25.6798","114.2428","43.0195","25.5035","30.4675","19.6697","75.8686","100.6659","47.1225","45.3683","153.9687","39.4900","24.2512","61.9674","40.1117","38.7466","23.8816","74.4333","48.5321","34.0364","90.3279","28.9209","61.1092","35.3269","34.7627","43.8714","142.6984","35.1053","115.9627","51.3951","18.7498","12.1305","20.9713","65.2775","168.7257","16.8100","42.2891","30.6296"
"C:\Users\cfg364\Sommerlab Dropbox\Casper van der Luijt\Casper\Data\BioLog\OmniLog\CL3\DATA_2024\08\_RIB40_Aspergillus oryzae__2_30_CL3_769_8#19#2024_A_ 8B_6.OKA","8/19/2024 7:16:29 PM"," 8-B","PM02A","","RIB40","Aspergillus oryzae","",67.2500,"44.5133","41.0856","110.5311","141.7522","139.0212","127.7842","55.7196","97.2217","29.6240","89.2605","36.3040","148.9879","39.8680","29.3335","42.1682","122.5958","139.4081","115.3179","37.1483","175.1037","131.4390","78.9021","41.7658","51.5582","153.8360","28.9955","27.7680","25.3411","66.1847","45.5338","25.3927","28.3049","25.4506","24.8906","27.3797","182.6054","171.6449","84.9145","21.4794","102.6490","94.5094","41.0623","142.6821","41.9893","21.1075","79.9736","39.0663","44.9605","26.9130","90.9441","17.1635","13.6256","96.3340","34.7502","120.9933","21.0431","78.5270","35.3764","23.6386","111.6311","42.8287","28.7759","22.6833","20.0339","81.3166","94.9947","50.1066","49.0602","154.0863","35.1485","27.4006","65.9354","36.1775","39.2803","24.1360","74.5271","47.3360","34.3290","85.5352","28.1733","62.2429","35.6269","32.0653","48.3015","140.0477","37.7872","118.2610","49.7325","22.2235","11.6796","22.9038","64.6845","171.0052","22.5493","40.9453","29.7083"
"C:\Users\cfg364\Sommerlab Dropbox\Casper van der Luijt\Casper\Data\BioLog\OmniLog\CL3\DATA_2024\08\_RIB40_Aspergillus oryzae__2_30_CL3_769_8#19#2024_A_ 8B_6.OKA","8/19/2024 7:16:29 PM"," 8-B","PM02A","","RIB40","Aspergillus oryzae","",67.5000,"44.0154","37.9991","110.9866","137.6711","139.4002","130.8311","52.1891","98.6905","32.5123","86.0608","37.0374","146.5063","40.7107","31.3778","45.0630","121.6661","142.0515","116.9717","36.5607","174.9733","131.1449","81.0179","37.0578","45.4613","154.6332","29.6160","26.6333","26.3101","62.8704","46.1031","22.3222","32.4221","27.4922","26.0186","27.7028","184.2901","168.9232","80.8899","22.4608","102.5201","92.1844","41.3144","142.0792","36.1428","18.8398","78.8643","39.2617","39.0701","21.6495","86.4529","17.4451","17.1370","96.0128","35.0005","120.3257","21.4895","82.3087","32.0717","25.7829","110.1030","40.7315","26.4227","22.9932","20.7193","79.4628","95.2792","49.5389","45.6715","154.1181","32.2660","26.7574","64.4371","33.4952","38.0397","24.3856","74.1866","52.2108","35.1860","86.6775","27.0980","62.7225","35.5626","32.7783","43.5529","141.6573","36.8328","116.7056","51.3814","18.4718","12.2298","20.7567","65.5735","166.6334","20.6459","39.6073","27.3737"
"C:\Users\cfg364\Sommerlab Dropbox\Casper van der Luijt\Casper\Data\BioLog\OmniLog\CL3\DATA_2024\08\_RIB40_Aspergillus oryzae__2_30_CL3_769_8#19#2024_A_ 8B_6.OKA","8/19/2024 7:16:29 PM"," 8-B","PM02A","","RIB40","Aspergillus oryzae","",67.7500,"46.7950","44.2859","108.2719","139.4840","135.7183","134.0052","55.7933","97.1220","33.5587","90.4732","41.3429","146.1015","39.9306","32.3553","40.4774","128.7026","141.7573","113.5346","38.4370","177.3086","131.6296","83.1157","34.2352","56.1832","156.9641","30.6289","29.2502","23.9722","63.1968","49.3826","23.5717","28.6856","23.4859","23.2661","24.5176","186.6339","168.7457","77.7615","20.4129","103.2461","96.3469","42.6799","144.2287","38.9702","17.3025","77.3849","36.9357","47.6127","20.9719","92.8989","18.1844","18.3589","98.0925","33.4773","119.4917","27.4373","84.2190","36.9517","27.0943","112.3203","41.4255","27.9835","24.8470","20.5189","79.5236","101.7405","46.3137","46.9319","147.6333","29.5684","23.4716","61.7608","34.0710","37.1440","23.3256","77.4755","51.6986","29.9350","89.2061","29.5606","62.8596","35.3041","40.6927","49.1657","140.5886","43.6099","117.8282","51.0536","17.1236","11.0000","19.7772","66.1590","166.7392","20.4908","42.8615","28.6127"
"C:\Users\cfg364\Sommerlab Dropbox\Casper van der Luijt\Casper\Data\BioLog\OmniLog\CL3\DATA_2024\08\_RIB40_Aspergillus oryzae__2_30_CL3_769_8#19#2024_A_ 8B_6.OKA","8/19/2024 7:16:29 PM"," 8-B","PM02A","","RIB40","Aspergillus oryzae","",68.0000,"44.4217","42.1864","109.5210","141.3296","137.1201","133.4582","55.1984","97.9205","25.4006","82.9023","39.6071","141.0760","44.4931","34.7456","39.0468","127.8686","137.0093","115.2212","36.9154","178.7649","132.6648","83.9021","33.2052","49.6364","153.0469","27.9004","21.9015","23.9111","62.4275","46.7772","21.3299","29.5705","24.3617","22.6104","26.3261","186.5478","168.9590","84.0729","23.8292","102.4524","95.5161","45.1088","142.8516","40.0851","24.3255","80.7479","32.1454","44.6138","23.0807","89.5225","18.3921","15.4422","97.6949","34.1675","120.4702","25.6990","84.4470","28.6493","24.6826","112.2765","44.0480","26.7896","24.9916","21.3294","82.0828","101.2652","45.2670","47.5936","151.8703","29.7184","26.0348","61.5863","34.2721","41.7957","28.7161","70.2345","52.8389","34.8725","86.4807","28.4476","64.1608","39.7154","39.5205","44.2826","140.6049","41.8261","115.8758","52.4913","18.8704","11.4543","23.1969","66.1870","169.4006","17.8554","37.1465","28.1566"
"C:\Users\cfg364\Sommerlab Dropbox\Casper van der Luijt\Casper\Data\BioLog\OmniLog\CL3\DATA_2024\08\_RIB40_Aspergillus oryzae__2_30_CL3_769_8#19#2024_A_ 8B_6.OKA","8/19/2024 7:16:29 PM"," 8-B","PM02A","","RIB40","Aspergillus oryzae","",68.2500,"45.6031","42.1542","107.0098","141.2354","139.1726","132.8118","55.6247","98.5186","28.4076","83.9825","38.0382","137.6348","43.5636","33.3719","43.0212","125.6684","137.8218","115.0295","39.0831","176.1583","132.9241","84.6881","33.1392","51.9790","155.6134","27.6384","24.3488","24.5243","66.1054","45.0088","20.9770","31.4339","21.9792","27.6138","26.8423","186.9771","171.0273","84.4980","22.2256","103.1959","94.7522","45.7966","143.2328","41.1683","21.7827","81.4969","34.8907","39.9334","20.7197","91.4541","19.7021","17.1749","97.6309","32.6272","120.7564","25.6355","83.5881","30.0323","28.2969","110.9776","43.1232","24.8923","23.6635","18.6537","79.3758","96.6621","49.0956","49.2255","152.7304","33.9565","22.2359","62.0251","33.7509","41.7957","29.4581","74.4213","50.3477","32.2977","88.7699","26.8356","64.2564","38.6909","38.4039","44.0018","144.0408","41.7943","120.6230","55.1442","18.5836","12.1682","24.2684","67.8018","167.2514","16.1334","36.7643","27.0999"
"C:\Users\cfg364\Sommerlab Dropbox\Casper van der Luijt\Casper\Data\BioLog\OmniLog\CL3\DATA_2024\08\_RIB40_Aspergillus oryzae__2_30_CL3_769_8#19#2024_A_ 8B_6.OKA","8/19/2024 7:16:29 PM"," 8-B","PM02A","","RIB40","Aspergillus oryzae","",68.5000,"43.6565","41.4780","108.0056","140.1765","140.7816","134.4996","56.0195","97.9348","32.8789","93.2313","44.8121","139.2480","42.3043","35.2280","42.1611","128.0230","141.7308","115.1688","39.7521","182.3211","131.5043","81.3847","38.8419","54.2299","155.6200","31.3295","29.6806","26.6444","68.0426","47.9784","24.6973","30.8817","29.0168","22.6937","31.6497","188.8743","171.2928","80.5051","22.8883","106.5580","99.4230","45.6169","139.6624","40.9349","21.5233","78.7626","36.3877","44.5732","22.5748","92.0040","20.4969","15.8532","100.3650","33.0592","121.5704","24.8939","87.1649","31.6333","31.3468","116.5956","45.4061","24.1771","24.0964","18.6110","81.9714","100.0115","52.1758","44.5775","151.3652","35.0127","26.4726","66.8914","37.9076","40.2949","25.5877","76.2850","50.2534","33.1922","90.6538","24.2149","64.2489","36.4582","40.1306","48.2621","144.6885","39.2932","122.0189","52.4303","19.3010","11.0000","23.8406","67.4910","163.3889","22.7940","39.7861","25.7766"
"C:\Users\cfg364\Sommerlab Dropbox\Casper van der Luijt\Casper\Data\BioLog\OmniLog\CL3\DATA_2024\08\_RIB40_Aspergillus oryzae__2_30_CL3_769_8#19#2024_A_ 8B_6.OKA","8/19/2024 7:16:29 PM"," 8-B","PM02A","","RIB40","Aspergillus oryzae","",68.7500,"40.4205","43.6202","111.6467","145.4718","141.9549","134.1982","59.2050","100.6098","31.8924","90.5831","33.1170","130.5138","40.4209","33.4511","42.7529","128.6163","142.5920","113.1340","39.2922","178.0188","132.5073","77.0290","33.3788","43.0979","159.5767","26.9811","28.5080","29.4825","65.5137","46.5458","22.9962","28.8299","25.2978","24.1768","29.8275","188.5412","170.1568","82.4157","24.2862","106.1951","97.0536","42.7141","144.7530","38.4758","20.6876","82.8593","33.2740","43.9589","23.8880","89.7954","22.5352","17.7844","101.7856","31.4318","121.2505","26.4258","86.3521","32.5058","24.9344","110.5410","43.0766","22.0269","22.7463","21.8600","78.0378","93.3983","46.5641","43.2789","151.7009","38.8132","28.4865","54.8905","32.9173","43.9122","24.9283","78.5303","54.3874","33.7912","86.1474","27.6275","59.5011","37.0496","29.1563","30.7138","143.2256","39.0741","115.9448","52.6982","16.4193","11.2586","23.8004","63.0854","166.6149","17.9856","33.4957","29.1187"
"C:\Users\cfg364\Sommerlab Dropbox\Casper van der Luijt\Casper\Data\BioLog\OmniLog\CL3\DATA_2024\08\_RIB40_Aspergillus oryzae__2_30_CL3_769_8#19#2024_A_ 8B_6.OKA","8/19/2024 7:16:29 PM"," 8-B","PM02A","","RIB40","Aspergillus oryzae","",69.0000,"47.0546","43.4418","110.1202","141.1649","141.0185","132.9655","53.0033","103.3222","38.1094","90.4699","42.3920","138.3709","42.3619","33.1091","44.3057","125.6744","141.5708","117.8613","45.4072","181.4432","132.2888","81.7237","39.5323","56.4091","159.7374","31.1633","27.5792","25.0943","64.5920","49.4994","22.7514","29.2024","22.1817","25.1796","27.9036","185.8133","171.4384","87.6100","19.1725","103.8669","97.6939","39.3480","142.4590","40.9970","24.4966","79.5189","36.1917","45.8082","22.8873","94.6534","18.6768","17.5230","100.5898","29.9314","122.1937","24.5162","87.8398","32.4959","26.7670","112.4655","44.8672","24.2502","27.3262","18.2023","80.6674","95.7277","51.3647","47.9977","150.7662","36.1970","25.5865","61.5341","36.9962","38.5693","23.8911","75.8089","57.0388","32.7908","90.6339","28.7688","64.6896","38.1079","41.0753","50.1840","145.9084","40.1277","121.4813","53.4319","15.0653","12.9339","22.8844","66.3510","166.2509","23.4436","43.8189","29.4325"
"C:\Users\cfg364\Sommerlab Dropbox\Casper van der Luijt\Casper\Data\BioLog\OmniLog\CL3\DATA_2024\08\_RIB40_Aspergillus oryzae__2_30_CL3_769_8#19#2024_A_ 8B_6.OKA","8/19/2024 7:16:29 PM"," 8-B","PM02A","","RIB40","Aspergillus oryzae","",69.2500,"44.8955","43.2895","112.8135","139.0558","140.7657","135.1345","54.9407","99.2506","37.7971","90.5267","42.9116","137.7173","40.0483","29.7117","41.2514","127.8798","142.5960","115.4806","41.9913","183.0919","132.5264","81.1373","37.6793","52.8995","157.2256","30.2557","25.9845","27.2519","67.4777","47.8323","21.4756","31.9702","25.3208","25.3248","25.9557","195.0595","173.0506","83.3467","21.4810","111.1277","95.7835","41.6000","146.9643","40.7227","19.5135","80.1163","31.3164","44.4759","23.3215","87.6498","21.6731","12.5765","99.3714","34.5902","124.6591","24.2842","82.8112","34.5511","29.5470","113.7945","43.4580","25.6122","23.4783","21.3514","83.1082","98.8302","48.1233","43.4701","150.6560","34.8519","24.6555","64.4627","35.2290","39.2761","24.8029","76.2728","52.5109","35.7585","92.6770","25.2956","66.3309","38.6524","41.3298","44.9664","146.5023","40.5908","123.0092","54.7391","17.5517","11.0000","21.9559","66.1367","164.3732","17.0742","42.3712","28.8644"
"C:\Users\cfg364\Sommerlab Dropbox\Casper van der Luijt\Casper\Data\BioLog\OmniLog\CL3\DATA_2024\08\_RIB40_Aspergillus oryzae__2_30_CL3_769_8#19#2024_A_ 8B_6.OKA","8/19/2024 7:16:29 PM"," 8-B","PM02A","","RIB40","Aspergillus oryzae","",69.5000,"41.8169","42.3522","113.5583","139.5611","143.6963","131.8431","56.5451","100.7402","33.8137","93.5340","42.6787","138.6420","37.9221","32.4131","42.9249","130.5013","137.3159","117.7023","43.3148","180.6882","133.7002","85.2147","41.0879","56.6483","155.2899","28.4545","29.8484","26.9617","67.1662","46.5135","20.0938","27.7890","22.7841","27.1194","28.0463","192.6649","172.5770","83.7047","23.8731","108.2222","97.7256","42.5444","148.3023","37.4523","18.4171","82.1702","32.8286","45.0655","21.9795","91.5560","23.7829","15.5404","98.9883","35.9391","123.9293","24.1891","84.9796","34.4855","26.6440","115.1862","46.6577","24.7808","22.8004","20.8541","77.9233","101.0000","47.0137","46.3267","154.5927","29.3303","23.9130","64.6826","36.2067","38.0688","24.6786","77.9734","49.9583","33.6582","90.7391","28.2117","64.5789","41.5799","37.4348","47.1768","144.2795","42.7745","124.7837","52.8495","19.1101","11.0000","21.9242","65.5653","165.2804","21.1558","40.5966","31.6509"
"C:\Users\cfg364\Sommerlab Dropbox\Casper van der Luijt\Casper\Data\BioLog\OmniLog\CL3\DATA_2024\08\_RIB40_Aspergillus oryzae__2_30_CL3_769_8#19#2024_A_ 8B_6.OKA","8/19/2024 7:16:29 PM"," 8-B","PM02A","","RIB40","Aspergillus oryzae","",69.7500,"46.5875","42.8032","113.8481","142.8869","142.3665","135.8141","52.7355","99.4395","31.9605","90.1654","41.7092","133.3291","36.2238","29.8445","39.4755","131.3686","140.5176","121.2333","41.8973","180.1871","133.4071","79.0592","32.7627","53.2486","158.0347","27.5465","25.2465","28.7016","66.0360","45.5908","24.4309","31.9419","24.4025","27.5680","25.3190","192.1486","171.4663","83.8915","21.3505","104.7827","100.3950","44.8008","150.7793","39.6646","23.6467","81.5404","32.2010","45.2128","25.0177","85.6923","15.0491","11.6336","102.4630","32.3663","124.0579","25.6081","86.6661","31.9129","24.7149","110.6311","43.1232","25.1292","24.7841","25.1687","77.0597","98.0493","50.2449","49.4624","149.7593","34.3418","23.3721","60.1950","38.6884","42.3155","24.7207","81.1691","48.0584","34.6394","89.5178","23.3789","63.2394","35.9338","40.2552","40.2490","146.5171","38.3764","125.8556","55.9917","21.8300","12.2294","22.5944","70.6138","164.2186","16.2947","39.5823","29.3155"
"C:\Users\cfg364\Sommerlab Dropbox\Casper van der Luijt\Casper\Data\BioLog\OmniLog\CL3\DATA_2024\08\_RIB40_Aspergillus oryzae__2_30_CL3_769_8#19#2024_A_ 8B_6.OKA","8/19/2024 7:16:29 PM"," 8-B","PM02A","","RIB40","Aspergillus oryzae","",70.0000,"43.9168","42.9646","114.7531","146.3239","143.7496","131.5902","55.3932","99.9034","31.6611","94.2088","39.2778","137.8270","40.1835","34.1049","41.5441","134.8883","135.0208","119.5861","41.4125","181.1626","130.0642","86.1316","34.8731","54.0095","156.7642","26.4653","27.9571","27.0632","68.2823","46.5377","21.4427","33.4423","25.1079","29.6831","25.1903","189.9163","172.2311","85.2889","23.7100","109.6762","98.6777","44.8321","150.4314","39.2824","22.9387","80.4010","30.9923","45.1471","20.6716","89.5351","17.0580","14.5163","100.0091","32.9633","128.0935","22.8135","88.9310","31.3591","24.0664","116.0466","43.9247","27.4734","26.1071","24.2696","79.9849","98.7114","49.3883","50.1212","152.3696","35.2985","25.1441","59.7879","39.1736","41.4889","25.3119","79.4218","45.6841","33.3986","92.7271","25.4368","64.6755","39.8539","37.2144","45.1810","143.5295","39.8657","128.9167","57.2560","20.2467","11.4206","20.1234","68.5701","167.4013","17.7476","41.5448","31.7906"
"C:\Users\cfg364\Sommerlab Dropbox\Casper van der Luijt\Casper\Data\BioLog\OmniLog\CL3\DATA_2024\08\_RIB40_Aspergillus oryzae__2_30_CL3_769_8#19#2024_A_ 8B_6.OKA","8/19/2024 7:16:29 PM"," 8-B","PM02A","","RIB40","Aspergillus oryzae","",70.2500,"47.2396","43.6749","116.9510","144.0429","144.1897","133.1057","55.4260","100.5330","29.1325","93.7410","42.6418","141.4712","40.0899","33.3839","38.9907","132.9223","140.7049","119.3327","40.5399","183.2112","132.2600","86.3947","36.9504","55.1344","157.7489","25.9410","27.4528","27.3845","67.0968","47.9895","21.5712","31.0800","26.6149","23.4981","27.4427","192.7395","174.7802","85.1914","22.0741","109.1289","102.2077","43.1405","150.5263","40.9704","20.5574","84.3398","36.6764","45.4754","22.7222","89.3736","17.4974","12.3622","103.1641","32.0835","123.9944","24.3696","88.6120","33.8673","25.9146","112.8163","45.0037","25.3861","27.9532","22.1304","77.0597","99.5312","48.3731","52.5369","152.6879","34.1505","23.5654","63.6083","39.6285","42.0929","25.9341","80.8932","50.1118","33.4622","92.2822","28.2229","63.9734","34.6807","40.7993","45.2123","147.6258","42.2738","127.3549","55.0665","20.6267","11.0000","21.7707","70.0479","168.0443","18.1673","41.6714","28.2945"
"C:\Users\cfg364\Sommerlab Dropbox\Casper van der Luijt\Casper\Data\BioLog\OmniLog\CL3\DATA_2024\08\_RIB40_Aspergillus oryzae__2_30_CL3_769_8#19#2024_A_ 8B_6.OKA","8/19/2024 7:16:29 PM"," 8-B","PM02A","","RIB40","Aspergillus oryzae","",70.5000,"42.1112","38.9396","116.0675","139.6912","143.8460","134.3829","54.9746","97.3889","37.7823","95.6205","45.7466","141.0437","44.4882","33.3753","45.8912","133.0108","139.6168","119.5914","36.6881","177.4597","129.9610","86.6702","33.0300","53.8399","159.1118","27.0592","26.4701","23.0018","68.8866","47.6711","22.0817","31.0242","24.3896","25.6064","28.1296","191.0480","175.9509","84.7793","23.8893","105.0908","98.7040","44.4432","147.3989","40.1948","18.3215","83.5878","36.5288","48.1818","19.8305","88.2815","20.2743","20.0012","103.6253","35.4063","125.2142","23.7253","87.4706","34.8141","25.7290","113.4879","42.9484","26.4064","25.0188","22.1631","80.9298","99.3975","53.4122","48.6886","151.7540","30.7988","23.6384","62.7606","36.7069","39.4495","30.4522","77.2446","46.3980","34.4062","95.1281","27.3352","65.0695","37.7536","35.7672","50.8184","143.5773","43.3879","127.0519","55.1113","15.1704","13.1912","27.8040","69.8257","165.8462","19.5687","37.0982","32.9327"
"C:\Users\cfg364\Sommerlab Dropbox\Casper van der Luijt\Casper\Data\BioLog\OmniLog\CL3\DATA_2024\08\_RIB40_Aspergillus oryzae__2_30_CL3_769_8#19#2024_A_ 8B_6.OKA","8/19/2024 7:16:29 PM"," 8-B","PM02A","","RIB40","Aspergillus oryzae","",70.7500,"48.7537","42.7492","114.1272","142.7097","143.3418","130.8280","55.8990","100.6479","31.7471","93.7744","37.0354","140.5185","41.7436","34.4753","46.3979","131.9453","141.5843","119.7617","34.6800","185.0823","134.2441","84.0279","33.2517","57.6920","163.3716","29.0865","27.2624","25.2613","68.4375","48.4657","25.8747","33.0048","26.3611","22.8845","29.1839","192.8096","174.3279","83.4256","23.6664","110.7935","101.2942","43.4139","148.4103","42.1575","16.6403","84.1214","35.1100","44.6582","18.4874","91.3768","18.0891","15.6814","103.3509","34.4524","122.8002","28.0542","85.6362","31.2568","26.3439","118.9861","44.6346","30.0175","23.6308","19.9080","76.7078","97.6920","47.7315","49.1738","152.1877","33.3431","20.7686","61.5078","37.9764","43.4991","28.3772","81.5355","47.8466","30.7912","94.6424","23.8865","65.7771","35.5514","35.8981","48.0741","149.3478","47.6363","131.4692","52.4212","20.5320","11.0000","24.6497","68.4067","168.0743","21.7461","44.1997","25.4840"
"C:\Users\cfg364\Sommerlab Dropbox\Casper van der Luijt\Casper\Data\BioLog\OmniLog\CL3\DATA_2024\08\_RIB40_Aspergillus oryzae__2_30_CL3_769_8#19#2024_A_ 8B_6.OKA","8/19/2024 7:16:29 PM"," 8-B","PM02A","","RIB40","Aspergillus oryzae","",71.0000,"46.5893","42.7492","112.6921","142.1740","142.3924","131.9548","55.4402","99.3237","33.0417","97.0827","38.5355","136.0330","37.7091","35.9099","42.8999","133.5728","140.2732","115.1689","37.4198","186.1549","133.1688","84.3891","33.4172","50.9981","162.2990","28.7600","24.7362","26.1647","67.5000","47.7731","22.2280","29.5186","25.7223","22.8845","25.2827","191.8567","178.7823","82.2109","21.0891","108.4106","98.1126","43.8545","154.8901","38.5501","18.4880","80.5258","36.9646","44.5604","21.5866","92.5310","17.7143","15.8699","100.5951","34.2640","125.2846","25.8161","88.7447","32.0082","24.8225","112.2626","42.3203","28.4274","24.0631","21.4031","79.1449","97.1850","51.3507","50.1219","151.2937","32.1570","23.9709","64.2074","38.0069","40.2873","29.7996","81.5355","48.6469","32.7703","93.6909","24.3943","66.7006","34.3608","38.3686","47.4525","147.5962","45.4016","128.9705","55.5432","19.4199","12.9989","24.8388","69.7705","168.0101","20.8800","39.5921","25.2655"
"C:\Users\cfg364\Sommerlab Dropbox\Casper van der Luijt\Casper\Data\BioLog\OmniLog\CL3\DATA_2024\08\_RIB40_Aspergillus oryzae__2_30_CL3_769_8#19#2024_A_ 8B_6.OKA","8/19/2024 7:16:29 PM"," 8-B","PM02A","","RIB40","Aspergillus oryzae","",71.2500,"47.1327","43.7197","118.0339","144.4350","141.7352","136.4997","58.8308","104.1642","35.1373","99.1876","42.8169","142.4095","41.1639","34.4769","44.0591","131.2082","140.7746","121.2028","44.3390","184.9386","129.8850","91.4796","37.9663","62.5331","162.2856","28.2961","25.9356","25.7272","71.2128","45.2467","27.8373","29.6654","26.5632","24.3004","27.6162","191.5981","176.1582","81.2552","22.7601","109.3532","105.6455","42.5294","148.8155","40.0323","22.6593","85.4462","38.3682","47.6878","23.3016","89.0540","25.1080","15.1769","101.9939","35.2426","127.7714","27.5141","95.8922","35.7040","24.5096","115.2124","49.0948","28.1025","25.8745","18.6450","78.3847","101.9679","50.7060","49.8429","154.0932","36.5269","27.3474","63.7545","40.9539","40.8262","26.2151","81.4938","51.4321","33.1391","97.7289","28.7808","68.3758","39.2694","36.2609","48.9960","148.3238","39.7532","134.1916","59.5237","19.8773","11.0000","24.0028","70.8111","169.3540","22.4847","39.4033","32.3398"
"C:\Users\cfg364\Sommerlab Dropbox\Casper van der Luijt\Casper\Data\BioLog\OmniLog\CL3\DATA_2024\08\_RIB40_Aspergillus oryzae__2_30_CL3_769_8#19#2024_A_ 8B_6.OKA","8/19/2024 7:16:29 PM"," 8-B","PM02A","","RIB40","Aspergillus oryzae","",71.5000,"45.6182","42.4264","117.0641","144.4036","145.0874","133.8711","55.3422","100.1479","35.9594","97.3359","40.6936","137.3956","39.5780","35.2279","40.3537","132.2000","139.8398","117.0754","40.1515","186.1351","133.4133","87.3641","34.8675","51.7065","163.1962","28.6237","23.8155","27.6244","65.8842","43.6023","27.3290","29.3442","24.0705","20.7493","27.0365","194.5710","174.6076","76.7723","22.7916","107.7498","100.8831","46.2852","151.1960","37.9609","19.1066","85.6727","37.3317","43.2169","21.1954","86.2859","21.6505","11.8544","101.9939","34.0180","124.3565","24.3821","90.5646","32.2305","23.8926","111.7238","49.4003","26.1488","24.1535","17.1784","77.7770","98.3758","48.7714","47.3186","151.9693","31.3127","23.5651","59.2768","39.2544","40.6039","25.7813","81.0926","47.4688","31.6440","94.0875","27.4837","67.4867","38.0876","35.4574","42.9802","146.4493","39.4351","129.9639","56.9894","17.1824","11.0000","25.1047","70.3053","167.9448","16.8228","35.7455","28.0037"
"C:\Users\cfg364\Sommerlab Dropbox\Casper van der Luijt\Casper\Data\BioLog\OmniLog\CL3\DATA_2024\08\_RIB40_Aspergillus oryzae__2_30_CL3_769_8#19#2024_A_ 8B_6.OKA","8/19/2024 7:16:29 PM"," 8-B","PM02A","","RIB40","Aspergillus oryzae","",71.7500,"44.8455","43.1377","118.9714","144.2779","143.2215","135.7303","59.2547","101.3331","35.8607","98.3940","39.0679","141.0332","38.2097","34.0524","44.4780","133.7038","141.5535","119.7106","46.9159","186.5231","130.2444","82.7261","29.5270","54.1746","162.9450","27.8375","26.1571","30.6470","70.4292","45.6577","25.8042","28.6695","27.4260","23.2674","28.3568","195.2571","179.6709","83.6440","21.4080","110.4756","98.8511","41.5826","150.9421","39.4906","22.5301","87.8404","39.2426","40.0610","23.9426","92.0474","22.7618","12.9302","102.5365","32.0710","128.1825","24.6985","93.4187","33.7563","23.4054","112.2312","49.8280","24.7396","26.2741","17.0536","78.9923","99.2581","50.4840","47.2870","150.4160","32.6243","26.6102","57.3533","40.1042","44.0661","23.7361","83.2840","51.2083","37.9104","97.0956","26.8825","69.8681","36.8737","37.4179","40.9230","150.9971","41.6298","130.1815","58.0402","20.1943","11.0000","23.0268","69.2304","165.8949","15.2786","38.7672","29.2116"
"C:\Users\cfg364\Sommerlab Dropbox\Casper van der Luijt\Casper\Data\BioLog\OmniLog\CL3\DATA_2024\08\_RIB40_Aspergillus oryzae__2_30_CL3_769_8#19#2024_A_ 8B_6.OKA","8/19/2024 7:16:29 PM"," 8-B","PM02A","","RIB40","Aspergillus oryzae","",72.0000,"44.9073","43.8490","115.7387","146.5400","141.4505","135.2816","57.4614","100.9051","33.8219","97.3028","37.0441","142.6717","40.5420","31.6035","41.9325","134.3438","142.4260","117.9326","39.6683","187.4285","131.6818","81.6482","34.9005","51.0813","163.5416","25.2497","23.8788","24.1516","68.6112","47.1440","25.9630","26.2922","24.2623","24.0422","27.8416","194.7017","176.7595","83.7421","24.6153","109.1929","100.5338","41.9613","153.1957","44.1434","15.2955","85.3168","38.6597","41.5732","22.5385","87.8953","22.7001","15.9680","102.1854","32.5420","129.0995","23.5596","90.6598","33.3343","24.4771","110.0113","45.0623","26.2769","25.3521","17.7713","77.8410","97.8086","51.8160","46.4035","153.3958","32.7842","23.5651","55.2406","40.7415","40.5404","24.7587","83.9938","49.5143","32.2484","96.8106","24.8577","66.5024","34.6377","33.4648","41.9828","150.9971","42.0751","134.0672","56.8967","20.1943","11.0000","24.3177","66.9543","168.8736","16.1472","36.0318","28.2825"
"C:\Users\cfg364\Sommerlab Dropbox\Casper van der Luijt\Casper\Data\BioLog\OmniLog\CL3\DATA_2024\08\_RIB40_Aspergillus oryzae__2_30_CL3_769_8#19#2024_A_ 8B_6.OKA","8/19/2024 7:16:29 PM"," 8-B","PM02A","","RIB40","Aspergillus oryzae","",72.2500,"46.6416","46.1775","115.7421","145.4268","146.4448","133.9872","55.5465","101.4875","31.9381","94.9283","41.1665","144.0102","40.9326","29.6105","42.5244","135.9341","139.7850","119.8636","38.9197","187.9835","136.0591","88.0703","34.5213","56.9755","162.2519","30.8031","28.0743","23.2447","69.1744","43.9774","23.2279","30.6055","28.4102","24.8423","30.3386","195.3784","176.5483","81.2946","20.1934","107.4210","106.3623","44.1100","149.1083","41.0000","18.5933","82.7797","35.0976","47.0861","24.5284","93.1658","21.1286","14.8886","106.7679","32.4452","128.0757","23.9461","92.8022","35.4242","22.2598","115.6052","45.9920","28.0432","20.1239","22.1150","80.9306","97.1252","52.7411","47.2847","149.1822","31.3126","24.5761","61.6809","35.1927","39.1867","27.2745","82.5907","50.0005","36.3917","100.2519","29.7105","70.1155","38.1631","38.8115","53.4752","146.6001","44.4541","138.6182","55.9686","21.6115","11.0000","22.5797","70.9561","168.2278","22.0469","39.2336","33.3473"
"C:\Users\cfg364\Sommerlab Dropbox\Casper van der Luijt\Casper\Data\BioLog\OmniLog\CL3\DATA_2024\08\_RIB40_Aspergillus oryzae__2_30_CL3_769_8#19#2024_A_ 8B_6.OKA","8/19/2024 7:16:29 PM"," 8-B","PM02A","","RIB40","Aspergillus oryzae","",72.5000,"47.1267","46.1472","116.8254","141.6161","142.2309","130.1105","53.0070","101.2673","29.5157","97.0942","41.4862","147.1177","37.0992","31.7861","44.6446","137.0428","142.3886","119.7959","44.5475","187.8638","134.3159","86.5461","30.3076","57.3911","162.5278","24.2627","32.4776","26.0465","69.0702","42.4545","23.3485","30.4661","25.3150","27.2094","27.9382","194.6395","177.2601","85.3384","22.2547","110.4392","104.9694","42.7127","148.0783","41.2542","20.3999","84.6906","34.2337","49.5296","21.7209","91.7596","22.8885","14.2330","103.8674","34.2228","125.0469","23.5479","92.7001","26.3523","27.4907","111.1234","41.3461","25.6895","21.4034","18.4271","79.5205","103.7799","52.3142","49.8696","151.6623","32.0536","26.2419","63.0755","37.2707","40.2774","23.9934","83.1261","49.4763","33.0721","99.9542","32.5632","67.8577","36.7235","33.5827","46.8241","149.5222","44.6448","134.2710","54.6376","18.0451","13.7897","23.0608","72.4507","166.3459","18.6701","37.3494","28.6720"
"C:\Users\cfg364\Sommerlab Dropbox\Casper van der Luijt\Casper\Data\BioLog\OmniLog\CL3\DATA_2024\08\_RIB40_Aspergillus oryzae__2_30_CL3_769_8#19#2024_A_ 8B_6.OKA","8/19/2024 7:16:29 PM"," 8-B","PM02A","","RIB40","Aspergillus oryzae","",72.7500,"44.3388","46.3603","116.7385","146.6777","144.3147","132.5025","53.9797","99.1920","31.9441","92.8427","41.3666","146.0477","39.0732","33.8975","42.3303","137.2801","140.7595","115.3792","43.8409","182.7488","135.0250","87.9882","33.2278","56.8807","161.1856","27.2308","29.1667","23.5525","69.3572","44.1227","24.5022","31.8196","23.8020","23.0917","27.2845","193.3745","177.9147","79.2977","19.8390","114.6781","106.6068","47.0116","153.1012","39.1412","21.2898","87.2262","36.0326","43.7936","14.2893","86.9183","19.4454","18.6788","105.4622","33.0180","124.4842","22.1901","90.9698","36.7900","25.2751","112.4954","42.7461","24.0858","22.6704","21.8027","80.2218","98.6020","53.9389","52.2634","153.4923","34.3232","20.6687","62.2839","34.5536","42.5098","27.9826","82.8341","47.9398","34.1888","98.9354","25.0613","66.7545","35.3416","34.6040","49.6080","149.5080","44.0398","135.8432","57.3377","17.8986","11.0000","24.9749","70.8668","168.0944","16.9918","36.0849","30.1213"
"C:\Users\cfg364\Sommerlab Dropbox\Casper van der Luijt\Casper\Data\BioLog\OmniLog\CL3\DATA_2024\08\_RIB40_Aspergillus oryzae__2_30_CL3_769_8#19#2024_A_ 8B_6.OKA","8/19/2024 7:16:29 PM"," 8-B","PM02A","","RIB40","Aspergillus oryzae","",73.0000,"46.3857","47.1654","119.6613","152.7921","145.4579","135.8003","53.4211","102.8267","28.5864","96.0870","42.9299","144.2694","36.4610","32.2549","44.8689","142.4266","143.7910","119.7471","42.6174","186.7619","133.5893","88.5483","33.8544","58.5346","161.6317","27.1331","26.2122","25.9851","72.7881","45.7120","23.1965","28.6950","26.5292","23.6995","29.8811","192.4480","175.8011","81.1913","21.4806","115.0318","105.1803","44.2125","152.6879","41.8945","23.6371","87.1611","36.5875","45.3082","17.8553","89.7361","21.3704","17.6445","104.8241","31.9500","127.0974","23.6482","91.8669","35.7519","24.7548","111.9565","42.1248","25.7857","25.5341","20.5921","78.9091","99.9380","51.2990","52.5473","150.6978","34.1952","18.9491","62.1269","35.9247","42.8288","26.1852","83.5496","51.0128","30.9947","96.9700","30.2435","68.8005","38.7090","36.0170","51.5431","153.0154","46.2192","132.8319","54.2713","19.4636","14.1853","23.4572","68.6459","169.8549","21.2763","32.9413","31.4517"
"C:\Users\cfg364\Sommerlab Dropbox\Casper van der Luijt\Casper\Data\BioLog\OmniLog\CL3\DATA_2024\08\_RIB40_Aspergillus oryzae__2_30_CL3_769_8#19#2024_A_ 8B_6.OKA","8/19/2024 7:16:29 PM"," 8-B","PM02A","","RIB40","Aspergillus oryzae","",73.2500,"45.5299","44.2016","118.3131","148.7545","145.3982","133.1737","56.8189","101.2817","33.9113","99.1415","43.0849","146.9228","42.8074","33.8269","43.3803","140.8824","135.9945","119.6416","38.5364","186.4385","135.2915","85.8745","35.9381","58.0283","162.5413","26.4069","26.2101","28.1324","70.6546","46.7039","21.6346","32.4436","25.9236","25.3894","26.7026","195.6218","176.8070","82.4689","20.0741","112.0467","109.7681","45.9028","154.4061","39.3525","18.0288","88.7372","36.3186","51.9753","21.2137","93.0209","18.0662","14.7884","105.8527","31.7967","126.0345","23.1356","94.3258","32.5376","26.5913","119.4591","46.2297","24.1101","22.1135","22.3048","81.9241","97.8528","54.3952","50.6869","151.2903","35.9963","23.6295","64.1601","37.9145","39.5197","24.7945","88.5610","52.2914","34.1622","96.2097","31.8265","70.0464","34.8462","37.9093","48.0839","151.1803","44.5953","136.4057","54.3190","21.5876","13.6444","22.2703","69.3588","162.4268","19.6321","35.5847","29.6290"
"C:\Users\cfg364\Sommerlab Dropbox\Casper van der Luijt\Casper\Data\BioLog\OmniLog\CL3\DATA_2024\08\_RIB40_Aspergillus oryzae__2_30_CL3_769_8#19#2024_A_ 8B_6.OKA","8/19/2024 7:16:29 PM"," 8-B","PM02A","","RIB40","Aspergillus oryzae","",73.5000,"46.7639","45.0402","125.1510","146.9094","148.4433","135.9262","54.6873","100.4493","30.5006","100.4754","41.4119","147.2631","37.6601","27.1622","43.8163","141.3388","137.6433","119.5188","42.3291","188.0806","134.3787","89.3188","32.4136","57.6112","167.1533","26.9784","26.7197","28.8829","69.1269","48.7107","21.2552","30.1090","25.0145","25.3038","27.6359","195.6767","178.3672","82.9256","22.5052","110.3615","101.0359","47.2189","152.3281","38.1236","20.9572","90.4256","37.3153","50.1955","20.5268","95.9170","18.7993","16.3018","107.9728","29.9955","126.2026","23.6586","96.7079","32.3824","23.8768","119.2100","41.9029","24.9686","23.6082","20.8048","84.1087","100.5734","51.4596","52.8903","151.5162","34.8509","24.3916","63.8047","35.2787","47.9192","28.2564","90.8707","48.8247","33.3533","100.2955","29.4179","69.8506","39.0952","36.2976","49.9453","151.1356","44.7191","138.0004","58.2805","16.0496","12.6397","23.4249","70.4348","166.9327","21.7538","38.8156","26.8550"
"C:\Users\cfg364\Sommerlab Dropbox\Casper van der Luijt\Casper\Data\BioLog\OmniLog\CL3\DATA_2024\08\_RIB40_Aspergillus oryzae__2_30_CL3_769_8#19#2024_A_ 8B_6.OKA","8/19/2024 7:16:29 PM"," 8-B","PM02A","","RIB40","Aspergillus oryzae","",73.7500,"45.4058","43.7371","120.5485","146.6476","145.8850","135.9393","53.4575","103.0883","29.4695","98.2274","43.1456","142.6186","40.2123","34.3065","42.4360","136.9176","140.9448","120.6846","41.9003","184.5020","133.1594","88.0637","39.1739","57.5189","165.7585","27.1681","24.1476","26.4721","68.3848","48.8226","19.7030","26.6297","24.8935","25.7172","25.9276","195.9930","176.5453","81.3606","17.8523","113.3535","104.8902","45.1186","155.2771","39.6827","19.8555","83.9785","32.9828","49.9537","22.3757","96.9206","21.6003","17.7370","105.4907","34.9861","125.3351","21.7635","92.5918","29.0210","28.2877","114.2565","42.6273","26.1147","26.8217","21.8140","78.9332","102.5303","58.4507","51.2219","151.5014","36.3960","23.6155","61.4543","35.3118","37.8323","24.7789","86.0237","49.5812","33.3012","96.3061","28.4675","70.0287","36.7780","37.0942","53.9167","150.3448","40.1885","135.4564","57.7475","17.0157","11.1293","21.0108","69.7999","164.3972","22.9691","42.3496","26.9122"
"C:\Users\cfg364\Sommerlab Dropbox\Casper van der Luijt\Casper\Data\BioLog\OmniLog\CL3\DATA_2024\08\_RIB40_Aspergillus oryzae__2_30_CL3_769_8#19#2024_A_ 8B_6.OKA","8/19/2024 7:16:29 PM"," 8-B","PM02A","","RIB40","Aspergillus oryzae","",74.0000,"45.9332","45.6476","122.6933","146.9298","145.7268","137.8421","55.2892","100.8198","28.8338","100.4614","41.9169","146.0262","38.7126","34.3391","40.8836","140.0952","142.4359","122.2075","40.8692","186.5562","136.6785","89.9032","33.8012","51.4856","167.5956","29.6781","30.2810","26.4077","66.8730","48.1922","19.7351","26.1141","26.0780","26.4242","27.9910","194.8078","180.6008","82.4365","20.8837","113.6749","107.1143","46.2853","157.4875","43.4626","20.8897","84.2072","32.5556","48.2899","21.9782","95.9297","23.5473","15.6907","107.7945","34.7349","126.0022","21.7954","97.2917","29.0537","23.6432","113.7483","45.4270","28.2556","24.8209","21.1943","81.4374","101.5589","54.1801","54.0340","149.4357","35.5984","26.9303","65.0671","40.3692","38.7278","24.9966","86.7987","47.9218","33.1734","101.0259","28.7518","71.1767","35.1408","40.7122","49.3452","150.5615","45.6315","138.5788","59.2645","17.3036","11.0000","22.5898","71.1304","164.8793","23.0011","39.2304","27.9378"
"C:\Users\cfg364\Sommerlab Dropbox\Casper van der Luijt\Casper\Data\BioLog\OmniLog\CL3\DATA_2024\08\_RIB40_Aspergillus oryzae__2_30_CL3_769_8#19#2024_A_ 8B_6.OKA","8/19/2024 7:16:29 PM"," 8-B","PM02A","","RIB40","Aspergillus oryzae","",74.2500,"49.5800","48.4800","119.2025","146.2330","144.7093","138.1613","57.4204","95.6936","29.7373","101.3386","41.8087","143.7469","38.8324","34.1579","41.2926","141.6226","141.2475","120.6016","42.2238","188.6794","131.7120","90.0721","35.9364","56.8794","164.8886","29.0637","27.9022","25.2962","67.5246","49.3755","22.7878","32.4414","24.1904","26.4522","28.2141","198.3199","178.4667","85.4076","19.6157","115.9327","106.6441","47.4562","155.4329","39.7907","21.6170","91.5301","36.2759","46.6248","21.5747","88.1470","18.0953","16.0749","105.5477","35.1770","125.6268","20.9974","96.6488","31.1554","28.1561","116.0647","46.0134","24.8354","22.2378","23.3783","80.9440","100.1851","52.6735","51.2682","152.5504","37.7232","23.6219","62.1013","35.7886","43.5185","27.1580","90.2936","52.6998","34.4500","100.9944","29.3544","70.9314","42.6537","40.4684","44.9636","151.5294","48.3247","140.3681","58.5555","17.2434","13.1605","23.8625","72.2283","165.9305","18.8351","41.4604","26.2008"
"C:\Users\cfg364\Sommerlab Dropbox\Casper van der Luijt\Casper\Data\BioLog\OmniLog\CL3\DATA_2024\08\_RIB40_Aspergillus oryzae__2_30_CL3_769_8#19#2024_A_ 8B_6.OKA","8/19/2024 7:16:29 PM"," 8-B","PM02A","","RIB40","Aspergillus oryzae","",74.5000,"45.6780","46.2412","124.6385","148.0345","144.6311","136.2031","54.9337","100.0835","29.8489","98.7186","41.3000","144.8956","37.8642","32.9157","38.3297","139.5937","140.0021","126.0161","40.3181","186.9092","134.8199","84.8844","36.2729","52.5144","167.1231","29.2862","25.2804","23.1327","69.8751","44.7322","22.0481","28.9143","24.3593","24.3686","26.9762","194.4882","179.6442","80.2074","18.6198","115.7367","108.2747","43.6271","151.6171","39.4035","21.1437","87.4388","35.2439","43.3794","20.2331","93.4209","19.5430","14.8186","106.4095","34.0657","127.9847","21.8062","95.8209","29.4255","25.6317","110.3865","43.3067","29.4284","24.6580","21.1508","78.7198","98.5214","54.1127","51.9684","150.9557","32.2146","23.1687","62.5341","34.2080","39.0688","23.7562","89.3286","50.2456","32.2133","100.4654","27.6362","70.8551","35.6772","37.3201","48.9960","148.5656","47.6706","142.1405","55.8661","19.6741","13.3222","25.4611","73.1480","168.5262","22.5299","34.5049","28.7784"
"C:\Users\cfg364\Sommerlab Dropbox\Casper van der Luijt\Casper\Data\BioLog\OmniLog\CL3\DATA_2024\08\_RIB40_Aspergillus oryzae__2_30_CL3_769_8#19#2024_A_ 8B_6.OKA","8/19/2024 7:16:29 PM"," 8-B","PM02A","","RIB40","Aspergillus oryzae","",74.7500,"45.3981","43.7147","120.8788","145.1539","149.5980","133.7513","53.5494","97.2376","30.0820","97.8816","39.2000","145.8162","34.5728","29.1258","38.2974","144.7910","137.1110","117.2103","42.3546","186.9743","135.0805","87.0575","33.0809","51.3197","166.9966","29.9033","27.0181","23.0033","68.4621","43.2725","23.5169","28.9785","25.3525","23.4367","26.3307","197.1316","179.1032","76.5943","19.1889","114.0625","105.9993","44.7262","156.8333","41.7943","18.2362","89.0002","34.3978","46.2663","21.1503","93.8390","19.0753","14.8502","110.6243","32.0203","126.0763","21.7744","93.3901","28.3436","25.8907","111.4960","46.2465","26.6545","21.9140","20.1885","78.5918","100.4487","54.0180","47.8145","149.8080","28.2289","21.4580","59.6502","34.0243","37.9166","24.3474","91.5276","48.5783","31.9581","99.6736","25.4814","70.4414","36.4795","33.4730","46.7517","147.2950","46.6906","141.2997","54.4670","16.9416","11.0000","26.4986","69.0006","165.7350","20.4744","37.3714","26.9725"
"C:\Users\cfg364\Sommerlab Dropbox\Casper van der Luijt\Casper\Data\BioLog\OmniLog\CL3\DATA_2024\08\_RIB40_Aspergillus oryzae__2_30_CL3_769_8#19#2024_A_ 8B_6.OKA","8/19/2024 7:16:29 PM"," 8-B","PM02A","","RIB40","Aspergillus oryzae","",75.0000,"48.9264","48.2949","121.7675","151.5937","146.1497","135.1722","50.8796","99.9712","33.9163","100.9652","43.3597","144.7447","42.1226","30.5516","40.8896","141.7224","142.5535","119.0270","44.0207","190.9713","134.0417","88.4817","29.3095","51.2278","166.9391","30.7976","30.0832","27.8919","71.8531","47.3709","23.7324","29.4476","25.6707","24.1380","25.9021","195.6000","184.0030","81.7676","20.2522","115.9581","108.8170","48.1738","155.9145","40.2213","17.6432","88.5760","36.8636","44.0943","21.6775","96.1922","20.1220","13.8808","104.7920","35.3929","127.6816","23.5065","98.2937","32.2189","25.3756","114.8649","41.7270","25.1377","22.3391","19.3773","81.3325","101.6516","57.4617","52.3352","152.4645","30.8286","24.1037","62.3001","33.9622","41.8604","28.3236","89.2292","50.2722","36.7857","103.1393","27.0913","71.0170","35.3718","31.7568","50.7222","153.2329","44.0729","142.1064","57.7234","16.1740","11.6461","27.1056","70.7270","164.6094","15.8903","34.0248","27.2202"
"C:\Users\cfg364\Sommerlab Dropbox\Casper van der Luijt\Casper\Data\BioLog\OmniLog\CL3\DATA_2024\08\_RIB40_Aspergillus oryzae__2_30_CL3_769_8#19#2024_A_ 8B_6.OKA","8/19/2024 7:16:29 PM"," 8-B","PM02A","","RIB40","Aspergillus oryzae","",75.2500,"51.6951","46.4817","124.9965","149.4565","145.4031","134.0144","54.9486","99.8397","27.5554","103.2506","40.9788","143.9087","39.2458","26.0355","42.5591","142.9725","143.4647","124.0807","47.6662","189.5921","135.6930","89.8152","31.1500","49.9689","166.4538","30.8143","26.8004","25.8987","70.3367","46.7340","22.3380","31.0215","24.5815","23.7591","26.1130","195.7364","183.4596","79.4783","20.5431","114.7604","108.2382","45.5743","150.8832","42.2876","22.3410","89.0559","35.7652","48.0907","19.3616","92.9694","18.8358","17.2366","107.8100","36.5618","130.1077","24.0935","94.5734","30.9842","24.2651","115.2777","45.3936","23.1079","23.5778","20.6944","85.7603","100.8699","58.4498","53.3889","152.9731","36.1762","24.9286","57.8265","37.4730","43.9104","25.3816","90.6182","47.7878","33.3450","103.8081","29.0192","73.5560","40.7062","35.5284","46.0935","158.0717","45.9873","142.2730","58.5246","16.7587","12.7692","23.2329","70.2322","163.6293","15.4582","38.8871","27.2841"
"C:\Users\cfg364\Sommerlab Dropbox\Casper van der Luijt\Casper\Data\BioLog\OmniLog\CL3\DATA_2024\08\_RIB40_Aspergillus oryzae__2_30_CL3_769_8#19#2024_A_ 8B_6.OKA","8/19/2024 7:16:29 PM"," 8-B","PM02A","","RIB40","Aspergillus oryzae","",75.5000,"54.9655","45.9618","121.8553","148.4461","143.5262","137.1213","55.9318","97.2112","26.8211","103.1172","42.9441","146.0382","39.1519","30.9038","38.8519","141.7275","144.2108","122.7114","41.8869","190.1113","136.6006","89.8483","33.2311","54.2248","168.2935","29.0277","22.6923","26.2212","70.6508","47.3053","20.6036","28.6509","24.2933","20.5855","26.0807","198.4912","182.6060","78.7207","19.8456","114.3749","105.2820","44.6297","153.0298","42.0960","23.2381","88.3380","37.4664","46.6464","23.7108","91.7416","18.9291","14.1498","109.9166","36.6866","129.9810","23.8405","95.7301","34.7129","25.7857","115.4049","47.1518","21.8198","23.6393","21.7819","81.1116","100.8384","57.3785","54.0557","151.2611","36.5268","25.9580","60.8567","37.2293","39.6732","26.9933","92.5887","46.2162","35.9514","101.6180","27.3753","75.2073","40.9940","37.3170","52.1300","153.8029","43.7290","143.5892","59.2048","17.2041","11.0000","24.6202","72.1041","169.5504","23.4764","39.4927","26.1365"
"C:\Users\cfg364\Sommerlab Dropbox\Casper van der Luijt\Casper\Data\BioLog\OmniLog\CL3\DATA_2024\08\_RIB40_Aspergillus oryzae__2_30_CL3_769_8#19#2024_A_ 8B_6.OKA","8/19/2024 7:16:29 PM"," 8-B","PM02A","","RIB40","Aspergillus oryzae","",75.7500,"52.8033","46.8146","126.2823","147.7301","151.9932","137.0692","52.9854","99.1243","31.0241","105.2932","42.4532","146.1169","39.2382","32.2237","41.7000","143.9600","144.6265","122.7299","43.4568","188.9145","132.2832","93.3448","36.0058","55.7525","166.0526","27.4086","25.8212","24.1986","72.9622","49.7164","24.2643","29.1698","23.2918","27.6887","28.3404","199.1223","182.3537","85.4004","23.0612","116.6802","110.6980","46.0382","157.2355","43.3325","16.9504","90.4393","38.3415","51.1554","21.1968","94.1857","20.1455","17.6907","112.1359","35.2741","126.0124","25.3294","99.8212","37.8885","29.5512","112.6062","45.5255","25.5843","23.2555","22.3582","81.2060","101.7455","56.4735","52.1954","153.2981","33.4173","28.9196","60.8312","38.5990","41.8911","23.3080","91.5610","46.8781","36.4614","108.6899","31.2486","73.9949","35.9755","39.9431","50.7336","155.9967","46.2634","144.3517","57.0171","19.0704","12.4217","22.7426","78.5599","165.8634","22.6893","37.5505","27.8144"
"C:\Users\cfg364\Sommerlab Dropbox\Casper van der Luijt\Casper\Data\BioLog\OmniLog\CL3\DATA_2024\08\_RIB40_Aspergillus oryzae__2_30_CL3_769_8#19#2024_A_ 8B_6.OKA","8/19/2024 7:16:29 PM"," 8-B","PM02A","","RIB40","Aspergillus oryzae","",76.0000,"50.2641","48.4924","121.9897","148.6774","146.1842","135.9735","52.1660","97.2338","32.4780","102.9699","44.9390","148.9708","40.1381","36.0019","44.9536","145.8417","146.3050","123.6525","44.5849","193.0272","132.6443","92.3614","36.6612","56.4780","169.5074","30.4629","29.5658","25.2312","74.6529","49.9995","25.3829","31.3206","26.1878","28.1371","27.1201","199.9765","183.5185","83.9255","24.8515","115.8134","110.8248","42.5060","157.9653","43.7143","20.8958","92.8485","35.9597","48.6702","21.0442","92.0948","19.4324","15.5547","111.8814","33.2069","127.9915","25.1075","100.2662","39.3139","25.7764","113.8488","46.2982","24.0423","22.8552","21.6754","80.7276","99.9206","59.0069","51.4038","152.9824","36.6518","26.3687","61.0807","37.2601","43.9995","25.4634","91.9612","49.8546","38.0745","105.5886","32.7263","70.3550","40.1755","37.8963","50.8584","153.8935","49.0857","146.3136","61.2005","21.5170","11.0000","29.2278","76.1009","166.9221","20.2419","37.8381","27.5965"
"C:\Users\cfg364\Sommerlab Dropbox\Casper van der Luijt\Casper\Data\BioLog\OmniLog\CL3\DATA_2024\08\_RIB40_Aspergillus oryzae__2_30_CL3_769_8#19#2024_A_ 8B_6.OKA","8/19/2024 7:16:29 PM"," 8-B","PM02A","","RIB40","Aspergillus oryzae","",76.2500,"52.1450","47.3666","125.0062","151.7653","147.3834","136.3665","52.4658","101.3307","29.4537","102.5945","42.1121","144.4276","38.9359","30.9649","47.1702","145.8718","143.3637","123.0631","39.8668","189.9645","134.3756","90.4518","30.5793","56.9415","168.6303","27.7909","25.3860","27.3189","73.3183","46.0156","22.8588","34.3534","25.6199","23.0113","25.3877","198.4293","178.2558","79.9749","24.0041","115.1448","108.6647","46.3669","156.9484","40.1921","20.4049","89.7110","34.9089","49.1507","21.2941","95.0131","19.0623","14.9259","110.9831","36.8581","129.0907","24.5574","96.0191","35.9751","21.9258","110.6992","44.4041","27.0341","22.5831","16.2280","84.4403","99.0970","58.0890","55.1632","151.9753","35.2008","24.1086","56.6108","37.1825","41.9554","25.4289","90.6721","53.0263","35.7579","104.8876","27.4797","70.9850","41.0586","37.5925","51.8600","157.7668","46.8055","145.6745","61.6753","18.1710","11.0000","23.4324","71.7414","163.2105","18.1597","36.4694","26.4744"
"C:\Users\cfg364\Sommerlab Dropbox\Casper van der Luijt\Casper\Data\BioLog\OmniLog\CL3\DATA_2024\08\_RIB40_Aspergillus oryzae__2_30_CL3_769_8#19#2024_A_ 8B_6.OKA","8/19/2024 7:16:29 PM"," 8-B","PM02A","","RIB40","Aspergillus oryzae","",76.5000,"50.3288","50.4046","124.9761","150.1315","149.0577","135.7993","54.1235","99.3332","27.8070","103.1000","42.8518","145.3041","38.5364","34.5911","43.6601","143.9810","141.3279","121.3975","38.0605","191.4941","135.9121","92.8783","38.0371","56.3153","170.0437","28.7423","22.9162","29.8917","73.7347","48.7722","21.8425","29.6316","25.8207","27.6962","25.8626","199.5452","182.6766","82.2641","19.9198","118.4038","115.3282","50.4850","157.0074","39.6024","24.8332","89.4259","37.0124","45.8028","20.7743","95.5022","17.4781","15.1537","110.7740","34.9635","124.6387","23.1221","99.4363","31.6235","24.7526","112.3756","52.8449","25.6387","22.5497","21.6157","83.4022","99.9528","56.0523","56.2516","151.6477","34.7450","22.5440","59.5213","35.5855","42.5950","23.1053","89.8874","47.6865","33.7450","107.2975","30.1606","72.3484","38.7981","36.2219","47.1489","156.1325","51.5480","145.0692","59.8869","19.0554","11.0000","22.4113","73.2260","167.5268","21.8119","44.4195","29.9226"
"C:\Users\cfg364\Sommerlab Dropbox\Casper van der Luijt\Casper\Data\BioLog\OmniLog\CL3\DATA_2024\08\_RIB40_Aspergillus oryzae__2_30_CL3_769_8#19#2024_A_ 8B_6.OKA","8/19/2024 7:16:29 PM"," 8-B","PM02A","","RIB40","Aspergillus oryzae","",76.7500,"49.5205","49.9189","126.9238","155.1285","147.2533","136.2178","57.8776","99.2007","32.6660","105.8333","45.6417","144.0203","39.8507","32.8849","44.3680","143.0824","142.6063","123.6264","43.4271","192.2053","137.3408","93.3374","36.8587","58.5596","168.9076","28.7423","25.9505","29.1849","73.1402","50.0313","22.9619","28.9903","25.6927","25.2607","26.9242","201.2234","182.4552","82.0678","20.6132","120.3910","117.7128","49.4582","157.4203","40.2750","21.2945","93.8282","38.9682","47.8982","21.5379","93.9828","17.9453","19.1501","111.6065","33.4950","128.9654","22.7423","98.3805","39.4225","26.3095","115.1473","50.5185","26.6592","22.9501","22.4490","85.4763","99.5417","58.8918","56.3145","151.3293","31.7889","25.3816","62.5303","37.8732","41.5737","22.5736","87.4696","52.4884","35.3104","106.3481","30.2552","72.9871","39.5978","39.2907","52.4649","155.8857","56.0115","146.9426","60.7555","24.7956","11.0000","24.3079","73.2894","166.7918","21.6194","43.0600","28.6838"
"C:\Users\cfg364\Sommerlab Dropbox\Casper van der Luijt\Casper\Data\BioLog\OmniLog\CL3\DATA_2024\08\_RIB40_Aspergillus oryzae__2_30_CL3_769_8#19#2024_A_ 8B_6.OKA","8/19/2024 7:16:29 PM"," 8-B","PM02A","","RIB40","Aspergillus oryzae","",77.0000,"52.2325","52.3559","128.5497","148.9619","148.2102","135.5025","54.7709","100.1735","26.2024","104.5120","45.5267","144.9226","42.1257","31.9335","43.0261","147.8044","143.6637","122.9357","42.3737","188.4098","133.4753","90.5314","34.5891","59.3120","169.1941","25.6664","28.0864","29.1577","72.4598","50.9077","24.8577","30.0265","21.7221","26.5253","27.5680","198.8022","181.8554","80.6915","23.9788","118.8972","112.0512","48.6809","154.4928","40.2401","21.2119","88.7311","37.9049","46.8126","23.1132","97.3301","18.7584","15.1858","107.7498","35.1146","129.0168","24.3973","100.8971","32.7748","28.2869","113.0356","45.9572","26.4976","24.0570","20.4161","78.7079","102.7162","60.0385","57.8732","149.0423","32.8670","23.1300","58.4666","39.4286","40.9350","29.0014","91.0559","48.8985","34.4639","105.7614","28.7741","69.9442","37.4521","36.5757","48.9398","156.1913","53.9152","150.0332","61.8249","17.1856","11.0000","22.8450","71.2761","167.0569","16.0850","39.0860","28.9516"
"C:\Users\cfg364\Sommerlab Dropbox\Casper van der Luijt\Casper\Data\BioLog\OmniLog\CL3\DATA_2024\08\_RIB40_Aspergillus oryzae__2_30_CL3_769_8#19#2024_A_ 8B_6.OKA","8/19/2024 7:16:29 PM"," 8-B","PM02A","","RIB40","Aspergillus oryzae","",77.2500,"49.6165","48.8556","126.2327","151.1151","147.3232","134.7572","52.7243","99.0527","27.3050","102.4392","44.7639","146.2408","37.9153","32.4939","44.8681","144.6444","139.2771","127.1286","47.8721","189.4217","134.5173","90.6628","33.4344","52.1131","167.7358","28.0836","30.2143","30.5099","73.1514","49.5848","22.4518","30.4115","25.1570","23.6966","29.2344","202.5233","183.7563","82.8878","21.4647","119.7329","113.7682","44.5080","155.1976","43.1704","23.4991","87.9780","36.7309","47.7955","24.7609","98.5451","20.4098","16.4447","108.2629","34.1425","127.3064","23.6989","100.3565","34.4699","27.1560","114.2761","50.4539","26.9779","23.3795","20.3540","80.8630","106.1563","61.1993","56.4594","146.6897","34.0499","29.0180","58.8435","40.7968","40.7752","27.2663","91.3337","49.6335","36.3793","108.3919","30.0369","70.3924","39.3462","36.2869","48.7529","157.6445","50.3337","149.9399","62.7188","20.0088","11.0000","24.4244","75.6719","167.2495","17.1538","37.6465","29.8523"
"C:\Users\cfg364\Sommerlab Dropbox\Casper van der Luijt\Casper\Data\BioLog\OmniLog\CL3\DATA_2024\08\_RIB40_Aspergillus oryzae__2_30_CL3_769_8#19#2024_A_ 8B_6.OKA","8/19/2024 7:16:29 PM"," 8-B","PM02A","","RIB40","Aspergillus oryzae","",77.5000,"49.7835","48.9557","130.4159","155.3016","148.6711","139.9677","55.0479","98.9940","37.1917","104.5328","44.3841","145.9709","38.7248","30.4833","42.5495","149.9134","143.5800","125.4034","42.4803","193.6245","133.1306","88.6379","34.4900","55.3148","166.3282","26.5026","25.6791","25.1387","73.4458","48.8158","22.0477","33.4373","26.5296","25.8402","24.2411","195.6155","182.6389","80.5282","20.0472","116.5915","112.6768","47.2042","156.6815","44.0411","22.1273","93.0660","39.0924","46.9547","25.1037","97.4701","18.1229","16.6318","111.5669","36.2708","133.8771","24.4137","104.1158","30.7758","26.8381","113.4633","48.5464","27.4262","26.5873","20.5726","82.3511","104.6649","55.8438","54.4320","148.4299","32.5679","24.7979","58.6317","37.9368","45.3357","23.3717","94.4552","51.2295","39.1002","108.9843","25.7285","71.3207","43.7243","35.1296","48.6007","160.2326","49.7685","148.5696","61.5820","20.0656","12.7772","24.2309","75.7198","167.7401","17.7773","42.6037","27.7629"
"C:\Users\cfg364\Sommerlab Dropbox\Casper van der Luijt\Casper\Data\BioLog\OmniLog\CL3\DATA_2024\08\_RIB40_Aspergillus oryzae__2_30_CL3_769_8#19#2024_A_ 8B_6.OKA","8/19/2024 7:16:29 PM"," 8-B","PM02A","","RIB40","Aspergillus oryzae","",77.7500,"54.6690","50.7991","130.6258","154.9369","149.3486","132.1596","54.2474","99.6916","29.8115","105.1888","42.1235","143.5170","44.5829","28.8513","41.8084","148.9375","141.0103","124.6047","42.4887","190.3219","135.3182","90.9312","35.4396","55.3294","173.9628","26.6768","23.2023","29.3170","72.6728","47.9772","18.2072","30.5214","24.0933","25.5654","26.1694","199.1566","184.9482","82.6614","19.9371","119.3446","113.7186","46.7336","155.5338","42.1054","18.0850","95.1017","36.4190","48.0491","21.1642","94.7469","19.0879","13.4289","114.3715","32.1744","129.8973","24.5797","101.8326","32.7113","27.8612","117.1786","44.9056","21.2576","23.3255","22.3143","83.5898","97.4401","59.2586","56.8333","150.6223","36.7818","24.1103","60.0313","39.7603","42.7445","22.2055","93.8884","49.3796","37.0875","107.3380","27.2388","74.6367","38.8888","33.6156","48.6263","158.9313","51.6354","150.7655","64.5559","24.6198","14.2724","26.5096","73.4177","165.8547","18.8195","38.2542","28.3705"
"C:\Users\cfg364\Sommerlab Dropbox\Casper van der Luijt\Casper\Data\BioLog\OmniLog\CL3\DATA_2024\08\_RIB40_Aspergillus oryzae__2_30_CL3_769_8#19#2024_A_ 8B_6.OKA","8/19/2024 7:16:29 PM"," 8-B","PM02A","","RIB40","Aspergillus oryzae","",78.0000,"50.7921","51.2645","130.4997","156.8164","147.9725","137.0759","54.7767","98.0614","31.1685","109.6458","41.0360","147.3865","43.2919","35.8440","44.2458","152.7519","143.1182","126.4396","43.9266","190.9617","138.2213","93.2433","36.9294","58.5842","170.0902","29.4768","29.8624","26.1935","72.8929","52.3734","27.8133","28.2675","27.0837","25.0124","28.0999","204.5379","186.0243","83.4677","23.8959","122.2215","115.1698","48.7792","161.7942","43.4994","23.3230","91.9648","40.2834","47.2398","22.3684","93.5002","22.7393","16.2582","112.5168","38.2976","127.1055","27.5375","100.7825","36.4004","27.1528","112.3198","47.5906","27.7717","28.7122","21.7654","80.5262","104.7948","57.5593","54.3200","149.8778","36.5802","29.7133","56.6065","37.0747","46.1612","27.9352","91.2027","50.2283","32.1847","109.9735","29.6990","73.6845","40.9692","37.3882","46.9094","156.6190","55.2000","153.2662","62.2808","21.6908","12.6735","27.2893","76.3797","163.6465","19.5644","46.1983","28.8343"
"C:\Users\cfg364\Sommerlab Dropbox\Casper van der Luijt\Casper\Data\BioLog\OmniLog\CL3\DATA_2024\08\_RIB40_Aspergillus oryzae__2_30_CL3_769_8#19#2024_A_ 8B_6.OKA","8/19/2024 7:16:29 PM"," 8-B","PM02A","","RIB40","Aspergillus oryzae","",78.2500,"52.1090","46.8261","131.5874","157.6697","151.0802","137.6737","54.2822","99.8606","27.4688","105.0845","42.4003","144.4394","39.1877","32.2566","44.0759","150.7151","138.8066","125.8804","39.4829","194.4998","134.4333","90.3241","33.5585","56.3153","169.7633","29.5378","24.2675","28.8593","73.9525","47.1513","23.5386","31.0294","23.6904","23.6436","27.5042","201.4354","180.2250","83.2926","19.7811","118.4017","112.6008","48.3882","159.1114","44.2589","20.0699","92.5479","39.7726","41.4869","21.4002","96.5657","16.5958","12.3296","111.2017","38.0651","127.8051","21.9755","98.0868","35.7123","22.3996","115.7111","49.7370","25.6485","22.4030","19.5311","80.8015","103.5279","54.4641","55.6884","148.0823","37.3837","23.0153","59.8935","37.5359","41.8558","25.6274","92.1708","50.0838","35.3131","110.8460","26.1865","74.5822","38.1995","36.2869","54.9011","160.9837","55.3851","151.7617","64.0012","21.4970","12.0958","22.9750","76.4259","169.4648","15.5416","40.4057","23.2399"
"C:\Users\cfg364\Sommerlab Dropbox\Casper van der Luijt\Casper\Data\BioLog\OmniLog\CL3\DATA_2024\08\_RIB40_Aspergillus oryzae__2_30_CL3_769_8#19#2024_A_ 8B_6.OKA","8/19/2024 7:16:29 PM"," 8-B","PM02A","","RIB40","Aspergillus oryzae","",78.5000,"53.1623","46.6960","130.6766","155.0635","147.8757","135.3728","53.2962","100.3226","29.3945","105.4519","45.5868","139.8859","41.7161","29.8801","43.7864","150.2697","142.4672","124.9241","38.8976","189.0674","133.1309","91.6786","30.5440","54.5330","170.9073","27.0617","25.5911","26.4545","73.7955","47.3099","22.8988","33.5250","23.3379","22.4472","25.2566","197.0818","183.5282","83.5530","20.8867","117.4030","116.1491","45.7490","156.8180","44.0357","22.1927","91.7337","35.8580","48.1920","22.2567","97.2407","15.9393","11.0000","108.5100","37.4393","129.9987","24.3229","103.1436","33.8866","25.5824","109.2063","48.8147","23.1107","21.3832","19.1264","84.8754","103.7793","55.6414","51.8770","151.6005","34.9996","24.1718","57.7582","38.9053","43.8321","27.1149","90.6317","46.2169","33.7815","111.1930","22.7090","73.9109","36.6241","35.2280","56.3333","163.6603","52.6741","152.0426","66.5074","23.9947","15.6732","19.7033","77.4684","163.4341","12.2327","37.3539","25.2954"
"C:\Users\cfg364\Sommerlab Dropbox\Casper van der Luijt\Casper\Data\BioLog\OmniLog\CL3\DATA_2024\08\_RIB40_Aspergillus oryzae__2_30_CL3_769_8#19#2024_A_ 8B_6.OKA","8/19/2024 7:16:29 PM"," 8-B","PM02A","","RIB40","Aspergillus oryzae","",78.7500,"53.5651","46.4682","129.3429","153.6505","148.0026","134.8220","51.7845","99.6297","30.5898","108.4244","46.7818","142.0637","39.3125","30.5072","43.7542","153.0379","141.9040","124.7328","37.3369","192.5480","138.3079","90.9518","29.9147","52.0247","170.4624","27.8436","24.8662","30.6869","73.6699","48.2295","22.1632","31.2213","26.7669","23.4173","25.9309","198.6979","184.0999","83.6832","23.0346","120.8499","115.8956","44.5237","161.2136","45.0561","24.4762","93.4598","36.2495","42.7090","21.7978","99.4586","14.1574","16.3501","111.4901","38.4093","133.4959","26.8923","97.7027","34.0170","24.1534","112.8236","47.4005","23.9460","22.7738","20.0916","79.9354","106.9840","58.0278","54.2909","150.4171","34.8725","28.3161","59.8307","38.7835","46.3503","27.3938","92.4170","48.1024","37.2594","113.8114","25.9632","71.2896","38.3281","36.7683","52.0678","161.4760","55.5112","149.5775","64.5582","21.8447","11.3545","21.1327","77.1841","165.9041","16.3526","37.4175","23.8005"
"C:\Users\cfg364\Sommerlab Dropbox\Casper van der Luijt\Casper\Data\BioLog\OmniLog\CL3\DATA_2024\08\_RIB40_Aspergillus oryzae__2_30_CL3_769_8#19#2024_A_ 8B_6.OKA","8/19/2024 7:16:29 PM"," 8-B","PM02A","","RIB40","Aspergillus oryzae","",79.0000,"53.1004","42.4007","131.0995","158.4861","152.5398","137.5116","53.9207","102.4344","30.8555","108.4578","44.2591","142.7566","41.1855","30.3422","47.9048","152.5288","140.1832","125.4022","41.8565","193.4263","134.3682","89.1678","31.5709","47.5361","170.3988","32.3722","27.7340","29.1479","75.7108","47.2465","23.4426","31.1573","24.4916","23.8700","27.2474","201.4024","185.4339","86.8405","22.4028","120.0446","113.8681","45.6862","157.2003","42.5689","22.8681","89.4540","35.4665","43.1714","20.1460","93.6407","15.7205","13.8175","110.3365","38.3467","129.5536","20.2309","102.6315","35.0929","26.5892","115.2668","50.1059","27.7366","19.1582","19.0641","83.4319","105.6015","57.4232","57.1494","148.4342","35.1586","26.8704","58.1036","40.2442","44.8521","28.4785","94.9719","48.5179","36.5574","111.3507","25.8356","73.2715","38.8425","35.5809","49.9817","164.7064","58.5375","156.7544","62.4542","26.0815","11.0000","22.6573","78.1951","165.2947","16.2229","38.9434","23.6447"
"C:\Users\cfg364\Sommerlab Dropbox\Casper van der Luijt\Casper\Data\BioLog\OmniLog\CL3\DATA_2024\08\_RIB40_Aspergillus oryzae__2_30_CL3_769_8#19#2024_A_ 8B_6.OKA","8/19/2024 7:16:29 PM"," 8-B","PM02A","","RIB40","Aspergillus oryzae","",79.2500,"54.7113","40.8063","134.7103","155.4089","149.5256","135.7617","52.8690","98.9697","28.6309","105.8527","45.6200","137.9391","42.5902","31.0683","44.1725","154.7243","143.8125","124.5416","41.8240","193.8492","135.2473","91.0179","30.7428","50.7375","171.4793","29.5703","25.0238","30.3983","73.0420","48.4198","22.9948","27.6378","26.3502","22.8029","25.7061","198.3681","182.9883","82.3161","21.9290","117.7574","114.4066","45.9061","159.9714","42.4094","22.8038","92.6130","35.5318","43.8321","20.5131","94.2514","15.7205","11.0000","109.9840","36.1252","130.0941","24.4180","100.9032","34.7343","23.4389","114.6957","52.4117","27.4475","25.4623","18.3791","80.4166","103.4022","58.0914","53.9732","150.6410","37.5108","24.7180","56.0938","39.0574","42.6527","30.1830","93.0327","49.7642","34.4835","114.1269","25.6123","74.1027","38.7782","38.6295","52.2857","162.8604","57.5287","153.1035","64.4035","22.3822","12.1602","20.2750","76.3627","166.1928","17.6827","39.4838","26.0117"
"C:\Users\cfg364\Sommerlab Dropbox\Casper van der Luijt\Casper\Data\BioLog\OmniLog\CL3\DATA_2024\08\_RIB40_Aspergillus oryzae__2_30_CL3_769_8#19#2024_A_ 8B_6.OKA","8/19/2024 7:16:29 PM"," 8-B","PM02A","","RIB40","Aspergillus oryzae","",79.5000,"53.2358","48.0420","132.2146","153.9374","153.7838","134.6879","59.8791","98.5039","31.4663","107.2585","45.3806","140.3708","40.5261","30.7575","42.8159","155.8203","141.0422","122.0265","47.0977","195.4628","134.5744","92.3375","36.6266","46.7647","174.8064","27.7083","26.9746","29.3245","74.1816","49.6364","25.0215","33.0344","28.9739","24.4813","26.1982","199.6574","184.0683","86.0365","20.5848","122.4282","120.2974","47.2064","159.9468","42.5382","18.0903","92.0967","38.7583","50.0299","19.9819","98.6908","19.1401","11.0000","114.0371","38.5701","131.8383","21.7973","104.5715","36.8569","23.5076","115.8586","52.0417","24.7914","23.4919","22.4840","84.1780","106.2940","62.8532","58.8311","151.5896","38.6077","24.4092","60.1966","37.9603","44.3608","26.1072","90.2278","49.0339","37.6424","114.6190","28.9854","74.9318","40.9017","39.2650","52.7069","164.0234","53.7641","156.9416","65.5908","17.2849","11.0000","22.5487","81.0250","165.5279","20.6876","40.9824","25.1667"
"C:\Users\cfg364\Sommerlab Dropbox\Casper van der Luijt\Casper\Data\BioLog\OmniLog\CL3\DATA_2024\08\_RIB40_Aspergillus oryzae__2_30_CL3_769_8#19#2024_A_ 8B_6.OKA","8/19/2024 7:16:29 PM"," 8-B","PM02A","","RIB40","Aspergillus oryzae","",79.7500,"51.7385","41.6832","129.8154","159.1808","150.4304","134.4373","56.9211","100.3865","29.7090","108.5486","43.3978","138.7014","40.2384","31.0907","41.8985","151.8071","139.5197","125.2339","45.0918","196.1623","134.6405","91.3956","37.1081","48.8650","168.8363","25.2179","26.5133","27.9910","71.1564","54.5195","22.7272","29.8198","25.6276","21.7807","27.2843","202.6563","185.2002","80.9043","19.5600","121.4679","118.5519","46.8570","159.9753","44.2958","19.2165","93.3527","36.2249","45.1500","19.8689","97.2016","19.3933","13.7118","113.3219","33.0382","130.2927","23.0567","102.0258","30.1474","21.7261","116.1745","51.0449","27.7611","23.0539","20.6605","84.5853","103.3858","60.8131","59.1454","150.5207","37.2608","24.7636","57.8337","40.5372","41.5857","26.2152","89.4888","46.4569","33.7048","112.5205","30.3769","76.4460","39.4640","37.6528","52.8462","163.4884","53.4111","156.7116","64.5652","21.4703","11.0000","24.5716","75.7263","164.9087","16.8719","39.7347","22.0203"
"C:\Users\cfg364\Sommerlab Dropbox\Casper van der Luijt\Casper\Data\BioLog\OmniLog\CL3\DATA_2024\08\_RIB40_Aspergillus oryzae__2_30_CL3_769_8#19#2024_A_ 8B_6.OKA","8/19/2024 7:16:29 PM"," 8-B","PM02A","","RIB40","Aspergillus oryzae","",80.0000,"52.1431","38.0312","132.7932","155.9237","151.8544","134.0809","54.4283","96.2452","28.7802","107.7819","39.9016","138.6354","42.0133","34.3184","44.8013","152.2210","142.0844","125.7130","42.3127","196.4870","134.3145","92.6507","31.1264","46.9684","173.7538","24.7603","24.4237","27.7335","74.4319","51.2155","21.5096","28.1526","25.4995","24.6535","27.8635","202.9536","182.9660","81.9536","22.4976","124.3226","119.6633","47.0772","162.3234","42.7331","22.5675","96.0261","34.8199","45.4132","21.0657","93.5711","17.9580","12.8289","111.4621","32.4076","131.3424","23.8817","102.4092","29.7849","21.5631","115.6052","50.2440","26.0914","21.8516","20.3188","83.1801","98.8013","56.1114","63.6630","147.2216","38.4993","25.2138","60.6437","38.0402","41.3297","25.0329","89.3025","44.3636","32.4202","113.5380","30.6290","77.9457","40.3956","35.9830","53.8425","164.9026","51.7921","157.9873","63.5458","20.5185","11.0000","22.1300","77.1210","166.5152","18.1624","38.4923","22.1768"
"C:\Users\cfg364\Sommerlab Dropbox\Casper van der Luijt\Casper\Data\BioLog\OmniLog\CL3\DATA_2024\08\_RIB40_Aspergillus oryzae__2_30_CL3_769_8#19#2024_A_ 8B_6.OKA","8/19/2024 7:16:29 PM"," 8-B","PM02A","","RIB40","Aspergillus oryzae","",80.2500,"51.3905","42.8896","135.0556","157.8279","155.3777","136.4024","55.4459","99.8787","25.5356","111.2877","43.2540","137.6615","42.1565","35.2754","40.5453","152.9219","139.4120","127.0717","43.6327","197.8196","135.2872","95.1519","39.5438","58.0981","171.8383","26.6876","25.9517","29.2623","76.4546","49.4036","24.8691","29.9103","22.5507","26.0505","24.0729","201.3035","181.6683","84.0015","18.3599","120.1038","116.7266","47.4061","161.4402","44.9362","21.2165","92.9202","40.1875","48.3083","20.8381","98.7198","17.0794","12.9550","114.5306","35.0347","133.5034","25.8546","107.0425","36.9621","25.1559","113.5038","51.9616","27.4632","25.2684","19.9589","84.5872","105.8986","61.0000","59.9545","152.5187","35.4400","27.1920","57.2434","37.8219","42.3212","23.1544","94.1535","50.7169","32.0639","115.4994","25.4277","77.5003","43.3363","37.5384","55.7205","166.4079","51.6939","154.1963","64.7510","19.5363","15.1060","23.5465","76.0067","168.0429","19.4213","41.6685","25.8231"
"C:\Users\cfg364\Sommerlab Dropbox\Casper van der Luijt\Casper\Data\BioLog\OmniLog\CL3\DATA_2024\08\_RIB40_Aspergillus oryzae__2_30_CL3_769_8#19#2024_A_ 8B_6.OKA","8/19/2024 7:16:29 PM"," 8-B","PM02A","","RIB40","Aspergillus oryzae","",80.5000,"54.7099","40.6858","132.7853","162.3059","154.2744","138.9518","56.4598","97.6576","27.9360","109.4119","43.4539","138.5164","43.2416","32.0233","45.0659","155.0591","142.6626","124.4526","43.8909","195.8729","137.2688","90.7800","35.3017","54.9451","170.1841","26.8507","26.6787","27.7565","76.3291","49.4352","25.5386","29.8138","23.5453","22.3363","24.1700","204.5194","183.4186","84.5884","18.3599","119.8787","119.6132","45.2073","162.1379","44.2345","21.5066","94.4862","36.1346","45.2948","20.9300","96.7633","18.7006","13.6172","113.6028","36.1956","131.8844","23.8003","102.6293","38.3251","23.7954","115.5761","50.6951","26.2140","24.1281","18.3357","82.0895","107.2193","62.0443","58.1519","153.2479","35.8553","25.7492","60.1590","38.7068","41.9685","25.5853","96.5620","47.5217","37.1230","111.4436","26.1888","73.6902","41.9317","35.3188","54.6942","164.5229","51.1225","154.5085","63.6623","18.9311","13.5662","21.6187","78.9227","167.3697","22.4220","42.6547","26.5053"
"C:\Users\cfg364\Sommerlab Dropbox\Casper van der Luijt\Casper\Data\BioLog\OmniLog\CL3\DATA_2024\08\_RIB40_Aspergillus oryzae__2_30_CL3_769_8#19#2024_A_ 8B_6.OKA","8/19/2024 7:16:29 PM"," 8-B","PM02A","","RIB40","Aspergillus oryzae","",80.7500,"55.6715","43.6674","135.7692","160.0669","150.9329","138.8550","55.7076","97.6907","27.3692","111.2542","40.8216","139.9632","43.1486","34.0271","44.6138","152.9857","137.9288","126.3690","44.2137","197.6574","136.4892","92.3578","34.0521","51.2995","171.2339","29.2641","25.3194","30.7361","76.8937","48.7082","24.1996","27.4983","25.7913","24.9847","22.9080","203.1269","182.5275","86.4469","16.5516","125.1844","119.1691","45.3330","164.1040","45.8293","20.4430","93.0507","35.4809","46.9653","22.4012","97.8217","18.0147","12.0406","115.9063","33.9051","130.7416","21.0506","101.8356","38.8119","23.6010","114.3646","51.2202","26.3101","23.5426","17.5553","81.0648","104.0434","61.6646","62.2315","151.8847","36.1428","28.5387","61.0369","39.1340","39.4039","25.0555","94.6476","48.6400","37.8867","115.1508","28.7255","77.0841","41.8040","34.1929","53.4191","165.4499","55.8839","157.4118","64.4399","18.9630","12.5397","21.0182","76.0384","161.9843","16.4529","38.6143","25.0788"
"C:\Users\cfg364\Sommerlab Dropbox\Casper van der Luijt\Casper\Data\BioLog\OmniLog\CL3\DATA_2024\08\_RIB40_Aspergillus oryzae__2_30_CL3_769_8#19#2024_A_ 8B_6.OKA","8/19/2024 7:16:29 PM"," 8-B","PM02A","","RIB40","Aspergillus oryzae","",81.0000,"54.2755","43.9591","138.1043","160.0669","154.8733","138.3064","54.1050","97.5913","27.7026","112.0581","41.6546","139.5687","42.4356","30.7751","46.1314","157.9620","141.6843","127.6147","43.7296","193.3422","136.9765","93.9028","35.9923","52.8103","172.6336","28.3509","24.9401","28.5575","79.4341","51.1104","24.8372","27.6269","25.9196","23.2084","24.9790","203.0275","184.2142","82.5017","17.1544","120.2003","116.9486","47.0292","162.5184","44.2026","20.6042","96.2806","39.3704","48.7669","21.3285","96.9237","16.3624","14.1218","115.3304","37.6390","132.1383","22.8521","104.5025","34.6580","29.3346","111.6545","49.4594","30.0255","22.1250","20.6456","83.7547","104.6409","59.9240","60.2708","150.4581","37.9638","27.3844","56.3028","36.7844","40.1091","23.9959","92.4552","48.7998","36.7412","115.1508","25.4594","74.2345","44.6450","33.0349","54.1966","166.7169","53.6936","157.9425","65.2176","16.3511","13.9512","22.9460","78.8593","167.4018","19.5503","42.7183","27.7147"
"C:\Users\cfg364\Sommerlab Dropbox\Casper van der Luijt\Casper\Data\BioLog\OmniLog\CL3\DATA_2024\08\_RIB40_Aspergillus oryzae__2_30_CL3_769_8#19#2024_A_ 8B_6.OKA","8/19/2024 7:16:29 PM"," 8-B","PM02A","","RIB40","Aspergillus oryzae","",81.2500,"53.6861","45.4498","137.9746","164.1665","152.1938","136.5961","55.6749","92.7843","28.5361","109.8808","43.4873","138.4836","41.6295","33.3373","41.9983","155.9204","140.9269","123.3985","43.9878","192.6933","132.6560","96.4997","33.8548","51.2338","173.2698","26.8181","23.2964","30.6721","77.2073","49.0559","23.6575","26.0511","25.8233","22.6593","20.9018","204.4531","186.4736","87.1642","19.9460","118.7533","121.0724","48.2228","162.8038","43.3415","20.2496","93.8011","34.5984","45.4913","22.0640","93.3957","15.7388","14.0902","114.8825","34.9406","129.8844","23.5474","102.8833","34.5282","23.2123","112.8342","47.5133","25.8937","20.6458","17.8050","78.4710","105.4899","57.8354","61.4725","155.2768","37.5805","21.9657","56.1774","38.2491","42.0327","26.8008","91.8068","49.0874","34.0048","111.6337","25.5863","72.1854","43.9747","32.3915","53.2014","166.5315","55.2490","158.0986","62.3559","19.0585","11.0000","19.7541","73.7564","166.5363","17.3886","36.6737","23.5593"
"C:\Users\cfg364\Sommerlab Dropbox\Casper van der Luijt\Casper\Data\BioLog\OmniLog\CL3\DATA_2024\08\_RIB40_Aspergillus oryzae__2_30_CL3_769_8#19#2024_A_ 8B_6.OKA","8/19/2024 7:16:29 PM"," 8-B","PM02A","","RIB40","Aspergillus oryzae","",81.5000,"55.2154","47.1647","138.0755","163.9674","157.5006","138.2492","58.4006","97.8247","29.5718","112.1937","41.4453","135.8479","42.0330","33.9233","44.8035","156.8274","141.4915","129.6098","49.5485","201.4276","141.1863","92.4983","35.0255","52.1110","173.8270","27.1787","28.4128","32.0836","78.6600","50.4336","24.8757","32.3059","25.3910","25.5810","29.3062","210.9481","186.7075","81.4617","24.0991","121.5754","122.3088","48.4080","166.8597","44.9898","20.4244","95.5250","37.2706","47.9765","20.1566","97.9216","18.7640","15.1005","117.7203","39.4414","132.8428","25.7207","104.6132","35.5374","24.7462","117.0837","51.4879","28.3836","26.6706","21.3909","79.5951","105.1571","60.3287","62.7794","150.2000","37.5009","27.4946","57.9884","40.3355","41.1609","29.8765","92.5094","46.7067","37.4512","116.8777","33.9286","77.4361","41.8287","37.1016","54.9149","169.1073","55.1789","157.8713","66.2262","22.8117","13.0634","21.5793","79.1986","164.1132","17.8013","40.3191","28.9290"
"C:\Users\cfg364\Sommerlab Dropbox\Casper van der Luijt\Casper\Data\BioLog\OmniLog\CL3\DATA_2024\08\_RIB40_Aspergillus oryzae__2_30_CL3_769_8#19#2024_A_ 8B_6.OKA","8/19/2024 7:16:29 PM"," 8-B","PM02A","","RIB40","Aspergillus oryzae","",81.7500,"58.3426","45.3242","143.1625","164.1243","153.1816","138.9245","56.7954","97.4930","30.5319","111.2242","41.4119","133.2621","39.4495","34.3174","46.9687","158.9982","142.4253","126.8544","50.8689","195.6088","137.6089","97.4913","34.0354","52.9997","173.4766","29.0955","24.4237","28.7243","79.6010","51.9163","26.8580","30.4532","24.4251","27.7649","27.0220","205.7181","189.8327","83.5930","23.3157","125.5061","120.7619","48.2203","161.6718","44.5425","24.0913","98.4856","41.5517","45.1195","23.0659","100.0034","19.5404","15.3844","117.7203","38.8801","134.3241","23.4097","104.2935","36.9079","26.2340","117.3371","51.3343","24.5990","26.5179","18.9332","81.5274","104.1166","59.5044","62.9053","148.8979","37.1827","24.9223","57.3288","40.8529","44.3559","29.0410","91.6694","47.6090","38.7865","117.1946","33.9602","78.1672","37.3101","37.1016","54.8212","171.4192","60.8282","160.4529","66.1023","19.1504","12.0962","23.2796","80.1155","168.2609","18.7361","40.4466","28.0000"
"C:\Users\cfg364\Sommerlab Dropbox\Casper van der Luijt\Casper\Data\BioLog\OmniLog\CL3\DATA_2024\08\_RIB40_Aspergillus oryzae__2_30_CL3_769_8#19#2024_A_ 8B_6.OKA","8/19/2024 7:16:29 PM"," 8-B","PM02A","","RIB40","Aspergillus oryzae","",82.0000,"56.2833","46.3844","130.9691","164.0707","154.8501","136.7847","58.6891","100.6526","29.3620","117.2417","41.6417","135.5509","41.1465","31.6467","42.9544","154.7924","141.0380","127.0713","43.8061","198.2453","139.0702","96.5830","35.4098","54.0879","174.8889","29.7505","29.3480","25.8076","75.8543","52.0508","23.9820","29.2353","27.2600","24.5621","27.3032","206.8518","190.1074","82.6631","22.4848","122.7779","120.8236","47.6195","158.5281","44.3626","21.7827","92.4858","35.3766","48.0360","19.7819","95.1763","15.1897","14.1566","117.2180","35.6390","131.0049","23.2063","102.2972","33.9175","24.6544","118.7103","46.9504","24.3474","27.3532","19.8917","82.3445","105.6801","64.3087","58.2469","145.8952","32.8866","23.6711","58.1285","39.9988","45.2408","20.0200","94.3472","49.3495","35.4768","116.0991","30.8966","77.4597","43.2173","41.2592","57.8823","169.2414","57.8588","160.5758","64.9315","20.6990","11.0645","26.9336","75.5939","166.7937","18.1575","44.6556","29.6017"
"C:\Users\cfg364\Sommerlab Dropbox\Casper van der Luijt\Casper\Data\BioLog\OmniLog\CL3\DATA_2024\08\_RIB40_Aspergillus oryzae__2_30_CL3_769_8#19#2024_A_ 8B_6.OKA","8/19/2024 7:16:29 PM"," 8-B","PM02A","","RIB40","Aspergillus oryzae","",82.2500,"54.3307","44.4796","138.8503","164.2916","152.8882","138.1414","53.2166","98.2768","31.4425","115.1514","45.6254","133.3554","41.4569","33.7180","47.8310","157.9009","142.7155","128.0271","43.6775","197.3694","141.7269","96.9105","31.0673","52.5115","175.7096","30.6264","27.0467","25.8398","80.3152","48.9948","23.6320","30.4808","27.3880","27.0748","30.6851","200.3839","186.4024","82.6631","23.5546","124.2863","120.9821","47.0547","160.1295","44.9033","21.8149","94.7393","30.9147","48.9505","19.7512","96.6564","17.0031","15.0720","112.4510","37.9871","130.6865","24.8549","105.3948","37.4708","25.4956","113.4089","54.4684","27.8447","26.3120","18.6170","82.6001","103.9707","66.1847","57.9298","147.7216","30.7914","22.4105","60.8787","37.3654","45.0497","22.3608","95.8273","49.9233","34.6449","117.2973","28.8974","81.8967","38.7383","38.4852","56.4916","172.8504","58.7394","160.0762","64.6845","18.8804","11.9027","27.3100","78.0368","166.4400","20.5111","44.6556","27.1646"
"C:\Users\cfg364\Sommerlab Dropbox\Casper van der Luijt\Casper\Data\BioLog\OmniLog\CL3\DATA_2024\08\_RIB40_Aspergillus oryzae__2_30_CL3_769_8#19#2024_A_ 8B_6.OKA","8/19/2024 7:16:29 PM"," 8-B","PM02A","","RIB40","Aspergillus oryzae","",82.5000,"59.7857","47.0947","139.6287","165.9959","154.8501","138.9167","59.9595","102.1044","31.9709","115.4832","43.7664","134.1419","43.3197","29.5097","43.0186","157.0998","144.3620","130.7991","46.5400","196.8503","140.8197","97.4018","38.4363","54.0550","175.4886","30.0100","26.9521","28.7755","78.5995","54.1616","24.1411","32.1734","25.2115","26.3983","32.4717","203.6508","188.0174","87.3140","21.2262","126.2439","121.2674","45.4858","161.0584","44.8715","24.4221","95.8824","34.7533","47.8727","22.9446","94.4362","17.2845","14.4407","116.1302","36.3591","129.1900","23.5233","102.2334","38.5792","26.0780","114.5517","48.8067","25.8875","26.4039","20.7933","84.0059","104.1607","66.9350","58.6274","151.4384","32.1452","21.1822","57.5659","39.9376","45.7186","22.2672","95.5498","48.6163","38.9643","117.8018","31.3091","83.0694","41.7136","37.9750","55.0081","173.4673","61.1295","161.2938","69.4387","18.0190","12.4185","25.3339","79.5914","164.9930","20.3499","45.0972","30.0952"
"C:\Users\cfg364\Sommerlab Dropbox\Casper van der Luijt\Casper\Data\BioLog\OmniLog\CL3\DATA_2024\08\_RIB40_Aspergillus oryzae__2_30_CL3_769_8#19#2024_A_ 8B_6.OKA","8/19/2024 7:16:29 PM"," 8-B","PM02A","","RIB40","Aspergillus oryzae","",82.7500,"57.2752","44.4150","140.6341","164.6072","153.6792","140.5641","56.5066","103.9523","32.4993","114.1560","42.1397","134.9938","40.9602","32.8632","44.0773","155.0808","143.1504","130.5761","44.9318","196.3313","139.2646","96.1900","36.0348","53.4967","173.5947","30.9508","25.6910","27.3561","78.6307","49.0893","26.6865","31.0875","26.3318","22.5971","32.0251","207.0828","187.1940","79.8791","25.2537","126.5327","119.7777","47.9647","162.2115","47.1614","21.9437","95.5885","35.3438","47.0236","19.7205","94.0179","16.3152","11.9470","115.8103","38.0184","132.5969","23.3014","102.2334","39.0682","26.4016","115.6310","50.3845","26.8822","24.7196","20.4203","85.6034","107.0729","69.8428","61.5764","150.3810","32.4998","21.5054","58.7848","37.4572","45.9415","23.9526","93.1447","50.9434","36.9486","112.9458","25.6924","82.2770","42.4815","40.5896","57.8205","173.3131","58.1104","162.8861","68.8830","18.4338","11.0000","28.5018","80.6701","163.2566","18.0285","46.2011","28.2752"
"C:\Users\cfg364\Sommerlab Dropbox\Casper van der Luijt\Casper\Data\BioLog\OmniLog\CL3\DATA_2024\08\_RIB40_Aspergillus oryzae__2_30_CL3_769_8#19#2024_A_ 8B_6.OKA","8/19/2024 7:16:29 PM"," 8-B","PM02A","","RIB40","Aspergillus oryzae","",83.0000,"54.9270","41.9433","138.4445","170.0543","156.8548","135.6053","54.8739","93.1842","29.3379","111.2302","36.7899","133.9314","40.8137","28.7303","43.6429","158.3171","141.9519","128.2820","45.7011","198.3898","136.6298","103.3329","36.0425","50.0505","173.6700","28.3923","28.4779","28.2237","80.6537","46.7066","20.8030","29.8925","27.2265","24.0453","23.8035","205.9065","187.9358","82.7366","20.7517","126.6028","121.0191","49.7018","166.5824","44.1156","19.5162","99.9527","34.4725","51.8139","21.2645","96.2694","20.3996","16.9089","114.8534","37.5117","134.0296","24.6636","106.0109","31.8131","26.0905","115.2929","54.2355","24.8681","22.4706","20.1559","83.4207","102.7248","58.7696","59.8419","151.5484","37.1278","26.0531","61.5730","37.1458","43.3069","24.4446","93.4511","46.9583","37.9593","111.2289","30.7284","79.6730","44.5232","37.9161","52.7119","171.4545","55.7887","164.8782","65.2849","19.6696","13.3811","24.1654","79.1652","166.7115","19.4512","40.8397","30.1931"
"C:\Users\cfg364\Sommerlab Dropbox\Casper van der Luijt\Casper\Data\BioLog\OmniLog\CL3\DATA_2024\08\_RIB40_Aspergillus oryzae__2_30_CL3_769_8#19#2024_A_ 8B_6.OKA","8/19/2024 7:16:29 PM"," 8-B","PM02A","","RIB40","Aspergillus oryzae","",83.2500,"54.7099","44.3111","140.0441","162.7008","157.6382","138.5551","52.9393","98.6631","28.4393","112.0663","40.7550","129.3661","41.0932","30.7406","43.0652","158.9248","141.4833","129.9388","45.4117","200.9318","136.0096","99.1717","35.2538","52.5922","173.0348","25.6135","25.2225","26.8098","79.0636","51.5455","19.3888","27.8970","25.0779","25.7482","26.8996","209.9110","185.4700","79.8133","21.7865","124.1644","119.7468","46.4480","160.2281","43.6037","17.8324","95.6549","35.0634","51.8792","23.0975","95.7563","19.2828","14.4573","118.0489","40.9194","133.0799","22.3757","105.2781","34.5620","22.8452","120.5013","52.6968","22.5889","22.1923","18.8479","85.6898","105.7213","60.6130","61.7350","150.9414","36.2346","23.3132","63.3470","36.3508","41.4122","23.0753","93.2651","48.9436","33.8117","111.2289","28.0684","79.5453","42.1584","38.7473","54.8613","173.2984","55.5344","166.2466","65.8108","17.3982","11.0000","23.3170","76.7829","165.4288","18.9049","37.1057","26.2989"
"C:\Users\cfg364\Sommerlab Dropbox\Casper van der Luijt\Casper\Data\BioLog\OmniLog\CL3\DATA_2024\08\_RIB40_Aspergillus oryzae__2_30_CL3_769_8#19#2024_A_ 8B_6.OKA","8/19/2024 7:16:29 PM"," 8-B","PM02A","","RIB40","Aspergillus oryzae","",83.5000,"55.9818","47.0032","135.6697","171.2746","156.0402","138.3930","54.4477","99.1944","28.4726","113.2033","40.9549","131.9796","43.5776","30.5099","44.5737","158.6689","143.1389","129.6521","45.7654","201.0947","134.1165","96.6488","36.2397","52.3612","172.3996","26.4308","25.2541","29.2198","84.8941","51.6404","22.4743","28.1867","22.9294","24.6879","28.4154","206.1035","185.9442","80.2731","24.0441","125.8969","120.5420","48.7006","163.7547","44.0196","18.6743","94.9060","33.3892","47.9579","22.3032","100.8872","17.6697","15.6202","116.8346","35.3232","130.8004","22.5346","104.4815","30.4714","23.8513","115.8611","50.6043","26.2485","21.0793","18.9102","81.7268","102.3148","60.1045","63.5019","151.7401","38.0211","24.3447","62.9735","40.8766","42.9216","22.5151","93.2341","47.5027","37.3212","110.6866","28.8601","80.8862","40.1131","34.5916","50.0640","174.3741","55.3755","163.5410","69.1514","16.3745","12.7054","25.5165","79.2287","163.7935","16.1414","39.4355","26.2062"
"C:\Users\cfg364\Sommerlab Dropbox\Casper van der Luijt\Casper\Data\BioLog\OmniLog\CL3\DATA_2024\08\_RIB40_Aspergillus oryzae__2_30_CL3_769_8#19#2024_A_ 8B_6.OKA","8/19/2024 7:16:29 PM"," 8-B","PM02A","","RIB40","Aspergillus oryzae","",83.7500,"58.7117","46.0950","138.9668","168.3019","155.7582","138.8468","56.3495","95.6414","27.4742","115.4106","41.3881","128.7376","43.2050","30.4770","47.7193","156.9418","142.8265","127.5173","46.3765","200.4429","137.2173","97.7955","33.9064","47.1786","174.4957","25.9404","24.8748","28.5450","81.9321","50.5334","20.8351","30.1499","25.9759","25.7161","26.8351","209.3530","188.1255","81.8498","24.4831","122.2713","122.8957","47.1988","165.8834","42.2919","18.8686","95.0037","34.8993","46.3568","21.2340","96.1732","23.5949","14.2687","116.3553","39.0124","133.4914","21.3907","106.8711","36.0674","23.6565","114.5038","53.3431","25.1891","21.6049","18.6610","81.6948","102.4409","60.9308","60.7253","150.6219","34.0971","21.7016","61.0128","36.9624","41.7333","25.6273","92.9550","50.6726","39.8098","115.1845","30.6651","79.5772","41.6790","37.5965","49.6590","172.5609","54.8033","163.7276","66.2747","16.0866","14.1856","28.2501","80.9757","163.6652","17.9409","33.6590","30.2550"
"C:\Users\cfg364\Sommerlab Dropbox\Casper van der Luijt\Casper\Data\BioLog\OmniLog\CL3\DATA_2024\08\_RIB40_Aspergillus oryzae__2_30_CL3_769_8#19#2024_A_ 8B_6.OKA","8/19/2024 7:16:29 PM"," 8-B","PM02A","","RIB40","Aspergillus oryzae","",84.0000,"58.8047","44.2462","139.0321","169.6788","157.0115","136.9343","55.0379","99.2608","25.4107","115.0427","45.2199","133.1375","41.7143","33.4430","44.7663","158.5730","143.6075","129.9070","46.4086","197.0536","139.6326","99.3027","40.2491","50.7437","173.0031","27.6731","23.5790","28.4486","79.0636","48.8572","18.9388","27.5430","25.9759","27.8046","24.9968","208.1057","187.0823","80.2731","22.3509","127.7900","121.0509","50.7342","163.4370","41.2040","19.0629","96.3712","36.4422","51.6505","21.9977","96.5580","18.1971","15.4317","114.3421","37.1053","134.2829","20.5963","105.5330","35.5438","23.7539","116.6818","51.8352","26.9227","22.5324","20.9967","84.2197","103.7342","62.3928","63.5650","149.6314","36.9045","25.6985","62.9424","38.7360","41.9260","25.7829","93.0170","46.8623","34.7689","114.4508","28.8917","79.3218","44.4593","36.4457","61.4031","172.8682","54.4854","165.0959","69.8319","19.2857","11.0000","25.1709","82.5321","165.3647","18.6478","39.6589","26.8243"
"C:\Users\cfg364\Sommerlab Dropbox\Casper van der Luijt\Casper\Data\BioLog\OmniLog\CL3\DATA_2024\08\_RIB40_Aspergillus oryzae__2_30_CL3_769_8#19#2024_A_ 8B_6.OKA","8/19/2024 7:16:29 PM"," 8-B","PM02A","","RIB40","Aspergillus oryzae","",84.2500,"57.1606","44.2138","140.8602","170.1169","154.3169","136.5778","57.3332","100.8215","29.5043","116.4139","46.3195","127.1166","42.0870","28.3019","44.3170","159.0847","141.7957","130.2256","47.5342","202.2353","138.4249","99.1389","36.2069","48.6311","172.8760","28.3923","22.0303","26.2314","84.3017","48.8888","19.8066","27.3177","25.8797","26.1981","25.6741","208.1057","190.5913","83.1965","23.7933","127.4370","121.2099","46.1351","164.9303","44.3396","17.9295","97.2828","33.5205","48.2847","20.7757","99.0593","17.9179","14.8659","120.0620","36.2611","134.5362","23.6467","108.2412","34.9874","26.1229","117.7551","51.2198","24.3866","19.8426","18.3807","80.8000","101.6839","64.1727","57.6017","150.2385","37.8616","23.9579","62.8179","36.6260","42.7610","25.5339","90.4743","47.2145","37.3212","112.7282","28.1001","80.8543","41.8707","35.6145","56.6370","174.2204","55.0576","162.2659","67.3574","16.7264","11.3540","25.3280","81.2616","164.5631","21.1542","38.5738","29.4823"
"C:\Users\cfg364\Sommerlab Dropbox\Casper van der Luijt\Casper\Data\BioLog\OmniLog\CL3\DATA_2024\08\_RIB40_Aspergillus oryzae__2_30_CL3_769_8#19#2024_A_ 8B_6.OKA","8/19/2024 7:16:29 PM"," 8-B","PM02A","","RIB40","Aspergillus oryzae","",84.5000,"57.4476","43.1164","141.7243","167.5076","155.7043","141.6088","54.9474","101.5846","26.6287","116.8314","47.0546","130.2617","38.9432","28.3799","42.6496","155.8856","142.3347","130.9895","46.6295","201.1563","138.8654","99.0660","32.5746","49.8484","173.5000","25.4625","25.7052","23.3254","79.8191","52.1739","20.6016","25.5519","26.2712","26.8945","29.6176","206.6000","187.8452","85.3652","20.4094","128.5702","121.4917","46.8593","166.0243","47.1465","17.8721","95.6562","35.3850","48.4606","18.2185","96.3547","14.2166","14.1848","117.2500","36.3684","133.2268","23.0556","108.3659","37.0430","24.7766","116.5649","51.6053","29.7796","20.4719","16.5061","81.9136","103.9965","62.5277","68.5770","151.6502","38.7306","24.7947","60.9742","36.1313","42.9068","27.7306","94.3552","48.2813","36.0131","110.6761","27.6344","82.6095","39.7119","36.7460","56.1881","173.6276","57.6296","163.2948","69.5450","24.2743","11.0000","25.0290","80.0736","165.7632","18.4624","44.6724","25.5833"
"C:\Users\cfg364\Sommerlab Dropbox\Casper van der Luijt\Casper\Data\BioLog\OmniLog\CL3\DATA_2024\08\_RIB40_Aspergillus oryzae__2_30_CL3_769_8#19#2024_A_ 8B_6.OKA","8/19/2024 7:16:29 PM"," 8-B","PM02A","","RIB40","Aspergillus oryzae","",84.7500,"59.7095","42.2738","143.7030","169.6818","155.7674","142.2825","59.0409","97.9123","26.2629","114.4200","47.3860","127.1885","40.6017","27.7533","45.1932","158.2519","143.9235","127.4510","46.4679","199.8277","134.6565","98.5726","28.2464","47.6827","174.5814","24.3121","27.5670","25.2391","77.9890","50.0899","24.2182","27.6768","24.9266","27.2162","26.2850","207.7836","188.3532","83.7578","18.9253","130.2663","123.2744","44.1250","167.0396","46.0000","19.2984","98.0888","33.0251","48.1340","16.6826","95.9355","16.9960","13.2388","120.7352","36.3370","140.3699","22.2286","105.2632","33.9139","25.1980","114.6212","51.6977","30.9613","20.7187","18.9326","83.3589","103.5526","63.0681","64.0778","152.4443","36.4304","22.9940","60.1590","36.4982","47.4877","25.9613","95.5919","46.1976","39.0681","115.2011","29.9430","81.3655","39.6798","37.6404","54.7486","171.7690","55.4897","162.4508","67.1327","17.0020","11.0000","23.5473","79.8828","163.5948","17.3917","40.3409","24.4017"
"C:\Users\cfg364\Sommerlab Dropbox\Casper van der Luijt\Casper\Data\BioLog\OmniLog\CL3\DATA_2024\08\_RIB40_Aspergillus oryzae__2_30_CL3_769_8#19#2024_A_ 8B_6.OKA","8/19/2024 7:16:29 PM"," 8-B","PM02A","","RIB40","Aspergillus oryzae","",85.0000,"61.2832","44.0692","142.1998","169.2582","153.3430","142.3742","57.3672","99.3785","29.8588","118.7140","46.6106","136.2446","41.1882","33.5736","42.8346","160.3002","139.8297","130.1577","44.3148","200.7652","142.3601","102.9389","37.0688","48.7520","178.3897","29.1910","22.6781","26.6029","83.5412","52.5224","26.2616","22.7903","25.6497","21.4466","29.7812","207.0832","189.4597","85.0748","21.1759","128.6804","125.4950","48.5711","165.4732","45.7284","18.8668","99.2412","36.7665","51.1398","20.1460","96.3988","16.5191","17.5529","118.9004","36.4255","133.9418","20.3179","108.8036","33.8673","25.0853","115.9398","50.7639","25.4422","21.6728","19.4813","85.6264","105.3671","64.0496","64.6222","152.0113","38.0255","23.8534","57.7732","37.9195","41.2773","26.0143","92.7391","50.9034","40.7305","118.5478","32.5027","80.1018","39.1487","37.9222","57.1861","175.5459","60.6729","161.5643","68.9349","21.8288","13.7455","26.9000","83.9728","166.7723","26.6398","38.3392","24.2579"
"C:\Users\cfg364\Sommerlab Dropbox\Casper van der Luijt\Casper\Data\BioLog\OmniLog\CL3\DATA_2024\08\_RIB40_Aspergillus oryzae__2_30_CL3_769_8#19#2024_A_ 8B_6.OKA","8/19/2024 7:16:29 PM"," 8-B","PM02A","","RIB40","Aspergillus oryzae","",85.2500,"60.9726","45.6807","141.1259","166.6918","152.9626","137.1527","58.8345","97.7855","32.3028","116.2378","43.8841","134.3132","42.7754","34.6876","45.8726","159.1520","141.4918","131.4396","44.5749","201.3494","141.8091","101.0680","35.0610","52.7225","176.7741","25.8067","24.6403","23.6571","81.3298","52.0195","23.6171","26.7958","25.4897","22.6794","27.5659","210.3633","188.9869","82.9537","20.3593","130.5775","128.4730","45.2413","166.7126","41.9972","17.1258","98.8190","34.3704","49.9353","22.5320","97.2352","17.8599","17.3335","115.7598","38.7426","132.9875","19.5229","111.4367","33.6393","24.7926","116.2575","52.3028","26.2463","22.9375","18.0470","86.2967","104.2919","59.7637","65.4366","150.4259","36.9763","21.2441","60.1541","37.7068","42.9700","25.2371","91.0375","50.8080","35.7223","115.8726","29.0497","77.6006","38.4079","37.4746","51.9427","173.4268","64.6630","161.3774","74.2860","17.2107","11.0000","19.4715","82.3287","165.4228","21.8966","38.3392","24.3513"
"C:\Users\cfg364\Sommerlab Dropbox\Casper van der Luijt\Casper\Data\BioLog\OmniLog\CL3\DATA_2024\08\_RIB40_Aspergillus oryzae__2_30_CL3_769_8#19#2024_A_ 8B_6.OKA","8/19/2024 7:16:29 PM"," 8-B","PM02A","","RIB40","Aspergillus oryzae","",85.5000,"63.3951","43.6502","144.7053","168.6879","155.6255","140.6982","61.1496","100.4405","31.0148","116.2712","44.6489","131.0069","41.2193","35.1135","41.9943","162.8199","143.7498","127.6579","45.4849","204.4001","139.6700","94.7987","32.5594","47.3624","178.1679","32.3151","24.4504","27.2827","82.4199","56.5772","24.4455","26.5697","24.6581","21.8683","33.1842","210.4289","190.0585","85.1074","19.9510","127.2657","127.6176","46.2465","167.0303","47.7375","21.3171","103.2035","37.4886","53.0931","21.4614","101.1271","18.8577","16.2988","115.9842","38.8678","134.5461","22.5123","109.4381","36.2778","23.6540","115.9398","51.9950","24.3808","25.4052","19.3566","86.2009","104.1654","63.0019","66.2196","151.2503","38.9158","23.2413","59.6529","38.9221","45.6209","28.3768","93.2032","52.3990","39.9011","114.5669","34.2920","81.0317","38.8266","39.6168","50.3414","178.9240","61.4583","161.6266","69.9247","18.3572","12.0013","22.2533","84.6684","162.2739","18.7238","37.4789","25.2849"
"C:\Users\cfg364\Sommerlab Dropbox\Casper van der Luijt\Casper\Data\BioLog\OmniLog\CL3\DATA_2024\08\_RIB40_Aspergillus oryzae__2_30_CL3_769_8#19#2024_A_ 8B_6.OKA","8/19/2024 7:16:29 PM"," 8-B","PM02A","","RIB40","Aspergillus oryzae","",85.7500,"61.9665","45.5518","145.1609","168.5611","153.9770","140.3114","56.2912","99.2457","29.6606","119.6844","45.7794","132.8728","37.8270","32.3614","43.3517","159.1520","141.9936","131.1833","42.5597","202.5502","142.9759","96.4727","31.0453","52.8548","179.9419","27.6616","23.5642","25.2109","82.6691","50.8565","25.2421","26.5374","27.4729","21.6088","28.5933","209.2809","188.8923","85.5643","23.8141","125.1114","126.9206","46.6863","164.8694","42.9858","21.4783","99.9882","35.9459","55.1440","23.1437","95.0479","17.0803","15.6404","116.9135","38.6173","130.8563","21.7490","106.1071","36.1475","21.2794","118.3855","49.2866","23.5766","24.2022","18.9512","84.0304","104.4500","62.6845","64.9981","152.0113","37.8983","25.2064","57.7419","40.6844","44.9182","28.8430","92.6772","47.9759","37.3492","116.2548","31.2157","78.4023","39.0521","37.0909","55.8988","177.3270","63.3749","162.4053","69.6463","17.7202","11.4199","25.1930","83.1823","166.9651","22.6017","40.6334","21.6126"
"C:\Users\cfg364\Sommerlab Dropbox\Casper van der Luijt\Casper\Data\BioLog\OmniLog\CL3\DATA_2024\08\_RIB40_Aspergillus oryzae__2_30_CL3_769_8#19#2024_A_ 8B_6.OKA","8/19/2024 7:16:29 PM"," 8-B","PM02A","","RIB40","Aspergillus oryzae","",86.0000,"73.1785","54.0608","145.9743","167.5473","156.7351","139.5056","61.1170","94.5331","33.0625","118.8813","37.8327","139.4853","41.8418","34.8841","41.2833","162.1182","142.5581","132.3690","48.6377","203.4914","142.6194","97.7856","33.8102","43.0280","175.0951","26.6528","24.2288","28.2538","83.4166","53.7798","26.3254","27.3126","26.9291","21.8034","26.3139","208.3952","189.2075","84.4874","24.2852","127.9731","124.4178","48.7910","168.4604","45.9197","16.7389","101.2549","31.6132","46.2566","22.5014","94.8871","20.2296","16.6437","113.3564","36.8638","128.6297","21.0812","102.9982","34.0953","24.3697","111.5250","51.8719","23.9304","22.2589","19.6684","87.3500","102.1098","58.6208","65.8124","152.3284","38.5342","29.1687","51.1942","41.5655","45.3334","24.1802","94.1932","51.0943","38.2743","112.5287","34.1350","79.4284","37.6028","34.5010","36.3066","173.5497","63.5006","156.4562","73.3581","20.6186","11.0000","23.2648","80.6213","162.2097","15.7432","36.8416","25.8762"
"C:\Users\cfg364\Sommerlab Dropbox\Casper van der Luijt\Casper\Data\BioLog\OmniLog\CL3\DATA_2024\08\_RIB40_Aspergillus oryzae__2_30_CL3_769_8#19#2024_A_ 8B_6.OKA","8/19/2024 7:16:29 PM"," 8-B","PM02A","","RIB40","Aspergillus oryzae","",86.2500,"65.1965","46.8733","143.2736","168.3077","156.7668","138.2486","55.9977","99.0466","27.8111","117.7770","44.8484","132.5782","39.3209","32.0010","43.6103","160.8424","141.3977","129.6449","43.5673","201.6739","142.7490","98.3436","38.3525","49.1160","176.7424","28.4751","25.3682","21.1969","85.4100","53.6226","27.4405","23.7594","24.2743","20.0515","25.9607","210.2321","188.6087","81.6484","23.2802","129.8058","126.3504","46.4036","167.0621","42.6988","19.7051","98.7866","32.2369","55.9579","19.1978","95.0479","16.8932","14.4176","119.0927","39.0244","133.0511","19.4911","108.0423","34.2908","21.0517","118.0996","50.9178","25.2171","21.2410","20.1049","82.1472","107.2646","66.7481","67.0027","152.9626","38.7886","25.5930","59.0576","40.2590","46.7387","26.6360","95.2760","49.7579","40.3477","114.8535","32.8794","82.1540","36.9586","35.9398","53.3556","179.4768","65.4171","165.8314","70.4505","21.3192","14.3915","24.9401","83.6882","164.5874","22.6017","37.4789","25.7829"
"C:\Users\cfg364\Sommerlab Dropbox\Casper van der Luijt\Casper\Data\BioLog\OmniLog\CL3\DATA_2024\08\_RIB40_Aspergillus oryzae__2_30_CL3_769_8#19#2024_A_ 8B_6.OKA","8/19/2024 7:16:29 PM"," 8-B","PM02A","","RIB40","Aspergillus oryzae","",86.5000,"65.0412","46.1964","145.4537","168.6879","156.0377","142.0841","58.9649","97.7855","31.7083","118.0113","42.8201","129.0428","42.1530","33.1805","42.5760","158.3227","139.1398","129.8372","43.9898","198.4284","138.6329","100.1489","34.7647","46.0389","176.9008","26.5877","25.3682","26.4734","84.1642","53.9369","22.3427","26.4081","24.1143","20.2462","25.2865","206.3616","191.6029","86.1516","22.9033","126.5262","129.4868","47.7544","166.6172","45.5689","18.7056","99.2737","35.8803","50.8794","18.8613","98.1679","16.8309","15.9225","119.6695","38.6173","132.9239","24.0388","106.2023","40.4800","22.2878","116.5751","50.6408","26.3750","23.0917","19.4501","85.0518","105.7150","64.4306","67.4725","152.5504","37.5486","22.5971","57.3972","40.6540","46.3555","25.5169","93.1722","47.0213","38.9761","116.4459","31.4040","81.1920","40.1149","36.8990","50.4042","178.6476","63.4063","162.9036","71.2547","16.6692","13.4548","23.4228","84.2257","165.9047","18.9802","37.0009","27.1522"
"C:\Users\cfg364\Sommerlab Dropbox\Casper van der Luijt\Casper\Data\BioLog\OmniLog\CL3\DATA_2024\08\_RIB40_Aspergillus oryzae__2_30_CL3_769_8#19#2024_A_ 8B_6.OKA","8/19/2024 7:16:29 PM"," 8-B","PM02A","","RIB40","Aspergillus oryzae","",86.7500,"66.3457","47.3567","146.3648","167.4522","155.9743","139.4089","58.9975","101.2038","31.8074","119.9855","50.8999","133.2657","39.8811","34.8514","43.7395","160.6510","144.1575","131.4717","44.2498","202.8098","142.2305","97.9497","35.3901","50.1748","176.2672","28.6704","24.0706","24.8225","84.9740","53.4026","28.3645","25.8913","29.2641","19.9866","29.7491","212.5281","188.3880","85.6295","21.6784","126.7512","128.1562","49.7020","167.8248","45.7922","18.5444","101.4497","36.0444","55.0789","21.4614","98.8756","15.3966","17.0826","121.1116","39.5567","135.2778","21.9716","109.6919","38.6558","24.0444","120.1006","53.8416","26.7932","24.3564","16.6750","85.0518","104.9876","64.5893","71.9827","151.4089","36.7537","23.5635","60.9373","42.5985","46.3555","24.3978","92.9866","51.5398","41.6237","117.9108","33.5072","83.2122","41.4032","37.1229","56.2128","176.6821","65.0715","165.4265","73.1416","19.8860","14.1654","24.4028","84.3206","166.9329","24.4285","40.3785","23.3865"
"C:\Users\cfg364\Sommerlab Dropbox\Casper van der Luijt\Casper\Data\BioLog\OmniLog\CL3\DATA_2024\08\_RIB40_Aspergillus oryzae__2_30_CL3_769_8#19#2024_A_ 8B_6.OKA","8/19/2024 7:16:29 PM"," 8-B","PM02A","","RIB40","Aspergillus oryzae","",87.0000,"65.8487","46.4543","147.5363","171.4760","152.8358","139.1833","54.8891","94.1349","30.4533","116.1374","41.1909","129.9267","41.1882","34.5237","43.0285","162.1501","139.8924","132.3690","44.6724","202.8748","139.2163","95.9803","34.8964","43.5574","176.0771","27.2060","24.3871","22.0385","85.5658","52.8053","26.1661","26.9573","24.7221","20.3760","25.8644","206.4928","189.2075","82.7253","23.3430","127.8123","126.6672","45.9010","166.0135","45.2819","20.3821","101.5147","35.9131","55.3393","21.7061","96.5275","14.9912","16.9886","116.4649","38.9305","135.6913","21.1766","108.9939","35.0074","22.4830","114.1612","53.3800","23.5445","23.3077","19.0136","86.2647","101.8885","63.7321","68.7567","153.2163","38.6614","25.6252","58.8697","39.8336","46.8345","25.9832","94.8120","47.7213","40.2201","113.7070","34.6059","80.5507","39.1165","39.0413","51.0635","179.2311","65.6684","168.4166","72.5539","20.5230","11.0000","22.9171","84.7000","165.8083","19.4929","39.9642","23.6043"
"C:\Users\cfg364\Sommerlab Dropbox\Casper van der Luijt\Casper\Data\BioLog\OmniLog\CL3\DATA_2024\08\_RIB40_Aspergillus oryzae__2_30_CL3_769_8#19#2024_A_ 8B_6.OKA","8/19/2024 7:16:29 PM"," 8-B","PM02A","","RIB40","Aspergillus oryzae","",87.2500,"79.5965","52.1500","150.1639","168.2743","154.0098","137.3714","53.7956","95.3188","25.5709","117.9719","35.3962","134.3434","38.6984","27.4670","43.8703","157.3324","140.3314","132.2000","49.4977","199.6124","138.8296","93.9187","36.0445","39.1555","171.6890","25.5638","25.4100","25.9366","82.1414","48.0245","22.3453","32.3539","26.6896","24.0412","30.6174","206.1069","186.7270","82.7041","20.6074","130.5162","124.9864","48.0413","163.7903","47.6484","19.8916","102.8128","34.9832","40.5756","22.1535","94.0264","18.6824","14.6486","116.2882","36.4605","126.9643","19.8429","106.2801","32.7907","23.9358","107.8399","51.9493","29.5943","19.8677","18.6627","81.2177","98.4991","60.7024","58.3423","152.2439","35.4794","30.5092","52.8352","36.5361","43.0166","23.2255","93.7322","45.6277","38.1344","113.5404","31.2215","79.0641","35.7941","32.2323","37.2176","173.0949","61.6991","157.1376","72.5704","18.8987","11.0000","25.3170","84.6827","162.4523","12.3884","29.9291","26.8360"
"C:\Users\cfg364\Sommerlab Dropbox\Casper van der Luijt\Casper\Data\BioLog\OmniLog\CL3\DATA_2024\08\_RIB40_Aspergillus oryzae__2_30_CL3_769_8#19#2024_A_ 8B_6.OKA","8/19/2024 7:16:29 PM"," 8-B","PM02A","","RIB40","Aspergillus oryzae","",87.5000,"69.3132","47.2496","149.3224","174.0128","156.1189","138.2098","56.2917","98.1625","25.7718","116.6624","41.9618","133.4850","42.0084","31.3688","45.4447","158.9622","139.9538","132.9359","44.0119","203.4436","136.5452","95.3107","33.5105","48.6724","171.4654","26.4801","25.8524","26.3883","87.0909","46.8445","20.8070","28.5498","25.9517","24.5576","30.2659","208.1881","189.0522","83.5530","20.9866","128.2370","128.3576","48.7331","166.2835","42.5406","21.9781","100.3401","41.2241","49.4284","20.0641","96.9836","18.9947","15.3720","119.1095","39.8114","133.2594","20.9244","108.5205","35.9036","23.8709","116.7564","50.3398","30.7386","21.6351","19.0365","82.7274","101.4560","66.4568","65.4643","152.8780","37.3576","24.1559","59.7345","37.3618","48.1724","26.3986","95.4577","43.4134","41.2592","116.8624","31.0952","80.6038","38.4598","33.2923","58.2603","177.5829","66.5983","165.1853","72.1978","19.5994","11.0000","27.4929","84.8730","163.9974","21.3320","39.9484","26.6501"
"C:\Users\cfg364\Sommerlab Dropbox\Casper van der Luijt\Casper\Data\BioLog\OmniLog\CL3\DATA_2024\08\_RIB40_Aspergillus oryzae__2_30_CL3_769_8#19#2024_A_ 8B_6.OKA","8/19/2024 7:16:29 PM"," 8-B","PM02A","","RIB40","Aspergillus oryzae","",87.7500,"72.1714","48.6451","148.0279","171.1751","156.2448","141.9503","58.4923","98.1956","21.2833","121.3294","43.7615","127.3773","42.7579","27.8638","46.8585","160.2406","139.5133","135.3676","47.3878","203.3453","138.4054","98.7242","35.8142","48.9358","174.2133","24.8110","26.7372","26.8077","85.1800","47.5780","19.6211","32.0023","22.9678","22.6208","29.7547","206.1729","189.8166","81.7245","18.9956","131.5756","127.2445","47.4753","164.0460","46.1161","23.5510","100.6004","39.1656","55.2971","20.0334","100.5836","16.7462","14.5857","124.3034","41.3146","136.6466","18.2206","105.5760","32.8234","26.0107","119.1448","50.3398","29.7533","19.0306","17.8217","81.0892","103.4272","66.3303","64.5105","151.3562","37.8669","28.0706","62.8392","38.2487","47.3767","26.6474","94.8106","48.1630","40.4302","119.1720","31.0004","82.5925","40.2583","38.8172","60.5049","177.0877","64.6386","163.6257","73.9055","23.1665","11.0000","22.3211","84.1435","166.4438","19.1042","41.7557","27.1769"
"C:\Users\cfg364\Sommerlab Dropbox\Casper van der Luijt\Casper\Data\BioLog\OmniLog\CL3\DATA_2024\08\_RIB40_Aspergillus oryzae__2_30_CL3_769_8#19#2024_A_ 8B_6.OKA","8/19/2024 7:16:29 PM"," 8-B","PM02A","","RIB40","Aspergillus oryzae","",88.0000,"71.7986","47.9636","145.9242","172.3732","154.9541","138.5322","54.6824","99.3529","24.4320","114.1443","44.5281","125.5615","38.4486","27.8638","45.9267","161.1673","138.6007","132.5200","45.9920","202.7887","138.6991","98.1277","36.9660","49.4298","175.3636","25.7929","27.4324","28.6788","83.7077","48.1520","23.7875","29.0613","26.0800","23.8152","30.1381","208.3533","187.1092","84.6305","20.1965","127.5307","129.0255","48.4501","168.8407","47.1057","23.6794","99.6244","36.4863","47.5716","19.6647","98.0765","19.5881","16.3786","123.3736","36.6484","132.1090","19.0477","106.0241","36.0019","25.3298","112.8077","48.5446","31.6604","23.0303","19.5972","84.9117","102.7596","69.7450","60.3772","150.9758","38.1534","25.5036","56.3789","36.0162","49.2226","27.9851","94.0403","48.7407","37.5924","119.4568","29.1046","83.3943","41.3503","31.0117","54.0830","174.8901","63.2479","165.8716","72.7256","20.2045","11.0000","21.4066","87.3154","164.0618","16.5534","42.8655","29.1603"
"C:\Users\cfg364\Sommerlab Dropbox\Casper van der Luijt\Casper\Data\BioLog\OmniLog\CL3\DATA_2024\08\_RIB40_Aspergillus oryzae__2_30_CL3_769_8#19#2024_A_ 8B_6.OKA","8/19/2024 7:16:29 PM"," 8-B","PM02A","","RIB40","Aspergillus oryzae","",88.2500,"74.9364","46.3734","152.1057","174.8011","157.3466","139.3384","54.7481","105.0734","27.3127","123.9148","46.3944","129.5893","41.8835","27.9299","47.0513","162.7332","139.1671","134.5997","45.1805","204.8516","139.9392","98.9230","37.1306","50.9446","173.5103","26.0219","26.8004","29.7434","82.9245","48.5666","24.4285","29.5088","23.2886","24.7836","32.0871","208.8488","187.9373","85.9040","19.7541","130.3878","132.0469","49.0789","165.6123","46.8503","21.6892","98.7459","37.0744","52.5783","19.7569","102.0622","17.0897","14.7430","119.6225","37.7758","136.8703","22.7693","109.0006","35.3793","24.0655","120.6733","50.9589","29.3718","21.2010","21.5596","83.1771","104.7944","70.4722","63.7156","153.9560","38.4081","24.6693","60.1422","37.1171","47.0903","26.2430","97.9843","45.9166","38.9316","115.5020","31.4111","85.5113","41.4145","38.0142","62.9988","176.6234","65.8397","161.4110","75.2095","23.5806","11.0000","26.3261","84.2704","164.1906","20.4602","41.6606","28.4785"
"C:\Users\cfg364\Sommerlab Dropbox\Casper van der Luijt\Casper\Data\BioLog\OmniLog\CL3\DATA_2024\08\_RIB40_Aspergillus oryzae__2_30_CL3_769_8#19#2024_A_ 8B_6.OKA","8/19/2024 7:16:29 PM"," 8-B","PM02A","","RIB40","Aspergillus oryzae","",88.5000,"74.6257","48.4828","151.4261","176.3461","158.5428","138.5967","54.4525","97.6996","24.3650","117.9047","45.2946","128.7970","40.5720","32.5261","47.5011","161.5188","141.6845","132.2960","46.3166","202.7559","138.7643","94.0513","35.3863","49.7591","177.9517","27.2329","27.9065","25.8721","82.9872","48.0882","25.4540","33.7924","27.3634","25.3969","30.7132","211.0622","184.1788","84.3040","20.2281","132.6670","128.3258","48.1042","165.6123","44.8391","23.8078","101.8692","37.6952","50.6552","19.9412","97.8515","18.5263","13.5163","123.4378","37.9951","132.2368","23.6282","110.9849","35.0517","24.4221","116.1514","51.9184","32.0100","22.4102","19.0988","83.4019","106.5113","65.8560","63.8110","152.5610","35.9569","27.1721","62.4002","38.1264","52.5325","28.7317","99.3093","45.7240","41.9607","120.4376","31.6955","83.7792","42.6028","36.2154","57.3251","180.0900","67.6414","168.0551","72.4772","22.7843","11.0000","26.9568","86.4590","164.4803","19.0719","45.0533","26.2162"
"C:\Users\cfg364\Sommerlab Dropbox\Casper van der Luijt\Casper\Data\BioLog\OmniLog\CL3\DATA_2024\08\_RIB40_Aspergillus oryzae__2_30_CL3_769_8#19#2024_A_ 8B_6.OKA","8/19/2024 7:16:29 PM"," 8-B","PM02A","","RIB40","Aspergillus oryzae","",88.7500,"74.1908","45.3349","149.2253","173.9813","157.4410","139.1127","53.8941","102.4281","27.3127","120.3893","45.9279","122.2600","40.5408","28.0952","45.1234","162.8930","141.9362","135.2076","46.5763","199.5469","142.7131","96.9677","35.6496","48.4419","174.4689","24.9419","23.8932","25.9044","85.0547","49.4276","20.7749","30.6916","25.5987","23.8475","28.8920","210.1042","187.9692","82.5081","19.3432","129.3605","129.2800","49.0789","167.8818","45.9245","21.6571","101.9018","35.6041","50.6220","20.6172","100.4551","15.8718","13.1074","117.4103","38.0890","137.9568","19.2385","110.6009","34.6912","24.4221","114.7820","49.9684","30.7704","21.7901","22.5252","81.4425","102.8867","66.8678","65.5915","148.7564","40.7000","27.2042","58.9818","37.8817","46.5811","24.2521","94.9031","46.3017","40.3027","118.5076","27.8092","84.3566","44.4977","35.7978","58.6032","175.1996","62.8686","161.4422","72.9740","19.3127","11.0000","24.0556","86.4273","163.1927","19.1687","41.0265","29.4392"
"C:\Users\cfg364\Sommerlab Dropbox\Casper van der Luijt\Casper\Data\BioLog\OmniLog\CL3\DATA_2024\08\_RIB40_Aspergillus oryzae__2_30_CL3_769_8#19#2024_A_ 8B_6.OKA","8/19/2024 7:16:29 PM"," 8-B","PM02A","","RIB40","Aspergillus oryzae","",89.0000,"77.5685","46.4140","148.0548","171.3493","156.9523","136.8393","56.4735","99.3315","31.8109","120.4763","43.2992","124.3818","39.8896","31.4305","44.9600","163.3482","141.1965","135.2901","46.5404","205.9402","137.6839","97.9717","32.3855","45.6061","174.6162","25.1340","28.9462","29.2848","87.2060","49.5498","23.2013","27.7090","22.1614","23.7754","23.3746","210.3741","190.2077","82.1501","23.0357","130.1439","130.7514","47.1267","168.2446","49.2739","18.8136","98.0048","39.2983","53.8511","21.4092","100.3466","16.0863","15.3567","119.4239","36.7346","140.8848","23.0214","109.0769","36.3482","28.6827","116.0754","54.2438","27.7064","24.5796","19.1240","85.1405","105.3917","64.7320","68.4622","150.1511","37.9189","21.3958","59.5687","36.1805","46.2864","24.4079","97.2798","44.3459","38.5622","118.4862","28.3379","87.2183","39.3891","35.9248","53.6342","177.7994","60.1991","161.2484","75.0951","20.2433","11.0000","24.3347","88.6745","164.0992","17.5295","43.2372","23.4780"
"C:\Users\cfg364\Sommerlab Dropbox\Casper van der Luijt\Casper\Data\BioLog\OmniLog\CL3\DATA_2024\08\_RIB40_Aspergillus oryzae__2_30_CL3_769_8#19#2024_A_ 8B_6.OKA","8/19/2024 7:16:29 PM"," 8-B","PM02A","","RIB40","Aspergillus oryzae","",89.2500,"76.4250","46.1543","148.9012","172.8067","158.2726","138.5618","57.0649","97.4401","30.4854","123.9289","47.4076","127.0892","39.2309","32.0546","46.3468","165.4290","143.8242","136.4365","48.0899","209.8927","138.4674","100.5190","36.2528","46.9295","175.9568","28.0065","27.8738","26.2534","88.7352","48.8829","26.5550","29.7372","24.3808","27.4761","23.4069","211.2691","189.1614","82.7401","22.7522","132.6809","133.1946","50.6797","165.7598","46.4034","20.3311","98.4634","35.2604","54.9995","19.8784","98.0284","18.4578","14.5043","119.9053","36.0723","140.5058","22.2284","109.3006","38.1799","24.9907","119.9801","57.7475","29.0584","24.8875","20.9605","89.2240","108.2061","69.8719","69.2809","151.0109","37.3136","20.7824","61.4476","41.3441","49.9235","24.2520","96.2288","46.4300","40.0598","121.8778","30.7108","87.4414","39.9041","39.2481","59.1273","177.2455","62.8456","164.5956","75.2492","18.4265","13.4608","24.9682","86.5443","163.8738","19.3397","44.8190","26.0919"
"C:\Users\cfg364\Sommerlab Dropbox\Casper van der Luijt\Casper\Data\BioLog\OmniLog\CL3\DATA_2024\08\_RIB40_Aspergillus oryzae__2_30_CL3_769_8#19#2024_A_ 8B_6.OKA","8/19/2024 7:16:29 PM"," 8-B","PM02A","","RIB40","Aspergillus oryzae","",89.5000,"77.7539","42.9407","149.9429","173.6622","157.2981","138.1068","55.2907","100.3602","29.8889","121.8171","42.7982","125.5374","39.1054","33.9268","44.0892","161.9077","142.3852","133.7933","47.2183","205.9078","139.4793","97.5747","31.7575","44.7459","176.2760","23.2408","25.7922","30.0265","87.0812","47.4540","25.4690","28.4494","27.0505","26.3176","27.6071","210.4736","189.3833","81.8224","21.2083","132.4561","131.4177","47.3783","168.6587","46.6585","19.4916","102.9185","35.1291","52.6699","19.6335","98.1572","17.4905","15.0410","116.6644","36.7346","142.0535","26.3202","108.7254","35.4651","25.2174","118.8055","54.8277","26.0326","21.9006","22.0187","89.0645","103.4944","69.9665","72.0516","149.7053","39.9259","24.3014","60.9779","37.9726","47.8816","24.7197","95.7032","46.3018","40.2192","116.8696","31.1537","86.4855","41.0950","36.8515","52.0424","179.7075","63.8022","164.7520","74.1399","21.9326","11.0000","20.5972","88.0704","166.1925","18.5639","41.3391","25.9985"
"C:\Users\cfg364\Sommerlab Dropbox\Casper van der Luijt\Casper\Data\BioLog\OmniLog\CL3\DATA_2024\08\_RIB40_Aspergillus oryzae__2_30_CL3_769_8#19#2024_A_ 8B_6.OKA","8/19/2024 7:16:29 PM"," 8-B","PM02A","","RIB40","Aspergillus oryzae","",89.7500,"80.1499","45.8562","152.3088","175.8466","157.2638","143.6623","57.4864","97.8358","31.9222","125.3525","47.0902","125.1545","40.8650","33.6654","44.0047","167.8705","139.1123","138.0155","50.5867","205.5936","141.1047","103.2603","37.9336","48.9376","177.5378","27.2001","26.3402","26.8891","86.3212","51.9517","25.7912","33.7633","28.5644","23.6653","26.3124","212.2933","190.0795","87.3825","21.6763","130.9599","131.1757","51.7294","169.2110","46.1368","21.0829","100.0945","37.0850","55.2770","20.6779","100.6239","17.7643","17.1831","122.3163","37.6016","134.5901","24.5997","111.3548","36.3268","27.5140","115.2200","55.6440","26.0098","23.4309","21.3818","86.8143","107.8418","68.0565","65.7190","152.7938","37.6162","22.1136","57.0764","35.5553","48.5652","27.6776","94.1125","44.9147","43.2945","120.0109","27.3474","86.4922","40.0868","36.1883","61.0183","176.7413","67.3644","167.2907","75.5832","24.2266","11.5181","24.4705","91.2359","168.0583","19.6051","45.1524","32.7254"
"C:\Users\cfg364\Sommerlab Dropbox\Casper van der Luijt\Casper\Data\BioLog\OmniLog\CL3\DATA_2024\08\_RIB40_Aspergillus oryzae__2_30_CL3_769_8#19#2024_A_ 8B_6.OKA","8/19/2024 7:16:29 PM"," 8-B","PM02A","","RIB40","Aspergillus oryzae","",90.0000,"77.2285","47.7639","148.8598","175.1867","159.4147","143.0535","58.4977","102.5573","32.1528","127.8558","46.4582","129.1068","42.9849","33.7310","46.0030","167.0792","140.7137","137.1549","47.7798","205.9843","142.7610","103.4241","40.9189","51.2040","179.2121","26.4147","29.0436","27.8256","87.9532","55.8383","27.5407","32.9971","26.9647","25.7978","28.3626","211.1431","191.2549","81.6375","18.5177","131.4097","130.5084","52.9182","167.2472","49.9705","20.2426","101.1703","36.6933","52.8464","19.5719","99.9505","19.0424","15.9904","122.4436","37.7894","136.4656","27.2187","108.3234","40.2810","24.4438","116.9395","56.7578","25.2752","22.9980","19.6411","87.6435","106.5485","72.1975","69.0180","150.5048","41.1820","23.2121","59.4417","33.4962","47.5056","27.3354","96.4332","44.7532","42.5966","119.1565","29.4106","84.9855","43.3116","38.6527","62.1721","176.0614","67.3014","168.7220","77.3454","26.1343","11.0000","27.9407","91.4259","166.6794","20.3786","44.0414","30.8175"
"C:\Users\cfg364\Sommerlab Dropbox\Casper van der Luijt\Casper\Data\BioLog\OmniLog\CL3\DATA_2024\08\_RIB40_Aspergillus oryzae__2_30_CL3_769_8#19#2024_A_ 8B_6.OKA","8/19/2024 7:16:29 PM"," 8-B","PM02A","","RIB40","Aspergillus oryzae","",90.2500,"78.7203","44.2395","151.6906","174.8410","155.3659","141.8678","57.4538","101.0385","31.6256","123.1829","41.7682","124.3970","39.6804","30.6149","46.9377","168.4402","142.1895","135.2744","49.3929","206.9610","136.2006","104.2431","36.4574","45.1603","179.8754","26.1529","27.3462","25.9202","83.9674","53.3736","26.0138","31.9754","24.6292","23.7623","30.9574","213.1806","187.9192","86.7949","20.1286","130.6708","132.0654","50.1028","168.7675","47.8477","21.2122","103.1263","36.2362","57.9376","21.0774","101.4255","18.6060","14.8605","122.6981","40.8564","136.0206","21.6021","111.3548","36.3922","24.7347","118.3724","54.6540","27.3830","23.0907","21.4750","84.2308","107.6210","70.3957","68.4787","150.6320","41.3412","22.5983","56.0356","33.8650","46.1250","25.7485","97.3924","43.6550","42.6283","121.3399","31.0930","84.4726","41.3640","37.1804","57.2763","179.0901","70.3243","167.7263","76.0778","21.3969","13.3962","24.6914","89.0502","165.2685","20.0240","43.6923","29.8944"
"C:\Users\cfg364\Sommerlab Dropbox\Casper van der Luijt\Casper\Data\BioLog\OmniLog\CL3\DATA_2024\08\_RIB40_Aspergillus oryzae__2_30_CL3_769_8#19#2024_A_ 8B_6.OKA","8/19/2024 7:16:29 PM"," 8-B","PM02A","","RIB40","Aspergillus oryzae","",90.5000,"81.6106","50.2213","152.6667","178.9261","155.9985","142.2523","57.6169","101.7979","35.4806","127.4219","49.0527","132.4333","44.7618","33.5014","46.1964","168.1554","143.5397","138.0793","48.6509","207.4819","141.5269","105.5209","36.5886","48.3135","181.4865","26.1201","27.9749","26.2109","85.9132","53.8160","25.8866","30.2834","25.5890","26.2178","29.0994","214.2980","190.4289","85.9789","21.0130","131.6346","133.1458","51.8233","170.0662","50.8893","20.7274","100.1271","40.7089","54.7843","19.8791","101.0407","18.2943","15.2685","126.8975","41.3884","138.0232","24.9784","111.9610","36.3268","26.9646","119.2640","54.2209","29.0756","23.6164","21.0399","89.3977","108.2835","73.0826","66.4169","152.8574","39.6857","23.5998","57.4863","35.4016","47.0882","25.1884","97.1139","45.0116","44.5000","118.8084","31.0612","83.5430","45.5785","34.7160","67.4733","178.7811","71.1430","163.8992","79.2622","22.8912","13.2667","24.7860","90.1589","165.3006","21.6677","44.7080","33.9563"
"C:\Users\cfg364\Sommerlab Dropbox\Casper van der Luijt\Casper\Data\BioLog\OmniLog\CL3\DATA_2024\08\_RIB40_Aspergillus oryzae__2_30_CL3_769_8#19#2024_A_ 8B_6.OKA","8/19/2024 7:16:29 PM"," 8-B","PM02A","","RIB40","Aspergillus oryzae","",90.7500,"84.0658","45.8562","150.2264","176.4122","155.5557","140.7463","59.6721","98.7603","30.6701","124.7183","42.9656","120.5106","43.3590","31.8941","43.8758","166.8259","138.8611","137.4099","51.4578","205.3006","138.6689","103.7189","33.3080","44.1421","179.2121","22.3565","25.9001","28.1163","87.0430","48.4758","25.4413","31.0815","27.3806","24.6993","28.7150","211.7346","188.9358","84.0204","19.6864","134.4617","129.3645","48.9453","171.8082","50.0972","21.9554","103.4849","34.7344","51.1712","18.5273","100.8484","16.2369","17.2145","121.9028","40.5121","139.3583","27.8498","108.1000","34.8562","26.7060","114.6469","56.0153","27.1275","22.0703","21.0709","86.0169","106.7378","69.0364","66.6072","151.2678","37.0432","23.1798","54.2695","35.4938","42.8180","23.6327","95.5668","42.3307","42.0891","121.1184","28.9028","86.3960","45.8659","34.4280","51.8192","175.8451","69.2852","164.7393","77.6236","22.7958","11.0000","25.7324","91.0142","167.0322","17.5747","39.5344","30.5098"
"C:\Users\cfg364\Sommerlab Dropbox\Casper van der Luijt\Casper\Data\BioLog\OmniLog\CL3\DATA_2024\08\_RIB40_Aspergillus oryzae__2_30_CL3_769_8#19#2024_A_ 8B_6.OKA","8/19/2024 7:16:29 PM"," 8-B","PM02A","","RIB40","Aspergillus oryzae","",91.0000,"85.7751","46.3412","152.6667","177.3863","154.9863","138.7596","56.8666","97.4726","33.9650","125.3858","43.9635","123.7054","42.6108","31.1725","44.2303","166.0346","141.3417","134.7963","48.1992","205.7238","141.6243","103.8172","33.0455","48.2807","180.5704","25.0074","27.0632","28.3746","86.7920","52.0149","25.6003","31.0496","25.5250","22.8253","31.3418","212.3262","191.5090","82.2250","19.4337","130.2853","134.6710","50.1340","168.9576","50.5725","17.8189","102.6047","34.6365","51.6310","17.8514","99.9505","17.2968","17.2772","122.7617","41.3884","136.5927","26.2406","110.3656","33.1569","24.7024","114.9335","52.2099","27.8940","21.8848","21.7237","86.8143","106.2961","69.9531","69.8110","152.9210","39.4628","25.6028","54.9633","34.5718","47.8267","26.1841","95.9691","42.6214","43.7704","121.7829","29.1567","83.7994","46.2490","36.9244","56.7774","180.3881","69.8205","167.8819","76.1706","22.5733","11.0000","28.4139","88.0049","163.5370","18.5093","39.3757","29.6790"
"C:\Users\cfg364\Sommerlab Dropbox\Casper van der Luijt\Casper\Data\BioLog\OmniLog\CL3\DATA_2024\08\_RIB40_Aspergillus oryzae__2_30_CL3_769_8#19#2024_A_ 8B_6.OKA","8/19/2024 7:16:29 PM"," 8-B","PM02A","","RIB40","Aspergillus oryzae","",91.2500,"84.9982","48.0549","155.3347","173.8983","153.3731","139.0800","56.8666","97.8358","33.0424","129.6582","43.4313","122.8820","49.5315","32.2221","43.0055","167.2374","142.5663","135.6250","46.7151","210.1190","142.2414","104.5380","34.2266","45.5216","178.3907","22.8146","26.4031","25.8556","88.3612","50.5929","25.4095","29.0063","24.0213","22.5668","25.4475","212.5891","192.0491","84.8364","19.7179","132.8554","132.2243","49.4771","167.4373","48.9566","19.6933","100.4857","36.9218","52.7807","19.7255","100.1108","18.2319","15.3313","121.2665","39.8236","137.8643","24.0633","104.0475","34.1046","26.8030","115.4111","53.5093","26.8082","18.2359","18.7708","83.0188","103.9934","67.0450","67.3368","151.3314","39.9404","22.5013","54.3957","33.0045","43.6207","25.4063","95.4740","42.9767","39.0436","120.6754","30.1090","83.8635","45.6424","33.3078","54.1268","176.8031","68.2461","165.6416","78.2729","23.0502","11.0000","24.9122","91.2042","166.6153","17.4457","41.2801","28.9712"
"C:\Users\cfg364\Sommerlab Dropbox\Casper van der Luijt\Casper\Data\BioLog\OmniLog\CL3\DATA_2024\08\_RIB40_Aspergillus oryzae__2_30_CL3_769_8#19#2024_A_ 8B_6.OKA","8/19/2024 7:16:29 PM"," 8-B","PM02A","","RIB40","Aspergillus oryzae","",91.5000,"83.8483","47.8286","153.7729","177.5120","161.3759","146.1297","57.7148","99.3546","29.9782","123.4833","42.5332","124.1994","43.9201","32.4845","44.1659","169.2316","142.7547","139.2267","51.9417","205.8541","144.1576","102.5722","37.4743","48.8719","180.4756","27.7238","29.2322","30.6353","87.4510","53.2156","28.9721","31.6562","27.2206","25.9593","30.3808","216.1384","191.7632","86.0768","21.9606","134.3653","134.6710","50.6971","169.7495","51.9348","19.9841","104.1042","37.5421","59.0872","20.1249","101.2331","17.8579","15.4254","125.7522","44.5180","139.0722","23.2114","111.5462","34.7908","26.3505","119.0093","55.9225","30.0337","24.4513","21.5061","86.8781","104.7820","71.9762","64.8625","154.3199","36.5974","21.5644","60.3878","32.4513","50.6521","26.3708","100.3629","43.6550","42.7870","120.7387","30.3312","87.6141","46.2810","38.6847","61.9227","176.8031","71.5523","167.5708","79.6332","27.8830","13.1695","23.4610","93.6750","165.9419","20.0563","40.9944","31.1868"
"C:\Users\cfg364\Sommerlab Dropbox\Casper van der Luijt\Casper\Data\BioLog\OmniLog\CL3\DATA_2024\08\_RIB40_Aspergillus oryzae__2_30_CL3_769_8#19#2024_A_ 8B_6.OKA","8/19/2024 7:16:29 PM"," 8-B","PM02A","","RIB40","Aspergillus oryzae","",91.7500,"87.2358","48.3136","154.8141","179.3974","155.3975","144.6877","59.3785","100.7413","35.5135","129.4579","46.6578","124.0347","45.2294","35.4694","41.4907","170.4344","141.5929","136.8043","49.9414","206.5378","144.3849","107.0935","38.5897","45.3574","175.4530","24.8110","29.1065","31.3457","88.7064","56.5651","27.5089","32.8694","28.9483","24.6669","29.1635","214.4623","188.2369","83.7592","23.8558","132.0844","130.3177","52.0735","170.0662","50.8576","20.3073","103.8434","38.2603","58.0032","18.5887","102.3234","17.8579","16.2729","127.6292","39.7923","138.8497","25.4517","109.9827","37.8627","28.4511","117.7038","55.4275","28.4369","18.6688","19.7033","89.6210","108.3781","67.0766","67.5588","154.8921","39.8767","24.3751","57.5179","35.3402","49.2715","26.5575","96.2475","40.4574","42.4380","122.8904","29.5059","87.4859","45.0677","36.1883","61.9538","177.5449","71.0170","169.8733","80.0042","22.3189","11.2914","25.1961","94.2135","163.3766","21.7966","46.1363","33.9256"
"C:\Users\cfg364\Sommerlab Dropbox\Casper van der Luijt\Casper\Data\BioLog\OmniLog\CL3\DATA_2024\08\_RIB40_Aspergillus oryzae__2_30_CL3_769_8#19#2024_A_ 8B_6.OKA","8/19/2024 7:16:29 PM"," 8-B","PM02A","","RIB40","Aspergillus oryzae","",92.0000,"84.5941","48.1519","156.3108","175.0296","159.8892","143.0855","58.4977","103.3497","30.9996","127.1215","45.3273","127.3612","46.8817","31.1397","44.2626","167.3324","140.9963","137.1231","49.0703","209.6958","144.9046","102.8016","36.8182","46.1457","181.9287","24.5165","23.8254","27.5672","86.6664","51.8253","30.0536","31.1454","24.9811","26.0239","27.3375","214.0680","189.7300","81.2131","21.0130","132.9839","133.9402","50.9787","170.9214","53.1705","20.3396","100.8117","39.3703","57.0507","19.7870","99.7260","18.5748","16.5867","125.8795","41.2320","139.4854","23.7162","110.4294","39.4314","27.0292","119.2959","52.8905","26.8720","18.5451","19.1127","85.4747","107.1163","72.6084","69.2400","149.9643","41.8188","23.2121","59.8201","33.9265","46.0287","26.7131","95.5359","42.6214","41.7084","121.2133","27.4743","88.1591","45.7382","35.2601","62.8582","180.0481","69.7575","164.7082","79.4477","23.1774","11.1295","24.3128","91.3626","166.1984","17.5424","44.5175","31.0329"
"C:\Users\cfg364\Sommerlab Dropbox\Casper van der Luijt\Casper\Data\BioLog\OmniLog\CL3\DATA_2024\08\_RIB40_Aspergillus oryzae__2_30_CL3_769_8#19#2024_A_ 8B_6.OKA","8/19/2024 7:16:29 PM"," 8-B","PM02A","","RIB40","Aspergillus oryzae","",92.2500,"83.7480","44.3333","153.6081","175.7465","155.7457","139.6010","56.3670","98.1896","30.8076","127.6916","41.2494","130.3225","51.9859","31.9584","42.4457","164.9516","144.6221","139.2039","49.5894","210.5840","145.2671","102.6454","37.1330","45.9256","179.0328","28.4564","27.5425","28.0362","85.4206","56.2998","24.2852","28.5519","24.9119","27.9639","26.5934","213.7137","188.3507","87.7302","20.2851","134.3259","132.3009","47.1722","170.3432","48.9345","17.4654","100.9164","36.2155","58.6688","22.3240","101.9249","15.6989","11.5994","119.8234","39.1315","135.8544","22.2326","111.6805","38.4320","21.5768","121.1711","56.1148","31.8599","23.1508","20.0716","83.3704","104.5386","66.1319","70.8404","152.0115","31.9797","24.7326","62.5218","35.1387","47.2500","23.8741","94.0156","46.6895","42.0210","117.5441","27.4438","88.9840","43.5219","38.4379","63.0574","176.3019","69.0215","167.0225","82.4618","22.1414","16.5090","23.6498","96.0127","166.0415","20.1883","40.9305","27.3270"
"C:\Users\cfg364\Sommerlab Dropbox\Casper van der Luijt\Casper\Data\BioLog\OmniLog\CL3\DATA_2024\08\_RIB40_Aspergillus oryzae__2_30_CL3_769_8#19#2024_A_ 8B_6.OKA","8/19/2024 7:16:29 PM"," 8-B","PM02A","","RIB40","Aspergillus oryzae","",92.5000,"87.9707","50.1796","155.4260","178.6092","160.0627","140.4405","56.8591","102.8063","29.3786","128.7634","42.6579","131.2439","52.5444","31.6288","47.4396","165.2078","143.3454","140.7647","52.8213","210.6809","144.0302","107.6837","37.2982","48.1105","179.1280","28.9440","28.2357","26.6138","88.4100","54.7269","24.8281","29.3862","27.4064","28.0605","24.1023","214.2436","190.7649","86.2628","19.4640","136.3197","132.7476","49.5963","170.5341","49.9235","22.0881","103.1333","41.2193","57.4499","22.0187","104.7142","16.0435","13.8708","120.6598","38.0277","138.2653","23.9144","115.6213","39.0213","21.6095","121.3295","57.1276","30.6497","24.5043","21.5629","85.5479","107.7302","71.8952","72.0131","152.3602","36.2271","24.4747","66.3789","37.8956","51.0000","27.1160","97.2815","47.1067","43.0043","121.2005","29.7929","88.5671","46.0261","39.2674","62.5274","180.2481","69.3735","166.9913","80.8545","23.6418","14.5116","26.0216","95.5379","163.9551","23.2938","44.7115","26.1741"
"C:\Users\cfg364\Sommerlab Dropbox\Casper van der Luijt\Casper\Data\BioLog\OmniLog\CL3\DATA_2024\08\_RIB40_Aspergillus oryzae__2_30_CL3_769_8#19#2024_A_ 8B_6.OKA","8/19/2024 7:16:29 PM"," 8-B","PM02A","","RIB40","Aspergillus oryzae","",92.7500,"88.4675","46.3036","153.4458","178.0115","154.2855","140.8602","56.1374","98.3545","28.9797","127.6581","39.6061","121.7007","50.9620","28.2346","41.9302","166.5526","143.6257","138.3439","49.7186","212.8766","142.2399","104.5553","32.7720","39.4040","176.6850","29.1716","25.3683","27.0018","85.1374","50.4486","25.3391","29.5145","27.1506","26.4188","25.3640","206.5603","186.6671","85.2519","20.3799","134.3259","131.9181","46.3852","168.5936","46.9564","21.1829","102.5791","38.0469","55.0450","24.6132","102.4699","16.0748","13.4922","119.0514","37.0816","136.6792","21.7884","113.6191","37.3845","21.2178","115.4677","55.2248","31.1274","24.3505","20.4134","84.3311","106.7822","71.6419","72.5202","153.5966","34.9400","25.3450","61.5497","36.4253","46.9936","25.2145","97.3126","48.6473","44.0193","118.6569","29.8564","88.7275","42.3340","38.1826","58.7868","174.3133","66.7492","164.2782","78.7527","25.5572","15.0271","22.7959","92.1513","165.8490","23.2298","41.4388","21.5315"
"C:\Users\cfg364\Sommerlab Dropbox\Casper van der Luijt\Casper\Data\BioLog\OmniLog\CL3\DATA_2024\08\_RIB40_Aspergillus oryzae__2_30_CL3_769_8#19#2024_A_ 8B_6.OKA","8/19/2024 7:16:29 PM"," 8-B","PM02A","","RIB40","Aspergillus oryzae","",93.0000,"85.4868","48.3708","156.4323","176.1240","157.1106","143.0558","54.1364","103.0701","31.3394","125.9165","39.5390","126.1762","54.4060","29.5198","43.0578","164.5994","143.0340","136.1461","49.6217","212.0048","143.0211","100.0768","35.4811","46.1573","179.5088","29.4316","25.6834","25.5794","85.9870","53.2483","24.3172","28.5840","28.7496","25.2278","24.3611","212.8858","188.2236","84.8280","20.5062","137.1558","132.8114","50.1000","168.6572","49.7640","20.1808","100.4274","36.2482","54.9791","23.1176","102.9188","13.3181","15.3219","123.9087","39.7938","139.5658","21.4076","110.9813","36.0424","19.0306","118.2560","60.4115","31.0318","21.6127","19.5746","86.0923","106.6874","69.9636","70.2699","154.1355","37.7395","23.3786","60.0759","35.0161","47.5064","24.7781","97.2815","46.5290","44.3364","118.2436","27.6026","87.5731","42.3661","38.9484","61.2494","178.2595","68.5734","167.0537","78.4436","21.4710","13.0619","20.5189","94.5884","162.3501","21.1168","44.2984","27.1089"
"C:\Users\cfg364\Sommerlab Dropbox\Casper van der Luijt\Casper\Data\BioLog\OmniLog\CL3\DATA_2024\08\_RIB40_Aspergillus oryzae__2_30_CL3_769_8#19#2024_A_ 8B_6.OKA","8/19/2024 7:16:29 PM"," 8-B","PM02A","","RIB40","Aspergillus oryzae","",93.2500,"87.7223","47.4341","154.1599","177.6025","156.4123","141.8288","58.8601","102.4436","29.4118","129.4668","41.7188","126.5381","52.2651","31.2663","48.2129","165.2078","141.2590","141.4017","51.0760","212.0694","142.2399","107.1568","31.6487","41.7544","180.4923","29.4316","25.4313","24.8035","89.6058","56.8660","25.3391","32.9158","30.2208","25.9360","26.2375","210.2363","190.9873","86.4911","17.2533","134.6796","132.7157","48.8407","166.7803","47.5945","21.1506","101.2424","38.3413","51.1907","21.3167","101.1554","18.5496","14.1862","119.8878","40.7399","137.5674","22.0423","110.0597","36.6643","21.8707","114.7706","57.5880","29.6943","20.2592","20.2270","86.4445","107.9514","71.2936","75.9750","151.6311","33.7495","22.1859","58.1630","37.3136","49.6859","24.4663","94.2022","50.8297","46.4299","121.2959","30.0469","89.1443","41.0820","36.7150","58.7244","177.6380","70.2056","165.4632","82.5855","23.5779","12.9652","26.3062","96.3925","161.0340","20.3164","44.2031","24.5539"
"C:\Users\cfg364\Sommerlab Dropbox\Casper van der Luijt\Casper\Data\BioLog\OmniLog\CL3\DATA_2024\08\_RIB40_Aspergillus oryzae__2_30_CL3_769_8#19#2024_A_ 8B_6.OKA","8/19/2024 7:16:29 PM"," 8-B","PM02A","","RIB40","Aspergillus oryzae","",93.5000,"90.2994","50.0504","155.2961","179.6788","155.4600","143.0235","56.2358","101.8830","29.0795","132.5482","45.1730","125.2218","53.6613","30.9368","48.5995","166.6807","146.6462","141.0195","49.4924","212.5860","143.6070","105.8067","37.0009","44.0055","182.0788","30.8294","25.8410","30.2344","90.8645","55.7650","24.8601","30.8301","27.7262","27.8674","24.0053","214.5417","191.2097","84.7628","18.6429","133.7471","136.9909","49.3130","166.5894","51.8697","20.3101","103.4267","35.6595","54.1226","23.6670","101.5081","17.6724","12.7351","121.3996","37.6492","142.1035","22.8990","108.8520","36.9589","21.4136","117.3055","61.7312","30.3631","25.3964","20.2891","86.0923","106.5294","72.6869","71.6645","153.6917","33.8460","23.1852","62.6786","37.2217","50.8397","24.9651","97.0326","46.8820","42.9091","120.4692","30.7453","91.0683","45.3519","40.2245","57.5399","178.6634","69.8855","167.7398","87.2527","22.6521","16.1546","22.5429","92.8476","163.3773","23.2618","44.3938","27.9813"
"C:\Users\cfg364\Sommerlab Dropbox\Casper van der Luijt\Casper\Data\BioLog\OmniLog\CL3\DATA_2024\08\_RIB40_Aspergillus oryzae__2_30_CL3_769_8#19#2024_A_ 8B_6.OKA","8/19/2024 7:16:29 PM"," 8-B","PM02A","","RIB40","Aspergillus oryzae","",93.7500,"88.0328","46.7881","156.5946","177.2250","155.3330","138.9553","53.0867","100.8607","24.5596","126.6868","39.8744","123.2803","55.2747","30.8709","45.6354","164.1191","141.3213","140.0321","50.0741","210.8101","143.5419","103.2052","33.1354","43.6414","178.9377","28.8465","25.0847","26.7108","84.3193","53.4685","24.1575","28.0706","27.6303","25.7429","26.3346","211.3955","190.5743","81.8279","21.3589","136.7377","137.2462","48.2741","169.1980","49.2535","18.2412","103.2637","38.5048","50.7954","18.9054","99.2959","18.7375","12.4512","122.0751","36.4193","136.4254","21.4394","112.7928","33.8818","23.3397","114.8973","57.4652","26.6051","23.0892","22.7124","87.4693","107.2878","68.6336","71.9814","149.9191","36.1628","21.7668","57.1909","34.4341","49.4615","22.1284","96.3795","45.0205","43.1946","121.5820","27.3486","85.1040","44.3887","37.6084","57.7893","178.3837","69.2455","164.7148","83.7291","22.8118","14.4472","23.4600","94.3668","163.3452","21.7891","40.0726","24.8966"
"C:\Users\cfg364\Sommerlab Dropbox\Casper van der Luijt\Casper\Data\BioLog\OmniLog\CL3\DATA_2024\08\_RIB40_Aspergillus oryzae__2_30_CL3_769_8#19#2024_A_ 8B_6.OKA","8/19/2024 7:16:29 PM"," 8-B","PM02A","","RIB40","Aspergillus oryzae","",94.0000,"89.4921","51.0840","155.5883","178.1688","154.8886","140.0853","58.3680","99.2119","29.6444","128.2610","40.4445","126.0116","57.4155","30.1789","47.5363","168.0576","142.8472","138.7262","46.4221","208.5821","141.1658","106.3665","33.7631","42.1517","178.8107","25.9208","26.2191","25.7410","88.6618","55.5133","24.3810","28.5198","25.8393","25.3888","26.2051","208.5473","191.4003","85.3171","19.2113","134.2294","134.3747","46.2593","168.3073","52.6992","19.5343","101.2098","36.5098","52.2449","21.2557","105.7401","17.1712","11.5363","119.6947","38.7530","144.1019","23.4067","109.9961","36.4679","21.9033","116.7668","58.3245","29.4713","23.3353","20.1027","86.4125","107.7618","69.2352","73.6613","153.9770","39.1875","22.8629","54.6509","33.7908","51.7692","25.4015","94.0778","45.3415","43.7655","120.8507","26.2058","89.1443","41.7241","41.7879","58.5374","178.3216","69.0855","164.4341","84.1618","25.6210","11.0644","22.6378","92.6577","165.3033","19.4840","41.6295","26.2053"
"C:\Users\cfg364\Sommerlab Dropbox\Casper van der Luijt\Casper\Data\BioLog\OmniLog\CL3\DATA_2024\08\_RIB40_Aspergillus oryzae__2_30_CL3_769_8#19#2024_A_ 8B_6.OKA","8/19/2024 7:16:29 PM"," 8-B","PM02A","","RIB40","Aspergillus oryzae","",94.2500,"92.9199","48.8969","157.3339","179.0218","157.3620","140.7093","61.1695","96.1731","27.5342","131.8434","41.3595","122.5629","56.5191","29.2091","46.2212","172.1893","143.0540","139.9723","51.2271","212.3003","143.4490","105.5937","33.1054","44.5023","179.4579","28.7219","27.1543","28.1022","90.7543","53.5285","27.0576","28.9130","25.0318","25.1720","30.4792","212.2132","191.1434","83.8403","17.7167","133.2677","135.6646","49.6078","170.4587","55.1683","18.6979","104.9309","38.2666","55.7040","22.0800","102.8234","19.8743","16.9656","126.5334","40.9653","137.1241","25.7563","108.8745","41.9375","22.2193","111.9463","53.5931","25.4670","23.8023","18.3965","86.6696","104.7946","72.5635","74.0439","151.1748","34.2332","23.7513","56.8121","34.7167","48.1403","25.0398","97.3475","47.3177","43.6046","122.8187","30.1404","88.3136","41.3272","34.9681","55.0077","180.2810","72.8663","164.7755","82.4325","24.8435","17.8072","25.9073","93.4972","165.6828","12.6224","44.4069","28.6037"
"C:\Users\cfg364\Sommerlab Dropbox\Casper van der Luijt\Casper\Data\BioLog\OmniLog\CL3\DATA_2024\08\_RIB40_Aspergillus oryzae__2_30_CL3_769_8#19#2024_A_ 8B_6.OKA","8/19/2024 7:16:29 PM"," 8-B","PM02A","","RIB40","Aspergillus oryzae","",94.5000,"91.6520","50.8014","155.5755","178.8013","158.6825","139.5448","56.0281","93.4428","28.4990","132.6426","44.8330","123.1230","57.2653","28.5176","47.0888","166.9783","143.5232","143.3185","52.0988","208.5670","142.9940","107.4941","32.3112","42.2578","179.5848","26.8324","25.3664","27.4232","89.0875","51.4099","27.6003","30.0366","25.0960","29.6288","26.7121","211.4199","190.4769","87.9088","14.9791","132.4653","136.3336","50.8958","170.8416","46.9866","19.3124","104.1823","38.4952","58.8855","19.2870","100.8335","16.3434","15.0817","124.0854","42.1251","138.8121","25.3464","110.7036","37.5828","23.3250","116.4696","55.6421","22.5607","25.2180","19.5512","87.0842","107.9243","70.0655","71.8590","151.0478","36.3511","18.1200","57.4388","34.1957","50.3495","27.6605","95.3604","46.9647","42.1470","122.2476","25.7845","90.3025","38.6816","34.2613","55.3525","178.1425","72.9619","163.5207","83.6411","29.0251","15.6238","24.6151","93.6239","164.7507","12.2979","45.2660","27.9839"
"C:\Users\cfg364\Sommerlab Dropbox\Casper van der Luijt\Casper\Data\BioLog\OmniLog\CL3\DATA_2024\08\_RIB40_Aspergillus oryzae__2_30_CL3_769_8#19#2024_A_ 8B_6.OKA","8/19/2024 7:16:29 PM"," 8-B","PM02A","","RIB40","Aspergillus oryzae","",94.7500,"92.3632","49.3165","156.0965","178.8328","157.5821","137.0865","57.2725","97.8047","29.3640","133.3086","43.3635","121.0143","57.0476","30.0982","49.3384","168.2570","143.2730","141.4383","51.6146","209.2547","144.9762","107.5596","31.8148","43.7101","181.1713","30.0250","28.5345","25.9038","92.1695","52.2321","28.5900","31.3206","24.9355","27.4485","25.1989","211.6843","192.6033","85.8417","17.6212","132.8826","138.1177","46.9376","166.9173","49.8630","20.3798","103.1083","36.7972","53.7689","19.6553","103.7862","18.1557","13.8258","128.8224","41.2161","138.1751","22.5402","109.9977","39.1102","23.4876","118.4445","53.9346","22.0763","23.0637","21.0492","89.2525","109.7262","71.4568","73.4739","152.2540","34.5862","22.6509","59.4443","32.8782","48.8447","28.1285","95.5156","47.7027","44.3650","118.9159","31.2850","90.2705","41.8434","35.0002","57.8287","180.9628","76.3405","163.1756","82.6804","31.3693","15.6238","24.4260","96.2218","165.2971","15.8672","45.0751","29.9054"
"C:\Users\cfg364\Sommerlab Dropbox\Casper van der Luijt\Casper\Data\BioLog\OmniLog\CL3\DATA_2024\08\_RIB40_Aspergillus oryzae__2_30_CL3_769_8#19#2024_A_ 8B_6.OKA","8/19/2024 7:16:29 PM"," 8-B","PM02A","","RIB40","Aspergillus oryzae","",95.0000,"91.0025","51.2533","155.2499","179.9983","157.6764","141.2915","57.2725","96.4395","30.0626","133.9413","45.2338","125.0011","55.4930","30.2957","46.9924","166.1471","142.1782","141.6295","50.8720","208.5343","139.4196","108.1166","34.3960","46.9448","180.4733","23.6073","28.6286","25.5158","87.4207","52.9593","25.8126","28.6562","21.9493","28.6990","24.8447","213.7005","190.2865","83.7418","18.4170","133.1073","136.7159","49.8277","166.2793","46.3794","19.6035","104.1172","37.9727","52.1946","20.9751","103.6578","15.4997","13.3862","124.8166","44.5386","135.6590","21.5943","113.2708","40.1826","21.3413","114.3035","53.9657","23.8847","20.8172","17.2729","86.5740","109.0939","72.8797","70.9408","150.3812","36.6078","22.1331","58.9429","34.8699","50.0293","23.8230","95.9193","44.3981","44.5868","117.5832","26.6112","88.7306","39.9399","36.8316","58.2988","179.9711","71.4320","163.0187","85.3456","30.4507","16.5549","24.9303","96.0634","162.9831","12.8820","46.1887","28.8207"
"C:\Users\cfg364\Sommerlab Dropbox\Casper van der Luijt\Casper\Data\BioLog\OmniLog\CL3\DATA_2024\08\_RIB40_Aspergillus oryzae__2_30_CL3_769_8#19#2024_A_ 8B_6.OKA","8/19/2024 7:16:29 PM"," 8-B","PM02A","","RIB40","Aspergillus oryzae","",95.2500,"95.5794","51.7698","155.8686","179.3683","159.2485","145.0760","59.0082","98.8702","30.5616","136.2057","48.4735","127.5710","59.4417","32.9300","48.3743","168.8325","143.6483","146.4735","52.3894","211.6453","143.2540","108.9358","39.2936","47.8690","182.0915","28.3310","29.1305","25.5805","93.0186","56.5639","27.0576","33.5999","21.8851","28.9555","27.2917","213.6674","192.6985","86.6292","17.7804","136.7024","138.2133","51.2099","169.2783","50.9816","22.4174","102.8479","37.4829","57.3440","19.5325","102.8555","19.5619","14.5479","125.1981","42.4072","140.1180","26.4184","115.1641","41.6450","23.9754","120.6425","56.1388","25.8545","25.3718","20.0817","89.9541","110.1056","76.8638","75.7854","152.6349","36.2227","24.5604","60.2904","34.0119","53.9354","27.9101","98.0927","48.1197","46.0444","121.4226","30.2040","92.8048","45.8763","36.0605","65.3827","182.8224","77.1373","165.3715","88.5066","27.7263","22.1420","26.8843","99.3265","165.0400","18.1385","47.9385","29.0996"
"C:\Users\cfg364\Sommerlab Dropbox\Casper van der Luijt\Casper\Data\BioLog\OmniLog\CL3\DATA_2024\08\_RIB40_Aspergillus oryzae__2_30_CL3_769_8#19#2024_A_ 8B_6.OKA","8/19/2024 7:16:29 PM"," 8-B","PM02A","","RIB40","Aspergillus oryzae","",95.5000,"97.3112","56.1276","157.3665","181.0063","157.8022","141.8737","53.9323","99.3363","32.6243","135.3399","49.1749","127.4393","56.8922","31.9092","48.0851","167.2660","144.7117","146.5691","53.7777","212.0710","145.4312","110.2792","35.9513","44.0732","180.1560","28.8522","32.5182","27.0353","89.3391","54.0344","26.3234","33.4715","26.5409","30.2380","27.3883","210.8911","192.9524","87.9088","18.0669","137.7938","134.5176","52.2780","167.8745","46.8268","18.6979","103.6290","39.7034","55.4417","21.0979","102.0531","18.8432","15.1131","125.6750","40.6205","138.8121","28.2157","110.8320","40.2476","24.8209","120.2921","57.0391","24.9503","24.7256","20.9556","88.6467","108.5249","71.8046","76.2921","151.6509","37.1534","21.7447","60.3530","34.8086","50.4455","24.2910","94.4289","49.9484","45.6008","126.2139","28.5507","90.4629","42.9403","33.9721","64.2543","180.4049","75.9261","162.2972","85.4075","28.0748","15.1421","26.5376","96.1901","162.6617","16.9055","43.5479","32.0129"
"C:\Users\cfg364\Sommerlab Dropbox\Casper van der Luijt\Casper\Data\BioLog\OmniLog\CL3\DATA_2024\08\_RIB40_Aspergillus oryzae__2_30_CL3_769_8#19#2024_A_ 8B_6.OKA","8/19/2024 7:16:29 PM"," 8-B","PM02A","","RIB40","Aspergillus oryzae","",95.7500,"96.5999","53.8357","155.7058","181.5733","155.3497","140.5475","59.4994","99.7359","27.9002","136.8384","42.6621","126.8132","57.1098","26.5749","46.0605","166.1790","141.9593","142.3625","52.4540","211.1214","142.5716","107.9856","33.1054","42.3898","178.8233","28.5916","26.2133","24.7722","91.4777","52.9909","24.1845","28.6241","23.6511","28.2180","27.7746","211.2547","194.7297","84.0699","16.2206","134.7764","140.0292","49.4193","168.3849","50.5661","17.4688","100.4720","40.0300","56.0648","21.6503","104.1713","15.8434","14.8619","129.5854","43.5356","134.8946","25.4095","110.0618","37.0954","23.3575","119.8780","54.5555","23.7232","24.9102","15.8998","85.6173","106.6282","69.1802","74.1072","153.4602","38.1802","20.1913","56.8121","32.7556","49.1648","24.1974","97.5649","43.5640","44.2066","120.1851","29.4409","92.2274","43.1016","32.5906","64.2856","178.6384","76.8505","165.6538","84.0750","24.9386","13.4403","24.9933","98.6295","159.8014","16.0618","44.2479","29.0686"
"C:\Users\cfg364\Sommerlab Dropbox\Casper van der Luijt\Casper\Data\BioLog\OmniLog\CL3\DATA_2024\08\_RIB40_Aspergillus oryzae__2_30_CL3_769_8#19#2024_A_ 8B_6.OKA","8/19/2024 7:16:29 PM"," 8-B","PM02A","","RIB40","Aspergillus oryzae","",96.0000,"100.4346","53.6098","154.6638","181.4158","153.2117","143.6851","56.2901","99.6693","22.7104","132.6093","41.3261","123.7490","58.4157","29.4067","47.6352","168.7046","145.3060","143.6372","52.7122","210.8266","143.8064","107.5924","34.0651","44.2712","179.7435","27.9726","26.6838","25.8391","93.5218","52.1688","22.3010","32.4442","25.3850","24.5949","28.2576","212.2793","193.6189","82.7575","17.8759","136.1246","137.0663","48.1313","171.1926","49.2877","19.9916","105.7446","37.9401","53.8017","20.6989","103.7220","19.1869","15.9608","126.0883","45.0715","137.7611","23.6122","112.1477","42.3274","23.9754","116.9155","57.6910","21.8502","21.6173","17.5538","85.3304","107.6081","72.8797","76.9253","151.4922","37.8272","20.7091","55.9034","29.8446","49.1969","23.7606","96.1056","46.8364","43.3828","124.0562","29.7907","89.9176","43.6501","34.8396","59.8034","180.3739","77.6154","158.1250","86.2133","28.2965","13.4403","22.3459","100.1502","163.4973","12.6873","44.1842","29.5025"
