"Plate File","Setup Time","Position","Plate Type","Field 1","Field 2","Field 3","Field 4","Hour","A01","A02","A03","A04","A05","A06","A07","A08","A09","A10","A11","A12","B01","B02","B03","B04","B05","B06","B07","B08","B09","B10","B11","B12","C01","C02","C03","C04","C05","C06","C07","C08","C09","C10","C11","C12","D01","D02","D03","D04","D05","D06","D07","D08","D09","D10","D11","D12","E01","E02","E03","E04","E05","E06","E07","E08","E09","E10","E11","E12","F01","F02","F03","F04","F05","F06","F07","F08","F09","F10","F11","F12","G01","G02","G03","G04","G05","G06","G07","G08","G09","G10","G11","G12","H01","H02","H03","H04","H05","H06","H07","H08","H09","H10","H11","H12"
"C:\Users\cfg364\Sommerlab Dropbox\Casper van der Luijt\Casper\Data\BioLog\OmniLog\CL3\DATA_2024\08\_RIB40_Aspergillus oryzae__2_30_CL3_769_8#19#2024_A_ 7B_4.OKA","8/19/2024 7:16:29 PM"," 7-B","PM02A","","RIB40","Aspergillus oryzae","",0.0000,"23.7621","20.4954","11.3896","13.8223","12.9595","16.8750","11.0000","11.0000","11.0000","19.3790","15.1898","28.5889","17.1617","13.5488","11.0000","11.0000","22.9127","11.0000","11.0000","11.0000","22.0740","11.0000","11.0000","18.1642","14.0005","11.0000","11.0000","11.0000","11.0000","11.0000","11.0000","11.0000","11.0000","11.0000","12.7028","19.5987","11.0000","11.0000","11.0000","11.0000","11.0000","11.0000","11.0000","11.0000","11.0000","11.0000","11.0000","14.4558","34.7760","11.0000","11.0000","11.0000","12.7439","11.0000","11.0000","11.0000","11.0000","11.0000","11.0000","21.8974","17.7412","15.3910","13.6236","11.0000","11.0000","11.0000","11.0000","11.0000","17.6127","11.0000","11.0000","16.8219","18.2611","11.0000","11.0000","11.0000","11.0000","11.0000","11.0000","11.0000","11.0000","11.0000","11.0000","15.8151","18.2377","11.0000","11.0000","11.0000","11.0000","11.0000","11.0000","11.0000","53.9833","11.0000","11.0000","17.5781"
"C:\Users\cfg364\Sommerlab Dropbox\Casper van der Luijt\Casper\Data\BioLog\OmniLog\CL3\DATA_2024\08\_RIB40_Aspergillus oryzae__2_30_CL3_769_8#19#2024_A_ 7B_4.OKA","8/19/2024 7:16:29 PM"," 7-B","PM02A","","RIB40","Aspergillus oryzae","",0.2500,"24.9421","19.1066","11.0649","13.2892","13.3388","18.7149","11.0000","11.0000","11.0000","16.2535","13.4274","30.4005","18.9758","15.7382","11.0000","11.0000","27.5210","11.0000","11.0000","11.0000","28.0494","11.0000","11.4290","16.9427","13.9374","11.0000","11.6911","11.0000","11.0000","11.0000","11.0000","11.0000","11.0000","11.0000","11.0000","17.0812","12.6556","11.0000","11.0000","11.0000","11.0000","11.0000","11.0000","11.0000","11.0000","11.0000","11.0000","16.9988","34.8372","11.0000","11.0000","11.0000","17.9438","11.0000","11.0000","11.0000","11.0000","11.0000","11.0000","24.5662","17.8944","15.5182","11.9569","12.1781","11.0000","11.0000","11.0000","11.0000","20.2641","11.0000","17.0072","16.8219","18.6256","11.0000","11.0000","11.0000","11.0000","11.0000","11.0000","11.0000","11.0000","11.0000","11.0000","15.1316","14.6188","11.0000","11.0000","11.0000","11.0000","11.0000","11.0000","11.0000","55.8844","11.0000","14.7017","17.1747"
"C:\Users\cfg364\Sommerlab Dropbox\Casper van der Luijt\Casper\Data\BioLog\OmniLog\CL3\DATA_2024\08\_RIB40_Aspergillus oryzae__2_30_CL3_769_8#19#2024_A_ 7B_4.OKA","8/19/2024 7:16:29 PM"," 7-B","PM02A","","RIB40","Aspergillus oryzae","",0.5000,"22.1973","13.5006","13.0118","11.0000","12.6096","18.0689","11.0000","12.4264","13.6216","13.2935","13.2944","40.1294","22.7978","11.0000","11.0000","11.0000","27.5185","11.0000","12.4765","11.0000","29.5762","11.0000","11.0000","16.2494","14.5880","11.0000","17.2647","11.0000","11.0000","11.0000","11.0000","11.0000","11.0000","11.0000","11.2564","11.9531","13.7844","11.0000","11.0000","11.0000","11.0000","11.0000","11.0000","11.0000","11.0000","11.0000","11.0000","15.5073","35.7876","13.6219","11.0000","11.0000","14.0940","11.0000","11.0000","11.0000","11.0000","11.0000","11.0000","30.3067","13.5358","16.8596","16.7574","15.1685","11.0000","11.0000","11.0000","11.0000","24.5577","11.0000","16.5461","15.4245","15.6800","11.0000","11.0000","11.0000","11.0000","11.0000","11.0000","11.0000","11.0000","12.8794","11.0000","13.4416","14.5218","11.0000","11.0000","11.0000","11.0000","11.0000","11.0000","11.0000","56.8296","11.0000","11.0318","14.9108"
"C:\Users\cfg364\Sommerlab Dropbox\Casper van der Luijt\Casper\Data\BioLog\OmniLog\CL3\DATA_2024\08\_RIB40_Aspergillus oryzae__2_30_CL3_769_8#19#2024_A_ 7B_4.OKA","8/19/2024 7:16:29 PM"," 7-B","PM02A","","RIB40","Aspergillus oryzae","",0.7500,"33.3586","22.1689","11.0000","19.0905","12.7774","21.0930","11.0000","16.8260","13.5764","21.7092","31.2492","51.2836","20.9505","19.4736","15.6390","11.7304","27.3521","11.0000","13.7845","11.0000","33.1059","11.0000","13.0341","28.1770","15.1450","11.0000","11.0000","11.0000","11.0000","11.0000","11.0000","11.0000","11.0000","11.0000","11.3216","26.5472","12.1975","11.0000","11.0000","11.0000","11.0000","11.0000","11.0000","11.0000","11.0000","11.0000","11.0000","16.9946","46.3022","11.0000","11.0000","11.0000","19.9654","11.0000","11.0000","11.0000","11.0000","11.0000","11.0000","33.2057","17.5042","14.0938","18.0977","11.0000","11.0000","11.0000","11.0000","11.0000","23.9759","11.0000","15.3436","23.0556","19.2250","11.0000","11.0000","11.0000","11.0000","11.0000","11.0000","11.0000","11.0000","11.0000","14.5457","16.8202","20.9748","11.5357","11.0000","11.0000","11.0000","11.0000","11.0000","11.0000","59.1863","11.0000","11.0000","16.4694"
"C:\Users\cfg364\Sommerlab Dropbox\Casper van der Luijt\Casper\Data\BioLog\OmniLog\CL3\DATA_2024\08\_RIB40_Aspergillus oryzae__2_30_CL3_769_8#19#2024_A_ 7B_4.OKA","8/19/2024 7:16:29 PM"," 7-B","PM02A","","RIB40","Aspergillus oryzae","",1.0000,"33.3047","22.2303","11.0000","16.1220","15.8483","17.6027","11.0000","18.4897","11.0000","19.0189","20.0511","42.7440","22.3259","20.5712","11.0000","11.0000","31.4625","11.0000","11.0000","11.0000","36.0789","11.0000","11.0000","26.5174","17.8752","11.0000","11.6609","11.0000","11.0000","11.0000","11.0000","11.0000","11.0000","11.0000","11.0000","24.4510","17.7695","11.0000","11.0000","11.0000","11.0000","11.0000","11.0000","11.0000","11.0000","11.0000","11.0000","15.3710","28.4039","11.0000","11.0000","11.0000","23.3985","11.0000","11.0000","11.0000","11.0000","11.0000","11.0000","29.4340","16.7362","13.1672","18.5893","11.0000","11.0319","11.0000","11.0000","11.0000","20.1702","11.0000","13.7033","18.9255","16.7552","11.0000","11.0000","11.0000","11.0000","11.0000","11.0000","11.0000","11.0000","11.0000","11.0000","13.4298","19.9949","11.0000","11.0000","11.0000","11.0000","11.0000","11.0000","15.0908","55.8082","11.0000","13.5963","19.0973"
"C:\Users\cfg364\Sommerlab Dropbox\Casper van der Luijt\Casper\Data\BioLog\OmniLog\CL3\DATA_2024\08\_RIB40_Aspergillus oryzae__2_30_CL3_769_8#19#2024_A_ 7B_4.OKA","8/19/2024 7:16:29 PM"," 7-B","PM02A","","RIB40","Aspergillus oryzae","",1.2500,"29.6557","19.9136","11.0000","12.1102","13.1873","19.2266","11.0000","17.8021","11.0000","25.2642","20.2007","43.7759","20.0372","19.3159","11.0000","11.0000","29.1730","11.0000","11.0000","11.0000","39.7057","11.0000","15.2095","22.6271","13.8738","11.0000","11.0000","11.0000","11.0000","11.0000","11.0000","11.0000","11.0000","14.5819","11.0000","20.9091","13.8123","11.0000","11.0000","11.0000","11.0000","11.0000","11.0000","11.0000","11.0000","11.0000","11.0000","17.8052","20.1196","11.0000","11.0000","11.0000","27.1222","11.0000","11.0000","11.0000","11.0000","11.0000","11.0000","30.0950","17.3778","14.3058","21.7575","11.0000","11.0000","11.0000","11.0000","11.0000","20.3937","11.0000","18.7507","16.1672","14.3966","11.0000","11.0000","11.0000","11.0000","11.0000","11.0000","11.0000","11.0000","11.0000","16.8742","16.6464","20.9030","11.0000","11.0000","11.0000","11.0000","11.0000","11.7563","11.0951","61.7424","11.0000","11.3835","17.4812"
"C:\Users\cfg364\Sommerlab Dropbox\Casper van der Luijt\Casper\Data\BioLog\OmniLog\CL3\DATA_2024\08\_RIB40_Aspergillus oryzae__2_30_CL3_769_8#19#2024_A_ 7B_4.OKA","8/19/2024 7:16:29 PM"," 7-B","PM02A","","RIB40","Aspergillus oryzae","",1.5000,"30.3098","15.7020","11.0000","12.0400","11.0000","21.4855","11.0000","14.6401","11.8624","15.6221","16.1923","32.5919","16.3518","15.5688","11.3869","11.0000","30.8721","15.3403","11.0000","11.0000","41.4981","11.0000","11.0000","15.6210","14.2000","11.0000","15.8167","11.0000","11.0000","11.0000","11.0000","11.0000","11.0000","11.0000","11.0000","13.6017","18.1840","11.0000","11.0000","11.0000","11.0000","11.0000","11.0000","11.0000","11.0000","11.0000","11.0000","20.3489","23.7116","11.0000","11.0000","17.1169","26.4446","11.0000","11.0000","11.0000","11.0000","11.0000","11.0000","27.9454","14.2041","20.0241","18.9246","11.0000","15.1374","11.0000","11.0000","11.0000","20.5577","11.0000","20.7545","19.5275","15.2985","11.0000","12.3638","11.0000","11.0000","11.0000","11.0000","11.0000","11.0000","13.0185","16.1063","17.4380","18.0449","11.0000","11.0000","11.0000","11.0000","11.0000","15.4588","11.5378","58.4323","11.0000","17.0331","24.9947"
"C:\Users\cfg364\Sommerlab Dropbox\Casper van der Luijt\Casper\Data\BioLog\OmniLog\CL3\DATA_2024\08\_RIB40_Aspergillus oryzae__2_30_CL3_769_8#19#2024_A_ 7B_4.OKA","8/19/2024 7:16:29 PM"," 7-B","PM02A","","RIB40","Aspergillus oryzae","",1.7500,"26.2404","15.5970","13.4284","11.4409","11.2543","26.4190","11.0000","16.7231","15.3082","14.5069","17.2705","32.7999","19.1224","15.4018","11.0000","12.0510","33.2218","16.8106","11.0000","11.0000","41.3919","11.0000","11.0329","12.7074","15.4863","11.0000","15.2648","11.0000","11.0000","11.0000","11.0000","11.0000","11.0000","11.0000","11.0000","16.3581","23.9312","11.0000","11.0000","11.0000","11.0000","11.0000","11.0000","11.0000","11.0000","11.0000","11.0000","26.3165","20.7300","11.0000","11.0000","20.8983","31.3169","11.0000","11.0000","11.0000","11.0000","11.0000","11.0000","32.0890","15.7198","23.5187","19.0433","11.0000","19.0278","11.0000","11.0000","11.0000","19.9901","11.0000","20.4630","20.0266","15.7660","11.0000","13.9577","11.0000","11.0000","11.0000","11.0000","11.0000","11.0000","15.6175","20.0494","20.8621","11.0000","11.0000","12.9517","11.0000","11.0000","11.0000","12.1955","11.9446","62.1836","11.0000","13.8496","24.1781"
"C:\Users\cfg364\Sommerlab Dropbox\Casper van der Luijt\Casper\Data\BioLog\OmniLog\CL3\DATA_2024\08\_RIB40_Aspergillus oryzae__2_30_CL3_769_8#19#2024_A_ 7B_4.OKA","8/19/2024 7:16:29 PM"," 7-B","PM02A","","RIB40","Aspergillus oryzae","",2.0000,"31.2072","22.7183","11.0000","11.0000","15.1642","22.3174","11.0000","22.3046","11.0000","24.4175","26.1656","40.3549","24.5859","22.9695","11.7725","11.7330","29.9423","11.0000","11.0000","11.0000","43.7594","11.0000","11.0000","23.5911","18.3101","11.0000","13.8712","11.0000","11.0000","11.0000","11.0000","11.0000","11.0000","11.0000","11.0000","23.5902","11.0000","11.0000","11.0000","11.0000","11.0000","11.0000","11.0000","11.0000","11.0000","11.0000","11.0000","26.0686","20.9600","11.0000","11.0000","18.6579","30.3065","11.0000","20.3075","11.0000","11.0000","11.0000","11.0000","32.8615","16.3002","18.3133","22.0685","11.0000","14.0785","11.0000","11.0000","11.0000","24.5527","11.0000","20.9197","21.2790","16.2638","11.0000","11.3394","11.0000","11.0000","11.0000","11.0000","11.0000","11.0000","12.1209","20.5754","19.8522","14.4932","11.0000","13.9133","11.0000","11.0000","11.0000","11.0000","11.0000","58.3220","11.0000","16.4245","19.1600"
"C:\Users\cfg364\Sommerlab Dropbox\Casper van der Luijt\Casper\Data\BioLog\OmniLog\CL3\DATA_2024\08\_RIB40_Aspergillus oryzae__2_30_CL3_769_8#19#2024_A_ 7B_4.OKA","8/19/2024 7:16:29 PM"," 7-B","PM02A","","RIB40","Aspergillus oryzae","",2.2500,"31.1762","15.6411","11.0000","11.0000","11.1896","17.8158","11.0000","22.9438","12.5227","22.0186","28.4466","40.9795","22.6519","20.4569","12.9953","16.9547","30.4044","14.5435","11.0000","11.0000","42.8352","11.0000","13.3604","32.2566","12.8132","11.0000","13.4519","11.0000","11.0000","11.0000","11.0000","11.0000","11.0000","11.0000","11.0000","23.3255","13.2873","11.0000","11.0000","11.0000","11.0000","11.0000","11.0000","11.0000","11.0000","11.0000","11.0000","25.6213","19.0778","11.0000","11.0000","19.4975","34.8926","11.0000","11.1587","11.0000","11.0000","11.0000","11.0000","30.4455","15.5039","21.2706","20.7425","11.0000","19.6832","11.0000","11.0000","11.0000","25.2830","11.0000","17.2808","21.0930","17.0566","11.0000","14.1675","11.0000","11.0000","11.0000","11.0000","11.0000","11.0000","13.6111","17.4783","17.7708","13.3487","11.0000","13.8926","11.0000","11.0000","11.0000","11.0000","12.4522","61.5443","11.0000","17.0746","19.5154"
"C:\Users\cfg364\Sommerlab Dropbox\Casper van der Luijt\Casper\Data\BioLog\OmniLog\CL3\DATA_2024\08\_RIB40_Aspergillus oryzae__2_30_CL3_769_8#19#2024_A_ 7B_4.OKA","8/19/2024 7:16:29 PM"," 7-B","PM02A","","RIB40","Aspergillus oryzae","",2.5000,"29.5699","22.6760","11.0000","14.4968","15.5641","12.5884","11.0000","29.0311","11.6651","25.7664","22.6060","49.8035","24.8493","27.0630","15.7212","16.0266","25.7435","14.3126","11.0000","11.0000","50.9331","11.0000","11.4938","35.4838","19.5467","11.0000","11.6922","11.0000","11.0000","11.0000","11.0000","11.0000","11.0000","11.0000","11.8666","23.3669","14.6912","11.0000","11.0000","11.0000","11.0000","11.0000","11.0000","11.0000","11.0000","11.0000","11.0000","28.3469","23.5277","13.5402","11.0000","20.9993","36.3689","11.0000","13.4365","11.0000","11.0000","11.0000","11.0000","39.3270","16.6592","22.1741","11.0000","11.0000","17.3490","11.0000","11.0000","11.0000","30.4610","11.0000","24.1649","22.9564","17.2478","11.0000","16.8610","11.0000","11.0000","11.0000","11.0000","11.0000","11.0000","12.1512","22.6408","18.8594","15.5255","11.0000","15.6662","11.0000","11.0000","11.0000","11.0000","12.5510","59.8391","11.0000","15.0573","16.8911"
"C:\Users\cfg364\Sommerlab Dropbox\Casper van der Luijt\Casper\Data\BioLog\OmniLog\CL3\DATA_2024\08\_RIB40_Aspergillus oryzae__2_30_CL3_769_8#19#2024_A_ 7B_4.OKA","8/19/2024 7:16:29 PM"," 7-B","PM02A","","RIB40","Aspergillus oryzae","",2.7500,"32.9491","21.4537","11.0000","12.8901","13.2034","14.7926","11.0000","28.8663","12.0309","16.8201","23.3044","41.8918","22.5308","25.9834","13.5693","13.9587","27.2116","11.5096","11.4833","11.0000","46.4492","11.0000","12.9092","30.2256","15.4783","11.0000","11.0000","11.0000","11.0000","11.0000","11.0000","11.0000","11.0000","11.0000","11.0000","18.9712","11.8910","11.0000","11.0000","11.0000","11.0000","11.0000","11.0000","11.0000","11.0000","11.0000","11.0000","27.2996","23.7102","11.0000","11.0000","24.0179","36.8463","11.0000","11.9809","11.0000","11.0000","11.0000","11.0000","35.9164","13.3812","23.7109","11.0000","11.0000","17.2533","11.0000","11.0000","11.0000","26.2387","11.0000","20.4402","11.0000","15.3277","11.0000","13.3258","11.0000","11.0000","11.0000","11.0000","11.0000","11.0000","13.9099","18.9412","18.5163","17.0340","11.0000","16.1951","11.0000","11.0000","11.0000","11.3475","11.3165","60.1932","11.0000","14.2965","16.9222"
"C:\Users\cfg364\Sommerlab Dropbox\Casper van der Luijt\Casper\Data\BioLog\OmniLog\CL3\DATA_2024\08\_RIB40_Aspergillus oryzae__2_30_CL3_769_8#19#2024_A_ 7B_4.OKA","8/19/2024 7:16:29 PM"," 7-B","PM02A","","RIB40","Aspergillus oryzae","",3.0000,"30.6235","20.2115","11.5813","14.4691","11.0000","13.5816","11.0000","26.0276","11.5686","17.1773","23.3728","41.1013","16.4419","22.4485","11.0971","16.1740","27.5641","15.1729","11.0000","11.0000","45.5885","11.0000","11.0000","29.5315","12.5307","11.0000","11.0000","11.0000","11.0000","11.0000","11.0000","11.0000","11.0000","11.0000","11.0000","21.1284","15.4730","11.0000","11.0000","11.0000","11.0000","11.0000","11.0000","11.0000","11.0000","11.0000","11.0000","23.9821","21.8384","11.0000","11.0000","22.2695","37.7422","11.0000","11.0000","11.0000","11.0000","11.0000","11.0000","32.2437","11.4326","22.7976","11.0000","11.0000","19.2260","11.0000","11.0000","11.0000","29.2211","11.0000","18.6504","11.0000","12.6242","11.0000","12.5305","11.0000","11.0000","11.0000","11.0000","11.0000","11.0000","11.0000","19.5665","20.6294","15.5042","11.0000","14.6479","11.0000","11.0000","11.0000","11.0000","11.0000","58.3008","11.0000","13.2206","21.9434"
"C:\Users\cfg364\Sommerlab Dropbox\Casper van der Luijt\Casper\Data\BioLog\OmniLog\CL3\DATA_2024\08\_RIB40_Aspergillus oryzae__2_30_CL3_769_8#19#2024_A_ 7B_4.OKA","8/19/2024 7:16:29 PM"," 7-B","PM02A","","RIB40","Aspergillus oryzae","",3.2500,"27.2497","16.5009","24.4336","14.1222","13.2413","20.6166","11.0000","23.9468","15.8831","17.0438","17.0201","29.5011","19.2254","15.3177","17.3409","11.0000","36.0184","16.4152","14.8774","11.0000","46.7000","11.0000","12.4839","23.0124","11.6697","11.0000","14.8209","11.0000","11.0000","11.0000","11.0000","11.0000","11.0000","11.0000","11.2256","17.3262","20.2950","11.0000","11.0000","11.0000","11.0000","11.0000","11.0000","11.0000","11.0000","11.0000","11.0000","28.1456","19.6891","11.0000","11.0000","19.9086","35.0584","11.0000","11.0000","11.0000","11.0000","11.0000","11.0000","37.9571","12.3904","27.0178","11.0000","11.0000","19.1300","11.0000","11.0000","11.0000","28.8713","11.0000","28.4635","11.0000","11.6742","11.0000","12.8428","11.0000","11.0000","11.0000","11.0000","11.0000","11.0000","15.3550","20.9090","21.3128","11.0000","11.0000","16.4875","11.0000","11.0000","11.0000","15.5074","13.5432","59.1047","11.0000","18.1061","23.4582"
"C:\Users\cfg364\Sommerlab Dropbox\Casper van der Luijt\Casper\Data\BioLog\OmniLog\CL3\DATA_2024\08\_RIB40_Aspergillus oryzae__2_30_CL3_769_8#19#2024_A_ 7B_4.OKA","8/19/2024 7:16:29 PM"," 7-B","PM02A","","RIB40","Aspergillus oryzae","",3.5000,"28.5188","13.3110","23.7232","11.0000","13.2413","20.7134","11.0000","22.3615","13.9098","12.9033","14.8915","30.3227","15.3785","16.4626","16.5644","11.5749","34.1084","12.5609","16.8162","11.0000","51.1135","11.0000","12.1212","22.0196","11.0000","11.0000","13.3683","11.0000","11.0000","11.0000","11.0000","11.0000","11.0000","11.0000","11.0000","15.7856","21.0881","11.0000","11.0000","11.0000","11.0000","12.7548","11.0000","11.0000","11.0000","11.0000","11.0000","25.6868","19.9348","11.0000","11.0000","18.2402","35.1223","11.0000","11.0000","11.0000","11.0000","11.0000","11.0000","36.2210","13.5645","25.5791","11.0000","11.2482","23.0990","11.0000","11.0000","11.0000","27.5357","11.0000","26.1394","11.0000","13.9114","11.0000","13.7174","11.0000","11.0000","11.0000","11.0000","11.0000","11.0000","16.2837","18.7674","24.4502","11.2777","11.0000","19.8548","11.0000","11.0000","11.0000","13.1902","11.2225","60.4231","11.0000","20.1364","23.9528"
"C:\Users\cfg364\Sommerlab Dropbox\Casper van der Luijt\Casper\Data\BioLog\OmniLog\CL3\DATA_2024\08\_RIB40_Aspergillus oryzae__2_30_CL3_769_8#19#2024_A_ 7B_4.OKA","8/19/2024 7:16:29 PM"," 7-B","PM02A","","RIB40","Aspergillus oryzae","",3.7500,"32.2717","18.4977","22.0762","12.9506","12.1332","18.2804","11.0000","26.0660","11.1000","22.6594","23.0471","42.3846","17.8327","19.5709","18.6363","19.0171","33.2407","11.0320","15.3186","11.0000","52.9271","11.0000","11.4961","34.7592","11.0636","11.0000","11.0000","11.0000","11.0000","11.0000","11.0000","11.0000","11.0000","11.0000","11.0000","27.0802","13.5504","11.0000","11.0000","11.0000","11.0000","11.0000","11.0000","11.0000","11.0000","11.0000","11.0000","25.5076","24.0671","11.0000","11.0000","25.4790","38.7521","11.0000","11.0000","11.0000","11.0000","11.0000","11.0000","32.7705","14.2321","25.8091","11.0000","11.0000","20.6940","11.0000","11.0000","11.0000","28.4284","11.0000","24.9695","11.0000","16.5595","11.0000","18.1434","11.0000","11.0000","11.0000","11.0000","11.0000","11.0000","16.8052","20.3477","21.5065","19.3382","11.0000","28.0385","11.0000","11.0000","11.0000","11.0000","14.9619","61.8744","11.0000","18.2633","20.3108"
"C:\Users\cfg364\Sommerlab Dropbox\Casper van der Luijt\Casper\Data\BioLog\OmniLog\CL3\DATA_2024\08\_RIB40_Aspergillus oryzae__2_30_CL3_769_8#19#2024_A_ 7B_4.OKA","8/19/2024 7:16:29 PM"," 7-B","PM02A","","RIB40","Aspergillus oryzae","",4.0000,"26.0610","13.7914","14.4857","12.4472","14.3365","22.1783","11.4242","23.6435","15.0667","15.4639","14.7834","35.2250","16.7407","12.8718","20.5935","11.5070","37.2223","15.8887","17.2201","11.0000","54.7826","11.0000","11.0000","26.3020","13.2880","11.0000","11.1259","11.0000","11.0000","11.0000","11.0000","11.0000","11.0000","11.0000","11.1602","21.0787","20.0860","11.0000","11.0000","11.0000","11.0000","14.0661","11.0000","11.0000","11.0000","11.0000","11.0000","25.8670","26.6745","11.0000","11.0000","18.8663","37.3469","11.0000","11.0000","11.0000","11.0000","11.0000","11.0000","35.7853","16.7869","24.5563","12.0466","11.0000","23.7973","11.3146","11.0000","11.0000","32.0092","11.0000","30.9473","11.0000","14.4824","11.0000","17.0563","11.0000","11.0000","11.0000","11.0000","11.0000","11.0000","14.7525","19.5474","21.4442","14.9076","11.0000","20.4658","11.0000","11.0000","11.0000","19.3073","14.7400","65.2383","11.0000","19.1476","26.3536"
"C:\Users\cfg364\Sommerlab Dropbox\Casper van der Luijt\Casper\Data\BioLog\OmniLog\CL3\DATA_2024\08\_RIB40_Aspergillus oryzae__2_30_CL3_769_8#19#2024_A_ 7B_4.OKA","8/19/2024 7:16:29 PM"," 7-B","PM02A","","RIB40","Aspergillus oryzae","",4.2500,"33.2965","20.3478","18.6556","13.0135","12.4794","17.8294","11.0000","21.3869","13.2333","24.2917","20.9895","43.2673","17.6143","15.0063","16.6791","18.4467","33.0852","14.3550","16.1244","11.0000","53.4154","11.4249","11.0000","38.2145","16.4976","11.0000","11.0000","11.0000","11.0000","11.0000","11.0000","11.0000","11.0000","11.0000","11.3844","26.0691","14.5706","11.0000","11.0000","11.0000","11.0000","11.0000","11.0000","11.0000","11.0000","11.0000","11.0000","24.1352","25.8559","11.0000","11.0000","23.8180","38.5605","11.0000","11.0000","11.0000","11.0000","11.0000","11.0000","32.5483","15.7096","25.2309","11.0000","11.0000","20.9179","11.0000","11.0000","11.0000","31.1853","11.0000","23.0196","11.0000","16.1624","11.0000","18.0502","11.0000","11.0000","11.0000","11.0000","11.0000","11.0000","11.7056","22.1084","21.7559","17.7998","11.0000","18.7589","11.0000","11.0000","11.0000","11.0000","15.4056","62.6753","11.0000","14.7580","22.2223"
"C:\Users\cfg364\Sommerlab Dropbox\Casper van der Luijt\Casper\Data\BioLog\OmniLog\CL3\DATA_2024\08\_RIB40_Aspergillus oryzae__2_30_CL3_769_8#19#2024_A_ 7B_4.OKA","8/19/2024 7:16:29 PM"," 7-B","PM02A","","RIB40","Aspergillus oryzae","",4.5000,"28.1708","17.6794","14.0989","13.6472","11.0000","14.6162","11.0000","27.9632","14.4664","13.8548","12.3666","26.1221","12.3136","11.0000","15.4385","11.0000","35.3116","16.4532","16.7707","11.0000","52.8566","11.0000","11.0000","23.3889","17.7710","11.0000","14.0442","11.0000","11.0000","11.0000","11.0000","11.0000","11.0000","11.0000","11.0000","15.1371","22.7861","11.0000","11.0000","11.0000","11.0000","11.4078","11.0000","11.0000","11.0000","11.0000","11.0000","31.8678","21.9945","11.0000","11.0000","21.4127","41.6968","11.0000","11.0000","11.0000","11.0000","11.0000","11.0000","38.1479","14.9417","28.9142","11.0000","11.0000","23.1721","11.0000","11.0000","11.0000","31.5472","11.0000","26.3785","11.0000","20.7150","11.0000","14.3624","11.0000","11.0000","11.0000","11.0000","11.0000","11.0000","17.8435","19.5842","24.0162","14.3547","11.0000","20.2072","13.4361","11.0000","11.0000","21.7785","11.0000","62.6606","11.0000","16.5637","22.2616"
"C:\Users\cfg364\Sommerlab Dropbox\Casper van der Luijt\Casper\Data\BioLog\OmniLog\CL3\DATA_2024\08\_RIB40_Aspergillus oryzae__2_30_CL3_769_8#19#2024_A_ 7B_4.OKA","8/19/2024 7:16:29 PM"," 7-B","PM02A","","RIB40","Aspergillus oryzae","",4.7500,"26.9642","16.0983","16.9041","13.8993","11.4753","20.5248","11.0000","26.7797","18.7994","17.1743","11.0000","28.8895","17.0361","14.8413","19.7805","11.0000","34.4377","19.3700","22.5736","11.0000","54.5965","11.0000","13.2405","28.8110","16.0389","11.0000","14.5464","11.0000","11.0000","11.0000","11.0000","11.0000","11.0000","11.0000","11.0000","15.5311","23.0403","11.0000","11.0000","11.0000","11.0000","11.7216","11.0000","11.0000","11.0000","11.0000","11.0000","32.1631","20.4064","11.0000","11.0000","23.4260","40.0694","11.0000","11.0000","11.0000","11.0000","11.0000","11.0000","33.1311","16.2043","26.0773","11.0000","11.0000","25.2863","11.0000","11.0000","11.0000","32.8135","11.0000","30.9792","11.0000","22.1419","11.0000","15.2653","11.0000","11.0000","11.0000","11.0000","11.0000","11.0000","15.6689","23.0887","22.5251","14.0469","11.0000","19.0836","14.8547","11.0000","11.0000","20.7445","11.0000","64.5171","11.0000","16.0868","21.0240"
"C:\Users\cfg364\Sommerlab Dropbox\Casper van der Luijt\Casper\Data\BioLog\OmniLog\CL3\DATA_2024\08\_RIB40_Aspergillus oryzae__2_30_CL3_769_8#19#2024_A_ 7B_4.OKA","8/19/2024 7:16:29 PM"," 7-B","PM02A","","RIB40","Aspergillus oryzae","",5.0000,"33.8325","21.9711","19.7094","12.4812","11.0000","16.3274","11.0000","25.3004","15.6663","24.2781","23.2990","44.9012","17.6929","17.9274","19.2659","16.5029","28.9450","21.1455","14.3850","14.9798","54.0384","11.0000","14.2619","40.0169","15.5980","11.0000","13.7618","11.0000","11.0000","11.0000","11.0000","11.0000","11.0000","12.0285","11.0000","27.9750","15.4158","11.0000","11.0000","11.0000","11.0000","11.0000","11.0000","11.0000","11.0000","11.0000","11.0000","33.5083","22.9718","11.0000","11.0000","22.9541","44.6324","11.0000","11.0000","11.0000","11.0000","11.0000","11.0000","31.4483","12.2934","26.3641","11.0000","11.0000","24.8698","11.0000","11.0000","11.0000","34.2066","11.0000","21.3917","11.2514","27.0297","11.0000","17.8493","11.0000","11.0000","11.0000","11.0000","11.0000","11.0000","12.5350","24.0853","23.3949","18.0479","11.0000","20.5506","11.5551","11.0000","11.0000","16.9846","11.8588","65.0932","11.0000","13.5434","21.9522"
"C:\Users\cfg364\Sommerlab Dropbox\Casper van der Luijt\Casper\Data\BioLog\OmniLog\CL3\DATA_2024\08\_RIB40_Aspergillus oryzae__2_30_CL3_769_8#19#2024_A_ 7B_4.OKA","8/19/2024 7:16:29 PM"," 7-B","PM02A","","RIB40","Aspergillus oryzae","",5.2500,"27.1648","12.2007","20.3757","13.5281","14.3383","17.0705","11.0000","21.2190","18.2806","14.5014","14.4229","30.4800","19.2204","11.0660","18.0764","11.0000","38.1930","16.8605","16.9837","11.0000","52.5258","11.0000","11.0000","24.4706","13.0243","11.0000","11.7565","11.0000","11.0000","11.0000","11.0000","11.0000","11.0000","11.0000","11.4498","13.3421","22.2857","11.0000","11.0000","11.0000","11.0000","14.6902","11.0000","11.0000","11.0000","11.0000","11.0000","32.8560","20.3865","11.0000","11.0000","24.1980","42.8008","11.0000","11.0000","11.0000","11.0000","11.0000","11.0000","32.1559","14.7589","25.4861","11.0000","11.0000","22.5956","11.0000","11.0000","11.0000","28.8547","11.0000","27.3944","11.8080","23.4518","11.0000","12.6206","11.0000","11.0000","11.0000","11.0000","11.0000","11.0000","16.0580","22.8946","25.5950","12.3284","11.0000","19.5774","14.6558","11.0000","11.0000","17.4666","15.9382","64.7445","11.0000","17.6253","22.8583"
"C:\Users\cfg364\Sommerlab Dropbox\Casper van der Luijt\Casper\Data\BioLog\OmniLog\CL3\DATA_2024\08\_RIB40_Aspergillus oryzae__2_30_CL3_769_8#19#2024_A_ 7B_4.OKA","8/19/2024 7:16:29 PM"," 7-B","PM02A","","RIB40","Aspergillus oryzae","",5.5000,"23.1313","14.6669","17.7660","13.1489","14.4957","18.3944","11.0000","24.3278","17.0838","15.5018","13.8579","28.0738","18.7222","12.5182","18.9448","11.0000","37.3859","17.4941","19.6216","11.0000","59.8404","11.0000","11.0000","25.9857","13.8466","11.0000","13.3641","11.0000","11.0000","11.0000","11.0000","11.0000","11.0000","11.0000","11.0000","11.9236","21.2741","11.0000","11.0000","11.0000","11.0000","14.2524","11.0000","11.0000","11.0000","11.0000","12.2676","34.6529","21.6442","11.0000","11.0000","24.6996","41.4278","11.0000","11.0000","11.0000","11.0000","11.0000","11.0000","29.8265","14.1119","22.9542","11.3075","11.0000","25.4784","11.8223","11.0000","11.0000","28.4714","11.0000","25.6264","11.0000","19.3214","11.0000","16.2046","11.0000","11.0000","11.0000","11.0000","11.0000","11.0000","16.7623","26.2610","19.9191","13.8731","11.0000","21.2928","11.5267","11.0000","11.0000","22.1037","16.6029","58.6299","11.0000","19.0201","21.2087"
"C:\Users\cfg364\Sommerlab Dropbox\Casper van der Luijt\Casper\Data\BioLog\OmniLog\CL3\DATA_2024\08\_RIB40_Aspergillus oryzae__2_30_CL3_769_8#19#2024_A_ 7B_4.OKA","8/19/2024 7:16:29 PM"," 7-B","PM02A","","RIB40","Aspergillus oryzae","",5.7500,"31.4562","13.2715","19.3530","14.9259","11.0000","16.5701","11.0000","24.4931","22.8761","14.8177","15.8809","31.3259","17.9085","12.8126","19.4025","11.0000","35.6581","15.8606","22.0833","11.0000","60.6588","11.0000","11.0000","23.6451","11.5376","11.0000","12.4814","11.0000","11.0000","11.0000","11.0000","11.0000","11.0000","11.0000","11.0000","14.0193","23.8443","11.0000","11.0000","11.0000","11.0000","15.7549","11.0000","11.0000","11.0000","11.0000","11.0000","34.9206","21.8157","11.0000","11.0000","25.8281","42.4402","11.0000","11.0000","11.0000","11.0000","11.0000","11.0000","33.5249","14.7798","27.2661","11.0000","11.0000","27.8925","11.6616","11.0000","11.0000","32.9537","11.0000","25.2678","11.0000","20.2272","11.0000","18.2795","11.0000","11.0000","11.0000","11.0000","11.0000","11.0000","19.9494","23.5217","24.3416","13.2488","11.0000","20.0406","17.2387","11.0000","11.0000","21.5000","15.8927","65.5226","11.0000","18.7429","23.4691"
"C:\Users\cfg364\Sommerlab Dropbox\Casper van der Luijt\Casper\Data\BioLog\OmniLog\CL3\DATA_2024\08\_RIB40_Aspergillus oryzae__2_30_CL3_769_8#19#2024_A_ 7B_4.OKA","8/19/2024 7:16:29 PM"," 7-B","PM02A","","RIB40","Aspergillus oryzae","",6.0000,"23.9826","14.8387","17.1268","11.0000","12.1951","17.5405","11.0000","25.0205","17.7312","16.4312","14.1781","29.1918","16.6858","16.7078","16.0445","11.0000","30.9032","14.0913","23.9032","11.0000","62.6662","11.0000","11.0000","22.2620","11.0000","11.0000","11.6615","11.0000","11.0000","11.0000","11.0000","11.0000","11.0000","11.0000","11.0000","11.0000","27.0830","11.0000","11.0000","11.0000","11.0000","13.4830","11.0000","11.0000","11.0000","11.0000","11.0000","30.6935","19.7844","11.0000","11.0000","22.8387","45.6414","11.0000","11.0000","11.0000","11.0000","11.0000","11.0000","30.0836","15.0611","23.2851","11.0000","11.0000","27.3103","11.6609","11.0000","11.0000","31.9731","11.0000","24.9185","11.0000","17.2572","11.0000","17.2683","11.4315","11.0000","11.0000","11.0000","11.0000","11.0000","15.7429","24.1195","20.1105","14.1017","11.0000","21.6539","11.7128","11.0000","11.0000","18.7921","14.2089","61.5525","11.0000","19.1657","20.5666"
"C:\Users\cfg364\Sommerlab Dropbox\Casper van der Luijt\Casper\Data\BioLog\OmniLog\CL3\DATA_2024\08\_RIB40_Aspergillus oryzae__2_30_CL3_769_8#19#2024_A_ 7B_4.OKA","8/19/2024 7:16:29 PM"," 7-B","PM02A","","RIB40","Aspergillus oryzae","",6.2500,"23.3599","16.8065","12.4991","11.0000","12.6039","16.4072","11.0000","25.4192","18.6309","14.9651","15.2374","29.2901","13.8117","17.2982","13.5223","11.0000","35.6122","12.6253","21.1037","11.0000","62.4039","11.0000","11.0000","19.9697","11.0000","11.0000","11.0000","11.0000","11.0000","11.0000","11.0000","11.0000","11.0000","11.0000","11.0000","11.0000","27.0199","11.0000","11.0000","11.0000","11.0000","11.3457","11.0000","11.0000","11.0000","11.0000","12.3349","34.4291","18.1565","11.0000","11.0000","23.8436","45.9907","11.0000","11.0000","11.0000","11.0000","11.0000","11.0000","32.9828","12.6614","26.4122","12.2618","11.0000","25.9940","11.0000","11.0000","11.0000","30.7956","11.0000","25.9219","11.0000","17.0130","11.0000","15.3443","12.4794","11.0000","11.0000","11.0000","11.0000","11.0000","15.3904","24.2802","21.1123","13.4568","11.0000","22.2475","15.2460","11.0000","11.0000","19.6439","13.1604","65.0787","11.0000","17.4500","21.7780"
"C:\Users\cfg364\Sommerlab Dropbox\Casper van der Luijt\Casper\Data\BioLog\OmniLog\CL3\DATA_2024\08\_RIB40_Aspergillus oryzae__2_30_CL3_769_8#19#2024_A_ 7B_4.OKA","8/19/2024 7:16:29 PM"," 7-B","PM02A","","RIB40","Aspergillus oryzae","",6.5000,"25.9052","13.3027","16.3234","11.7242","11.0000","19.9875","11.0000","26.6784","20.2493","15.6239","15.8668","31.8757","15.1572","15.5356","19.4454","11.0000","35.1992","13.8888","16.7446","11.0000","66.0726","11.0000","14.3490","25.8788","13.7963","11.0000","11.8822","11.0000","11.0000","11.0000","11.0000","11.0000","11.0000","11.0000","11.0000","15.7025","28.4424","11.0000","11.0000","11.0000","11.0000","13.7882","11.0000","11.0000","11.0000","11.0000","11.0000","32.0500","21.2064","11.0000","11.0000","22.5180","42.9013","11.0000","11.0000","11.0000","11.0000","11.0000","11.0000","29.2234","13.5277","20.7058","11.3373","11.0000","28.3704","11.0000","11.0000","11.0000","31.0760","11.0000","28.1451","11.0000","18.1513","11.0000","18.4193","11.9238","11.0000","11.0000","11.0000","11.0000","11.0000","15.2564","26.9001","23.3472","12.5384","11.0000","24.2199","17.5076","11.0000","11.0000","19.1454","14.5348","65.3903","11.0000","17.1336","25.1728"
"C:\Users\cfg364\Sommerlab Dropbox\Casper van der Luijt\Casper\Data\BioLog\OmniLog\CL3\DATA_2024\08\_RIB40_Aspergillus oryzae__2_30_CL3_769_8#19#2024_A_ 7B_4.OKA","8/19/2024 7:16:29 PM"," 7-B","PM02A","","RIB40","Aspergillus oryzae","",6.7500,"34.3370","23.7319","21.7012","14.9396","11.0000","16.3855","11.0000","29.3150","26.3591","26.7272","25.1311","43.6948","20.6038","27.0113","18.5887","21.0236","34.1750","13.0118","18.8298","13.8903","67.5151","11.0000","12.3441","42.4425","12.2701","11.0000","11.0947","11.0000","11.0000","11.0000","11.0000","11.0000","11.0000","11.0000","11.0000","24.7501","23.0975","11.0000","11.0000","11.0000","14.9070","11.0000","11.0000","11.0000","15.4274","11.0000","15.7885","40.2755","27.3309","11.0000","11.0000","23.2814","48.0741","11.0000","11.0000","11.0000","11.0000","11.0000","11.0000","33.4836","13.5935","30.3979","11.0000","11.0000","27.3720","11.0000","11.0000","11.0000","33.5785","11.0000","24.6383","11.9442","25.7626","11.0000","19.8335","11.4306","11.0000","11.0000","11.0000","11.0000","11.0000","16.2805","27.8440","28.7019","17.4178","11.0000","27.7825","14.4953","11.0000","11.0000","11.0000","13.4072","61.9314","11.0000","12.1102","22.1435"
"C:\Users\cfg364\Sommerlab Dropbox\Casper van der Luijt\Casper\Data\BioLog\OmniLog\CL3\DATA_2024\08\_RIB40_Aspergillus oryzae__2_30_CL3_769_8#19#2024_A_ 7B_4.OKA","8/19/2024 7:16:29 PM"," 7-B","PM02A","","RIB40","Aspergillus oryzae","",7.0000,"25.4304","14.1991","16.3182","14.9080","11.0000","18.1269","14.7798","31.1597","23.8157","17.0310","12.1998","32.5115","18.4523","19.3154","18.0074","11.6046","37.0719","11.1597","22.1486","11.0000","70.0810","11.0000","12.8359","24.9123","13.3814","11.0000","11.0000","11.0000","11.0000","11.0000","11.0000","11.0000","11.0000","11.0000","12.0911","13.0114","22.5577","11.0000","11.0000","11.0000","14.2717","15.4539","11.0000","11.0000","11.0000","11.0000","13.0848","36.2611","24.4669","11.0000","11.0000","20.3528","45.4328","11.0000","11.0000","11.0000","11.0000","11.0000","11.0000","34.2130","13.9949","27.0799","11.0000","12.2445","29.8981","13.3571","11.0000","11.0000","29.6504","11.0000","29.1950","11.0000","25.6114","11.0000","18.1908","14.5060","11.0000","11.0000","11.0000","11.0000","11.0000","18.9047","28.3235","24.8130","11.6201","11.0000","24.3447","17.1863","11.0000","11.0000","14.9764","20.2488","63.7446","11.0000","17.1217","23.9388"
"C:\Users\cfg364\Sommerlab Dropbox\Casper van der Luijt\Casper\Data\BioLog\OmniLog\CL3\DATA_2024\08\_RIB40_Aspergillus oryzae__2_30_CL3_769_8#19#2024_A_ 7B_4.OKA","8/19/2024 7:16:29 PM"," 7-B","PM02A","","RIB40","Aspergillus oryzae","",7.2500,"24.7137","14.8379","14.7072","13.2448","13.7708","18.1505","11.0000","26.9160","24.0078","15.0798","13.3332","27.7837","20.3794","14.5119","20.9789","11.0000","36.0184","12.4346","21.5137","11.0000","66.7200","11.0000","12.9017","24.7000","13.4420","11.0000","11.0000","11.0000","11.0000","11.0000","11.0000","11.0000","11.0000","11.0000","11.0000","11.0000","24.1318","11.0000","11.0000","11.0000","15.0789","11.0630","11.0000","11.0000","11.0000","11.0000","11.0000","34.1657","20.7099","11.0000","11.0000","20.9218","45.7675","11.0000","11.0000","11.0000","11.0000","11.0000","11.0000","34.8419","15.6222","25.5526","11.0000","11.0000","32.6563","11.0000","11.0000","11.0000","34.2362","11.0000","27.0499","11.0000","22.6050","11.0000","18.3564","11.0000","11.0000","11.0000","11.0000","11.0000","11.0000","20.0725","27.3057","22.3772","11.0000","11.0000","23.7537","16.9473","11.0000","11.0000","14.6701","15.6693","66.7382","11.0000","19.9974","24.8267"
"C:\Users\cfg364\Sommerlab Dropbox\Casper van der Luijt\Casper\Data\BioLog\OmniLog\CL3\DATA_2024\08\_RIB40_Aspergillus oryzae__2_30_CL3_769_8#19#2024_A_ 7B_4.OKA","8/19/2024 7:16:29 PM"," 7-B","PM02A","","RIB40","Aspergillus oryzae","",7.5000,"24.1344","15.0315","16.8032","14.1589","11.0000","18.2988","11.0000","27.5515","20.6004","15.2330","11.0000","29.4869","18.5368","16.6020","17.9540","11.0000","30.2737","15.1049","18.8470","11.7813","70.9271","11.0000","11.0000","26.0249","15.4511","11.0000","11.0000","11.0000","11.0000","11.0000","11.0000","11.0000","11.0000","11.0000","11.0000","12.3883","23.9963","11.0000","11.0000","11.0000","12.6523","15.3734","11.0000","11.0000","11.0000","11.0000","11.0000","36.8042","22.6577","11.0000","11.0000","23.8180","43.3648","11.0000","11.0000","11.0000","11.0000","11.0000","11.0000","30.9273","13.1250","24.5669","11.0000","11.0000","28.5591","13.6051","11.0000","11.0000","33.3316","11.0000","27.6496","11.0000","21.2842","11.0000","19.3692","11.0000","11.0000","11.0000","11.0000","11.0000","11.0000","17.8440","27.7625","21.4608","16.7412","11.0000","25.6970","18.6277","11.0000","11.0000","16.4847","17.8091","64.5877","11.0000","17.3305","24.3423"
"C:\Users\cfg364\Sommerlab Dropbox\Casper van der Luijt\Casper\Data\BioLog\OmniLog\CL3\DATA_2024\08\_RIB40_Aspergillus oryzae__2_30_CL3_769_8#19#2024_A_ 7B_4.OKA","8/19/2024 7:16:29 PM"," 7-B","PM02A","","RIB40","Aspergillus oryzae","",7.7500,"26.8235","14.5654","15.7651","14.1271","11.0000","18.6827","11.0000","31.2491","22.1615","15.7551","12.0352","37.9091","17.6552","11.0000","14.6014","11.8642","36.9618","12.7784","23.2321","11.0000","74.3498","11.0000","11.0000","28.0580","13.2627","11.0000","11.0000","11.0000","11.0000","11.0000","11.0000","11.0000","11.0000","11.0000","11.0000","12.3182","29.1559","11.0000","11.0000","11.0000","15.4814","15.8492","11.0000","11.0000","11.0000","11.0000","11.0000","34.7712","22.0302","11.0000","11.0000","20.4951","48.0786","11.0000","11.0000","11.0000","11.0000","11.0000","11.0000","32.6252","16.6773","20.8336","12.7263","11.0311","30.2033","11.0000","11.0000","11.0000","31.8462","11.0000","25.9600","11.0000","21.8035","11.0000","16.9934","11.0000","11.0000","11.0000","11.0000","11.0000","11.0000","17.3146","24.7975","24.7448","16.1502","11.0000","25.5960","16.0717","11.0000","11.0000","15.2188","15.3743","65.3313","11.0000","15.5596","23.1887"
"C:\Users\cfg364\Sommerlab Dropbox\Casper van der Luijt\Casper\Data\BioLog\OmniLog\CL3\DATA_2024\08\_RIB40_Aspergillus oryzae__2_30_CL3_769_8#19#2024_A_ 7B_4.OKA","8/19/2024 7:16:29 PM"," 7-B","PM02A","","RIB40","Aspergillus oryzae","",8.0000,"23.7887","13.4621","15.8735","13.1423","13.2746","21.8618","11.0000","27.3398","17.7931","11.4687","11.4005","29.0907","14.8761","16.8398","15.0627","11.0000","33.2926","13.6770","22.4655","11.0000","72.1745","11.0000","11.0000","26.0393","13.6280","11.0000","11.0000","11.0000","11.0000","11.0000","11.0000","11.0000","11.0000","11.0000","11.0000","13.6308","25.6914","11.0000","11.0000","11.0000","11.0000","15.1676","11.0000","11.0000","11.0000","11.0000","11.0000","37.5034","21.1650","11.0000","11.3733","27.3642","44.6379","11.0000","11.0000","11.0000","11.0000","11.0000","11.0000","28.8622","13.7172","21.1137","11.0000","11.0000","30.0593","13.6513","11.0000","11.0000","35.8263","11.0000","28.0244","11.0000","22.5342","11.0000","15.2797","11.0000","11.0000","11.0000","11.0000","11.0000","11.0000","20.5749","28.1507","23.5165","13.4955","11.0000","24.3456","15.5576","11.0000","11.0000","11.5070","13.0948","64.6896","11.0000","16.2689","24.9061"
"C:\Users\cfg364\Sommerlab Dropbox\Casper van der Luijt\Casper\Data\BioLog\OmniLog\CL3\DATA_2024\08\_RIB40_Aspergillus oryzae__2_30_CL3_769_8#19#2024_A_ 7B_4.OKA","8/19/2024 7:16:29 PM"," 7-B","PM02A","","RIB40","Aspergillus oryzae","",8.2500,"35.6485","22.7921","15.6136","13.2999","11.0000","17.6916","11.0000","23.7790","28.2491","20.1722","20.1448","49.3852","15.7514","25.7789","18.4160","20.2037","32.5412","11.7330","21.3997","12.3659","76.1769","11.0000","11.0000","41.9379","11.5699","11.0000","11.0000","11.0000","11.0000","11.0000","11.0000","11.0000","11.0000","11.0000","11.0000","23.3317","19.1407","11.0000","11.0000","11.0000","16.1533","11.0000","11.0000","11.0000","11.9325","11.0000","11.0000","48.3265","23.1245","11.0000","11.0000","25.7341","48.1044","11.0000","11.0000","11.0000","11.0000","11.0000","11.0000","28.7667","11.0000","26.5546","11.0000","11.0000","32.4139","11.0000","11.0000","11.0000","33.8580","11.0000","23.0135","11.2835","25.1515","11.0000","14.9673","11.0000","11.0000","11.0000","11.0000","11.0000","11.0000","13.3937","28.4382","23.2668","20.9203","11.0000","26.7465","14.4414","11.0000","11.0000","11.0000","14.8088","63.9475","11.0000","11.7618","24.8752"
"C:\Users\cfg364\Sommerlab Dropbox\Casper van der Luijt\Casper\Data\BioLog\OmniLog\CL3\DATA_2024\08\_RIB40_Aspergillus oryzae__2_30_CL3_769_8#19#2024_A_ 7B_4.OKA","8/19/2024 7:16:29 PM"," 7-B","PM02A","","RIB40","Aspergillus oryzae","",8.5000,"39.4015","22.5305","20.4293","14.4134","11.9819","13.7142","11.0000","25.7887","28.7887","23.2252","22.0463","46.6547","19.7117","23.9791","18.7419","18.9589","31.9780","17.8831","20.5597","13.7982","71.8638","11.6537","11.5939","40.4790","14.0384","11.0000","13.5934","11.0000","11.0000","11.0000","11.0000","11.0000","11.0000","13.5353","11.0000","23.0348","22.5467","11.0000","11.0000","11.0000","16.8649","13.9122","11.0000","11.0000","12.5128","11.0000","12.8953","44.6961","24.7820","11.0000","11.0000","24.8607","52.9733","11.0000","11.0000","11.0000","11.0000","11.0000","11.0000","31.6252","12.6337","28.6062","11.9537","11.0000","35.0680","11.0000","11.0000","11.0000","38.7354","11.0000","18.6060","12.3562","23.6559","11.0000","20.6612","11.0000","11.0000","11.0000","11.0000","11.0000","11.0000","17.4104","28.1193","25.0010","20.9167","12.1981","30.2998","15.4268","11.0000","11.0000","11.0000","13.0378","70.8082","11.0000","11.5412","24.6787"
"C:\Users\cfg364\Sommerlab Dropbox\Casper van der Luijt\Casper\Data\BioLog\OmniLog\CL3\DATA_2024\08\_RIB40_Aspergillus oryzae__2_30_CL3_769_8#19#2024_A_ 7B_4.OKA","8/19/2024 7:16:29 PM"," 7-B","PM02A","","RIB40","Aspergillus oryzae","",8.7500,"24.9994","14.5829","14.1755","13.3072","11.0000","16.6546","11.0000","30.8175","21.4072","14.6843","11.0000","34.4415","15.6525","14.2117","16.1613","11.0000","36.9177","11.6692","21.7587","11.0000","77.9142","11.0000","11.0000","28.6808","14.6081","11.0000","16.4055","11.0000","11.0000","11.0000","11.0000","11.0000","11.0000","11.0000","11.0000","17.1818","24.0099","11.0000","11.0000","11.0000","19.7181","14.3506","11.0000","11.0000","11.0000","11.0000","12.2417","41.7096","21.6511","11.0000","11.0000","25.5522","48.2174","11.0000","11.0000","11.0000","11.0000","11.0000","11.0000","29.7444","16.9182","25.2632","13.3073","11.0000","34.3986","12.7699","11.0000","11.0000","35.0650","11.0000","24.4320","11.0000","22.8592","11.0000","18.6109","11.0000","11.0000","11.0000","11.0000","11.0000","11.0000","19.7386","27.9910","25.1885","17.5290","11.7882","28.2142","17.1603","11.0000","11.0000","17.6387","14.9482","68.3736","11.0000","14.0560","22.4505"
"C:\Users\cfg364\Sommerlab Dropbox\Casper van der Luijt\Casper\Data\BioLog\OmniLog\CL3\DATA_2024\08\_RIB40_Aspergillus oryzae__2_30_CL3_769_8#19#2024_A_ 7B_4.OKA","8/19/2024 7:16:29 PM"," 7-B","PM02A","","RIB40","Aspergillus oryzae","",9.0000,"23.2184","18.6879","15.4819","13.5455","11.0000","16.4271","11.0000","26.0982","23.4296","14.9611","11.1998","32.4022","16.3363","20.6539","14.3592","11.0000","35.2342","13.1290","24.6452","12.7826","73.1334","11.0000","11.0000","28.3340","13.1283","11.0000","11.1576","11.0000","11.0000","11.0000","11.0000","11.0000","11.0000","11.0000","11.4798","11.0000","24.8928","11.0000","11.0000","11.0000","13.6728","16.9979","11.0000","11.0000","11.0000","11.0000","11.0000","38.4057","19.4975","11.0000","11.0000","24.3381","49.6130","11.0000","11.0000","11.0000","11.0000","11.0000","11.0000","30.6592","17.6765","23.3703","12.4205","11.0000","33.6367","14.4908","11.0000","11.0000","31.9242","11.0000","27.4301","11.0000","24.2422","11.0000","14.5693","11.0000","11.0000","11.0000","11.0000","11.0000","11.0000","16.3001","26.2562","24.0626","14.9829","11.0000","23.0841","17.8743","11.0000","11.0000","15.0768","15.8577","68.3232","11.0000","12.2416","27.5596"
"C:\Users\cfg364\Sommerlab Dropbox\Casper van der Luijt\Casper\Data\BioLog\OmniLog\CL3\DATA_2024\08\_RIB40_Aspergillus oryzae__2_30_CL3_769_8#19#2024_A_ 7B_4.OKA","8/19/2024 7:16:29 PM"," 7-B","PM02A","","RIB40","Aspergillus oryzae","",9.2500,"25.7366","14.8440","15.2545","14.5197","11.0000","16.2646","11.0000","32.2566","24.2605","18.4561","12.4318","32.8983","15.2753","15.5971","11.7429","11.8649","39.9568","14.2729","27.0968","12.0695","76.9964","11.0000","11.0000","23.4765","15.3520","11.0000","11.9773","11.0000","11.0000","11.0000","11.0000","11.0000","11.0000","11.7686","11.0000","11.0000","24.2902","11.0000","11.0000","11.0000","18.7001","18.5366","11.0000","11.0000","11.0000","11.0000","12.4673","37.3277","21.7063","12.5678","11.0000","22.8317","49.5810","11.0000","11.0000","11.0000","11.0000","11.0000","11.0000","31.5140","18.3809","24.9685","14.2424","11.0000","30.5266","15.0569","11.0000","11.0000","36.2687","11.0000","31.2809","11.0000","24.4863","11.0000","14.1936","12.6718","11.0000","11.0000","11.0000","11.0000","11.0000","19.7484","28.0473","25.3688","13.1922","11.0000","27.1018","16.2641","11.0000","11.0000","16.4042","12.8732","68.8685","11.0000","13.9288","27.2204"
"C:\Users\cfg364\Sommerlab Dropbox\Casper van der Luijt\Casper\Data\BioLog\OmniLog\CL3\DATA_2024\08\_RIB40_Aspergillus oryzae__2_30_CL3_769_8#19#2024_A_ 7B_4.OKA","8/19/2024 7:16:29 PM"," 7-B","PM02A","","RIB40","Aspergillus oryzae","",9.5000,"24.5552","15.3931","14.9947","15.8710","11.0000","14.8672","11.0000","26.5948","20.1062","16.9915","11.0999","33.6922","14.7448","15.6628","15.9096","11.0000","40.5782","15.3533","22.2903","11.0000","80.1128","11.0000","11.0000","25.1068","13.9860","11.0000","11.0000","11.0000","11.0000","11.0000","11.0000","11.0000","11.0000","11.0000","12.5353","15.1896","24.6391","11.0000","11.0000","11.0000","19.6228","15.2707","11.0000","11.0000","11.0000","11.0000","12.7934","38.0137","21.7676","11.0000","11.0000","22.9886","45.5401","11.0000","11.0000","11.0000","11.0000","11.0000","11.0000","32.5587","22.4542","23.2424","12.1117","11.0000","31.4244","14.8682","11.0000","11.0000","32.4353","11.0000","29.2592","14.3693","23.1437","11.0000","15.7278","11.5882","11.0000","11.0000","11.0000","11.0000","11.0000","21.6960","29.2947","25.8975","16.3723","11.0000","23.1464","18.9891","11.0000","11.0000","16.9730","11.9842","68.2590","11.0000","15.2659","27.3746"
"C:\Users\cfg364\Sommerlab Dropbox\Casper van der Luijt\Casper\Data\BioLog\OmniLog\CL3\DATA_2024\08\_RIB40_Aspergillus oryzae__2_30_CL3_769_8#19#2024_A_ 7B_4.OKA","8/19/2024 7:16:29 PM"," 7-B","PM02A","","RIB40","Aspergillus oryzae","",9.7500,"20.7312","14.2302","23.6013","16.9709","11.0000","16.5245","11.0000","30.7998","24.0943","14.4618","14.9290","36.0078","16.9292","17.2061","15.9419","11.0000","41.2928","12.5888","23.3871","13.8197","79.7882","11.0000","11.0000","26.4043","14.6213","11.0000","11.1892","11.0000","11.0000","11.0000","11.0000","11.0000","11.0000","11.0000","11.0000","12.7154","25.4003","11.0000","11.0000","11.0000","19.3046","15.7732","11.0000","11.0000","11.0000","11.0000","11.3261","38.7976","20.8780","11.0000","11.0000","24.3067","49.7093","11.0000","11.0000","11.0000","11.0000","11.0000","11.0000","34.5847","23.1892","22.6031","13.5013","11.0000","34.9193","12.2265","11.0000","11.0000","34.0006","11.0000","29.5159","11.0000","25.5847","11.0000","16.3853","12.9814","11.0000","11.0000","11.0000","11.0000","11.0000","21.0255","29.3587","26.1464","16.4032","11.0000","27.7558","18.9581","11.0000","11.0000","17.7631","16.2069","71.1140","11.0000","15.2022","29.4407"
"C:\Users\cfg364\Sommerlab Dropbox\Casper van der Luijt\Casper\Data\BioLog\OmniLog\CL3\DATA_2024\08\_RIB40_Aspergillus oryzae__2_30_CL3_769_8#19#2024_A_ 7B_4.OKA","8/19/2024 7:16:29 PM"," 7-B","PM02A","","RIB40","Aspergillus oryzae","",10.0000,"26.0599","16.5287","25.3471","12.2611","11.0000","15.9581","11.0000","27.2989","22.1536","15.4434","16.2060","35.6363","15.3182","18.3174","15.9239","13.2017","38.9552","11.6042","25.0011","11.8430","77.4950","11.0000","11.0000","27.2928","12.9661","11.0000","11.2526","11.0000","11.0000","11.0000","11.0000","11.0000","11.0000","11.0000","11.0000","11.0000","31.0733","11.0000","11.0000","11.0000","19.7162","16.3777","11.0000","11.0000","11.0000","11.0000","11.8478","37.8438","24.3193","11.0000","11.0000","22.6018","47.3518","11.0000","11.0000","11.0000","11.0000","11.0000","11.0000","32.9680","19.7559","25.8415","17.7897","13.6654","33.6637","13.9681","11.0000","11.0000","40.4711","11.0000","28.1070","11.0000","25.2632","11.0000","20.1067","14.0458","11.0000","11.0000","11.0000","11.0000","11.0000","20.4636","29.5145","26.6899","13.5257","11.0000","27.2333","19.5527","11.0000","11.0000","18.7106","14.1103","69.4677","11.0000","19.6005","26.6764"
"C:\Users\cfg364\Sommerlab Dropbox\Casper van der Luijt\Casper\Data\BioLog\OmniLog\CL3\DATA_2024\08\_RIB40_Aspergillus oryzae__2_30_CL3_769_8#19#2024_A_ 7B_4.OKA","8/19/2024 7:16:29 PM"," 7-B","PM02A","","RIB40","Aspergillus oryzae","",10.2500,"36.4963","22.3053","22.3247","14.9241","11.0000","19.3744","11.0000","24.8965","30.4479","25.3104","23.1305","52.6924","20.9372","23.8798","18.9113","22.4735","36.8217","17.8518","23.1061","17.6285","82.8466","11.0000","11.9213","44.8880","14.3235","12.4287","11.0000","11.0000","11.0000","11.0000","11.0000","11.0000","11.0000","11.0000","11.0000","26.4821","22.2986","11.0000","11.0000","11.0000","11.0000","12.0663","11.0000","11.0000","13.3252","11.0000","21.0902","47.2446","23.4874","14.4444","11.0000","23.9197","53.1522","11.0000","11.0000","11.0000","11.0000","11.0000","11.0000","32.4553","11.0000","30.2380","14.3627","11.0000","30.5060","11.0000","11.0000","11.0000","38.9026","11.0000","22.6884","14.0055","29.0585","11.0000","21.4167","11.0000","11.0000","11.0000","11.0000","11.0000","11.0000","14.3905","31.7574","29.6587","22.9363","11.0000","34.4901","17.2518","11.0000","11.0000","11.0000","17.7686","73.8425","11.0000","14.2566","24.5520"
"C:\Users\cfg364\Sommerlab Dropbox\Casper van der Luijt\Casper\Data\BioLog\OmniLog\CL3\DATA_2024\08\_RIB40_Aspergillus oryzae__2_30_CL3_769_8#19#2024_A_ 7B_4.OKA","8/19/2024 7:16:29 PM"," 7-B","PM02A","","RIB40","Aspergillus oryzae","",10.5000,"22.2848","17.3351","26.0672","14.1359","14.8257","17.9980","11.0000","33.5740","23.5127","14.6370","11.0000","36.0542","19.6461","16.3602","15.8559","13.8667","36.8132","11.0000","23.2342","11.0000","79.1233","11.0000","11.0000","30.5108","12.5273","11.0000","11.0000","11.0000","11.0000","11.0000","11.0000","11.0000","11.0000","11.0000","11.0000","11.9594","24.5723","11.0000","11.0000","11.0000","22.4967","20.6641","11.0000","11.0000","11.0000","11.0000","11.0000","34.1459","19.1619","11.0000","11.0310","21.0112","46.3551","11.0000","11.0000","11.0000","11.0000","11.0000","11.0000","33.1377","24.9965","24.1795","18.4814","12.5259","38.3645","13.1157","11.0000","11.0000","37.4869","11.0000","26.2004","11.0000","24.3928","11.0000","17.7539","11.0931","11.0000","11.0000","11.0000","11.0000","11.0000","19.8301","30.2110","25.5518","15.1924","11.0000","26.1540","18.8807","11.0000","11.0000","18.7434","17.6144","71.2848","11.0000","14.9269","24.5572"
"C:\Users\cfg364\Sommerlab Dropbox\Casper van der Luijt\Casper\Data\BioLog\OmniLog\CL3\DATA_2024\08\_RIB40_Aspergillus oryzae__2_30_CL3_769_8#19#2024_A_ 7B_4.OKA","8/19/2024 7:16:29 PM"," 7-B","PM02A","","RIB40","Aspergillus oryzae","",10.7500,"23.1233","14.5341","26.4598","16.7322","11.1894","16.4736","11.0000","27.4981","22.4395","11.0000","15.8885","39.6623","16.9921","19.7956","16.3960","11.1913","37.1210","12.7087","25.7215","14.0939","84.4135","11.0000","12.1184","30.0556","15.2683","11.0000","11.0946","11.0000","11.0000","11.0000","11.0000","11.0000","11.0000","11.0000","11.0000","14.1616","23.3660","11.0000","11.0000","11.0000","19.9744","20.0158","11.0000","11.0000","11.0000","11.0000","11.0000","40.4470","22.0112","11.0000","11.0000","23.2636","52.2563","11.0000","11.0000","11.0000","11.0000","11.0000","11.0000","31.8591","28.6904","27.7330","18.2957","11.0000","37.1284","13.1782","11.0000","11.0000","39.4666","11.0000","27.8942","11.0000","22.2980","11.0000","18.5731","13.2598","11.0000","11.0000","11.0000","11.0000","11.0000","18.5962","31.6140","28.3019","16.8177","11.0000","31.1688","19.8304","11.0000","11.0000","17.7470","17.1553","74.0575","11.0000","18.5429","27.9739"
"C:\Users\cfg364\Sommerlab Dropbox\Casper van der Luijt\Casper\Data\BioLog\OmniLog\CL3\DATA_2024\08\_RIB40_Aspergillus oryzae__2_30_CL3_769_8#19#2024_A_ 7B_4.OKA","8/19/2024 7:16:29 PM"," 7-B","PM02A","","RIB40","Aspergillus oryzae","",11.0000,"38.4840","27.2951","23.4161","14.2792","13.0521","15.2552","11.0000","26.0113","28.2899","28.0610","26.1490","59.2181","24.4758","28.2952","20.3580","23.3805","36.7783","17.9938","29.3634","13.1835","89.1665","11.0000","12.1194","44.5648","16.1903","13.5930","11.0000","11.0000","11.0000","11.0000","11.0000","11.0000","11.0000","12.4152","11.0000","25.2533","24.5071","11.0000","11.0000","11.0000","12.0415","11.0000","11.0000","11.0000","16.0084","17.9789","17.9586","50.9790","24.8007","12.5033","11.0000","25.2304","55.5505","11.0000","11.0000","11.0000","11.0000","11.0000","11.0000","32.7932","21.0817","32.2356","14.7891","11.0000","32.3369","11.0000","11.0000","11.0000","41.7925","11.0000","21.1406","15.8335","28.7377","11.0000","20.6007","11.0000","11.0000","11.0000","11.0000","11.0000","11.0000","18.4035","32.5383","30.0433","24.8698","11.8869","35.5192","18.1276","11.0000","11.0000","14.0191","12.1757","72.9785","12.6003","12.5840","23.1499"
"C:\Users\cfg364\Sommerlab Dropbox\Casper van der Luijt\Casper\Data\BioLog\OmniLog\CL3\DATA_2024\08\_RIB40_Aspergillus oryzae__2_30_CL3_769_8#19#2024_A_ 7B_4.OKA","8/19/2024 7:16:29 PM"," 7-B","PM02A","","RIB40","Aspergillus oryzae","",11.2500,"38.8333","25.0384","21.9833","17.0395","12.0088","19.8508","11.0000","27.1125","28.6099","24.3740","22.3869","57.3272","19.9362","28.4237","23.1924","22.6054","36.1500","17.9304","29.0221","17.3106","85.5712","12.3394","16.3818","50.8726","12.8107","11.0650","11.3154","11.0000","11.0000","11.0000","11.0000","11.0000","11.0000","11.0000","11.0000","23.7117","23.0985","11.0000","11.0000","11.0000","12.5483","14.5059","11.0000","11.0000","11.6805","18.1693","18.5293","48.7298","29.5897","12.4716","11.0000","23.5905","55.5420","11.0000","11.0000","11.0000","11.0000","11.0000","11.0000","32.1006","23.1131","32.0027","12.7644","11.0000","37.9613","11.0000","11.0000","11.0000","43.7948","11.0000","22.8626","15.1626","33.0779","11.0000","18.3474","11.0000","11.0000","11.0000","11.0000","11.0000","11.0000","19.3440","29.2954","28.5978","25.1656","14.3778","30.7390","19.6345","11.0000","11.0000","11.0000","18.9778","73.3248","11.0000","11.0000","27.5661"
"C:\Users\cfg364\Sommerlab Dropbox\Casper van der Luijt\Casper\Data\BioLog\OmniLog\CL3\DATA_2024\08\_RIB40_Aspergillus oryzae__2_30_CL3_769_8#19#2024_A_ 7B_4.OKA","8/19/2024 7:16:29 PM"," 7-B","PM02A","","RIB40","Aspergillus oryzae","",11.5000,"34.8593","21.4810","19.6761","14.7924","11.0000","14.9139","11.0000","30.1097","32.6605","19.3908","23.1058","49.5735","22.0713","24.7383","19.5995","23.7692","36.5224","14.5845","26.6352","12.0699","85.5580","11.0000","11.7859","46.2157","14.1022","11.0000","11.0000","11.0000","11.0000","11.0000","17.4727","11.0000","11.0000","11.0000","11.0000","25.9209","20.8771","11.0000","11.0000","11.0000","11.7248","12.5009","11.0000","11.0000","16.8329","13.6112","19.4506","45.1310","26.7668","11.0000","11.0000","21.4717","54.5840","11.0000","11.0000","11.0000","11.0000","11.0000","11.0000","30.8877","23.5540","28.2782","16.6869","11.0000","34.6467","11.0000","11.0000","11.0000","40.6623","11.0000","22.7123","16.3235","28.8935","11.0000","20.0996","11.0000","11.0000","11.0000","11.0000","11.0000","11.0000","16.4602","31.4499","28.8711","22.1273","11.0000","36.0128","15.9628","11.0000","11.0000","11.0000","15.5624","71.2375","11.0000","15.1265","24.1094"
"C:\Users\cfg364\Sommerlab Dropbox\Casper van der Luijt\Casper\Data\BioLog\OmniLog\CL3\DATA_2024\08\_RIB40_Aspergillus oryzae__2_30_CL3_769_8#19#2024_A_ 7B_4.OKA","8/19/2024 7:16:29 PM"," 7-B","PM02A","","RIB40","Aspergillus oryzae","",11.7500,"21.5675","15.7618","30.0738","19.1840","11.0000","22.8172","11.0000","30.5357","21.7485","13.9986","15.3245","37.6220","17.5529","17.3208","14.2571","11.0000","35.3832","11.0000","26.1186","14.8574","84.0806","11.0000","11.0000","32.0744","20.5484","11.0000","11.0000","11.0000","11.0000","11.0000","17.6891","11.0000","11.0000","11.0000","11.0000","14.4375","27.9255","11.0000","11.0000","11.0000","23.6969","19.6410","11.0000","11.0000","11.0000","11.0000","11.0000","41.3548","20.9686","11.0000","11.0000","23.1860","53.0944","11.0000","11.0000","11.0000","11.0000","11.0000","11.0000","36.2987","30.1547","25.9700","20.3518","13.4529","36.1017","16.5967","11.0000","11.0000","38.1209","11.0000","29.2184","11.0000","26.4534","11.0000","20.4934","12.3614","11.0000","11.0000","11.0000","11.0000","11.0000","19.0225","28.9645","23.8211","14.0878","11.0000","27.5024","19.5887","11.0000","11.0000","22.1070","15.3854","73.4065","11.0000","13.5721","29.5899"
"C:\Users\cfg364\Sommerlab Dropbox\Casper van der Luijt\Casper\Data\BioLog\OmniLog\CL3\DATA_2024\08\_RIB40_Aspergillus oryzae__2_30_CL3_769_8#19#2024_A_ 7B_4.OKA","8/19/2024 7:16:29 PM"," 7-B","PM02A","","RIB40","Aspergillus oryzae","",12.0000,"39.8868","24.2390","22.1740","17.1818","12.9914","15.3206","11.0000","29.8368","31.0362","22.3409","26.6347","56.2839","20.6527","23.5337","19.5361","27.6398","34.8050","15.2611","24.5431","11.0000","86.1435","11.0000","11.0000","49.4032","11.7898","11.3893","12.1013","11.0000","11.0000","11.0000","18.6041","11.0000","11.0000","11.0000","11.0000","24.3357","25.4997","11.0000","11.0000","11.0000","11.0000","12.3171","11.0000","11.0000","12.8060","15.3590","18.5184","43.8945","26.3259","11.0000","11.0000","21.4271","55.2302","11.0000","11.0000","11.0000","11.0000","11.0000","11.0000","36.7107","23.0242","28.2855","14.1795","11.0000","34.5951","11.0000","11.0000","11.0000","41.0229","11.0000","19.6610","15.3837","27.9144","11.0000","18.7613","11.0000","11.0000","11.0000","11.0000","11.0000","11.0000","17.3728","27.9949","34.5801","25.2108","11.0000","36.8771","19.2479","11.0000","11.0000","11.0000","14.1213","74.9868","11.0000","11.0000","27.3045"
"C:\Users\cfg364\Sommerlab Dropbox\Casper van der Luijt\Casper\Data\BioLog\OmniLog\CL3\DATA_2024\08\_RIB40_Aspergillus oryzae__2_30_CL3_769_8#19#2024_A_ 7B_4.OKA","8/19/2024 7:16:29 PM"," 7-B","PM02A","","RIB40","Aspergillus oryzae","",12.2500,"36.0274","23.9394","21.3017","15.2576","13.8608","18.0435","11.0000","29.9309","28.0624","23.7667","24.5340","57.3356","20.6626","23.1258","21.0801","24.4167","35.1555","12.8764","26.4657","11.0000","85.9540","11.0000","12.1537","45.5070","11.0000","11.0000","11.8180","11.0000","11.0000","11.0000","20.1816","11.0000","11.0000","11.0000","11.0000","23.5872","25.9051","11.0000","11.0000","11.0000","11.5379","13.0732","11.0000","11.0000","15.9768","17.9820","21.3086","46.0374","27.3262","11.4803","11.0309","23.1223","58.5189","11.0000","11.0000","11.0000","11.0000","11.0000","11.0000","35.6570","22.7747","29.5984","17.2068","11.0000","36.8080","11.0000","11.0000","11.0000","43.9174","11.0000","22.9487","14.4875","31.8414","14.7896","21.3514","11.4004","11.0000","11.0000","11.0000","11.0000","11.0000","18.9779","31.3085","27.9374","26.7624","11.0000","35.4447","22.1656","11.0000","11.0000","12.6134","15.7657","74.9875","11.0000","15.6020","22.2462"
"C:\Users\cfg364\Sommerlab Dropbox\Casper van der Luijt\Casper\Data\BioLog\OmniLog\CL3\DATA_2024\08\_RIB40_Aspergillus oryzae__2_30_CL3_769_8#19#2024_A_ 7B_4.OKA","8/19/2024 7:16:29 PM"," 7-B","PM02A","","RIB40","Aspergillus oryzae","",12.5000,"24.2618","15.1826","21.6420","14.1024","15.8103","21.6638","11.9823","36.1282","21.4922","16.3536","17.9141","38.5644","19.6798","19.4921","14.2571","14.5019","40.4394","11.6990","28.8317","11.0000","89.9774","11.0000","12.1832","31.4609","17.7801","11.0000","11.7231","11.0000","11.0000","11.0000","18.6896","11.0000","11.0000","11.0000","11.0000","16.8727","27.2636","11.0000","11.0000","11.0000","21.8422","18.2486","11.0000","11.0000","11.0000","11.0000","11.0000","37.3451","24.9621","11.0000","11.0000","20.8808","53.3690","11.0000","11.0000","11.0000","11.0000","11.0000","11.0000","37.5174","27.0586","22.1522","17.1732","13.0525","35.5211","11.0000","11.0000","11.0000","39.8906","11.0000","23.1475","11.3124","27.4998","11.0000","18.4349","13.4480","11.0000","11.0000","11.0000","11.0000","11.0000","22.1531","30.7913","24.8671","16.7457","11.0000","27.9975","20.9392","11.0000","11.0000","22.4933","15.5277","76.8870","11.0000","21.2538","28.7315"
"C:\Users\cfg364\Sommerlab Dropbox\Casper van der Luijt\Casper\Data\BioLog\OmniLog\CL3\DATA_2024\08\_RIB40_Aspergillus oryzae__2_30_CL3_769_8#19#2024_A_ 7B_4.OKA","8/19/2024 7:16:29 PM"," 7-B","PM02A","","RIB40","Aspergillus oryzae","",12.7500,"23.1411","17.3873","24.4323","14.5773","12.8235","19.7572","11.0000","37.1848","25.5762","15.9214","16.3261","38.5974","19.2132","15.5248","16.7079","13.2921","39.3479","12.9382","29.2502","11.0000","89.3263","11.0000","11.2629","33.9650","15.9510","11.0000","12.5405","11.0000","11.0000","11.0000","19.2001","11.0000","11.0000","11.0000","11.0000","16.0853","27.8004","11.0000","11.0000","11.0000","22.5079","22.5475","11.0000","11.0000","11.0000","11.0000","11.7472","40.3307","20.6047","11.0000","12.6790","24.0905","52.6660","11.0000","11.0000","11.0000","11.0000","11.0000","11.0000","38.1450","32.4423","22.7931","19.4459","13.9233","39.9591","12.3293","11.0000","11.0000","40.4309","11.0000","26.3459","13.1558","26.1274","11.0000","18.2482","13.7889","11.0000","11.0000","11.0000","11.0000","11.0000","22.3448","33.8336","27.2612","20.7094","11.0000","25.9978","20.8463","11.0000","11.0000","25.2567","17.0475","77.6234","11.0000","20.1530","30.9517"
"C:\Users\cfg364\Sommerlab Dropbox\Casper van der Luijt\Casper\Data\BioLog\OmniLog\CL3\DATA_2024\08\_RIB40_Aspergillus oryzae__2_30_CL3_769_8#19#2024_A_ 7B_4.OKA","8/19/2024 7:16:29 PM"," 7-B","PM02A","","RIB40","Aspergillus oryzae","",13.0000,"21.6748","14.1967","26.3810","20.3008","11.0000","20.2440","11.0000","33.9703","25.1391","17.1778","13.6945","42.7340","17.1358","16.1866","20.7716","15.0664","41.4678","11.0000","26.4903","11.0000","95.6430","11.0000","12.5478","32.7311","18.3150","11.0000","11.5991","11.0000","11.0000","11.0000","19.4790","11.0000","11.0000","11.0000","11.0000","11.9605","29.3732","11.0000","11.0000","11.0000","21.7074","18.8931","11.0000","11.0000","11.0000","11.0000","13.7812","40.7569","23.8834","12.9219","14.1647","24.3658","56.7544","11.0000","12.8597","11.0000","11.0000","11.0000","11.0000","31.8745","32.0500","21.9939","19.4877","12.4640","42.9635","14.6924","11.0000","11.0000","36.3465","11.0000","26.3467","11.0000","28.7274","11.0000","16.7200","15.0441","11.0000","11.0000","11.0000","11.0000","11.0000","22.0344","32.2901","28.6420","20.5085","11.0000","30.1106","17.3734","11.0000","11.0000","20.9565","15.9426","75.8207","11.0000","17.1732","30.3913"
"C:\Users\cfg364\Sommerlab Dropbox\Casper van der Luijt\Casper\Data\BioLog\OmniLog\CL3\DATA_2024\08\_RIB40_Aspergillus oryzae__2_30_CL3_769_8#19#2024_A_ 7B_4.OKA","8/19/2024 7:16:29 PM"," 7-B","PM02A","","RIB40","Aspergillus oryzae","",13.2500,"35.6174","21.8623","22.0095","15.6346","11.0000","15.7836","11.1303","29.4093","30.2715","27.3629","26.5683","56.1751","20.0785","22.1711","24.0502","25.8677","39.2982","11.0000","30.6768","11.0000","95.2860","12.5399","12.0868","49.5519","17.3967","11.0000","11.0000","11.0000","11.0000","11.0000","21.9334","11.0000","11.0000","11.0000","11.0000","22.4928","22.7932","11.0000","11.0000","11.0000","11.5702","11.1572","11.0000","11.0000","16.6332","14.7238","22.4804","46.7874","27.7087","11.0000","11.0000","23.3909","45.2437","11.0000","11.0000","11.0000","11.0000","11.0000","11.0000","33.8156","26.3259","26.4621","20.2565","11.0000","37.1259","11.0000","11.0000","11.0000","46.1221","11.0000","18.1897","12.0707","28.9414","11.4133","17.9078","11.0000","11.0000","11.0000","11.0000","11.0000","11.0000","16.7571","29.9174","27.3930","29.5263","11.2537","34.4269","19.5808","11.0000","11.0000","11.0000","16.9565","78.7017","11.0000","14.4507","27.0512"
"C:\Users\cfg364\Sommerlab Dropbox\Casper van der Luijt\Casper\Data\BioLog\OmniLog\CL3\DATA_2024\08\_RIB40_Aspergillus oryzae__2_30_CL3_769_8#19#2024_A_ 7B_4.OKA","8/19/2024 7:16:29 PM"," 7-B","PM02A","","RIB40","Aspergillus oryzae","",13.5000,"35.6736","25.5672","23.2855","19.5712","14.7303","14.5744","11.0000","23.6538","33.2696","24.2056","24.6784","60.4636","19.1767","28.8698","19.3201","26.8780","37.7221","12.8203","30.6843","11.0000","94.4392","12.2103","13.4233","52.2506","15.5726","14.9801","13.9278","11.0000","11.0000","11.0000","19.6242","11.0000","11.0000","11.5133","11.0000","27.8731","26.6245","11.0000","11.0000","11.0000","11.0000","12.1542","11.0000","11.0000","16.4101","12.4456","18.5986","50.3470","30.0413","11.5774","11.0000","24.0128","51.2388","11.0000","11.0000","11.0000","11.0000","11.0000","11.0000","34.0454","27.9865","29.5641","14.4879","11.2170","37.5945","11.0000","11.0000","11.0000","44.1227","11.0000","17.1983","17.1192","31.2859","15.3677","19.8859","11.0000","11.0000","11.0000","11.0000","11.0000","11.0000","15.2693","32.5400","34.2894","22.9931","11.0000","32.7507","23.2729","11.0000","11.0000","11.3772","18.5141","77.5608","11.0000","15.6185","23.2069"
"C:\Users\cfg364\Sommerlab Dropbox\Casper van der Luijt\Casper\Data\BioLog\OmniLog\CL3\DATA_2024\08\_RIB40_Aspergillus oryzae__2_30_CL3_769_8#19#2024_A_ 7B_4.OKA","8/19/2024 7:16:29 PM"," 7-B","PM02A","","RIB40","Aspergillus oryzae","",13.7500,"26.3125","16.6202","25.0035","16.4200","15.4199","18.2788","11.0000","28.2158","27.1751","20.2572","12.8059","42.1608","19.8321","19.3108","15.0310","12.1182","42.7053","11.3832","29.9111","11.0000","91.7077","11.0000","12.8339","33.1788","14.7788","11.0000","12.9204","11.0000","11.0000","11.0000","16.7602","11.0000","11.0000","11.0000","11.1614","19.5020","25.0399","11.0000","11.0000","11.0000","21.9105","21.3879","11.0000","11.0000","11.0000","11.0000","11.0000","42.9206","23.8881","12.5396","11.0624","24.1707","50.0637","11.0000","11.0000","11.0000","11.0000","11.0000","11.0000","37.1349","33.3733","22.8135","17.4202","15.8669","42.3367","13.3601","11.0000","11.0000","40.4989","11.0950","25.1720","13.0605","30.4951","11.0000","16.9343","15.5314","11.0000","11.0000","11.0000","11.0000","11.0000","21.4003","34.8979","28.4670","18.7077","11.0000","29.3082","25.7952","11.0000","11.0000","23.8559","15.5902","76.5650","11.0000","17.2319","25.3244"
"C:\Users\cfg364\Sommerlab Dropbox\Casper van der Luijt\Casper\Data\BioLog\OmniLog\CL3\DATA_2024\08\_RIB40_Aspergillus oryzae__2_30_CL3_769_8#19#2024_A_ 7B_4.OKA","8/19/2024 7:16:29 PM"," 7-B","PM02A","","RIB40","Aspergillus oryzae","",14.0000,"27.6358","19.8689","23.0899","13.6482","11.7576","21.5082","11.5554","30.4088","24.6027","17.4182","14.2920","45.4198","18.9841","18.7704","16.0374","12.5392","40.8376","11.0000","26.9605","13.4827","92.6143","11.0000","11.0000","38.6726","14.1366","11.0000","11.5969","11.0000","11.0000","11.0000","18.5295","11.0000","11.0000","11.0000","11.0000","14.3311","26.9755","11.0000","11.0000","11.0000","25.4154","21.3949","11.0000","11.0000","11.0000","11.0000","11.0000","40.1827","23.3953","11.0000","11.6822","25.7785","51.7595","11.0000","11.0000","11.0000","11.0000","11.0000","11.0000","34.0380","32.5287","24.8248","16.5119","13.6064","44.3158","13.3100","11.0000","11.0000","38.1594","11.0000","24.6920","11.0000","25.8277","11.0000","16.7411","17.0864","11.0000","11.0000","11.0000","11.0000","11.0000","21.2090","30.6508","25.3206","17.2010","11.0000","27.2492","22.1972","11.0000","11.0000","22.0320","14.4277","80.4736","11.0000","16.1930","28.9051"
"C:\Users\cfg364\Sommerlab Dropbox\Casper van der Luijt\Casper\Data\BioLog\OmniLog\CL3\DATA_2024\08\_RIB40_Aspergillus oryzae__2_30_CL3_769_8#19#2024_A_ 7B_4.OKA","8/19/2024 7:16:29 PM"," 7-B","PM02A","","RIB40","Aspergillus oryzae","",14.2500,"23.3509","19.9064","22.2849","17.7316","11.0000","18.4652","11.0000","37.5030","19.5885","19.4358","19.7728","44.7296","19.4131","16.5430","18.6522","13.1463","40.4591","13.2472","26.1866","11.0000","94.4382","11.0000","13.1067","35.7911","19.6098","11.0000","11.0000","11.0000","11.0000","11.0000","18.5216","11.0000","11.0000","11.0000","13.0468","11.6965","21.0955","11.0000","11.0000","11.0000","24.3228","22.3095","11.0000","11.0000","11.4161","11.0000","12.3626","39.4339","24.6128","11.9978","11.0000","25.0124","45.5140","11.0000","12.5786","11.0000","11.0000","11.0000","11.0000","33.2067","31.5889","17.1262","17.4883","16.6101","42.5837","11.5072","11.0000","11.0000","43.5942","11.5366","28.1119","11.6869","26.6809","11.0000","17.8205","14.8347","11.0000","11.0000","11.0000","11.0000","11.0000","21.6482","34.4192","24.8546","20.0164","11.0000","29.7733","24.5674","11.0000","11.0644","23.3052","16.6287","77.9408","11.0000","19.2620","26.0993"
"C:\Users\cfg364\Sommerlab Dropbox\Casper van der Luijt\Casper\Data\BioLog\OmniLog\CL3\DATA_2024\08\_RIB40_Aspergillus oryzae__2_30_CL3_769_8#19#2024_A_ 7B_4.OKA","8/19/2024 7:16:29 PM"," 7-B","PM02A","","RIB40","Aspergillus oryzae","",14.5000,"28.0099","18.3404","21.6283","16.3981","11.0000","20.7590","11.0000","32.8400","24.4536","17.0371","12.2731","43.3709","19.2778","17.2316","18.1159","14.3198","42.4941","11.0000","29.7192","11.0000","95.1210","11.0000","11.0000","33.2780","19.4002","11.0000","15.9183","11.0000","11.0000","11.0000","18.9216","11.0000","11.0000","11.0000","11.0000","15.7296","28.4875","11.0000","11.0000","11.0000","24.6526","17.7495","11.0000","11.0000","11.0000","11.0000","11.0000","39.1672","28.6931","12.5785","11.0000","22.2125","48.9305","11.0000","12.3968","11.0000","11.0000","11.0000","11.0000","33.8122","33.9830","22.3257","17.3662","13.7603","42.3711","17.0611","11.0000","11.0000","43.2676","11.0000","24.6993","12.2204","29.8013","11.0000","17.1418","13.4445","11.0000","11.0000","11.0000","11.0000","11.0000","23.2152","30.3109","28.3610","20.9279","11.0000","28.6446","25.7198","11.0000","11.0000","22.0345","13.5045","75.4290","11.0000","13.5110","27.8992"
"C:\Users\cfg364\Sommerlab Dropbox\Casper van der Luijt\Casper\Data\BioLog\OmniLog\CL3\DATA_2024\08\_RIB40_Aspergillus oryzae__2_30_CL3_769_8#19#2024_A_ 7B_4.OKA","8/19/2024 7:16:29 PM"," 7-B","PM02A","","RIB40","Aspergillus oryzae","",14.7500,"26.9294","19.5855","26.9835","18.9762","12.4533","18.5563","11.0000","37.1199","29.8030","19.4953","18.5522","42.7627","17.6227","19.8206","18.6432","12.4688","40.3740","11.7933","26.9533","11.0000","99.5633","11.0000","12.3255","35.6262","15.8646","11.0000","11.4077","11.0000","11.0000","11.0000","18.5790","11.0000","11.0000","11.0000","11.0000","18.8588","24.9396","11.0000","11.0000","11.0000","27.6944","16.9917","11.0000","11.0000","11.0000","11.0000","14.2825","42.7339","27.3802","13.6197","13.4611","24.8805","49.4312","11.0000","11.9502","11.0000","11.0000","11.0000","11.0000","33.2899","33.5027","22.1589","16.0018","15.8010","45.5562","13.6196","11.0000","11.0000","44.3464","11.0000","29.0953","11.0000","26.4030","11.0000","20.1395","13.9025","11.0000","11.0000","11.0000","11.0000","11.0000","22.3312","32.5352","29.8092","19.5896","11.8505","32.9389","20.8765","11.0000","11.0000","24.4665","18.6764","81.8120","11.0000","19.0135","27.7841"
"C:\Users\cfg364\Sommerlab Dropbox\Casper van der Luijt\Casper\Data\BioLog\OmniLog\CL3\DATA_2024\08\_RIB40_Aspergillus oryzae__2_30_CL3_769_8#19#2024_A_ 7B_4.OKA","8/19/2024 7:16:29 PM"," 7-B","PM02A","","RIB40","Aspergillus oryzae","",15.0000,"27.8555","18.8404","23.8837","19.2274","11.5371","19.6265","11.2283","34.1884","28.3159","18.8624","19.9373","39.3950","19.3016","17.9775","20.1526","14.9914","38.2781","12.4279","25.5914","13.1959","103.6448","11.0000","11.0000","38.2271","16.2461","11.0000","12.1290","11.0000","11.0000","11.0000","17.7476","11.0000","11.0000","11.0000","11.0000","19.4178","26.4920","11.0000","11.3143","11.0000","27.0971","16.8025","11.0000","11.0000","11.0000","11.0000","14.0225","43.5167","26.5261","13.9392","11.0000","25.7265","49.9080","11.0000","11.4751","11.0000","11.0000","11.0000","11.0000","32.0198","32.1194","21.8062","17.9161","19.2702","44.9808","14.9451","11.0000","11.0000","42.6965","11.0000","26.6613","11.0000","28.0805","11.0000","19.8587","14.5201","11.0000","11.0000","11.0000","11.0000","11.0000","25.1401","33.3684","28.2183","19.9884","14.1815","31.4184","22.2431","11.0000","11.0000","21.5966","16.6000","82.0362","11.0321","16.0045","27.2877"
"C:\Users\cfg364\Sommerlab Dropbox\Casper van der Luijt\Casper\Data\BioLog\OmniLog\CL3\DATA_2024\08\_RIB40_Aspergillus oryzae__2_30_CL3_769_8#19#2024_A_ 7B_4.OKA","8/19/2024 7:16:29 PM"," 7-B","PM02A","","RIB40","Aspergillus oryzae","",15.2500,"28.9420","20.8258","24.2163","19.5075","12.0064","20.4157","11.7533","35.3885","25.3691","15.9089","13.6686","42.4705","22.5050","22.4980","16.8241","13.1085","40.6323","11.1585","26.9387","11.1623","98.4245","11.0000","12.2469","36.3130","21.5117","11.0000","11.0000","11.0000","11.0000","11.0000","21.9677","11.0000","11.0000","11.0000","11.4169","14.8961","25.3793","11.0000","11.0000","11.0000","24.2051","19.2933","11.0000","11.0000","11.0000","11.0000","11.0000","39.5314","24.7335","14.1313","11.0000","23.7968","49.1059","11.0000","11.0000","11.0000","11.0000","11.0000","11.0000","30.3778","26.7144","22.4051","18.7284","14.4795","46.3181","13.2997","11.0000","11.0000","42.2911","11.0000","23.4668","11.0000","27.7864","11.0000","15.0188","11.3732","11.0000","11.0000","11.0000","11.0000","11.0000","20.3611","33.6479","30.3956","22.1939","11.0000","29.9942","23.2247","11.0000","11.0000","19.5615","17.1020","84.1599","11.0000","17.3717","27.7311"
"C:\Users\cfg364\Sommerlab Dropbox\Casper van der Luijt\Casper\Data\BioLog\OmniLog\CL3\DATA_2024\08\_RIB40_Aspergillus oryzae__2_30_CL3_769_8#19#2024_A_ 7B_4.OKA","8/19/2024 7:16:29 PM"," 7-B","PM02A","","RIB40","Aspergillus oryzae","",15.5000,"24.7277","15.4927","22.9174","20.7947","14.3967","21.0952","13.0633","33.4084","27.8912","19.0812","14.4358","41.2209","19.7925","22.1377","16.4682","13.2683","39.4457","14.7728","27.7759","11.0974","96.6370","11.0000","14.8720","35.3877","21.6061","11.0000","11.0000","11.0000","11.0000","11.0000","18.5881","11.0000","11.0000","11.0000","13.9186","18.3959","24.8397","11.0000","11.0000","11.0000","25.6934","18.1938","11.0000","11.2857","11.0000","11.0000","13.1874","41.8165","23.4123","12.4059","11.0000","24.7401","52.3584","11.0000","11.4763","11.0000","11.0000","11.0000","11.0000","30.1220","29.5239","20.3868","16.7578","17.6795","43.2498","13.9927","11.0000","11.0000","45.5915","11.0000","24.1755","12.1281","28.2136","11.0000","15.8600","13.5816","11.0000","11.0000","11.0000","11.0000","11.0000","20.0405","33.8078","29.8999","21.0221","11.0000","28.4450","25.1646","11.0000","11.0000","17.4053","16.8504","82.2709","11.0000","17.2132","26.3368"
"C:\Users\cfg364\Sommerlab Dropbox\Casper van der Luijt\Casper\Data\BioLog\OmniLog\CL3\DATA_2024\08\_RIB40_Aspergillus oryzae__2_30_CL3_769_8#19#2024_A_ 7B_4.OKA","8/19/2024 7:16:29 PM"," 7-B","PM02A","","RIB40","Aspergillus oryzae","",15.7500,"26.1132","20.5361","22.5295","17.9507","12.2967","20.5767","11.3935","30.4516","22.2150","19.8369","18.9147","36.6212","20.8852","17.3969","14.5616","11.0959","37.8804","14.2729","26.2780","11.0000","99.1185","11.0000","13.5386","35.4059","20.4529","11.0000","11.0000","11.0000","11.0000","11.0000","20.4480","11.0000","11.0000","11.0000","13.0833","21.3474","28.3767","11.0000","11.0000","11.0000","24.2445","17.2005","11.0000","11.0000","12.1215","11.0000","15.0560","40.6618","26.9984","13.7939","12.0550","24.9834","49.4212","11.0000","11.0000","11.0000","11.0000","11.0000","11.0000","35.5204","29.5134","22.0622","17.9339","14.8777","49.8448","13.3701","11.0000","11.0000","43.2273","11.0000","24.2581","11.0000","26.4746","11.0000","19.3095","17.9738","11.0000","11.0000","11.0000","11.0000","11.0000","22.0856","31.3084","28.5579","21.6877","11.6964","25.8975","23.6916","11.0000","11.0000","22.5326","13.0905","85.3148","11.0000","18.2082","29.6626"
"C:\Users\cfg364\Sommerlab Dropbox\Casper van der Luijt\Casper\Data\BioLog\OmniLog\CL3\DATA_2024\08\_RIB40_Aspergillus oryzae__2_30_CL3_769_8#19#2024_A_ 7B_4.OKA","8/19/2024 7:16:29 PM"," 7-B","PM02A","","RIB40","Aspergillus oryzae","",16.0000,"33.5104","32.0386","20.8212","18.1810","17.5118","18.4794","11.0000","27.1195","31.4975","29.1815","33.9382","56.5700","25.8745","32.0942","19.8125","23.8749","40.9291","14.5066","26.8655","11.0000","101.2646","11.0000","12.7821","54.8699","15.4810","13.2229","11.0000","11.0000","11.0000","11.0000","21.5523","11.0000","11.0000","11.0000","11.0000","33.6553","26.5031","11.0000","11.0000","11.0000","12.8089","12.9255","11.0000","11.0000","20.8322","19.1831","20.0195","49.0212","21.3816","11.9673","11.0000","24.3608","47.8644","11.0000","11.0000","11.0000","11.0000","11.0000","11.0000","37.4872","27.5951","23.9538","17.2432","11.0000","42.2345","11.0000","11.0000","11.0000","48.1771","11.0000","18.5624","15.7647","33.0855","11.0000","16.6982","11.0000","11.0000","11.0000","11.0000","11.0000","11.0000","20.0228","27.7510","30.0540","26.3203","14.1489","35.1243","22.3168","11.0000","11.0000","16.0335","12.6158","84.6981","11.0000","15.6161","24.7530"
"C:\Users\cfg364\Sommerlab Dropbox\Casper van der Luijt\Casper\Data\BioLog\OmniLog\CL3\DATA_2024\08\_RIB40_Aspergillus oryzae__2_30_CL3_769_8#19#2024_A_ 7B_4.OKA","8/19/2024 7:16:29 PM"," 7-B","PM02A","","RIB40","Aspergillus oryzae","",16.2500,"34.9987","24.1330","24.3866","21.4565","20.2802","18.1556","12.7413","25.5970","32.0955","30.1471","33.8722","59.4181","24.0347","29.3385","22.5240","26.8780","41.4909","14.2197","30.5566","11.0000","105.3571","11.0000","17.0394","53.6485","16.0849","11.0000","12.0063","11.0000","11.0000","11.6921","21.4883","11.0000","11.0000","11.5152","12.8278","32.6046","26.2201","11.0000","11.0000","11.0000","13.9197","12.6414","11.0000","11.0000","20.0931","17.4811","19.1996","48.6615","25.1902","11.0000","11.0000","23.6378","46.0982","11.0000","11.0000","11.0000","11.0000","11.0000","11.0000","36.9162","27.1350","26.6860","19.7036","12.5213","44.4997","11.0000","11.0000","11.0000","48.2410","11.0953","19.7160","17.1126","29.7253","12.8591","18.0994","11.0000","11.0000","11.0000","11.0000","11.0000","11.0000","21.7826","30.2540","34.6543","27.1202","15.4529","33.8136","21.9458","11.0000","11.0000","16.1285","14.6436","87.5414","11.0000","17.7977","24.8781"
"C:\Users\cfg364\Sommerlab Dropbox\Casper van der Luijt\Casper\Data\BioLog\OmniLog\CL3\DATA_2024\08\_RIB40_Aspergillus oryzae__2_30_CL3_769_8#19#2024_A_ 7B_4.OKA","8/19/2024 7:16:29 PM"," 7-B","PM02A","","RIB40","Aspergillus oryzae","",16.5000,"33.4307","28.0697","18.5846","20.4970","15.7643","15.1686","11.4909","32.0618","29.7799","29.1604","28.4216","56.2548","25.7099","31.9156","22.7975","27.0323","41.9802","15.0173","26.3536","11.0000","103.9902","11.0000","11.0000","52.8092","14.6119","19.2254","11.0000","11.0000","11.0000","11.0000","19.5070","11.0000","11.0000","13.4022","11.0000","28.8819","26.4856","11.0000","11.0000","11.0000","12.9078","14.6319","11.0000","11.0000","20.3980","15.6671","20.5061","45.6704","27.3215","11.0000","11.0000","23.1537","51.9493","11.0000","11.0000","11.0000","11.0000","11.0000","11.8750","39.0397","25.6786","28.7867","15.8543","11.0000","45.9902","11.0000","11.0000","11.0000","48.1983","11.0000","20.4530","13.1369","34.4140","14.7197","16.8539","12.8541","11.0000","11.0000","11.0000","11.0000","11.0000","21.4930","29.3476","34.4592","27.9914","11.0000","32.6541","24.2784","11.0000","11.0000","13.6813","12.4908","87.4254","11.0000","11.0000","24.8516"
"C:\Users\cfg364\Sommerlab Dropbox\Casper van der Luijt\Casper\Data\BioLog\OmniLog\CL3\DATA_2024\08\_RIB40_Aspergillus oryzae__2_30_CL3_769_8#19#2024_A_ 7B_4.OKA","8/19/2024 7:16:29 PM"," 7-B","PM02A","","RIB40","Aspergillus oryzae","",16.7500,"33.1192","29.5540","22.2305","19.5505","15.5434","16.1130","11.4582","27.9023","29.1128","32.6337","32.0123","56.8801","26.6739","29.9814","22.3475","25.3043","44.8982","12.9130","29.1452","11.0000","106.0138","11.0990","12.7492","54.0982","21.8991","19.7759","11.0000","11.0000","11.0000","11.0000","19.0593","11.0000","11.0000","13.9147","11.0000","27.8903","24.9054","11.0000","11.0000","11.0000","15.8650","15.8530","11.0000","11.0000","16.7611","21.3460","18.7421","43.8992","29.0025","13.6036","11.8113","25.1688","52.5224","11.0000","11.0000","11.0000","11.0000","11.0000","11.7129","40.6873","25.1235","28.2448","19.4490","11.0000","44.3910","11.0000","11.0000","11.0000","48.3900","11.0000","18.5238","17.2223","37.3862","15.3556","17.0719","12.2979","11.0000","11.0000","11.0000","11.0000","11.0000","22.9326","33.4710","34.0553","25.8059","15.6703","31.3436","18.9361","11.0000","11.0000","14.5645","13.9181","88.7753","11.0000","14.2299","28.7561"
"C:\Users\cfg364\Sommerlab Dropbox\Casper van der Luijt\Casper\Data\BioLog\OmniLog\CL3\DATA_2024\08\_RIB40_Aspergillus oryzae__2_30_CL3_769_8#19#2024_A_ 7B_4.OKA","8/19/2024 7:16:29 PM"," 7-B","PM02A","","RIB40","Aspergillus oryzae","",17.0000,"37.8437","26.9667","21.1198","21.8144","18.9410","25.0395","12.4739","24.9732","33.2794","31.6894","30.8049","59.0406","25.5336","32.3270","24.0660","30.7191","42.4191","13.2556","32.2854","11.0000","103.3871","19.5592","15.2949","52.9250","18.8510","15.0030","13.3333","11.0000","11.0000","11.0000","25.1635","11.0000","11.0000","11.8706","11.0321","36.5432","26.1774","11.0000","11.0000","11.0000","16.0313","13.9099","11.0000","11.0000","17.0382","25.7643","21.8153","46.6258","27.3087","12.8301","11.0000","18.4816","45.7762","11.0000","11.0000","11.0000","11.0000","11.0000","11.0000","37.3345","31.3270","25.0131","15.9927","11.0000","46.4910","11.0000","11.0000","11.0000","48.2038","11.0000","17.0090","19.4520","32.5693","16.0963","17.0870","11.5557","11.0000","11.0000","11.0000","11.0000","11.0000","21.9886","30.9559","31.7735","29.9743","13.0043","28.3036","19.5192","11.0000","11.0000","13.4837","15.2591","88.1444","11.0000","16.0535","26.1531"
"C:\Users\cfg364\Sommerlab Dropbox\Casper van der Luijt\Casper\Data\BioLog\OmniLog\CL3\DATA_2024\08\_RIB40_Aspergillus oryzae__2_30_CL3_769_8#19#2024_A_ 7B_4.OKA","8/19/2024 7:16:29 PM"," 7-B","PM02A","","RIB40","Aspergillus oryzae","",17.2500,"22.6801","21.6669","26.2584","19.2804","16.9487","25.4593","12.0835","28.9118","24.1556","23.8548","24.4131","42.9850","20.6102","18.5787","21.4115","17.7080","47.8358","11.0000","28.3061","11.0000","105.3655","11.0000","11.0000","32.3628","19.2555","11.0000","11.0000","11.0000","11.0000","11.0000","18.5054","11.0000","11.0000","12.0932","13.0531","22.7644","24.5936","11.0000","11.0000","11.0000","23.1392","21.1429","11.0000","11.0000","11.3827","11.4891","15.4131","35.3666","24.5827","14.3376","11.4980","20.7451","52.2395","11.0000","11.6000","11.0000","11.0000","11.0000","11.8768","37.1665","30.8867","19.5236","19.0809","11.0000","50.3135","11.8558","11.0000","11.0000","50.4618","11.0000","22.5894","13.0339","29.4743","11.0000","17.6687","15.2312","11.0000","11.0000","11.0000","11.0000","11.0000","25.8758","27.3597","27.2815","25.2558","11.5708","23.3224","20.1914","11.0000","11.0000","22.5629","15.7813","87.8522","11.0000","19.2879","29.6490"
"C:\Users\cfg364\Sommerlab Dropbox\Casper van der Luijt\Casper\Data\BioLog\OmniLog\CL3\DATA_2024\08\_RIB40_Aspergillus oryzae__2_30_CL3_769_8#19#2024_A_ 7B_4.OKA","8/19/2024 7:16:29 PM"," 7-B","PM02A","","RIB40","Aspergillus oryzae","",17.5000,"38.1566","34.5180","25.6462","15.9087","17.9559","26.9211","14.7926","25.7890","31.2428","30.5046","34.3936","57.9216","27.1774","39.6410","24.7149","24.5669","45.3798","16.2188","29.3602","11.0000","107.4095","16.6987","14.7506","56.0325","22.2753","20.1743","11.0000","11.0000","11.0000","13.1107","23.9798","11.0000","11.0000","13.3779","12.1573","37.6364","23.4234","11.0000","11.0313","11.0000","16.7711","13.4130","11.0000","11.0000","18.1602","19.4798","23.8116","42.7296","27.6384","11.7043","14.7808","23.4090","49.0224","11.0000","11.0000","11.0000","11.0000","11.0651","14.1024","41.3413","25.8809","19.4401","14.1820","13.7242","48.6908","11.0000","11.0000","13.4503","51.8102","11.9545","16.1928","19.1996","33.4793","18.2363","17.0048","11.7727","11.0000","11.0000","11.0000","11.0000","11.0000","26.3159","27.3744","31.9525","28.2139","16.4875","29.0580","22.8674","11.0000","11.0000","16.2033","13.8800","89.0305","12.9894","15.8651","29.9082"
"C:\Users\cfg364\Sommerlab Dropbox\Casper van der Luijt\Casper\Data\BioLog\OmniLog\CL3\DATA_2024\08\_RIB40_Aspergillus oryzae__2_30_CL3_769_8#19#2024_A_ 7B_4.OKA","8/19/2024 7:16:29 PM"," 7-B","PM02A","","RIB40","Aspergillus oryzae","",17.7500,"28.4598","20.4278","27.9778","17.5186","15.1012","25.8653","15.5216","22.2682","27.0259","25.1132","21.5642","43.0674","21.1235","23.0942","18.9451","12.2815","47.1491","16.6325","29.1682","13.7591","104.3603","11.0000","14.1616","36.5873","20.0216","11.0000","11.1892","11.0000","11.0000","11.0000","20.5724","11.0000","11.0000","11.0000","11.9006","29.5463","27.8025","11.0000","11.0000","11.0000","24.8947","18.2252","11.0000","11.0000","11.0000","12.6529","17.9741","35.8804","23.7610","11.4478","13.8096","24.0485","50.7741","11.0000","11.0000","11.0000","11.0000","11.0000","11.0000","35.4593","32.9844","15.1007","19.9144","14.9130","46.1426","13.0547","11.0000","11.0000","53.1004","12.5011","24.9972","16.0004","30.5792","11.0000","15.0393","12.8608","11.0000","11.0000","11.0000","11.0000","11.0000","24.7874","28.4768","27.5313","26.2138","12.9604","15.7823","22.4882","11.0000","11.0000","23.6552","12.7106","90.4231","11.1927","19.1212","27.5452"
"C:\Users\cfg364\Sommerlab Dropbox\Casper van der Luijt\Casper\Data\BioLog\OmniLog\CL3\DATA_2024\08\_RIB40_Aspergillus oryzae__2_30_CL3_769_8#19#2024_A_ 7B_4.OKA","8/19/2024 7:16:29 PM"," 7-B","PM02A","","RIB40","Aspergillus oryzae","",18.0000,"25.9668","22.4289","27.2348","16.8692","11.3504","26.8441","15.8202","26.3400","30.8960","22.8316","20.8860","46.3153","22.4427","23.5948","18.9762","16.8399","44.4663","12.0837","25.3109","11.0000","106.6258","11.0000","12.8765","36.7496","21.8676","11.0000","11.0000","11.0000","11.0000","11.0000","20.4268","11.0000","11.0000","11.0000","11.0000","23.7881","26.8589","11.0000","11.0000","11.0000","25.6595","17.2890","11.0000","11.0000","11.0000","12.3031","14.6233","39.0452","22.8455","12.6645","13.7106","20.3926","46.5827","11.0000","11.7615","11.0000","11.0000","11.0000","12.9028","38.7547","33.7739","17.4844","20.8588","14.1995","46.3203","13.7361","11.0000","11.0000","47.8585","11.0000","18.0693","20.1199","33.8723","11.0000","17.1267","14.8383","11.0000","11.0000","11.0000","11.0000","11.0000","27.5120","25.7345","27.4265","24.8249","11.0000","13.8731","21.2715","11.0000","11.0000","18.6826","12.4596","84.1221","11.0000","19.5343","25.5172"
"C:\Users\cfg364\Sommerlab Dropbox\Casper van der Luijt\Casper\Data\BioLog\OmniLog\CL3\DATA_2024\08\_RIB40_Aspergillus oryzae__2_30_CL3_769_8#19#2024_A_ 7B_4.OKA","8/19/2024 7:16:29 PM"," 7-B","PM02A","","RIB40","Aspergillus oryzae","",18.2500,"38.5200","31.0247","28.8150","16.6154","18.5134","24.0086","14.3673","25.4729","29.2903","35.5559","36.6173","59.0265","22.1570","36.0269","26.7467","30.4342","44.7624","13.8985","30.0740","12.5920","104.4550","16.7946","21.8564","58.4797","20.4212","15.7190","11.0000","11.0000","11.0000","12.2919","26.8908","11.0000","11.0000","11.4204","11.0000","40.2887","26.4707","11.0000","11.9099","11.0000","14.8071","12.5370","11.0000","11.0000","20.2062","22.5560","24.3006","43.0223","28.9831","13.3442","11.0000","18.3645","48.6227","11.0000","11.0000","11.0000","11.0000","11.0000","13.4013","43.2331","27.4827","18.3364","17.6806","12.4943","47.9538","11.0000","11.0000","11.0000","52.4875","11.0000","15.6161","21.2974","30.1502","13.0419","17.0883","11.0000","11.0000","11.0000","11.0000","11.0000","11.0000","21.6330","24.9830","35.1333","29.4742","14.5469","23.3112","20.9556","11.0000","11.0000","18.0713","12.4555","93.9089","14.1844","19.6093","25.7003"
"C:\Users\cfg364\Sommerlab Dropbox\Casper van der Luijt\Casper\Data\BioLog\OmniLog\CL3\DATA_2024\08\_RIB40_Aspergillus oryzae__2_30_CL3_769_8#19#2024_A_ 7B_4.OKA","8/19/2024 7:16:29 PM"," 7-B","PM02A","","RIB40","Aspergillus oryzae","",18.5000,"24.4174","19.8407","28.9090","17.0741","12.7725","24.9599","15.6893","25.3615","25.8140","23.8950","22.6162","45.3972","24.4407","22.2257","21.3690","14.9905","45.8647","12.1769","29.2785","11.0000","105.6118","11.3922","14.0016","40.4110","22.2807","11.0000","12.2269","11.0000","11.1561","11.0000","21.8062","11.0000","11.0000","14.4158","15.8394","25.2681","30.0166","11.0000","11.0000","11.0000","22.6643","15.8127","11.0000","11.0000","11.0000","11.0000","12.6628","34.7474","20.3522","11.3862","11.5897","18.3976","52.8780","11.0000","11.0000","11.0000","11.0000","12.6624","15.6895","42.6197","31.0717","13.0541","19.6478","14.0159","49.9403","13.9678","11.7554","11.0000","46.0912","11.6393","21.7615","18.6351","29.5880","11.0952","13.8821","13.5004","11.0000","11.0000","11.0000","11.0000","11.0000","23.6171","23.7839","29.8558","27.5469","11.1891","12.9988","20.5937","11.0000","11.0000","16.0501","16.2337","87.2375","11.0000","19.7645","24.6866"
"C:\Users\cfg364\Sommerlab Dropbox\Casper van der Luijt\Casper\Data\BioLog\OmniLog\CL3\DATA_2024\08\_RIB40_Aspergillus oryzae__2_30_CL3_769_8#19#2024_A_ 7B_4.OKA","8/19/2024 7:16:29 PM"," 7-B","PM02A","","RIB40","Aspergillus oryzae","",18.7500,"39.2798","29.4208","27.4424","17.1905","22.2904","28.1147","16.8367","25.4140","29.5521","35.8485","34.7256","61.3726","25.7047","34.0857","21.9911","29.7686","47.1013","11.0000","27.6111","12.2331","109.2121","19.2070","20.5587","54.0255","24.9761","11.0000","13.3602","11.0000","11.0000","11.8157","22.8532","11.0000","11.0000","13.2872","12.3463","42.5568","24.8484","11.0000","11.0000","11.0000","14.4633","13.3046","11.0000","11.0000","20.9469","21.9467","26.6514","41.6289","29.1410","14.1395","11.7148","21.4521","48.3757","11.0000","11.0000","11.7900","11.0000","11.0000","14.9829","44.9454","29.3832","17.8182","18.7144","16.0415","49.8257","11.0000","13.7751","13.7373","56.5831","11.0959","14.7309","23.3357","33.4472","14.5963","15.0520","12.6973","11.0000","11.0000","11.0000","11.0000","11.0000","25.4046","25.1132","28.8177","32.1544","17.8099","21.5627","22.0297","11.0000","11.0000","16.9614","19.2796","93.6282","14.3333","21.2192","28.2482"
"C:\Users\cfg364\Sommerlab Dropbox\Casper van der Luijt\Casper\Data\BioLog\OmniLog\CL3\DATA_2024\08\_RIB40_Aspergillus oryzae__2_30_CL3_769_8#19#2024_A_ 7B_4.OKA","8/19/2024 7:16:29 PM"," 7-B","PM02A","","RIB40","Aspergillus oryzae","",19.0000,"33.7844","22.7428","28.6772","13.7478","15.5099","26.5999","16.6736","24.5894","23.0239","27.1532","24.8898","44.4723","24.9242","23.6758","18.2735","21.6028","53.4813","11.6712","30.0577","13.2715","107.8779","12.4387","19.7403","39.9683","26.1068","11.0000","13.1085","11.0000","11.0000","14.7019","19.7072","11.0000","11.0000","11.4188","14.8464","27.4017","24.9749","11.0000","11.0000","11.0000","24.6943","18.7032","11.0000","11.0000","12.0235","11.0000","17.2932","34.1520","24.1934","16.3910","14.6051","21.1079","48.8240","11.0000","11.0000","11.0000","11.0000","11.4561","14.7562","46.6601","31.6311","11.7682","15.9372","15.7631","50.6265","11.2517","11.0000","11.0000","51.6236","12.1509","21.6137","16.5871","30.2099","11.0000","15.7944","16.0919","11.0000","11.0000","11.0000","11.0000","11.0000","22.5237","26.1075","27.8487","28.1147","13.0588","16.2658","23.6981","11.0000","11.0000","20.2274","16.5407","88.7885","11.2564","19.2576","27.4726"
"C:\Users\cfg364\Sommerlab Dropbox\Casper van der Luijt\Casper\Data\BioLog\OmniLog\CL3\DATA_2024\08\_RIB40_Aspergillus oryzae__2_30_CL3_769_8#19#2024_A_ 7B_4.OKA","8/19/2024 7:16:29 PM"," 7-B","PM02A","","RIB40","Aspergillus oryzae","",19.2500,"28.7666","19.6662","30.3197","13.4660","16.4273","25.0643","19.9573","17.1051","24.1232","32.4914","23.3593","38.9270","25.9828","22.3786","23.7923","16.8114","49.6676","11.2530","29.1751","12.5247","106.6781","12.5087","15.3142","36.3835","24.3776","11.0000","12.8887","11.0000","11.0000","11.0000","16.8263","11.0000","11.0000","11.0000","11.0000","29.1047","22.0127","11.0000","14.8000","11.0000","28.2764","18.3667","11.0000","11.0000","11.0000","11.0000","15.8682","28.0647","26.1448","11.0645","13.2424","19.3758","48.8175","11.0000","12.7706","11.0000","11.0000","11.2920","16.9131","48.5921","30.3602","15.8433","21.4470","13.8580","48.6299","11.0630","11.0000","11.0000","50.3137","11.5091","18.0229","18.6486","27.1408","11.0000","11.0000","14.9443","11.0000","11.0000","11.0000","11.0000","11.0000","26.9528","23.0808","29.0977","28.6209","11.0000","13.3370","20.4410","11.0000","11.0000","20.1411","16.0138","89.2700","11.0000","20.3386","25.8595"
"C:\Users\cfg364\Sommerlab Dropbox\Casper van der Luijt\Casper\Data\BioLog\OmniLog\CL3\DATA_2024\08\_RIB40_Aspergillus oryzae__2_30_CL3_769_8#19#2024_A_ 7B_4.OKA","8/19/2024 7:16:29 PM"," 7-B","PM02A","","RIB40","Aspergillus oryzae","",19.5000,"31.5505","24.8419","31.0959","17.1949","15.1299","27.4789","15.8515","23.8558","20.5679","29.2432","26.7887","40.1579","27.7498","27.6897","23.7349","16.3717","55.7041","14.6017","27.4554","13.0767","102.3839","13.5496","18.1222","32.9845","22.7100","11.0000","11.0000","11.0000","11.0000","11.0000","22.3007","11.0000","11.0000","12.6692","14.8291","27.9197","25.0249","11.0000","11.0000","11.0000","22.9114","21.9927","11.0000","11.0000","11.0000","11.0000","17.2371","33.4199","25.1820","13.8796","12.7189","14.4040","52.1454","11.0000","11.0000","11.0000","11.0000","11.0000","15.4038","48.8503","31.3336","15.3979","23.2855","15.2255","52.8730","11.0000","11.0000","11.0000","52.2347","11.0000","19.2643","16.5562","30.4387","11.0000","13.9684","17.5683","11.0000","11.0000","11.0000","11.0000","11.0000","26.5189","23.8537","30.7862","29.6492","12.6423","13.7837","20.9442","11.0000","11.0000","21.5588","15.1726","93.0209","11.0000","19.8449","26.6892"
"C:\Users\cfg364\Sommerlab Dropbox\Casper van der Luijt\Casper\Data\BioLog\OmniLog\CL3\DATA_2024\08\_RIB40_Aspergillus oryzae__2_30_CL3_769_8#19#2024_A_ 7B_4.OKA","8/19/2024 7:16:29 PM"," 7-B","PM02A","","RIB40","Aspergillus oryzae","",19.7500,"38.8836","27.6882","31.3062","21.6566","24.1252","28.6327","14.4726","23.8987","31.7606","35.3019","31.7699","55.7455","25.6251","33.4374","25.6674","26.3010","46.3538","11.0318","24.1660","11.0000","91.6023","13.0863","20.6973","51.3060","21.1530","17.6284","11.0000","11.8679","11.0000","12.9571","18.6940","11.0000","11.0000","13.1572","11.3213","43.8463","23.0767","11.0000","11.0000","11.0000","16.0959","14.0155","11.0000","11.0000","15.7405","15.7797","19.5577","32.8317","26.9218","14.8686","15.0165","19.3991","53.7223","11.0000","11.0000","11.0000","11.0000","11.0000","11.0000","51.8928","27.7163","17.0641","16.5795","14.4204","48.8995","11.0000","13.3665","11.0633","55.0311","11.6709","12.9888","21.9546","32.0658","17.1759","13.6005","11.0000","11.0000","11.0000","11.0000","11.0000","11.0000","23.1968","22.6294","31.4763","34.3835","19.5460","20.1897","24.2148","11.0000","11.0000","12.5811","17.3843","93.0561","11.0000","22.8690","23.2683"
"C:\Users\cfg364\Sommerlab Dropbox\Casper van der Luijt\Casper\Data\BioLog\OmniLog\CL3\DATA_2024\08\_RIB40_Aspergillus oryzae__2_30_CL3_769_8#19#2024_A_ 7B_4.OKA","8/19/2024 7:16:29 PM"," 7-B","PM02A","","RIB40","Aspergillus oryzae","",20.0000,"39.6297","32.4748","34.5227","20.0755","25.4126","28.8920","16.2744","22.2864","32.5489","35.7686","34.7371","56.3373","31.9108","33.5684","25.5382","25.1265","48.6793","16.0610","23.2602","11.0000","92.1878","14.9738","17.7947","51.3060","24.1672","12.9170","11.0000","13.8929","11.0000","11.0000","20.9702","11.0000","11.0000","14.8636","13.7629","41.1884","23.4571","11.0000","11.9138","11.0000","14.8538","16.1515","11.0000","11.0000","13.0316","19.6814","22.5742","31.9493","26.4634","13.7815","16.2930","19.8065","53.5000","11.0000","11.0000","11.0000","11.0000","11.0000","11.1963","56.7746","28.5181","14.5108","18.1825","11.4042","51.3343","11.0000","15.5122","11.0000","54.9677","12.3418","16.4853","21.2640","31.4570","16.4475","12.9504","13.1995","11.0000","11.0000","11.0000","11.0000","11.0000","24.2532","24.1030","30.2956","35.3077","19.6406","21.1242","24.1224","11.0000","11.0000","19.0320","17.1315","93.5080","11.0000","19.9811","23.8599"
"C:\Users\cfg364\Sommerlab Dropbox\Casper van der Luijt\Casper\Data\BioLog\OmniLog\CL3\DATA_2024\08\_RIB40_Aspergillus oryzae__2_30_CL3_769_8#19#2024_A_ 7B_4.OKA","8/19/2024 7:16:29 PM"," 7-B","PM02A","","RIB40","Aspergillus oryzae","",20.2500,"30.2303","21.2468","31.1667","17.8008","20.4060","30.3357","18.6744","22.3320","24.4657","25.3390","27.3576","48.2306","27.1361","27.4280","22.9297","21.2218","52.9634","11.0000","24.0033","11.4540","99.1670","13.6826","17.1666","33.2153","24.0755","11.0000","13.9797","11.7399","12.3381","11.0000","19.7566","11.0000","11.0000","11.0000","15.1106","29.8341","23.2063","11.0000","11.0000","11.0000","22.4779","20.7352","11.0000","11.3818","14.1292","11.8759","13.4113","30.2899","23.6647","11.0000","13.7126","13.5576","52.9650","11.0000","11.0000","11.0000","11.0000","14.3346","21.2277","53.0748","28.9604","15.4700","21.3659","16.5685","54.5360","11.0000","15.7827","12.3562","51.5081","14.4230","18.9121","22.4907","30.8176","13.9760","11.0000","13.1306","11.0000","11.0000","11.0000","11.0000","11.0000","25.1869","22.6022","29.2285","28.9321","14.1383","15.0586","20.5686","11.0000","11.0000","18.5032","12.7716","94.4374","13.0893","22.7386","23.8373"
"C:\Users\cfg364\Sommerlab Dropbox\Casper van der Luijt\Casper\Data\BioLog\OmniLog\CL3\DATA_2024\08\_RIB40_Aspergillus oryzae__2_30_CL3_769_8#19#2024_A_ 7B_4.OKA","8/19/2024 7:16:29 PM"," 7-B","PM02A","","RIB40","Aspergillus oryzae","",20.5000,"30.5109","23.7516","32.3070","17.5161","22.5137","32.2917","16.4211","22.9597","21.1822","31.4747","32.2682","48.6246","26.6679","25.2354","22.9619","19.2537","52.5890","11.8912","23.7445","15.7341","97.3098","17.0523","17.1336","37.2154","25.9029","11.0000","13.3524","13.3163","12.1825","11.0000","18.8585","11.0000","11.0000","11.0000","15.9777","32.9896","23.3331","11.0000","11.0000","11.0000","21.2344","22.5195","11.0000","11.0000","14.6401","13.4330","19.8304","30.6496","23.7564","11.0000","14.0555","15.3258","50.0499","11.0000","12.3282","11.0000","11.2230","11.1308","17.3438","56.8825","31.4291","13.0115","21.4885","18.9196","52.7246","11.0000","15.3737","13.4286","53.0697","12.9514","17.3039","24.4579","28.6325","11.0000","14.3160","11.0926","11.0000","11.0000","11.0000","11.0000","11.0000","24.9628","24.4560","30.3775","31.3086","16.8011","13.9971","20.3525","11.0000","11.0000","16.4224","13.8156","95.3376","12.0286","22.2944","22.3764"
"C:\Users\cfg364\Sommerlab Dropbox\Casper van der Luijt\Casper\Data\BioLog\OmniLog\CL3\DATA_2024\08\_RIB40_Aspergillus oryzae__2_30_CL3_769_8#19#2024_A_ 7B_4.OKA","8/19/2024 7:16:29 PM"," 7-B","PM02A","","RIB40","Aspergillus oryzae","",20.7500,"41.5130","29.9973","34.0012","22.2608","24.0551","35.4021","18.6418","20.9775","29.5403","40.5449","40.6959","61.0348","32.5356","39.1435","26.2417","27.1264","51.2786","14.0237","23.8415","15.6693","91.7383","22.6792","19.8377","49.9098","25.4303","14.8598","14.9207","13.6701","12.4937","12.5799","20.8472","11.0000","11.0000","11.4515","16.4594","45.9729","23.4282","11.0000","14.5571","11.0000","13.8057","17.2293","11.0000","11.0000","21.0582","21.7702","24.3271","34.3768","26.0507","13.2502","14.2738","14.3785","52.9971","11.0000","13.2137","11.9522","13.3259","11.9154","15.5960","59.3575","29.7627","13.1392","22.6846","17.9297","58.0951","11.0000","15.6568","13.5232","57.2448","14.8069","16.2104","28.7669","32.3957","18.1234","11.6508","15.7552","11.0000","11.4120","11.0000","11.9763","11.0000","23.9380","24.2962","31.0917","35.6296","19.9077","21.6773","20.1673","11.0000","11.0000","15.5712","16.1251","98.2957","13.0893","21.5647","29.1215"
"C:\Users\cfg364\Sommerlab Dropbox\Casper van der Luijt\Casper\Data\BioLog\OmniLog\CL3\DATA_2024\08\_RIB40_Aspergillus oryzae__2_30_CL3_769_8#19#2024_A_ 7B_4.OKA","8/19/2024 7:16:29 PM"," 7-B","PM02A","","RIB40","Aspergillus oryzae","",21.0000,"36.1331","23.8975","35.0308","19.3996","19.3265","29.7457","17.9489","22.7836","27.0521","28.8122","30.3573","45.8145","29.3144","30.0440","24.0951","17.9219","55.5476","14.7222","19.2773","15.3972","97.7607","15.0479","18.6087","36.9524","27.3291","17.4737","11.0000","11.0000","11.0000","11.0000","19.2907","11.0000","11.0000","11.4504","16.6500","35.0242","26.4913","11.0000","11.5982","11.0000","26.6484","20.2624","12.4899","11.0000","11.0000","13.8591","19.1021","31.4556","23.7573","11.0000","18.3195","17.1927","54.0025","11.0000","11.0000","11.1584","11.0000","14.8118","20.2748","58.6576","30.0294","13.1418","21.4206","13.9529","52.9231","11.0000","13.1582","11.6321","58.9895","18.1254","22.0627","25.2957","31.2511","13.4918","12.0574","14.0860","11.0000","11.0000","11.0000","11.0000","11.7630","28.7137","25.1688","27.8762","34.5257","16.1603","14.4759","22.8414","12.0133","12.1570","19.3875","15.5896","98.4643","14.2248","20.1637","27.4540"
"C:\Users\cfg364\Sommerlab Dropbox\Casper van der Luijt\Casper\Data\BioLog\OmniLog\CL3\DATA_2024\08\_RIB40_Aspergillus oryzae__2_30_CL3_769_8#19#2024_A_ 7B_4.OKA","8/19/2024 7:16:29 PM"," 7-B","PM02A","","RIB40","Aspergillus oryzae","",21.2500,"36.6599","25.8792","33.8911","20.5995","19.1365","31.0985","16.4739","26.2068","28.5084","33.6308","28.0079","45.1248","31.4012","32.3266","25.4399","19.0650","54.5160","12.8134","18.7255","12.1074","99.5935","11.1316","21.2108","36.0951","25.8131","14.5929","13.9846","11.9362","11.5641","11.0000","17.1460","11.0000","11.0000","15.5038","20.0528","33.9337","26.9656","11.0000","13.1409","11.0000","26.0805","22.6253","13.9481","11.0000","11.0000","14.6389","20.5722","28.6499","25.6541","14.7126","17.8523","14.2064","52.4440","11.0000","11.0000","13.6616","11.4136","17.6136","23.1088","59.1949","31.1705","15.1237","18.4081","16.5017","53.3718","11.0000","12.6504","13.5915","58.8945","18.2532","23.3774","27.2933","33.1913","17.0561","12.9905","14.8266","11.0000","11.0000","11.0000","11.0000","11.0000","26.5035","25.8724","26.7199","35.3868","17.6392","17.3568","21.4574","11.0000","11.0000","15.9006","15.4947","97.9855","12.2577","20.3865","30.1347"
"C:\Users\cfg364\Sommerlab Dropbox\Casper van der Luijt\Casper\Data\BioLog\OmniLog\CL3\DATA_2024\08\_RIB40_Aspergillus oryzae__2_30_CL3_769_8#19#2024_A_ 7B_4.OKA","8/19/2024 7:16:29 PM"," 7-B","PM02A","","RIB40","Aspergillus oryzae","",21.5000,"33.6229","28.8356","34.8680","18.4523","19.7064","31.3562","22.2429","25.0877","23.3783","35.1594","32.2765","47.6538","28.9095","29.8157","25.6640","17.0329","55.2663","14.5950","20.4134","13.5732","97.5316","14.7517","18.9710","35.7983","25.1814","11.9063","13.1677","11.0000","11.0000","11.0000","20.3470","11.0000","11.0000","12.2868","15.6869","32.4797","26.9023","11.0000","14.8410","11.0000","25.2287","20.1679","12.9971","11.0000","11.0000","13.0469","19.2981","28.0626","28.1933","11.0000","18.3195","16.9412","51.1399","11.0000","11.0000","11.0000","11.0000","15.3982","21.0477","60.0166","31.2631","13.1418","21.9739","14.2948","55.1987","11.0629","13.5073","12.1693","59.0845","16.2402","22.8002","26.8251","33.0397","15.8575","11.0000","13.7774","11.0000","11.0000","11.0000","11.0000","11.0000","25.5745","18.5801","26.8762","32.8343","15.6883","17.0124","21.3036","11.0000","11.3214","17.8168","15.3048","97.9217","11.0000","19.7183","26.7761"
"C:\Users\cfg364\Sommerlab Dropbox\Casper van der Luijt\Casper\Data\BioLog\OmniLog\CL3\DATA_2024\08\_RIB40_Aspergillus oryzae__2_30_CL3_769_8#19#2024_A_ 7B_4.OKA","8/19/2024 7:16:29 PM"," 7-B","PM02A","","RIB40","Aspergillus oryzae","",21.7500,"45.9260","30.9473","34.5424","23.2204","26.0067","36.5419","18.0145","24.9889","28.4091","40.8421","41.2106","58.0981","36.3848","35.4245","28.4495","25.7329","54.3597","19.0807","18.0763","14.1595","88.9898","16.7263","21.8037","49.4835","29.9191","19.6424","14.2987","11.2583","11.6581","11.0000","17.4020","11.0000","11.0000","15.4073","13.6966","47.9781","28.4198","11.0000","13.2668","11.0000","19.2659","17.6790","15.0893","11.1276","14.6783","20.8119","20.1475","28.8130","25.6235","11.0000","16.5442","15.2123","55.0840","11.0000","11.0000","12.0139","12.8452","18.1675","22.0783","61.9760","32.5584","15.1877","23.6645","15.8490","55.9679","11.0000","14.8085","16.5622","59.8447","18.0295","17.1566","29.3222","33.6157","19.9265","12.1508","15.5672","11.0000","11.0000","11.0000","12.2379","11.3815","28.6176","21.8105","29.3451","39.5076","21.1947","18.9539","22.0418","12.1717","11.0000","17.0943","20.2426","103.8909","14.1926","23.6638","30.4428"
"C:\Users\cfg364\Sommerlab Dropbox\Casper van der Luijt\Casper\Data\BioLog\OmniLog\CL3\DATA_2024\08\_RIB40_Aspergillus oryzae__2_30_CL3_769_8#19#2024_A_ 7B_4.OKA","8/19/2024 7:16:29 PM"," 7-B","PM02A","","RIB40","Aspergillus oryzae","",22.0000,"46.0388","33.5989","36.9652","26.6987","28.0139","35.8011","20.7341","22.1947","24.2241","40.6550","40.0119","54.8620","31.3287","32.8707","27.1755","24.9219","55.7254","18.6887","21.6218","15.6157","92.2529","23.9232","22.9885","48.2171","26.6071","13.2236","13.9027","14.4440","11.0000","14.0240","20.2246","11.0000","11.0000","14.8125","20.1278","50.0044","25.3902","12.9226","12.3918","11.7362","14.9752","19.7299","11.0000","11.0000","13.4140","19.7739","24.7013","26.5795","26.2189","11.0000","17.3563","15.0956","54.2526","11.0000","11.0000","11.7629","12.7201","14.9974","21.3674","58.3318","32.8413","11.0000","18.6296","17.2889","60.9585","11.3796","14.7056","16.7678","59.9933","16.2271","21.1183","31.2993","33.0237","16.4613","13.1443","13.4413","11.0000","11.0000","13.0565","11.7912","11.0000","26.5175","19.7467","31.0288","36.6173","18.5193","21.6102","22.1663","12.3635","11.0000","13.6297","18.2350","101.5785","16.1994","28.1404","28.6270"
"C:\Users\cfg364\Sommerlab Dropbox\Casper van der Luijt\Casper\Data\BioLog\OmniLog\CL3\DATA_2024\08\_RIB40_Aspergillus oryzae__2_30_CL3_769_8#19#2024_A_ 7B_4.OKA","8/19/2024 7:16:29 PM"," 7-B","PM02A","","RIB40","Aspergillus oryzae","",22.2500,"41.0729","30.9913","33.2465","21.6549","24.3275","33.1599","22.7919","17.6302","22.1641","30.1963","32.1207","49.1567","31.0481","26.8283","23.0592","18.0248","59.8960","16.1575","18.8215","12.6902","101.5882","22.7188","23.6802","33.8902","23.7896","11.0000","11.0000","11.0000","11.0000","14.2130","14.8941","11.0000","11.0000","13.2940","23.2764","38.0233","28.6793","13.6070","12.0438","11.0000","20.0953","22.1479","11.0000","11.8616","11.0000","14.5290","23.1717","28.0524","26.5239","11.0000","15.7672","13.2368","54.3797","11.0000","11.8581","11.0000","13.3254","13.7851","18.9950","55.7234","31.3668","14.6790","19.4636","15.1096","60.4775","11.0000","13.1220","15.4512","60.0568","13.6617","20.9587","25.2220","27.4188","14.2705","14.6670","16.3770","11.0000","11.0000","11.0000","11.4431","11.0000","30.2045","17.9845","28.3665","30.7840","11.1912","19.6189","14.4334","13.6636","11.0000","11.0000","16.3394","100.2946","15.8142","25.5472","26.3965"
"C:\Users\cfg364\Sommerlab Dropbox\Casper van der Luijt\Casper\Data\BioLog\OmniLog\CL3\DATA_2024\08\_RIB40_Aspergillus oryzae__2_30_CL3_769_8#19#2024_A_ 7B_4.OKA","8/19/2024 7:16:29 PM"," 7-B","PM02A","","RIB40","Aspergillus oryzae","",22.5000,"37.2483","29.8324","36.0518","23.1366","23.5714","33.9329","23.9352","21.9615","24.4900","38.1396","35.2042","50.8386","34.2595","27.1239","27.5292","16.0770","65.7785","20.4606","21.1068","15.0631","97.1645","19.4310","23.6472","36.4262","26.7337","12.8966","15.4803","12.6415","11.5015","13.4885","18.3094","11.0000","11.0000","11.9370","24.4532","40.0970","27.9519","14.7475","11.0000","12.0563","21.8126","25.7905","11.0000","12.1807","11.0000","16.7953","24.6687","27.0377","27.7438","11.2244","19.1946","11.5356","56.4756","11.0000","11.8264","14.1788","13.6121","15.7510","19.5474","58.3954","35.2067","16.0866","19.2164","15.1096","62.4015","11.0000","15.5607","17.0186","63.9940","18.4398","23.3845","28.5739","32.0185","12.5241","15.3196","15.6354","12.0249","11.0000","11.0000","14.7661","12.0892","27.3190","20.1312","32.1122","34.9506","13.1984","20.0234","15.1758","11.2220","11.0000","12.6475","19.8147","100.5835","15.5896","24.6934","24.7237"
"C:\Users\cfg364\Sommerlab Dropbox\Casper van der Luijt\Casper\Data\BioLog\OmniLog\CL3\DATA_2024\08\_RIB40_Aspergillus oryzae__2_30_CL3_769_8#19#2024_A_ 7B_4.OKA","8/19/2024 7:16:29 PM"," 7-B","PM02A","","RIB40","Aspergillus oryzae","",22.7500,"40.8744","26.5824","35.2198","20.7871","22.7704","31.3000","23.2323","26.4569","19.6816","34.2200","34.2271","50.4330","33.7656","30.2633","22.9418","17.7075","59.4698","13.6505","20.5625","18.2430","99.0378","17.5912","22.4865","33.2951","26.6399","13.2886","14.8991","14.3525","13.8746","12.4869","14.4228","11.0000","11.0000","14.7577","17.6115","39.5529","25.8167","14.2936","14.9259","11.1928","22.3529","24.6813","14.9096","11.4455","11.0000","12.4340","19.7568","25.5263","23.9177","11.0000","16.2797","15.2986","52.8117","11.0000","11.7923","13.8583","11.0000","14.9192","20.0096","64.4002","31.1130","15.9515","22.6986","15.8030","62.5569","11.0000","17.3879","15.9049","65.2276","14.8967","18.0645","23.5945","30.5234","11.4137","11.8421","17.5394","11.0000","11.0000","11.0000","18.1836","11.2237","26.7739","17.6009","25.0960","31.0225","14.2690","19.6830","15.1343","11.0000","11.0000","12.7966","14.8100","103.8165","14.9212","24.9303","27.3426"
"C:\Users\cfg364\Sommerlab Dropbox\Casper van der Luijt\Casper\Data\BioLog\OmniLog\CL3\DATA_2024\08\_RIB40_Aspergillus oryzae__2_30_CL3_769_8#19#2024_A_ 7B_4.OKA","8/19/2024 7:16:29 PM"," 7-B","PM02A","","RIB40","Aspergillus oryzae","",23.0000,"37.3870","25.8373","36.6502","24.2173","23.6563","36.4318","24.5371","30.8166","19.7150","31.0506","32.4660","52.8049","35.6291","29.6429","23.9101","16.9729","59.8753","14.9597","21.4640","17.4310","100.7979","15.8775","23.1777","33.0960","25.8801","11.8828","14.8362","13.5144","15.2181","11.4429","13.6551","11.0000","11.0000","17.7445","19.6656","38.8613","28.0329","11.0000","20.1394","11.0000","11.0000","24.2410","15.4817","15.3595","11.0000","13.5096","18.7766","27.3298","23.4892","11.0000","17.4044","16.4282","51.4030","12.1562","15.5955","14.4617","11.3508","17.7932","21.0429","64.1800","30.0317","12.6292","23.2790","14.4619","61.9168","12.4850","17.9228","18.7347","68.4007","19.9753","18.8387","27.4358","31.8351","13.3869","12.7779","14.6881","11.0000","11.0000","11.0000","14.4658","11.0000","28.6578","15.4757","24.5658","34.0412","18.9344","20.5576","15.9056","11.0000","11.0000","14.2464","13.2225","105.4516","15.8211","23.5372","27.0656"
"C:\Users\cfg364\Sommerlab Dropbox\Casper van der Luijt\Casper\Data\BioLog\OmniLog\CL3\DATA_2024\08\_RIB40_Aspergillus oryzae__2_30_CL3_769_8#19#2024_A_ 7B_4.OKA","8/19/2024 7:16:29 PM"," 7-B","PM02A","","RIB40","Aspergillus oryzae","",23.2500,"45.9357","37.4673","40.0312","27.3328","27.4849","39.0951","24.6676","28.6698","20.6834","41.5597","41.8698","57.7464","34.3868","33.6262","23.7487","20.8696","59.0644","17.6421","18.2765","17.8208","94.3116","17.9537","23.0460","39.5324","27.3681","16.2639","17.1945","16.5446","16.5929","13.9422","11.8637","11.0000","11.0000","18.5474","20.1791","51.8040","28.6978","14.3588","15.8053","11.0000","11.0000","19.7120","16.8167","13.1956","14.5209","17.4858","24.4947","26.2477","24.8361","11.0000","15.3425","17.4950","53.1318","13.7185","15.3102","13.1596","11.0000","16.7808","21.8502","69.9352","30.2480","18.2835","25.6920","17.1129","65.6291","11.0000","19.0242","17.4770","69.1305","18.5380","16.0323","29.4509","31.1640","13.2596","14.1814","17.4774","11.0000","11.5101","11.0000","15.8836","11.0000","27.8276","20.5632","27.3102","37.3680","18.7757","22.4316","14.9183","11.0000","11.0000","18.3124","20.3344","108.0806","13.9570","29.0144","30.2664"
"C:\Users\cfg364\Sommerlab Dropbox\Casper van der Luijt\Casper\Data\BioLog\OmniLog\CL3\DATA_2024\08\_RIB40_Aspergillus oryzae__2_30_CL3_769_8#19#2024_A_ 7B_4.OKA","8/19/2024 7:16:29 PM"," 7-B","PM02A","","RIB40","Aspergillus oryzae","",23.5000,"43.4359","32.8347","37.7555","23.1159","24.8271","37.4387","24.4066","29.0992","22.8872","34.1199","32.2334","52.3766","32.3680","25.6270","23.9101","14.7370","59.2827","16.6203","19.3068","16.7489","100.5046","18.7446","21.7624","34.4895","28.4762","11.8828","20.2760","15.0940","16.5304","13.2145","15.3824","11.0000","11.0000","19.2861","20.2754","45.4808","29.3626","11.9131","14.8003","13.9248","11.0000","24.9329","15.5135","15.9641","11.0000","13.9333","22.4035","27.5593","25.5095","11.0000","16.2172","15.2986","53.2599","14.0310","13.9474","15.3192","11.0000","16.7154","23.2388","66.6959","28.4560","14.9612","25.5088","13.2455","61.9808","13.2433","16.1607","14.8674","69.8286","20.0392","21.9032","26.4282","30.7369","14.5963","13.1209","16.2067","11.0000","11.0319","11.0000","14.5288","11.8308","16.5560","18.1483","25.3455","34.4725","18.1093","22.3379","13.3448","11.0000","11.0000","12.2292","15.0322","105.4836","15.4997","24.7403","26.7578"
"C:\Users\cfg364\Sommerlab Dropbox\Casper van der Luijt\Casper\Data\BioLog\OmniLog\CL3\DATA_2024\08\_RIB40_Aspergillus oryzae__2_30_CL3_769_8#19#2024_A_ 7B_4.OKA","8/19/2024 7:16:29 PM"," 7-B","PM02A","","RIB40","Aspergillus oryzae","",23.7500,"47.0961","33.5371","39.4372","30.5388","29.2535","40.2612","27.5276","32.5491","25.9291","40.0524","41.4965","59.7152","32.6451","30.7996","25.0788","26.0617","56.7485","19.9336","17.7148","18.0071","95.9545","20.8418","25.5498","47.1094","30.0261","17.3258","17.5025","16.0802","15.2831","18.5375","15.7449","11.0000","11.0000","13.5177","19.6244","55.1807","28.7427","12.4689","15.3958","12.8333","11.0000","21.6719","17.3642","13.1021","13.7128","20.3278","23.0271","32.5012","25.4281","11.0000","14.4920","14.8456","53.1096","11.0000","15.3154","16.2285","13.8613","20.5992","22.1918","64.6772","28.8717","11.7085","21.3734","19.5249","60.3352","12.9207","19.5760","18.5352","67.9882","17.3084","15.6604","32.7917","31.7265","17.9080","12.0928","20.6388","11.0000","11.0000","12.4271","13.0934","11.0000","20.3396","25.0985","27.8072","41.3814","16.7832","25.6444","16.2967","11.0000","11.0000","15.9584","20.6634","112.1068","18.7791","28.9778","28.9224"
"C:\Users\cfg364\Sommerlab Dropbox\Casper van der Luijt\Casper\Data\BioLog\OmniLog\CL3\DATA_2024\08\_RIB40_Aspergillus oryzae__2_30_CL3_769_8#19#2024_A_ 7B_4.OKA","8/19/2024 7:16:29 PM"," 7-B","PM02A","","RIB40","Aspergillus oryzae","",24.0000,"39.1889","28.3774","39.7801","21.4762","24.4367","38.4308","23.4164","31.2065","22.6033","34.1594","33.1621","51.3809","32.6054","26.1149","23.6581","14.6853","59.6401","20.3480","14.7711","14.0404","98.3425","16.9078","22.7645","33.2049","28.0329","13.0790","18.0084","13.6534","12.3814","16.6819","14.2980","11.0000","11.0000","17.6371","20.1391","44.5891","27.8292","13.5587","16.5506","12.6069","11.0000","30.0685","19.2493","11.0000","12.5110","11.0000","20.5027","30.7492","23.1946","11.0000","19.0365","13.1481","51.5265","11.0000","15.8270","16.3121","12.0507","19.1768","19.4407","64.6442","32.1222","12.9337","21.6855","16.8211","60.5775","13.9571","15.0440","14.6471","71.1042","15.6936","20.6964","29.4114","28.8546","13.1326","14.3062","18.7565","11.0000","11.0000","11.0000","14.5245","11.0000","11.0000","19.1644","27.1712","37.3209","15.1012","19.7213","15.1397","11.0000","11.0000","11.0000","16.6662","109.2592","18.2740","21.2905","27.2497"
"C:\Users\cfg364\Sommerlab Dropbox\Casper van der Luijt\Casper\Data\BioLog\OmniLog\CL3\DATA_2024\08\_RIB40_Aspergillus oryzae__2_30_CL3_769_8#19#2024_A_ 7B_4.OKA","8/19/2024 7:16:29 PM"," 7-B","PM02A","","RIB40","Aspergillus oryzae","",24.2500,"40.4345","30.1193","38.3837","26.3113","23.6479","40.0840","22.8710","30.7321","25.3688","36.2782","34.6093","51.6940","33.8106","24.6003","23.5416","17.6292","59.4118","18.5272","21.7534","18.0288","105.1710","22.0759","24.5547","37.0962","30.6271","13.4483","12.5206","12.1876","16.5670","17.6401","14.3181","11.0000","11.0000","15.0378","27.1425","49.8575","30.3153","18.5339","17.3782","14.3745","14.2736","27.8963","16.8673","13.6457","11.0000","18.7043","26.3701","29.0049","24.8847","11.0000","18.2250","15.4032","52.1693","11.0000","11.6088","17.1562","18.6542","22.6385","22.0314","64.3661","33.9489","17.3629","18.0024","15.3529","61.9011","15.6582","15.8712","14.3871","66.8599","21.4023","24.2098","29.8799","28.6077","13.7017","11.0000","15.1994","12.5950","13.2270","11.2221","12.4946","11.0000","17.0179","18.0833","29.0910","35.6359","18.7393","22.9508","13.9666","11.0000","11.0000","11.2854","19.7639","107.7381","17.3366","24.7867","22.3092"
"C:\Users\cfg364\Sommerlab Dropbox\Casper van der Luijt\Casper\Data\BioLog\OmniLog\CL3\DATA_2024\08\_RIB40_Aspergillus oryzae__2_30_CL3_769_8#19#2024_A_ 7B_4.OKA","8/19/2024 7:16:29 PM"," 7-B","PM02A","","RIB40","Aspergillus oryzae","",24.5000,"38.9442","30.1517","40.7578","25.2087","25.6083","39.2154","24.6696","32.3160","24.3472","35.7120","32.7445","54.7758","33.8418","24.1063","26.2429","18.7128","60.2594","19.9306","20.6299","19.0653","103.8109","19.6908","24.5218","34.9270","31.0695","13.7748","17.0823","15.4936","16.4419","16.8180","11.0000","11.0000","11.0000","16.0068","24.6222","49.1014","33.8934","20.2799","15.1679","12.5426","12.8434","30.0201","15.3367","14.9207","12.1613","18.1216","24.5503","27.8242","22.9844","11.0000","16.5122","15.9064","53.6088","11.9413","11.0000","14.4906","17.5788","21.2327","20.1171","66.8636","33.4574","15.3165","17.4111","16.5966","62.2543","17.0746","15.5233","14.4820","70.7452","21.3069","23.2754","30.6912","29.7388","14.9414","13.7168","15.9095","13.6477","11.5090","11.0000","12.3038","11.0000","15.9616","18.2121","27.8808","35.5430","20.2179","24.4758","14.1520","11.0000","11.0000","11.3806","18.2452","106.5521","18.2050","21.2525","22.3404"
"C:\Users\cfg364\Sommerlab Dropbox\Casper van der Luijt\Casper\Data\BioLog\OmniLog\CL3\DATA_2024\08\_RIB40_Aspergillus oryzae__2_30_CL3_769_8#19#2024_A_ 7B_4.OKA","8/19/2024 7:16:29 PM"," 7-B","PM02A","","RIB40","Aspergillus oryzae","",24.7500,"50.7818","37.2700","41.6862","30.9770","31.3676","41.3270","24.1288","35.1504","22.0191","40.5004","43.8345","65.4545","34.6250","33.1371","28.1068","21.2697","58.7694","21.2153","15.6395","18.9901","97.6192","21.5125","23.0463","42.5545","31.6160","18.5783","15.3000","17.9852","17.5993","19.1033","14.1133","11.0000","11.0000","18.7756","22.3170","59.4638","29.1271","13.1885","20.5318","16.9250","13.4750","25.5085","20.0710","13.9064","16.4285","16.5934","24.3646","32.6960","26.7872","11.1279","20.9328","16.1492","54.3999","11.2821","12.9494","14.2360","14.1912","17.4776","20.8214","62.8030","33.7926","14.5529","22.8081","22.2550","64.8602","15.4647","18.3401","18.6902","75.5598","19.2088","23.2478","30.8201","35.1148","15.0289","15.2917","20.3336","11.7969","11.0000","13.4358","14.9867","13.8673","19.6403","26.8822","28.5640","39.5873","19.0989","29.1974","19.6697","11.0000","11.0000","15.0768","19.7883","111.1385","11.7109","29.3157","29.2546"
"C:\Users\cfg364\Sommerlab Dropbox\Casper van der Luijt\Casper\Data\BioLog\OmniLog\CL3\DATA_2024\08\_RIB40_Aspergillus oryzae__2_30_CL3_769_8#19#2024_A_ 7B_4.OKA","8/19/2024 7:16:29 PM"," 7-B","PM02A","","RIB40","Aspergillus oryzae","",25.0000,"50.8215","35.7677","40.9705","31.5166","36.5504","44.3447","19.5546","36.5828","24.7981","38.4442","45.0663","65.7540","36.7576","29.5719","27.6295","22.3142","63.1733","25.3383","15.2861","19.8414","94.8014","22.1627","23.3499","48.5627","35.4956","18.8095","15.7565","11.5187","11.9467","15.1744","15.0079","11.0000","11.0000","17.7465","18.4567","56.7565","35.6541","19.4200","15.1382","15.1518","15.2126","23.7155","22.3249","14.3821","16.5086","12.4354","24.9824","32.4646","25.8345","11.0000","17.5212","14.8143","52.6924","11.0000","16.5158","17.3836","15.5152","20.1106","17.2266","66.7231","29.6837","13.7442","22.2824","17.8182","63.2998","13.1234","16.5071","11.8257","72.6419","20.1169","18.8017","32.0514","31.0633","14.3735","17.2182","18.3782","11.0000","11.0952","15.1834","15.5583","11.7672","18.5244","18.8668","29.0540","41.4492","21.4407","24.4092","19.6358","15.0214","11.0000","18.7577","20.0298","116.2764","19.8334","29.6977","31.1599"
"C:\Users\cfg364\Sommerlab Dropbox\Casper van der Luijt\Casper\Data\BioLog\OmniLog\CL3\DATA_2024\08\_RIB40_Aspergillus oryzae__2_30_CL3_769_8#19#2024_A_ 7B_4.OKA","8/19/2024 7:16:29 PM"," 7-B","PM02A","","RIB40","Aspergillus oryzae","",25.2500,"50.0474","33.3071","39.1116","30.5998","34.7546","47.6985","20.1798","34.6608","24.9301","39.4136","42.7466","65.1960","34.1005","34.7616","29.1091","21.4537","63.9534","24.9909","14.4482","20.9385","94.8991","23.8649","25.2929","45.4134","35.3695","19.7857","17.0795","16.9001","13.3667","16.5975","17.6163","11.0000","11.0000","16.5900","19.8709","55.9590","36.9119","16.3966","16.7492","15.4093","14.4841","25.9392","20.3207","13.2016","15.4455","14.4906","26.4132","28.6960","24.9169","11.0000","16.9595","14.5306","50.0646","11.0000","16.5158","16.0497","15.1018","20.3719","20.6318","64.1845","31.7528","16.6799","23.0530","18.0361","63.5896","15.6271","17.6782","18.6222","77.7735","19.9581","17.7701","37.3690","30.8492","17.2697","17.0325","22.2061","11.0000","13.7301","15.1201","15.7799","12.8541","15.0838","19.8301","28.5258","41.7562","22.5164","28.0975","17.3002","13.1532","11.0000","18.6315","20.8507","116.7233","17.2958","28.6501","29.4258"
"C:\Users\cfg364\Sommerlab Dropbox\Casper van der Luijt\Casper\Data\BioLog\OmniLog\CL3\DATA_2024\08\_RIB40_Aspergillus oryzae__2_30_CL3_769_8#19#2024_A_ 7B_4.OKA","8/19/2024 7:16:29 PM"," 7-B","PM02A","","RIB40","Aspergillus oryzae","",25.5000,"43.2969","30.0371","41.2966","27.4069","29.7454","44.1512","20.6075","35.5887","24.5670","33.2629","36.3177","57.4162","34.5694","29.0170","25.8604","19.5733","66.8242","20.8220","18.4120","18.4539","104.3117","22.6537","25.1941","36.1621","30.1677","17.5405","18.1190","13.3989","12.2938","16.9770","18.4115","11.3852","11.0000","18.0678","21.4137","50.0774","39.3648","16.4616","20.6347","11.0322","18.7601","29.3530","19.0165","12.8506","13.2228","14.4906","24.9824","28.5977","26.0792","11.5787","18.8941","17.7776","53.0129","11.0000","17.0547","15.2557","14.3705","19.8494","20.1454","64.3432","32.6793","17.2542","22.4981","17.3200","60.4336","14.0742","15.2095","11.0000","76.2530","23.9288","22.2835","27.5158","31.6138","12.2730","18.1772","20.7861","11.3855","16.6188","12.5529","16.3497","12.1508","14.2156","21.9172","25.0455","41.4185","17.6441","25.0031","20.9881","14.6097","11.0000","13.3651","23.1239","115.9891","20.2189","24.2376","31.0361"
"C:\Users\cfg364\Sommerlab Dropbox\Casper van der Luijt\Casper\Data\BioLog\OmniLog\CL3\DATA_2024\08\_RIB40_Aspergillus oryzae__2_30_CL3_769_8#19#2024_A_ 7B_4.OKA","8/19/2024 7:16:29 PM"," 7-B","PM02A","","RIB40","Aspergillus oryzae","",25.7500,"49.5829","34.7964","41.7858","35.6895","33.1164","50.0849","22.5158","35.8207","25.5243","41.9541","44.9337","63.0623","36.9139","34.9248","27.9833","25.8519","68.0723","24.2329","13.8681","20.1641","97.5373","23.2757","22.6253","42.5264","35.1173","19.2651","17.8985","14.0473","15.1654","19.2856","15.1988","11.0000","11.0000","17.4895","19.6781","59.2486","38.6730","17.7620","15.2014","14.5081","11.0000","28.1002","20.3207","15.3712","14.1892","13.0878","26.1855","32.0386","25.9874","11.1286","17.3964","14.3730","54.1345","11.0000","17.7838","17.8600","17.6138","21.0903","20.4697","67.1357","32.6175","14.9887","21.2343","19.2814","62.6879","11.1268","17.1085","13.3502","78.3753","20.1169","17.6089","33.5841","30.6351","14.5645","17.7750","17.7299","11.0000","11.9206","13.5037","14.7353","11.2557","16.4664","23.5548","28.3704","44.7029","20.5865","24.5968","18.1607","15.7497","11.1287","19.8614","24.6710","121.0965","16.9746","31.7611","29.3948"
"C:\Users\cfg364\Sommerlab Dropbox\Casper van der Luijt\Casper\Data\BioLog\OmniLog\CL3\DATA_2024\08\_RIB40_Aspergillus oryzae__2_30_CL3_769_8#19#2024_A_ 7B_4.OKA","8/19/2024 7:16:29 PM"," 7-B","PM02A","","RIB40","Aspergillus oryzae","",26.0000,"50.9454","34.3107","41.2314","33.5714","36.7079","49.3432","22.8120","37.0799","24.1709","41.8872","43.3762","63.6203","36.2262","34.5331","29.0447","22.6010","66.3873","23.4433","15.6084","21.8743","97.1790","23.4066","26.8078","46.2335","36.1892","18.6794","18.4340","12.9127","16.3961","17.2616","17.3300","11.1284","11.0000","19.7063","19.2924","60.4449","40.9371","19.2250","21.5192","15.2162","16.9864","23.1205","25.6969","13.2335","17.1851","12.9247","27.9740","34.6275","24.0910","11.0000","18.1764","14.5622","53.9102","11.0000","16.9279","16.9707","11.7949","18.6085","19.3995","65.9933","32.5249","16.4246","22.1591","17.9116","64.4591","14.8665","17.1402","14.7793","79.4207","19.9263","19.1241","33.6154","31.8891","17.8743","18.7959","21.6813","13.7309","15.8570","13.9157","12.9943","11.0000","16.4343","24.7428","28.4326","44.3038","23.4023","25.2531","21.4491","12.3616","11.0000","19.7668","24.8604","120.4581","16.3964","30.5231","35.9290"
"C:\Users\cfg364\Sommerlab Dropbox\Casper van der Luijt\Casper\Data\BioLog\OmniLog\CL3\DATA_2024\08\_RIB40_Aspergillus oryzae__2_30_CL3_769_8#19#2024_A_ 7B_4.OKA","8/19/2024 7:16:29 PM"," 7-B","PM02A","","RIB40","Aspergillus oryzae","",26.2500,"40.5268","32.7957","43.1709","29.2301","28.7295","49.0896","28.9720","35.7939","23.5340","39.5586","35.5542","57.8641","35.5043","27.3233","27.7140","22.2269","67.3877","15.8630","16.5513","14.5151","106.4840","20.5929","28.9996","36.5125","32.0182","17.3026","13.1271","14.8056","17.8720","17.7185","12.7267","11.0000","11.0000","18.4051","19.3888","58.7054","38.3723","16.8143","16.5859","16.1255","15.6299","30.8358","21.9023","14.4763","11.9645","16.7437","21.9340","32.6760","26.8813","12.8192","22.2821","17.5675","53.5032","12.0968","19.6365","20.5477","15.8568","21.4302","22.7106","67.3856","33.8064","14.7098","24.2064","19.3485","64.4478","18.2167","16.5113","17.0620","78.7988","18.6882","22.6412","26.4494","31.7458","14.2859","16.8782","20.1702","15.6542","15.9798","16.3509","14.9921","13.1357","18.0161","23.0608","27.8020","38.0935","25.2308","28.3348","18.7077","11.0000","11.0000","11.0000","20.0026","112.4748","17.5385","25.2894","28.1489"
"C:\Users\cfg364\Sommerlab Dropbox\Casper van der Luijt\Casper\Data\BioLog\OmniLog\CL3\DATA_2024\08\_RIB40_Aspergillus oryzae__2_30_CL3_769_8#19#2024_A_ 7B_4.OKA","8/19/2024 7:16:29 PM"," 7-B","PM02A","","RIB40","Aspergillus oryzae","",26.5000,"52.1630","37.2900","37.8759","35.2128","39.1625","51.8641","25.3851","37.0599","25.8518","40.1657","42.4716","66.8031","34.4409","30.7682","29.8476","18.8698","62.6879","23.2954","11.0000","16.2215","97.4845","21.3038","22.8157","39.5597","38.1747","19.0921","18.1341","14.2160","17.2021","19.4786","16.0496","11.0000","11.5753","18.0051","21.1885","64.2076","36.2965","21.4160","16.8080","17.7364","12.3997","25.2799","22.3737","13.7052","17.2107","20.5451","26.1890","31.9356","24.1399","11.2246","20.3290","14.3445","54.6020","11.0000","19.4174","20.2515","12.2842","21.7376","22.3066","66.3145","36.4712","18.0465","19.4320","23.5765","69.6450","17.0660","16.3169","16.8792","81.2461","18.9391","16.2629","30.5438","32.7033","16.4662","18.2562","21.3244","13.0793","11.0000","13.3208","11.2857","17.0223","21.2995","22.1037","25.7791","45.4636","20.0446","27.5127","18.7524","11.7026","11.2893","14.0191","18.6562","117.9556","14.2544","33.0248","33.7385"
"C:\Users\cfg364\Sommerlab Dropbox\Casper van der Luijt\Casper\Data\BioLog\OmniLog\CL3\DATA_2024\08\_RIB40_Aspergillus oryzae__2_30_CL3_769_8#19#2024_A_ 7B_4.OKA","8/19/2024 7:16:29 PM"," 7-B","PM02A","","RIB40","Aspergillus oryzae","",26.7500,"38.5452","28.2121","41.2190","30.6159","29.5113","47.4674","26.5975","35.4249","22.5367","34.7286","30.8539","57.3433","33.5971","27.6866","26.0332","15.4007","69.7676","19.5146","11.0000","18.7670","99.9041","21.3369","22.5178","30.8719","34.1301","13.1209","17.1599","12.6567","18.5177","18.5330","15.4424","11.0000","11.0000","20.3509","23.9118","58.8538","40.7028","18.3794","15.0307","16.1325","11.6044","30.9101","21.3861","18.2244","16.4384","17.9715","23.9726","27.7880","24.1094","11.0000","22.1327","16.1114","56.7297","11.0000","19.4174","18.6096","11.0000","23.5000","21.6928","64.5025","34.4764","14.9717","24.4975","21.6870","65.7674","18.6457","17.2663","16.8478","81.9127","17.6266","20.3957","30.4496","31.1160","17.4514","16.7741","20.3970","14.8706","11.3525","11.0000","13.4124","15.2060","19.0285","22.1681","23.0607","39.4525","15.1083","26.8273","18.0449","11.0000","11.0000","12.2712","15.8924","113.3374","15.0277","26.4966","27.6357"
"C:\Users\cfg364\Sommerlab Dropbox\Casper van der Luijt\Casper\Data\BioLog\OmniLog\CL3\DATA_2024\08\_RIB40_Aspergillus oryzae__2_30_CL3_769_8#19#2024_A_ 7B_4.OKA","8/19/2024 7:16:29 PM"," 7-B","PM02A","","RIB40","Aspergillus oryzae","",27.0000,"41.2378","31.2381","38.2037","31.4030","31.9162","49.6011","25.1230","33.3895","25.1225","33.8224","28.7781","58.4310","35.8787","28.6045","24.7190","18.8055","71.8038","20.3089","11.2279","17.2658","103.4681","15.7886","24.0072","31.8705","33.6877","15.6987","16.0913","11.0000","18.0165","17.9972","11.9908","11.0000","11.0000","18.1658","23.4312","58.3911","37.0890","18.5753","12.3012","15.3626","12.9405","30.1866","24.2852","16.9832","11.8367","18.8511","25.9935","28.4464","25.0567","11.0000","19.4272","15.4172","57.8411","11.0314","20.4021","18.8622","11.5458","20.7585","19.8515","62.5315","34.2002","12.9538","19.2467","21.4082","66.6967","16.8764","12.5824","20.1489","80.8652","19.8355","20.1696","31.7064","29.0403","15.6717","15.9404","18.9751","13.4311","11.5768","11.0000","11.6983","15.9070","17.9410","19.7221","24.9667","42.2577","17.4331","27.9177","18.4756","11.0000","11.0000","11.0000","17.9891","117.8593","17.7020","23.8663","30.1760"
"C:\Users\cfg364\Sommerlab Dropbox\Casper van der Luijt\Casper\Data\BioLog\OmniLog\CL3\DATA_2024\08\_RIB40_Aspergillus oryzae__2_30_CL3_769_8#19#2024_A_ 7B_4.OKA","8/19/2024 7:16:29 PM"," 7-B","PM02A","","RIB40","Aspergillus oryzae","",27.2500,"42.0115","31.3357","39.7769","30.8992","35.5868","48.7929","27.1874","33.2560","22.1388","34.2923","30.7534","56.8159","35.5974","27.6866","26.0332","19.8977","66.8856","18.5297","12.2047","17.4943","102.8141","16.7794","22.6171","34.5334","33.8773","16.7102","18.7627","12.4293","21.3055","15.5702","12.3743","12.2547","11.2877","19.4190","24.2963","58.4242","40.2590","17.9876","14.8720","17.9288","11.0000","29.2116","25.2729","15.2328","11.1931","15.9843","23.6793","28.4793","25.1483","11.0000","17.8102","16.3638","56.6026","11.0000","19.4809","19.7463","13.7610","21.2480","21.4667","64.7886","33.0034","15.7724","21.3161","17.4431","65.4149","15.6127","16.8865","16.5019","83.4046","20.6358","22.0746","28.4072","30.7802","17.5150","17.3917","18.7897","16.5660","11.0000","11.0000","14.6821","14.6962","15.5740","18.6278","24.7167","39.7916","18.3885","31.0334","20.4752","11.0000","11.0000","11.0000","16.3689","116.5765","13.8355","24.5001","27.1090"
"C:\Users\cfg364\Sommerlab Dropbox\Casper van der Luijt\Casper\Data\BioLog\OmniLog\CL3\DATA_2024\08\_RIB40_Aspergillus oryzae__2_30_CL3_769_8#19#2024_A_ 7B_4.OKA","8/19/2024 7:16:29 PM"," 7-B","PM02A","","RIB40","Aspergillus oryzae","",27.5000,"53.0150","36.3011","46.4923","36.3793","41.4991","55.1933","29.2982","35.8813","23.6871","43.1939","44.0319","66.7200","38.1448","34.0328","27.6390","29.1000","72.5820","24.6637","12.0677","21.3706","99.2137","22.6699","25.1700","42.2920","36.0093","17.1736","12.2684","15.2662","16.6917","20.5344","11.0000","11.0000","11.0000","17.2206","19.0006","66.0645","35.8238","18.1040","17.2695","17.2968","13.1580","23.3403","25.2897","15.0822","13.7146","20.4488","25.0774","34.8410","26.2144","12.2171","19.0592","15.7572","55.4845","12.9990","19.1908","18.2769","18.9191","18.2742","19.9805","65.7272","32.6112","14.1156","21.2175","19.6944","69.4807","15.4527","19.1519","21.6305","83.7757","21.6726","18.6856","33.0442","31.5394","18.3977","12.9924","21.2123","17.2772","11.0000","15.1878","12.5565","13.4315","21.5219","22.1943","24.2989","44.8504","24.1243","30.5934","20.4301","13.2596","11.0000","21.3490","19.6986","122.3630","17.3548","33.4551","31.2056"
"C:\Users\cfg364\Sommerlab Dropbox\Casper van der Luijt\Casper\Data\BioLog\OmniLog\CL3\DATA_2024\08\_RIB40_Aspergillus oryzae__2_30_CL3_769_8#19#2024_A_ 7B_4.OKA","8/19/2024 7:16:29 PM"," 7-B","PM02A","","RIB40","Aspergillus oryzae","",27.7500,"50.6053","38.3420","46.2978","39.4450","41.8145","54.8048","29.4612","42.4986","23.1902","42.7598","45.9574","67.8022","40.2568","36.3425","26.2577","27.8891","69.5917","23.2371","13.5560","22.2484","103.5871","22.4732","28.9926","43.2554","40.9291","17.6636","16.5174","14.9430","18.8808","22.1652","13.3054","12.3389","11.0000","16.8661","21.4524","71.2474","39.4884","20.3851","19.9789","19.1601","15.9507","24.0031","28.5996","15.7201","15.2335","14.9424","23.1503","34.2827","25.3929","12.3132","21.1360","15.7257","53.1197","11.0000","20.7146","17.0430","18.9191","20.5575","19.3645","69.8833","33.1953","12.6060","19.7358","21.8680","69.1929","17.0633","19.7814","22.4144","87.7977","21.2915","17.1033","36.0147","30.4391","16.6197","14.4867","24.7604","15.0148","12.5653","16.5203","12.5565","12.4397","20.7863","25.5749","28.2823","45.0977","22.0588","33.8849","18.8276","12.7822","11.0000","21.6313","21.8812","124.4146","12.7742","31.1114","29.9660"
"C:\Users\cfg364\Sommerlab Dropbox\Casper van der Luijt\Casper\Data\BioLog\OmniLog\CL3\DATA_2024\08\_RIB40_Aspergillus oryzae__2_30_CL3_769_8#19#2024_A_ 7B_4.OKA","8/19/2024 7:16:29 PM"," 7-B","PM02A","","RIB40","Aspergillus oryzae","",28.0000,"49.2236","39.3225","42.2921","39.6450","40.6934","55.2170","27.3977","45.7706","24.9458","46.4387","39.7835","68.5507","42.6664","34.0658","23.7985","27.3914","68.8199","26.3264","19.1069","27.8491","103.7178","22.8303","21.7327","44.2652","41.4539","21.9108","20.4851","20.3164","22.0886","16.3809","14.4935","13.9469","11.0000","16.3830","19.8158","73.3874","41.1648","21.2752","19.4146","20.4395","14.7661","27.0904","26.6866","16.6209","16.9632","18.8938","28.4724","36.6052","25.9659","14.0661","18.5482","19.0307","54.7731","11.8119","23.9662","20.0325","18.6074","20.1227","24.1390","71.6375","35.2321","19.1657","24.0315","21.0504","70.3558","18.5431","17.9455","15.0936","89.2786","20.1106","20.7141","34.7484","35.4497","17.5540","15.1929","21.2948","11.3847","13.8920","21.5067","14.0414","16.7604","20.5319","23.1135","32.0736","47.9220","21.8480","33.6476","20.9175","11.0000","11.0000","22.5152","26.8483","126.9236","18.6042","33.7041","27.6185"
"C:\Users\cfg364\Sommerlab Dropbox\Casper van der Luijt\Casper\Data\BioLog\OmniLog\CL3\DATA_2024\08\_RIB40_Aspergillus oryzae__2_30_CL3_769_8#19#2024_A_ 7B_4.OKA","8/19/2024 7:16:29 PM"," 7-B","PM02A","","RIB40","Aspergillus oryzae","",28.2500,"53.7252","34.0822","45.0104","41.5558","42.3831","60.0051","30.2457","42.2061","27.0589","42.6614","39.5532","68.9261","39.8574","28.5326","28.8954","25.9623","70.0922","27.3913","12.8765","21.2775","99.0413","23.8838","25.7938","47.1415","41.5359","16.8639","15.7479","15.1193","17.9496","18.3309","12.1204","14.5132","11.0000","20.0014","23.9546","73.5514","41.0733","19.6014","16.9757","23.2189","15.6828","29.5149","28.6206","17.2878","14.3066","21.1299","28.3022","30.4369","22.4469","11.0000","17.8020","13.1256","53.8223","11.9437","20.4685","19.1073","11.0000","19.0442","21.4847","68.3516","33.3684","13.6022","22.7506","17.7683","66.0540","19.8641","18.9427","19.1554","87.2130","19.2456","19.5323","36.2286","36.3514","15.4131","16.2915","22.6502","11.1288","12.9781","21.3298","15.9852","12.1507","22.4294","23.6477","25.7209","48.6259","22.7045","35.1523","17.2341","12.0223","11.0000","20.8940","20.5562","123.3260","15.3070","31.6034","27.3209"
"C:\Users\cfg364\Sommerlab Dropbox\Casper van der Luijt\Casper\Data\BioLog\OmniLog\CL3\DATA_2024\08\_RIB40_Aspergillus oryzae__2_30_CL3_769_8#19#2024_A_ 7B_4.OKA","8/19/2024 7:16:29 PM"," 7-B","PM02A","","RIB40","Aspergillus oryzae","",28.5000,"50.3203","34.3246","47.1529","41.2853","44.9912","58.9525","26.3440","41.7053","25.4679","44.2426","43.9630","68.7884","33.7991","33.1368","24.3780","21.1681","72.7107","23.9956","12.1608","25.5068","105.4734","25.9260","24.2057","40.5695","41.5408","16.1043","20.7780","17.6648","22.8030","18.1386","13.0073","14.2406","14.6943","20.5502","19.9280","75.3272","44.8451","19.9876","18.4285","21.0098","15.7205","26.6629","32.5672","16.0211","14.7105","18.2580","26.4510","31.3053","23.1884","12.9851","18.3927","16.1492","56.8333","11.0000","20.2867","21.8683","15.1414","17.2461","17.4448","71.7774","35.0595","17.5852","21.0098","21.2993","69.5427","24.8723","17.7169","17.3216","89.1419","23.7827","21.9485","31.1347","34.7025","19.3973","16.3098","23.0890","12.6051","11.0000","19.9081","14.1308","17.3750","20.6825","25.5701","29.0166","49.9553","23.7677","33.1728","20.2908","11.7970","11.0000","18.9312","20.4494","121.5657","19.5868","28.9658","26.9674"
"C:\Users\cfg364\Sommerlab Dropbox\Casper van der Luijt\Casper\Data\BioLog\OmniLog\CL3\DATA_2024\08\_RIB40_Aspergillus oryzae__2_30_CL3_769_8#19#2024_A_ 7B_4.OKA","8/19/2024 7:16:29 PM"," 7-B","PM02A","","RIB40","Aspergillus oryzae","",28.7500,"47.6680","41.9338","46.5299","39.8991","43.0522","62.3391","28.1437","46.8294","26.8005","47.9105","40.0538","67.7922","34.2748","33.2355","25.6707","26.3323","70.1875","28.6058","11.0000","26.6062","100.5609","22.6038","27.2347","47.5591","42.6019","18.8331","21.1183","15.7340","15.3834","16.8136","14.1697","16.7536","15.1670","19.9399","17.6139","76.5976","41.7751","19.8017","21.6415","21.1259","15.8328","29.8319","33.6865","17.0651","14.6047","22.2124","29.1643","34.9749","23.1333","15.8277","19.0347","18.0598","53.2432","12.8120","25.1635","21.2003","15.3896","19.2157","23.2860","70.5626","35.7510","13.8293","23.0350","21.0391","69.0871","23.1330","20.2006","18.5425","89.8473","19.0537","18.2625","33.0512","34.7325","22.4455","13.8897","22.1168","11.8654","15.5982","21.5586","13.9818","15.6616","21.7433","23.5217","31.0841","50.5991","23.8912","34.2993","19.5890","11.8969","11.0000","21.3490","23.1320","126.8916","18.1119","34.4038","34.5581"
"C:\Users\cfg364\Sommerlab Dropbox\Casper van der Luijt\Casper\Data\BioLog\OmniLog\CL3\DATA_2024\08\_RIB40_Aspergillus oryzae__2_30_CL3_769_8#19#2024_A_ 7B_4.OKA","8/19/2024 7:16:29 PM"," 7-B","PM02A","","RIB40","Aspergillus oryzae","",29.0000,"36.3903","33.3769","45.8827","38.2901","37.2303","57.8120","28.7968","41.5789","28.6768","41.6595","33.7160","59.0372","36.2092","24.5118","23.6438","22.4115","76.5313","23.2736","15.2297","22.2260","107.7725","21.2889","26.3126","36.8084","40.3289","18.5405","19.0129","14.0272","23.8684","14.9075","14.1697","11.8950","15.2942","18.4607","20.6144","68.1260","45.9185","20.3906","17.3282","16.4969","15.2010","32.9914","32.3259","17.8907","15.3771","18.8325","25.4732","31.8151","24.1112","11.0000","20.0936","17.9657","51.3493","11.0000","22.6920","19.3370","15.3260","20.2916","20.3762","67.0217","33.6961","16.0798","21.1168","17.4337","68.3502","24.6692","17.3235","18.4163","90.6736","23.0646","20.2314","30.3650","33.5489","16.6911","14.6043","21.3448","16.4487","14.9640","19.2825","14.0452","13.5862","20.6562","23.0401","29.3431","48.0820","19.4994","29.9718","17.7661","11.0000","11.0000","15.3724","19.7743","120.9928","12.9719","28.8691","29.5385"
"C:\Users\cfg364\Sommerlab Dropbox\Casper van der Luijt\Casper\Data\BioLog\OmniLog\CL3\DATA_2024\08\_RIB40_Aspergillus oryzae__2_30_CL3_769_8#19#2024_A_ 7B_4.OKA","8/19/2024 7:16:29 PM"," 7-B","PM02A","","RIB40","Aspergillus oryzae","",29.2500,"53.7136","41.4032","47.4211","41.6626","49.7649","61.2577","31.7795","47.1392","24.2314","46.4361","43.0107","75.6094","37.9410","35.2820","29.0790","28.4334","74.6705","28.6818","17.9006","26.0180","100.4909","25.4079","27.0340","50.6841","43.2938","18.7536","19.4058","18.3454","20.6648","21.8385","15.7920","16.7888","12.8873","22.3773","22.0247","80.3931","48.3929","22.2479","21.0126","19.3941","18.4023","28.6378","35.4045","19.1700","15.5727","21.8500","25.8154","35.1745","25.0597","12.4841","24.6188","14.2281","58.7792","14.1651","26.3786","16.9904","18.4133","24.0598","21.7759","74.3133","34.7499","20.0758","22.9688","20.4493","72.1980","21.6873","20.1870","20.6162","94.0493","21.6170","15.3410","37.7089","33.1179","18.5345","19.3431","22.9566","17.8826","12.9171","17.8286","15.9382","18.2298","23.0970","22.4700","31.8737","50.3108","22.8427","35.7943","20.4040","13.0089","11.0000","19.2193","25.2331","130.7403","20.4653","33.3584","31.7204"
"C:\Users\cfg364\Sommerlab Dropbox\Casper van der Luijt\Casper\Data\BioLog\OmniLog\CL3\DATA_2024\08\_RIB40_Aspergillus oryzae__2_30_CL3_769_8#19#2024_A_ 7B_4.OKA","8/19/2024 7:16:29 PM"," 7-B","PM02A","","RIB40","Aspergillus oryzae","",29.5000,"53.1093","39.7543","46.2675","45.2889","48.4898","63.3733","32.4069","47.3557","26.7725","44.8284","44.6269","72.7231","40.3714","34.6494","27.4796","30.6665","73.9329","29.6664","14.2643","31.3796","100.7970","25.6789","29.0921","48.8373","42.4615","19.5091","20.3496","18.0403","20.9391","17.4922","19.3675","15.3514","11.8054","22.8988","23.4934","82.4430","47.6281","25.1786","17.4110","21.5467","17.4178","32.3300","35.5621","20.6043","16.0395","25.1949","26.9121","37.4770","23.4504","16.2560","19.9909","18.9737","58.3644","11.0000","25.7567","17.4960","18.3320","24.6645","25.3356","72.3549","36.5958","18.7191","23.6433","23.2486","71.0991","19.6108","20.1765","15.7113","93.8742","24.8193","21.5169","32.7105","32.6029","15.5029","15.7039","18.5587","12.8273","12.5023","20.5566","16.1350","16.3337","25.2390","25.9688","33.4027","48.3346","23.4393","35.0219","23.4399","14.8915","11.0000","19.8804","27.6933","128.3189","18.4000","35.0620","31.9762"
"C:\Users\cfg364\Sommerlab Dropbox\Casper van der Luijt\Casper\Data\BioLog\OmniLog\CL3\DATA_2024\08\_RIB40_Aspergillus oryzae__2_30_CL3_769_8#19#2024_A_ 7B_4.OKA","8/19/2024 7:16:29 PM"," 7-B","PM02A","","RIB40","Aspergillus oryzae","",29.7500,"42.2254","33.1486","45.4542","43.7503","37.9952","60.8517","32.8644","48.2505","26.2446","38.1758","35.8301","68.1135","40.8687","28.4828","26.0340","23.8024","76.4327","26.3500","17.4639","29.3772","105.8947","24.2700","25.4605","37.2382","37.2972","21.2370","19.9731","16.0703","20.5942","17.7139","17.7194","13.8796","11.0000","21.4595","24.3263","73.3478","47.2489","25.8940","18.6805","21.6106","16.1849","31.0125","33.2395","20.6994","15.0704","23.3391","24.1562","31.9406","22.9904","14.7818","21.9820","15.3178","57.7567","11.9122","26.8651","17.0207","19.7665","24.1440","26.0460","71.8496","35.2761","16.8614","23.7667","19.3315","70.3920","20.4655","18.5944","15.2054","94.8895","24.0251","24.4526","27.4160","29.6877","15.4071","14.0528","19.2120","16.8026","13.0457","16.9689","13.9479","13.0760","20.7375","24.9156","28.4759","47.1362","21.2498","36.4569","19.2933","15.8407","11.0000","14.7159","21.3505","127.7410","16.7520","30.8306","27.2736"
"C:\Users\cfg364\Sommerlab Dropbox\Casper van der Luijt\Casper\Data\BioLog\OmniLog\CL3\DATA_2024\08\_RIB40_Aspergillus oryzae__2_30_CL3_769_8#19#2024_A_ 7B_4.OKA","8/19/2024 7:16:29 PM"," 7-B","PM02A","","RIB40","Aspergillus oryzae","",30.0000,"48.2386","38.3433","43.3806","44.0482","46.1266","61.6931","28.8299","48.1850","25.1348","46.3111","45.2335","75.3107","38.9511","30.4107","25.5208","29.3258","77.3242","28.0204","13.2961","27.8110","102.8073","26.1669","25.5528","43.9881","45.9341","21.6963","20.0291","16.7123","23.6637","18.6210","15.0437","13.5971","16.3593","20.3944","21.8381","79.5770","48.5158","21.5204","18.2927","19.6859","19.7554","31.2068","37.6711","15.0764","14.5425","23.0256","21.6446","31.4764","24.4463","11.2253","18.7136","18.2832","60.1497","11.6866","23.1274","22.4394","18.8893","20.7318","19.3314","68.3690","37.6280","12.9851","22.9090","22.3986","73.0898","17.9973","20.4493","20.9915","97.1165","19.6051","19.5206","32.8503","31.9888","22.2368","21.0303","23.6732","15.9288","16.3561","20.5052","13.4669","15.5768","22.1109","21.4247","28.5914","49.4512","24.8283","38.9724","22.2036","11.9274","11.0000","23.4519","24.7524","131.7776","22.1851","32.2373","28.1971"
"C:\Users\cfg364\Sommerlab Dropbox\Casper van der Luijt\Casper\Data\BioLog\OmniLog\CL3\DATA_2024\08\_RIB40_Aspergillus oryzae__2_30_CL3_769_8#19#2024_A_ 7B_4.OKA","8/19/2024 7:16:29 PM"," 7-B","PM02A","","RIB40","Aspergillus oryzae","",30.2500,"40.3168","36.8906","43.4460","48.1399","43.6899","60.4306","31.9435","49.5402","30.4065","44.1771","38.9640","67.3332","40.8724","25.3199","25.8428","28.0829","79.7298","23.0481","18.6644","25.6282","104.7308","28.7382","26.0148","38.6835","44.6367","22.1501","19.9344","17.6482","23.9451","18.4940","20.9022","15.3286","17.9766","21.4239","29.6530","80.2342","51.1075","30.1459","16.1775","22.3462","17.7325","31.1441","37.5131","19.1847","14.8645","26.4199","27.5220","31.9343","25.0295","13.8640","18.8386","21.2969","61.5476","16.0874","23.1274","21.8690","16.6535","23.4097","23.5622","71.6372","36.5801","15.3864","27.2479","23.2968","69.9549","26.8627","19.6619","19.1634","101.4303","18.6704","23.2503","32.8190","32.2637","18.8404","17.7386","28.2985","18.5853","18.8598","17.9302","19.9187","13.9765","19.2291","20.3629","28.1235","48.0934","29.9825","39.5014","22.0498","11.0000","11.0000","19.3642","23.2068","130.0770","21.6723","33.2214","30.6759"
"C:\Users\cfg364\Sommerlab Dropbox\Casper van der Luijt\Casper\Data\BioLog\OmniLog\CL3\DATA_2024\08\_RIB40_Aspergillus oryzae__2_30_CL3_769_8#19#2024_A_ 7B_4.OKA","8/19/2024 7:16:29 PM"," 7-B","PM02A","","RIB40","Aspergillus oryzae","",30.5000,"44.0088","36.5246","52.2061","46.3170","48.1044","66.3069","35.5483","55.9195","23.6876","45.9961","31.7407","70.3404","39.4868","28.9614","25.0424","27.9399","78.1562","25.8799","21.7278","29.3949","107.7113","27.2181","25.9469","38.6420","45.3489","20.8633","19.5308","20.0861","24.9447","18.3630","19.2722","15.8037","15.6411","23.0198","24.3876","79.2376","50.3794","28.7111","21.2194","25.0607","15.3637","36.3465","42.4627","19.4007","12.9053","28.8544","26.7796","37.3939","26.6797","17.1617","25.4524","23.7240","55.3601","14.1745","26.7865","24.2043","18.0227","24.5082","27.1751","71.2112","39.8442","18.7800","25.7647","23.1473","70.4807","25.4437","18.6863","20.9733","102.5585","22.5272","28.2393","31.3932","34.8904","17.2095","22.3449","23.6556","19.8050","15.7835","23.1302","20.5342","13.1685","20.4870","25.5833","26.7257","48.0116","23.8576","40.6389","23.2149","14.7373","11.0000","18.5483","23.4150","130.3493","20.9722","29.6824","30.6903"
"C:\Users\cfg364\Sommerlab Dropbox\Casper van der Luijt\Casper\Data\BioLog\OmniLog\CL3\DATA_2024\08\_RIB40_Aspergillus oryzae__2_30_CL3_769_8#19#2024_A_ 7B_4.OKA","8/19/2024 7:16:29 PM"," 7-B","PM02A","","RIB40","Aspergillus oryzae","",30.7500,"44.4792","35.9258","51.2584","47.7952","49.1640","63.6397","34.6184","49.4705","28.0677","42.1580","35.1572","65.5220","39.2875","27.7478","24.9101","27.0016","81.5833","27.0041","21.7382","28.5504","110.3778","28.8563","28.7622","44.2748","47.0923","18.8279","19.4024","20.0680","25.0048","21.7191","18.7829","18.3232","14.2938","23.6107","26.7217","79.5876","54.5313","26.7371","19.7283","24.4926","16.6230","36.7557","42.1339","20.2917","16.8228","21.7948","26.0329","32.4726","27.1064","18.1138","18.8338","20.7553","58.4996","12.7583","27.6311","20.7125","22.0196","20.7799","21.5515","69.4466","36.6254","15.7025","24.9954","20.3725","72.5914","28.7490","20.1688","20.3745","103.8755","30.3269","27.9140","30.8619","33.5520","16.8434","18.5284","25.1035","14.6207","16.6662","21.1982","17.8421","16.4467","21.7688","23.4727","31.4872","54.1542","25.1372","41.5807","23.2242","16.3701","11.0000","20.9746","23.3670","129.2735","18.7525","28.9779","34.1683"
"C:\Users\cfg364\Sommerlab Dropbox\Casper van der Luijt\Casper\Data\BioLog\OmniLog\CL3\DATA_2024\08\_RIB40_Aspergillus oryzae__2_30_CL3_769_8#19#2024_A_ 7B_4.OKA","8/19/2024 7:16:29 PM"," 7-B","PM02A","","RIB40","Aspergillus oryzae","",31.0000,"53.9650","40.9369","49.7012","53.1729","53.4780","69.5604","32.7814","53.7487","24.1495","45.2369","46.4528","75.5045","40.4115","34.4141","29.7079","33.5362","82.3647","27.8648","17.6952","30.1518","101.4978","28.7586","27.5361","48.4055","51.6354","18.7624","21.0074","16.8618","23.6576","21.6874","18.8786","19.3145","18.6110","22.8708","27.9089","88.8225","54.6895","22.2361","21.7207","26.6501","19.6728","30.4105","44.0045","18.7325","17.0492","24.2556","24.6842","38.0699","26.9535","18.8187","18.5205","20.5044","61.6364","11.8477","25.9458","21.7282","19.8284","24.3658","21.2575","73.7008","39.8209","17.1197","28.9019","24.2958","73.2665","29.8504","22.1358","23.0485","104.3198","25.8448","22.9714","36.8425","34.9902","17.2585","20.2944","25.1656","17.4724","15.9978","26.2657","18.4756","15.2933","24.5489","25.5247","31.2070","57.8093","26.3048","41.7372","26.6903","17.7364","11.5515","26.8531","25.6759","135.0280","19.5601","32.2930","34.6008"
"C:\Users\cfg364\Sommerlab Dropbox\Casper van der Luijt\Casper\Data\BioLog\OmniLog\CL3\DATA_2024\08\_RIB40_Aspergillus oryzae__2_30_CL3_769_8#19#2024_A_ 7B_4.OKA","8/19/2024 7:16:29 PM"," 7-B","PM02A","","RIB40","Aspergillus oryzae","",31.2500,"45.2542","36.2815","48.3388","50.6570","49.1011","65.3221","33.4703","53.8814","29.2964","43.8313","33.3246","66.6165","38.6943","30.8346","24.1052","29.0417","79.7077","25.2506","18.6655","30.7728","109.7901","25.9237","25.8791","40.7670","49.0484","18.1074","22.8956","21.3311","24.5662","22.0985","20.5373","17.7476","12.5989","23.2568","24.3153","82.2825","56.1448","27.9198","18.2736","23.1401","16.3689","34.3489","43.0216","19.6871","15.3995","23.5338","22.0855","35.1894","25.8227","17.8254","18.3324","25.8055","59.9720","12.4443","25.5960","18.1098","17.4466","22.9314","24.1322","71.5419","34.2595","15.4449","26.2566","22.8635","71.1770","26.5776","17.7893","21.5070","104.0977","25.3680","28.5880","32.9393","31.3182","16.8753","21.4716","26.0044","17.8249","18.4807","19.8680","17.6837","15.1331","25.3477","25.4926","29.8059","54.7378","26.3995","40.6730","21.4293","14.5271","11.0000","21.3186","24.8219","130.7844","17.9773","26.2685","31.4808"
"C:\Users\cfg364\Sommerlab Dropbox\Casper van der Luijt\Casper\Data\BioLog\OmniLog\CL3\DATA_2024\08\_RIB40_Aspergillus oryzae__2_30_CL3_769_8#19#2024_A_ 7B_4.OKA","8/19/2024 7:16:29 PM"," 7-B","PM02A","","RIB40","Aspergillus oryzae","",31.5000,"53.0040","41.3895","48.3063","53.1729","55.3358","68.2016","30.4524","54.1799","28.3998","48.7175","46.3528","74.4432","40.6301","38.7816","27.2285","33.7593","78.3010","31.7861","16.6279","28.9752","104.5666","29.5732","28.5965","50.4381","55.2321","18.6969","22.8956","18.1897","21.8717","20.7705","15.7208","18.1313","15.3172","20.2972","24.9891","92.2403","55.6070","25.0944","19.8232","26.2637","17.1313","32.4422","48.8236","19.1780","18.9578","23.8291","23.5987","33.2582","24.1724","18.4342","17.2670","21.2572","59.1718","11.8791","24.5148","21.5060","18.6216","24.4636","19.6568","74.0817","37.3321","17.9572","23.2729","19.1892","73.7165","29.1266","22.0723","26.1314","108.5717","27.2117","23.5170","35.6463","32.2056","18.3441","21.5026","26.3150","16.9918","16.7936","25.3155","12.4571","15.4855","24.5489","27.6088","32.5458","54.0314","28.4822","42.3945","20.5627","17.1645","11.0000","26.0401","26.2136","131.4595","19.6893","32.0380","33.8285"
"C:\Users\cfg364\Sommerlab Dropbox\Casper van der Luijt\Casper\Data\BioLog\OmniLog\CL3\DATA_2024\08\_RIB40_Aspergillus oryzae__2_30_CL3_769_8#19#2024_A_ 7B_4.OKA","8/19/2024 7:16:29 PM"," 7-B","PM02A","","RIB40","Aspergillus oryzae","",31.7500,"54.0880","40.6429","50.3723","53.4906","53.8317","71.3267","35.1574","58.1267","27.4297","45.7822","44.9615","76.7581","38.5946","32.5515","26.7061","34.8148","79.1048","34.7909","18.3761","34.3975","104.8460","29.3942","25.5452","45.2271","55.3110","22.8164","19.9152","19.2358","24.1710","22.7625","16.6718","16.2759","14.8520","21.1642","22.9700","92.2964","56.7595","27.3107","23.2123","21.3264","19.5051","28.1943","47.8669","19.2203","19.4088","23.3259","26.8833","34.5437","26.5969","16.4454","23.7960","21.9601","56.3508","14.2909","27.8081","18.9220","16.3253","26.2111","26.4914","74.4755","39.1180","17.3721","22.5709","18.6723","78.7855","26.3142","22.3966","20.5097","104.2981","23.8224","23.9264","36.7747","34.5009","17.4331","18.0807","25.1429","18.8350","19.1420","25.6004","21.3391","20.5441","23.9585","26.4656","35.9689","56.1898","24.3182","44.7553","23.0756","18.7336","12.1918","20.6332","30.5052","133.4347","23.2624","31.9833","28.7251"
"C:\Users\cfg364\Sommerlab Dropbox\Casper van der Luijt\Casper\Data\BioLog\OmniLog\CL3\DATA_2024\08\_RIB40_Aspergillus oryzae__2_30_CL3_769_8#19#2024_A_ 7B_4.OKA","8/19/2024 7:16:29 PM"," 7-B","PM02A","","RIB40","Aspergillus oryzae","",32.0000,"41.3949","35.8211","46.5359","52.8921","48.7462","65.6106","35.1574","56.6726","30.0638","42.4616","34.7365","68.9636","38.8443","29.5857","25.7386","30.7341","83.2210","29.7472","21.0613","31.1714","110.5584","25.9186","27.2721","37.4588","51.5499","20.9609","18.3401","16.6197","24.5144","23.2368","18.1694","13.4449","15.4298","22.1614","22.9378","84.4491","59.0063","29.4811","21.0665","22.6212","17.0073","31.4439","48.7862","17.2448","17.5153","25.9742","25.7418","29.6579","24.9149","16.4132","22.3052","22.5864","58.2045","14.7611","30.5088","18.7953","18.0153","24.2568","29.4222","71.0161","36.5338","15.6986","23.0041","18.9530","74.0942","31.6615","22.2384","17.8243","107.7796","20.7451","26.0113","29.6569","32.8528","16.2169","18.7950","25.3910","19.7268","20.9161","23.4739","20.9318","19.4625","21.6811","22.8474","29.2214","50.3290","23.9669","45.5006","23.9736","18.6702","11.0000","15.8956","24.5374","130.1222","18.0485","28.8723","32.4192"
"C:\Users\cfg364\Sommerlab Dropbox\Casper van der Luijt\Casper\Data\BioLog\OmniLog\CL3\DATA_2024\08\_RIB40_Aspergillus oryzae__2_30_CL3_769_8#19#2024_A_ 7B_4.OKA","8/19/2024 7:16:29 PM"," 7-B","PM02A","","RIB40","Aspergillus oryzae","",32.2500,"40.3994","35.7240","46.0807","55.5064","52.6314","66.3856","37.8452","55.1194","29.3394","40.5498","36.6620","67.2461","38.4385","29.2232","23.8358","30.6703","82.7221","30.7940","20.7701","34.8211","109.4812","25.9842","23.2871","38.3551","49.5272","20.4076","23.2230","19.0743","28.0412","23.2684","16.8948","16.2759","15.3656","22.4508","24.1606","85.5654","58.1203","30.1059","21.4136","19.1251","19.6631","31.3177","49.5153","18.2326","16.6166","27.8051","30.2752","36.2816","23.0799","16.7676","20.6901","22.3672","59.1952","13.9775","29.3014","20.0628","20.2156","23.5402","27.5221","73.3646","35.1187","14.6044","24.5510","22.0718","75.0835","28.2759","19.1043","20.2570","107.8435","21.1618","25.4019","30.6916","31.7235","16.5049","17.3665","27.3139","19.5357","20.2192","23.8230","20.9631","21.8167","18.9547","25.8892","28.6928","52.7967","18.8248","43.5132","22.4254","14.3914","11.0000","16.5904","26.1079","132.0840","19.9152","28.8723","29.1597"
"C:\Users\cfg364\Sommerlab Dropbox\Casper van der Luijt\Casper\Data\BioLog\OmniLog\CL3\DATA_2024\08\_RIB40_Aspergillus oryzae__2_30_CL3_769_8#19#2024_A_ 7B_4.OKA","8/19/2024 7:16:29 PM"," 7-B","PM02A","","RIB40","Aspergillus oryzae","",32.5000,"51.1947","41.4519","51.2176","57.7743","58.9487","71.4882","36.4358","60.0435","28.0553","46.7549","46.1234","76.5269","38.0639","34.1333","29.4474","36.6639","80.6016","33.4269","21.7083","37.4607","104.7481","27.6892","25.8441","44.5963","59.1669","19.9844","21.7738","17.6532","24.4519","20.6440","14.0589","16.5333","13.8569","22.3865","24.9972","93.9380","55.8734","30.9938","18.3526","25.3728","20.6749","28.9831","53.0974","19.3796","19.0558","25.9088","28.1226","36.1505","26.6581","17.0576","22.0878","18.1397","60.7612","12.8178","32.4470","21.6472","16.7398","24.1917","29.8409","73.4281","40.3178","14.3470","24.8913","23.2569","76.6154","28.5290","21.8268","19.3408","107.3964","25.1367","26.6528","40.1925","36.0574","15.5448","20.1615","24.1814","20.3638","17.3679","29.7901","20.4305","21.5622","26.6849","27.2021","33.3259","54.5549","24.4140","50.2828","23.1685","17.2122","13.8990","20.9807","29.3431","138.7734","22.1037","32.8405","32.1088"
"C:\Users\cfg364\Sommerlab Dropbox\Casper van der Luijt\Casper\Data\BioLog\OmniLog\CL3\DATA_2024\08\_RIB40_Aspergillus oryzae__2_30_CL3_769_8#19#2024_A_ 7B_4.OKA","8/19/2024 7:16:29 PM"," 7-B","PM02A","","RIB40","Aspergillus oryzae","",32.7500,"48.7992","37.8598","49.6245","57.8372","58.3802","69.5182","31.8141","62.4891","28.2858","43.8032","46.3890","79.7306","44.3382","35.3196","30.4149","36.6957","81.9113","33.9978","19.3467","35.3751","104.2911","30.0827","23.3867","48.8788","58.6928","21.1563","15.4103","18.5899","24.6392","20.6124","17.7551","17.5949","15.8471","22.9977","24.2249","95.4156","61.1899","28.2973","20.7824","24.0455","20.2006","28.2259","53.0023","17.9777","18.8311","29.1456","28.3183","33.9863","22.4377","17.6698","21.8704","19.1104","60.2179","12.4731","28.7613","19.8093","16.6122","25.3643","28.0696","71.1113","39.7333","18.1445","22.6638","20.7931","73.5516","28.4341","24.2644","21.7419","107.7158","21.3221","24.5358","34.9247","35.6302","16.9530","17.9565","25.1119","21.0644","20.9795","26.2353","21.0571","19.4943","25.1453","26.0493","31.0560","56.1281","23.4878","50.8418","22.9518","17.3073","11.0000","22.0861","29.3745","136.7151","20.1727","32.1103","35.0267"
"C:\Users\cfg364\Sommerlab Dropbox\Casper van der Luijt\Casper\Data\BioLog\OmniLog\CL3\DATA_2024\08\_RIB40_Aspergillus oryzae__2_30_CL3_769_8#19#2024_A_ 7B_4.OKA","8/19/2024 7:16:29 PM"," 7-B","PM02A","","RIB40","Aspergillus oryzae","",33.0000,"57.9124","41.5655","48.7654","60.9555","62.6175","75.4930","42.7908","62.3550","31.1831","49.2880","44.0607","81.0243","43.2714","32.9216","34.1412","39.2187","82.4280","34.7678","20.9332","40.1880","104.3347","28.6344","27.3423","47.6180","58.0152","24.6230","20.5509","18.5633","26.6853","23.3188","17.8163","19.4795","18.7487","23.2383","23.8065","102.2214","60.9499","29.2898","24.5155","29.4713","21.1311","32.7185","58.7809","22.2110","18.9050","27.5099","26.7468","36.8991","24.8694","20.8636","24.0932","17.5757","61.4307","16.2017","30.6980","21.7076","15.6774","25.1113","25.3875","78.0105","39.2206","19.1429","26.1753","27.8357","77.9880","34.6951","25.6682","20.7447","114.3553","22.1994","20.9901","41.1090","34.4631","24.3059","17.1743","28.1458","21.0756","13.1163","29.1581","19.8719","16.8625","26.1317","26.6493","33.6985","56.5214","30.5649","50.3536","23.3117","12.4359","11.1930","21.6646","24.9747","137.3106","23.2457","33.8437","34.4784"
"C:\Users\cfg364\Sommerlab Dropbox\Casper van der Luijt\Casper\Data\BioLog\OmniLog\CL3\DATA_2024\08\_RIB40_Aspergillus oryzae__2_30_CL3_769_8#19#2024_A_ 7B_4.OKA","8/19/2024 7:16:29 PM"," 7-B","PM02A","","RIB40","Aspergillus oryzae","",33.2500,"45.3941","32.0685","46.6401","58.8740","55.1038","71.5755","41.3016","56.0063","30.0618","46.3889","36.5439","69.9057","39.9137","25.6586","30.1513","32.1481","84.8173","32.1058","21.1267","37.0642","112.5003","25.4162","23.9943","39.8326","54.0684","23.0375","19.9520","17.8199","26.6229","21.2133","17.8800","14.3278","17.1862","23.3989","23.5806","91.4258","62.1790","33.0003","19.4040","26.7134","19.7381","33.0319","57.1682","21.2264","11.6453","26.8220","25.0117","33.0779","23.7008","18.6219","21.0070","18.3623","59.2976","12.5041","31.8417","19.3564","17.1190","22.7322","27.5960","72.3552","35.9313","17.9567","26.6053","25.9204","77.3834","34.0019","24.5060","17.8656","114.3869","20.8837","24.1805","34.1608","31.0324","24.0531","19.3771","28.1458","18.9006","13.1484","25.9518","20.2179","17.1174","19.0937","24.1800","31.0281","56.1518","28.8293","47.7342","25.7554","15.3397","13.3482","14.0063","24.9117","137.4709","20.1602","30.2318","28.0583"
"C:\Users\cfg364\Sommerlab Dropbox\Casper van der Luijt\Casper\Data\BioLog\OmniLog\CL3\DATA_2024\08\_RIB40_Aspergillus oryzae__2_30_CL3_769_8#19#2024_A_ 7B_4.OKA","8/19/2024 7:16:29 PM"," 7-B","PM02A","","RIB40","Aspergillus oryzae","",33.5000,"55.7872","41.6140","51.6057","59.8621","61.0411","73.8182","37.8036","57.5083","29.0068","48.0785","44.3092","77.8687","38.4537","34.4458","29.9352","37.0549","87.0940","30.0471","18.1666","38.4404","105.9108","29.5138","28.6493","47.7198","58.2364","18.9317","23.5473","17.6315","23.6415","23.1690","16.9148","16.9719","12.2822","21.4619","24.9376","95.5434","60.9199","28.2975","21.8425","29.1996","15.4888","30.4647","62.1040","19.4725","16.8025","28.4260","26.7311","36.3575","26.1917","16.1439","22.0616","18.4020","58.3429","11.4722","34.4968","19.2354","15.2874","24.6812","21.9425","75.1259","37.2950","20.2620","25.9583","22.3043","70.8027","35.1592","25.7368","21.4415","114.5864","23.4104","26.1250","34.1852","36.6699","21.1486","21.2727","30.6776","20.9151","15.0976","29.7379","20.4157","19.4253","22.4623","27.9859","29.1217","56.5247","29.2360","50.0469","26.2733","16.6743","13.8378","18.7595","29.4233","139.7372","19.8730","33.7831","29.7431"
"C:\Users\cfg364\Sommerlab Dropbox\Casper van der Luijt\Casper\Data\BioLog\OmniLog\CL3\DATA_2024\08\_RIB40_Aspergillus oryzae__2_30_CL3_769_8#19#2024_A_ 7B_4.OKA","8/19/2024 7:16:29 PM"," 7-B","PM02A","","RIB40","Aspergillus oryzae","",33.7500,"47.6385","36.5279","52.3829","62.1545","52.3093","75.0132","42.2490","58.6735","28.3767","43.8696","34.3597","71.9299","37.7657","26.6746","29.5827","32.9460","89.0745","29.9829","21.6039","36.3221","112.3206","30.1668","26.3773","40.7916","55.2125","14.5398","19.9849","16.0711","25.7799","21.0513","17.8100","14.8207","13.7248","18.2329","24.1956","88.2637","65.2567","33.6046","21.6218","28.3621","16.5712","35.6907","61.7553","18.1617","15.3841","30.2175","27.7449","32.3709","24.3540","14.0410","22.0926","21.1423","61.6013","15.9107","32.8818","16.7871","17.3352","23.7320","25.2644","75.8209","37.5721","18.2180","27.8088","22.9876","75.4843","36.1959","23.9065","18.1508","116.2084","22.4804","27.7524","32.6144","33.4421","19.7170","20.2175","29.8745","20.1450","15.2897","27.2289","17.4456","20.3508","24.4473","24.4992","28.2767","52.4423","26.0700","45.5307","25.0391","17.8472","11.0000","13.3754","26.3896","139.0303","20.7119","31.5997","29.7742"
"C:\Users\cfg364\Sommerlab Dropbox\Casper van der Luijt\Casper\Data\BioLog\OmniLog\CL3\DATA_2024\08\_RIB40_Aspergillus oryzae__2_30_CL3_769_8#19#2024_A_ 7B_4.OKA","8/19/2024 7:16:29 PM"," 7-B","PM02A","","RIB40","Aspergillus oryzae","",34.0000,"45.5941","36.0629","50.2964","61.7158","54.4965","73.6656","37.4191","65.7333","27.3322","47.5247","37.4124","72.3761","39.7145","30.9249","24.8538","32.7792","88.0712","28.5644","25.9886","44.1165","112.6523","24.7690","28.7944","43.0885","59.1894","17.3438","24.9965","21.1467","28.5284","25.1383","20.0446","20.4657","18.1980","18.3871","26.6980","93.1907","58.6758","42.0072","21.5629","30.4286","20.7792","35.1855","60.9944","19.5235","12.6827","31.4324","24.5072","33.5768","25.0235","19.6389","23.2820","19.4158","59.7752","16.6119","36.6343","22.1526","20.9764","22.4344","28.2599","76.1444","34.6919","17.7359","28.4370","21.8077","74.5847","36.3445","22.9232","24.2980","116.8242","30.7365","29.4183","38.5541","33.9919","21.9513","17.9260","30.3490","22.4270","17.3290","27.2643","16.5404","22.1800","20.8718","27.2402","31.9052","55.9605","25.3036","53.3783","25.2938","14.9908","11.0000","20.1503","22.6247","137.2290","21.9048","26.4708","31.8388"
"C:\Users\cfg364\Sommerlab Dropbox\Casper van der Luijt\Casper\Data\BioLog\OmniLog\CL3\DATA_2024\08\_RIB40_Aspergillus oryzae__2_30_CL3_769_8#19#2024_A_ 7B_4.OKA","8/19/2024 7:16:29 PM"," 7-B","PM02A","","RIB40","Aspergillus oryzae","",34.2500,"52.3882","37.2017","46.9191","62.7709","61.6551","78.3232","35.1410","62.5967","32.5816","48.1699","38.3310","82.6020","42.9598","37.1303","32.3079","40.1314","83.9748","37.3845","23.2425","43.4244","106.6726","27.7336","30.0505","45.4148","64.5220","17.9263","20.0204","22.1564","27.4174","24.6171","14.4138","14.6286","15.4680","21.8258","25.7434","99.3955","61.6629","36.9654","22.5104","27.5237","18.3238","28.6991","58.6854","18.6946","17.9910","30.9543","27.4089","34.8628","23.2234","21.2394","20.2939","21.2568","55.9377","16.5467","32.2944","25.2340","18.5796","22.3077","26.0709","76.0686","38.1768","16.4586","22.7489","20.7326","75.1425","38.1116","26.4838","22.3270","119.2960","25.7047","23.9393","37.2291","31.6783","21.5404","18.5653","28.2477","22.8599","16.6310","30.0337","16.6239","21.2974","22.8582","24.4143","30.6927","59.1255","28.0089","54.1051","25.5434","15.8122","11.0000","22.0583","30.1660","138.6349","21.8752","33.7945","32.1122"
"C:\Users\cfg364\Sommerlab Dropbox\Casper van der Luijt\Casper\Data\BioLog\OmniLog\CL3\DATA_2024\08\_RIB40_Aspergillus oryzae__2_30_CL3_769_8#19#2024_A_ 7B_4.OKA","8/19/2024 7:16:29 PM"," 7-B","PM02A","","RIB40","Aspergillus oryzae","",34.5000,"43.1389","34.8021","50.3555","63.9990","53.8277","77.9997","42.0149","63.1615","28.9517","44.4730","34.3550","72.8545","42.4930","31.8455","27.2545","37.9983","87.3740","34.3158","23.9532","40.7549","114.2162","26.9789","30.4453","40.2295","55.7552","15.9896","22.2282","21.1946","27.8255","23.1987","18.2104","17.7435","18.8828","23.0786","27.7902","96.9465","58.3109","39.5326","20.5236","29.5891","22.3185","35.8608","61.9885","17.0595","16.6379","32.9950","26.2019","31.6789","24.6020","20.2475","22.8427","24.9467","57.4453","15.2932","35.9440","21.3204","18.9299","25.9249","27.2053","75.9093","38.2076","16.9402","25.0059","23.4378","77.3211","38.7099","27.0830","22.1062","118.2809","26.0555","25.9349","37.2605","28.4734","19.2087","20.2847","27.9381","22.8599","16.3765","27.4469","17.4500","22.2538","22.9546","25.1237","28.8826","57.1164","23.2311","54.2922","27.7974","11.4780","11.0000","13.8200","25.6192","137.7037","22.6152","29.2547","31.2455"
"C:\Users\cfg364\Sommerlab Dropbox\Casper van der Luijt\Casper\Data\BioLog\OmniLog\CL3\DATA_2024\08\_RIB40_Aspergillus oryzae__2_30_CL3_769_8#19#2024_A_ 7B_4.OKA","8/19/2024 7:16:29 PM"," 7-B","PM02A","","RIB40","Aspergillus oryzae","",34.7500,"44.2347","37.6919","54.2981","65.8023","58.3557","75.4674","39.1175","62.3941","30.7184","46.4444","39.3996","71.2347","41.2018","31.6146","27.6717","39.1339","87.1521","33.0730","24.9052","45.1262","113.8168","28.1588","28.2577","43.6190","66.1699","19.6589","24.4490","17.0270","27.1484","23.4416","18.2641","17.1631","18.1909","22.8627","30.4488","94.9866","63.9344","38.1882","22.9209","31.9552","19.7577","36.7025","64.0655","22.1926","16.4173","29.9540","28.3149","35.5205","27.3932","20.1678","21.3864","18.7656","61.2558","14.7410","35.3318","21.3094","18.1757","21.9998","24.0950","73.2613","39.7420","16.2283","27.3355","23.5986","75.5756","38.1236","23.9725","21.4622","124.5932","23.5377","24.2020","32.0642","32.3829","22.9598","16.7474","31.6158","21.5227","18.2573","32.1788","19.6857","22.2860","21.1535","26.4569","28.2587","62.4509","25.4170","54.4489","25.2152","12.5664","11.3536","15.6693","27.0705","141.0791","16.2257","31.0967","31.5980"
"C:\Users\cfg364\Sommerlab Dropbox\Casper van der Luijt\Casper\Data\BioLog\OmniLog\CL3\DATA_2024\08\_RIB40_Aspergillus oryzae__2_30_CL3_769_8#19#2024_A_ 7B_4.OKA","8/19/2024 7:16:29 PM"," 7-B","PM02A","","RIB40","Aspergillus oryzae","",35.0000,"42.8276","37.7834","49.1481","64.1998","59.7762","75.1766","40.3838","64.0209","27.4816","48.1476","34.3260","68.5800","39.2562","30.3540","27.1941","35.6623","87.6404","32.3662","22.0675","45.9924","116.4851","25.7812","26.0541","39.5675","59.0296","18.3068","20.4031","22.3226","27.3498","17.7129","19.2422","18.0502","15.1359","20.7023","22.8935","97.7267","66.1173","36.1141","20.8237","30.4472","18.6886","35.2417","62.4121","23.4897","15.4110","31.2040","27.5254","29.9955","24.2439","20.9032","22.6695","17.3574","62.3434","11.1892","38.4675","19.6170","19.6592","23.2674","28.6542","72.5772","37.3738","14.5927","25.3245","21.7473","75.2040","35.4395","21.7715","16.1937","121.1120","26.7526","24.6443","32.4273","33.9697","19.1442","20.1451","30.8587","21.9941","16.8621","31.5455","16.6329","22.9808","22.7674","23.7349","26.3442","57.8034","26.3010","56.2207","28.8475","14.7958","11.0000","14.8944","26.8132","139.9326","19.0225","30.4036","30.3281"
"C:\Users\cfg364\Sommerlab Dropbox\Casper van der Luijt\Casper\Data\BioLog\OmniLog\CL3\DATA_2024\08\_RIB40_Aspergillus oryzae__2_30_CL3_769_8#19#2024_A_ 7B_4.OKA","8/19/2024 7:16:29 PM"," 7-B","PM02A","","RIB40","Aspergillus oryzae","",35.2500,"45.8697","35.3089","48.6685","63.2052","60.6119","77.9834","42.8252","64.2824","26.4739","44.3536","35.9649","72.4772","41.8605","25.2813","25.3461","35.4205","87.9021","37.2730","24.0933","46.6311","115.7045","31.4843","24.1665","37.8735","63.2025","16.4965","16.6013","16.7441","29.1578","17.5566","16.9841","14.3168","19.0694","22.9506","22.4159","106.9129","61.5862","34.3498","20.7035","33.6371","20.3271","33.8150","65.6356","17.8579","13.1347","30.9188","27.5061","30.6918","20.3592","22.2957","22.0010","16.9743","60.6110","11.0000","33.7211","18.3594","19.1878","22.4582","26.0870","72.8043","36.0708","19.5096","26.5918","23.6385","78.0884","39.4134","23.0713","22.8766","119.3252","25.8263","26.7776","34.0052","32.3932","23.1419","17.9000","32.4606","17.7134","18.7470","31.6624","17.3843","24.8286","20.6144","26.7337","29.0785","57.9178","27.8779","54.3999","26.6719","14.6665","11.0000","16.7168","25.5863","138.4935","20.0871","30.8287","30.7682"
"C:\Users\cfg364\Sommerlab Dropbox\Casper van der Luijt\Casper\Data\BioLog\OmniLog\CL3\DATA_2024\08\_RIB40_Aspergillus oryzae__2_30_CL3_769_8#19#2024_A_ 7B_4.OKA","8/19/2024 7:16:29 PM"," 7-B","PM02A","","RIB40","Aspergillus oryzae","",35.5000,"41.8882","37.0290","50.7522","66.5529","61.3415","78.7555","41.7142","64.3155","25.1400","43.0541","37.1900","71.3564","38.9111","25.4796","26.0231","38.3086","87.5598","34.2585","23.6750","47.0871","114.1752","30.1187","23.5710","41.6226","62.3436","15.8749","20.5570","19.7775","28.4052","22.3308","16.3085","16.4421","19.9625","24.2963","24.2218","105.5062","66.1243","37.2110","20.3254","32.5775","21.9080","35.7634","70.9465","20.7606","12.0027","31.4421","26.7856","33.3875","24.7780","19.6322","23.9588","18.4284","58.9179","11.0000","36.4017","19.2515","17.8125","22.7855","26.2168","75.0934","36.2870","18.4578","24.7975","23.5146","78.7926","40.2351","20.4416","20.8867","120.2866","27.4489","29.4392","34.0367","33.2160","23.5234","16.5013","30.7264","21.9856","16.1328","32.5885","18.1113","22.4444","20.7434","29.0587","28.5467","58.6566","27.4330","58.5868","24.4419","12.4985","11.0000","18.2960","24.4765","135.5143","18.7982","33.6206","29.5579"
"C:\Users\cfg364\Sommerlab Dropbox\Casper van der Luijt\Casper\Data\BioLog\OmniLog\CL3\DATA_2024\08\_RIB40_Aspergillus oryzae__2_30_CL3_769_8#19#2024_A_ 7B_4.OKA","8/19/2024 7:16:29 PM"," 7-B","PM02A","","RIB40","Aspergillus oryzae","",35.7500,"42.2939","38.4476","54.6401","67.9873","62.7041","81.0209","41.0664","66.2361","24.7409","50.5859","31.0690","70.0562","40.7903","29.7727","28.4301","37.4983","88.4897","34.3656","23.2789","49.7484","113.0694","28.7617","24.9074","40.3895","63.4221","20.4185","23.4378","17.8000","28.7936","23.2933","18.3994","19.6370","15.4070","21.0208","21.5886","102.4204","63.8658","41.7519","21.5778","32.6497","24.3819","37.8108","69.4680","19.6065","15.3479","30.4440","27.7888","31.7477","24.4097","25.0180","20.1078","21.2163","60.4758","14.3378","40.3912","20.9851","17.8461","24.1285","21.2488","74.9184","39.6714","19.6494","28.4372","22.3035","79.4121","39.1371","20.5142","22.1527","126.5445","25.0803","25.2397","35.7246","33.4792","20.3301","17.4852","29.8379","21.3815","14.6131","35.7647","14.6965","19.9268","23.7343","27.1214","28.1074","55.4279","27.4215","58.7965","25.0283","15.0103","11.0000","17.2207","23.4739","140.2262","22.2417","28.9945","25.4010"
"C:\Users\cfg364\Sommerlab Dropbox\Casper van der Luijt\Casper\Data\BioLog\OmniLog\CL3\DATA_2024\08\_RIB40_Aspergillus oryzae__2_30_CL3_769_8#19#2024_A_ 7B_4.OKA","8/19/2024 7:16:29 PM"," 7-B","PM02A","","RIB40","Aspergillus oryzae","",36.0000,"44.7834","38.4548","50.8042","64.9913","62.6939","79.6067","42.3533","68.9560","29.3227","49.3145","37.0386","73.9301","41.3884","31.9102","24.6712","41.7572","88.5018","36.6256","25.6241","52.8011","113.6008","32.2386","28.6770","45.3610","68.6867","23.9379","20.0668","20.0878","30.1520","22.5087","18.1316","19.4244","15.7540","23.1686","25.8948","104.5906","70.8001","40.9571","21.0063","32.1073","16.9603","33.6683","73.2547","22.9260","16.0423","33.7760","25.6912","33.5557","23.8043","20.8510","25.5791","20.8647","64.7654","16.1129","37.2047","23.8530","18.5414","26.1226","25.4838","75.7424","38.4412","21.8794","26.3217","24.2551","79.0345","43.0826","19.3284","20.4916","128.7137","26.7337","24.8008","37.8192","32.1356","23.5830","18.4872","35.0514","25.0380","18.9305","38.5712","19.6638","20.8897","23.3668","26.2885","29.6704","58.5471","28.7521","60.1622","30.6523","11.0000","12.8265","18.8651","25.5613","141.3316","19.7998","35.1124","33.1750"
"C:\Users\cfg364\Sommerlab Dropbox\Casper van der Luijt\Casper\Data\BioLog\OmniLog\CL3\DATA_2024\08\_RIB40_Aspergillus oryzae__2_30_CL3_769_8#19#2024_A_ 7B_4.OKA","8/19/2024 7:16:29 PM"," 7-B","PM02A","","RIB40","Aspergillus oryzae","",36.2500,"48.8448","39.0039","51.1286","70.0313","61.1399","82.8983","41.4715","69.9827","26.7714","50.7373","39.1837","77.0848","41.1073","31.5163","25.8320","42.6534","92.7954","34.2872","27.4279","53.8738","110.9025","32.6627","31.6231","43.9498","62.7628","18.3792","20.2563","21.3124","30.2770","20.4852","20.7423","20.7377","13.7625","23.4905","26.3452","108.7940","69.3185","41.4781","22.3636","35.4113","19.4146","35.4000","73.1595","21.8418","15.8817","35.6306","26.8665","34.7634","23.0060","24.5611","24.6776","20.5180","62.7160","15.5483","40.0669","23.8845","18.4774","25.2734","23.3730","79.2394","38.7796","19.8056","26.2600","19.4125","77.8830","38.9144","21.8617","20.5865","131.3330","28.0051","28.0745","41.7394","31.2817","24.5972","18.1144","33.6638","24.2085","14.4716","36.4236","16.4585","21.0181","23.4632","26.3526","27.8967","62.6709","25.0617","58.6005","30.5293","11.0000","11.0000","18.3932","26.5109","142.2316","17.7368","33.7606","34.3486"
"C:\Users\cfg364\Sommerlab Dropbox\Casper van der Luijt\Casper\Data\BioLog\OmniLog\CL3\DATA_2024\08\_RIB40_Aspergillus oryzae__2_30_CL3_769_8#19#2024_A_ 7B_4.OKA","8/19/2024 7:16:29 PM"," 7-B","PM02A","","RIB40","Aspergillus oryzae","",36.5000,"49.4294","38.0995","52.0694","69.0233","63.5185","80.3812","45.4886","70.4132","29.9522","50.8696","36.1475","74.6531","39.1709","27.0520","25.4450","41.5012","89.5908","37.2662","23.7880","55.9541","111.8453","29.7917","30.1500","43.5560","68.7501","23.2227","18.2660","21.8280","28.5274","21.8131","17.3994","17.2783","16.7176","19.0480","25.2192","108.2357","73.4481","43.0736","21.0694","35.6679","22.4744","35.2425","71.5421","20.3112","15.4321","36.4115","25.8871","31.1075","23.2209","25.7445","20.5743","19.0367","60.7306","18.2146","40.8619","23.1285","20.2030","23.6403","26.6529","77.1286","36.9953","18.0828","26.7533","24.0998","78.8426","43.9036","24.8701","21.0294","132.9425","29.3083","27.4005","39.7482","32.6846","21.0791","19.5435","34.0338","27.8137","16.5100","37.1184","16.2363","22.6557","21.5037","26.3526","29.8882","60.8552","29.8656","58.3819","28.0381","14.6193","11.2564","19.8404","28.7901","140.8817","23.1843","34.7980","30.2719"
"C:\Users\cfg364\Sommerlab Dropbox\Casper van der Luijt\Casper\Data\BioLog\OmniLog\CL3\DATA_2024\08\_RIB40_Aspergillus oryzae__2_30_CL3_769_8#19#2024_A_ 7B_4.OKA","8/19/2024 7:16:29 PM"," 7-B","PM02A","","RIB40","Aspergillus oryzae","",36.7500,"49.2140","37.8734","52.4911","69.1808","64.9773","83.8986","44.5415","73.4932","29.6540","52.8879","39.5137","74.5216","38.6088","28.6276","28.2180","42.9094","91.0531","36.1451","23.1116","59.6272","110.5774","30.3790","30.7065","45.2625","69.4153","22.4751","18.2660","21.4091","30.8706","21.6550","19.0231","17.7908","16.7819","18.5651","23.7394","107.2834","71.1469","43.2039","20.5013","36.7265","21.0720","34.7073","76.2992","24.6798","15.9781","35.9885","28.1071","33.6536","24.3878","25.8085","22.9679","21.4950","59.5458","15.9875","39.0174","25.8062","18.5094","26.6452","28.6989","79.8380","37.3645","18.6571","25.3969","21.8027","78.6507","43.4931","22.8750","19.3842","131.3646","26.8608","29.4224","40.2771","34.2095","24.5021","16.5300","33.6330","24.6232","15.1723","40.4029","19.3464","21.8851","23.3989","26.6090","30.7595","61.9323","28.5294","63.0982","31.6057","13.1460","12.8265","19.3370","26.0361","142.0387","22.9909","34.6094","32.6808"
"C:\Users\cfg364\Sommerlab Dropbox\Casper van der Luijt\Casper\Data\BioLog\OmniLog\CL3\DATA_2024\08\_RIB40_Aspergillus oryzae__2_30_CL3_769_8#19#2024_A_ 7B_4.OKA","8/19/2024 7:16:29 PM"," 7-B","PM02A","","RIB40","Aspergillus oryzae","",37.0000,"44.4197","39.0984","54.3245","73.5979","66.5446","80.5256","43.7252","70.2499","28.4229","49.4106","37.7698","76.3343","38.6331","31.5080","26.8815","46.3398","93.2641","43.4350","21.2445","59.7652","114.4467","33.7783","25.7895","39.5248","67.6709","19.8378","19.8397","21.6218","26.4654","23.5586","17.8097","16.4886","18.5961","22.5596","31.3219","107.1443","69.9266","46.9865","20.2996","35.1930","21.7800","36.2135","75.8186","24.5520","14.9888","36.0688","29.3888","32.6823","24.5632","23.4461","20.1680","19.4685","64.1329","16.9819","40.8979","17.7546","16.9485","27.1017","24.8240","76.7874","36.0091","19.9208","27.3876","23.7615","79.2276","39.1320","26.9185","26.0602","130.3914","22.8544","27.6041","29.4179","32.2745","23.1311","16.4471","36.1034","21.5268","17.7259","37.1480","15.5842","26.5328","21.3643","26.4849","25.8590","62.7640","26.6304","62.5284","27.4925","14.3875","11.3535","16.0580","25.6771","141.4611","18.9830","29.3223","31.9409"
"C:\Users\cfg364\Sommerlab Dropbox\Casper van der Luijt\Casper\Data\BioLog\OmniLog\CL3\DATA_2024\08\_RIB40_Aspergillus oryzae__2_30_CL3_769_8#19#2024_A_ 7B_4.OKA","8/19/2024 7:16:29 PM"," 7-B","PM02A","","RIB40","Aspergillus oryzae","",37.2500,"53.2241","41.8093","54.8141","74.9514","79.0275","83.4578","45.1655","69.1523","30.5923","55.2855","45.9520","89.9806","42.2614","33.1601","27.8528","48.4095","93.0861","43.0785","24.2178","54.9678","111.6528","32.5414","33.3305","48.8167","76.2555","23.9957","20.2432","22.4055","24.9788","25.7834","16.1209","18.9918","14.9156","20.7301","25.7274","115.9810","71.5154","37.1398","24.4771","36.4372","26.4494","28.8038","77.6392","19.2512","22.7788","38.0748","32.6744","32.9884","26.3972","26.0780","22.4086","22.1511","58.7546","17.9108","38.4316","23.5510","22.6657","22.8609","25.5559","77.4906","41.4883","21.5685","26.4105","22.5983","78.4131","45.5397","27.2079","24.2309","132.1057","28.0673","19.5959","36.7748","31.8091","20.9024","18.9955","31.6254","24.5363","15.3238","41.8310","17.9978","23.8701","25.6131","23.7034","35.4203","60.4064","30.2419","64.1133","27.6359","18.8557","12.4480","21.8619","29.7672","149.6893","18.5482","34.9468","35.3238"
"C:\Users\cfg364\Sommerlab Dropbox\Casper van der Luijt\Casper\Data\BioLog\OmniLog\CL3\DATA_2024\08\_RIB40_Aspergillus oryzae__2_30_CL3_769_8#19#2024_A_ 7B_4.OKA","8/19/2024 7:16:29 PM"," 7-B","PM02A","","RIB40","Aspergillus oryzae","",37.5000,"45.5692","39.1069","48.7604","72.6354","66.2437","83.4340","44.3526","69.2984","27.9536","54.7141","33.4998","73.9300","44.7262","32.3171","24.0512","44.6441","91.4689","41.2051","25.5194","60.1182","118.0616","28.7124","27.9671","43.1440","69.5090","22.5565","23.0917","21.7636","28.2741","26.7326","19.4746","19.7212","13.0583","20.1071","25.6530","111.0541","71.6599","44.3052","20.7883","37.7833","24.7934","35.4654","80.3618","19.4228","14.9358","36.8764","22.2281","30.6093","23.8369","23.7561","22.5614","18.6796","61.9515","15.3792","40.9363","18.6137","17.5832","24.4293","26.9497","76.7380","36.5950","17.0577","27.8670","19.9500","75.2077","45.7589","26.6345","20.0338","135.1537","26.7739","24.8980","36.7119","29.9093","22.2654","19.5479","35.1860","22.2892","15.0586","42.1068","15.7585","26.1069","24.2392","24.0118","30.2801","65.5739","27.8176","60.8010","28.0508","16.5607","11.0000","15.1775","27.1023","142.8348","19.7602","30.9741","29.7354"
"C:\Users\cfg364\Sommerlab Dropbox\Casper van der Luijt\Casper\Data\BioLog\OmniLog\CL3\DATA_2024\08\_RIB40_Aspergillus oryzae__2_30_CL3_769_8#19#2024_A_ 7B_4.OKA","8/19/2024 7:16:29 PM"," 7-B","PM02A","","RIB40","Aspergillus oryzae","",37.7500,"51.8434","41.3502","50.0230","79.8943","76.7511","83.0257","42.3677","69.9162","29.9168","52.3850","45.1113","87.6220","40.2899","37.1115","32.0834","52.0900","90.4627","44.4388","25.0021","67.3101","112.8506","29.4597","27.2552","50.2018","76.9074","21.4805","23.6527","21.4601","29.0447","24.1307","18.2298","21.3518","16.3005","23.6362","22.0058","114.8947","69.1091","38.3074","22.1270","36.1662","24.8928","33.7495","80.1572","21.4534","19.7802","37.0211","28.8374","30.5410","23.6265","25.7249","22.7186","17.4236","59.1332","13.6980","42.1758","18.6950","24.6852","26.4196","21.7146","79.2401","38.3934","18.1073","25.7540","24.9497","81.8653","49.0856","30.1234","23.5557","135.0326","27.5667","23.4177","37.8213","34.7282","22.7490","16.3316","34.6780","21.0265","18.1899","48.6235","18.8551","25.1230","30.6526","26.8463","30.6791","59.7118","29.8367","65.3390","28.2135","20.2103","11.0000","19.8305","32.7047","150.1559","19.8401","33.7165","31.0878"
"C:\Users\cfg364\Sommerlab Dropbox\Casper van der Luijt\Casper\Data\BioLog\OmniLog\CL3\DATA_2024\08\_RIB40_Aspergillus oryzae__2_30_CL3_769_8#19#2024_A_ 7B_4.OKA","8/19/2024 7:16:29 PM"," 7-B","PM02A","","RIB40","Aspergillus oryzae","",38.0000,"41.8955","41.7237","48.8543","74.2467","72.3917","84.1893","45.5467","70.3711","29.0421","54.8991","39.1812","78.7698","39.9419","29.2440","30.8577","48.0482","92.0369","41.8054","28.6306","62.6206","114.6410","33.7538","28.4938","42.6651","73.4183","17.3154","22.0156","18.3035","28.0479","21.4378","17.4025","21.1745","17.8646","22.2555","29.3980","113.3962","71.0975","45.8318","19.2708","37.7372","26.5199","39.6545","81.3492","20.3928","14.1165","36.0576","27.4537","35.1016","27.4745","25.4385","21.6001","19.0700","59.7218","17.8660","42.4096","23.8817","17.7455","24.0578","24.6961","75.2905","37.7743","19.6852","30.2665","21.9125","83.0770","48.1182","23.4674","25.6573","135.5492","28.4618","25.5486","36.1622","32.8883","20.5040","15.9227","34.3588","27.4310","18.1364","43.6533","17.1233","26.0612","24.0063","26.3858","28.8396","62.9001","32.8991","65.3666","32.1855","15.1536","11.0000","16.6553","31.4073","142.6318","20.5729","30.6032","31.0331"
"C:\Users\cfg364\Sommerlab Dropbox\Casper van der Luijt\Casper\Data\BioLog\OmniLog\CL3\DATA_2024\08\_RIB40_Aspergillus oryzae__2_30_CL3_769_8#19#2024_A_ 7B_4.OKA","8/19/2024 7:16:29 PM"," 7-B","PM02A","","RIB40","Aspergillus oryzae","",38.2500,"51.7372","43.6923","53.4318","77.7604","75.8375","87.5702","45.8077","69.5405","26.8241","54.2344","45.1350","88.9304","43.1507","30.6652","34.7074","53.9248","93.9063","47.6685","23.7725","68.5406","112.8800","36.7615","31.2664","47.0943","79.5718","21.9948","21.2896","16.8753","29.4029","25.3084","15.8979","20.5047","17.1336","22.7715","26.9152","119.1687","72.5261","42.8611","21.9225","35.9698","28.5072","32.6011","82.3596","21.3798","20.7993","42.0610","27.6813","34.9708","25.6372","25.9864","23.0030","17.5884","64.7631","15.9133","42.1868","22.6503","18.0332","23.8620","23.3330","81.2012","40.8554","20.9305","27.9312","25.7877","85.0138","52.2144","25.3344","25.9090","137.0755","27.5712","23.6818","38.1363","34.1128","22.6408","17.3558","35.9655","27.2392","18.8692","45.6207","19.6483","22.9660","34.2073","26.1614","32.4886","65.0330","33.4978","69.1343","34.7646","20.7023","12.2904","22.0894","37.9791","149.7322","21.8258","36.1136","36.8852"
"C:\Users\cfg364\Sommerlab Dropbox\Casper van der Luijt\Casper\Data\BioLog\OmniLog\CL3\DATA_2024\08\_RIB40_Aspergillus oryzae__2_30_CL3_769_8#19#2024_A_ 7B_4.OKA","8/19/2024 7:16:29 PM"," 7-B","PM02A","","RIB40","Aspergillus oryzae","",38.5000,"52.8584","41.6591","51.1593","77.1589","74.9207","87.9888","46.4275","71.1352","31.6905","58.4548","43.6796","92.3830","42.0915","34.6644","32.3655","53.1263","91.5385","47.2882","26.2820","67.1419","109.4883","33.1327","28.8899","50.0691","83.9581","19.5079","21.4475","17.6219","24.6131","22.3896","13.0488","21.2702","18.8498","20.8365","29.8755","117.9552","75.3516","42.6979","21.1018","39.2798","32.1980","28.0353","82.9595","22.6853","21.2812","38.6025","29.4698","35.7230","24.2899","26.0186","20.4777","18.1874","62.0191","13.9291","43.4598","25.8707","18.8325","25.2657","28.1363","78.5461","38.5446","20.7389","26.7635","24.2377","82.1244","53.8214","26.6634","23.3612","140.8911","29.4796","22.9093","37.2276","33.1944","21.7478","16.7016","35.9037","23.9146","18.2639","45.2399","19.4905","29.9860","26.5247","26.8345","31.1475","61.4164","33.8759","69.3211","33.2602","17.8804","13.3873","22.4686","34.5203","148.2864","22.8216","37.7604","32.1788"
"C:\Users\cfg364\Sommerlab Dropbox\Casper van der Luijt\Casper\Data\BioLog\OmniLog\CL3\DATA_2024\08\_RIB40_Aspergillus oryzae__2_30_CL3_769_8#19#2024_A_ 7B_4.OKA","8/19/2024 7:16:29 PM"," 7-B","PM02A","","RIB40","Aspergillus oryzae","",38.7500,"42.0201","41.6591","55.7044","75.0697","70.4633","85.3806","45.2531","69.1418","30.2008","51.4430","39.8427","81.7621","40.0976","27.8559","29.3820","49.5173","97.0842","45.9888","27.4402","69.3537","112.1299","33.1981","23.8728","41.5744","76.7317","17.7736","20.0902","17.9465","30.0331","21.7868","16.7623","20.7917","18.4048","20.8365","31.1168","115.0361","73.7008","45.9297","22.5855","37.7051","30.2422","34.0181","82.6753","23.9907","16.9117","37.9499","27.9740","36.6387","25.7291","23.3436","22.3795","16.5481","60.6152","14.4015","42.2505","23.7869","17.1061","27.0611","25.9943","76.2703","38.0208","17.2904","27.4395","23.5246","82.6642","50.6704","22.9928","21.8515","137.8386","31.1018","25.6130","35.9115","28.9086","22.0348","20.1910","35.2548","26.6638","19.1878","46.3823","19.3958","28.8373","25.5683","26.6743","26.4693","62.9620","32.5525","69.8505","35.0103","15.1853","12.2259","15.6443","31.5331","146.8406","21.6652","32.2500","34.9655"
"C:\Users\cfg364\Sommerlab Dropbox\Casper van der Luijt\Casper\Data\BioLog\OmniLog\CL3\DATA_2024\08\_RIB40_Aspergillus oryzae__2_30_CL3_769_8#19#2024_A_ 7B_4.OKA","8/19/2024 7:16:29 PM"," 7-B","PM02A","","RIB40","Aspergillus oryzae","",39.0000,"43.7019","39.6905","53.4318","74.5949","72.6130","87.6990","50.7010","70.4708","31.3264","54.5667","38.9827","76.5010","38.6957","29.9381","29.0933","46.7706","96.0561","46.9713","29.0810","70.1994","115.5542","34.3750","26.9094","41.8388","79.6034","18.5262","22.5837","18.6606","29.4659","21.2157","15.8659","19.2927","19.4218","22.5135","30.0664","115.5281","73.4468","48.7698","18.5763","39.5690","29.2328","34.3015","81.0334","19.7242","16.6225","38.9614","29.7624","35.4941","23.7387","26.0830","21.6936","18.9439","64.6355","15.7558","46.2284","22.5872","19.7596","24.4496","25.5074","79.8420","37.6819","18.6315","29.4368","18.9984","81.8069","50.4499","24.4167","23.0152","141.4635","28.1438","26.4177","35.8802","33.2862","21.1737","16.2965","36.4289","26.4080","16.7984","43.3994","20.1534","28.2948","27.6404","25.1036","26.9683","63.2093","31.4497","70.6912","33.0452","16.6755","11.0000","17.5399","32.2877","145.8125","20.7978","29.8748","30.9403"
"C:\Users\cfg364\Sommerlab Dropbox\Casper van der Luijt\Casper\Data\BioLog\OmniLog\CL3\DATA_2024\08\_RIB40_Aspergillus oryzae__2_30_CL3_769_8#19#2024_A_ 7B_4.OKA","8/19/2024 7:16:29 PM"," 7-B","PM02A","","RIB40","Aspergillus oryzae","",39.2500,"41.5529","41.4009","52.1332","76.9057","73.7827","87.4414","48.2544","73.3612","30.3994","52.0411","38.0897","80.3153","41.6865","26.0712","28.6121","50.6671","94.5294","47.1614","29.0167","69.3537","113.9236","33.3615","25.6222","37.8724","80.2029","21.7003","21.6368","19.1150","27.1971","24.5787","14.4254","21.9400","17.1972","23.5133","27.6155","118.5455","77.7962","44.3301","20.7545","37.9301","31.3778","34.1125","87.5379","21.9211","15.5623","42.9419","29.5023","35.2979","25.6066","25.6641","22.2236","21.7810","63.1997","17.2046","46.6421","26.5969","19.9834","25.2983","25.6373","80.7903","38.2057","19.2701","25.9646","20.1765","84.3788","52.6871","23.9737","24.0218","142.4492","27.6349","22.6840","35.4102","32.9495","23.2467","17.3870","37.1705","26.6318","18.2001","49.9364","19.3958","29.2840","22.3168","26.8025","29.6193","64.8785","31.7648","70.3798","35.1331","15.6926","11.0000","16.4973","33.4512","144.7844","18.8061","33.1367","29.6708"
"C:\Users\cfg364\Sommerlab Dropbox\Casper van der Luijt\Casper\Data\BioLog\OmniLog\CL3\DATA_2024\08\_RIB40_Aspergillus oryzae__2_30_CL3_769_8#19#2024_A_ 7B_4.OKA","8/19/2024 7:16:29 PM"," 7-B","PM02A","","RIB40","Aspergillus oryzae","",39.5000,"50.9275","45.4996","52.7501","83.4266","80.2949","91.8849","50.4727","69.2415","30.6974","60.9140","45.9949","92.0870","43.0884","32.7805","33.5525","56.0327","96.3365","53.2465","26.8933","73.3221","111.3146","35.4212","28.7248","49.6063","86.7351","19.4424","19.1118","18.3360","30.0331","26.1015","16.5382","22.3227","21.6465","20.2237","29.5253","128.5490","77.6374","47.7905","22.7117","41.7543","32.6396","31.4360","89.5271","23.0674","19.6748","42.2893","31.3233","37.5543","24.3511","27.4366","22.6912","19.6374","61.4129","15.2519","44.6690","24.7025","22.0294","24.2211","25.2803","82.2442","42.5499","22.6867","28.2692","25.6327","84.2200","53.4118","25.0812","28.3938","143.5621","30.9427","24.5508","39.4211","31.6638","21.2375","18.0724","38.6227","27.3990","15.4284","53.8395","20.6899","26.3484","31.7846","24.4626","34.1727","68.8042","37.3419","77.0744","33.2294","16.5804","11.0000","22.8793","35.8095","152.1098","24.8454","37.6021","33.6341"
"C:\Users\cfg364\Sommerlab Dropbox\Casper van der Luijt\Casper\Data\BioLog\OmniLog\CL3\DATA_2024\08\_RIB40_Aspergillus oryzae__2_30_CL3_769_8#19#2024_A_ 7B_4.OKA","8/19/2024 7:16:29 PM"," 7-B","PM02A","","RIB40","Aspergillus oryzae","",39.7500,"43.8576","38.6578","54.6330","79.9446","73.3717","88.4074","48.2870","71.1020","28.6780","51.2436","35.9728","78.4739","42.1226","28.4508","28.9008","51.5614","94.7787","46.0839","27.1185","72.8667","114.6737","33.2962","27.0745","42.1032","79.4771","15.6793","21.4475","18.0438","30.8209","23.9124","14.6494","21.6529","20.5659","22.1910","30.3847","118.7423","78.0184","48.3454","19.1130","39.3119","28.5072","33.3253","83.3068","23.5450","13.1205","39.0919","28.3317","32.8779","24.7186","26.0508","21.2259","22.5061","60.8705","16.1338","47.2785","22.7135","18.7366","23.3397","26.9679","80.0633","38.2981","21.6649","27.0093","24.5477","80.7273","53.8844","25.1445","23.1096","144.9930","30.5611","26.3211","36.1935","29.0617","21.7159","19.8483","38.2828","30.7236","17.1488","45.7159","20.7215","28.6139","24.9308","25.9691","29.2138","65.0948","36.3336","71.0026","35.1945","17.6902","11.0000","15.7391","32.5707","146.3908","20.7336","32.8517","31.7763"
"C:\Users\cfg364\Sommerlab Dropbox\Casper van der Luijt\Casper\Data\BioLog\OmniLog\CL3\DATA_2024\08\_RIB40_Aspergillus oryzae__2_30_CL3_769_8#19#2024_A_ 7B_4.OKA","8/19/2024 7:16:29 PM"," 7-B","PM02A","","RIB40","Aspergillus oryzae","",40.0000,"43.5462","41.5623","53.3994","79.7230","76.3749","87.8922","50.6032","74.4909","32.9485","50.1802","36.6674","78.2437","39.6926","28.2525","28.2271","53.4457","96.8973","53.3098","25.4133","73.2245","116.4673","32.8385","26.2823","42.1693","81.0549","15.3848","23.3728","18.8229","28.6781","24.1345","16.8263","23.0882","20.5341","20.9977","29.3343","117.4960","76.7167","50.8917","18.4500","39.3762","29.4536","33.2938","87.8852","21.9530","13.5703","42.1262","28.6243","34.1860","23.3712","27.2755","20.9142","18.6287","60.8705","17.4566","45.1782","24.1658","18.7046","25.8533","25.7022","79.2731","40.4548","20.5793","25.7495","22.1606","85.2043","54.1050","26.2837","24.4621","147.2823","31.1336","26.3855","36.2562","30.3168","21.7797","16.1096","37.6957","28.5818","17.3718","53.4587","16.5867","29.7946","25.8234","28.9821","31.1787","67.6296","36.3336","73.9607","32.8303","15.9463","11.0000","17.5083","32.7908","148.5435","20.1232","29.4948","32.6432"
"C:\Users\cfg364\Sommerlab Dropbox\Casper van der Luijt\Casper\Data\BioLog\OmniLog\CL3\DATA_2024\08\_RIB40_Aspergillus oryzae__2_30_CL3_769_8#19#2024_A_ 7B_4.OKA","8/19/2024 7:16:29 PM"," 7-B","PM02A","","RIB40","Aspergillus oryzae","",40.2500,"51.5902","41.6828","55.4360","88.2926","82.7385","88.3637","44.9341","76.6764","31.8686","57.0723","48.0256","100.4130","41.5288","37.7057","32.8492","60.1193","93.6919","49.7523","27.5346","77.3472","111.7405","41.2292","30.6747","52.1046","85.7475","23.2838","20.1733","23.5341","33.0350","23.6828","19.2720","23.1419","15.0737","23.7382","25.6507","128.2481","77.9705","46.7146","23.0896","47.1471","31.9500","34.4429","87.2535","20.2690","14.7779","47.4814","32.9991","37.2563","25.3567","29.1753","25.6413","19.5056","62.3803","19.2260","48.6538","26.2598","25.1772","28.6424","25.9299","81.7700","43.9963","19.5147","28.9064","23.1331","80.8551","52.6778","28.8174","27.7301","145.6956","27.3216","24.3843","43.1927","34.9848","22.8917","18.1236","39.9535","23.6343","20.7526","55.3898","15.8400","28.6711","31.7854","29.3068","35.0080","69.0738","36.7040","77.1998","33.5568","11.8612","15.0510","20.9558","34.6971","150.1896","23.7452","37.8371","33.6143"
"C:\Users\cfg364\Sommerlab Dropbox\Casper van der Luijt\Casper\Data\BioLog\OmniLog\CL3\DATA_2024\08\_RIB40_Aspergillus oryzae__2_30_CL3_769_8#19#2024_A_ 7B_4.OKA","8/19/2024 7:16:29 PM"," 7-B","PM02A","","RIB40","Aspergillus oryzae","",40.5000,"44.0528","39.3096","53.2443","81.9707","79.6509","90.6794","48.8635","74.9155","27.8606","52.2457","37.5336","83.1432","41.0213","31.1461","28.2743","57.3480","93.7271","52.5682","28.8107","77.5522","117.2662","34.1806","28.2190","44.3599","79.6599","19.4446","22.8169","21.5058","36.6428","24.4227","22.4205","19.4724","19.1204","22.8073","28.0715","119.0853","81.4691","51.2735","20.1010","41.5887","32.1440","37.6970","84.8687","23.5290","21.5732","46.2713","27.1942","33.6793","24.7520","28.2615","21.1591","21.3497","62.0675","19.4981","49.6537","25.4631","21.7559","23.7906","25.6730","81.4853","39.4854","23.5523","24.2610","20.3638","80.4534","55.7319","27.2214","21.6187","147.8434","30.0474","25.9886","35.3063","32.3731","23.2547","16.9062","41.6698","31.1699","20.4578","52.4565","16.2884","32.4588","24.1679","25.5116","30.4683","71.3365","31.7456","73.3196","33.1312","16.6675","11.0000","18.1975","30.5751","148.5508","19.2059","33.8012","31.0223"
"C:\Users\cfg364\Sommerlab Dropbox\Casper van der Luijt\Casper\Data\BioLog\OmniLog\CL3\DATA_2024\08\_RIB40_Aspergillus oryzae__2_30_CL3_769_8#19#2024_A_ 7B_4.OKA","8/19/2024 7:16:29 PM"," 7-B","PM02A","","RIB40","Aspergillus oryzae","",40.7500,"42.6872","37.8179","54.8305","83.0807","77.6994","89.4556","50.4984","71.7710","28.5244","54.2035","40.3058","85.6976","39.5576","31.0478","28.9794","55.8190","98.3663","53.4842","30.0713","78.2333","115.5444","38.4636","27.7242","39.6083","84.6413","19.8032","24.1089","22.3114","36.8291","20.9404","20.1998","19.4082","18.9930","26.3367","30.6242","125.7382","77.6685","45.9692","21.6811","44.2207","29.5801","36.5742","89.1035","23.1156","20.3312","47.9186","28.8593","37.0730","25.3313","30.4514","20.2554","21.5070","61.7173","22.4242","49.5267","22.2667","26.3295","29.1227","31.9753","80.6312","38.1598","20.9465","25.3119","18.9686","82.2049","56.3920","26.7804","23.1040","148.7338","27.5948","27.4391","39.1853","33.5892","21.3131","18.2118","44.8225","30.0564","20.9339","54.1957","17.5867","28.4413","26.4898","28.1704","30.5929","73.3046","30.7969","75.0098","35.0141","16.1262","11.0000","17.2820","31.9958","147.7191","19.9138","32.7259","28.4458"
"C:\Users\cfg364\Sommerlab Dropbox\Casper van der Luijt\Casper\Data\BioLog\OmniLog\CL3\DATA_2024\08\_RIB40_Aspergillus oryzae__2_30_CL3_769_8#19#2024_A_ 7B_4.OKA","8/19/2024 7:16:29 PM"," 7-B","PM02A","","RIB40","Aspergillus oryzae","",41.0000,"44.6425","38.3691","56.6432","87.3617","80.9730","92.2898","48.6346","76.1733","29.3210","55.7630","39.9428","86.7127","41.5818","32.3909","30.9664","57.9214","98.1484","58.1275","30.4269","84.1361","117.8510","39.7387","26.5037","41.1262","85.8152","20.8140","23.2581","21.5702","39.2505","25.1508","23.9432","20.2426","20.3624","24.0907","30.4647","122.9197","81.8808","48.5886","20.2907","45.6330","32.6188","38.6950","87.5115","25.6596","21.1911","44.4625","28.3696","38.0520","24.2336","28.9056","22.4991","22.4822","60.6985","19.8717","52.8907","22.5831","24.7840","26.0150","28.1616","83.0039","40.1020","21.9952","23.9519","23.7745","84.6569","57.4922","29.4262","22.7248","152.3911","30.3660","25.9564","39.4042","36.1127","25.8012","17.2793","45.2816","27.8931","21.0926","54.4803","19.6134","36.7315","26.8715","26.4406","29.6584","71.1827","33.8012","72.2240","35.3228","15.5213","11.0000","18.4185","31.9011","153.3491","22.9709","35.9200","32.2950"
"C:\Users\cfg364\Sommerlab Dropbox\Casper van der Luijt\Casper\Data\BioLog\OmniLog\CL3\DATA_2024\08\_RIB40_Aspergillus oryzae__2_30_CL3_769_8#19#2024_A_ 7B_4.OKA","8/19/2024 7:16:29 PM"," 7-B","PM02A","","RIB40","Aspergillus oryzae","",41.2500,"42.6252","39.7635","55.4131","86.7909","80.6897","92.9339","49.8771","78.1262","31.2128","54.3362","38.3587","83.6017","39.8067","29.5409","30.9664","56.6472","96.4048","58.5697","27.8410","83.8766","118.1759","34.4095","26.5697","40.9612","90.4158","22.1834","22.9115","20.8612","37.7604","24.0745","19.5336","18.9268","17.2097","23.0640","28.3906","123.1491","81.5958","51.6992","18.4262","42.9689","31.5109","38.5391","89.9631","28.5215","18.2611","48.5323","26.0515","37.1383","25.4838","32.4159","22.4991","18.7387","65.8880","22.5176","52.1290","21.9818","24.4685","25.0991","25.8023","80.0933","40.0403","23.6477","23.9828","22.2242","84.1474","59.2526","27.4104","22.6932","149.9423","27.6585","24.7960","38.0278","32.8292","23.4457","17.6834","43.4757","30.4064","19.0296","53.0573","15.6867","31.2153","24.8359","25.1912","28.9420","72.3513","33.9909","78.0773","34.6437","17.4635","11.0000","18.7657","30.3225","147.5272","22.4239","33.6431","28.1353"
"C:\Users\cfg364\Sommerlab Dropbox\Casper van der Luijt\Casper\Data\BioLog\OmniLog\CL3\DATA_2024\08\_RIB40_Aspergillus oryzae__2_30_CL3_769_8#19#2024_A_ 7B_4.OKA","8/19/2024 7:16:29 PM"," 7-B","PM02A","","RIB40","Aspergillus oryzae","",41.5000,"46.4115","40.9634","54.5391","84.6028","79.6824","92.2898","51.7409","78.4241","28.9559","53.3407","42.5829","86.9747","41.4572","33.1115","30.0370","59.4185","98.8333","57.9379","27.2591","84.9145","116.8764","39.1175","28.2850","45.2178","86.6719","21.5965","21.8086","21.6991","39.3126","24.8026","20.2315","20.2426","17.5600","21.3314","30.5923","128.1306","81.4374","47.7700","22.2815","47.3020","32.5871","40.6911","89.2945","20.9532","19.4713","47.8217","27.2595","39.5531","27.0389","31.0311","19.1335","21.6014","63.3092","26.0040","52.2560","22.6781","23.7746","24.2813","24.4449","78.6697","39.8245","20.6923","23.8282","21.9761","82.4596","58.2781","26.3709","23.3569","152.5819","28.7734","23.1198","41.1873","34.3189","23.2865","18.0253","45.6489","32.7288","19.4105","55.8400","18.1567","33.7980","30.4020","24.2302","35.0161","72.1360","32.6311","77.7643","34.0881","14.7253","11.0000","16.5560","34.1744","148.0710","20.3322","31.3345","27.7318"
"C:\Users\cfg364\Sommerlab Dropbox\Casper van der Luijt\Casper\Data\BioLog\OmniLog\CL3\DATA_2024\08\_RIB40_Aspergillus oryzae__2_30_CL3_769_8#19#2024_A_ 7B_4.OKA","8/19/2024 7:16:29 PM"," 7-B","PM02A","","RIB40","Aspergillus oryzae","",41.7500,"44.0218","35.9695","55.4455","84.0003","80.1231","92.1287","50.2368","75.8423","31.9098","55.5639","38.2597","82.4555","41.1147","29.6392","33.0176","58.6540","94.7546","56.8008","29.6835","84.3631","117.7860","33.3960","23.7328","41.5551","85.7835","19.3468","23.7623","21.9569","37.2327","24.6760","21.7860","19.4082","18.8020","21.3956","30.5604","124.0340","79.2204","48.8178","21.1755","44.7342","32.9986","40.4104","91.8099","23.4972","17.6561","46.9819","27.8798","35.7351","25.6058","29.9683","23.0912","20.6891","62.1948","23.2647","49.9710","19.8931","23.0491","24.9028","29.2928","81.5486","37.1116","20.2156","27.1975","22.9373","84.0837","59.5041","28.6073","22.5036","155.0306","28.1682","26.0209","36.3699","32.8596","22.4590","20.6054","43.0166","29.7065","20.7752","55.9033","20.4367","31.5979","24.0725","26.1523","28.3190","74.1042","32.9157","77.3886","34.5511","14.3114","11.0000","17.5661","32.6273","150.2142","20.8149","32.8208","33.2884"
"C:\Users\cfg364\Sommerlab Dropbox\Casper van der Luijt\Casper\Data\BioLog\OmniLog\CL3\DATA_2024\08\_RIB40_Aspergillus oryzae__2_30_CL3_769_8#19#2024_A_ 7B_4.OKA","8/19/2024 7:16:29 PM"," 7-B","PM02A","","RIB40","Aspergillus oryzae","",42.0000,"45.8529","36.9747","57.7762","88.3448","79.7768","93.1916","49.7136","81.9657","28.4580","59.8445","38.1937","88.8086","43.2012","32.9150","31.9279","60.1512","99.7985","57.7168","29.3602","86.0820","116.4541","37.7117","23.9638","44.9538","86.2594","20.5531","23.8568","21.4091","40.7096","26.7337","20.5488","18.7664","17.8785","22.6790","28.9968","131.7029","83.0210","47.2134","20.9227","50.1266","33.3784","37.8841","90.5044","24.0696","19.6943","50.0504","27.7166","37.8888","26.6730","28.3581","23.5587","20.3745","64.5190","24.1052","54.6044","22.2350","26.2664","26.7020","27.9677","82.8773","37.9440","24.4739","24.9101","22.9993","82.4915","58.9697","31.0011","22.8512","154.9034","27.9771","23.3777","37.8088","34.9270","24.1141","18.3983","44.7613","30.0883","20.4261","58.1168","19.2017","36.4445","24.9631","24.5505","31.7765","75.3958","36.1414","78.8285","35.4462","17.0178","11.0000","18.3553","32.3747","149.5744","21.5550","34.4337","29.5633"
"C:\Users\cfg364\Sommerlab Dropbox\Casper van der Luijt\Casper\Data\BioLog\OmniLog\CL3\DATA_2024\08\_RIB40_Aspergillus oryzae__2_30_CL3_769_8#19#2024_A_ 7B_4.OKA","8/19/2024 7:16:29 PM"," 7-B","PM02A","","RIB40","Aspergillus oryzae","",42.2500,"41.4458","39.6663","54.8628","89.7718","84.4669","96.3156","53.9970","79.8805","32.2417","57.2562","42.3189","86.1888","40.9901","31.5719","31.7997","62.8269","99.9231","58.6013","28.6491","93.7686","117.6886","36.5020","25.5801","46.9996","89.6226","22.3138","24.1089","22.5692","38.0709","24.1695","22.9915","19.9859","20.6171","28.6468","31.9963","130.9491","81.5325","49.7346","21.0491","47.4304","33.4734","40.3168","90.6955","27.0587","20.2994","51.3101","28.2063","37.2362","26.6730","32.4481","18.7284","18.7073","62.3540","21.5215","54.6044","24.0389","23.5223","25.0009","26.1901","81.5486","37.5432","24.5375","25.8684","22.6273","85.4212","62.7733","28.4183","24.9370","156.9705","29.2511","25.6018","40.3114","35.0790","24.1460","18.3983","46.5978","29.8019","18.4266","57.5476","17.9350","33.1922","31.0064","28.9713","30.0633","74.0119","36.3311","81.2386","35.3536","17.1133","11.0000","18.3553","33.6060","149.9263","20.0747","31.9037","30.6498"
"C:\Users\cfg364\Sommerlab Dropbox\Casper van der Luijt\Casper\Data\BioLog\OmniLog\CL3\DATA_2024\08\_RIB40_Aspergillus oryzae__2_30_CL3_769_8#19#2024_A_ 7B_4.OKA","8/19/2024 7:16:29 PM"," 7-B","PM02A","","RIB40","Aspergillus oryzae","",42.5000,"42.9886","39.7145","55.7180","91.7220","82.0020","97.0686","53.8489","79.4167","29.7886","55.5159","33.4880","86.6486","40.6656","30.5713","27.5111","58.0488","96.7749","56.4198","26.5124","87.5467","119.9902","34.0156","35.9885","46.1180","88.9744","20.3328","22.9062","19.6768","35.6512","27.1416","18.6202","22.7852","15.4043","22.5985","26.8469","124.7101","82.7948","51.5508","19.0458","47.1879","33.8909","39.7881","91.6243","19.3818","17.0700","46.1886","28.0821","35.3895","21.9711","33.0446","23.2014","22.2999","61.2760","16.3674","55.1542","21.1342","19.6611","28.0000","26.4073","79.1907","42.1972","17.1678","28.5363","22.3146","83.4964","60.2378","25.0611","21.2429","153.4335","28.3737","25.6898","38.3627","32.0496","22.3093","19.2166","44.8292","30.2397","20.8126","58.1016","14.8317","33.4104","24.1674","25.2695","29.2365","75.7836","34.5724","82.0411","35.6341","14.7574","11.0000","21.4202","33.7465","150.1432","17.9947","31.9115","30.6383"
"C:\Users\cfg364\Sommerlab Dropbox\Casper van der Luijt\Casper\Data\BioLog\OmniLog\CL3\DATA_2024\08\_RIB40_Aspergillus oryzae__2_30_CL3_769_8#19#2024_A_ 7B_4.OKA","8/19/2024 7:16:29 PM"," 7-B","PM02A","","RIB40","Aspergillus oryzae","",42.7500,"42.7413","43.2997","56.1414","93.6380","84.8168","96.8433","54.9576","74.4398","29.9877","52.7170","32.3185","87.5975","39.0781","31.2632","27.1886","60.9794","99.6497","56.9288","27.5509","90.4359","116.9004","34.5088","33.0487","43.5203","88.6250","19.2233","23.7566","19.9348","38.1164","26.4494","19.9009","22.0825","17.2368","23.4660","25.6230","127.8824","84.8552","54.0648","18.4756","47.8925","33.1321","39.0997","95.6571","18.7395","13.9059","43.4517","27.9192","33.3925","21.3293","37.3062","23.0772","20.5421","61.3079","21.2640","53.2565","22.4685","21.5398","26.9559","26.2122","79.4131","43.8553","18.2279","28.3205","17.9197","79.4157","57.5199","27.2463","21.4331","158.2260","24.5342","22.0335","40.8102","31.1317","22.9112","20.0228","43.9074","29.4407","15.9063","56.6965","19.0750","36.0881","22.5055","26.2979","31.7840","72.3075","34.4459","83.3809","33.1707","14.1842","11.0000","22.9267","36.9915","154.3596","17.5757","31.4370","29.4284"
"C:\Users\cfg364\Sommerlab Dropbox\Casper van der Luijt\Casper\Data\BioLog\OmniLog\CL3\DATA_2024\08\_RIB40_Aspergillus oryzae__2_30_CL3_769_8#19#2024_A_ 7B_4.OKA","8/19/2024 7:16:29 PM"," 7-B","PM02A","","RIB40","Aspergillus oryzae","",43.0000,"52.0860","44.4845","55.6718","95.3861","87.9668","97.7643","53.2607","80.8221","31.9190","59.3282","46.3336","100.8642","41.4952","36.3448","33.8574","65.1213","98.4662","60.0641","25.9226","96.3584","114.7361","37.2653","28.7234","51.5982","99.0057","22.1147","20.1177","23.9918","35.2456","29.3589","14.9263","24.0961","16.8930","19.6299","25.3833","134.9748","83.3594","50.0597","24.7401","47.3111","34.7582","35.6232","95.8220","21.2923","16.7515","50.8326","31.3517","40.8297","26.2952","36.0718","24.6576","17.4593","62.5643","17.6106","55.4878","27.0884","21.7433","25.3457","28.8732","82.9177","44.0357","19.3434","27.3378","23.6593","85.0129","60.5482","27.3279","27.7469","159.9058","27.1392","23.0868","41.1046","35.8456","20.6128","19.2784","42.0463","25.7709","16.8438","65.1732","15.7874","35.7427","33.5841","29.0299","36.1847","78.2556","35.4924","83.2872","35.3157","13.0085","14.0539","22.2249","36.3389","154.9247","22.1189","39.7485","30.6802"
"C:\Users\cfg364\Sommerlab Dropbox\Casper van der Luijt\Casper\Data\BioLog\OmniLog\CL3\DATA_2024\08\_RIB40_Aspergillus oryzae__2_30_CL3_769_8#19#2024_A_ 7B_4.OKA","8/19/2024 7:16:29 PM"," 7-B","PM02A","","RIB40","Aspergillus oryzae","",43.2500,"44.3960","41.8614","56.3871","97.9546","85.0773","98.1506","51.8509","80.3248","26.0604","53.1615","34.0682","91.1227","39.5308","34.5438","30.5461","61.2004","104.5851","60.8247","24.4890","95.5765","117.1689","34.5109","26.9774","44.9632","96.5898","20.5828","22.2631","20.7760","38.9277","27.5294","20.0976","21.1183","17.4695","20.7612","25.7695","129.8353","83.0723","50.4533","19.9609","45.3509","33.8333","40.8103","96.1081","21.2282","13.0680","49.5298","30.7310","37.7259","25.4099","37.1969","22.5779","23.7933","66.5356","19.7512","56.9707","20.1347","19.3133","26.6558","27.3162","81.2753","38.4938","17.8409","24.0579","23.7831","86.2890","66.9384","29.3570","26.1415","159.5560","29.3168","26.4621","39.2895","32.9764","22.7136","18.2514","40.5929","27.7212","15.0236","62.8316","19.1164","36.2216","25.5161","28.4214","30.4948","74.7853","32.0025","80.0981","32.6311","16.3559","11.0964","17.8421","30.6409","153.7047","19.4762","36.1943","28.2008"
"C:\Users\cfg364\Sommerlab Dropbox\Casper van der Luijt\Casper\Data\BioLog\OmniLog\CL3\DATA_2024\08\_RIB40_Aspergillus oryzae__2_30_CL3_769_8#19#2024_A_ 7B_4.OKA","8/19/2024 7:16:29 PM"," 7-B","PM02A","","RIB40","Aspergillus oryzae","",43.5000,"54.0395","45.9741","54.9891","96.1065","90.8562","97.8608","51.7853","83.2424","28.3773","59.6298","43.0761","101.9757","43.3661","42.7301","36.8151","64.7999","102.3177","65.4522","27.7797","98.8344","115.1902","39.4623","29.3494","49.8573","98.4723","22.5711","20.5910","22.2553","33.8102","27.3401","18.7250","23.3597","16.9891","18.9835","23.6457","138.9612","86.6137","52.2242","24.1742","51.7455","36.5121","37.7793","96.9661","23.3765","19.4981","50.5720","29.0976","33.5111","21.9601","35.4290","23.4781","22.2255","64.8200","20.7271","54.3203","26.4879","21.2957","26.4266","28.1272","85.6340","43.0505","22.1884","23.9651","25.3926","83.8963","64.7979","29.4521","28.0302","160.9551","25.6982","23.6333","44.4530","36.3645","25.3555","18.1269","44.5510","33.6040","16.3009","65.3314","17.1190","35.5512","32.4723","27.9411","35.7494","78.6855","35.4924","86.3200","36.1180","14.8576","12.4787","22.2879","34.4608","155.3099","19.8307","38.6476","34.4303"
"C:\Users\cfg364\Sommerlab Dropbox\Casper van der Luijt\Casper\Data\BioLog\OmniLog\CL3\DATA_2024\08\_RIB40_Aspergillus oryzae__2_30_CL3_769_8#19#2024_A_ 7B_4.OKA","8/19/2024 7:16:29 PM"," 7-B","PM02A","","RIB40","Aspergillus oryzae","",43.7500,"55.4940","44.8461","52.3226","95.3259","88.9631","96.2646","51.2811","81.9657","32.0114","60.3743","45.1568","101.1983","41.6592","34.4794","31.8995","66.0011","99.4193","63.8232","25.0174","98.0156","112.6411","35.4447","26.5346","45.4568","98.0946","21.8540","22.0074","20.6642","32.4130","25.2684","18.0419","21.1724","15.0122","17.3726","20.1743","138.1182","83.5718","52.1481","25.6997","51.2205","38.2403","33.9093","95.5179","21.8681","21.6434","50.9009","30.7758","33.8473","25.0688","39.6376","21.5380","18.2868","63.1259","17.4632","55.1122","18.1520","23.0703","25.3439","20.2334","83.6650","42.2545","19.4533","26.7954","19.8684","80.1749","61.6936","31.7734","23.1284","162.1704","25.9718","24.3063","46.4505","36.5541","23.7656","19.2762","40.7000","30.7548","16.8298","63.8580","19.3123","34.9981","30.5682","29.2627","35.3646","75.2097","37.9676","89.9135","33.1238","17.0333","11.0000","20.5527","37.3515","154.9392","22.8852","37.5228","32.3980"
"C:\Users\cfg364\Sommerlab Dropbox\Casper van der Luijt\Casper\Data\BioLog\OmniLog\CL3\DATA_2024\08\_RIB40_Aspergillus oryzae__2_30_CL3_769_8#19#2024_A_ 7B_4.OKA","8/19/2024 7:16:29 PM"," 7-B","PM02A","","RIB40","Aspergillus oryzae","",44.0000,"43.5609","41.7598","56.3714","95.6405","90.4434","97.6402","51.7624","85.3972","25.0088","55.6577","33.9748","81.9882","38.0480","26.9280","27.8582","62.2903","101.4315","63.9860","33.7307","99.8846","118.5008","35.9362","28.6108","45.0909","94.0485","22.5874","21.6416","24.9898","35.1057","25.4631","16.9281","23.4746","15.7936","22.1199","21.7124","132.7909","85.7515","55.2512","20.6304","50.0002","33.2811","39.7775","96.4009","23.7303","16.2501","46.8696","28.5207","34.9441","21.7947","37.6933","26.6844","19.0338","61.2386","21.0900","55.3026","21.4493","23.9046","26.5109","25.8901","85.0617","36.8550","15.0785","25.9112","21.0343","85.8822","66.3078","26.8639","20.7338","159.2529","31.9516","26.1624","40.2672","32.8594","21.6681","16.8151","43.7493","30.0896","20.0127","63.4289","21.3697","39.9831","25.9767","27.6111","31.7218","73.8339","35.0524","80.7593","36.2184","18.5819","11.0000","16.9939","34.7358","151.4945","20.1859","32.6080","28.6448"
"C:\Users\cfg364\Sommerlab Dropbox\Casper van der Luijt\Casper\Data\BioLog\OmniLog\CL3\DATA_2024\08\_RIB40_Aspergillus oryzae__2_30_CL3_769_8#19#2024_A_ 7B_4.OKA","8/19/2024 7:16:29 PM"," 7-B","PM02A","","RIB40","Aspergillus oryzae","",44.2500,"49.0327","45.2815","56.2996","96.6400","94.9545","95.7544","54.2447","79.3641","31.9799","62.8293","42.8132","97.3153","39.7007","35.6687","32.0320","68.3456","101.6074","59.4379","29.5063","100.8451","115.1756","40.8367","28.6823","47.1273","97.3029","22.1311","20.2028","21.2833","33.8370","25.0273","20.2792","21.3372","16.3571","24.2762","23.8768","137.3966","86.1198","48.2744","24.1229","49.3792","37.5269","33.1827","99.3203","23.6714","20.3452","46.5849","29.9449","38.7833","21.0338","35.4119","22.6336","21.8352","61.6506","21.8687","55.6618","22.4762","18.7941","30.6985","24.2312","86.4552","42.7288","21.5899","23.7648","24.2134","84.9602","62.1100","29.2102","22.6547","156.7444","26.6424","19.5898","43.3397","31.2686","24.2267","19.1677","43.0099","32.1748","17.0900","66.1667","19.0189","35.9888","28.5913","28.0912","37.2311","75.6173","35.4968","87.7357","35.0892","12.5644","14.0081","22.2141","35.7872","151.5330","19.9437","35.4949","32.5562"
"C:\Users\cfg364\Sommerlab Dropbox\Casper van der Luijt\Casper\Data\BioLog\OmniLog\CL3\DATA_2024\08\_RIB40_Aspergillus oryzae__2_30_CL3_769_8#19#2024_A_ 7B_4.OKA","8/19/2024 7:16:29 PM"," 7-B","PM02A","","RIB40","Aspergillus oryzae","",44.5000,"41.1768","38.6963","55.5544","92.1410","90.3254","97.4347","54.2774","81.0582","28.7318","60.9355","27.8757","85.2805","39.1715","31.5188","29.2747","64.3358","104.9022","63.3816","29.6678","98.4388","116.4397","33.2544","27.2362","41.9049","98.0303","19.4622","22.5350","23.8944","35.7115","21.4809","17.1967","18.6654","17.8559","21.1259","29.6746","134.1784","85.4832","52.5828","25.4447","49.6364","36.1990","35.3883","97.6760","23.3211","11.8992","49.5801","27.1637","35.7180","20.9726","33.7028","21.6382","21.5833","61.0450","23.2390","58.6413","19.0429","22.1161","31.4148","21.4543","81.8123","40.2668","20.2502","25.0906","19.6228","85.9174","65.1127","26.6494","23.8233","159.4913","27.9219","25.0149","37.5625","30.7497","21.9747","17.9565","43.8474","29.1681","21.0866","65.5312","20.3133","41.1775","28.2720","22.6619","30.9059","74.5641","35.0233","84.3912","35.8295","13.3625","11.0000","16.6070","38.4610","151.0838","25.2009","33.4116","29.2470"
"C:\Users\cfg364\Sommerlab Dropbox\Casper van der Luijt\Casper\Data\BioLog\OmniLog\CL3\DATA_2024\08\_RIB40_Aspergillus oryzae__2_30_CL3_769_8#19#2024_A_ 7B_4.OKA","8/19/2024 7:16:29 PM"," 7-B","PM02A","","RIB40","Aspergillus oryzae","",44.7500,"52.2594","42.6569","56.9958","100.1905","93.4816","98.1134","51.8207","81.7333","27.3026","62.0824","40.8351","98.0170","39.0793","37.2031","34.3566","69.0268","102.3720","68.0692","29.5244","105.3905","113.4568","36.5957","28.3120","49.4959","104.1957","22.0153","23.0152","21.3052","35.8218","25.6759","15.8979","20.0167","17.0833","20.3788","26.3649","141.1235","91.6350","55.6237","24.3108","49.7678","38.9484","33.8586","98.6843","20.3157","19.6951","50.4303","30.5653","34.4485","22.3199","36.6992","23.6054","22.4704","61.7448","23.6438","57.8132","20.4205","22.3079","26.3477","24.6181","85.4917","43.0691","22.8870","27.1155","25.5656","83.0041","65.5970","28.1041","29.8134","163.3110","28.4684","25.3027","43.6584","36.1181","19.1504","16.2335","45.3509","27.5910","19.1279","70.0946","15.9806","36.8867","28.2488","24.9555","33.9001","76.9398","37.0746","85.6064","33.0859","13.7701","11.0000","21.9007","35.0733","154.7599","19.5767","35.9646","30.8986"
"C:\Users\cfg364\Sommerlab Dropbox\Casper van der Luijt\Casper\Data\BioLog\OmniLog\CL3\DATA_2024\08\_RIB40_Aspergillus oryzae__2_30_CL3_769_8#19#2024_A_ 7B_4.OKA","8/19/2024 7:16:29 PM"," 7-B","PM02A","","RIB40","Aspergillus oryzae","",45.0000,"57.0709","42.6545","48.8120","101.8898","96.6927","96.7857","54.1440","84.7919","31.0962","60.6570","41.0000","99.7402","39.4271","35.8259","35.1051","69.9397","98.4156","64.0415","29.5901","104.0659","117.0793","38.2053","28.1697","48.6878","101.5628","18.8661","20.2556","20.5458","35.4833","27.9219","14.6995","25.1784","16.8464","21.6066","23.4877","136.3395","91.9358","50.7043","23.9893","48.0883","40.3366","31.9861","100.7999","22.2094","16.8254","54.7624","31.2740","31.6218","23.5343","39.5623","20.9825","18.8692","63.1190","20.3718","57.4824","25.2393","16.9135","24.7625","23.1076","83.2999","42.3994","18.3215","26.2951","19.9776","81.3362","68.6804","34.3807","25.9339","164.6978","25.8470","21.3415","41.5987","32.5171","23.8190","14.3462","42.5580","27.8567","14.3735","70.9750","17.9237","36.7228","28.5997","28.5205","35.6970","79.6912","36.4271","91.1712","34.2277","12.1109","11.0000","21.4294","35.1857","151.9050","15.5085","38.2003","28.6902"
"C:\Users\cfg364\Sommerlab Dropbox\Casper van der Luijt\Casper\Data\BioLog\OmniLog\CL3\DATA_2024\08\_RIB40_Aspergillus oryzae__2_30_CL3_769_8#19#2024_A_ 7B_4.OKA","8/19/2024 7:16:29 PM"," 7-B","PM02A","","RIB40","Aspergillus oryzae","",45.2500,"46.0883","41.6166","57.0619","99.6921","87.9550","98.1060","51.5153","86.3845","26.7922","59.7189","33.3825","87.9082","39.9269","29.7099","27.5622","64.6572","106.2801","65.8233","34.8648","103.5152","119.5176","37.8110","25.4068","44.3759","98.6384","19.1283","20.8874","20.5782","38.2244","26.5353","20.1851","21.1867","15.9519","20.7093","26.1912","134.6573","89.5861","56.1841","21.5676","49.6041","38.3723","35.1277","102.3809","24.8843","16.2139","53.8561","27.9332","34.9108","23.7488","43.1887","22.2536","18.8063","58.6765","24.1703","58.9726","23.5028","15.2423","27.9083","28.0091","82.4422","40.3369","20.6874","27.0029","18.0449","82.6512","68.8689","32.0866","22.8713","165.3616","31.3471","28.0747","39.1245","29.8312","24.9960","15.6909","43.4218","32.6226","14.3735","69.4827","16.3745","40.6482","22.0360","26.2185","29.3056","78.0923","32.3372","93.2451","35.7064","17.6972","11.0000","19.7017","36.9515","152.1303","15.7680","35.7993","29.4364"
"C:\Users\cfg364\Sommerlab Dropbox\Casper van der Luijt\Casper\Data\BioLog\OmniLog\CL3\DATA_2024\08\_RIB40_Aspergillus oryzae__2_30_CL3_769_8#19#2024_A_ 7B_4.OKA","8/19/2024 7:16:29 PM"," 7-B","PM02A","","RIB40","Aspergillus oryzae","",45.5000,"54.4028","44.0491","53.9518","102.9886","95.8348","103.4515","52.5668","83.9956","30.0699","56.4017","42.0067","98.5570","39.3021","35.8588","34.8162","72.5330","104.5325","68.3052","32.9994","109.0545","116.3966","37.0881","28.2026","49.3461","103.8197","20.8327","22.4984","21.6460","35.9817","24.4556","15.7201","22.8153","16.7186","23.1767","23.1980","141.6170","94.2536","52.9684","22.8571","51.0876","40.9702","32.6773","102.3809","25.5530","18.4347","56.7369","27.7039","33.7267","24.1472","41.6804","22.7806","18.3656","60.2861","22.0531","60.6531","25.1446","17.1385","27.0235","23.1076","83.2046","44.1233","20.3677","27.8338","21.7855","83.1644","65.8215","34.7263","29.0280","165.2984","28.7083","21.1804","44.0103","31.9677","25.8230","15.9099","47.2779","29.7119","14.3735","69.6415","19.0618","40.8397","28.9537","26.3784","34.3008","81.9666","38.2659","97.0215","37.4316","15.6341","13.0874","20.8640","40.8616","155.2844","18.2006","35.1991","31.0219"
"C:\Users\cfg364\Sommerlab Dropbox\Casper van der Luijt\Casper\Data\BioLog\OmniLog\CL3\DATA_2024\08\_RIB40_Aspergillus oryzae__2_30_CL3_769_8#19#2024_A_ 7B_4.OKA","8/19/2024 7:16:29 PM"," 7-B","PM02A","","RIB40","Aspergillus oryzae","",45.7500,"55.4887","43.0112","55.5559","101.1049","97.9318","100.6499","48.8537","86.5172","31.0300","63.1365","41.9732","99.4444","39.2396","40.6267","35.4260","69.7797","101.5676","68.7506","33.2245","110.0263","112.4954","36.1024","28.4658","47.7991","104.7098","20.8982","21.0138","22.1314","37.6637","28.9302","18.5904","24.3800","17.5493","21.6386","24.9038","143.2332","89.8719","54.7075","23.8321","52.2164","40.1148","32.1118","101.9066","25.3301","18.7887","54.9890","30.0621","32.7729","24.3310","43.2529","21.2305","18.8692","57.4854","21.5549","56.8800","26.4075","17.3313","27.1874","24.4385","83.7764","41.9684","18.7052","24.2332","22.1596","84.2869","68.3976","33.0608","27.8914","165.3300","29.8211","22.2758","44.9499","30.8689","22.5149","17.4422","44.2547","32.1428","17.2009","71.3560","19.9470","38.8929","27.9562","29.4797","33.5562","78.8303","34.2712","94.2047","35.0595","18.6176","11.8992","23.3457","40.1679","152.8061","15.6058","36.7155","32.3277"
"C:\Users\cfg364\Sommerlab Dropbox\Casper van der Luijt\Casper\Data\BioLog\OmniLog\CL3\DATA_2024\08\_RIB40_Aspergillus oryzae__2_30_CL3_769_8#19#2024_A_ 7B_4.OKA","8/19/2024 7:16:29 PM"," 7-B","PM02A","","RIB40","Aspergillus oryzae","",46.0000,"59.2283","40.9182","61.1424","101.8174","97.2236","100.9836","54.7177","84.9591","27.6465","60.1501","44.4758","98.6519","41.1609","36.3292","31.9881","72.7131","104.2296","66.2056","30.3328","109.8456","111.2386","35.5987","23.4690","46.1374","107.1498","23.8493","23.8425","23.0077","36.3181","25.5485","17.0774","18.0603","14.7531","19.1892","24.3094","142.8145","92.0006","55.7110","25.6292","54.4623","41.8883","34.7330","100.9362","22.2202","18.5795","50.7846","30.8656","34.8948","20.3739","41.4698","20.0141","22.1000","61.0712","22.6182","55.4276","24.1447","21.8223","27.0513","26.7012","84.3142","43.2769","18.9893","22.7273","19.3339","85.7417","65.3980","30.4986","26.1389","163.9311","29.2002","19.3973","46.6558","31.8682","21.4769","22.3593","45.2752","33.7273","15.6819","74.8778","17.6287","39.0817","27.6955","26.9343","32.7765","77.4796","36.7308","90.4964","38.5754","15.9223","11.0000","16.7840","40.0031","156.5154","15.8791","36.2923","34.2813"
"C:\Users\cfg364\Sommerlab Dropbox\Casper van der Luijt\Casper\Data\BioLog\OmniLog\CL3\DATA_2024\08\_RIB40_Aspergillus oryzae__2_30_CL3_769_8#19#2024_A_ 7B_4.OKA","8/19/2024 7:16:29 PM"," 7-B","PM02A","","RIB40","Aspergillus oryzae","",46.2500,"56.2101","45.2523","59.2698","106.4133","99.8864","101.8909","52.5187","89.3582","31.7333","61.3180","43.4141","100.8235","40.6613","38.9145","34.2701","73.5113","105.5379","68.0586","32.5883","106.1556","115.8465","39.3705","27.8232","46.9669","105.2154","24.7578","20.8208","19.9816","36.9120","29.6196","16.9174","17.9961","14.2399","19.0602","22.2840","144.8312","95.6077","53.5523","24.5304","57.1566","40.2358","35.5482","101.9513","26.5112","17.7732","52.8734","28.6402","34.9603","19.6647","43.5611","21.5372","19.5288","63.1734","20.6818","60.7628","23.7646","21.0266","31.5535","23.8199","85.3298","41.3020","20.0759","24.2745","19.3339","86.1235","64.7022","31.1973","23.9173","163.8993","26.5593","20.0755","45.4704","31.5032","25.5530","19.0784","46.9720","29.5659","19.4720","78.4423","14.4254","38.0902","30.9579","28.1526","32.3092","76.0283","37.0469","90.5276","37.0965","16.8115","11.0000","14.9408","38.5498","156.0985","19.1749","34.7412","30.9422"
"C:\Users\cfg364\Sommerlab Dropbox\Casper van der Luijt\Casper\Data\BioLog\OmniLog\CL3\DATA_2024\08\_RIB40_Aspergillus oryzae__2_30_CL3_769_8#19#2024_A_ 7B_4.OKA","8/19/2024 7:16:29 PM"," 7-B","PM02A","","RIB40","Aspergillus oryzae","",46.5000,"47.0018","39.2363","55.8473","103.7061","93.7683","104.2563","56.4244","89.9205","24.8887","59.2826","36.5464","86.4122","37.5391","28.0170","30.1239","66.5833","107.5626","73.7452","33.7161","111.0211","115.9114","39.4689","23.5679","41.4922","102.3614","21.6428","22.7094","25.3255","39.0374","28.6097","16.3417","21.7189","13.3417","20.1564","23.6664","139.1447","92.3170","57.1829","22.1132","53.0509","37.3440","37.6174","100.8410","24.6994","15.2897","50.6214","27.2329","37.4479","17.3212","42.2741","22.1278","21.0339","64.2882","23.8987","57.8729","22.7510","20.3263","25.9420","25.8918","82.9812","38.7409","20.1717","23.0368","23.6253","84.5008","69.6043","29.2283","25.1550","163.0385","28.1502","24.1773","41.8206","30.9252","20.7126","20.1927","46.0773","28.1255","14.6945","74.7516","14.4571","39.9133","25.7125","25.4595","29.8480","81.2158","33.8858","94.1467","34.7549","14.3027","11.0000","13.9556","34.8533","150.3895","15.6852","31.4175","29.8600"
"C:\Users\cfg364\Sommerlab Dropbox\Casper van der Luijt\Casper\Data\BioLog\OmniLog\CL3\DATA_2024\08\_RIB40_Aspergillus oryzae__2_30_CL3_769_8#19#2024_A_ 7B_4.OKA","8/19/2024 7:16:29 PM"," 7-B","PM02A","","RIB40","Aspergillus oryzae","",46.7500,"47.0634","43.5704","62.4017","106.0985","95.6386","102.9602","55.0787","88.2998","27.6797","58.3816","38.8689","88.9457","38.6943","28.4097","30.2846","69.9036","108.2167","69.6879","32.4272","110.0088","115.6194","40.1905","27.5923","39.9660","101.9808","19.5013","22.3002","21.8165","38.3185","27.5998","19.0285","20.3068","12.4114","21.3171","24.7916","141.8226","91.9057","60.0284","21.2969","56.1943","43.1594","38.6833","105.6630","24.5087","13.3867","49.5117","30.6038","33.3564","19.8805","43.8829","22.7183","23.3543","61.6764","22.0872","59.3655","22.0225","22.2998","27.3775","25.5357","82.5051","40.9318","19.6604","21.0874","20.2358","85.9008","69.9522","28.2121","23.6316","164.8557","29.8366","22.9823","43.6611","34.2714","23.4831","17.2832","44.5965","35.5519","22.1792","73.3321","19.8806","41.2566","25.6486","25.7160","27.8542","80.1351","35.5296","92.8988","36.4495","18.5263","11.0000","15.2904","36.3698","153.7571","19.8212","36.1024","28.2214"
"C:\Users\cfg364\Sommerlab Dropbox\Casper van der Luijt\Casper\Data\BioLog\OmniLog\CL3\DATA_2024\08\_RIB40_Aspergillus oryzae__2_30_CL3_769_8#19#2024_A_ 7B_4.OKA","8/19/2024 7:16:29 PM"," 7-B","PM02A","","RIB40","Aspergillus oryzae","",47.0000,"54.4236","44.1232","59.2295","107.8641","97.4053","98.8770","54.2971","87.7062","30.3861","62.6508","48.9002","106.2468","38.7629","34.5543","29.1113","72.0258","102.9416","69.8275","31.8740","110.9426","112.4634","40.9652","26.3094","51.7885","104.7327","20.0858","23.7353","25.3889","37.9015","26.6296","16.2331","21.3463","15.4124","19.8629","24.0769","148.5764","95.1891","57.3085","23.8559","57.0909","45.2839","34.3589","103.3026","26.8287","21.5125","51.4778","30.2944","35.3890","25.3774","46.5692","17.9836","15.1054","62.1802","19.6166","60.3479","22.1784","22.9275","27.2086","24.4180","83.2933","39.9015","17.8621","29.3891","20.3072","83.8179","72.4000","29.0136","24.1761","165.5858","25.4501","23.6279","44.3358","32.2729","22.5245","14.4456","45.7904","31.2685","14.2061","80.0230","18.4472","39.9990","27.7843","28.6990","31.1024","83.5902","36.6485","95.9250","35.4781","13.1136","13.9173","21.1641","41.0824","157.3832","17.8637","37.4404","31.4958"
"C:\Users\cfg364\Sommerlab Dropbox\Casper van der Luijt\Casper\Data\BioLog\OmniLog\CL3\DATA_2024\08\_RIB40_Aspergillus oryzae__2_30_CL3_769_8#19#2024_A_ 7B_4.OKA","8/19/2024 7:16:29 PM"," 7-B","PM02A","","RIB40","Aspergillus oryzae","",47.2500,"56.4073","45.2888","55.9033","109.5005","99.0194","100.4428","52.9850","91.1868","29.7886","60.8467","43.3247","103.8615","40.3868","34.2904","36.0000","73.5330","107.2411","74.2938","31.9712","115.6244","116.1103","38.5995","29.1469","49.6244","106.4537","19.9874","23.2020","25.2927","35.1895","26.9454","18.6901","22.8839","16.4995","23.1180","23.0833","147.0303","95.6326","57.2105","25.3647","58.1442","46.1670","34.1397","103.8762","26.3222","18.5227","51.2483","28.6920","37.1148","23.5536","43.9689","14.5388","15.8317","63.7137","20.3685","61.0764","24.6236","23.8181","22.9760","22.8947","84.9694","43.6068","20.1067","26.9719","25.1470","85.0310","72.0863","30.7896","26.3351","167.4238","25.7698","21.1152","44.2415","32.1203","23.8333","14.4143","45.3575","33.6982","15.1038","78.9495","18.5423","40.2542","29.4531","30.2033","32.2610","86.8786","38.6068","94.2059","34.0820","14.0423","14.2700","21.6376","43.6050","157.6387","20.6027","38.3228","29.7230"
"C:\Users\cfg364\Sommerlab Dropbox\Casper van der Luijt\Casper\Data\BioLog\OmniLog\CL3\DATA_2024\08\_RIB40_Aspergillus oryzae__2_30_CL3_769_8#19#2024_A_ 7B_4.OKA","8/19/2024 7:16:29 PM"," 7-B","PM02A","","RIB40","Aspergillus oryzae","",47.5000,"55.8494","45.7421","59.0991","106.9515","105.6343","102.9219","54.2643","86.6123","31.4151","60.1117","47.5063","104.0903","38.4506","37.0945","30.9547","77.2529","108.4250","73.0815","30.8044","118.3554","116.0126","40.1438","28.5860","50.1163","110.7882","21.4963","23.1079","27.8885","36.4052","27.1348","16.2331","21.7307","15.6362","21.1198","25.9038","150.7477","95.1575","58.9075","23.8874","62.4213","45.3469","37.2396","105.3736","27.0186","18.8120","54.0015","29.4441","37.5381","24.2528","49.3620","18.3594","16.7475","61.7968","18.4886","63.9587","24.0520","22.5776","26.7821","24.7421","88.4797","42.4643","20.6839","28.5936","22.6030","87.4891","73.9060","31.1384","28.4940","170.4661","28.3913","19.2468","44.6188","30.1670","22.1414","13.6625","45.2956","31.5882","17.2198","79.3284","18.1303","39.1696","29.1643","28.4750","31.7913","86.9708","36.3010","93.7683","37.9290","11.4163","11.0000","20.5644","40.4202","156.1375","20.9894","40.9700","29.9718"
"C:\Users\cfg364\Sommerlab Dropbox\Casper van der Luijt\Casper\Data\BioLog\OmniLog\CL3\DATA_2024\08\_RIB40_Aspergillus oryzae__2_30_CL3_769_8#19#2024_A_ 7B_4.OKA","8/19/2024 7:16:29 PM"," 7-B","PM02A","","RIB40","Aspergillus oryzae","",47.7500,"56.3143","42.8604","58.8708","107.9271","102.3744","101.0952","55.7731","85.5515","29.4566","64.6220","45.6810","106.6716","41.5423","32.9048","35.9677","75.5854","109.1728","73.2729","29.2810","119.8185","117.5756","38.7310","28.4870","50.8704","109.6727","21.9555","24.2685","25.5811","38.0574","27.5453","18.1158","21.0580","15.6362","17.5747","26.2885","149.8265","98.5783","56.2641","23.2587","61.3042","45.6623","38.4295","104.1948","25.6257","20.4516","51.8711","35.3960","38.9057","24.7391","47.5964","18.3908","15.6738","63.1706","19.8986","64.9089","21.6703","24.0089","28.4882","24.9041","87.3096","42.4952","20.4594","27.8287","20.4934","85.3183","72.9334","31.7093","27.5733","167.5189","28.2315","22.7903","42.2916","30.7469","21.9498","15.7299","45.7904","35.3606","16.2580","80.0546","18.7641","43.0935","31.6033","31.6435","28.5035","85.9873","36.5221","94.9560","37.5877","14.0423","14.3982","19.5543","40.4517","157.7346","21.1183","36.9992","31.9934"
"C:\Users\cfg364\Sommerlab Dropbox\Casper van der Luijt\Casper\Data\BioLog\OmniLog\CL3\DATA_2024\08\_RIB40_Aspergillus oryzae__2_30_CL3_769_8#19#2024_A_ 7B_4.OKA","8/19/2024 7:16:29 PM"," 7-B","PM02A","","RIB40","Aspergillus oryzae","",48.0000,"46.7315","37.0482","59.5520","108.3340","99.2929","104.4665","58.0847","94.0065","24.8298","58.9136","33.4988","88.7443","37.3305","31.6431","31.4587","70.2003","109.0241","78.1170","32.1204","118.8261","113.1043","37.3859","23.3423","41.8899","104.3383","22.3720","25.5136","21.3556","43.0931","27.2759","17.2134","18.0020","15.4331","24.3730","25.2548","144.8474","95.2648","57.9659","23.7443","59.0323","44.4362","34.6569","104.1942","25.6804","11.0000","53.7216","24.7563","38.8202","20.4731","49.9188","19.6149","19.9467","59.0170","21.4876","67.4414","22.6447","21.7167","26.8624","24.0046","86.3625","38.5340","17.0618","20.1989","19.7140","85.9682","74.3213","30.2203","23.2261","167.4704","33.1828","23.5976","41.7908","28.4795","22.9889","15.8751","46.5092","36.2507","15.1013","79.7495","16.0149","47.2945","27.7381","25.2720","28.4333","83.7911","36.6607","92.7008","35.8196","14.0291","11.0000","15.5176","35.6606","149.7592","17.2476","31.2276","27.0881"
"C:\Users\cfg364\Sommerlab Dropbox\Casper van der Luijt\Casper\Data\BioLog\OmniLog\CL3\DATA_2024\08\_RIB40_Aspergillus oryzae__2_30_CL3_769_8#19#2024_A_ 7B_4.OKA","8/19/2024 7:16:29 PM"," 7-B","PM02A","","RIB40","Aspergillus oryzae","",48.2500,"53.3576","44.5970","60.0060","108.0815","108.6249","106.1108","58.5406","93.1814","29.9162","63.5386","46.4497","104.6674","39.1087","38.7096","34.3216","77.6284","111.0202","79.4848","32.8007","122.1408","112.8110","39.9160","28.9344","47.6322","112.9620","24.9136","23.8835","23.1945","43.0620","27.1185","19.6670","19.8970","16.5174","25.9050","20.5140","153.0938","99.0676","52.8903","24.2793","61.1936","48.2286","34.3085","106.2285","26.4129","19.4431","57.0781","28.1051","39.1137","18.2657","47.2922","20.0206","15.2528","62.7377","20.5770","64.7567","23.5940","22.2589","26.6982","27.0206","86.2361","41.1298","18.0561","23.8105","20.6753","88.2611","72.0520","35.6349","25.6017","166.2958","31.5620","20.3113","48.0177","29.9133","23.4034","17.2724","48.6996","31.6043","16.7354","79.0215","14.3010","42.9213","34.0308","30.0932","35.5935","84.4385","34.5724","95.0351","37.3069","11.8928","11.0000","18.1713","41.7466","159.5720","18.9223","37.6435","30.8772"
"C:\Users\cfg364\Sommerlab Dropbox\Casper van der Luijt\Casper\Data\BioLog\OmniLog\CL3\DATA_2024\08\_RIB40_Aspergillus oryzae__2_30_CL3_769_8#19#2024_A_ 7B_4.OKA","8/19/2024 7:16:29 PM"," 7-B","PM02A","","RIB40","Aspergillus oryzae","",48.5000,"44.4092","39.8668","64.3520","111.4586","106.8339","108.7223","61.2758","94.2376","24.0652","64.0044","38.0911","94.1943","38.9215","34.8819","33.0992","72.1214","111.4880","77.2263","33.7725","121.6534","111.3450","37.9773","24.7321","42.4839","109.4744","19.6023","25.3255","23.6139","43.8721","27.1500","18.5517","19.5758","16.3898","21.8516","21.4170","149.9726","98.2437","57.1090","22.4227","59.7742","47.5333","35.4486","106.6417","24.7569","11.0000","53.8519","29.4183","37.7439","19.6147","50.2712","18.5848","17.8675","59.3377","16.6206","65.7990","20.9676","21.0788","27.6834","26.0477","86.4888","38.7812","17.8316","24.9218","23.9004","86.3185","73.8486","30.0620","25.8234","167.9783","32.4200","24.6608","43.9812","30.3404","25.7310","17.5208","49.9954","33.9115","18.9143","81.7436","16.6180","43.9428","28.4089","26.4853","28.6201","85.8567","34.6041","98.3654","35.6646","12.7218","11.0000","15.1069","36.5799","153.1904","20.1782","33.9456","29.0137"
"C:\Users\cfg364\Sommerlab Dropbox\Casper van der Luijt\Casper\Data\BioLog\OmniLog\CL3\DATA_2024\08\_RIB40_Aspergillus oryzae__2_30_CL3_769_8#19#2024_A_ 7B_4.OKA","8/19/2024 7:16:29 PM"," 7-B","PM02A","","RIB40","Aspergillus oryzae","",48.7500,"54.6430","45.2084","60.0984","112.5894","107.0603","109.0202","58.6071","95.8945","29.4304","63.4679","42.7085","105.4152","41.2168","38.7943","35.9565","79.3287","110.3901","76.9735","30.5265","129.2462","117.2338","43.2154","31.7237","46.2292","113.9939","24.7907","21.6574","25.8892","36.2894","28.7294","21.9089","24.5642","17.5473","20.4323","24.8451","150.3752","101.4896","61.4545","23.7503","58.5043","46.6943","38.0856","107.9905","27.9176","17.8190","57.9365","32.2222","35.9053","24.0990","47.8906","19.7523","19.5457","61.1876","18.5410","61.4834","25.5437","23.9367","30.7119","26.1740","84.4877","42.9297","21.2390","24.9608","24.9191","86.7888","69.8808","32.7690","29.6810","167.7769","30.1614","20.4904","47.3382","30.7852","23.7027","16.4811","50.7167","36.7248","20.9443","81.9127","20.3205","41.9926","31.2655","29.6976","34.8271","91.3740","40.0384","97.2092","39.9401","15.0452","11.2246","20.1972","41.3662","156.8421","18.2771","36.9123","28.4509"
"C:\Users\cfg364\Sommerlab Dropbox\Casper van der Luijt\Casper\Data\BioLog\OmniLog\CL3\DATA_2024\08\_RIB40_Aspergillus oryzae__2_30_CL3_769_8#19#2024_A_ 7B_4.OKA","8/19/2024 7:16:29 PM"," 7-B","PM02A","","RIB40","Aspergillus oryzae","",49.0000,"45.0324","39.1586","64.5908","108.1320","102.2047","108.3469","61.9202","95.8280","28.0692","63.9593","33.6742","91.1818","39.2337","32.7369","33.1873","78.3428","112.2617","77.5747","34.5914","123.4147","114.9866","37.5440","24.8749","38.5948","111.0744","18.7910","20.7999","23.6480","42.6201","29.5737","19.6715","16.8563","17.4404","19.7439","27.3745","150.8117","101.0153","66.4759","20.6691","61.9962","45.7615","40.7828","106.4153","22.6491","14.4860","56.9091","30.9526","35.1537","21.5617","49.3796","20.2235","19.0485","60.9887","22.1982","69.1913","21.4007","23.4197","27.4876","27.3860","86.2928","41.8692","18.9356","25.6435","20.5785","86.8279","78.5488","32.3680","24.7413","166.9881","27.9124","28.8073","42.2843","31.0075","23.5291","16.0751","50.7429","35.5773","18.2099","81.5165","18.4600","47.3693","26.7692","26.4919","31.7355","87.0315","35.7671","99.2497","43.3540","16.2395","11.0000","13.6315","41.2808","152.4953","16.3056","35.0333","28.4602"
"C:\Users\cfg364\Sommerlab Dropbox\Casper van der Luijt\Casper\Data\BioLog\OmniLog\CL3\DATA_2024\08\_RIB40_Aspergillus oryzae__2_30_CL3_769_8#19#2024_A_ 7B_4.OKA","8/19/2024 7:16:29 PM"," 7-B","PM02A","","RIB40","Aspergillus oryzae","",49.2500,"57.1053","46.1977","59.5437","113.5732","108.4643","107.9762","61.3057","94.5860","31.5070","64.2205","46.2668","106.0744","37.9146","38.0338","35.4759","78.8791","111.7713","78.7062","34.1895","124.3811","113.6717","41.9550","32.0939","46.9858","113.5993","24.6803","20.2912","22.3355","42.6526","31.3250","20.2600","22.7403","15.4248","20.8286","23.9636","152.7220","101.0019","53.9701","22.6391","64.9723","47.4893","34.8388","106.5980","23.6623","14.9325","57.5583","31.0536","40.0328","22.1348","49.9530","19.3468","19.1206","61.1090","20.1096","65.0886","21.0228","22.1507","30.6530","25.4144","88.1663","40.6985","21.8515","26.5428","19.7918","88.0050","77.2002","34.1979","29.6573","170.2448","27.1028","24.6663","47.8818","30.3764","27.1180","21.0496","51.1823","34.3425","17.6824","83.9923","19.7603","43.1979","30.1987","34.0204","31.5605","86.3441","37.1815","99.5804","38.4949","16.9507","11.0000","23.7198","38.3232","159.9152","19.9524","34.3450","31.6938"
"C:\Users\cfg364\Sommerlab Dropbox\Casper van der Luijt\Casper\Data\BioLog\OmniLog\CL3\DATA_2024\08\_RIB40_Aspergillus oryzae__2_30_CL3_769_8#19#2024_A_ 7B_4.OKA","8/19/2024 7:16:29 PM"," 7-B","PM02A","","RIB40","Aspergillus oryzae","",49.5000,"48.2823","41.7104","63.2868","113.7542","102.5735","108.9156","56.5568","94.5897","26.5836","63.5416","38.6056","98.8801","41.3995","27.6245","33.6516","75.0099","111.6735","80.0902","34.0340","124.4549","114.7265","44.3539","25.4358","42.9534","113.0546","21.5380","23.5508","23.7246","41.6374","27.1965","19.0934","20.3854","13.6358","24.0060","25.8271","153.2616","99.9454","60.9942","22.9074","63.3735","44.9379","42.9676","108.5879","25.1029","13.4935","53.0071","27.1917","35.6853","20.5519","51.0575","20.0333","18.8838","59.1475","20.3265","68.2706","19.4443","22.7054","26.7978","25.4864","87.2389","40.0089","20.0371","24.3642","16.9784","84.9479","79.3671","30.0426","24.4334","167.4596","29.1548","24.7979","48.1141","29.2182","21.6067","17.5399","49.8070","34.2627","23.8018","81.7859","20.3511","45.1578","28.5205","27.9720","27.5212","88.5881","40.0196","97.2391","41.3527","16.2882","11.0000","19.8203","37.6515","153.6097","22.9497","33.6865","27.0226"
"C:\Users\cfg364\Sommerlab Dropbox\Casper van der Luijt\Casper\Data\BioLog\OmniLog\CL3\DATA_2024\08\_RIB40_Aspergillus oryzae__2_30_CL3_769_8#19#2024_A_ 7B_4.OKA","8/19/2024 7:16:29 PM"," 7-B","PM02A","","RIB40","Aspergillus oryzae","",49.7500,"47.8488","42.7772","63.7727","116.1109","100.7687","110.0774","60.3039","95.8808","28.5729","61.8746","37.3448","98.5849","37.1279","28.4508","32.7172","73.5661","110.2384","83.3546","34.5179","125.8878","111.9735","43.9615","27.8418","43.1845","112.3249","22.7089","25.6216","23.7246","41.6688","27.2914","18.9978","22.2752","15.7251","21.7315","24.1224","152.6006","99.7237","60.4369","23.7534","63.0520","45.3181","39.5448","112.7521","26.3153","11.0000","55.6183","28.0405","34.7990","23.0930","51.8887","19.8152","18.1585","59.4666","21.5198","66.5601","25.2953","21.4296","29.3215","25.6485","83.5222","38.7113","20.2287","24.1173","17.1349","85.4617","81.2090","30.3600","26.6459","168.3222","31.6666","24.5727","46.3958","28.3943","24.4331","16.8548","50.5148","35.6706","23.1982","86.5007","18.2660","47.8199","29.2558","30.6149","28.7369","90.0619","37.0198","95.1739","41.2908","15.6192","11.0000","20.2582","37.2717","152.2595","20.7712","30.4591","30.5797"
"C:\Users\cfg364\Sommerlab Dropbox\Casper van der Luijt\Casper\Data\BioLog\OmniLog\CL3\DATA_2024\08\_RIB40_Aspergillus oryzae__2_30_CL3_769_8#19#2024_A_ 7B_4.OKA","8/19/2024 7:16:29 PM"," 7-B","PM02A","","RIB40","Aspergillus oryzae","",50.0000,"50.2875","41.0606","64.6866","114.5797","105.1316","111.0512","62.2367","94.5356","28.9698","58.8643","38.3380","95.2621","42.1935","28.0370","32.6817","77.1799","111.4386","81.2816","36.6649","128.3073","114.2022","45.1126","25.5743","47.8077","115.8944","26.2974","22.7137","26.4399","42.6722","29.0717","18.9436","22.5868","16.4516","25.7138","22.0285","155.6521","106.9708","61.2294","25.7232","68.6298","52.8628","40.8013","108.9815","28.2362","16.0110","63.2390","29.3650","33.7204","24.2679","54.3058","20.0917","19.6362","62.4010","22.1999","73.9536","23.3565","21.1038","29.9808","23.1846","84.2781","40.8381","20.2726","27.3615","21.3100","87.3502","77.3558","32.9347","27.6648","169.9348","29.3054","29.0933","45.2762","27.1052","22.5123","19.4478","52.9053","34.1737","22.0514","87.3363","21.1326","48.8082","28.2874","27.8450","28.2209","89.6238","38.0578","101.2685","38.4634","15.9030","11.0000","12.6500","39.1810","153.2961","17.7088","30.3760","29.2553"
"C:\Users\cfg364\Sommerlab Dropbox\Casper van der Luijt\Casper\Data\BioLog\OmniLog\CL3\DATA_2024\08\_RIB40_Aspergillus oryzae__2_30_CL3_769_8#19#2024_A_ 7B_4.OKA","8/19/2024 7:16:29 PM"," 7-B","PM02A","","RIB40","Aspergillus oryzae","",50.2500,"56.1402","45.0595","63.4195","118.0760","109.4648","110.5278","57.0160","95.9140","27.0762","63.5525","49.1723","107.9407","40.9739","33.9863","34.7964","84.8064","110.2330","84.7035","32.9833","134.9123","115.6600","43.0594","31.5270","49.0646","119.5167","23.5010","24.0314","20.8574","41.3840","30.7271","20.3497","23.3133","15.8405","18.8948","26.5300","155.4470","109.3688","59.1107","20.3682","66.5156","49.1260","36.0497","109.8276","26.2626","14.9607","58.4931","31.7699","35.2363","26.0893","56.7309","22.2480","20.9399","63.2762","25.5011","67.5631","23.1537","22.1473","27.6339","24.6645","87.5221","43.0947","24.2604","26.4529","19.7677","88.5827","82.3111","36.6620","31.7848","171.2578","34.0133","22.1368","46.5630","30.4764","24.1088","19.5037","52.3553","37.3463","19.2782","87.5494","16.8794","49.8549","30.4904","32.0640","32.0860","87.2527","38.0685","101.9753","39.1022","15.0646","11.0000","20.3144","42.4359","161.2920","16.7306","36.1141","30.0952"
"C:\Users\cfg364\Sommerlab Dropbox\Casper van der Luijt\Casper\Data\BioLog\OmniLog\CL3\DATA_2024\08\_RIB40_Aspergillus oryzae__2_30_CL3_769_8#19#2024_A_ 7B_4.OKA","8/19/2024 7:16:29 PM"," 7-B","PM02A","","RIB40","Aspergillus oryzae","",50.5000,"45.2507","41.7634","62.4139","117.0376","107.6998","113.4295","60.7222","98.2957","22.5976","60.7778","39.9503","97.4934","39.1649","32.3374","31.0121","80.3149","112.1934","85.1792","35.7554","126.8530","115.2687","43.7150","26.4444","44.1584","116.3672","19.1599","22.7094","22.0209","41.6659","30.6324","21.0812","18.5675","15.0711","19.2815","23.7969","153.6597","105.1634","65.3123","21.6067","66.9961","47.0643","43.8778","109.8912","26.8350","11.0000","56.7702","27.2959","37.9111","24.1688","59.6070","22.3412","20.9712","61.2581","24.4385","69.4644","23.3441","24.4086","25.4357","24.7622","89.9263","39.5183","19.2997","29.8494","19.2997","89.4429","81.2086","35.4325","29.1039","173.7599","32.2040","27.5442","44.1796","28.8279","22.7054","20.0003","55.2785","40.1396","21.2918","89.3879","15.7671","47.5467","25.8667","28.3129","25.5259","86.1091","35.7600","99.5664","39.7522","16.8110","11.0000","16.0977","42.2152","153.1257","16.9248","28.5798","27.7044"
"C:\Users\cfg364\Sommerlab Dropbox\Casper van der Luijt\Casper\Data\BioLog\OmniLog\CL3\DATA_2024\08\_RIB40_Aspergillus oryzae__2_30_CL3_769_8#19#2024_A_ 7B_4.OKA","8/19/2024 7:16:29 PM"," 7-B","PM02A","","RIB40","Aspergillus oryzae","",50.7500,"54.6502","43.1230","65.2939","121.1887","112.6900","114.4002","59.9843","94.9695","28.3233","65.4743","46.4995","106.2586","43.8695","39.0003","34.2490","82.0416","113.5389","82.6710","35.5229","133.4851","115.4254","46.4576","26.3313","44.2779","122.5503","24.9648","21.8441","24.0705","40.6214","28.3120","20.9981","23.0908","18.6838","22.8153","26.3422","161.8987","108.0318","61.9123","25.5662","66.0072","49.6074","38.3840","114.0962","27.6050","16.0611","61.4083","32.9201","34.5600","23.2091","59.4820","22.0772","15.6814","64.9733","20.9216","67.2304","21.4255","24.9600","31.4854","24.8056","88.6770","43.6002","19.8302","23.3072","24.3384","88.8653","80.0641","34.8803","27.0874","173.0105","28.5495","23.3165","50.4793","30.1395","21.7745","18.5464","52.1470","36.0920","17.5163","87.7537","18.1786","48.4775","28.5119","29.0387","35.0183","90.0662","40.4906","104.3596","39.5550","18.0870","11.2896","18.7554","36.8627","154.5011","15.1272","37.7533","32.1523"
"C:\Users\cfg364\Sommerlab Dropbox\Casper van der Luijt\Casper\Data\BioLog\OmniLog\CL3\DATA_2024\08\_RIB40_Aspergillus oryzae__2_30_CL3_769_8#19#2024_A_ 7B_4.OKA","8/19/2024 7:16:29 PM"," 7-B","PM02A","","RIB40","Aspergillus oryzae","",51.0000,"55.9522","45.6761","61.9935","119.3296","112.5010","111.2355","58.7064","95.6343","30.9069","63.0013","45.6385","106.4886","44.5231","34.6951","36.6895","81.8493","113.1647","83.3073","39.5136","134.3609","116.2074","48.8149","29.2594","43.1144","121.8257","22.0026","20.3310","23.3319","42.6815","26.7266","18.8260","21.6194","15.7187","23.7759","24.0360","160.7159","107.5579","60.4726","21.6966","64.4918","48.6518","40.0114","114.7901","28.9068","16.4801","60.0723","26.2687","35.3815","24.5521","56.6076","20.4017","19.1688","60.7157","22.5178","67.2939","23.5234","18.2185","34.7320","25.6463","87.5416","46.7927","18.7744","22.5341","22.7875","88.7381","82.0427","36.0522","25.1201","173.2324","27.4927","22.5447","47.0217","31.8462","25.3553","17.1432","51.3438","35.3897","17.9635","90.3228","17.4481","45.8324","31.0136","30.1300","34.7376","92.9900","39.0018","103.2679","35.2049","17.3910","11.0000","19.5750","39.9484","157.2687","20.4473","38.6031","29.1128"
"C:\Users\cfg364\Sommerlab Dropbox\Casper van der Luijt\Casper\Data\BioLog\OmniLog\CL3\DATA_2024\08\_RIB40_Aspergillus oryzae__2_30_CL3_769_8#19#2024_A_ 7B_4.OKA","8/19/2024 7:16:29 PM"," 7-B","PM02A","","RIB40","Aspergillus oryzae","",51.2500,"58.0680","40.5427","60.8643","117.4235","113.9649","116.5829","58.7081","98.0191","24.3593","65.4606","40.7640","103.0253","43.3034","33.7102","35.1003","83.9165","114.1924","83.2120","34.6560","138.4256","116.8351","46.9487","25.4353","43.8549","120.7922","24.6498","20.9496","24.7232","41.7564","26.4735","15.3087","21.2941","12.7301","22.2138","18.0947","159.3363","103.5172","60.7881","25.1195","69.3955","51.8807","38.8955","115.0462","22.1918","17.2030","56.0595","31.3471","34.6528","25.5693","62.6087","19.7231","17.8916","65.3346","22.0646","67.9578","19.8641","26.4234","29.4329","23.8876","84.3328","42.1739","19.2546","24.0023","22.6005","84.4196","81.8650","34.4703","31.7748","172.6524","27.9081","16.7582","49.0260","33.2163","24.4036","19.3663","51.5233","35.9077","18.7726","86.9394","17.1192","48.8621","31.3675","31.7730","32.0726","94.2252","42.5750","102.2248","41.3947","14.7230","11.0000","15.9000","40.0517","157.8605","21.6836","31.8196","29.1234"
"C:\Users\cfg364\Sommerlab Dropbox\Casper van der Luijt\Casper\Data\BioLog\OmniLog\CL3\DATA_2024\08\_RIB40_Aspergillus oryzae__2_30_CL3_769_8#19#2024_A_ 7B_4.OKA","8/19/2024 7:16:29 PM"," 7-B","PM02A","","RIB40","Aspergillus oryzae","",51.5000,"58.2222","42.3891","62.2287","124.6488","113.7745","115.1361","56.8011","98.2177","28.3905","66.7629","41.7937","112.8674","40.7753","34.1057","39.2134","85.9304","114.5052","83.3397","35.7871","137.2613","118.2670","46.4576","24.3783","47.2559","122.5077","23.0861","23.6574","21.2441","40.7884","30.8087","17.8620","18.8005","17.4078","19.2577","21.5286","162.3030","104.8539","61.9017","25.4025","72.9812","51.6898","39.3333","116.8787","22.1918","17.0737","57.8201","30.9219","38.7635","25.5390","62.0357","21.8415","15.7103","63.9658","23.9766","69.5833","21.8021","23.6941","30.4442","25.0504","84.9048","44.9008","18.9655","24.5891","23.5931","86.5035","79.9676","35.5156","33.1325","173.5411","28.5143","13.6026","52.0379","31.1468","25.9318","15.7896","51.0593","36.1959","18.8686","89.1664","18.6648","49.6277","32.3267","33.2408","35.1541","91.6061","41.3436","101.2289","40.1257","16.6005","11.0000","20.1993","39.0981","158.6687","21.3306","33.6050","30.6440"
"C:\Users\cfg364\Sommerlab Dropbox\Casper van der Luijt\Casper\Data\BioLog\OmniLog\CL3\DATA_2024\08\_RIB40_Aspergillus oryzae__2_30_CL3_769_8#19#2024_A_ 7B_4.OKA","8/19/2024 7:16:29 PM"," 7-B","PM02A","","RIB40","Aspergillus oryzae","",51.7500,"48.5064","38.5991","60.7344","117.8022","108.9500","118.8013","62.3577","99.7403","25.2255","62.4221","36.3459","103.3899","39.6517","28.4694","33.3008","82.5419","112.4094","85.0005","35.2377","139.4282","115.4356","45.3444","24.1801","46.4634","119.3626","21.7504","22.5554","23.6279","45.7219","29.3214","19.4579","20.1432","12.3777","22.4066","20.3624","159.7319","105.2676","65.2100","20.6541","70.6761","48.6675","42.0541","113.1504","24.1368","16.0399","61.0480","30.2022","35.9252","26.6013","60.9532","21.0004","15.0148","63.6157","24.3841","70.0933","23.6131","21.9170","30.5421","26.4716","86.5570","40.6245","17.6487","23.5082","18.4442","87.5616","82.1179","34.0903","27.1021","172.4619","31.0983","23.1020","45.8885","29.7164","23.5758","17.5313","53.8743","34.1149","19.0925","90.3117","20.0842","52.5622","27.3388","30.3689","28.8666","94.8414","40.5858","101.2600","40.8376","15.9641","11.0000","14.2877","37.3817","154.3692","19.7907","28.4719","27.7579"
"C:\Users\cfg364\Sommerlab Dropbox\Casper van der Luijt\Casper\Data\BioLog\OmniLog\CL3\DATA_2024\08\_RIB40_Aspergillus oryzae__2_30_CL3_769_8#19#2024_A_ 7B_4.OKA","8/19/2024 7:16:29 PM"," 7-B","PM02A","","RIB40","Aspergillus oryzae","",52.0000,"61.2141","43.8468","62.0988","120.2001","115.1393","116.6793","57.0641","98.8797","27.8574","65.7945","40.7307","113.0663","43.2722","33.8420","36.8033","86.0903","112.1592","87.1404","36.0133","139.0078","117.9416","41.8412","25.0059","45.1096","120.3474","23.1187","19.8791","25.3353","43.2864","28.5303","17.4790","22.8926","12.1855","20.9286","19.7793","160.5230","106.8271","62.8189","21.4717","70.6121","50.7990","39.0206","115.7097","25.9223","17.3968","61.2762","27.8142","33.7393","25.6301","60.0299","21.5300","15.1413","61.1329","25.4498","69.2965","24.1532","23.5989","30.1832","20.1085","86.0486","41.0583","18.9977","24.4965","22.7556","84.0669","80.6317","34.6921","27.6388","171.6049","28.0038","15.6196","49.7162","32.0294","24.5310","19.1175","52.7607","33.7307","20.0841","90.1208","19.2010","51.7329","28.5218","35.3149","30.6096","92.6229","39.0702","102.8473","38.6710","14.6276","11.0000","19.4090","40.9417","155.8886","21.8119","31.8833","29.5889"
"C:\Users\cfg364\Sommerlab Dropbox\Casper van der Luijt\Casper\Data\BioLog\OmniLog\CL3\DATA_2024\08\_RIB40_Aspergillus oryzae__2_30_CL3_769_8#19#2024_A_ 7B_4.OKA","8/19/2024 7:16:29 PM"," 7-B","PM02A","","RIB40","Aspergillus oryzae","",52.2500,"43.9106","38.3075","65.3797","124.5542","108.9817","117.1294","61.4700","100.8657","27.4243","66.0617","35.0836","108.0292","39.5268","32.9850","34.9075","85.0993","115.4749","87.3639","35.6578","138.3286","116.6398","40.9572","26.7897","45.2087","122.7301","19.6329","22.2406","26.4950","45.0350","28.3088","20.5749","25.2583","16.3505","24.6879","20.8807","159.8967","106.3497","65.7996","21.1258","69.8757","50.4172","42.9297","115.7097","27.8355","13.6492","57.3962","29.4825","41.0798","27.4816","61.1124","21.4988","19.0296","62.4062","24.0393","73.5356","20.4995","24.3606","30.4769","25.3734","85.0318","38.8582","18.3232","24.7127","19.2816","89.0364","84.2999","31.9681","26.3128","176.1120","30.8750","25.1190","48.9005","27.7687","23.4803","16.8471","55.7303","37.3804","21.3315","91.4570","19.9580","53.6786","26.8272","30.6880","30.9520","92.4689","40.6490","102.2248","41.3019","15.0413","11.0000","15.0780","37.5724","152.0417","20.2398","28.6313","29.4027"
"C:\Users\cfg364\Sommerlab Dropbox\Casper van der Luijt\Casper\Data\BioLog\OmniLog\CL3\DATA_2024\08\_RIB40_Aspergillus oryzae__2_30_CL3_769_8#19#2024_A_ 7B_4.OKA","8/19/2024 7:16:29 PM"," 7-B","PM02A","","RIB40","Aspergillus oryzae","",52.5000,"54.5754","40.4329","66.2867","122.6701","113.3101","118.0132","62.6544","94.2856","28.9713","70.5794","40.3046","112.1372","44.0100","31.6008","36.5142","85.4388","115.1584","87.3261","34.9813","141.9294","119.4147","47.2231","29.8158","48.0613","125.4109","24.1730","22.3901","21.5093","41.2680","32.7739","22.2990","20.6503","14.7591","18.6821","23.9931","162.5040","107.3743","62.7056","25.0853","69.1454","52.6461","38.2259","112.3057","24.9250","18.5784","62.4412","30.9713","39.1291","22.9096","62.0848","24.8068","19.8979","60.7242","20.9956","70.7275","24.9013","22.1934","32.3216","21.4340","87.8668","44.6792","19.2347","25.4344","25.2828","86.0718","83.5818","40.6592","26.6739","170.9073","29.2425","24.3628","49.5478","30.6734","21.2642","21.7065","54.3831","34.8908","21.9350","92.1580","21.1123","51.9404","29.8062","32.5218","39.0128","91.7981","36.8038","107.3412","44.5510","13.2600","11.0000","18.4290","40.5944","159.7580","17.9530","36.2272","28.8263"
"C:\Users\cfg364\Sommerlab Dropbox\Casper van der Luijt\Casper\Data\BioLog\OmniLog\CL3\DATA_2024\08\_RIB40_Aspergillus oryzae__2_30_CL3_769_8#19#2024_A_ 7B_4.OKA","8/19/2024 7:16:29 PM"," 7-B","PM02A","","RIB40","Aspergillus oryzae","",52.7500,"52.8887","44.9702","63.5921","127.8317","116.8637","116.1846","66.9519","100.0461","27.9111","67.2843","44.4240","114.6297","42.5967","34.9210","38.1043","86.2831","116.5112","88.4023","32.9223","137.6158","117.9006","46.0614","22.3293","44.6259","127.2518","25.7350","25.7810","25.0103","42.9879","31.3899","18.6525","20.9634","19.3390","19.7891","20.4144","162.4300","113.6805","64.9786","22.3879","69.9214","56.3413","38.1877","114.0821","26.0970","18.1723","57.5745","32.2387","36.0405","24.4368","62.3085","20.3854","16.6696","63.3234","23.3410","73.4099","25.3131","25.2660","29.8591","23.4057","91.8941","46.7836","21.4253","24.7345","23.4389","88.3567","83.2701","37.9801","30.9904","169.4352","28.5739","21.2134","52.0569","30.0662","22.8888","17.6804","51.2328","33.0754","16.6279","94.6895","16.3026","47.8282","29.8868","29.1816","30.7034","95.8036","38.1135","104.7894","43.8629","16.9217","11.0000","19.0808","39.1918","158.8970","19.2449","34.4594","30.4140"
"C:\Users\cfg364\Sommerlab Dropbox\Casper van der Luijt\Casper\Data\BioLog\OmniLog\CL3\DATA_2024\08\_RIB40_Aspergillus oryzae__2_30_CL3_769_8#19#2024_A_ 7B_4.OKA","8/19/2024 7:16:29 PM"," 7-B","PM02A","","RIB40","Aspergillus oryzae","",53.0000,"52.3342","46.8197","66.8845","125.0881","117.9316","117.2176","60.3166","102.5176","30.0558","69.7279","46.2559","129.6313","43.1143","36.5822","36.2485","88.4740","116.3299","90.6835","32.8073","143.5556","120.5990","48.4728","28.5394","52.0114","128.4699","22.1083","23.5574","22.7150","46.4919","30.9387","20.0473","24.0946","15.9005","22.9958","25.5442","163.8711","113.6419","65.2990","24.5026","69.1494","55.0576","43.4325","119.5215","25.8559","15.7869","62.4717","32.3627","37.5543","27.3801","60.1807","21.0842","19.5164","64.0851","24.5875","75.3096","23.8356","24.8674","29.0649","24.6982","91.0752","45.3845","21.5602","26.1786","26.5238","86.8621","85.2752","34.6587","31.3879","171.9834","32.0140","23.9169","55.7023","33.8406","26.7183","18.9349","52.7870","35.8275","20.4473","96.1578","23.4620","55.0764","36.1925","32.0165","34.7029","95.6682","41.2377","105.9099","39.3973","15.4810","11.5469","17.2025","44.1746","157.7784","20.7956","39.8056","30.5825"
"C:\Users\cfg364\Sommerlab Dropbox\Casper van der Luijt\Casper\Data\BioLog\OmniLog\CL3\DATA_2024\08\_RIB40_Aspergillus oryzae__2_30_CL3_769_8#19#2024_A_ 7B_4.OKA","8/19/2024 7:16:29 PM"," 7-B","PM02A","","RIB40","Aspergillus oryzae","",53.2500,"41.2681","41.8868","66.8522","128.2013","112.9226","116.6993","58.7458","102.1871","24.0487","66.6862","35.2468","123.5965","39.4664","29.5126","33.3464","82.2825","117.5775","88.6731","33.4554","141.3377","116.6094","44.2176","28.7702","45.3404","127.0181","15.5547","26.6102","26.0068","49.4496","31.3494","16.8184","21.4438","14.4272","20.7446","24.0641","163.4435","109.6539","67.3536","22.3308","71.3735","53.3411","41.8062","116.2493","28.4008","11.6469","64.7521","27.9203","32.9647","25.7056","60.8240","22.6093","17.1823","60.2522","26.0902","76.9537","23.9940","23.0141","29.4243","24.2762","88.6698","41.1019","19.9282","25.8091","25.0055","88.6820","86.8154","35.8655","28.0843","175.2240","28.4426","23.9491","49.8920","30.2822","24.4274","18.1881","52.7560","37.6442","17.6386","94.7690","20.4648","56.1911","30.3471","30.1611","31.8648","94.8080","43.2261","106.0975","40.6051","13.9556","11.0000","13.6266","43.9225","152.2371","17.6803","34.3907","28.9739"
"C:\Users\cfg364\Sommerlab Dropbox\Casper van der Luijt\Casper\Data\BioLog\OmniLog\CL3\DATA_2024\08\_RIB40_Aspergillus oryzae__2_30_CL3_769_8#19#2024_A_ 7B_4.OKA","8/19/2024 7:16:29 PM"," 7-B","PM02A","","RIB40","Aspergillus oryzae","",53.5000,"42.0538","42.2357","62.0981","129.7028","118.0577","121.5652","59.0182","96.1797","22.4235","68.4557","32.1660","119.2775","41.5280","34.3891","34.5252","87.3187","120.5654","92.3464","36.7331","142.0514","119.6764","47.3295","29.6975","47.7316","125.5581","22.4830","23.6316","20.5346","47.7723","31.3012","16.5407","22.4287","20.5011","25.1315","23.9061","160.1958","109.4137","65.7659","20.5335","71.4988","54.7867","44.2388","116.1769","26.3423","16.2165","59.7587","27.9817","40.4286","22.6284","61.3403","21.4069","15.8539","58.8381","25.0791","75.1067","20.4614","21.9561","28.7668","26.5152","88.4692","41.0869","19.9786","25.4621","20.2108","88.4209","86.0667","31.8206","30.4500","169.9868","30.4415","28.7578","50.0063","26.4014","26.1820","16.6754","52.0781","35.4345","23.6326","89.6237","15.7735","51.4975","28.9425","26.5884","27.3365","93.2381","39.7317","104.9221","45.7831","17.3518","11.0000","17.6751","39.3333","155.5384","19.4149","30.9219","25.8112"
"C:\Users\cfg364\Sommerlab Dropbox\Casper van der Luijt\Casper\Data\BioLog\OmniLog\CL3\DATA_2024\08\_RIB40_Aspergillus oryzae__2_30_CL3_769_8#19#2024_A_ 7B_4.OKA","8/19/2024 7:16:29 PM"," 7-B","PM02A","","RIB40","Aspergillus oryzae","",53.7500,"45.4067","42.3895","65.8418","124.6107","114.7217","121.5965","66.7564","99.1089","27.3971","63.7353","41.1210","123.3733","40.3179","30.3720","35.9622","84.7493","118.8772","94.5930","37.0671","143.2970","119.2780","43.9068","30.3092","43.7735","126.6348","20.9316","23.3434","20.3335","46.9384","28.9480","17.9344","24.1934","17.3309","21.6049","26.8625","163.1337","112.5341","68.7012","21.7177","76.6512","56.2640","42.8742","117.2579","28.1624","14.9355","59.7379","32.5864","34.8189","23.0654","61.4663","22.2022","18.8370","62.8642","25.6584","72.5822","22.1252","21.6457","29.6272","27.8371","88.3446","41.0477","20.3080","25.3748","21.5137","87.6425","85.4611","36.5542","25.4444","176.2954","30.1220","28.9954","51.6353","26.2794","28.6064","15.6334","56.2793","37.1211","21.5558","96.6391","20.1408","56.6630","29.7768","31.0742","30.5031","94.3333","41.6241","104.0766","44.8545","14.4033","11.0000","14.6084","37.2692","156.4799","16.6311","29.3206","27.8016"
"C:\Users\cfg364\Sommerlab Dropbox\Casper van der Luijt\Casper\Data\BioLog\OmniLog\CL3\DATA_2024\08\_RIB40_Aspergillus oryzae__2_30_CL3_769_8#19#2024_A_ 7B_4.OKA","8/19/2024 7:16:29 PM"," 7-B","PM02A","","RIB40","Aspergillus oryzae","",54.0000,"56.0387","44.9058","65.2912","129.3393","119.8731","122.4383","61.6728","99.7043","28.7884","68.9317","40.7903","127.6144","44.6797","33.0032","39.2111","91.5176","119.2820","90.1884","35.0694","150.1221","118.5641","48.3360","28.1783","44.5977","127.2065","25.3093","23.2494","24.3521","43.7140","32.6450","20.2882","22.4684","15.7002","20.4767","25.2348","164.6478","111.9011","65.7346","21.5606","76.2020","57.7855","38.0884","116.7512","26.2590","14.5484","61.8867","30.1697","33.3425","25.1677","60.9829","22.8538","15.4873","62.9915","22.3142","73.6955","24.7168","21.5182","28.4528","23.9591","91.0945","42.1617","19.7642","24.0146","22.3486","86.3326","82.8390","37.0268","28.0101","171.6986","28.2673","24.5529","56.7577","25.6351","27.4623","18.6809","54.0509","37.2483","20.6020","94.0765","18.1482","56.9494","31.8205","31.2973","31.7143","96.9259","39.1222","105.8175","41.8020","15.7392","11.0000","17.5204","41.4506","157.6014","19.5592","32.1196","30.2195"
"C:\Users\cfg364\Sommerlab Dropbox\Casper van der Luijt\Casper\Data\BioLog\OmniLog\CL3\DATA_2024\08\_RIB40_Aspergillus oryzae__2_30_CL3_769_8#19#2024_A_ 7B_4.OKA","8/19/2024 7:16:29 PM"," 7-B","PM02A","","RIB40","Aspergillus oryzae","",54.2500,"40.7261","40.8087","69.4051","128.5197","115.2906","120.1719","64.2146","99.9689","25.2440","65.4115","36.7235","123.8665","42.6546","28.5631","34.0643","87.3672","115.7007","95.5120","35.8749","148.4077","116.7471","45.3176","28.4734","41.8941","125.6820","17.4686","24.2832","22.3428","46.8132","28.6004","20.1610","20.8391","16.9472","20.0899","26.3199","169.6509","111.9961","68.3426","23.4150","73.0574","55.8520","45.1576","119.8233","25.6245","11.7097","62.8309","27.3612","33.8018","24.1622","59.7906","22.1091","17.6046","60.6051","27.7212","71.0236","22.3464","21.9963","29.7577","25.4780","90.1778","38.1079","18.9965","22.3144","22.5341","86.7160","85.3347","36.3021","27.7567","172.6496","27.1801","23.4583","52.5724","24.6839","24.3796","14.8560","56.3412","34.6394","19.0759","97.0503","15.5862","57.1721","28.0524","29.4810","28.2050","92.3272","40.6107","106.6880","44.3303","13.7990","11.0000","13.3106","35.2584","154.8457","16.9207","26.5534","27.6156"
"C:\Users\cfg364\Sommerlab Dropbox\Casper van der Luijt\Casper\Data\BioLog\OmniLog\CL3\DATA_2024\08\_RIB40_Aspergillus oryzae__2_30_CL3_769_8#19#2024_A_ 7B_4.OKA","8/19/2024 7:16:29 PM"," 7-B","PM02A","","RIB40","Aspergillus oryzae","",54.5000,"58.0225","49.9707","69.1460","131.0100","125.5300","126.2586","65.9743","103.1440","31.4053","70.5409","46.1136","132.4474","47.6707","36.8842","43.4894","96.3065","123.2371","94.2128","37.8082","149.6692","124.0802","47.6798","31.1288","51.0272","133.9712","22.1404","24.8471","25.0327","46.2497","33.4665","22.7057","26.5254","20.6882","21.7016","31.1074","169.2559","116.1422","69.6791","24.5150","75.2393","59.8458","40.1529","124.9858","32.9844","18.2581","66.4772","33.4028","34.8517","26.8739","65.9780","23.4434","17.9522","63.0551","28.1588","74.8407","27.9090","24.2593","33.8028","25.0255","93.7811","41.6047","24.9779","28.2189","25.9665","90.5817","85.9034","42.7616","34.0920","176.5490","30.8254","23.6837","57.1950","27.2612","26.8902","18.4632","56.9911","39.5073","23.5271","97.1452","20.7418","54.8492","34.9819","34.5792","36.0932","99.3025","47.2295","109.5791","45.3478","17.2341","11.0000","21.1605","44.7383","163.6898","22.2621","39.6896","30.3745"
"C:\Users\cfg364\Sommerlab Dropbox\Casper van der Luijt\Casper\Data\BioLog\OmniLog\CL3\DATA_2024\08\_RIB40_Aspergillus oryzae__2_30_CL3_769_8#19#2024_A_ 7B_4.OKA","8/19/2024 7:16:29 PM"," 7-B","PM02A","","RIB40","Aspergillus oryzae","",54.7500,"44.6008","44.9381","70.2149","131.4198","122.4961","125.6435","67.4407","102.8132","28.7553","68.0936","39.7984","127.8775","44.2124","33.0361","36.8629","89.4424","118.3478","97.6985","39.1937","155.0711","121.7440","51.7808","34.7677","44.6307","133.1137","22.4017","28.5752","20.5280","47.8463","33.1506","19.8429","24.4490","18.8017","21.2503","27.9157","170.6054","118.2945","73.9497","22.3149","75.8490","60.4798","47.2534","120.7101","31.6203","15.4516","62.5704","31.9659","39.2152","23.5529","60.4029","23.9089","18.0786","63.5642","26.9711","79.2621","24.8432","20.8170","30.2796","27.5140","92.0111","39.8099","23.0268","25.7149","23.9875","91.9235","84.1342","38.0982","30.8293","176.0418","26.4766","30.5084","55.1960","24.3464","27.6847","17.0639","58.2910","37.8846","25.0851","99.6445","22.2283","62.7726","32.9062","30.9786","33.0807","93.5926","40.8957","108.5843","46.8894","15.7074","11.0000","16.6342","40.9399","156.3517","20.3636","32.7875","30.3125"
"C:\Users\cfg364\Sommerlab Dropbox\Casper van der Luijt\Casper\Data\BioLog\OmniLog\CL3\DATA_2024\08\_RIB40_Aspergillus oryzae__2_30_CL3_769_8#19#2024_A_ 7B_4.OKA","8/19/2024 7:16:29 PM"," 7-B","PM02A","","RIB40","Aspergillus oryzae","",55.0000,"45.6857","45.9059","75.6246","133.2482","119.0198","127.5213","69.5915","102.8463","31.3059","68.4959","39.6662","132.2172","42.2184","32.8387","37.1845","91.9326","123.7354","99.1561","38.1304","153.2597","119.2780","50.4357","29.2930","46.9717","131.3034","20.3435","28.0739","22.9586","48.8480","31.7286","22.4830","25.5670","18.7058","21.5082","28.6179","171.7574","117.2817","74.8299","22.8806","82.2023","60.8602","46.5027","119.0315","27.2107","17.0645","63.5471","34.1539","36.2625","26.7520","69.4262","24.1261","19.3426","64.0733","25.6897","79.4848","24.9064","25.5661","33.0851","26.9969","91.8530","42.7806","23.7945","27.5079","22.3795","92.6263","90.2630","43.7699","30.8610","175.8199","31.9766","25.0358","54.8524","26.9237","29.7187","20.7955","57.8577","37.6937","25.6574","101.6692","21.7539","60.7997","28.9784","31.9983","32.6770","99.2407","45.3927","110.7294","46.8586","17.7430","11.3222","16.9190","38.2268","157.6976","20.0097","31.7061","32.9785"
"C:\Users\cfg364\Sommerlab Dropbox\Casper van der Luijt\Casper\Data\BioLog\OmniLog\CL3\DATA_2024\08\_RIB40_Aspergillus oryzae__2_30_CL3_769_8#19#2024_A_ 7B_4.OKA","8/19/2024 7:16:29 PM"," 7-B","PM02A","","RIB40","Aspergillus oryzae","",55.2500,"43.6971","46.1562","69.2441","131.3531","123.1584","124.5139","63.3619","102.6563","28.8239","69.2922","32.4190","129.8240","45.2887","33.9048","36.4620","90.6557","121.7224","96.4896","42.1821","153.0433","121.3058","48.1267","29.1736","43.5144","130.7921","24.0605","25.8457","28.4468","52.7299","36.2460","21.5802","24.2482","22.9239","22.0679","28.0885","173.6276","120.7977","71.9848","23.6814","83.9027","62.2571","44.0472","119.3545","28.8253","12.6127","65.7682","29.0705","39.3137","25.5531","71.3030","18.6692","17.7109","63.4183","29.5541","79.3577","22.7905","29.7449","28.6906","26.6761","91.1714","41.0247","23.8333","27.7282","23.1606","90.7955","89.0945","36.8352","30.7821","174.2311","33.2339","26.0137","55.8926","30.3320","26.6075","17.4328","59.5184","34.3785","22.4389","101.4045","20.6040","62.4193","28.5479","26.3502","27.1412","99.3901","44.5610","107.7819","45.6131","15.1872","11.0000","17.8839","40.7352","158.1967","19.9619","32.9023","30.1595"
"C:\Users\cfg364\Sommerlab Dropbox\Casper van der Luijt\Casper\Data\BioLog\OmniLog\CL3\DATA_2024\08\_RIB40_Aspergillus oryzae__2_30_CL3_769_8#19#2024_A_ 7B_4.OKA","8/19/2024 7:16:29 PM"," 7-B","PM02A","","RIB40","Aspergillus oryzae","",55.5000,"58.0194","50.3131","68.2690","132.2743","129.0434","126.1263","66.6264","101.5292","35.6893","71.4240","41.9237","132.9013","44.1375","37.5093","42.3205","99.1392","120.9459","96.4578","39.3911","153.6244","122.3157","50.1984","33.3322","47.9422","133.8384","27.5930","25.9712","25.5819","44.0896","35.1456","20.1418","22.5842","22.2244","20.6158","25.4595","171.0978","118.2693","69.8301","24.1219","80.8066","61.9721","42.1642","124.0877","27.3584","18.6117","65.4094","33.4166","35.6561","24.8819","70.8231","17.7614","16.8562","62.7155","29.2116","78.1884","25.4919","25.8053","29.3786","23.5732","92.8462","45.9260","22.9714","28.0357","20.6414","91.8518","92.9867","39.8077","32.7666","173.3388","33.0422","23.5598","57.7815","31.7347","24.0705","18.3384","59.6422","33.6701","21.1572","100.2255","25.9885","55.9959","32.3976","29.9395","36.4271","101.0544","45.0671","107.8446","46.1385","18.3276","11.0000","18.1681","49.7249","158.5810","22.6922","38.9651","30.8084"
"C:\Users\cfg364\Sommerlab Dropbox\Casper van der Luijt\Casper\Data\BioLog\OmniLog\CL3\DATA_2024\08\_RIB40_Aspergillus oryzae__2_30_CL3_769_8#19#2024_A_ 7B_4.OKA","8/19/2024 7:16:29 PM"," 7-B","PM02A","","RIB40","Aspergillus oryzae","",55.7500,"40.0778","41.2904","69.8617","131.7025","124.7236","124.0625","66.9202","104.4463","30.3422","69.7918","32.9880","135.8131","42.2395","27.8755","36.5264","95.3900","121.6913","97.0301","42.4387","154.7220","120.5566","46.7455","29.4683","47.6117","133.1720","24.8383","26.2223","26.9661","47.3454","30.3668","19.2788","23.9922","21.2069","20.6481","26.2610","173.2662","120.1972","70.5483","23.4297","79.7533","60.4841","44.1100","125.6442","29.2079","15.4187","65.4420","30.2796","37.5829","23.6310","72.2627","20.2970","16.6662","61.9808","30.9550","81.5068","20.9473","25.3922","32.0321","23.4116","94.9951","43.1208","25.2060","26.2522","21.7300","88.8751","91.0092","38.4795","27.1281","173.2432","31.5089","24.7222","54.2556","28.7160","26.1579","15.0907","59.8588","32.7685","20.4843","103.5077","25.4847","59.5751","27.7459","32.0866","31.2233","98.1265","45.0671","107.3743","47.8074","14.3307","11.0000","17.1892","45.5130","155.8267","20.0261","32.3627","30.7775"
"C:\Users\cfg364\Sommerlab Dropbox\Casper van der Luijt\Casper\Data\BioLog\OmniLog\CL3\DATA_2024\08\_RIB40_Aspergillus oryzae__2_30_CL3_769_8#19#2024_A_ 7B_4.OKA","8/19/2024 7:16:29 PM"," 7-B","PM02A","","RIB40","Aspergillus oryzae","",56.0000,"57.1648","45.4682","69.3245","132.1342","125.3314","124.8567","65.3267","104.7694","34.2868","70.0648","41.6845","135.3005","46.1436","37.2086","42.2278","96.3382","121.6907","97.8334","43.2111","152.8510","121.4654","51.9978","33.1129","50.3896","138.9523","25.9893","23.6017","26.6609","48.5101","35.6888","17.8947","24.8118","15.5185","24.7850","28.6181","173.6207","125.1575","71.8122","27.0419","84.1079","61.5431","40.9495","128.8124","28.1759","19.8830","66.6420","35.8358","38.9644","22.6129","69.3728","23.7698","15.6689","63.3460","25.7513","78.7353","23.0466","23.6370","34.0351","26.5039","91.2644","45.9844","23.5085","25.5968","22.3164","89.2819","87.5195","43.4793","36.3178","171.5344","31.0923","24.4105","61.8408","31.2076","25.8626","20.1338","59.3599","36.9415","22.1683","108.7762","24.2891","55.9661","34.8689","30.2919","31.5837","101.2298","43.7633","108.6103","44.8668","17.1465","11.0000","19.3917","42.8155","161.7351","23.3989","35.4563","29.5916"
"C:\Users\cfg364\Sommerlab Dropbox\Casper van der Luijt\Casper\Data\BioLog\OmniLog\CL3\DATA_2024\08\_RIB40_Aspergillus oryzae__2_30_CL3_769_8#19#2024_A_ 7B_4.OKA","8/19/2024 7:16:29 PM"," 7-B","PM02A","","RIB40","Aspergillus oryzae","",56.2500,"58.0609","41.5337","76.3324","137.6821","126.1578","127.9707","69.9870","107.5429","30.6710","74.6568","45.7027","137.0744","44.3958","36.4513","41.9062","99.0498","124.9317","99.1067","40.5161","156.5274","122.0199","52.0962","31.6365","54.7297","139.6432","29.1432","25.8643","24.6350","49.6335","36.2871","21.1336","25.7390","17.6657","23.4417","28.2358","176.7063","124.8421","68.8418","27.6384","83.3711","63.5103","43.0820","123.9324","29.3868","21.7497","69.6252","36.5825","39.2574","26.6468","70.8425","23.0260","17.5933","64.6243","26.0018","77.4053","23.9366","23.8285","36.7566","28.2158","91.6122","43.7612","26.8995","28.9842","21.7893","89.2497","89.3467","44.0458","38.7365","174.7108","31.4112","20.5974","61.2452","31.2381","27.3584","20.8483","63.7703","37.2610","25.7002","107.3888","24.6355","58.4962","38.0790","31.2565","33.6796","103.9986","44.9402","113.7739","46.5015","18.5796","11.0000","22.0517","42.9425","160.9020","23.6880","37.9337","29.4054"
"C:\Users\cfg364\Sommerlab Dropbox\Casper van der Luijt\Casper\Data\BioLog\OmniLog\CL3\DATA_2024\08\_RIB40_Aspergillus oryzae__2_30_CL3_769_8#19#2024_A_ 7B_4.OKA","8/19/2024 7:16:29 PM"," 7-B","PM02A","","RIB40","Aspergillus oryzae","",56.5000,"57.8446","44.6553","74.5562","131.3416","125.9353","128.5870","66.9236","105.1326","31.5998","73.5587","45.3706","133.5267","45.6130","36.4842","43.8680","95.6044","122.9061","99.7114","42.2165","153.6969","125.5096","52.9162","31.7677","50.3567","140.7425","27.0948","25.6443","27.9151","47.1682","33.3270","18.4078","23.2771","17.4734","23.7615","28.0765","177.1003","122.2247","65.1206","27.5128","82.6022","63.1295","38.6288","126.7975","28.3671","19.3359","66.9014","33.5957","37.0111","21.3293","71.6732","24.1728","19.6439","65.9985","26.9727","79.4003","21.9023","25.2326","35.0719","28.0866","88.7038","43.6068","24.9161","26.3050","24.4246","90.8584","90.8588","42.2833","37.3544","175.8542","32.7826","23.9581","60.0855","31.0247","28.3450","20.5687","58.6197","35.9831","21.3410","110.9202","21.2345","57.1191","36.5216","29.0379","34.5242","103.2295","44.1768","113.2762","45.4219","17.5924","11.0000","19.6134","45.2921","161.3826","18.9019","35.7422","27.5121"
"C:\Users\cfg364\Sommerlab Dropbox\Casper van der Luijt\Casper\Data\BioLog\OmniLog\CL3\DATA_2024\08\_RIB40_Aspergillus oryzae__2_30_CL3_769_8#19#2024_A_ 7B_4.OKA","8/19/2024 7:16:29 PM"," 7-B","PM02A","","RIB40","Aspergillus oryzae","",56.7500,"59.6502","45.9240","71.7653","139.0136","132.5491","132.3507","67.1830","105.7492","30.0368","73.3205","42.5024","137.4052","49.2509","37.0939","45.0923","100.0391","125.6102","96.4281","37.9334","155.6187","124.9172","49.2507","27.0147","50.1556","140.5573","23.1859","28.1487","25.9564","49.1792","33.5919","18.4763","23.6111","16.8970","22.4908","25.4455","175.7261","121.8819","73.4524","19.9367","84.1841","65.4111","47.3251","127.8956","32.6209","20.3014","68.9590","38.7026","39.7321","24.4297","72.8600","19.7102","16.5813","65.4749","26.2893","80.7420","25.2488","24.3636","32.7013","23.4539","93.6873","47.1525","22.2136","25.8145","23.2101","91.0318","87.5164","41.3549","32.6691","176.2214","30.7267","28.0746","59.2372","32.2653","31.7001","19.9310","58.9719","37.0329","24.0122","109.9385","21.4958","60.4874","35.5818","30.1655","35.4918","100.7267","46.5998","110.5718","44.1673","19.1920","11.0000","20.5672","46.7453","163.4658","19.6866","35.4479","26.5503"
"C:\Users\cfg364\Sommerlab Dropbox\Casper van der Luijt\Casper\Data\BioLog\OmniLog\CL3\DATA_2024\08\_RIB40_Aspergillus oryzae__2_30_CL3_769_8#19#2024_A_ 7B_4.OKA","8/19/2024 7:16:29 PM"," 7-B","PM02A","","RIB40","Aspergillus oryzae","",57.0000,"52.8242","48.9100","75.9632","138.2291","131.2011","131.5401","63.0449","104.6759","29.5751","71.6618","43.2191","132.9962","49.4752","38.4172","43.2416","102.5702","123.0015","99.0343","42.0134","160.7890","121.3706","48.8255","29.9600","53.3986","137.1550","30.4438","24.9143","24.6616","47.6422","35.1578","23.0268","20.3672","16.3981","19.7335","24.3225","171.0409","125.7891","72.7491","23.5963","86.2518","61.9556","41.2339","126.7195","28.1338","19.5301","66.9997","32.0448","40.3421","25.0534","69.2544","18.3125","19.9784","66.7544","25.5176","75.9385","24.0593","27.1792","31.6773","29.0071","94.8046","47.1906","25.9365","25.2180","22.6477","93.3522","91.0067","42.4137","36.3858","178.4532","30.0446","23.6390","61.3966","32.9938","25.8619","21.7650","63.4691","34.3933","23.2352","107.1132","20.3664","63.5485","33.0879","30.4975","35.4096","107.5237","50.6717","113.3679","50.4292","14.9446","12.2218","27.0348","43.7020","160.8255","25.4988","34.7400","29.7596"
"C:\Users\cfg364\Sommerlab Dropbox\Casper van der Luijt\Casper\Data\BioLog\OmniLog\CL3\DATA_2024\08\_RIB40_Aspergillus oryzae__2_30_CL3_769_8#19#2024_A_ 7B_4.OKA","8/19/2024 7:16:29 PM"," 7-B","PM02A","","RIB40","Aspergillus oryzae","",57.2500,"42.1371","45.1437","73.9847","140.4932","127.6400","132.8019","68.4342","102.8757","29.1859","68.5716","37.2048","132.3110","42.6390","29.6744","36.5226","98.9420","122.3770","104.5786","40.4973","157.6941","122.8061","47.8661","32.9946","42.8369","138.2148","19.5150","25.0852","25.7096","55.0300","32.9964","19.4300","25.1966","16.7812","19.9019","23.6442","175.9768","124.3123","77.3223","21.5020","84.8533","62.7783","46.2604","126.6145","30.3414","17.4062","68.4920","31.2832","41.0350","26.2591","69.9233","20.7152","21.3238","62.4627","28.7370","79.1769","19.7080","27.5601","34.6021","25.5463","95.8739","43.8748","25.3029","28.9745","19.6380","89.8600","92.2747","42.1776","33.7786","174.9473","29.1389","27.1470","59.5499","29.7338","25.7399","20.0175","62.5528","38.4553","27.8348","108.8326","20.0102","63.9185","29.1638","30.1004","34.2078","102.8919","49.7337","112.4424","48.8287","11.9596","11.0000","20.6319","41.4503","154.7524","17.3130","31.6197","27.4059"
"C:\Users\cfg364\Sommerlab Dropbox\Casper van der Luijt\Casper\Data\BioLog\OmniLog\CL3\DATA_2024\08\_RIB40_Aspergillus oryzae__2_30_CL3_769_8#19#2024_A_ 7B_4.OKA","8/19/2024 7:16:29 PM"," 7-B","PM02A","","RIB40","Aspergillus oryzae","",57.5000,"55.4164","47.0614","72.5895","143.6159","134.0984","134.7289","70.3220","105.1264","30.3788","71.9245","41.8927","132.6018","47.2212","39.7033","39.6141","101.0944","123.0013","105.0970","41.1471","160.7200","126.9741","47.5775","28.3698","47.0276","142.0074","29.1696","19.7019","26.2426","51.2854","35.0370","18.1224","22.3158","18.3093","23.1438","25.6210","176.4241","123.3826","69.9213","24.3364","84.7638","64.8715","46.1988","127.4205","28.0587","18.9527","64.6653","33.8730","37.9373","22.5584","73.1756","26.4663","19.1398","68.1024","25.7113","78.4182","24.2664","23.7618","33.3287","22.7784","93.1946","46.8274","23.5912","26.5026","24.6455","90.8626","91.8923","42.8553","32.6027","175.5131","34.9419","23.8691","64.8229","29.9393","33.0656","16.9526","61.9086","34.2329","24.4405","110.2795","24.9685","63.6364","30.9244","32.2372","33.1059","105.0546","51.3918","114.6608","45.7002","19.4664","11.0000","20.6167","49.6764","160.7101","19.2706","35.8913","28.9022"
"C:\Users\cfg364\Sommerlab Dropbox\Casper van der Luijt\Casper\Data\BioLog\OmniLog\CL3\DATA_2024\08\_RIB40_Aspergillus oryzae__2_30_CL3_769_8#19#2024_A_ 7B_4.OKA","8/19/2024 7:16:29 PM"," 7-B","PM02A","","RIB40","Aspergillus oryzae","",57.7500,"54.9195","45.1191","72.8164","140.6583","132.4601","134.1814","65.1721","101.4087","30.6457","72.6601","41.2595","131.9136","46.3180","38.4554","39.7749","100.2315","125.8067","104.1810","37.2697","158.7637","125.8368","53.3132","32.7780","53.2028","143.1766","28.5887","23.1826","26.0505","49.6392","36.6457","17.1278","23.0210","17.6361","22.8874","29.8121","179.0906","126.2983","73.0672","24.8093","86.6247","62.5527","44.7672","125.5771","31.7255","21.8504","64.5343","33.8403","34.7258","24.1484","76.0207","22.2679","16.2799","65.1373","27.1198","80.3471","21.6004","24.1447","28.5089","22.9737","92.6868","46.8890","23.3355","24.8416","23.2468","93.2498","86.9706","43.3284","35.6573","176.1171","35.5436","20.9559","59.8358","26.9360","27.7863","18.7913","62.2175","35.2875","23.7717","111.6721","26.3213","59.3115","34.8901","31.4672","32.8252","105.2700","52.9112","113.2882","41.9136","16.9614","11.0000","20.5850","47.9470","158.7579","20.6921","35.9869","28.4989"
"C:\Users\cfg364\Sommerlab Dropbox\Casper van der Luijt\Casper\Data\BioLog\OmniLog\CL3\DATA_2024\08\_RIB40_Aspergillus oryzae__2_30_CL3_769_8#19#2024_A_ 7B_4.OKA","8/19/2024 7:16:29 PM"," 7-B","PM02A","","RIB40","Aspergillus oryzae","",58.0000,"39.9794","42.2057","76.1552","141.2247","131.7354","136.8866","63.6402","108.3177","25.1089","69.7510","33.2614","139.3520","45.5706","29.4240","37.6208","95.4055","122.8142","108.3188","38.1744","165.4476","119.0128","50.0356","29.7186","43.9565","139.2584","23.9414","21.9486","28.6443","56.5967","34.6269","16.9353","23.2775","16.1614","22.7593","29.8121","176.6216","124.0481","75.2301","20.9629","82.4536","62.7433","47.4126","128.9143","30.6414","13.0928","61.1945","30.5026","37.4130","23.3534","73.9109","24.0584","20.2398","61.4070","29.7804","80.6633","20.8387","24.3680","32.0828","26.1623","91.3539","45.9648","25.1251","22.6270","18.8330","91.6902","93.5644","44.7792","31.0911","175.8309","36.0503","31.2000","59.4280","27.6408","29.3985","17.5447","62.9897","36.7256","25.1730","112.0202","23.6471","65.3344","28.8456","28.2913","32.0146","105.0238","46.3270","110.0752","47.1590","18.3249","11.0000","17.3268","47.6954","156.8377","16.7184","30.6325","28.3438"
"C:\Users\cfg364\Sommerlab Dropbox\Casper van der Luijt\Casper\Data\BioLog\OmniLog\CL3\DATA_2024\08\_RIB40_Aspergillus oryzae__2_30_CL3_769_8#19#2024_A_ 7B_4.OKA","8/19/2024 7:16:29 PM"," 7-B","PM02A","","RIB40","Aspergillus oryzae","",58.2500,"51.7513","45.5400","75.5069","142.1686","134.0039","132.8610","67.9426","110.9497","29.8785","74.0980","36.9606","130.9634","49.2456","40.5572","39.1640","105.2491","125.7756","103.8967","40.4362","165.2520","127.8514","50.0684","31.8569","46.2681","144.1877","30.3314","20.7145","30.5656","51.5649","35.7940","16.8070","25.0726","16.6744","24.7459","25.6210","180.2099","126.5518","67.2996","26.8272","87.9723","63.5374","46.6034","127.1345","28.4413","18.7917","64.4033","33.3168","36.9214","24.5459","74.7740","24.7067","19.0456","62.5866","27.8084","79.8728","26.5832","22.8366","31.9516","23.0713","92.3377","47.6284","25.7323","27.9176","21.0709","93.7910","89.5892","44.2430","37.1374","178.5013","31.7750","27.5505","63.7878","27.8860","33.0024","19.2899","63.0824","35.7030","23.9309","112.1151","22.3887","61.7783","29.1014","31.1464","34.5401","108.1631","54.3673","115.6903","44.9553","20.3860","11.0000","18.8768","46.8778","158.4699","20.1752","35.9550","29.6159"
"C:\Users\cfg364\Sommerlab Dropbox\Casper van der Luijt\Casper\Data\BioLog\OmniLog\CL3\DATA_2024\08\_RIB40_Aspergillus oryzae__2_30_CL3_769_8#19#2024_A_ 7B_4.OKA","8/19/2024 7:16:29 PM"," 7-B","PM02A","","RIB40","Aspergillus oryzae","",58.5000,"53.5156","49.8443","74.1660","142.2247","134.5730","130.4504","70.7621","104.3715","35.1507","77.1776","44.4794","130.8205","48.0958","31.4403","41.7738","106.7724","128.4618","103.4534","40.2135","165.3664","124.5779","50.7313","29.7297","47.2975","143.8184","26.3147","25.4865","28.2929","49.1024","34.4723","21.4171","26.8884","18.5145","21.4740","23.8934","179.8212","129.5466","72.3439","25.1047","85.4064","68.4959","43.3615","126.9641","24.6345","19.9059","70.1862","28.5407","36.8550","24.5912","76.1507","22.6941","15.8360","66.5985","26.6734","77.0977","23.6297","24.5300","34.6762","26.2617","88.7509","46.3808","24.3032","26.7510","26.5949","92.8801","89.7049","42.4231","31.1643","172.6882","35.5137","26.1246","67.2417","35.2520","29.8194","18.6854","62.1494","38.6436","24.4662","110.8974","20.5007","62.7825","33.8567","29.0844","35.1618","105.7706","48.2298","116.0201","47.0826","13.6850","11.0000","18.9680","46.5116","156.3736","17.3380","40.7879","29.8971"
"C:\Users\cfg364\Sommerlab Dropbox\Casper van der Luijt\Casper\Data\BioLog\OmniLog\CL3\DATA_2024\08\_RIB40_Aspergillus oryzae__2_30_CL3_769_8#19#2024_A_ 7B_4.OKA","8/19/2024 7:16:29 PM"," 7-B","PM02A","","RIB40","Aspergillus oryzae","",58.7500,"54.5770","46.8069","73.8487","143.1289","136.4016","133.7527","70.3757","104.6299","34.3978","75.0044","46.2512","124.7834","49.1925","36.7406","41.1735","106.0285","128.3101","103.5341","41.0023","166.2327","124.9459","53.7497","30.8755","50.7892","141.4540","21.5064","20.9659","27.1258","46.3249","32.8841","15.6569","24.2055","19.9470","21.1605","27.3633","178.6093","125.8512","68.1597","26.5112","90.6633","66.3313","41.0826","127.4349","29.9482","15.9498","72.8365","36.5253","43.1876","25.7794","74.4083","23.9823","19.6151","66.8042","27.9462","81.4336","26.6625","23.9213","33.6268","20.3001","98.6263","50.2492","20.8124","29.1976","24.5350","91.4011","91.0652","45.1137","36.7595","172.1562","35.5302","21.0445","69.5614","27.4193","29.3784","21.7278","63.8202","34.6716","25.9151","113.3283","22.8503","61.0320","34.8258","33.1478","35.1885","107.5013","48.8455","114.7849","47.3906","18.7025","12.6917","20.7970","42.5355","160.7948","17.4866","40.1244","30.2379"
"C:\Users\cfg364\Sommerlab Dropbox\Casper van der Luijt\Casper\Data\BioLog\OmniLog\CL3\DATA_2024\08\_RIB40_Aspergillus oryzae__2_30_CL3_769_8#19#2024_A_ 7B_4.OKA","8/19/2024 7:16:29 PM"," 7-B","PM02A","","RIB40","Aspergillus oryzae","",59.0000,"38.9340","37.4731","77.7138","141.5932","132.1351","138.1942","69.8226","104.7299","27.5473","73.6989","34.8649","134.2352","47.7307","33.4861","40.7879","99.4660","125.0100","104.1402","39.7360","162.7136","120.7124","49.3137","28.1068","44.3663","143.3599","20.4263","21.2206","26.6108","50.1625","34.2439","15.9781","24.1736","19.4694","19.6122","31.0562","175.2926","128.1659","73.3531","22.5469","87.8274","66.1725","42.9096","130.5809","31.0292","11.4529","65.5005","32.7258","38.7153","24.4969","75.3431","22.9574","19.7723","60.9267","28.2589","82.7590","27.7025","24.9742","35.4473","22.8781","95.9747","46.3886","22.0908","27.9373","21.0813","90.7276","92.3870","41.7971","29.9575","175.6707","34.9914","26.8903","60.7756","28.0945","27.5278","20.6457","63.4188","38.4514","29.2717","113.6755","21.7443","69.0882","31.4084","28.6030","30.5381","105.3144","52.8142","116.4075","49.9877","18.4172","11.5426","18.3952","42.3769","157.4668","18.4499","32.7005","30.3618"
"C:\Users\cfg364\Sommerlab Dropbox\Casper van der Luijt\Casper\Data\BioLog\OmniLog\CL3\DATA_2024\08\_RIB40_Aspergillus oryzae__2_30_CL3_769_8#19#2024_A_ 7B_4.OKA","8/19/2024 7:16:29 PM"," 7-B","PM02A","","RIB40","Aspergillus oryzae","",59.2500,"54.9420","48.4943","77.3961","144.3879","135.7698","133.0039","69.6319","105.7488","39.5786","78.4582","44.4437","127.9503","45.1473","39.5543","43.0560","107.8379","128.3027","101.2136","37.5077","164.1736","129.3528","50.6881","27.9816","51.8224","148.6088","25.0609","28.1742","31.0158","47.3792","33.7191","24.2179","23.0084","15.1322","22.2419","21.6717","181.5622","129.7338","71.7423","22.1592","88.5814","68.6389","42.0134","131.0990","30.6887","21.3140","70.2093","35.0019","41.8895","25.0412","72.8994","19.8893","19.3684","66.9001","25.4382","80.2157","23.6918","26.0367","37.4244","25.3306","94.9892","46.5707","23.3575","27.5228","22.6587","91.4304","94.0678","47.9853","34.7407","176.9500","34.8743","25.0994","65.2141","32.5020","27.8288","18.0408","66.0823","36.1913","21.4658","116.5448","24.0266","65.6419","35.2357","32.0434","33.5532","108.7713","47.4386","116.4290","48.3582","17.5756","11.0000","22.0455","47.0234","160.0077","19.6419","40.5426","30.5356"
"C:\Users\cfg364\Sommerlab Dropbox\Casper van der Luijt\Casper\Data\BioLog\OmniLog\CL3\DATA_2024\08\_RIB40_Aspergillus oryzae__2_30_CL3_769_8#19#2024_A_ 7B_4.OKA","8/19/2024 7:16:29 PM"," 7-B","PM02A","","RIB40","Aspergillus oryzae","",59.5000,"53.6360","47.2203","75.4561","145.3346","135.6978","133.4456","68.4927","105.4775","33.0628","77.4405","46.9867","126.3291","52.4900","39.6565","43.2091","105.8479","126.3277","106.4243","41.6362","165.7725","128.8863","54.9565","30.4749","50.8396","146.8117","27.9324","29.4400","23.3179","50.7117","35.0733","23.6458","18.8532","20.0574","22.9153","25.3273","181.5473","130.8279","68.1716","25.0566","92.5795","69.2270","45.4874","130.9385","28.4828","22.2179","69.1812","34.7901","37.5400","22.9809","76.5826","24.1217","18.4156","63.0970","27.9485","80.0244","26.7678","26.1979","31.7556","23.4332","95.5170","47.5017","27.3437","29.0465","23.6559","93.8374","96.0251","44.8039","41.4353","178.5389","30.7318","17.9715","68.9730","32.5807","28.9303","22.4966","65.9380","40.1985","28.3534","115.6578","22.8451","63.8849","36.8340","36.0319","35.4618","109.7019","52.7139","117.6628","48.9519","17.7264","11.0000","22.8622","48.6009","161.6560","20.3764","38.6988","28.9927"
"C:\Users\cfg364\Sommerlab Dropbox\Casper van der Luijt\Casper\Data\BioLog\OmniLog\CL3\DATA_2024\08\_RIB40_Aspergillus oryzae__2_30_CL3_769_8#19#2024_A_ 7B_4.OKA","8/19/2024 7:16:29 PM"," 7-B","PM02A","","RIB40","Aspergillus oryzae","",59.7500,"57.4080","47.8331","75.2934","143.4177","137.8097","135.7650","66.2638","107.4602","34.3568","81.3625","42.7238","125.9692","51.6172","39.8857","45.5807","103.5229","129.1977","104.4892","43.0566","167.4270","127.0712","49.7735","31.1974","49.3213","146.4958","27.2499","24.6651","27.1874","51.2124","33.9345","21.2946","22.9240","19.3900","23.0759","25.0382","180.5912","127.2727","70.6745","25.4969","89.2550","65.0090","41.7286","130.2727","27.6548","21.7372","70.9087","35.8641","37.0485","24.2985","78.1916","24.3074","15.9437","63.4490","26.5361","79.5484","23.3027","24.9897","34.9538","22.8813","95.8348","51.9449","29.2758","26.5563","20.1646","91.7002","94.3592","42.3058","36.7434","175.0094","31.4662","21.3113","69.0978","33.3428","27.0799","18.8922","68.7404","40.2303","28.8284","114.8340","22.8768","59.6272","36.1315","38.0754","34.2791","108.8402","54.3622","117.0709","49.5999","17.9802","11.0000","24.1175","51.9991","164.4997","21.7297","39.8410","30.5438"
"C:\Users\cfg364\Sommerlab Dropbox\Casper van der Luijt\Casper\Data\BioLog\OmniLog\CL3\DATA_2024\08\_RIB40_Aspergillus oryzae__2_30_CL3_769_8#19#2024_A_ 7B_4.OKA","8/19/2024 7:16:29 PM"," 7-B","PM02A","","RIB40","Aspergillus oryzae","",60.0000,"41.1142","41.7373","77.8313","147.5656","136.2336","140.9193","67.6732","109.0464","25.6643","76.4767","36.1147","135.0974","44.6347","30.6829","42.8886","103.7776","127.3260","108.3278","42.7015","168.1407","125.9367","51.3153","29.1284","48.3641","145.1690","26.4699","26.2044","26.3813","52.8397","35.2948","23.2327","20.4558","20.3117","23.6861","24.3314","179.1735","128.8281","72.2224","23.4214","93.8902","65.7067","46.3331","129.3849","25.7760","15.8077","69.4420","32.3167","39.1455","21.2650","77.3871","26.3499","16.0388","66.9691","27.3522","83.6740","22.5715","24.6717","31.7882","26.4197","93.8966","44.0151","25.5383","28.1242","21.5673","91.3813","96.5595","41.1358","36.4306","175.1048","34.8186","24.1323","65.7592","31.6663","26.4737","20.1351","65.9380","36.5725","28.9234","117.4639","20.0264","66.7660","31.8844","32.1686","29.2996","106.1934","49.2906","115.7937","52.0683","15.1881","11.0000","23.5840","46.9962","154.5306","16.3810","30.9888","29.2719"
"C:\Users\cfg364\Sommerlab Dropbox\Casper van der Luijt\Casper\Data\BioLog\OmniLog\CL3\DATA_2024\08\_RIB40_Aspergillus oryzae__2_30_CL3_769_8#19#2024_A_ 7B_4.OKA","8/19/2024 7:16:29 PM"," 7-B","PM02A","","RIB40","Aspergillus oryzae","",60.2500,"40.4524","40.7001","82.9988","146.1297","136.5898","137.0538","65.1376","105.5780","28.1894","78.8499","39.9208","131.6896","48.6976","32.2533","40.2472","103.5613","128.7870","107.8346","42.5663","169.4109","122.1945","50.6614","26.8447","48.3706","143.9441","26.0506","23.7180","25.1269","54.5697","34.6987","21.5256","25.0663","18.8017","25.0726","26.8050","178.0878","128.7600","78.3609","23.2811","94.4884","69.2144","45.7431","130.4856","31.0612","15.4839","69.4526","33.1589","39.4659","22.4252","82.1321","23.4103","19.8798","58.9782","28.9415","85.3185","25.8459","29.1377","36.1363","30.3431","96.9632","46.9511","22.2401","25.3366","19.6824","92.4006","93.5473","43.4016","32.9147","174.8912","36.1703","27.3103","60.9779","32.4301","27.9273","18.2509","66.3216","36.1396","24.8397","112.4360","22.0685","65.5824","31.0004","32.4918","30.8683","105.5438","53.4682","118.9078","51.0233","16.2371","11.0000","12.8756","45.5134","157.7984","17.6718","31.2366","30.7479"
"C:\Users\cfg364\Sommerlab Dropbox\Casper van der Luijt\Casper\Data\BioLog\OmniLog\CL3\DATA_2024\08\_RIB40_Aspergillus oryzae__2_30_CL3_769_8#19#2024_A_ 7B_4.OKA","8/19/2024 7:16:29 PM"," 7-B","PM02A","","RIB40","Aspergillus oryzae","",60.5000,"53.7746","46.6272","80.3441","148.5613","136.1456","135.0848","69.6491","106.5799","32.2964","83.3998","42.9023","121.4756","53.6742","40.2684","42.4304","110.7380","129.3834","108.7548","41.2443","168.9860","127.2859","56.5615","32.5223","48.5691","147.3268","28.1355","27.9887","27.2556","53.0371","35.5180","19.2679","25.5149","17.1710","23.9507","24.3314","181.4122","132.2748","73.6985","25.4797","94.2963","71.0882","47.6855","130.9622","30.5216","18.9355","69.9760","34.7580","38.5203","24.2018","80.9156","22.3839","20.6355","66.3915","31.2857","80.3215","26.6725","30.9769","34.1124","24.9915","97.4702","48.9552","21.1129","24.3788","21.8607","99.4913","89.3962","47.5581","34.9988","175.1784","35.0566","26.3452","69.8914","32.2775","27.2260","20.0247","64.6790","34.3760","26.2364","115.1414","21.7207","60.6732","35.1925","32.4918","35.2349","106.4994","56.9648","118.5031","49.1086","16.3967","11.0000","19.1382","47.7319","160.0114","20.6049","37.5366","26.7361"
"C:\Users\cfg364\Sommerlab Dropbox\Casper van der Luijt\Casper\Data\BioLog\OmniLog\CL3\DATA_2024\08\_RIB40_Aspergillus oryzae__2_30_CL3_769_8#19#2024_A_ 7B_4.OKA","8/19/2024 7:16:29 PM"," 7-B","PM02A","","RIB40","Aspergillus oryzae","",60.7500,"57.5809","49.4126","77.3982","146.9192","140.0485","136.3114","64.1497","105.8786","35.4097","83.2669","43.8962","123.1889","54.9805","39.4801","44.4850","109.6167","124.5803","110.4364","44.6298","167.1558","128.1345","54.7259","28.1320","46.7832","146.3375","25.7900","25.5393","28.7715","48.5018","36.3689","24.3876","22.3427","17.7146","22.6684","25.6485","180.2154","134.0480","75.5244","24.3176","92.7911","69.1509","44.0514","130.9940","28.2362","17.0968","71.2844","35.4433","39.2703","22.6703","78.8668","21.8552","18.3683","63.7599","27.8475","80.0987","24.1610","26.0936","32.2190","27.9574","96.1711","49.3869","19.7602","24.5333","20.0869","94.3402","89.8715","44.8816","36.0724","173.6464","33.3065","25.3479","67.5145","28.7974","29.6169","17.7218","67.2824","32.9330","24.8397","115.1732","20.7403","61.2869","32.1524","33.1644","33.0204","106.7768","53.4682","119.7173","51.6409","16.0774","11.0000","15.1645","45.3867","160.6849","20.7660","35.9457","26.2385"
"C:\Users\cfg364\Sommerlab Dropbox\Casper van der Luijt\Casper\Data\BioLog\OmniLog\CL3\DATA_2024\08\_RIB40_Aspergillus oryzae__2_30_CL3_769_8#19#2024_A_ 7B_4.OKA","8/19/2024 7:16:29 PM"," 7-B","PM02A","","RIB40","Aspergillus oryzae","",61.0000,"44.1679","47.4046","83.1950","144.7082","136.0692","138.9029","68.7625","108.8014","29.8505","75.9208","35.1462","126.1536","51.4348","27.5283","39.2259","107.3683","127.2107","108.8263","39.6999","169.0195","127.8580","51.9031","27.9802","45.1412","148.4534","27.0537","26.1548","26.9581","53.9726","34.3214","24.3956","27.1396","18.9562","20.3230","27.4753","178.2939","134.6024","75.3103","22.4198","94.7622","69.3513","49.9401","133.6657","30.3488","11.9390","70.0874","35.5400","35.8247","27.5679","80.2360","25.0889","24.5805","63.3942","28.1381","85.9907","24.5916","28.9667","33.6853","30.5066","93.7200","47.9565","22.5836","25.1307","22.0357","87.9526","96.3339","42.3088","33.3435","178.7287","29.3876","32.6719","64.7536","28.7365","29.7747","20.1408","66.5465","35.3162","25.8338","116.3435","25.5524","69.0257","28.5813","34.2062","29.4131","104.9295","55.4606","120.2250","49.8053","16.0161","11.0000","20.3296","42.9329","158.3948","20.1777","35.3064","29.5107"
"C:\Users\cfg364\Sommerlab Dropbox\Casper van der Luijt\Casper\Data\BioLog\OmniLog\CL3\DATA_2024\08\_RIB40_Aspergillus oryzae__2_30_CL3_769_8#19#2024_A_ 7B_4.OKA","8/19/2024 7:16:29 PM"," 7-B","PM02A","","RIB40","Aspergillus oryzae","",61.2500,"40.7985","45.5361","82.2185","147.7950","135.4654","137.7747","70.8910","108.5693","28.1248","81.2136","36.7737","127.7695","51.7764","27.5283","37.8404","105.6400","126.8977","106.8462","37.0968","172.9156","127.6965","53.7029","27.9143","45.1082","146.4577","23.3490","25.9334","27.2160","53.2527","35.4591","18.9228","21.5467","20.7136","22.7984","25.5559","182.5615","132.2614","74.8831","23.9382","92.3250","69.3197","47.6605","132.6823","25.3834","14.6267","71.2262","32.7261","38.8705","28.4782","81.9989","20.9213","20.7942","63.2984","27.6673","87.3185","24.1460","26.7725","35.2801","28.1928","92.3546","51.3218","22.7761","23.4029","21.2298","90.7375","96.5229","41.7695","33.3435","177.6760","30.3182","32.7039","65.0035","28.8285","30.7579","20.6985","66.8868","29.5358","24.6829","118.2201","25.6152","69.5370","28.9984","30.3705","28.1024","102.2723","55.1127","120.6311","51.4157","16.6510","11.0000","17.7450","44.4566","156.6347","19.8248","35.7780","27.6161"
"C:\Users\cfg364\Sommerlab Dropbox\Casper van der Luijt\Casper\Data\BioLog\OmniLog\CL3\DATA_2024\08\_RIB40_Aspergillus oryzae__2_30_CL3_769_8#19#2024_A_ 7B_4.OKA","8/19/2024 7:16:29 PM"," 7-B","PM02A","","RIB40","Aspergillus oryzae","",61.5000,"42.2205","45.9549","82.2511","147.0706","135.1794","142.4164","67.3872","109.7963","31.2444","76.8923","39.9290","128.4949","48.3913","28.2239","41.6425","105.2560","128.9008","109.4332","39.7976","176.1948","129.0538","54.7827","28.9694","49.8913","147.4397","21.5291","22.9910","27.1837","54.9429","34.5742","23.5047","24.3272","18.0935","23.9879","27.9552","183.3554","136.5955","76.9862","21.0595","95.0828","71.4703","49.3468","129.0979","27.4336","11.0000","73.2435","34.1985","40.2460","27.4769","84.1786","24.3425","22.3275","64.0970","29.0170","87.0340","23.3820","27.4403","33.9132","29.3819","94.1964","48.8437","23.6425","24.6679","23.7717","92.5941","96.4599","44.1169","32.9964","177.8355","29.7085","31.8089","67.1586","28.2762","28.0622","20.2647","68.3103","34.5411","27.6240","114.9758","26.1170","70.3677","31.8538","31.1057","29.0698","104.5587","56.9468","120.2563","54.1411","17.6034","11.0000","17.2407","45.2184","158.5548","18.7979","38.4508","30.1939"
"C:\Users\cfg364\Sommerlab Dropbox\Casper van der Luijt\Casper\Data\BioLog\OmniLog\CL3\DATA_2024\08\_RIB40_Aspergillus oryzae__2_30_CL3_769_8#19#2024_A_ 7B_4.OKA","8/19/2024 7:16:29 PM"," 7-B","PM02A","","RIB40","Aspergillus oryzae","",61.7500,"61.3237","47.0503","79.9726","145.1177","139.0243","135.9374","67.0270","106.9442","35.9239","80.8786","43.0842","122.8560","56.4969","37.0677","42.1581","110.9529","132.8757","110.2635","40.7738","174.1818","129.9586","54.2919","29.5958","51.6725","152.5083","27.6061","25.1424","28.0542","53.9100","35.6803","21.3092","23.5921","14.9941","19.7765","26.1637","183.6201","134.7606","69.6581","20.6167","94.7942","72.4191","46.9735","134.8711","28.3626","17.5086","70.9985","30.3375","34.0234","27.3555","80.8771","21.7611","23.6417","63.0747","25.4073","82.1337","22.5226","26.0730","34.9872","25.6862","94.4821","52.6679","21.3643","25.4083","21.8187","93.1703","91.0104","42.4039","33.8169","174.1990","28.7779","27.7174","69.3450","29.7184","32.0581","21.1013","67.0416","28.0827","24.3951","116.6616","25.7720","65.3512","32.2709","32.6400","33.9072","105.4238","57.7374","116.6019","51.0751","19.2225","11.0000","20.4872","45.5041","158.0748","20.2098","43.3561","27.0571"
"C:\Users\cfg364\Sommerlab Dropbox\Casper van der Luijt\Casper\Data\BioLog\OmniLog\CL3\DATA_2024\08\_RIB40_Aspergillus oryzae__2_30_CL3_769_8#19#2024_A_ 7B_4.OKA","8/19/2024 7:16:29 PM"," 7-B","PM02A","","RIB40","Aspergillus oryzae","",62.0000,"61.2628","45.4928","78.6816","151.9344","143.4035","138.6927","68.5678","110.2780","32.8170","83.9435","43.7155","121.8395","55.3872","39.3180","43.5184","111.3526","129.5474","109.5207","40.8705","174.3091","129.9058","53.9819","26.9928","53.0427","150.6904","25.2885","19.6041","27.6591","53.9846","36.5031","20.6627","24.3023","18.8044","22.6804","20.7444","186.0272","138.2299","72.0933","24.1632","92.9203","72.9581","43.9073","134.8539","29.9466","19.1762","74.1941","32.2401","40.0755","22.7928","80.8722","21.1458","19.1550","66.2408","27.4583","85.7832","25.4164","24.1054","31.4031","24.0580","90.6575","47.9619","21.4411","26.4187","20.6152","91.5990","90.1580","48.5074","36.8608","176.0180","30.6901","23.2202","69.7248","33.4566","32.9642","20.0432","67.1519","32.1744","32.4688","118.1024","22.0332","63.9933","33.8822","33.8209","33.1478","109.8136","55.5174","123.6172","48.3973","19.5519","11.0000","22.5740","48.1708","159.9952","16.1604","38.1756","26.0564"
"C:\Users\cfg364\Sommerlab Dropbox\Casper van der Luijt\Casper\Data\BioLog\OmniLog\CL3\DATA_2024\08\_RIB40_Aspergillus oryzae__2_30_CL3_769_8#19#2024_A_ 7B_4.OKA","8/19/2024 7:16:29 PM"," 7-B","PM02A","","RIB40","Aspergillus oryzae","",62.2500,"39.1266","44.3041","86.7624","149.5958","137.4450","136.8780","65.9181","110.0012","25.7988","77.5276","36.4934","126.4509","47.9321","32.5729","39.4667","106.9616","127.6747","114.7642","42.3644","174.8257","126.1184","50.0660","23.7222","48.8107","149.5600","24.7845","26.6918","26.0505","55.3685","32.3024","23.1692","21.4450","17.9557","23.3565","26.0261","187.0972","133.5291","74.3508","23.7902","95.6523","72.3405","44.1382","133.6091","27.9056","17.1976","73.9099","32.3334","39.4448","22.2197","81.3907","22.3296","15.8188","63.0780","29.3122","83.0236","23.9635","21.8925","30.2747","22.8790","95.2176","50.1480","22.0094","24.1165","21.1443","90.5790","97.9584","47.7045","33.2535","178.8823","32.9260","30.3958","61.2675","27.8848","29.0635","21.4567","66.6344","31.7560","23.4530","119.1818","21.0339","67.7962","29.7957","30.4055","29.4389","104.7495","55.2456","120.5034","50.0265","13.9075","11.0000","18.5416","43.4415","155.8630","17.7071","29.3341","27.1109"
"C:\Users\cfg364\Sommerlab Dropbox\Casper van der Luijt\Casper\Data\BioLog\OmniLog\CL3\DATA_2024\08\_RIB40_Aspergillus oryzae__2_30_CL3_769_8#19#2024_A_ 7B_4.OKA","8/19/2024 7:16:29 PM"," 7-B","PM02A","","RIB40","Aspergillus oryzae","",62.5000,"64.5121","47.3323","84.8778","151.8381","145.7653","142.4486","68.5025","107.0107","38.3120","83.1190","41.0227","122.2052","56.2571","38.7188","44.7169","111.8177","130.7104","111.8062","46.5023","172.7222","129.6182","48.9647","28.9829","50.9109","154.0734","27.3449","25.3630","23.5465","52.7341","36.3495","20.3719","21.5470","16.7320","21.6355","24.4370","188.9383","141.9000","75.9161","20.7915","95.3524","76.0710","41.6854","139.5074","31.7720","13.4479","72.8661","33.7713","39.4490","27.8904","81.7850","21.4789","15.1710","65.5158","27.9025","82.9289","25.5030","22.6849","35.6452","24.4576","96.7398","52.6769","19.5774","27.2301","22.2366","91.6934","88.1174","39.6460","34.7802","173.6081","32.6449","25.6962","71.1969","32.9644","31.1384","20.2925","68.1545","36.0300","25.6387","119.6440","16.7023","73.4664","36.1504","29.9273","33.2043","107.9358","60.9126","123.1263","46.1722","16.6654","11.0640","20.7676","48.8319","158.6709","20.3456","40.8700","26.9363"
"C:\Users\cfg364\Sommerlab Dropbox\Casper van der Luijt\Casper\Data\BioLog\OmniLog\CL3\DATA_2024\08\_RIB40_Aspergillus oryzae__2_30_CL3_769_8#19#2024_A_ 7B_4.OKA","8/19/2024 7:16:29 PM"," 7-B","PM02A","","RIB40","Aspergillus oryzae","",62.7500,"40.1096","44.6422","89.0883","151.0200","146.3946","140.3857","66.6974","104.7113","34.0291","84.6152","36.5724","134.1434","52.0919","28.4186","42.4005","107.6635","131.0843","112.5025","44.5425","176.2309","126.5668","52.2301","25.3069","45.2235","150.3609","28.0584","24.7960","27.4491","56.2666","35.7806","17.4292","22.5117","20.1584","20.9909","24.7584","184.1701","139.5704","78.1635","20.6970","97.9172","74.1748","44.9899","136.2018","31.1050","11.5798","72.1833","36.5078","36.1752","27.0687","80.6257","23.0958","18.5836","66.1534","29.7459","85.8048","26.9848","27.8570","33.5589","23.8414","93.5783","46.8816","23.6404","27.1993","18.9061","94.2530","95.6141","41.4961","31.6729","175.8462","32.0694","29.3301","67.3877","29.0650","31.3287","18.6764","70.5939","38.3546","28.4392","118.7850","19.4420","72.3543","29.0878","30.7265","29.0566","104.7591","61.7345","121.1910","52.1938","15.5893","11.0000","12.7386","46.7143","156.0976","19.1532","36.0706","27.6819"
"C:\Users\cfg364\Sommerlab Dropbox\Casper van der Luijt\Casper\Data\BioLog\OmniLog\CL3\DATA_2024\08\_RIB40_Aspergillus oryzae__2_30_CL3_769_8#19#2024_A_ 7B_4.OKA","8/19/2024 7:16:29 PM"," 7-B","PM02A","","RIB40","Aspergillus oryzae","",63.0000,"45.8696","39.1324","87.8900","152.6247","145.1045","141.1270","66.9599","108.7437","32.9089","80.6253","33.5502","132.9986","51.4081","33.8311","43.1083","110.5395","133.2031","115.8257","46.1168","179.3821","129.7156","54.3411","25.0419","45.8518","151.9474","23.4857","27.0324","27.5459","54.2034","37.8351","23.0588","23.5728","18.3331","22.3767","25.3692","185.9458","142.7500","80.9322","23.2472","96.7951","76.3870","49.2072","140.1056","30.4380","15.6703","73.6138","33.9668","35.5532","27.0992","85.9394","22.3806","19.3104","62.3277","31.9016","86.1524","26.8902","28.9425","34.8303","24.9764","96.3288","49.3169","22.9310","26.0290","22.7035","94.3490","97.1640","39.2951","32.4656","174.7272","33.2203","28.9120","67.7624","30.8014","33.3584","16.8739","71.8907","36.0937","28.0891","120.2803","20.7163","73.1804","32.6670","32.3891","29.0254","103.1553","60.3120","121.6904","52.3173","18.3112","11.1920","17.3853","48.6106","155.8081","16.3496","36.4179","26.5946"
"C:\Users\cfg364\Sommerlab Dropbox\Casper van der Luijt\Casper\Data\BioLog\OmniLog\CL3\DATA_2024\08\_RIB40_Aspergillus oryzae__2_30_CL3_769_8#19#2024_A_ 7B_4.OKA","8/19/2024 7:16:29 PM"," 7-B","PM02A","","RIB40","Aspergillus oryzae","",63.2500,"41.2864","42.4059","89.6713","151.5234","145.3248","140.5468","67.1897","108.1105","30.4380","87.8405","35.6425","135.2227","52.8690","34.4216","46.2612","112.7124","133.5770","117.4399","47.0164","182.8583","126.6317","54.7699","28.4199","45.1905","152.8359","26.5990","26.7804","27.1266","56.9231","36.7288","22.2271","23.2834","18.2050","23.3114","25.0156","189.2343","140.9241","78.8801","23.4676","97.1478","75.0913","48.0113","137.2408","32.2802","15.7347","72.4759","33.2501","37.6812","27.2818","81.6884","24.4328","20.7639","63.1247","30.8394","88.9335","23.8635","26.0691","33.6567","25.3656","96.7714","47.6215","20.9962","25.3514","22.6413","90.1256","98.6191","42.5488","33.4485","174.7911","36.9291","28.2688","63.9221","31.8068","31.5824","19.0804","70.8718","33.9601","28.9802","119.4531","17.9766","75.6587","31.7403","31.5258","29.1813","104.2964","59.9327","124.3125","52.9040","18.0897","11.4800","15.6151","50.8230","155.1648","16.7685","35.2812","28.5206"
"C:\Users\cfg364\Sommerlab Dropbox\Casper van der Luijt\Casper\Data\BioLog\OmniLog\CL3\DATA_2024\08\_RIB40_Aspergillus oryzae__2_30_CL3_769_8#19#2024_A_ 7B_4.OKA","8/19/2024 7:16:29 PM"," 7-B","PM02A","","RIB40","Aspergillus oryzae","",63.5000,"63.7379","47.2674","86.8211","152.7820","145.2619","143.4801","68.9948","106.1776","37.1919","84.8812","42.0854","123.6770","58.4640","38.8828","45.8751","114.4380","134.9480","115.2560","46.5987","179.3172","131.9556","54.1102","30.6388","52.6304","157.3416","29.3232","26.0245","25.5784","53.2655","35.4013","17.2693","21.5792","14.9067","23.7303","23.9548","186.6364","139.4130","73.4080","22.8379","98.3340","75.4389","43.9513","139.7907","29.3264","17.6995","73.3537","34.2600","35.6842","27.6774","86.1326","22.4739","16.4033","65.7071","25.1531","84.3827","28.8450","23.8662","34.5695","25.0089","96.0759","49.9642","20.0611","25.8750","20.7737","93.7411","92.2295","42.9635","36.0485","171.7218","31.3020","21.4513","71.8838","32.7207","31.4238","19.7331","71.6746","35.6478","26.6571","118.9759","17.6262","71.1787","34.7123","30.6306","33.2043","105.0983","63.9156","122.9390","50.9277","20.5900","11.0000","22.3481","48.9267","159.4107","20.0234","41.7541","24.2337"
"C:\Users\cfg364\Sommerlab Dropbox\Casper van der Luijt\Casper\Data\BioLog\OmniLog\CL3\DATA_2024\08\_RIB40_Aspergillus oryzae__2_30_CL3_769_8#19#2024_A_ 7B_4.OKA","8/19/2024 7:16:29 PM"," 7-B","PM02A","","RIB40","Aspergillus oryzae","",63.7500,"40.5431","43.2161","90.1571","150.5795","149.5411","145.6720","67.2881","111.1764","29.9438","86.4772","36.8713","134.1761","52.4649","33.1423","41.2422","112.5846","134.4183","116.3638","44.4782","177.2055","128.7093","55.6275","23.8497","48.0011","156.6753","24.4586","23.9771","27.3846","55.9540","35.2433","20.8517","19.5534","19.5179","20.7975","24.0191","186.5706","141.5222","76.2418","24.0343","99.9371","77.0191","44.4864","139.0352","30.7239","15.3804","74.5566","37.1919","37.0264","28.1035","79.3053","21.6032","18.8048","64.5594","31.5267","88.0170","28.0252","24.0578","36.6884","27.4085","94.6848","46.6658","17.9651","26.8297","19.9644","93.9971","99.6629","43.6015","32.2754","175.2387","33.6360","27.9473","68.0434","32.2028","29.7113","18.9250","69.1117","34.0556","26.1161","119.9939","21.0667","72.9262","30.1105","31.7816","28.4329","105.3142","65.3697","125.9045","51.9159","17.3934","11.0000","14.5087","48.4210","156.2906","18.7021","33.4183","25.9423"
"C:\Users\cfg364\Sommerlab Dropbox\Casper van der Luijt\Casper\Data\BioLog\OmniLog\CL3\DATA_2024\08\_RIB40_Aspergillus oryzae__2_30_CL3_769_8#19#2024_A_ 7B_4.OKA","8/19/2024 7:16:29 PM"," 7-B","PM02A","","RIB40","Aspergillus oryzae","",64.0000,"39.9886","46.0083","87.4663","154.1877","146.5688","143.5161","73.7534","112.3686","29.7314","82.7467","37.4566","134.3002","53.4190","32.3139","47.4670","114.3448","132.8782","116.0850","44.5628","182.8325","128.2066","55.7955","25.6314","47.1590","159.3348","22.6403","24.0449","27.3139","58.7283","36.1009","23.2642","23.2923","19.6878","19.2430","27.4721","189.3538","139.7426","75.3583","21.1416","97.6079","75.3611","47.1924","135.0510","33.2780","12.1333","73.4981","34.5695","35.4279","26.1753","86.1191","23.4497","21.1528","63.3111","31.7523","85.2200","24.8414","27.3242","34.4494","23.1242","95.1446","48.3755","21.9197","28.4666","23.3269","94.7218","96.1774","42.0557","34.2535","177.2241","34.1725","26.4212","67.3015","31.6781","29.3863","19.6798","70.5849","30.5650","24.5350","119.1472","23.4452","73.3588","30.5406","31.1011","30.8557","102.7160","60.9217","123.8687","49.9725","17.1696","11.0000","15.0431","44.0193","155.9366","16.0227","33.8695","31.2042"
"C:\Users\cfg364\Sommerlab Dropbox\Casper van der Luijt\Casper\Data\BioLog\OmniLog\CL3\DATA_2024\08\_RIB40_Aspergillus oryzae__2_30_CL3_769_8#19#2024_A_ 7B_4.OKA","8/19/2024 7:16:29 PM"," 7-B","PM02A","","RIB40","Aspergillus oryzae","",64.2500,"41.2992","48.9096","87.6606","154.3451","147.9955","142.8387","70.3394","108.2648","27.1030","84.4176","37.1242","126.4195","51.7048","30.7728","43.9482","116.2869","131.9433","117.2579","44.8521","184.6393","125.6382","57.5992","30.9578","44.9485","155.0257","22.3787","23.6983","27.3462","57.4493","35.5290","24.1832","21.8160","18.5699","22.4630","25.9951","188.6325","142.7618","78.1053","22.8477","99.9140","74.3744","44.3525","136.4484","33.9463","11.0000","73.3025","34.4719","36.5413","26.5403","86.5370","23.2318","20.2384","63.4707","30.3792","84.3296","22.1943","29.5473","33.9588","21.6250","90.3291","48.0358","19.1173","28.0982","20.5085","93.4756","95.6706","41.1984","32.9284","175.3775","33.4374","26.5822","65.2047","30.0617","26.5675","18.7808","67.5158","34.2595","27.2739","123.0844","21.8343","75.9981","32.4595","30.4620","30.6690","108.1183","64.5328","125.9941","51.7593","16.9469","11.0000","17.0331","45.8589","156.0008","16.8920","35.9256","29.0693"
"C:\Users\cfg364\Sommerlab Dropbox\Casper van der Luijt\Casper\Data\BioLog\OmniLog\CL3\DATA_2024\08\_RIB40_Aspergillus oryzae__2_30_CL3_769_8#19#2024_A_ 7B_4.OKA","8/19/2024 7:16:29 PM"," 7-B","PM02A","","RIB40","Aspergillus oryzae","",64.5000,"43.9203","43.8808","89.3116","153.3695","144.1910","143.1935","69.7866","112.0376","26.0716","83.2480","40.6473","131.1151","53.6060","33.0681","41.0692","115.9685","131.6629","116.4337","45.6558","185.7039","126.0283","54.0247","27.4397","44.6516","156.9758","22.6076","21.7447","27.3462","59.1650","33.7497","23.4543","22.6183","19.7197","21.9800","24.9034","190.8947","143.6834","78.7266","20.8889","102.5725","78.3214","45.4569","136.2261","31.4957","12.8457","73.6285","32.2256","37.4254","25.9016","85.3155","19.9326","19.1349","63.3430","30.8785","83.9798","22.2262","28.4357","37.5237","20.0280","92.7369","45.7500","21.5010","26.8397","21.8403","93.5075","95.7656","43.3577","35.8311","178.4657","32.5105","23.0408","67.1764","30.9157","29.5785","18.5328","66.5857","31.7536","26.1911","119.5600","23.5399","75.3939","30.6685","30.3661","29.1440","106.9519","62.3788","121.8682","56.7811","14.4346","11.0000","17.1594","45.9858","157.2510","16.7955","33.1420","28.7599"
"C:\Users\cfg364\Sommerlab Dropbox\Casper van der Luijt\Casper\Data\BioLog\OmniLog\CL3\DATA_2024\08\_RIB40_Aspergillus oryzae__2_30_CL3_769_8#19#2024_A_ 7B_4.OKA","8/19/2024 7:16:29 PM"," 7-B","PM02A","","RIB40","Aspergillus oryzae","",64.7500,"65.3350","46.9036","88.3670","153.6844","149.3891","140.4208","70.1539","105.8144","32.5498","86.1514","44.0607","116.9210","53.7317","36.2949","46.1925","120.2001","135.0166","116.9483","45.0954","189.3237","132.9366","56.0932","29.6582","60.9808","160.7604","28.7383","28.2122","28.0968","52.9892","43.9625","21.4524","20.4824","14.6663","21.5566","20.9281","189.0320","140.9266","77.7455","22.3540","101.3081","79.4655","48.6292","140.2461","32.4219","14.8416","78.4402","35.7892","39.7118","24.9445","87.6876","20.3389","20.7593","68.9589","29.4374","83.3020","24.8160","29.8033","37.0510","25.2596","98.5167","49.8189","25.5964","30.1011","25.1481","96.7076","92.9865","48.7217","37.4777","176.0516","29.3709","26.8472","71.9432","33.0704","31.8189","22.5385","69.9738","35.0059","24.2413","124.3988","20.8216","75.1047","36.2850","35.6572","37.0198","108.2877","69.1819","127.2078","52.4574","15.5791","11.0000","24.8553","46.6739","161.2318","19.5666","44.7196","29.7031"
"C:\Users\cfg364\Sommerlab Dropbox\Casper van der Luijt\Casper\Data\BioLog\OmniLog\CL3\DATA_2024\08\_RIB40_Aspergillus oryzae__2_30_CL3_769_8#19#2024_A_ 7B_4.OKA","8/19/2024 7:16:29 PM"," 7-B","PM02A","","RIB40","Aspergillus oryzae","",65.0000,"63.2116","44.3715","89.8897","154.6287","148.8181","138.4839","69.0682","109.1435","34.4483","85.5162","38.8389","115.5389","52.6047","33.9048","46.6408","118.0633","135.1409","116.9483","45.2887","185.3523","133.5831","57.2107","27.6544","57.2894","160.7604","24.2302","23.4118","25.4194","52.6132","41.8298","18.8952","20.8050","15.7276","19.7543","16.3683","190.3264","142.5188","74.4099","22.1010","97.7137","78.9581","43.3254","138.9492","33.7906","16.6494","75.3231","34.3885","38.6677","22.1005","87.4955","17.9652","21.0741","71.3064","29.8450","85.6159","24.6259","24.6173","35.8120","20.2363","98.4219","49.6644","20.0665","27.6523","24.2483","93.5840","94.7591","53.7050","37.5724","178.5004","32.9618","28.0613","70.8751","32.6138","29.1687","18.1030","71.7319","34.0136","26.0324","124.2721","19.1370","73.1959","35.3545","32.6471","30.7101","106.7424","70.2582","126.8358","48.0199","14.1481","11.0000","20.3420","46.2920","161.4881","17.1421","40.0883","27.6594"
"C:\Users\cfg364\Sommerlab Dropbox\Casper van der Luijt\Casper\Data\BioLog\OmniLog\CL3\DATA_2024\08\_RIB40_Aspergillus oryzae__2_30_CL3_769_8#19#2024_A_ 7B_4.OKA","8/19/2024 7:16:29 PM"," 7-B","PM02A","","RIB40","Aspergillus oryzae","",65.2500,"60.9046","43.8545","89.0698","152.1417","149.3294","140.8350","69.2994","108.5963","33.7000","87.6410","39.3578","116.5287","54.9074","39.3749","38.8943","119.4177","135.2481","115.6511","42.5631","185.3306","130.0497","59.0509","30.4169","50.6150","159.4749","24.7919","20.7022","25.9384","48.4267","37.9736","18.7017","21.6908","17.1098","23.2528","23.3668","191.4578","143.6936","72.5192","22.6710","99.5403","80.1765","42.4291","138.7322","29.4810","15.5827","74.3382","34.9708","37.8859","16.7974","85.4523","19.8626","17.4695","64.0970","27.5841","84.1887","27.5744","26.0067","29.4926","22.9364","96.9801","49.0652","22.9261","23.3367","25.5697","92.1311","96.0063","46.8011","34.9620","176.6322","32.1377","24.7532","69.0301","35.3109","33.3801","16.9106","72.3233","30.4998","27.9669","124.3249","16.3141","67.8687","35.7089","29.9427","35.3365","109.7237","64.8314","128.1965","51.2768","15.1349","11.0000","19.2911","47.9469","159.8112","16.9189","39.1409","24.5853"
"C:\Users\cfg364\Sommerlab Dropbox\Casper van der Luijt\Casper\Data\BioLog\OmniLog\CL3\DATA_2024\08\_RIB40_Aspergillus oryzae__2_30_CL3_769_8#19#2024_A_ 7B_4.OKA","8/19/2024 7:16:29 PM"," 7-B","PM02A","","RIB40","Aspergillus oryzae","",65.5000,"63.6805","45.6383","90.7910","156.3309","146.7313","141.4180","69.3974","109.1914","33.1667","90.0799","42.6567","109.4979","58.7770","36.9802","42.6070","117.0734","134.9348","117.3693","42.8223","186.2085","130.3769","58.7238","27.5208","53.2317","159.3801","22.5368","23.5149","24.0953","49.0889","35.8865","20.9707","21.7550","15.3504","17.9604","22.2747","190.7659","145.2155","73.5019","22.4822","99.3800","81.2529","42.7745","136.7916","35.1870","17.0350","72.3446","32.6163","41.5209","21.8856","83.6160","23.1081","18.1954","67.2975","27.2386","83.3350","24.9225","24.5411","31.2397","22.1944","95.0390","53.7156","19.8722","24.1078","21.9117","90.5913","95.3407","46.3271","36.1045","177.6797","29.0906","21.2185","69.4379","35.2805","30.2921","16.4750","73.1266","32.1114","24.8154","121.1946","16.0260","71.9512","35.0385","30.7172","32.0023","110.0613","69.9080","129.8389","52.1698","14.7503","11.0000","21.2848","47.8519","159.2311","20.5216","39.9975","24.8340"
"C:\Users\cfg364\Sommerlab Dropbox\Casper van der Luijt\Casper\Data\BioLog\OmniLog\CL3\DATA_2024\08\_RIB40_Aspergillus oryzae__2_30_CL3_769_8#19#2024_A_ 7B_4.OKA","8/19/2024 7:16:29 PM"," 7-B","PM02A","","RIB40","Aspergillus oryzae","",65.7500,"42.6894","41.6490","91.3106","156.9294","149.7096","143.3935","67.5010","110.1171","30.0667","83.5650","34.5260","124.3223","52.3797","30.6820","39.8628","119.3214","135.4987","116.3193","41.6233","187.0538","123.2777","57.0883","29.7587","44.7854","160.9926","21.2295","26.0431","24.7420","54.9220","35.1908","18.7017","21.4340","15.7983","22.4189","27.4783","188.7890","143.0595","77.4656","22.1362","103.9337","77.1055","46.1655","140.1957","33.3801","14.5177","73.3577","32.1584","37.0017","18.0309","84.3892","20.8300","16.7121","60.3524","25.0400","85.6429","24.5121","27.0900","28.7674","27.2270","96.0573","46.7862","20.6759","25.4340","21.5398","93.8955","98.0348","47.9703","31.9786","178.0606","32.0094","28.6093","70.0652","34.5198","28.9869","20.9546","72.4778","32.3048","26.2798","123.7874","16.0260","73.1632","32.2292","26.1670","26.9854","106.7163","65.5658","129.1261","53.4630","12.0898","11.0000","13.7532","50.2580","154.7509","16.9510","35.2069","25.4247"
"C:\Users\cfg364\Sommerlab Dropbox\Casper van der Luijt\Casper\Data\BioLog\OmniLog\CL3\DATA_2024\08\_RIB40_Aspergillus oryzae__2_30_CL3_769_8#19#2024_A_ 7B_4.OKA","8/19/2024 7:16:29 PM"," 7-B","PM02A","","RIB40","Aspergillus oryzae","",66.0000,"41.7849","45.9302","91.0833","157.2758","146.8581","145.2071","64.6563","113.1587","25.2000","88.8437","36.4587","126.5443","52.9414","32.2894","37.7966","116.8486","129.2957","116.9239","45.8361","189.4922","125.6005","59.0182","25.8424","46.0772","158.7794","23.0598","23.5465","24.7097","57.4129","36.8668","19.9480","22.1082","20.4046","23.2849","24.6517","192.3803","143.0595","78.0880","21.7587","99.7327","81.5378","48.9599","138.4459","32.9363","11.0000","77.1489","32.8779","36.0520","18.3084","87.1276","20.8612","19.6471","62.4967","30.3796","93.0092","25.4276","27.3768","29.9541","29.3562","96.7573","49.8351","22.5082","25.7424","20.6408","95.6600","97.3058","47.5595","32.6769","180.0604","32.9075","28.3201","67.5872","32.4204","28.1273","18.3726","75.0110","30.5965","27.7759","124.4514","18.6510","73.8649","31.1119","26.5866","29.9145","103.0337","68.2158","129.0952","51.6155","11.0000","11.0000","18.0886","49.3399","154.8799","18.4951","32.6688","28.5024"
"C:\Users\cfg364\Sommerlab Dropbox\Casper van der Luijt\Casper\Data\BioLog\OmniLog\CL3\DATA_2024\08\_RIB40_Aspergillus oryzae__2_30_CL3_769_8#19#2024_A_ 7B_4.OKA","8/19/2024 7:16:29 PM"," 7-B","PM02A","","RIB40","Aspergillus oryzae","",66.2500,"66.6393","47.7128","93.2434","155.0854","152.2532","147.4273","68.8026","111.7975","35.5135","90.2015","37.3726","115.6819","59.0902","37.7335","46.9695","119.3867","137.7353","119.8481","44.6450","187.5884","131.1426","55.4676","29.5801","53.6721","160.8739","23.2838","22.0225","25.8890","51.5750","40.1470","21.4102","21.9016","14.9750","21.1437","25.5818","191.1473","142.5544","77.0321","23.6556","97.7702","82.8341","47.9213","141.0427","27.9041","19.0578","78.0032","37.6157","37.0063","24.2545","86.8239","21.0575","19.5782","67.8037","29.1052","85.5077","21.5013","25.5498","36.7251","20.0315","97.4428","51.2833","26.5210","26.4238","20.1083","97.7497","92.9871","47.8958","39.1264","174.7626","35.6696","26.3920","72.2893","36.6761","31.0677","16.8616","73.5291","35.2466","29.7912","124.3797","23.3134","69.7978","36.7343","34.7650","32.9063","107.8394","82.5428","125.8329","50.6551","15.6668","11.0000","22.3946","50.8279","158.9747","18.6873","41.0955","28.4437"
"C:\Users\cfg364\Sommerlab Dropbox\Casper van der Luijt\Casper\Data\BioLog\OmniLog\CL3\DATA_2024\08\_RIB40_Aspergillus oryzae__2_30_CL3_769_8#19#2024_A_ 7B_4.OKA","8/19/2024 7:16:29 PM"," 7-B","PM02A","","RIB40","Aspergillus oryzae","",66.5000,"66.8868","47.0971","91.0382","158.9176","152.9211","145.2972","72.1122","112.0626","33.3876","86.8498","40.5440","111.7865","57.5591","36.4479","44.3611","121.7554","138.5435","121.1511","42.3045","188.7892","131.5326","59.2716","28.8541","56.8833","160.8739","26.0281","22.6877","30.8628","54.6575","41.7785","22.0170","23.1557","16.2572","20.9821","24.6462","193.8488","144.1394","75.7597","24.7259","101.3749","82.6129","47.3912","142.8748","31.4831","19.8958","81.2031","34.8657","35.7867","26.6367","87.8220","20.1234","16.2352","63.3378","31.0226","86.4868","23.9271","26.8233","40.0748","21.8183","102.4959","50.7887","21.5184","29.1329","22.2605","95.2912","96.7769","48.1815","36.9726","176.4811","34.6483","23.2429","71.1887","33.8334","29.8534","19.0442","72.9109","36.0112","26.4789","128.3906","25.6693","71.4025","32.4773","29.6771","32.7813","107.4997","88.0070","129.6336","51.5838","16.4020","11.0000","21.7651","53.4557","157.8463","14.7468","43.4841","30.9533"
"C:\Users\cfg364\Sommerlab Dropbox\Casper van der Luijt\Casper\Data\BioLog\OmniLog\CL3\DATA_2024\08\_RIB40_Aspergillus oryzae__2_30_CL3_769_8#19#2024_A_ 7B_4.OKA","8/19/2024 7:16:29 PM"," 7-B","PM02A","","RIB40","Aspergillus oryzae","",66.7500,"41.7930","46.0784","94.6087","159.9489","153.7279","150.5929","68.6727","114.9806","28.3780","87.8479","37.4692","125.7102","53.6159","33.1796","41.8280","120.5078","135.5324","121.2418","42.3328","187.0380","128.2403","59.2263","29.5297","51.7341","160.7217","23.9124","23.6757","29.0913","59.4253","37.4383","21.5277","23.1036","17.7862","20.9002","22.9996","193.1194","147.1796","80.7810","24.3284","100.9837","80.6244","49.0967","142.0536","33.9302","14.1575","77.3746","35.5693","36.3385","22.5786","86.6657","20.2297","19.6573","64.7155","29.9604","87.4109","26.1187","24.8483","35.5650","23.9910","97.7392","48.4900","27.5435","25.9538","23.2121","95.7368","99.9733","48.6078","36.3190","180.4220","34.5352","30.0907","65.8518","37.4734","31.6739","18.0802","73.5018","33.1795","30.0701","123.4676","27.2832","73.5565","32.6987","32.9645","30.0896","102.8969","78.4375","127.2031","49.9093","15.4148","11.0000","16.9195","50.4688","154.8873","19.4743","36.2086","32.0185"
"C:\Users\cfg364\Sommerlab Dropbox\Casper van der Luijt\Casper\Data\BioLog\OmniLog\CL3\DATA_2024\08\_RIB40_Aspergillus oryzae__2_30_CL3_769_8#19#2024_A_ 7B_4.OKA","8/19/2024 7:16:29 PM"," 7-B","PM02A","","RIB40","Aspergillus oryzae","",67.0000,"65.3626","48.0756","93.5733","157.5811","153.4442","144.5641","69.9849","111.8777","33.5979","92.0875","42.7100","118.8697","58.4379","40.1270","45.3826","123.5984","139.4913","118.4372","44.5663","190.9052","132.3403","60.4376","31.2052","57.4782","161.5791","22.3472","23.8338","27.9626","53.4623","41.4135","20.8259","23.8701","19.3867","20.4165","21.6735","192.3968","145.0145","76.8102","25.1457","101.1769","83.0317","42.4070","142.5954","34.3102","14.8663","76.2313","35.3090","39.5426","22.3329","90.7574","19.6081","19.6258","68.7050","30.6788","83.9435","24.4424","26.9813","35.5975","22.0423","98.8183","51.6734","28.8186","27.4276","22.9635","94.3566","95.2822","52.7478","40.4495","177.4687","38.5054","26.3688","75.4376","39.8084","29.0497","18.7040","70.5522","30.3910","32.5451","127.3350","22.3069","70.8686","36.9295","34.4737","36.4528","108.1218","91.6062","125.4134","50.8379","16.8123","11.0000","18.0907","53.3106","159.8433","22.8127","44.1259","32.3889"
"C:\Users\cfg364\Sommerlab Dropbox\Casper van der Luijt\Casper\Data\BioLog\OmniLog\CL3\DATA_2024\08\_RIB40_Aspergillus oryzae__2_30_CL3_769_8#19#2024_A_ 7B_4.OKA","8/19/2024 7:16:29 PM"," 7-B","PM02A","","RIB40","Aspergillus oryzae","",67.2500,"65.7042","45.8941","92.4730","159.0888","153.2036","146.7783","72.9145","109.9063","34.2054","89.7938","38.9711","120.3193","62.6192","36.7526","45.9637","124.6475","136.4537","119.6433","43.6446","190.3009","131.3737","59.1662","32.0882","51.8565","160.5010","26.2847","23.3239","27.7959","57.1800","37.2482","18.1004","20.9069","16.2635","18.2515","22.8567","192.7134","148.5102","76.9308","20.8145","103.3899","80.2090","44.3710","145.1888","30.1686","14.2396","77.9181","37.9593","38.0499","23.9446","90.9441","19.1033","15.1757","64.7312","27.0212","84.0215","21.2663","24.2682","35.7036","21.0069","100.5206","50.1074","28.6169","23.3341","20.1585","94.5170","93.8883","50.4219","41.1846","175.9529","29.6718","23.1879","76.7039","33.8000","34.2541","18.0828","73.8770","33.1608","29.2188","126.0870","18.5588","66.8462","32.0536","27.9494","36.3675","106.4315","90.6935","124.5760","52.0347","18.1220","11.0000","19.5884","50.6523","162.0061","18.0005","42.8567","27.4359"
"C:\Users\cfg364\Sommerlab Dropbox\Casper van der Luijt\Casper\Data\BioLog\OmniLog\CL3\DATA_2024\08\_RIB40_Aspergillus oryzae__2_30_CL3_769_8#19#2024_A_ 7B_4.OKA","8/19/2024 7:16:29 PM"," 7-B","PM02A","","RIB40","Aspergillus oryzae","",67.5000,"42.3973","38.7139","90.2279","154.9761","155.3199","147.6210","67.1611","109.3722","27.2670","90.2271","32.3033","128.7109","54.1928","30.1248","41.5570","123.3010","136.8269","124.4775","41.3268","193.9535","127.2240","56.7530","30.4534","46.7867","159.1935","21.2225","27.9887","27.4406","61.8699","38.2286","19.6356","22.0005","20.7294","22.3445","25.0213","188.0558","147.8456","77.6833","16.6671","106.2570","79.5720","48.8772","143.2215","30.7756","11.6803","79.1253","37.0151","33.7391","23.9140","92.0670","17.7892","18.5921","64.0246","29.2116","89.4576","20.3417","23.5632","33.0206","21.0394","97.0506","48.0102","28.6169","23.3651","22.1834","96.9780","97.9031","51.0842","37.7645","177.3513","31.8176","28.1081","68.4636","34.5925","29.7687","16.7411","68.6450","33.8343","28.9332","121.9303","21.5950","75.7969","27.4502","27.1068","27.5576","104.2338","84.6488","130.8598","46.6215","17.7723","11.0000","18.9253","46.3029","159.8362","15.3552","36.6128","25.6927"
"C:\Users\cfg364\Sommerlab Dropbox\Casper van der Luijt\Casper\Data\BioLog\OmniLog\CL3\DATA_2024\08\_RIB40_Aspergillus oryzae__2_30_CL3_769_8#19#2024_A_ 7B_4.OKA","8/19/2024 7:16:29 PM"," 7-B","PM02A","","RIB40","Aspergillus oryzae","",67.7500,"71.2863","49.6775","91.2420","163.4077","152.9416","147.1271","76.0593","110.6130","38.3027","94.5351","45.8529","115.8338","62.9507","34.0005","49.2660","127.7449","139.7719","120.1857","44.0470","193.1661","136.1492","64.1087","29.6146","54.2619","160.9870","24.3464","24.7897","32.2243","54.6122","40.2260","18.7290","20.9361","17.9934","20.7549","24.0670","195.9692","149.6538","72.3722","24.4244","105.4302","85.5288","45.5001","142.9662","31.8661","18.5887","80.1808","37.4257","44.5860","23.4190","93.2817","21.1390","22.0540","67.8565","29.0884","84.5149","27.0264","27.6623","40.2200","26.6428","100.4320","50.5069","29.4755","23.9526","23.2784","93.5426","97.2645","50.4627","40.2440","178.8828","33.7479","25.0145","75.8523","34.7720","30.4486","20.2830","72.4921","33.0131","27.0612","128.9112","21.3851","74.1640","33.2466","33.5881","36.9812","110.5431","97.5186","131.6115","52.4709","20.8992","11.0000","20.9138","52.2661","160.2861","19.6571","48.0076","29.8841"
"C:\Users\cfg364\Sommerlab Dropbox\Casper van der Luijt\Casper\Data\BioLog\OmniLog\CL3\DATA_2024\08\_RIB40_Aspergillus oryzae__2_30_CL3_769_8#19#2024_A_ 7B_4.OKA","8/19/2024 7:16:29 PM"," 7-B","PM02A","","RIB40","Aspergillus oryzae","",68.0000,"64.8478","47.8626","93.5411","159.0732","155.9402","150.9753","68.3465","111.2775","33.0185","88.8098","38.7392","116.5618","63.6719","37.6238","44.5076","125.6684","140.1032","121.0680","44.8421","193.4268","136.1335","61.5991","28.0581","55.7403","162.9645","22.7582","17.8651","27.0420","54.9774","37.2408","16.2612","20.6708","16.4413","22.9312","24.7128","196.0583","149.4528","73.6760","28.1371","101.4826","78.1991","46.0467","145.2022","31.6431","17.6306","79.3803","34.2698","39.2133","21.3329","88.0093","19.5150","22.2787","66.4195","30.2382","88.0617","24.1433","28.8767","32.9958","27.1352","102.5195","52.9574","22.6090","24.4048","20.7383","97.5605","98.9321","50.7093","42.5094","176.0813","27.9846","25.6163","73.9978","33.8429","30.8764","21.7286","70.6067","33.1012","31.2169","124.7615","21.5254","74.1623","34.6894","36.5536","30.4954","106.8339","97.1354","129.5240","56.8717","17.4684","11.0000","22.0623","52.6989","161.7019","14.1190","45.2994","25.4837"
"C:\Users\cfg364\Sommerlab Dropbox\Casper van der Luijt\Casper\Data\BioLog\OmniLog\CL3\DATA_2024\08\_RIB40_Aspergillus oryzae__2_30_CL3_769_8#19#2024_A_ 7B_4.OKA","8/19/2024 7:16:29 PM"," 7-B","PM02A","","RIB40","Aspergillus oryzae","",68.2500,"67.9879","50.8296","93.3780","160.2352","157.4875","148.0342","72.4122","111.1446","34.2213","90.2951","40.1411","114.6609","64.7873","37.5257","44.8307","127.9643","138.2594","118.7676","43.9686","196.2289","136.7494","61.7956","27.2332","56.9281","164.5171","22.9220","21.6790","27.3325","54.7574","40.6827","17.8973","24.7511","15.0890","21.6483","21.8734","196.6857","148.3390","76.0300","26.5020","99.9309","84.0882","50.9551","143.0422","28.5530","19.6905","77.1661","36.1327","39.1806","24.6137","89.1683","18.9847","19.0337","68.5941","27.6291","87.2666","23.7624","29.1311","30.2628","27.1674","103.5015","51.6010","22.4804","27.5552","19.4004","97.0191","97.6395","50.4245","45.0829","175.9858","31.1311","22.1715","75.8783","35.8972","34.1680","22.5324","69.7073","36.5824","27.8156","129.0220","24.5282","74.3534","33.6329","34.4162","33.3651","109.8984","101.5119","130.3361","50.0542","14.9511","11.0000","23.2914","48.9628","159.1357","14.4439","47.0828","30.5499"
"C:\Users\cfg364\Sommerlab Dropbox\Casper van der Luijt\Casper\Data\BioLog\OmniLog\CL3\DATA_2024\08\_RIB40_Aspergillus oryzae__2_30_CL3_769_8#19#2024_A_ 7B_4.OKA","8/19/2024 7:16:29 PM"," 7-B","PM02A","","RIB40","Aspergillus oryzae","",68.5000,"67.7453","45.9992","92.1626","157.5094","158.7823","147.8666","71.4167","107.1436","36.3213","97.2814","45.0437","117.4961","61.4746","36.6283","43.9619","131.1737","137.0752","123.1136","46.6163","197.2893","132.6153","62.7380","29.4625","55.0225","161.7808","24.8240","26.1819","27.4796","60.7838","36.7967","20.2912","19.8328","20.1832","22.3716","27.7759","198.1689","152.5395","75.0505","23.8921","104.6111","82.0231","50.6957","140.8408","32.1324","15.1319","79.4474","37.7257","45.0626","26.4840","92.5776","23.3521","17.0192","68.5011","29.6340","84.7876","22.2927","30.7077","37.3286","23.9859","102.4026","53.4290","23.6000","24.2504","23.1028","97.1340","95.6210","53.4685","39.9744","177.1084","35.3631","23.6536","74.2374","38.8480","29.6045","17.7973","70.6443","33.4122","26.6876","125.3658","20.1585","74.8283","32.0167","31.3371","34.2033","110.0958","99.0762","131.4786","50.9815","18.4139","11.0000","21.6376","51.2327","158.2964","20.9301","48.9266","27.8030"
"C:\Users\cfg364\Sommerlab Dropbox\Casper van der Luijt\Casper\Data\BioLog\OmniLog\CL3\DATA_2024\08\_RIB40_Aspergillus oryzae__2_30_CL3_769_8#19#2024_A_ 7B_4.OKA","8/19/2024 7:16:29 PM"," 7-B","PM02A","","RIB40","Aspergillus oryzae","",68.7500,"46.1867","42.5210","91.4195","161.0869","161.0166","149.2239","70.5627","118.5514","24.4736","95.1918","35.8231","125.0276","57.5753","33.9420","45.3882","124.1527","137.7724","120.2493","46.8520","198.9327","132.3128","58.7243","24.7310","45.8388","160.2126","23.7523","27.0621","26.0049","59.7705","39.4936","18.3132","20.6525","19.9561","21.5736","26.6467","194.2663","150.4764","82.4810","20.5081","106.2912","87.1801","49.4965","142.7614","33.0316","11.7724","85.6131","33.0457","36.7982","22.6970","89.0560","21.6957","21.3965","65.9985","30.3367","96.1764","23.3280","25.5066","35.2755","19.7579","94.1411","54.0779","24.0200","25.1265","23.2253","94.5971","99.1309","48.7434","35.5648","177.3957","36.8470","26.5507","68.3225","33.7744","32.2214","20.7312","74.9241","36.5444","27.5754","125.2279","18.5378","74.1761","36.4771","28.6091","28.2183","106.7443","89.3735","128.9496","51.2433","16.8018","11.0000","16.2967","54.3254","157.2486","20.1325","39.7003","25.1543"
"C:\Users\cfg364\Sommerlab Dropbox\Casper van der Luijt\Casper\Data\BioLog\OmniLog\CL3\DATA_2024\08\_RIB40_Aspergillus oryzae__2_30_CL3_769_8#19#2024_A_ 7B_4.OKA","8/19/2024 7:16:29 PM"," 7-B","PM02A","","RIB40","Aspergillus oryzae","",69.0000,"47.9807","42.3776","98.3750","158.9518","156.8222","148.0006","69.2850","114.4115","29.3261","93.4827","38.0918","128.0462","57.9186","30.5795","40.6549","121.3821","138.3384","125.3241","45.3106","195.5545","128.5719","61.1316","30.2511","46.3948","166.5770","23.1438","24.5020","21.3682","59.5059","40.2746","18.5682","22.9213","16.4623","21.4005","26.2325","196.2928","150.7408","80.2875","21.6337","104.0928","86.6549","46.6474","141.0917","29.9555","16.4500","78.6367","36.4850","37.9820","20.0380","93.4148","17.3973","18.9029","62.9384","26.4779","89.2778","23.6596","26.1774","33.0822","24.6111","97.8979","54.3021","19.8655","29.9506","22.4115","95.9042","98.7356","48.1697","38.3063","179.2418","32.2739","26.0363","69.9565","37.8171","30.4513","16.8057","69.2566","38.3753","23.3833","122.3224","23.9716","76.7761","31.1711","30.1272","30.3125","106.7127","94.5058","131.4115","54.1752","16.9859","11.0000","17.7145","51.3529","154.6118","19.1891","44.1987","26.2726"
"C:\Users\cfg364\Sommerlab Dropbox\Casper van der Luijt\Casper\Data\BioLog\OmniLog\CL3\DATA_2024\08\_RIB40_Aspergillus oryzae__2_30_CL3_769_8#19#2024_A_ 7B_4.OKA","8/19/2024 7:16:29 PM"," 7-B","PM02A","","RIB40","Aspergillus oryzae","",69.2500,"66.6944","50.1418","97.8847","159.1405","159.3892","146.2991","68.7253","114.1467","36.7765","96.3742","41.8468","108.0608","60.6542","34.2908","46.9477","127.4003","137.6283","124.0181","45.8006","200.6324","135.3306","62.0329","30.9275","58.3070","165.7618","21.1845","22.8745","30.1540","61.4343","42.3687","18.1658","20.8097","16.8760","22.3124","25.3768","195.6172","150.7935","77.1957","23.0862","106.3065","86.8371","45.8815","143.0459","25.6209","16.8692","80.5727","35.4257","42.5106","23.5655","90.3073","19.5012","18.3151","67.7007","29.2887","88.6131","21.6844","26.6888","32.8478","25.6118","100.1940","58.6256","24.3652","25.0188","20.4500","95.7184","98.9245","49.4548","39.6931","176.9427","29.2661","19.9100","78.0953","39.6898","32.5089","17.5906","70.7999","37.3551","28.7892","129.7192","22.0941","71.9054","39.0342","37.4986","33.5405","112.4801","108.0009","131.6948","51.7034","19.3009","11.0000","19.8344","51.3447","158.8979","19.3239","55.2999","32.2701"
"C:\Users\cfg364\Sommerlab Dropbox\Casper van der Luijt\Casper\Data\BioLog\OmniLog\CL3\DATA_2024\08\_RIB40_Aspergillus oryzae__2_30_CL3_769_8#19#2024_A_ 7B_4.OKA","8/19/2024 7:16:29 PM"," 7-B","PM02A","","RIB40","Aspergillus oryzae","",69.5000,"45.6418","44.7117","99.8277","158.5721","158.5699","152.1719","69.9041","114.2129","29.0403","92.9325","34.9919","122.6579","55.7138","30.3047","45.9178","126.2174","138.1595","123.1612","45.8006","201.9317","130.4069","61.3752","29.6820","45.1699","160.1451","18.7612","26.4243","26.7682","62.8984","41.7721","16.6555","19.8769","18.3209","20.2935","22.8359","193.6818","152.7193","84.3230","21.7957","107.3921","85.5955","45.5667","143.5875","29.4685","15.9662","84.1263","33.5847","38.0231","24.0840","92.2924","23.1624","20.8691","62.6564","27.1869","91.1516","24.1574","25.9872","35.9268","24.9344","100.4470","56.4104","24.2373","24.7723","22.9679","97.6707","100.3396","49.2012","32.5198","179.0380","30.1971","24.5587","69.3629","39.4148","31.4923","19.5802","73.7064","37.1318","28.2482","126.3199","18.8293","78.1807","34.2293","31.5285","30.5205","104.7927","93.9176","129.2354","57.8677","15.4526","11.0000","16.3513","49.9798","152.6127","16.6564","41.9592","28.4619"
"C:\Users\cfg364\Sommerlab Dropbox\Casper van der Luijt\Casper\Data\BioLog\OmniLog\CL3\DATA_2024\08\_RIB40_Aspergillus oryzae__2_30_CL3_769_8#19#2024_A_ 7B_4.OKA","8/19/2024 7:16:29 PM"," 7-B","PM02A","","RIB40","Aspergillus oryzae","",69.7500,"66.0270","54.1038","102.7294","163.0401","165.4397","151.7746","69.4035","117.3991","36.9179","100.1905","42.5752","112.9081","62.1958","37.2184","43.6451","133.8102","141.0485","123.2606","49.8802","200.6404","132.1945","61.2961","31.7076","58.5420","166.0075","23.7785","24.3325","29.3763","60.9816","42.0244","16.4623","27.8876","16.7073","23.0495","25.5120","198.7143","149.2572","76.5471","24.3393","102.9476","87.0700","49.4370","144.2000","32.7532","17.3716","83.0703","38.9304","44.8516","22.9365","89.5351","19.3179","15.2133","68.3635","29.3498","87.3252","24.1790","25.6420","35.9521","22.0562","102.5555","60.0788","24.4227","26.6917","24.7037","96.7008","97.9863","50.9746","42.2154","175.5439","36.1913","24.3386","77.7938","43.0858","32.8095","18.7160","76.6935","31.6308","32.0941","127.1720","21.6060","74.5362","33.7489","32.5413","33.6625","113.0690","106.6907","132.0716","56.4234","24.2684","11.0000","19.6483","58.0685","160.6180","16.3916","57.8143","31.7287"
"C:\Users\cfg364\Sommerlab Dropbox\Casper van der Luijt\Casper\Data\BioLog\OmniLog\CL3\DATA_2024\08\_RIB40_Aspergillus oryzae__2_30_CL3_769_8#19#2024_A_ 7B_4.OKA","8/19/2024 7:16:29 PM"," 7-B","PM02A","","RIB40","Aspergillus oryzae","",70.0000,"65.8097","51.5531","100.6931","165.6023","160.0643","148.3246","69.0425","116.2725","34.2895","103.3317","43.2414","110.2159","63.9418","40.6268","45.0996","135.4274","140.7049","126.7766","44.5475","199.0145","132.4894","62.7763","28.5421","55.9284","165.1499","22.3368","24.8368","28.2840","62.1360","39.3418","17.3620","25.2060","16.8035","24.0109","21.2324","196.3507","148.7474","80.0568","24.2449","105.0080","84.2397","47.0562","148.6284","32.7532","17.7256","79.5547","37.7218","43.2427","26.2726","87.6298","17.6230","17.0506","66.0052","29.0042","89.7084","22.0831","27.2051","36.7665","22.6074","105.9758","61.4661","27.8587","28.6609","25.4168","93.7755","98.4592","48.3096","42.9370","177.6448","33.2577","23.0821","78.0130","38.4458","31.9512","16.9736","77.6438","31.8874","32.4123","124.2168","22.0809","75.3340","31.7889","31.6771","33.1631","115.5329","109.2573","132.9150","58.4895","23.8884","11.0000","19.6799","58.2257","162.1290","17.0373","59.6818","32.0690"
"C:\Users\cfg364\Sommerlab Dropbox\Casper van der Luijt\Casper\Data\BioLog\OmniLog\CL3\DATA_2024\08\_RIB40_Aspergillus oryzae__2_30_CL3_769_8#19#2024_A_ 7B_4.OKA","8/19/2024 7:16:29 PM"," 7-B","PM02A","","RIB40","Aspergillus oryzae","",70.2500,"69.0392","54.9110","100.1437","161.4154","165.2511","147.9054","72.4221","108.1542","34.7553","98.3860","43.5078","109.7563","62.6011","37.7755","45.6167","134.7298","143.0161","128.2337","44.6122","201.1282","134.9802","64.0263","27.4869","58.5420","164.1652","23.2215","23.7966","30.7899","58.6729","38.9946","18.4223","24.2483","17.2844","20.3576","20.6532","200.0603","151.8064","75.2472","20.1550","105.5231","87.4199","47.4635","146.5091","28.9631","15.2477","85.2188","37.4931","42.9144","24.5586","87.1131","18.8471","14.2629","68.2361","28.9100","87.4841","22.1466","25.6101","35.0726","23.5153","103.2839","61.0961","23.6199","26.5687","24.8897","93.3255","96.4729","51.4505","42.3095","176.4670","29.0166","22.5666","76.8230","40.2047","33.0321","17.6581","77.2453","29.7698","29.6443","124.9477","22.6191","76.9615","38.6650","32.8934","33.0070","113.9314","108.3384","129.7913","55.4366","23.7934","11.0000","21.1055","54.9872","163.4471","16.1656","57.5610","29.6249"
"C:\Users\cfg364\Sommerlab Dropbox\Casper van der Luijt\Casper\Data\BioLog\OmniLog\CL3\DATA_2024\08\_RIB40_Aspergillus oryzae__2_30_CL3_769_8#19#2024_A_ 7B_4.OKA","8/19/2024 7:16:29 PM"," 7-B","PM02A","","RIB40","Aspergillus oryzae","",70.5000,"45.9613","43.2230","103.9829","159.5336","159.4397","153.5680","67.2298","114.2679","34.3646","99.3489","42.1064","125.9590","57.4684","31.3144","46.9475","131.2596","138.0882","129.2419","43.9906","201.8484","131.7176","65.9735","28.7097","49.9784","163.5349","21.2284","23.9708","25.3570","66.8326","38.4876","20.2613","19.5359","16.1054","20.2657","23.4141","199.8597","153.4576","79.9021","21.3743","108.0483","88.1426","48.7575","143.3525","32.4095","14.9994","83.7498","33.0966","42.0554","21.6089","88.9574","21.9860","21.9457","66.2949","31.0000","89.6731","25.0865","26.3453","38.2068","20.1489","100.0868","56.2036","23.2805","27.2988","22.5341","99.0740","101.2221","52.9730","36.4943","179.5164","31.1524","26.5401","70.7984","38.6539","34.0321","19.1904","74.7051","36.3984","31.2260","126.6248","21.4876","80.7228","33.4221","31.5223","24.2519","107.9190","95.7847","130.6648","60.3899","17.1760","11.0000","22.3388","55.3723","154.8293","16.9371","42.2416","30.9557"
"C:\Users\cfg364\Sommerlab Dropbox\Casper van der Luijt\Casper\Data\BioLog\OmniLog\CL3\DATA_2024\08\_RIB40_Aspergillus oryzae__2_30_CL3_769_8#19#2024_A_ 7B_4.OKA","8/19/2024 7:16:29 PM"," 7-B","PM02A","","RIB40","Aspergillus oryzae","",70.7500,"68.3881","50.3315","99.6137","163.6635","161.8544","151.2716","71.7611","116.0086","33.9380","101.9616","43.4692","106.6135","59.6331","39.9854","50.6662","136.1577","139.5552","125.6304","44.1715","204.8437","135.9713","63.3082","29.4768","54.3782","169.6810","26.3768","24.0730","27.9071","59.7813","40.6578","18.1654","24.7530","18.2175","20.4947","22.8969","201.1887","153.5723","74.2001","22.8178","107.3801","88.9814","45.6797","146.7268","31.2077","14.6305","82.0948","36.0536","46.0280","20.7274","92.2425","19.0259","19.1060","63.6163","28.2361","86.6801","26.0682","22.1201","33.3478","22.6860","102.3194","59.7857","27.4416","25.8852","22.9604","97.5200","98.7693","49.5094","38.6508","175.8148","31.0351","19.6688","74.8175","32.2393","34.0864","21.0182","71.7979","31.6161","28.0460","129.6917","20.0777","74.1529","34.8435","34.0692","37.1352","114.8377","115.9045","132.4063","56.2233","20.8180","11.0000","25.2486","50.9944","159.9475","18.5383","60.4524","24.7973"
"C:\Users\cfg364\Sommerlab Dropbox\Casper van der Luijt\Casper\Data\BioLog\OmniLog\CL3\DATA_2024\08\_RIB40_Aspergillus oryzae__2_30_CL3_769_8#19#2024_A_ 7B_4.OKA","8/19/2024 7:16:29 PM"," 7-B","PM02A","","RIB40","Aspergillus oryzae","",71.0000,"69.7486","47.5244","100.8530","161.7729","162.6772","150.0160","72.9737","117.4652","34.0708","103.0310","43.2359","112.0554","58.0693","41.7461","48.7728","135.4237","139.5552","125.5666","38.2026","203.5111","135.0914","63.3739","29.3113","53.3509","166.9048","22.7203","22.1152","25.5194","57.7813","40.7522","21.9721","22.3222","17.6107","18.0726","25.7986","200.5315","153.5407","77.9428","24.4522","107.9598","90.4131","45.2706","147.2986","32.3569","14.7926","82.2910","37.0948","45.2779","24.5018","90.0944","17.9329","17.8493","66.7246","29.3349","87.3809","25.8476","21.7676","33.7072","22.8154","102.5720","60.6497","29.4769","23.8779","23.1785","95.9808","96.2345","50.2713","42.9485","175.6871","32.7982","21.7390","77.3601","33.8262","32.2103","22.0076","77.2522","31.5201","28.6206","130.0089","21.1251","75.5541","33.5564","33.1708","32.9710","116.0976","117.7929","134.8737","53.9049","22.4066","11.0000","22.4746","52.5485","159.9154","20.4630","59.9159","25.1407"
"C:\Users\cfg364\Sommerlab Dropbox\Casper van der Luijt\Casper\Data\BioLog\OmniLog\CL3\DATA_2024\08\_RIB40_Aspergillus oryzae__2_30_CL3_769_8#19#2024_A_ 7B_4.OKA","8/19/2024 7:16:29 PM"," 7-B","PM02A","","RIB40","Aspergillus oryzae","",71.2500,"47.6891","43.3640","103.1959","163.5689","161.5320","152.3675","72.1335","119.6696","31.2240","102.5934","35.9824","125.4016","57.7385","35.4238","46.0569","133.3839","140.1826","129.1085","46.3361","206.9275","127.8268","67.6035","28.1094","50.9168","167.8748","18.7308","22.9611","26.1774","59.2705","37.4676","23.0403","22.5976","19.9161","20.8785","24.4604","198.3607","155.9684","82.4333","23.7349","111.1490","90.6280","48.0210","146.4668","33.7223","15.5539","84.2491","37.2022","37.7269","23.8510","93.2062","25.3241","21.0942","66.8858","33.8295","93.5906","27.5773","32.2468","35.3145","23.6003","99.5456","60.4591","24.2592","28.5483","20.6733","97.9573","102.6926","51.5940","39.5879","178.9459","33.2320","33.2453","65.4888","34.2166","31.8688","19.7076","75.0432","35.0035","30.7216","127.1768","23.6238","79.3620","33.4558","30.4117","28.2057","112.3105","100.1221","138.0151","62.2126","17.5628","11.0000","20.1303","53.5822","158.8163","18.8817","50.1858","25.9596"
"C:\Users\cfg364\Sommerlab Dropbox\Casper van der Luijt\Casper\Data\BioLog\OmniLog\CL3\DATA_2024\08\_RIB40_Aspergillus oryzae__2_30_CL3_769_8#19#2024_A_ 7B_4.OKA","8/19/2024 7:16:29 PM"," 7-B","PM02A","","RIB40","Aspergillus oryzae","",71.5000,"67.8727","52.5785","104.7153","160.2071","164.4731","153.9062","72.8182","117.4640","40.6948","102.3619","47.8931","106.8536","65.2950","40.4849","47.4424","138.4712","140.9304","125.0445","45.7885","209.1587","134.0667","64.9905","30.5819","58.4855","171.6428","21.0239","20.5246","25.8559","58.3302","37.6574","20.6259","20.2203","17.3595","21.7178","22.5605","201.2683","156.5063","74.6126","22.8545","110.1870","88.1515","43.1606","147.8316","31.5553","17.2334","84.0873","41.4451","42.0992","25.1941","91.7899","23.5645","17.0122","67.9071","31.8512","92.4523","23.8759","30.6930","37.6842","21.5219","102.9390","64.0333","26.4371","25.7823","21.0477","94.2474","97.3360","54.1945","40.7238","174.0007","32.7522","23.8215","70.3764","36.2499","35.2040","20.9781","73.1605","34.4921","28.3677","130.3749","20.6181","78.6634","38.3750","30.3474","32.0708","115.9671","112.6539","133.0103","53.0024","21.1138","11.0000","23.6250","54.7835","159.7772","18.4956","58.2328","31.1629"
"C:\Users\cfg364\Sommerlab Dropbox\Casper van der Luijt\Casper\Data\BioLog\OmniLog\CL3\DATA_2024\08\_RIB40_Aspergillus oryzae__2_30_CL3_769_8#19#2024_A_ 7B_4.OKA","8/19/2024 7:16:29 PM"," 7-B","PM02A","","RIB40","Aspergillus oryzae","",71.7500,"73.6836","51.9966","103.5839","162.2179","162.0064","153.7780","76.1112","115.3571","37.0446","107.3549","46.1678","105.1823","62.7140","39.2114","44.9613","133.5759","142.0832","127.7432","47.1092","208.8353","130.3750","63.0961","28.9336","59.9005","169.1936","24.9221","23.5940","28.3640","59.5840","40.0290","25.7088","19.7063","20.2037","17.3274","22.8825","200.7782","154.9873","76.5432","23.4834","106.9481","88.8182","46.2852","145.3241","32.0333","17.1365","87.2580","42.7406","40.9814","22.2943","91.2427","23.3484","18.3729","67.2688","29.3704","90.7764","24.2239","29.4562","38.5607","21.2296","104.1125","65.9885","24.4514","27.1346","19.4875","94.7591","99.6047","52.5454","40.7869","176.6318","34.0957","25.1677","75.2640","35.4912","31.5194","18.9949","73.5926","32.0630","26.9999","130.8499","21.7571","78.8539","40.8027","32.3721","31.9149","120.6378","111.9224","135.0309","58.1948","21.4308","11.0000","27.8124","54.7519","160.4178","17.4662","58.0738","29.4904"
"C:\Users\cfg364\Sommerlab Dropbox\Casper van der Luijt\Casper\Data\BioLog\OmniLog\CL3\DATA_2024\08\_RIB40_Aspergillus oryzae__2_30_CL3_769_8#19#2024_A_ 7B_4.OKA","8/19/2024 7:16:29 PM"," 7-B","PM02A","","RIB40","Aspergillus oryzae","",72.0000,"72.0455","54.2921","105.3618","165.2341","164.3782","151.4058","75.6548","118.5503","41.3524","105.1064","44.3099","111.3104","62.0609","37.9053","47.5068","137.5753","141.7405","126.2510","45.2087","210.3552","130.5711","65.8071","27.0216","59.3740","167.4980","22.3342","22.6763","27.7209","58.9884","40.8196","21.5472","21.7945","20.3954","20.6202","24.8790","199.7001","155.2722","74.5144","23.2632","111.4376","89.0405","45.3699","147.2920","32.1608","15.4570","89.5551","38.4329","39.4363","25.6825","91.4680","23.9040","16.6008","63.5984","28.7110","89.0690","26.5333","31.1052","39.5995","21.7167","103.4147","65.8663","24.7396","27.9951","21.7030","96.6780","100.0143","55.3997","42.9326","176.4733","30.8969","22.3791","75.5162","32.9419","36.9510","20.6992","75.4444","33.4374","31.4532","131.1349","21.7887","79.5525","37.0015","30.7652","33.4422","119.6237","114.7850","137.9840","55.2277","21.4625","11.0000","27.4346","53.9615","161.8271","17.6914","56.1654","29.5833"
"C:\Users\cfg364\Sommerlab Dropbox\Casper van der Luijt\Casper\Data\BioLog\OmniLog\CL3\DATA_2024\08\_RIB40_Aspergillus oryzae__2_30_CL3_769_8#19#2024_A_ 7B_4.OKA","8/19/2024 7:16:29 PM"," 7-B","PM02A","","RIB40","Aspergillus oryzae","",72.2500,"46.8587","44.7911","106.5326","161.2343","160.2935","155.2598","73.1760","115.3883","27.0271","98.6793","35.7605","116.8875","57.2058","30.2716","44.8726","134.6224","138.4340","128.7290","46.6429","209.8473","135.0866","64.3010","26.1091","44.9603","166.5272","21.3420","23.9160","25.2530","61.3529","37.3566","17.4341","20.2412","19.2099","21.2773","27.1688","203.8902","156.6610","79.9233","25.2765","108.1944","93.2274","50.4181","144.5514","31.7643","11.0646","84.3879","34.2746","40.4241","21.0776","93.6157","24.3500","17.1333","66.7773","27.5957","94.0656","21.8836","28.0141","37.9934","23.0757","101.1496","63.3181","27.7258","25.9496","25.6755","95.9936","96.3666","51.2232","39.5592","180.0341","33.9315","27.8177","70.9411","32.9822","33.4154","18.8267","73.0391","34.0093","30.4340","129.2421","22.4412","81.4029","29.3863","30.0543","31.9581","113.1411","103.2685","135.6322","56.4028","17.8625","11.0000","18.2452","55.2564","154.9998","15.0580","47.1594","28.0927"
"C:\Users\cfg364\Sommerlab Dropbox\Casper van der Luijt\Casper\Data\BioLog\OmniLog\CL3\DATA_2024\08\_RIB40_Aspergillus oryzae__2_30_CL3_769_8#19#2024_A_ 7B_4.OKA","8/19/2024 7:16:29 PM"," 7-B","PM02A","","RIB40","Aspergillus oryzae","",72.5000,"72.4092","51.9027","102.2581","164.5600","166.2353","150.2062","71.0522","115.9465","33.8879","101.6926","40.5492","105.6806","60.5512","35.0319","49.8725","138.3183","142.3574","126.7553","44.2897","209.6586","135.9389","63.7150","26.2201","56.4396","168.4508","19.2275","23.2460","30.2583","58.0092","41.8210","16.5344","22.8392","15.8037","22.5003","24.5248","200.6027","155.7939","80.2027","22.2863","103.4911","92.9342","44.4149","145.9753","32.5461","17.5896","81.3988","35.7433","43.5267","26.4723","91.4384","21.0524","20.2910","66.3929","29.1144","85.4172","20.0358","26.6379","31.4479","20.9463","100.8886","60.0063","25.1763","25.9279","22.2343","95.8913","97.8632","54.3751","40.3027","176.4963","30.4118","24.1151","76.1572","33.6703","33.4991","22.3809","72.0321","34.3355","29.2874","130.1663","23.4657","81.0056","34.2186","28.8012","31.4038","123.4955","113.6532","132.1737","52.3376","21.9980","11.0000","24.8288","58.4401","158.7297","17.3222","57.0079","25.3059"
"C:\Users\cfg364\Sommerlab Dropbox\Casper van der Luijt\Casper\Data\BioLog\OmniLog\CL3\DATA_2024\08\_RIB40_Aspergillus oryzae__2_30_CL3_769_8#19#2024_A_ 7B_4.OKA","8/19/2024 7:16:29 PM"," 7-B","PM02A","","RIB40","Aspergillus oryzae","",72.7500,"71.8782","54.1215","107.0610","166.4006","165.0518","150.1556","73.9910","117.0683","37.1636","105.3850","43.7946","103.5345","61.5128","38.3982","50.8779","141.4100","146.9475","122.1879","48.3485","209.9598","138.5816","63.3467","30.4246","56.0868","169.3752","22.7005","26.2751","23.3903","61.1541","38.3373","23.3239","23.3706","13.9518","21.8441","24.1751","200.5874","155.1378","78.1877","22.8380","109.2772","92.2150","48.3011","147.4413","27.4237","15.6947","84.8197","38.9373","42.1474","23.5732","89.9628","23.0781","21.4369","65.9035","31.1020","87.6759","23.1727","22.2778","40.2287","23.8768","101.6865","60.6382","27.9987","25.8113","24.2861","97.9915","94.6259","53.7163","44.6606","179.0247","33.5873","17.9108","80.0904","35.0106","33.4205","22.0015","68.2744","32.4789","31.7294","132.4105","23.2918","78.0077","35.3095","29.3051","29.7578","124.6800","118.3634","135.4354","53.8996","21.2841","11.0000","26.4293","54.2424","163.9334","19.9233","54.9788","32.5037"
"C:\Users\cfg364\Sommerlab Dropbox\Casper van der Luijt\Casper\Data\BioLog\OmniLog\CL3\DATA_2024\08\_RIB40_Aspergillus oryzae__2_30_CL3_769_8#19#2024_A_ 7B_4.OKA","8/19/2024 7:16:29 PM"," 7-B","PM02A","","RIB40","Aspergillus oryzae","",73.0000,"46.5407","45.4586","105.4372","164.8328","162.1937","147.9247","68.4378","117.5639","26.6582","100.2008","33.9829","115.2906","53.5818","33.7332","46.0900","139.8851","142.4472","125.1106","49.4754","209.8619","130.1958","61.8972","24.7522","49.5702","166.1567","22.8309","23.4778","24.8174","65.0217","37.3201","24.4385","24.9647","20.1443","22.8358","25.2970","200.7859","159.6490","79.4610","19.6496","112.6849","93.1026","50.4398","148.4906","30.1450","14.5693","87.9741","34.2376","34.1136","18.7776","89.8980","22.8297","23.2861","66.5735","30.2539","94.6233","20.9538","26.6672","38.8662","20.9178","98.8021","62.8747","25.4329","26.6427","21.9579","94.2134","102.0373","49.8995","39.3922","179.4058","35.3150","22.7452","70.6690","36.6255","29.2744","20.0182","73.7809","33.8873","29.7171","127.7189","21.3959","82.4834","29.9537","30.6218","29.9763","123.2340","106.6763","137.3174","63.7494","15.5991","11.1287","20.2323","50.2132","157.4358","16.5730","43.8157","29.3478"
"C:\Users\cfg364\Sommerlab Dropbox\Casper van der Luijt\Casper\Data\BioLog\OmniLog\CL3\DATA_2024\08\_RIB40_Aspergillus oryzae__2_30_CL3_769_8#19#2024_A_ 7B_4.OKA","8/19/2024 7:16:29 PM"," 7-B","PM02A","","RIB40","Aspergillus oryzae","",73.2500,"66.1920","50.1443","105.1343","165.3366","162.9119","149.6320","73.9194","115.6015","38.7382","106.9118","41.1110","103.2065","63.6081","37.2330","47.5325","141.2988","140.7296","128.6021","44.8860","211.3947","139.2409","64.6787","29.6213","51.6393","170.3354","22.1126","25.1688","28.0360","57.7910","37.4380","16.8474","24.2182","15.9852","25.7427","20.8141","205.1491","154.5359","73.5928","21.6494","109.2523","91.9569","50.6608","146.2287","30.8914","13.6560","86.7197","36.8733","40.3194","22.9262","93.4684","21.6460","16.2407","68.4100","30.6989","89.7609","23.2624","29.1738","36.1327","17.4123","105.8742","60.0940","24.7866","26.9911","20.9730","99.0382","98.8013","52.6810","41.6255","177.4300","36.2513","21.3951","80.5290","37.1838","34.3112","21.2995","73.5045","33.5372","28.5307","130.4588","21.3659","75.3561","35.7436","33.8681","34.5903","123.4353","116.6217","133.1452","57.3087","20.3476","11.0000","24.9370","56.1932","159.8821","13.6412","51.9320","28.5768"
"C:\Users\cfg364\Sommerlab Dropbox\Casper van der Luijt\Casper\Data\BioLog\OmniLog\CL3\DATA_2024\08\_RIB40_Aspergillus oryzae__2_30_CL3_769_8#19#2024_A_ 7B_4.OKA","8/19/2024 7:16:29 PM"," 7-B","PM02A","","RIB40","Aspergillus oryzae","",73.5000,"69.0309","50.1998","105.3255","163.4891","165.0629","151.5621","75.0878","113.8766","29.9989","109.7660","43.8435","97.0193","64.5386","34.8145","46.9754","144.1364","139.1866","127.7659","42.6855","213.4842","136.8222","66.5018","29.9352","54.8284","170.2688","20.9538","22.5929","26.5307","62.5152","40.2572","17.9326","23.1429","14.7608","19.8073","22.1867","205.6806","156.8208","77.3828","22.6938","109.3017","87.7887","47.6266","149.7256","31.4465","20.0871","86.7548","37.3807","44.2410","21.3539","97.4493","20.2344","17.2170","69.2092","29.2382","90.9631","21.3426","25.9223","36.3058","22.5470","103.6566","61.4222","19.7023","25.5241","21.1472","103.0238","98.1414","53.7408","45.4739","174.9729","36.8012","25.2266","78.5526","36.7733","34.7542","22.7713","72.1375","33.5924","31.1818","133.3504","23.7727","78.7499","35.6195","33.4156","31.4549","125.6732","112.3471","137.1627","60.7170","19.7570","11.0000","26.8622","54.8324","160.3287","15.5398","54.8876","28.5993"
"C:\Users\cfg364\Sommerlab Dropbox\Casper van der Luijt\Casper\Data\BioLog\OmniLog\CL3\DATA_2024\08\_RIB40_Aspergillus oryzae__2_30_CL3_769_8#19#2024_A_ 7B_4.OKA","8/19/2024 7:16:29 PM"," 7-B","PM02A","","RIB40","Aspergillus oryzae","",73.7500,"43.3582","47.7524","107.5171","165.2377","166.1984","151.6131","69.8451","116.4034","23.7145","105.9631","35.0428","114.0144","52.2721","32.1847","42.0802","141.3470","143.9270","131.3453","46.9268","216.2286","133.1268","66.9090","28.6251","48.8151","170.5096","21.1051","23.4870","30.0178","62.7471","41.2581","16.5237","19.4433","20.7639","21.5077","24.3800","201.3924","154.8739","78.6870","21.3258","113.9319","93.4836","48.3980","151.6772","34.1241","14.2966","86.8859","32.8185","39.7749","21.3054","94.4593","26.0814","19.8463","63.6370","30.3396","93.3124","21.6680","22.7656","33.5426","28.7392","98.4075","66.3786","28.0320","25.1287","23.5802","95.5955","106.9172","55.5087","38.4255","180.7076","33.3970","28.8612","72.1993","38.6936","31.9478","20.0823","73.6231","37.4867","30.3937","126.6337","25.3088","79.4363","32.7010","32.7399","31.6187","123.7823","103.4038","131.5770","61.5245","15.6077","11.0000","23.6951","56.5572","155.4306","16.9206","51.9593","26.2596"
"C:\Users\cfg364\Sommerlab Dropbox\Casper van der Luijt\Casper\Data\BioLog\OmniLog\CL3\DATA_2024\08\_RIB40_Aspergillus oryzae__2_30_CL3_769_8#19#2024_A_ 7B_4.OKA","8/19/2024 7:16:29 PM"," 7-B","PM02A","","RIB40","Aspergillus oryzae","",74.0000,"69.6046","50.0838","111.7092","165.9273","168.8246","150.6134","74.8825","116.1733","30.6071","108.7973","45.3374","98.5491","63.0198","39.8230","43.0505","145.3271","146.5986","130.1396","46.0891","215.6417","138.0145","64.3139","33.0150","56.7276","168.4508","25.1797","22.2918","27.7615","61.0463","45.1979","17.7119","20.7323","16.2501","22.4396","21.8007","205.1785","153.8284","76.2743","25.9361","107.1191","95.0087","47.3889","150.5089","35.0135","15.4278","85.2198","39.7189","46.0388","22.6510","97.9115","22.5274","16.6352","68.5007","27.5140","88.4836","24.2793","25.8668","32.8545","21.8371","100.9484","64.7480","28.4474","28.2376","24.6027","99.9938","96.7959","56.1414","42.8173","177.7203","36.9384","23.0362","81.1378","39.4247","32.9712","21.8863","73.3131","34.9019","27.7738","129.6632","18.8967","75.6413","33.9209","36.1337","34.3554","129.1691","115.7858","133.2171","56.7568","21.5914","11.0000","26.7267","55.2583","161.8583","18.8087","60.8443","27.8446"
"C:\Users\cfg364\Sommerlab Dropbox\Casper van der Luijt\Casper\Data\BioLog\OmniLog\CL3\DATA_2024\08\_RIB40_Aspergillus oryzae__2_30_CL3_769_8#19#2024_A_ 7B_4.OKA","8/19/2024 7:16:29 PM"," 7-B","PM02A","","RIB40","Aspergillus oryzae","",74.2500,"71.6435","53.0436","108.9192","169.0547","168.8036","154.0968","79.3953","115.9761","36.6930","112.2616","46.3335","100.9190","65.0994","35.9671","50.4320","146.0064","145.9985","128.2260","45.3624","218.5581","136.8584","71.2609","34.7240","60.7547","173.7552","27.4422","26.5851","28.9587","61.9474","43.7942","18.1752","26.2196","18.0264","17.4706","23.9827","204.6067","155.8705","80.1929","24.6468","113.7932","93.2355","53.7869","151.5370","31.9679","16.5170","91.5626","39.0771","46.1976","25.7193","96.8618","23.8524","18.6596","69.4075","31.7187","89.0560","24.5520","30.4642","36.1696","24.7700","107.7834","68.0201","27.1999","24.0902","25.7552","101.1699","102.2335","54.8585","43.3222","180.5118","40.0400","26.6408","80.3540","30.9771","36.2003","24.1865","77.8722","34.2728","30.3080","132.8260","23.4684","78.3870","40.2972","36.6814","34.4578","135.3003","120.5639","138.5031","59.5449","21.5119","11.0000","30.9243","60.6454","159.2558","16.2234","60.8243","31.3093"
"C:\Users\cfg364\Sommerlab Dropbox\Casper van der Luijt\Casper\Data\BioLog\OmniLog\CL3\DATA_2024\08\_RIB40_Aspergillus oryzae__2_30_CL3_769_8#19#2024_A_ 7B_4.OKA","8/19/2024 7:16:29 PM"," 7-B","PM02A","","RIB40","Aspergillus oryzae","",74.5000,"42.1325","46.0145","105.4808","165.1282","165.1313","155.1077","70.0617","114.0484","24.7870","106.1847","30.2000","111.7505","56.9544","28.9280","44.5322","141.5387","142.1391","131.1660","47.8497","214.7306","131.9215","65.9853","29.3295","45.0478","170.1261","23.1475","22.2790","25.5592","66.2013","38.8616","21.4095","21.2735","19.3296","21.1550","22.6836","200.1716","158.2256","79.4191","20.7698","110.8106","99.1414","48.6201","145.5420","29.5212","11.7753","86.4305","39.5069","37.6056","23.2905","94.5465","19.6989","16.1125","64.6758","30.0693","93.2519","22.9186","24.9449","34.3761","25.5994","101.3830","64.4112","28.9501","26.2303","22.3615","100.8239","99.6588","56.2289","38.0163","178.0224","31.0896","25.7509","68.1139","31.7892","31.3554","15.2002","70.9311","33.7009","28.2577","130.1077","18.8903","83.5835","33.2063","29.5298","31.3227","130.3434","107.8927","136.4103","61.3694","19.3246","11.0000","28.2905","57.1915","155.1477","13.7942","46.0026","24.0769"
"C:\Users\cfg364\Sommerlab Dropbox\Casper van der Luijt\Casper\Data\BioLog\OmniLog\CL3\DATA_2024\08\_RIB40_Aspergillus oryzae__2_30_CL3_769_8#19#2024_A_ 7B_4.OKA","8/19/2024 7:16:29 PM"," 7-B","PM02A","","RIB40","Aspergillus oryzae","",74.7500,"44.5895","45.8201","106.9846","169.1800","169.6236","154.0431","68.1830","115.8684","27.3513","102.9037","33.8667","111.7834","53.3182","28.9610","47.7950","144.2170","139.9393","128.5275","45.8456","218.3099","131.5307","67.1047","26.8614","46.7070","168.3559","22.7253","22.9425","24.3945","67.9597","39.9722","22.4313","20.7598","19.7781","23.9187","22.1672","204.1698","157.4936","79.6162","17.5448","111.4223","96.4551","53.5188","146.6870","31.3383","14.8443","88.3171","36.9035","38.0320","23.4128","92.8742","19.2936","20.6885","62.7919","27.4890","92.9975","22.2829","22.8980","34.8351","24.3369","99.0054","66.4536","27.0690","26.2920","21.8027","99.2884","100.8595","56.1341","39.3481","176.8109","29.9646","22.9105","70.9037","30.4727","29.7552","19.8049","76.4132","32.9955","30.1079","130.3610","20.9184","83.7744","29.4838","29.9787","30.5435","135.2398","108.2720","137.5626","57.0165","19.1657","11.0000","26.9072","54.5638","160.4093","16.5241","50.4616","24.8864"
"C:\Users\cfg364\Sommerlab Dropbox\Casper van der Luijt\Casper\Data\BioLog\OmniLog\CL3\DATA_2024\08\_RIB40_Aspergillus oryzae__2_30_CL3_769_8#19#2024_A_ 7B_4.OKA","8/19/2024 7:16:29 PM"," 7-B","PM02A","","RIB40","Aspergillus oryzae","",75.0000,"43.3884","45.5502","107.0246","163.8384","165.6373","152.3116","71.4098","116.1267","28.8275","106.2731","32.5177","108.5222","56.8763","31.6378","45.8228","142.8125","143.6726","126.5191","45.2820","218.5143","134.4322","67.1742","24.9975","45.3481","169.7323","24.0470","28.2971","29.9833","63.2985","40.4626","19.6056","19.0708","13.4719","18.0371","22.9668","205.4899","161.4648","79.4667","20.0627","114.8989","96.5739","52.7347","150.1700","33.1789","12.4907","84.3898","31.5012","37.4557","24.5370","95.2954","19.7796","18.1229","62.0834","32.6096","95.1503","21.6972","27.3375","34.6057","26.4739","97.2741","67.3380","26.4551","23.9722","18.7545","98.4361","99.9542","56.1054","40.8130","177.4307","31.7270","24.1037","73.1630","26.4819","30.9891","22.7652","71.0025","32.0479","28.8934","130.8856","24.6303","80.5542","31.2671","29.5719","29.6324","138.4073","102.8444","137.5671","64.2876","17.7389","11.0000","27.2932","56.3976","155.7566","11.6153","49.5346","26.8803"
"C:\Users\cfg364\Sommerlab Dropbox\Casper van der Luijt\Casper\Data\BioLog\OmniLog\CL3\DATA_2024\08\_RIB40_Aspergillus oryzae__2_30_CL3_769_8#19#2024_A_ 7B_4.OKA","8/19/2024 7:16:29 PM"," 7-B","PM02A","","RIB40","Aspergillus oryzae","",75.2500,"77.1180","53.5975","108.2111","165.9703","169.5161","152.8824","74.9729","117.0088","33.4299","112.5558","40.8789","98.2736","62.9246","36.5338","51.1016","145.3668","146.1382","130.0357","46.7351","221.1313","142.4025","67.7549","29.1680","53.9256","168.0080","26.3967","23.1979","28.1883","63.6460","41.0217","16.4281","24.1341","20.0010","22.2047","23.0839","204.5318","162.7835","74.9657","18.9579","112.4475","95.2689","47.8730","148.0957","31.6881","18.3364","84.6506","39.7564","47.2373","25.6098","93.8094","21.8520","17.6145","68.6136","33.1598","91.4080","23.9670","25.4912","39.2919","22.6797","104.7481","63.8397","22.0452","28.1599","23.2734","101.5210","99.9249","59.0799","42.4662","177.8930","33.9454","23.7063","79.4123","29.3697","35.3085","21.9721","79.9963","31.5268","29.8804","137.0082","25.4786","82.7330","35.9737","35.7201","32.7067","143.2079","118.1565","133.9999","59.2666","21.1812","12.1580","36.4117","58.2081","158.4805","18.4409","58.1372","31.2854"
"C:\Users\cfg364\Sommerlab Dropbox\Casper van der Luijt\Casper\Data\BioLog\OmniLog\CL3\DATA_2024\08\_RIB40_Aspergillus oryzae__2_30_CL3_769_8#19#2024_A_ 7B_4.OKA","8/19/2024 7:16:29 PM"," 7-B","PM02A","","RIB40","Aspergillus oryzae","",75.5000,"49.9673","41.1854","111.6140","165.6230","164.5853","153.1737","70.0241","115.1787","26.0534","107.4196","33.4508","109.6742","50.7255","29.1485","46.3629","144.7602","144.6460","132.1374","47.8267","218.7626","134.2344","64.6128","26.8557","45.2806","169.0864","22.9860","22.9135","25.8342","68.3891","35.2141","18.5801","22.1159","16.3493","17.1852","24.3084","201.9430","160.0330","78.1937","18.5457","113.5397","94.8874","51.3997","144.0268","30.6984","14.7803","87.1306","36.6485","40.8367","20.9849","93.3248","21.4789","19.1894","65.0068","33.1286","94.8916","21.1838","22.7600","34.7783","23.3268","97.1452","67.5721","22.3673","26.6530","20.5701","96.1401","102.7599","56.1813","36.1793","177.5125","30.7585","27.7916","70.5718","34.3657","32.5367","19.9265","78.3645","33.8039","33.1225","128.9780","23.5818","88.4488","31.7208","31.6001","25.1688","142.1330","108.6781","135.7235","60.8127","18.2859","11.0000","26.9217","55.4480","154.8120","15.0091","49.5321","25.7333"
"C:\Users\cfg364\Sommerlab Dropbox\Casper van der Luijt\Casper\Data\BioLog\OmniLog\CL3\DATA_2024\08\_RIB40_Aspergillus oryzae__2_30_CL3_769_8#19#2024_A_ 7B_4.OKA","8/19/2024 7:16:29 PM"," 7-B","PM02A","","RIB40","Aspergillus oryzae","",75.7500,"71.9709","53.2032","110.2501","167.8449","171.4405","154.5036","74.3878","114.1489","37.2362","112.5951","40.6966","90.6137","63.0389","37.7761","51.2676","148.2974","147.7037","128.9018","45.5196","222.6256","136.6159","70.2345","32.5318","55.6865","166.7499","26.5963","25.2548","27.5224","59.3111","40.4383","17.6801","19.0576","16.1806","24.6776","26.7669","205.6274","163.5907","77.4687","22.7157","110.5487","98.1169","44.7136","152.2225","33.9446","15.7862","88.0300","37.6889","47.2968","23.5476","95.0221","22.0055","19.2613","68.1693","29.8242","91.0586","22.0324","26.2274","39.4111","20.7112","106.5844","66.2345","24.6848","25.1646","21.1168","99.1642","100.3611","55.1752","41.7145","177.5144","32.3285","27.5485","80.9134","28.5270","32.7228","16.0919","74.9686","29.9792","32.5394","135.0506","23.8283","82.6156","36.7449","33.0351","34.5470","146.3777","116.5682","137.3446","64.0204","20.7544","11.0000","37.3815","61.6305","159.0939","16.0557","57.0401","30.5857"
"C:\Users\cfg364\Sommerlab Dropbox\Casper van der Luijt\Casper\Data\BioLog\OmniLog\CL3\DATA_2024\08\_RIB40_Aspergillus oryzae__2_30_CL3_769_8#19#2024_A_ 7B_4.OKA","8/19/2024 7:16:29 PM"," 7-B","PM02A","","RIB40","Aspergillus oryzae","",76.0000,"70.2987","52.2997","109.7298","164.3398","170.4934","151.1520","73.3062","110.0030","37.1040","112.5619","41.1275","91.6634","62.0459","40.5029","49.2381","150.1153","148.7916","127.7565","46.2609","222.7876","137.6006","69.7428","32.4008","56.5440","171.5358","28.7408","23.4611","28.0065","61.2210","45.3447","17.7120","18.9934","12.7376","23.6206","26.6706","205.4960","161.1037","78.7142","26.2021","115.0109","99.0359","43.7360","151.6831","31.7806","18.2439","86.6626","37.6563","47.6565","24.6772","91.5480","22.7806","21.0517","71.3825","33.2069","88.4410","25.0124","26.8950","40.6421","22.3888","105.3736","61.4745","25.8413","26.8274","21.8927","98.5582","100.9274","58.8802","44.5960","180.0718","34.6342","28.1224","82.4726","33.6695","35.5340","18.4348","73.3062","31.0674","35.0065","135.8734","24.5829","79.3908","37.4182","33.4509","37.5411","146.9035","118.2489","137.6249","66.0966","21.4852","11.0000","38.5148","60.6217","160.8264","14.4778","59.1807","29.5581"
"C:\Users\cfg364\Sommerlab Dropbox\Casper van der Luijt\Casper\Data\BioLog\OmniLog\CL3\DATA_2024\08\_RIB40_Aspergillus oryzae__2_30_CL3_769_8#19#2024_A_ 7B_4.OKA","8/19/2024 7:16:29 PM"," 7-B","PM02A","","RIB40","Aspergillus oryzae","",76.2500,"49.1064","46.5246","117.8566","172.5484","171.2055","155.1520","75.3889","119.0665","28.6557","110.4531","39.5940","104.8996","53.8870","35.0956","53.4329","149.6859","146.2358","135.3096","50.0723","221.9572","138.9186","72.7121","30.8435","50.9477","174.0180","24.6875","24.0638","26.6430","68.7706","41.8999","21.8040","26.9502","17.7035","24.6858","25.9671","210.0840","161.5493","79.1526","21.7631","117.0484","101.2764","52.8373","154.2591","34.8728","17.5608","87.3950","41.4708","44.6932","22.3051","98.9542","24.7278","21.0188","66.6771","37.2651","99.5839","24.4624","28.9223","40.0779","24.3321","100.0902","71.1459","26.5231","27.2964","19.3898","103.3568","99.3503","56.6056","40.4633","180.0874","36.0000","30.6307","69.4811","39.1989","33.9618","23.0345","76.0094","36.7817","36.9926","132.0072","24.3543","89.0124","36.7508","34.2644","24.4326","146.6141","110.7666","137.9842","69.3600","21.4218","11.0000","28.8146","60.5796","157.9386","19.8689","49.1083","28.2251"
"C:\Users\cfg364\Sommerlab Dropbox\Casper van der Luijt\Casper\Data\BioLog\OmniLog\CL3\DATA_2024\08\_RIB40_Aspergillus oryzae__2_30_CL3_769_8#19#2024_A_ 7B_4.OKA","8/19/2024 7:16:29 PM"," 7-B","PM02A","","RIB40","Aspergillus oryzae","",76.5000,"46.4115","44.7384","118.3862","172.5710","170.8380","156.3363","73.5471","117.0595","27.4409","108.5000","37.2387","109.3909","54.0570","32.9177","48.4224","148.7624","144.3211","134.1663","47.7204","226.3126","138.0552","70.2855","33.0290","47.5031","173.4833","23.5240","22.1260","32.6227","72.6083","44.7746","21.0749","24.8855","21.7554","24.3954","26.8599","207.8044","161.4187","81.5443","22.0001","119.3654","104.9110","56.5213","151.1315","32.3957","15.5682","89.4259","41.2500","43.8711","27.1887","96.5690","20.6860","21.6989","68.6358","36.3069","96.1336","25.9706","29.7815","36.1920","21.1847","101.6072","76.8438","29.7528","25.2601","26.6767","103.8880","103.5260","61.1633","43.3585","180.4332","33.5561","28.6385","70.9307","37.6292","37.5844","16.9119","75.5978","34.9775","30.4227","131.8861","23.5426","86.3682","34.0318","32.4818","28.3240","145.6733","109.1640","143.9452","73.1013","21.8462","11.0000","27.1845","61.4715","157.2685","15.0745","56.3392","27.6928"
"C:\Users\cfg364\Sommerlab Dropbox\Casper van der Luijt\Casper\Data\BioLog\OmniLog\CL3\DATA_2024\08\_RIB40_Aspergillus oryzae__2_30_CL3_769_8#19#2024_A_ 7B_4.OKA","8/19/2024 7:16:29 PM"," 7-B","PM02A","","RIB40","Aspergillus oryzae","",76.7500,"43.7067","42.5690","116.9254","166.2540","169.0335","151.0894","74.4611","116.9601","27.8070","108.9333","30.9945","108.8313","53.8692","33.5083","51.8654","151.0408","146.6283","134.8668","45.7689","223.0797","136.4641","71.2037","30.1486","47.5691","172.0633","22.0889","24.4018","31.5946","69.2290","43.7044","21.4907","24.4686","22.7157","28.7858","21.7127","210.4368","164.1708","78.9594","21.8425","116.4487","108.3939","55.4634","153.5772","33.6449","14.8282","89.5890","42.4235","45.8683","27.0971","94.5000","22.8973","20.5661","67.1309","34.4948","96.1018","26.2871","29.2056","38.7699","24.1687","101.8302","77.6090","28.8598","24.9829","25.7509","101.4629","104.6644","60.5954","41.7233","180.7835","35.3234","28.7675","75.9771","37.1412","32.7654","17.8503","73.9239","35.1696","33.2339","133.9114","22.4712","86.1766","34.6395","30.9473","27.4171","150.3630","112.4644","145.8498","75.7070","27.1425","11.0000","30.7248","59.0636","157.3324","14.9462","56.8135","29.4271"
"C:\Users\cfg364\Sommerlab Dropbox\Casper van der Luijt\Casper\Data\BioLog\OmniLog\CL3\DATA_2024\08\_RIB40_Aspergillus oryzae__2_30_CL3_769_8#19#2024_A_ 7B_4.OKA","8/19/2024 7:16:29 PM"," 7-B","PM02A","","RIB40","Aspergillus oryzae","",77.0000,"46.8137","46.9109","112.4609","168.4039","171.7808","154.0385","73.8175","118.7994","27.2716","111.9007","35.9083","107.4216","54.2579","31.3401","49.0047","155.1776","147.5803","130.6543","51.7858","221.9658","137.6436","71.9631","28.7496","49.9996","168.0845","25.0458","28.0864","26.1636","67.3041","45.9941","19.8535","24.0907","19.4429","22.9252","29.3626","207.9239","162.3716","82.2649","25.4244","118.7044","102.3213","52.1007","152.8589","34.5067","17.1207","91.1213","40.6769","46.6160","25.8288","105.0039","20.2540","23.0224","67.2797","36.4316","99.5918","23.6036","32.2421","41.0219","27.8022","99.9313","79.1589","28.7070","26.7670","22.9333","97.8463","101.0119","62.8935","45.7150","183.8232","37.8862","28.5032","71.1578","40.9488","34.9927","22.4639","74.1436","34.5188","32.1973","132.8587","23.3124","87.3297","33.0863","31.9548","28.1009","151.9865","110.1741","137.3118","80.4104","25.6869","11.0000","28.4043","61.8204","155.3414","15.0809","52.6491","29.4175"
"C:\Users\cfg364\Sommerlab Dropbox\Casper van der Luijt\Casper\Data\BioLog\OmniLog\CL3\DATA_2024\08\_RIB40_Aspergillus oryzae__2_30_CL3_769_8#19#2024_A_ 7B_4.OKA","8/19/2024 7:16:29 PM"," 7-B","PM02A","","RIB40","Aspergillus oryzae","",77.2500,"42.4849","44.7718","114.3211","168.7839","171.2740","152.9691","71.9029","122.3927","29.5102","110.2959","35.1123","104.3240","58.5306","33.4829","46.7102","154.2839","147.6743","136.7530","47.3546","227.6782","138.7507","71.7988","28.3867","51.0563","173.1569","22.4653","29.1817","30.5099","68.6873","42.9703","21.5215","23.0961","20.4380","24.1145","25.4209","204.4991","166.1416","81.6749","25.1101","116.7116","100.9858","49.3397","149.3348","36.2586","20.1488","90.2373","41.6553","40.8165","25.8288","103.6610","20.8772","21.1655","67.4401","34.6756","98.3882","27.4768","32.4964","38.7075","25.0234","102.0941","80.1445","25.3449","27.9064","23.9588","98.5218","105.3673","61.5444","42.4477","179.2133","36.3836","29.8546","73.2311","40.4320","32.9800","20.4809","74.1127","34.7744","30.3777","133.0488","26.6589","85.6968","35.1408","29.8689","28.5682","148.1217","111.7905","142.5372","108.4889","22.3562","11.0000","30.9313","62.0734","153.9613","16.5708","54.8883","29.1380"
"C:\Users\cfg364\Sommerlab Dropbox\Casper van der Luijt\Casper\Data\BioLog\OmniLog\CL3\DATA_2024\08\_RIB40_Aspergillus oryzae__2_30_CL3_769_8#19#2024_A_ 7B_4.OKA","8/19/2024 7:16:29 PM"," 7-B","PM02A","","RIB40","Aspergillus oryzae","",77.5000,"42.9357","46.8813","118.0111","168.7177","168.9244","151.7097","74.6829","114.5282","36.4377","108.9198","32.8689","99.7932","55.8270","29.0633","47.7702","152.7947","145.5495","135.1684","45.9745","226.5637","136.9054","68.5205","28.4110","48.8474","169.0922","25.0339","27.2575","25.7843","71.8839","38.7759","23.3606","24.3730","18.6207","22.2191","27.9691","209.0158","166.0912","80.6920","22.7898","120.7997","102.1146","51.1469","152.6667","37.4139","14.7414","92.1228","38.0182","42.5956","28.7896","99.2033","20.0598","22.3895","64.2130","34.8616","99.2446","27.6406","30.9716","37.3350","22.7488","98.7621","76.0185","28.4508","27.5692","20.6350","101.7580","105.1053","55.8121","41.3390","180.7140","33.3028","30.1691","74.7797","43.0749","37.8645","19.2893","76.6994","33.8969","33.4102","129.3990","22.1734","87.9145","34.4476","33.8512","28.9599","150.5490","115.2673","141.6615","109.5359","21.3061","11.0000","31.0516","60.6438","154.1063","16.0023","45.0152","33.4123"
"C:\Users\cfg364\Sommerlab Dropbox\Casper van der Luijt\Casper\Data\BioLog\OmniLog\CL3\DATA_2024\08\_RIB40_Aspergillus oryzae__2_30_CL3_769_8#19#2024_A_ 7B_4.OKA","8/19/2024 7:16:29 PM"," 7-B","PM02A","","RIB40","Aspergillus oryzae","",77.7500,"72.6377","56.1879","118.6242","174.1074","173.2704","150.2101","79.4126","116.4504","39.3997","118.0919","45.7773","90.5890","65.7816","36.8366","47.7356","160.5700","149.3467","131.4626","44.7286","227.7595","142.5260","71.7001","30.6765","53.0137","174.1853","28.9256","25.8509","29.6717","66.3394","43.3194","17.5637","20.7124","17.4340","23.9899","27.5835","209.5564","164.4188","77.4957","24.1056","118.4812","103.2119","53.0191","154.0047","33.5202","16.3380","92.2701","42.4307","51.7180","23.8890","98.0735","25.0685","18.9808","72.5891","33.5608","96.8368","27.1497","29.1793","38.0902","23.0623","106.7322","76.2652","25.8559","29.8418","27.6295","102.8151","101.8494","59.2586","47.9003","178.2849","34.9243","23.2039","82.4688","37.4119","38.0321","21.3651","76.9403","31.2167","33.2558","134.5225","24.1940","84.6577","38.4400","36.4144","37.7337","149.0072","126.5649","142.1790","106.2926","27.9772","14.0799","41.3887","63.0201","164.4749","22.1800","53.5191","30.9277"
"C:\Users\cfg364\Sommerlab Dropbox\Casper van der Luijt\Casper\Data\BioLog\OmniLog\CL3\DATA_2024\08\_RIB40_Aspergillus oryzae__2_30_CL3_769_8#19#2024_A_ 7B_4.OKA","8/19/2024 7:16:29 PM"," 7-B","PM02A","","RIB40","Aspergillus oryzae","",78.0000,"69.3327","57.5265","113.5167","173.9381","173.8640","154.1454","75.8238","119.8019","41.2361","116.5087","42.6011","92.5361","61.1834","42.7506","51.6659","159.8507","148.9534","133.5808","47.1999","227.3577","144.9307","74.8433","38.9290","56.8072","172.2102","26.4191","27.8885","29.8710","67.4345","42.8742","21.7401","22.1258","20.6758","21.9914","27.1072","214.8838","164.9313","78.5319","26.2805","120.1182","103.1013","54.4681","155.7232","37.5010","23.3870","90.5283","43.4070","52.2440","24.2937","100.6839","23.4827","20.7922","73.0257","36.3634","97.4994","23.7357","31.8361","40.7966","22.4497","106.5986","76.4439","27.6434","31.7965","25.5193","101.9731","100.0485","60.1618","48.4720","173.2849","35.2439","28.4018","79.0793","35.1467","39.9976","20.6195","74.6229","33.6943","33.1723","136.9460","25.4105","81.4280","42.9501","34.5986","40.4370","150.1964","126.5685","141.4830","102.0381","25.8149","11.0000","43.1069","59.9872","161.7183","25.1023","54.4060","38.0292"
"C:\Users\cfg364\Sommerlab Dropbox\Casper van der Luijt\Casper\Data\BioLog\OmniLog\CL3\DATA_2024\08\_RIB40_Aspergillus oryzae__2_30_CL3_769_8#19#2024_A_ 7B_4.OKA","8/19/2024 7:16:29 PM"," 7-B","PM02A","","RIB40","Aspergillus oryzae","",78.2500,"44.6741","43.2468","114.7371","170.2298","167.6741","152.2238","71.6673","120.1537","30.8223","111.3301","31.0152","100.8175","51.1744","28.2627","47.8082","155.8697","147.5043","134.9650","45.4006","225.6958","136.9078","66.5368","21.0039","47.3050","169.6044","22.7286","23.8578","30.9434","70.6871","39.9845","21.0117","21.6546","15.8070","19.0195","27.8253","207.5369","164.4396","83.4228","22.4028","116.4044","104.9024","53.3209","152.0403","36.1594","19.0086","90.5613","38.1089","38.2499","25.6214","102.3837","21.1287","18.2495","66.8207","34.5294","99.5735","24.9573","28.5710","37.9619","24.4781","102.2890","78.7897","23.8496","26.6984","22.2088","97.0650","102.6796","56.1823","41.1099","174.5329","36.7162","31.0469","67.6813","48.1259","32.8030","23.3031","77.6727","35.1597","33.8773","133.9383","22.9642","87.9443","31.7372","31.9548","26.2564","152.4616","115.1852","139.9666","118.1473","25.7021","11.0000","30.5348","59.1454","155.7675","11.9083","38.6255","28.6902"
"C:\Users\cfg364\Sommerlab Dropbox\Casper van der Luijt\Casper\Data\BioLog\OmniLog\CL3\DATA_2024\08\_RIB40_Aspergillus oryzae__2_30_CL3_769_8#19#2024_A_ 7B_4.OKA","8/19/2024 7:16:29 PM"," 7-B","PM02A","","RIB40","Aspergillus oryzae","",78.5000,"42.9703","43.9301","116.6563","173.5582","171.5450","151.2840","70.5828","119.6258","32.1836","110.2279","32.0110","103.1603","56.8557","31.4314","51.8301","159.6880","147.0350","135.7300","44.0675","227.3873","135.3450","67.5940","26.2377","49.2523","171.4793","23.6409","22.3136","30.0777","69.9022","39.0966","21.1396","27.5098","20.1012","21.1860","28.4675","209.7137","166.9487","82.6091","20.8551","117.5319","107.2784","52.4412","155.8943","34.3418","13.5087","92.1245","39.1854","39.3399","24.5202","99.3943","21.2538","18.5978","66.0837","33.9662","98.2382","23.1809","30.7153","38.5487","26.2644","99.9727","81.9563","24.3957","25.7095","21.5549","99.0217","103.6536","59.6187","42.8567","176.2280","39.1956","30.2758","73.8362","51.8385","36.2138","20.9479","78.1344","35.7669","33.0796","132.2348","20.3161","88.4238","33.1197","31.5055","25.6960","149.0773","116.4777","141.2460","119.1683","26.9035","11.0000","30.5030","60.5986","154.9335","12.7842","41.4866","28.9082"
"C:\Users\cfg364\Sommerlab Dropbox\Casper van der Luijt\Casper\Data\BioLog\OmniLog\CL3\DATA_2024\08\_RIB40_Aspergillus oryzae__2_30_CL3_769_8#19#2024_A_ 7B_4.OKA","8/19/2024 7:16:29 PM"," 7-B","PM02A","","RIB40","Aspergillus oryzae","",78.7500,"44.7051","40.5785","116.8840","171.7370","173.3852","149.2425","72.4889","119.4608","28.0332","117.2751","34.9652","103.9523","57.7921","30.3422","48.0335","158.5107","147.5669","131.5543","47.5466","226.5415","137.7218","70.4022","27.2977","49.9454","171.5428","25.3024","26.5995","29.9815","68.3323","41.3481","19.9881","26.0060","18.3707","21.1537","25.3208","208.7902","164.2490","84.5946","22.3397","115.9534","102.5896","51.4986","154.6521","33.6084","15.4706","91.7663","37.2607","39.7363","24.9485","101.3551","18.9404","14.9888","67.5577","35.1865","96.5214","25.9407","24.9544","38.9725","24.6081","103.4630","83.3705","24.8133","25.4314","23.9524","98.9576","105.3816","61.5278","42.1262","177.0596","38.5598","30.5007","72.8313","52.4167","34.1100","21.1958","77.7035","32.0599","33.2391","133.4651","22.1347","88.0083","33.7948","32.6287","31.5183","151.1079","116.6353","141.7764","121.7364","24.9116","11.0000","27.0090","61.5779","154.7731","13.0762","42.4721","27.3821"
"C:\Users\cfg364\Sommerlab Dropbox\Casper van der Luijt\Casper\Data\BioLog\OmniLog\CL3\DATA_2024\08\_RIB40_Aspergillus oryzae__2_30_CL3_769_8#19#2024_A_ 7B_4.OKA","8/19/2024 7:16:29 PM"," 7-B","PM02A","","RIB40","Aspergillus oryzae","",79.0000,"42.5985","46.7936","116.4612","173.2442","170.3076","153.9089","68.9067","118.4709","28.8301","115.0373","35.3967","100.3226","58.0107","30.6062","50.2857","161.8198","146.6909","135.8575","46.1484","229.0138","138.6009","69.0477","25.6415","51.6286","172.9411","21.1974","25.5280","32.9955","70.5615","41.0944","20.2120","25.5581","21.7356","20.8303","25.1602","208.8892","164.3761","84.8550","22.6239","118.3050","104.9974","52.5669","155.5758","36.3827","14.6344","94.0785","39.6095","39.4390","23.3579","99.8765","23.1607","19.7374","67.6218","34.7171","100.2729","22.7368","33.0197","39.9832","23.8936","104.6371","86.5679","24.4599","28.1199","20.9011","98.6689","107.4238","59.8414","42.4438","176.8357","37.7651","30.8220","67.7755","56.2814","33.0899","23.0242","79.1810","32.9227","33.7177","132.3925","21.1456","87.9443","32.2838","33.6235","27.5952","151.6309","114.0504","142.9934","121.4270","27.3145","11.0000","29.1689","63.1891","157.7564","14.3413","42.9807","27.4444"
"C:\Users\cfg364\Sommerlab Dropbox\Casper van der Luijt\Casper\Data\BioLog\OmniLog\CL3\DATA_2024\08\_RIB40_Aspergillus oryzae__2_30_CL3_769_8#19#2024_A_ 7B_4.OKA","8/19/2024 7:16:29 PM"," 7-B","PM02A","","RIB40","Aspergillus oryzae","",79.2500,"63.5403","55.8721","117.5997","176.6040","174.4323","153.2932","76.3341","118.3389","39.2891","117.6758","44.1264","86.9919","65.4712","37.9668","49.9318","162.9016","147.3166","135.9212","47.2214","232.0716","142.2476","71.0299","33.5916","56.7774","173.0682","27.9414","24.5826","32.1618","69.5568","46.2951","21.8433","22.7425","19.9730","20.3129","28.1143","210.8681","167.4569","79.5169","24.3612","115.8245","110.4465","51.5929","156.4040","33.5446","21.2921","91.4406","41.9257","47.8948","26.3555","101.2265","19.0967","16.7616","73.1975","36.6884","94.0098","24.4498","28.9550","39.6898","25.8422","110.5390","88.3817","26.3874","26.3276","22.9560","102.2295","98.7837","60.0005","46.8904","176.9956","38.4963","24.2361","81.7496","40.4268","35.4806","22.6523","75.5180","34.3288","34.4835","135.7365","20.6671","84.6837","38.2316","35.5809","38.3681","151.8770","128.5512","142.5877","113.4134","28.6425","14.6741","38.9204","63.7893","159.4565","22.0297","55.0927","34.2339"
"C:\Users\cfg364\Sommerlab Dropbox\Casper van der Luijt\Casper\Data\BioLog\OmniLog\CL3\DATA_2024\08\_RIB40_Aspergillus oryzae__2_30_CL3_769_8#19#2024_A_ 7B_4.OKA","8/19/2024 7:16:29 PM"," 7-B","PM02A","","RIB40","Aspergillus oryzae","",79.5000,"40.4004","43.2062","120.0996","171.8951","172.6910","152.9167","76.4223","117.5323","26.9071","113.6691","34.2077","103.5161","59.1049","32.1428","48.9979","162.3086","149.8385","135.9568","55.5590","228.5607","136.9356","73.4990","28.8100","48.7535","173.9225","22.5095","24.3227","29.3567","71.6066","41.1876","24.1948","24.9031","21.2617","21.9395","26.2627","207.8915","164.4476","81.8279","21.0926","122.4922","108.7708","51.1104","150.8360","36.1540","15.1575","93.4325","44.2062","44.9462","24.4882","100.7458","22.0406","20.1275","70.0153","35.9354","101.5577","22.9723","27.2553","43.0210","25.0630","103.0517","86.1918","26.2988","26.5071","24.4650","101.8185","104.1771","62.0926","42.7396","180.6389","39.9088","28.3739","75.7374","55.0056","39.3949","19.3652","72.6630","33.7307","35.7256","129.0856","26.6422","92.3185","37.6502","33.1831","30.0029","151.7741","114.4738","141.7140","122.6813","20.9083","11.0000","31.0052","64.5728","157.6504","17.7588","43.5896","29.5686"
"C:\Users\cfg364\Sommerlab Dropbox\Casper van der Luijt\Casper\Data\BioLog\OmniLog\CL3\DATA_2024\08\_RIB40_Aspergillus oryzae__2_30_CL3_769_8#19#2024_A_ 7B_4.OKA","8/19/2024 7:16:29 PM"," 7-B","PM02A","","RIB40","Aspergillus oryzae","",79.7500,"41.7173","42.5636","118.6571","174.2013","172.6456","155.9173","78.2744","116.0242","27.8846","116.7833","34.6074","102.4181","59.5750","32.6057","51.3165","164.3502","147.1514","137.7527","51.0700","231.4545","138.3892","73.3941","26.7640","46.9352","172.4848","20.3805","24.2021","30.7263","73.8965","43.7891","18.2734","25.2992","21.5626","22.0712","25.4177","210.6172","165.4120","80.7076","23.2557","120.8264","108.9621","55.0664","153.4070","37.0881","19.1520","94.2330","37.8259","45.3803","24.1652","101.9888","23.1687","22.9194","66.5700","34.5831","100.2309","24.9604","29.9783","35.6181","24.3342","104.2178","88.2867","26.0272","26.6300","23.7046","102.9497","104.6189","61.6073","44.3606","179.0270","38.9756","32.6102","77.6287","58.5335","35.2510","21.2368","74.9331","33.0921","32.7413","131.2476","26.5645","89.6245","35.4482","32.7718","29.5568","149.9612","117.8531","142.5232","122.1462","22.5491","11.0000","29.6768","64.6639","156.5867","18.5173","39.8940","26.7164"
"C:\Users\cfg364\Sommerlab Dropbox\Casper van der Luijt\Casper\Data\BioLog\OmniLog\CL3\DATA_2024\08\_RIB40_Aspergillus oryzae__2_30_CL3_769_8#19#2024_A_ 7B_4.OKA","8/19/2024 7:16:29 PM"," 7-B","PM02A","","RIB40","Aspergillus oryzae","",80.0000,"42.0596","43.3788","119.7696","173.2842","172.5823","152.2887","75.0600","119.8673","29.8417","117.1500","32.3099","99.7769","59.1079","31.6835","49.1555","164.6685","151.1862","135.4214","53.0734","232.2013","135.6836","73.5593","24.9463","48.9981","172.7386","21.9494","23.3473","31.2090","73.3925","48.0058","21.2213","22.6061","21.5306","22.3295","27.0590","209.0977","166.1142","83.0684","20.4129","120.6019","107.4697","50.5371","157.6907","36.1632","16.2843","93.0919","37.3031","43.8340","24.4414","101.4747","23.0439","19.9238","63.9727","31.5249","98.7040","24.4211","31.7356","37.8591","24.0734","107.0331","97.0042","24.9355","26.3217","24.7608","99.9795","104.4292","64.0853","45.3083","180.1480","40.0235","30.3913","78.0346","59.8733","34.2912","22.6681","73.3503","32.3836","32.9661","131.1205","26.3755","89.7841","32.8459","32.2259","30.6777","151.8981","118.6150","140.1584","119.9839","24.3576","11.0000","29.8988","61.6526","158.7073","16.7105","40.7223","24.7127"
"C:\Users\cfg364\Sommerlab Dropbox\Casper van der Luijt\Casper\Data\BioLog\OmniLog\CL3\DATA_2024\08\_RIB40_Aspergillus oryzae__2_30_CL3_769_8#19#2024_A_ 7B_4.OKA","8/19/2024 7:16:29 PM"," 7-B","PM02A","","RIB40","Aspergillus oryzae","",80.2500,"40.3777","44.6396","118.1906","173.8478","175.7419","153.3121","73.2047","117.7141","29.3029","117.4175","29.6927","101.9188","62.1215","32.7789","51.3301","166.1921","147.0492","138.4745","53.4129","232.0169","137.9510","76.3821","29.1852","51.7921","172.3473","23.4914","22.6326","30.1594","69.4606","43.2085","21.4576","22.0632","18.0587","21.2059","21.9696","210.9181","166.3613","82.9908","19.3433","121.5508","107.9398","53.3115","155.1930","34.7617","15.1253","90.7018","37.9976","44.2794","26.2935","99.1688","21.7871","19.8607","68.7160","34.7837","101.1236","25.8862","32.9707","41.4081","27.2938","99.3158","98.2674","27.0148","28.1035","21.1451","99.2855","105.3326","65.3671","43.3201","181.5897","36.2706","29.3402","74.7061","58.2663","35.6851","20.7547","78.0354","38.0638","35.7866","130.8352","23.8423","92.1003","36.1859","30.8797","27.9490","149.9988","115.3693","138.9620","121.4571","23.1356","12.8926","31.0048","62.7265","156.1501","17.8403","42.9728","32.8314"
"C:\Users\cfg364\Sommerlab Dropbox\Casper van der Luijt\Casper\Data\BioLog\OmniLog\CL3\DATA_2024\08\_RIB40_Aspergillus oryzae__2_30_CL3_769_8#19#2024_A_ 7B_4.OKA","8/19/2024 7:16:29 PM"," 7-B","PM02A","","RIB40","Aspergillus oryzae","",80.5000,"43.4179","49.1443","124.2555","172.2080","175.1745","154.5383","78.1431","116.8853","26.8692","121.9060","31.3920","102.6422","59.3004","32.1547","49.6188","162.8108","145.7553","137.4843","47.8611","231.0760","139.1854","70.8925","31.0596","50.2485","169.8660","23.8175","26.6787","31.3769","69.2725","42.6395","22.0315","23.8642","19.3101","21.4643","25.4320","209.1278","161.1104","79.4695","20.5488","118.7854","109.7162","51.7095","156.4615","35.1764","13.9328","93.9642","38.8474","48.4393","26.3854","105.2948","20.3218","24.8114","66.8284","35.0661","99.3777","28.0354","30.9070","41.7976","24.9939","100.7824","96.0741","26.7265","24.6520","21.5196","100.9186","107.9740","63.7848","43.1304","181.5897","36.8457","29.6288","73.3580","59.5174","32.9922","20.8482","76.1210","36.5939","35.8503","129.9164","23.5569","87.4898","35.7709","32.7775","28.0423","151.1730","116.7659","140.3981","123.0746","22.5304","11.9303","32.6166","64.6916","156.3745","17.1304","42.5274","32.8935"
"C:\Users\cfg364\Sommerlab Dropbox\Casper van der Luijt\Casper\Data\BioLog\OmniLog\CL3\DATA_2024\08\_RIB40_Aspergillus oryzae__2_30_CL3_769_8#19#2024_A_ 7B_4.OKA","8/19/2024 7:16:29 PM"," 7-B","PM02A","","RIB40","Aspergillus oryzae","",80.7500,"36.3759","44.7693","122.0501","171.5773","176.8137","154.4093","77.2274","114.6973","27.0025","116.1446","30.8256","104.8781","57.5643","33.6986","48.1657","166.1921","144.2090","136.4941","53.0901","232.8605","138.4058","74.8700","28.7577","50.3798","171.1067","23.1978","26.1097","29.6148","73.1615","43.8090","20.2461","21.7094","17.6095","22.5947","20.9989","205.9450","163.2426","81.2954","19.4067","120.8434","109.5259","53.6256","160.0766","35.4634","15.8665","92.5940","38.4225","42.7726","23.7190","102.4723","20.7895","19.3562","66.1566","32.8069","102.6791","23.8951","30.6530","41.5055","29.2698","101.0056","98.2674","25.9898","27.8570","20.8641","101.9433","104.9239","59.5127","43.9842","180.8288","36.3345","31.6167","72.1039","59.0597","34.1783","20.8794","72.7244","33.9099","34.8003","128.3954","20.0054","90.4674","36.2817","29.3678","29.7527","147.6811","119.2101","140.9912","121.0216","19.8230","14.2399","32.1742","65.7058","157.3362","13.4844","41.6048","30.9088"
"C:\Users\cfg364\Sommerlab Dropbox\Casper van der Luijt\Casper\Data\BioLog\OmniLog\CL3\DATA_2024\08\_RIB40_Aspergillus oryzae__2_30_CL3_769_8#19#2024_A_ 7B_4.OKA","8/19/2024 7:16:29 PM"," 7-B","PM02A","","RIB40","Aspergillus oryzae","",81.0000,"41.8668","48.9823","122.5041","172.8702","177.6648","156.8618","82.0350","117.6810","31.3032","120.5326","31.0588","102.1818","59.1764","30.6437","51.5561","171.6470","147.2701","136.7177","55.5755","232.7631","138.9905","77.4011","29.7113","49.7886","172.9199","21.8933","25.0666","31.1847","75.2001","42.2918","21.5533","20.5838","21.6202","22.6270","22.6492","212.3769","165.2793","84.1972","20.3267","123.0621","108.4474","53.9084","155.7955","36.3565","14.5452","93.5727","37.9322","46.5067","24.2094","105.0382","24.2501","17.7796","69.0360","33.0580","101.2823","24.8116","32.2405","41.6353","24.7024","103.8113","100.8005","28.4881","29.4287","21.4260","101.2068","104.5780","64.2279","45.1860","182.6041","37.9319","28.7631","74.5180","63.1180","33.3448","22.5000","78.3442","35.4756","36.5821","131.8492","24.0008","91.1077","35.5794","31.2335","31.4632","150.4932","119.7180","144.3003","119.5596","18.9948","13.6304","33.4067","66.7834","156.9515","17.2595","44.3726","32.8935"
"C:\Users\cfg364\Sommerlab Dropbox\Casper van der Luijt\Casper\Data\BioLog\OmniLog\CL3\DATA_2024\08\_RIB40_Aspergillus oryzae__2_30_CL3_769_8#19#2024_A_ 7B_4.OKA","8/19/2024 7:16:29 PM"," 7-B","PM02A","","RIB40","Aspergillus oryzae","",81.2500,"58.4635","55.9825","121.8879","174.1632","180.1236","154.4738","82.7218","116.4544","38.8044","126.5285","44.2203","87.8453","63.9816","42.5350","51.2010","170.1477","147.1439","135.8553","49.6041","233.6716","144.7079","78.0257","33.2628","56.6859","174.0333","23.7523","23.6757","30.7041","68.6452","46.3060","20.2779","21.5486","16.9999","22.1749","22.9404","212.0122","165.8839","79.3717","20.8343","121.2292","111.4609","47.4061","157.2543","33.7092","17.1235","94.9430","41.1354","51.3545","24.0562","100.0348","19.8853","17.9372","75.4667","34.4072","97.9809","25.0013","31.3515","43.0957","22.1109","106.7127","100.4607","26.0539","25.9463","20.8953","102.5518","102.0310","68.4367","49.3287","178.3560","33.9704","28.3142","85.2715","40.5681","37.3521","22.2818","75.0711","32.8235","36.4230","135.8099","22.7324","87.8099","41.2933","34.3216","41.6326","151.7602","131.6214","146.7665","111.8142","21.6704","14.3361","43.3933","65.1670","160.8303","21.0345","58.7843","38.9715"
"C:\Users\cfg364\Sommerlab Dropbox\Casper van der Luijt\Casper\Data\BioLog\OmniLog\CL3\DATA_2024\08\_RIB40_Aspergillus oryzae__2_30_CL3_769_8#19#2024_A_ 7B_4.OKA","8/19/2024 7:16:29 PM"," 7-B","PM02A","","RIB40","Aspergillus oryzae","",81.5000,"40.9104","48.6823","120.2228","174.3263","176.7629","157.1259","81.8552","118.5937","30.3332","123.1922","33.8756","99.9450","54.7637","33.5292","47.9383","170.7461","151.1725","138.8262","50.2570","237.0880","139.6578","72.9203","25.0259","49.5107","169.0173","21.6884","21.2261","32.6275","73.5784","44.3451","22.9574","27.0353","18.2438","22.1766","23.3864","215.4916","166.5987","80.0191","27.7969","122.2842","110.9759","55.9459","159.9635","34.2562","15.3423","93.4753","44.6004","46.0719","25.3014","105.4800","23.0807","21.5666","68.3618","33.1419","104.0052","24.2328","29.7354","37.7562","26.4281","100.8021","105.2158","28.5440","30.9472","22.6664","98.0804","104.3688","60.0116","43.6100","178.7832","36.6101","28.4270","71.3060","63.3110","33.6207","25.3276","72.7232","31.3670","34.3356","126.3504","24.5487","93.4888","33.1761","33.0292","29.3968","149.1628","118.6861","142.2884","121.0499","18.0361","11.0000","34.1738","64.7178","156.7180","16.0284","45.2588","32.5209"
"C:\Users\cfg364\Sommerlab Dropbox\Casper van der Luijt\Casper\Data\BioLog\OmniLog\CL3\DATA_2024\08\_RIB40_Aspergillus oryzae__2_30_CL3_769_8#19#2024_A_ 7B_4.OKA","8/19/2024 7:16:29 PM"," 7-B","PM02A","","RIB40","Aspergillus oryzae","",81.7500,"44.0686","47.1324","123.8840","173.5415","177.2989","163.0430","78.6121","115.0769","34.3389","123.3928","35.8097","102.0004","58.4989","30.2122","50.2328","168.6711","150.4565","139.8080","50.0960","235.2676","139.3000","76.2052","27.3360","50.3007","172.7121","25.2620","24.1704","29.1722","74.6135","44.0927","18.4174","24.6077","18.7267","23.7182","25.2525","214.7398","169.3135","80.0518","28.6430","121.2210","115.8058","55.6019","159.3309","35.2784","15.3101","97.5096","41.4220","44.2329","25.7608","102.3734","23.2050","21.8505","70.7213","36.2917","104.9507","24.7393","26.9539","38.3109","28.9833","106.2504","109.4243","23.9575","30.5806","24.7197","99.7550","104.8418","65.0523","44.6487","180.2759","38.3280","30.0025","71.4630","61.9720","36.7837","23.4090","72.3187","29.7557","36.7200","131.6094","26.3489","95.4596","33.2723","32.5803","27.9600","151.3822","119.0352","139.9556","123.7431","23.1620","13.3858","35.2128","66.2355","156.1392","17.3178","44.4302","32.5209"
"C:\Users\cfg364\Sommerlab Dropbox\Casper van der Luijt\Casper\Data\BioLog\OmniLog\CL3\DATA_2024\08\_RIB40_Aspergillus oryzae__2_30_CL3_769_8#19#2024_A_ 7B_4.OKA","8/19/2024 7:16:29 PM"," 7-B","PM02A","","RIB40","Aspergillus oryzae","",82.0000,"41.9018","51.5823","127.1745","172.5921","178.0762","161.6897","82.4360","117.2830","30.7160","127.3947","34.1390","103.9298","62.9103","35.9207","54.9854","172.3859","150.3264","140.1664","54.4842","234.2540","142.8932","78.6672","28.1066","53.3653","177.2879","24.1708","24.6507","32.8081","74.2946","46.5374","25.0638","26.2333","20.3143","23.3380","29.0899","215.2666","168.7006","82.2700","23.0512","125.8909","113.2485","54.2092","153.5955","38.0972","14.6693","96.1110","37.9357","46.7297","24.0193","102.8667","18.9103","23.4369","67.9162","37.6740","104.1638","22.9526","30.8625","41.3502","27.5341","103.3775","104.2791","25.7271","30.0788","23.0318","103.7511","102.2614","69.0924","47.7194","178.4815","35.6909","28.8430","73.4733","57.8514","37.9467","21.1748","74.6128","37.5545","32.1812","134.5458","22.9951","95.4929","35.8269","35.5517","33.1277","149.9625","125.1279","141.1256","122.3205","18.6890","12.4507","36.4373","64.3312","157.0827","17.8673","48.6299","32.2855"
"C:\Users\cfg364\Sommerlab Dropbox\Casper van der Luijt\Casper\Data\BioLog\OmniLog\CL3\DATA_2024\08\_RIB40_Aspergillus oryzae__2_30_CL3_769_8#19#2024_A_ 7B_4.OKA","8/19/2024 7:16:29 PM"," 7-B","PM02A","","RIB40","Aspergillus oryzae","",82.2500,"39.1432","50.7751","124.5474","173.1602","173.8360","158.1365","83.5435","116.3591","30.1215","127.4611","35.4337","100.2271","61.3269","34.5728","51.3280","171.3925","150.1711","138.7326","55.0953","237.1411","137.9687","77.0623","30.5739","46.8628","175.0783","24.0734","24.1148","26.6463","77.1645","46.1594","23.3456","24.8281","21.0185","21.0186","28.6113","210.6467","170.1890","82.0735","22.0128","125.9551","111.6637","51.8871","156.0618","37.1113","15.1200","95.1966","35.9672","49.4731","22.9753","102.0944","21.3803","22.2058","69.7718","36.8600","96.9043","22.6990","31.6928","37.6338","26.2722","107.9805","105.9188","23.2886","27.5370","22.7520","100.7797","104.5405","69.2175","45.2461","179.7311","31.6295","26.0308","70.5669","57.4227","37.1823","21.4245","78.1897","32.9003","34.2609","131.9285","20.8372","93.6864","37.3305","34.5633","34.3948","149.8082","123.2725","143.5920","125.3768","21.4966","11.0000","37.0646","64.8388","155.9573","17.7384","48.0621","33.1801"
"C:\Users\cfg364\Sommerlab Dropbox\Casper van der Luijt\Casper\Data\BioLog\OmniLog\CL3\DATA_2024\08\_RIB40_Aspergillus oryzae__2_30_CL3_769_8#19#2024_A_ 7B_4.OKA","8/19/2024 7:16:29 PM"," 7-B","PM02A","","RIB40","Aspergillus oryzae","",82.5000,"38.3684","52.6154","126.9799","174.4227","179.0255","161.4959","85.4654","118.8998","33.0608","127.6602","35.9317","102.6191","62.5688","34.4741","50.1089","171.7770","152.1593","141.2178","51.6860","236.5897","142.3424","79.5188","30.2120","53.8908","177.6982","29.7505","27.2673","30.9370","77.6948","45.0567","25.7638","26.3611","21.9787","24.2722","30.2384","211.5047","170.2206","81.9425","21.6667","123.7086","112.5512","55.9350","156.8305","38.1926","15.7315","96.4376","38.8215","49.5710","25.6160","102.4805","22.5059","18.6705","68.1402","35.6703","102.0942","26.4718","30.4793","38.7748","25.8839","105.7584","103.1034","29.2565","28.8844","23.5604","104.7096","106.4398","68.8735","47.5291","179.9554","34.6595","28.2935","71.3169","61.4953","39.8578","23.0162","77.8813","35.5781","32.2132","131.9916","24.9308","97.2677","36.5307","34.3720","32.5405","150.9187","125.5997","141.7812","123.8950","23.1556","11.9672","37.8173","69.0584","158.0474","19.2859","49.4500","33.3035"
"C:\Users\cfg364\Sommerlab Dropbox\Casper van der Luijt\Casper\Data\BioLog\OmniLog\CL3\DATA_2024\08\_RIB40_Aspergillus oryzae__2_30_CL3_769_8#19#2024_A_ 7B_4.OKA","8/19/2024 7:16:29 PM"," 7-B","PM02A","","RIB40","Aspergillus oryzae","",82.7500,"36.1367","50.7429","128.0177","173.8546","178.2660","159.7193","86.7684","119.2298","35.8679","128.6556","34.8361","104.2248","61.3269","37.6632","56.7821","169.8863","151.0099","143.0657","55.5777","236.3950","140.6577","82.9578","27.9092","54.5476","184.2323","27.7392","26.3531","31.7758","76.2910","45.0567","27.4820","24.6046","20.6024","23.1447","28.3242","212.3627","169.6506","80.8289","25.7257","127.7202","112.7731","52.0126","160.0975","39.4330","15.8281","92.8124","40.3635","50.7468","23.3438","100.6143","20.5674","19.5859","68.7800","38.8637","102.1260","28.6278","30.5432","40.7308","29.2813","104.4568","105.5166","27.4918","31.9468","23.6536","101.3229","104.8254","72.2503","45.9120","181.6536","31.7584","29.7158","72.2545","61.0360","40.8771","20.3945","77.9430","35.2912","35.7647","127.9869","22.9633","96.5388","36.5627","38.3258","31.7679","151.8441","124.2159","140.8759","124.2963","19.9652","11.0000","36.0295","70.5495","157.0506","21.2849","45.4126","32.5323"
"C:\Users\cfg364\Sommerlab Dropbox\Casper van der Luijt\Casper\Data\BioLog\OmniLog\CL3\DATA_2024\08\_RIB40_Aspergillus oryzae__2_30_CL3_769_8#19#2024_A_ 7B_4.OKA","8/19/2024 7:16:29 PM"," 7-B","PM02A","","RIB40","Aspergillus oryzae","",83.0000,"41.2153","47.4573","127.5412","178.3465","178.7252","159.4631","84.7790","118.0552","27.9068","121.7983","31.2254","99.7912","57.3665","33.0146","51.4747","173.1896","149.4179","140.8992","50.2357","237.0735","138.1312","79.5125","30.0284","48.1359","181.8003","24.0769","23.2314","32.1440","74.7921","40.2547","18.2317","22.7796","18.4719","23.5633","25.4483","215.9506","170.8966","80.4702","20.3441","124.8061","111.1590","56.0530","157.3370","34.8689","11.0324","96.2084","40.0205","45.6052","27.1300","102.1699","22.8504","22.1263","64.3008","37.6680","102.8765","23.8056","32.3472","38.8163","25.4414","103.8030","105.7487","26.0238","28.9325","20.4050","105.6327","106.3206","65.3169","46.7480","180.2076","38.2125","30.6947","70.5050","63.6281","33.6084","20.5544","73.3267","29.7637","33.1098","128.7100","25.4084","93.5608","36.0865","32.2260","27.6972","147.7904","122.2565","140.0301","124.6117","20.2454","11.0000","32.3034","64.7762","156.5466","18.7121","43.7119","35.1692"
"C:\Users\cfg364\Sommerlab Dropbox\Casper van der Luijt\Casper\Data\BioLog\OmniLog\CL3\DATA_2024\08\_RIB40_Aspergillus oryzae__2_30_CL3_769_8#19#2024_A_ 7B_4.OKA","8/19/2024 7:16:29 PM"," 7-B","PM02A","","RIB40","Aspergillus oryzae","",83.2500,"33.1186","51.8361","125.5499","178.6281","179.2892","159.4307","84.2216","115.4984","31.0352","129.4569","32.7248","96.5161","60.8758","32.4214","50.8006","174.4689","148.3870","138.9238","53.0980","235.3789","137.8374","78.4312","28.7138","48.8291","183.1024","23.8808","22.2832","29.5090","76.6005","43.4490","20.3852","19.0784","18.0550","21.4748","21.2880","214.2766","169.5056","80.9958","26.1763","123.4264","115.2939","52.1109","157.9406","33.6850","12.7162","93.2129","40.8413","45.1477","25.2970","103.7092","22.2610","22.2520","67.8477","38.7935","102.4333","22.5664","30.3399","38.4236","24.7924","106.4861","112.9495","25.5423","25.2223","22.3670","101.2542","107.2038","64.4587","44.4762","179.6964","35.4689","28.9219","77.5696","62.8942","34.3471","19.8075","74.6291","32.4853","36.8746","126.6046","22.5584","90.8152","37.8441","36.2539","30.0336","152.7999","121.1440","141.6161","121.4876","19.2537","12.0940","38.2106","65.6656","152.4101","19.7725","49.0735","35.0146"
"C:\Users\cfg364\Sommerlab Dropbox\Casper van der Luijt\Casper\Data\BioLog\OmniLog\CL3\DATA_2024\08\_RIB40_Aspergillus oryzae__2_30_CL3_769_8#19#2024_A_ 7B_4.OKA","8/19/2024 7:16:29 PM"," 7-B","PM02A","","RIB40","Aspergillus oryzae","",83.5000,"37.4617","48.5601","122.8404","176.8445","179.0699","158.1017","90.3207","116.9927","30.4029","129.3566","30.2924","99.3942","61.8385","32.6191","52.9190","175.5883","149.0118","139.7840","50.4287","235.9329","134.9651","77.7104","31.2444","49.6214","181.8638","23.8808","26.7712","27.7416","76.6005","44.3346","19.5495","20.9451","19.8829","25.7482","25.5773","217.0338","171.8450","79.5834","24.0128","125.4157","112.1132","56.4910","158.6714","35.0608","15.0152","95.4270","36.9347","48.7422","25.0526","104.5750","24.0292","21.4034","69.1898","36.7301","104.7761","22.8841","36.5848","36.9837","24.9546","107.0859","110.8262","27.3721","22.9035","18.9413","102.8841","106.4468","65.0626","48.3886","182.3802","38.2763","27.2135","77.1339","63.0165","33.3515","21.3947","77.1097","32.4213","33.9393","127.2107","23.1284","92.2200","35.1597","35.0071","29.2548","150.1568","119.1096","142.5802","125.4778","17.8781","11.3540","33.1518","67.3490","155.7129","19.4190","53.2223","33.4075"
"C:\Users\cfg364\Sommerlab Dropbox\Casper van der Luijt\Casper\Data\BioLog\OmniLog\CL3\DATA_2024\08\_RIB40_Aspergillus oryzae__2_30_CL3_769_8#19#2024_A_ 7B_4.OKA","8/19/2024 7:16:29 PM"," 7-B","PM02A","","RIB40","Aspergillus oryzae","",83.7500,"52.9416","60.3341","120.8817","176.9697","183.3312","171.7162","89.0090","114.5686","41.5854","133.3698","45.0200","83.8127","64.7578","39.8365","55.2621","179.9381","151.4484","142.0143","55.0598","239.8763","141.8847","81.8388","33.9392","58.9301","185.8020","25.4827","24.3059","31.3727","72.2042","45.5048","18.5210","21.5244","17.5740","20.8643","24.9001","218.9703","169.6953","82.0468","26.7721","121.0842","117.3931","53.0495","158.6078","31.9572","17.0229","96.3712","40.1190","54.8855","24.8693","102.0096","24.3084","18.4175","73.0883","36.8864","103.4780","25.0131","30.7860","40.8125","23.5916","118.9545","106.8258","28.0783","29.7673","21.8064","104.8017","102.9771","68.3680","52.0802","176.2139","38.4358","23.4099","86.8128","39.1641","33.6727","21.6126","76.1485","32.2292","36.0769","132.7612","25.4084","87.2395","40.4007","37.6284","42.9303","156.7951","130.1717","145.9389","117.4356","20.0215","12.5767","48.1710","70.8748","162.1902","30.1517","70.8708","39.1252"
"C:\Users\cfg364\Sommerlab Dropbox\Casper van der Luijt\Casper\Data\BioLog\OmniLog\CL3\DATA_2024\08\_RIB40_Aspergillus oryzae__2_30_CL3_769_8#19#2024_A_ 7B_4.OKA","8/19/2024 7:16:29 PM"," 7-B","PM02A","","RIB40","Aspergillus oryzae","",84.0000,"31.3814","48.9818","123.7871","178.0336","181.7332","178.2317","94.1572","115.4984","32.7659","131.9986","32.4583","100.8167","61.7764","33.2453","53.6894","178.3709","150.7299","143.6074","54.9311","236.3566","142.4070","80.1678","29.6011","48.5650","183.3248","23.4885","27.7826","29.7018","81.5891","46.9280","21.6387","24.9682","18.1191","23.2420","26.2868","215.5567","170.6437","79.7804","24.2009","126.9878","116.1527","57.3045","160.8953","36.4686","12.6838","99.5620","36.1139","53.4477","26.3051","106.2747","25.1150","21.5291","69.4135","36.6676","104.6811","24.6636","35.3103","39.1435","25.1169","107.2753","112.4572","24.9323","24.3566","24.7649","107.1028","103.0718","66.8106","48.6411","178.5143","38.5953","28.1805","72.4968","63.5363","34.7967","25.2227","75.9314","32.3893","37.9593","125.7433","26.4534","92.9223","35.7989","35.1030","28.4137","148.6202","123.8777","145.5657","125.3231","19.7335","12.2549","35.4769","68.5243","156.8352","18.5193","51.4990","32.3566"
"C:\Users\cfg364\Sommerlab Dropbox\Casper van der Luijt\Casper\Data\BioLog\OmniLog\CL3\DATA_2024\08\_RIB40_Aspergillus oryzae__2_30_CL3_769_8#19#2024_A_ 7B_4.OKA","8/19/2024 7:16:29 PM"," 7-B","PM02A","","RIB40","Aspergillus oryzae","",84.2500,"36.9653","52.5821","127.7371","176.7819","182.0152","177.2268","92.3537","117.5239","27.4742","131.3632","29.9592","97.3431","60.5963","32.5862","52.1487","176.2280","153.1353","143.3525","53.2910","239.1918","136.8909","80.3316","28.9439","48.4330","183.9917","22.6712","23.0101","26.8740","73.4514","45.5364","18.1674","22.0072","22.0956","25.5233","25.0613","215.1300","172.0031","79.9118","24.2009","124.6777","115.0076","53.3936","158.9573","33.3331","13.0724","96.1758","39.3640","49.4284","22.2726","106.1143","24.6186","21.2463","66.2820","38.6372","102.9715","24.3776","33.5261","38.1291","23.5592","107.2437","111.5955","28.0783","25.5933","21.5884","106.0162","103.9865","63.7913","45.5805","179.1533","35.9475","26.7945","73.5860","64.7595","35.3747","21.7993","72.3034","35.2711","34.2584","127.3383","22.5900","90.1767","36.1184","34.6875","30.1270","147.7904","125.3717","143.2955","123.1579","16.9503","11.0000","39.5617","67.6349","155.1678","20.5758","53.1585","36.9618"
"C:\Users\cfg364\Sommerlab Dropbox\Casper van der Luijt\Casper\Data\BioLog\OmniLog\CL3\DATA_2024\08\_RIB40_Aspergillus oryzae__2_30_CL3_769_8#19#2024_A_ 7B_4.OKA","8/19/2024 7:16:29 PM"," 7-B","PM02A","","RIB40","Aspergillus oryzae","",84.5000,"51.2814","63.2419","126.9002","173.7150","179.6062","172.5045","89.4636","119.3839","31.9158","132.2037","43.8733","83.0065","64.9464","45.5620","56.9129","179.3564","150.9014","142.2425","53.0959","240.4320","144.3141","78.5381","32.0752","54.3796","184.8550","23.3260","26.1786","26.9582","70.5738","46.8061","20.1856","22.5578","20.0282","20.9099","28.9767","213.9650","168.7955","74.4745","24.5457","122.0101","114.2020","51.8249","161.5188","34.4713","17.0293","94.6183","39.7113","57.4420","25.0377","100.3854","20.9934","19.6085","74.4047","31.5843","102.0828","24.7097","28.6564","39.5854","22.6696","110.1603","109.3400","27.8952","26.7042","22.1056","99.2887","101.0160","66.5965","52.3107","178.9989","37.1651","25.0198","81.8856","39.4332","41.9207","23.5091","77.0101","30.0093","37.2542","133.3327","23.1121","89.4355","38.7174","39.0778","39.4773","153.0281","131.1510","144.7581","114.9769","23.1311","11.0000","50.5649","64.8405","158.8050","26.0546","74.7721","36.4664"
"C:\Users\cfg364\Sommerlab Dropbox\Casper van der Luijt\Casper\Data\BioLog\OmniLog\CL3\DATA_2024\08\_RIB40_Aspergillus oryzae__2_30_CL3_769_8#19#2024_A_ 7B_4.OKA","8/19/2024 7:16:29 PM"," 7-B","PM02A","","RIB40","Aspergillus oryzae","",84.7500,"46.6646","65.3160","128.3275","175.9837","183.8947","176.0015","88.9396","115.0830","33.3457","133.0075","43.7739","86.0797","64.0077","42.6928","56.0758","180.2198","154.9511","142.6250","49.7657","238.7144","142.0955","79.0645","30.0443","52.6138","182.4695","21.6168","24.1905","29.8774","71.4573","47.6270","19.2574","20.5940","19.4520","27.0875","27.7911","217.1543","167.0810","76.1146","25.3982","123.2581","114.7750","51.4163","165.1041","37.2102","18.0666","96.4346","37.6465","56.8215","25.7441","103.8357","21.4931","20.3337","74.8523","34.1967","104.2098","26.6500","28.3045","45.4850","21.7295","113.6972","108.3541","29.5880","23.4338","22.9455","101.7617","102.3794","67.2958","52.9085","179.9836","37.9958","25.7916","79.5342","38.7300","40.1392","22.5158","74.7531","29.9452","34.7084","136.2755","24.0609","92.3701","39.6477","38.7584","37.2867","154.9176","131.9176","145.3833","115.1315","21.7973","11.5815","50.6595","67.1621","162.1061","26.1519","75.0567","39.8246"
"C:\Users\cfg364\Sommerlab Dropbox\Casper van der Luijt\Casper\Data\BioLog\OmniLog\CL3\DATA_2024\08\_RIB40_Aspergillus oryzae__2_30_CL3_769_8#19#2024_A_ 7B_4.OKA","8/19/2024 7:16:29 PM"," 7-B","PM02A","","RIB40","Aspergillus oryzae","",85.0000,"30.6288","54.4476","130.1276","175.7216","176.5807","181.1805","97.2782","116.1382","28.8019","129.6895","35.2392","101.8727","59.1144","37.6690","48.3612","178.2570","150.3983","137.1764","52.2779","237.7316","142.7814","76.8113","27.1613","50.1417","181.0507","24.6026","24.2921","30.4227","77.7167","47.0846","22.9162","19.0109","21.8113","19.6622","26.2497","216.9890","169.8549","83.8021","25.7299","127.2014","118.5885","56.6760","159.4036","36.4802","13.2569","98.5592","39.5237","52.1164","25.4991","103.3787","22.4435","22.3501","69.1002","39.3375","104.8683","23.8798","35.4588","43.2162","22.7107","105.2045","111.8563","24.6059","26.6391","21.1963","102.9583","106.7270","68.4307","49.8385","181.0888","36.8491","29.8130","68.0489","66.9051","36.3269","20.9163","73.5264","36.4249","36.6155","125.9363","30.3681","94.4352","31.1292","35.5242","28.0490","151.6225","126.6206","144.2778","126.6223","19.9179","11.0000","42.4206","68.9229","154.3054","23.2427","56.2148","30.2333"
"C:\Users\cfg364\Sommerlab Dropbox\Casper van der Luijt\Casper\Data\BioLog\OmniLog\CL3\DATA_2024\08\_RIB40_Aspergillus oryzae__2_30_CL3_769_8#19#2024_A_ 7B_4.OKA","8/19/2024 7:16:29 PM"," 7-B","PM02A","","RIB40","Aspergillus oryzae","",85.2500,"48.2387","66.5665","129.9648","174.7711","180.0363","172.4136","96.1696","112.9190","36.3322","132.9018","42.5209","87.6329","65.9301","42.4524","53.0152","182.8180","150.9314","137.3687","50.1978","238.0561","144.9529","80.2578","34.7318","53.5496","180.9873","27.6290","23.9124","24.4987","71.7054","47.1475","21.0045","21.5951","19.9241","22.1927","26.1212","217.5139","171.6200","80.8326","25.4786","121.9604","113.8997","51.3356","160.7383","32.0475","20.0919","94.0124","40.5084","60.5155","25.5908","103.6682","21.1963","18.9952","71.0230","36.3629","103.6596","22.6713","33.7140","41.0337","22.8733","111.9061","108.7786","25.3136","25.1276","23.9090","104.8415","102.1731","68.2085","53.3152","177.3471","38.2799","22.3071","82.3972","37.0688","37.5086","21.3825","74.0833","34.9930","34.3825","127.4968","30.0856","87.6693","38.2147","36.5153","34.7995","153.4958","135.4178","146.8630","116.9098","19.3127","11.0000","54.5273","69.9663","159.9283","33.4022","71.2864","36.7066"
"C:\Users\cfg364\Sommerlab Dropbox\Casper van der Luijt\Casper\Data\BioLog\OmniLog\CL3\DATA_2024\08\_RIB40_Aspergillus oryzae__2_30_CL3_769_8#19#2024_A_ 7B_4.OKA","8/19/2024 7:16:29 PM"," 7-B","PM02A","","RIB40","Aspergillus oryzae","",85.5000,"32.9892","57.0906","127.5895","173.0285","177.1831","180.5359","99.4629","116.4369","28.0092","132.2995","34.1087","108.2233","60.7638","37.7673","52.9506","180.3621","151.0882","140.0928","51.4004","238.9649","143.1704","78.4197","32.9215","47.2300","182.5396","23.6914","24.5453","27.9301","77.3430","47.4304","23.1711","17.8481","23.2507","18.6565","26.8596","217.2842","173.7318","81.9421","22.4950","126.7512","120.6478","52.3094","159.6579","37.3413","15.7394","100.2805","37.6856","52.7350","26.6614","105.7268","21.1339","26.8963","72.9137","38.1476","104.9002","21.0494","33.0478","41.4572","22.3529","104.8869","112.5334","27.7581","26.3923","22.9112","106.0545","108.5296","68.3037","50.6529","182.9596","38.5978","29.4587","70.8058","69.8826","36.6143","23.8383","74.7020","37.6659","36.6155","127.9745","26.6326","97.4494","32.4175","36.6432","26.6675","147.5995","129.1655","143.7794","125.6325","17.8795","11.0000","48.2053","71.2626","153.8555","25.6784","56.4060","31.5715"
"C:\Users\cfg364\Sommerlab Dropbox\Casper van der Luijt\Casper\Data\BioLog\OmniLog\CL3\DATA_2024\08\_RIB40_Aspergillus oryzae__2_30_CL3_769_8#19#2024_A_ 7B_4.OKA","8/19/2024 7:16:29 PM"," 7-B","PM02A","","RIB40","Aspergillus oryzae","",85.7500,"34.4800","56.9294","128.8585","174.0740","177.2464","180.1169","98.4847","117.3993","27.5138","127.0125","31.6814","103.6076","63.2847","36.8171","48.9430","180.5216","149.1125","140.3813","47.4676","242.6323","141.9064","80.0937","24.9560","45.2779","189.6356","23.5938","23.0579","30.6816","78.5266","45.9845","23.5216","19.8185","18.8046","20.3111","23.6492","216.2346","174.5197","80.3105","23.2487","126.2368","119.7607","53.3147","161.1514","36.0975","15.9006","97.4225","40.4756","52.0513","22.6543","106.1128","21.1651","23.0712","68.5554","37.8658","106.9359","24.5476","35.3002","40.6754","22.3854","103.8070","113.4875","26.2142","27.5645","21.3522","103.1818","102.4893","67.2561","51.8118","180.8668","38.1845","29.7164","70.7118","67.9381","39.7123","22.7814","77.4556","35.1521","37.3492","126.9236","29.6461","93.0564","33.4481","32.8064","28.2060","151.2847","128.8828","146.2712","127.5812","19.4720","11.0000","52.7888","69.2075","153.9840","22.5376","60.2296","30.1088"
"C:\Users\cfg364\Sommerlab Dropbox\Casper van der Luijt\Casper\Data\BioLog\OmniLog\CL3\DATA_2024\08\_RIB40_Aspergillus oryzae__2_30_CL3_769_8#19#2024_A_ 7B_4.OKA","8/19/2024 7:16:29 PM"," 7-B","PM02A","","RIB40","Aspergillus oryzae","",86.0000,"35.0701","60.0880","128.9887","172.7116","175.5345","181.6962","94.7675","116.2046","29.5615","129.7899","33.6099","103.9350","62.1332","36.6206","48.8137","183.1689","148.3598","142.7208","47.8251","239.8412","139.8969","80.1265","27.6221","46.7337","184.3136","22.7152","22.8363","24.9519","78.7757","47.3046","21.0045","20.0123","17.0774","20.6355","25.2865","216.8578","172.1558","79.2010","26.1382","125.8188","119.7607","54.8225","162.0412","37.9472","15.5137","96.1234","37.3245","51.3026","26.2638","103.2179","20.1985","22.9458","67.3697","34.1710","105.1546","23.8479","34.4120","40.4148","22.5155","104.8233","110.8715","25.6352","24.1097","21.3522","103.4052","103.3116","69.0657","53.3778","180.8668","37.1988","26.5272","67.4536","64.0187","36.8060","22.0664","74.2070","33.9429","35.4671","124.2166","26.1931","92.4471","34.0922","33.7975","24.0615","151.9296","126.2436","143.4056","121.7041","18.3254","11.0000","53.4842","72.3692","154.0162","24.8451","58.6683","32.1006"
"C:\Users\cfg364\Sommerlab Dropbox\Casper van der Luijt\Casper\Data\BioLog\OmniLog\CL3\DATA_2024\08\_RIB40_Aspergillus oryzae__2_30_CL3_769_8#19#2024_A_ 7B_4.OKA","8/19/2024 7:16:29 PM"," 7-B","PM02A","","RIB40","Aspergillus oryzae","",86.2500,"33.5793","55.8658","130.1276","172.1413","177.9439","178.4731","96.1696","116.3373","27.6129","130.4256","32.7122","99.9740","62.0087","37.9638","49.9772","184.1576","149.5515","140.3492","51.2703","240.5227","143.0731","80.6189","27.0626","49.5130","183.9651","24.2121","23.0262","25.7936","79.6790","48.7820","24.4774","21.6274","20.6598","19.9866","28.6575","216.8578","173.4481","82.2358","22.4636","122.4106","118.2400","50.2047","162.0730","33.8333","15.9329","97.1627","40.9023","52.1815","25.3767","105.8554","23.5348","23.1025","70.4462","35.4861","106.3316","23.3073","38.0602","40.6103","24.7600","103.7117","109.1479","23.5766","28.3973","21.7887","106.1502","101.6355","68.4307","52.5322","181.4059","39.8378","28.3634","69.6153","62.3476","38.9458","21.1649","75.3517","34.5475","34.6377","125.7452","27.6999","97.8983","30.8071","33.7656","26.0709","150.9776","128.2544","146.2712","127.8286","17.4655","11.0000","55.9182","71.5472","155.1086","26.1591","61.3130","30.6690"
"C:\Users\cfg364\Sommerlab Dropbox\Casper van der Luijt\Casper\Data\BioLog\OmniLog\CL3\DATA_2024\08\_RIB40_Aspergillus oryzae__2_30_CL3_769_8#19#2024_A_ 7B_4.OKA","8/19/2024 7:16:29 PM"," 7-B","PM02A","","RIB40","Aspergillus oryzae","",86.5000,"34.1073","58.8633","131.4942","173.7889","176.2003","179.3433","100.2128","118.0963","22.8239","129.9237","32.8784","100.9888","64.4985","39.7003","51.5932","183.9981","152.4367","142.9131","51.3028","242.4051","143.6241","82.2600","27.5892","44.9471","185.9292","25.8717","24.1655","26.0849","80.8003","48.0276","26.5165","21.5628","18.3568","21.8683","24.7407","216.7922","173.7318","83.5411","24.7563","126.1725","119.1905","53.7859","164.8377","35.7786","15.5782","98.0071","38.5718","55.0789","23.7555","108.0427","23.7843","21.5349","69.1323","36.6760","109.2580","24.9292","36.2202","43.1185","23.2637","106.0938","110.9022","23.9948","25.0351","21.3210","105.2565","104.5133","69.4149","52.4382","183.8792","36.2768","29.8130","68.2995","61.8615","36.1353","20.6987","77.4556","34.2929","37.9553","127.8153","30.0228","92.9602","32.9328","34.1173","25.3174","147.9373","130.6422","143.8417","123.4982","19.6312","11.0000","55.5073","69.0178","154.1447","27.2808","57.8717","31.5404"
"C:\Users\cfg364\Sommerlab Dropbox\Casper van der Luijt\Casper\Data\BioLog\OmniLog\CL3\DATA_2024\08\_RIB40_Aspergillus oryzae__2_30_CL3_769_8#19#2024_A_ 7B_4.OKA","8/19/2024 7:16:29 PM"," 7-B","PM02A","","RIB40","Aspergillus oryzae","",86.7500,"32.0264","61.2484","133.5117","172.9017","176.7709","178.5698","98.7781","118.7268","30.3872","128.0833","38.2982","101.5453","67.1127","36.3585","50.8498","184.1895","149.7397","145.2206","51.2053","242.8270","142.4573","81.4066","25.0548","49.3145","183.4266","26.8806","23.4693","27.6064","78.1217","46.9903","21.3550","18.3003","22.0672","21.2844","25.4149","217.4810","171.9352","84.4874","24.0967","129.4843","120.0142","55.0110","163.5030","37.9472","15.0946","98.0071","38.2108","52.9954","24.2755","105.6303","21.2274","23.8864","71.4396","35.3609","107.0950","24.1342","32.2865","41.0663","22.1577","101.3931","109.2403","28.1119","27.6261","23.3789","103.6925","107.2330","72.1451","53.3778","180.0424","39.4881","26.3339","68.4875","63.3502","39.5526","23.0301","74.2070","33.0837","37.9872","125.7771","25.0631","93.8259","29.7765","31.3675","26.1651","148.7972","130.4537","144.0909","126.8697","16.9877","11.0000","55.3808","71.0097","157.5506","29.2038","61.6954","30.8557"
"C:\Users\cfg364\Sommerlab Dropbox\Casper van der Luijt\Casper\Data\BioLog\OmniLog\CL3\DATA_2024\08\_RIB40_Aspergillus oryzae__2_30_CL3_769_8#19#2024_A_ 7B_4.OKA","8/19/2024 7:16:29 PM"," 7-B","PM02A","","RIB40","Aspergillus oryzae","",87.0000,"41.7476","74.9144","131.3641","172.5849","185.4256","176.6681","104.2887","116.7356","38.9744","132.8349","43.2856","85.1778","71.0652","44.7785","52.9183","187.8893","155.8864","143.9387","50.9778","243.8981","146.7355","84.0982","37.8587","54.1783","185.8658","27.3036","23.0895","28.9012","76.8446","45.8902","23.2985","19.5924","20.0841","20.5382","25.7681","221.0235","171.2733","76.4599","26.4523","124.1469","120.6478","51.1785","165.4097","35.9062","18.3832","96.5456","37.6528","64.2918","24.7038","105.7589","21.5081","20.0299","70.1577","36.7073","104.0731","26.0105","34.3802","39.9913","21.7673","112.2237","109.2403","26.8575","25.8988","22.0070","104.1074","103.8492","69.2879","59.5795","177.8544","39.6470","28.8466","84.7782","37.5245","39.1694","22.7503","79.3119","34.5156","35.4352","130.6497","27.8255","89.7215","38.1825","37.4426","36.6834","155.0314","142.3928","146.4269","117.2191","21.5103","11.0000","71.6917","70.8200","161.2136","47.9844","77.7229","40.5969"
"C:\Users\cfg364\Sommerlab Dropbox\Casper van der Luijt\Casper\Data\BioLog\OmniLog\CL3\DATA_2024\08\_RIB40_Aspergillus oryzae__2_30_CL3_769_8#19#2024_A_ 7B_4.OKA","8/19/2024 7:16:29 PM"," 7-B","PM02A","","RIB40","Aspergillus oryzae","",87.2500,"33.6480","64.5793","136.4417","174.7065","180.7671","183.0637","101.2550","118.6636","26.1068","136.1699","32.9299","101.0975","68.3641","31.7325","53.1883","186.0940","152.2890","141.6708","51.6725","241.3953","143.2353","78.8065","29.5613","53.6449","186.7387","22.3892","24.5252","28.3884","81.4209","42.2842","23.4670","25.0335","22.1015","21.8138","27.1028","218.5612","171.0877","82.9326","22.0611","127.0813","121.2335","53.0095","163.1190","36.6666","16.0397","96.4685","42.6945","48.9973","24.3965","108.5552","22.6798","22.8894","70.6334","33.5481","106.3853","25.1232","34.1719","41.3431","25.9458","104.9420","111.1602","32.5822","25.3558","21.5907","101.6148","104.0313","73.9185","48.2316","180.1123","40.1270","30.5092","70.6167","63.2955","42.4438","20.9546","79.2810","30.8331","40.1113","126.3223","26.9561","96.4811","35.1196","31.3651","29.2370","146.5692","130.3515","147.9358","126.2542","18.5483","11.0000","60.5733","72.0269","153.0208","28.6612","62.8726","33.9018"
"C:\Users\cfg364\Sommerlab Dropbox\Casper van der Luijt\Casper\Data\BioLog\OmniLog\CL3\DATA_2024\08\_RIB40_Aspergillus oryzae__2_30_CL3_769_8#19#2024_A_ 7B_4.OKA","8/19/2024 7:16:29 PM"," 7-B","PM02A","","RIB40","Aspergillus oryzae","",87.5000,"26.9996","62.6322","132.9787","178.0172","182.0892","181.3869","100.7624","119.8870","24.3315","132.1743","32.7966","99.0506","68.4890","33.5512","54.2808","186.7651","150.6213","144.7424","50.9908","242.6068","141.9299","78.4419","28.3436","49.1005","184.4700","19.1819","22.9767","32.0339","78.5076","45.0587","22.3773","23.5950","16.7432","20.1030","27.8696","212.9782","171.1195","84.1734","20.6390","127.5628","120.8200","52.5378","161.9683","39.5717","18.0940","98.6809","42.7271","48.2016","25.5948","104.8266","20.5874","23.9589","74.3845","37.1808","104.4361","24.6779","34.6840","39.0166","27.1778","107.7125","110.5412","29.5943","25.7899","21.3727","103.7991","105.0488","72.7802","50.1393","181.6024","40.8592","29.0974","67.5120","65.4668","40.3433","22.2923","77.8944","33.4326","39.9519","125.8794","26.3557","97.2189","34.7021","35.6051","28.9564","145.0525","129.2452","144.2239","127.8067","20.2364","11.0000","66.0289","71.8366","152.9564","28.0801","64.3628","32.1663"
"C:\Users\cfg364\Sommerlab Dropbox\Casper van der Luijt\Casper\Data\BioLog\OmniLog\CL3\DATA_2024\08\_RIB40_Aspergillus oryzae__2_30_CL3_769_8#19#2024_A_ 7B_4.OKA","8/19/2024 7:16:29 PM"," 7-B","PM02A","","RIB40","Aspergillus oryzae","",87.7500,"27.0618","62.3726","137.4449","176.9767","183.5372","180.7420","100.8937","118.9612","24.4320","129.7233","32.9966","101.6587","69.3946","35.1714","55.0841","189.7691","148.6388","144.8384","52.9060","240.0527","139.2539","81.6897","30.4498","48.2443","184.6618","21.5383","23.3875","27.5819","77.6304","41.9653","22.4735","23.8507","18.1229","22.1689","24.8983","214.6630","167.6158","80.1572","22.2191","129.9384","119.4206","53.5755","160.6578","36.6347","17.6446","98.8435","46.0273","47.8369","22.9831","107.5588","19.0572","24.0218","69.7036","36.9616","103.1579","23.6282","30.5553","39.0166","24.8435","105.4515","112.4293","29.9758","23.8675","20.5317","105.0518","101.8693","70.6619","47.2460","179.4465","39.5222","30.6055","70.2403","60.1455","37.0970","23.8788","81.1914","33.4005","38.3895","128.7901","25.8502","95.6792","32.9678","33.1317","28.6135","147.7453","132.4060","147.9670","125.8195","19.7905","11.0000","67.7949","70.8851","151.8941","25.3034","62.6823","34.8315"
"C:\Users\cfg364\Sommerlab Dropbox\Casper van der Luijt\Casper\Data\BioLog\OmniLog\CL3\DATA_2024\08\_RIB40_Aspergillus oryzae__2_30_CL3_769_8#19#2024_A_ 7B_4.OKA","8/19/2024 7:16:29 PM"," 7-B","PM02A","","RIB40","Aspergillus oryzae","",88.0000,"41.0420","79.9943","133.9173","175.2425","182.7817","178.3558","101.0580","116.4481","24.2980","136.3713","46.3944","82.0809","82.0727","42.4460","58.2651","187.4362","151.5968","145.1583","50.6013","242.4431","145.0628","79.5024","34.8927","57.3660","182.3931","26.5129","22.1867","28.6465","74.0279","44.0382","17.9226","28.7416","18.7967","21.8461","28.8281","216.5461","168.1255","78.9817","20.9550","124.4810","122.3466","52.9151","164.7173","38.0074","20.1484","96.9240","40.2112","53.4072","26.7009","106.6587","22.6485","18.8948","75.3143","36.8677","102.7105","27.6997","30.1392","40.3273","20.3047","113.6038","108.0650","30.1347","22.5653","21.4661","105.3088","98.3083","72.0847","51.9516","174.9444","37.9942","25.2790","82.9414","34.1813","40.9480","22.2301","80.0513","31.6354","34.7865","131.9856","26.8613","92.9528","39.2627","36.7615","41.5820","149.2620","133.7019","150.8679","119.4234","22.0518","11.0000","80.7243","70.5679","161.1326","47.6140","76.8236","38.8292"
"C:\Users\cfg364\Sommerlab Dropbox\Casper van der Luijt\Casper\Data\BioLog\OmniLog\CL3\DATA_2024\08\_RIB40_Aspergillus oryzae__2_30_CL3_769_8#19#2024_A_ 7B_4.OKA","8/19/2024 7:16:29 PM"," 7-B","PM02A","","RIB40","Aspergillus oryzae","",88.2500,"38.6499","80.1891","133.4318","172.9093","182.9391","175.9052","98.9888","117.1095","29.3559","138.3523","46.4611","80.2321","77.9508","39.8999","54.9877","186.7971","149.8661","145.0623","49.1082","242.3776","142.7784","80.3309","32.0624","57.9588","181.4985","24.8765","22.5027","29.3240","75.2810","42.1567","18.7558","23.9146","15.4598","20.8454","28.3808","219.5192","167.4884","74.9655","21.8715","125.3478","122.5693","48.6073","163.5666","37.6563","20.2126","95.9805","40.2439","57.1870","23.9356","106.9802","18.8073","17.6052","75.1540","32.4207","104.9154","23.1828","29.1471","38.3612","22.9307","113.6356","107.8484","29.6261","24.0225","22.8367","101.3258","101.3924","72.4324","53.1916","178.1149","36.3389","23.0970","82.7846","36.5973","42.3165","23.4122","77.0933","31.2182","40.4940","133.5992","24.2704","90.3547","38.4919","35.4445","42.6420","150.0048","134.8398","149.4954","117.7468","19.5357","11.0000","84.5086","69.3626","160.2956","44.3852","63.1262","38.6123"
"C:\Users\cfg364\Sommerlab Dropbox\Casper van der Luijt\Casper\Data\BioLog\OmniLog\CL3\DATA_2024\08\_RIB40_Aspergillus oryzae__2_30_CL3_769_8#19#2024_A_ 7B_4.OKA","8/19/2024 7:16:29 PM"," 7-B","PM02A","","RIB40","Aspergillus oryzae","",88.5000,"31.3180","65.6503","135.6326","174.8326","181.4911","183.6764","100.0398","118.3329","23.8625","133.5845","33.8298","94.8907","78.8876","33.4520","48.4008","187.7877","150.8101","145.2863","50.8285","243.8839","143.5616","81.8554","29.1005","51.5044","186.0038","18.8546","25.0308","29.7756","81.2642","43.9425","16.5765","26.4720","18.9571","19.4251","28.9879","217.3719","170.1003","80.8102","19.1220","128.0764","123.4598","57.5060","163.0232","35.5812","17.8372","97.1517","38.4141","48.8647","20.1256","107.5909","21.4931","24.4307","71.9479","38.2769","106.3214","22.7057","32.6997","42.3261","26.3997","106.2158","114.5030","28.0051","24.8907","20.7809","101.0688","103.4908","72.7802","50.1075","181.8877","39.8087","31.1189","70.3971","63.7848","41.3935","23.5677","80.5443","31.0257","37.8794","128.8534","24.4284","99.3038","34.0277","35.9906","29.9228","148.8905","133.0381","148.2789","123.8634","18.1980","11.0000","73.9443","68.0938","151.4756","28.3707","49.4922","36.3500"
"C:\Users\cfg364\Sommerlab Dropbox\Casper van der Luijt\Casper\Data\BioLog\OmniLog\CL3\DATA_2024\08\_RIB40_Aspergillus oryzae__2_30_CL3_769_8#19#2024_A_ 7B_4.OKA","8/19/2024 7:16:29 PM"," 7-B","PM02A","","RIB40","Aspergillus oryzae","",88.7500,"28.1802","68.1491","139.1279","178.3010","183.2854","181.5482","100.7295","117.3409","27.7481","134.0210","33.8631","98.1262","78.4816","29.3517","55.2769","188.0114","151.9744","148.6459","49.9521","242.9670","141.8973","81.8554","28.4752","52.4594","182.1695","22.4219","23.4191","27.1948","80.8257","43.8787","23.0824","21.1974","19.7272","21.8461","27.0389","218.7925","171.5973","79.1450","18.5216","129.1679","118.5301","49.5506","164.0460","39.0290","16.8100","102.7802","37.7933","41.5371","24.7345","107.9445","21.8678","21.7886","71.6273","38.2769","105.8421","23.5646","30.7794","43.5713","21.4718","103.7956","109.8912","31.0247","22.6893","22.4006","103.4779","103.0775","73.0016","46.7055","185.0899","40.4772","31.1510","70.6480","61.9193","41.4890","23.5988","74.5359","32.6303","38.0069","127.4930","25.1551","97.9566","34.1561","32.0717","31.6998","149.3239","129.9406","148.6532","124.6086","21.7651","11.0000","77.4762","73.7398","152.1194","30.7599","49.7142","36.0401"
"C:\Users\cfg364\Sommerlab Dropbox\Casper van der Luijt\Casper\Data\BioLog\OmniLog\CL3\DATA_2024\08\_RIB40_Aspergillus oryzae__2_30_CL3_769_8#19#2024_A_ 7B_4.OKA","8/19/2024 7:16:29 PM"," 7-B","PM02A","","RIB40","Aspergillus oryzae","",89.0000,"28.6465","69.0711","134.0889","172.3631","182.6660","177.6590","102.1113","115.3586","27.4698","137.6385","35.7505","96.9773","79.9461","35.8647","47.9271","187.8699","154.0848","147.2637","54.6104","247.5071","142.8740","81.5301","28.1547","48.7160","183.6174","19.9766","22.8590","32.9933","80.4030","44.5008","23.3610","21.7852","18.4623","25.4166","23.0192","218.4949","172.6420","79.7905","21.7439","130.3044","124.6591","55.9619","164.7722","37.7598","15.8754","95.4169","42.2201","50.4387","26.9199","108.0739","21.0789","19.8081","70.6829","35.2839","111.7934","22.7994","33.5938","41.3852","24.6021","103.7584","115.1908","23.5218","26.7658","23.3883","107.0892","107.2258","73.1198","51.2393","178.5863","40.7541","27.7236","68.7439","65.0666","40.0331","20.0114","75.4239","32.2260","38.7215","126.8226","27.8317","98.9442","36.5566","34.2951","29.4457","147.0554","128.4019","155.6489","128.3126","17.0559","11.0000","73.2075","65.8777","152.6023","32.1401","48.0459","32.9066"
"C:\Users\cfg364\Sommerlab Dropbox\Casper van der Luijt\Casper\Data\BioLog\OmniLog\CL3\DATA_2024\08\_RIB40_Aspergillus oryzae__2_30_CL3_769_8#19#2024_A_ 7B_4.OKA","8/19/2024 7:16:29 PM"," 7-B","PM02A","","RIB40","Aspergillus oryzae","",89.2500,"27.5031","64.0073","133.2099","175.6265","179.4283","179.8040","98.3985","117.7477","31.0487","136.3313","31.9761","99.2225","80.3538","35.3721","49.4751","188.6382","152.1453","149.3654","53.0610","243.5869","138.3042","76.9979","28.4191","46.5325","183.6493","21.4781","22.5121","27.6401","80.6215","42.2463","20.6141","22.8476","14.8598","20.1391","24.4731","216.3404","170.9933","80.0854","21.1768","128.6024","121.9937","53.7295","164.2625","39.9925","16.6180","93.7135","37.2629","50.1763","24.5013","106.2708","22.5455","21.0394","69.3994","35.1893","112.8042","25.4320","32.3155","38.5396","25.0231","103.7902","116.1128","27.3845","27.3201","21.4896","105.5898","102.4193","76.5253","55.0491","179.5098","39.7347","28.0142","67.9297","65.0059","38.5974","19.2942","74.4038","31.2961","39.3588","127.0128","23.4656","97.2554","31.4711","31.2274","26.5431","149.6097","128.3381","153.7407","125.7241","18.5859","11.0000","72.9858","68.8346","153.9226","27.4207","52.2219","31.3818"
"C:\Users\cfg364\Sommerlab Dropbox\Casper van der Luijt\Casper\Data\BioLog\OmniLog\CL3\DATA_2024\08\_RIB40_Aspergillus oryzae__2_30_CL3_769_8#19#2024_A_ 7B_4.OKA","8/19/2024 7:16:29 PM"," 7-B","PM02A","","RIB40","Aspergillus oryzae","",89.5000,"26.7613","67.3183","137.6373","171.6027","180.2141","178.2765","103.2284","115.9559","34.5614","138.0408","31.3415","97.8358","80.3852","36.4231","51.1844","189.0864","155.1171","148.8559","54.3845","247.9283","143.5269","82.8864","28.3861","47.8558","182.0214","20.9558","24.5306","29.3815","83.8045","42.8496","21.1890","22.1071","17.8190","26.1246","23.9884","215.6112","169.0275","82.0518","23.0672","129.3410","125.5158","54.0754","164.9315","37.8555","14.0673","100.1013","40.5458","51.9480","26.3382","107.6231","22.9200","21.4498","73.0574","37.2708","112.3304","25.1149","31.3888","43.1187","25.5413","106.2028","116.7582","27.5455","27.1969","22.8280","107.4082","105.0755","73.8450","54.0101","181.8024","38.8746","28.0788","70.0278","64.3680","38.8526","21.3522","75.6712","33.1879","39.2632","124.8257","23.0859","100.5693","33.0161","36.8835","30.2884","147.9786","129.8367","155.7428","127.7271","22.6975","11.0000","74.5061","68.1033","152.3124","25.1904","50.1656","29.9193"
"C:\Users\cfg364\Sommerlab Dropbox\Casper van der Luijt\Casper\Data\BioLog\OmniLog\CL3\DATA_2024\08\_RIB40_Aspergillus oryzae__2_30_CL3_769_8#19#2024_A_ 7B_4.OKA","8/19/2024 7:16:29 PM"," 7-B","PM02A","","RIB40","Aspergillus oryzae","",89.7500,"38.0073","95.1981","137.7321","176.3179","179.1527","180.6732","98.0682","118.9009","38.7095","142.4085","46.1921","80.3622","93.9238","44.7520","57.0906","192.3696","152.3003","145.2827","55.1680","246.3551","146.1062","88.0910","39.2130","62.0105","186.5407","25.4001","28.2263","29.0851","76.7492","47.4647","25.6321","25.3348","19.7022","24.5700","29.3557","224.3216","172.5432","77.2308","21.8974","128.8717","125.1383","54.1694","170.7947","37.7724","18.5298","104.0716","41.1333","59.3828","26.6076","108.9289","22.6272","21.7968","78.8269","35.0041","106.7760","27.5027","32.4111","42.0784","24.2499","121.0472","110.4049","28.2133","25.6264","23.1846","108.8537","104.9082","74.1889","56.5516","179.7537","39.0171","23.0506","76.7873","31.1913","35.8508","22.6370","77.3724","29.1525","39.6146","129.3773","24.0462","91.9738","41.3959","41.0531","42.8072","148.9272","137.1114","158.3296","124.7703","22.9230","11.0000","89.0155","73.4972","161.7734","48.3208","66.5134","44.6960"
"C:\Users\cfg364\Sommerlab Dropbox\Casper van der Luijt\Casper\Data\BioLog\OmniLog\CL3\DATA_2024\08\_RIB40_Aspergillus oryzae__2_30_CL3_769_8#19#2024_A_ 7B_4.OKA","8/19/2024 7:16:29 PM"," 7-B","PM02A","","RIB40","Aspergillus oryzae","",90.0000,"24.2084","74.2132","138.5455","177.2921","181.1139","182.3074","98.6554","118.4386","32.8777","137.2350","31.6230","96.3030","87.5331","36.0598","51.9013","192.6862","152.2689","145.6014","56.7489","247.2341","143.5730","85.7321","29.2401","49.6274","182.9396","21.5055","26.8746","28.4069","80.4211","47.8123","20.9880","22.8127","18.8384","18.4635","27.8180","219.5234","167.4285","77.6551","22.0238","130.5102","125.8056","54.9515","166.5820","41.2576","15.1366","95.6284","39.9906","49.9887","25.5937","110.0512","22.5960","21.1063","74.9138","39.8862","109.6051","23.0852","33.6556","44.3333","25.2518","106.1768","116.2832","28.4049","24.9461","21.9102","103.4953","107.4633","73.4619","50.6832","180.2306","41.2775","26.3459","67.7360","61.9852","33.9886","23.0104","76.5988","31.1873","39.7098","128.4596","23.5383","99.5711","37.9157","32.1236","28.0574","147.0111","133.6791","156.1516","127.8928","24.1312","11.0000","75.3242","70.5513","155.3923","28.7902","48.0407","38.1106"
"C:\Users\cfg364\Sommerlab Dropbox\Casper van der Luijt\Casper\Data\BioLog\OmniLog\CL3\DATA_2024\08\_RIB40_Aspergillus oryzae__2_30_CL3_769_8#19#2024_A_ 7B_4.OKA","8/19/2024 7:16:29 PM"," 7-B","PM02A","","RIB40","Aspergillus oryzae","",90.2500,"38.7843","94.9718","135.2593","186.5619","178.8048","178.8466","95.9152","117.3821","40.2910","138.7036","45.0612","77.7274","95.9501","43.6368","53.7063","192.5912","152.8027","148.3106","50.0059","244.4993","148.2497","88.0583","35.6372","60.9266","183.8241","26.2510","27.1575","28.2131","71.7277","48.9182","26.3001","25.3987","20.1181","19.5943","24.1982","220.6079","171.1454","76.5127","22.2765","125.6591","121.8336","56.6095","167.4689","38.0576","14.0055","94.4548","40.2845","61.1237","23.5967","107.4218","22.4090","22.6129","79.1769","36.6627","111.6395","28.5124","32.1240","42.1765","23.3451","117.0351","114.9528","27.7024","22.7815","24.3658","105.5685","105.3183","76.6229","54.5214","176.2884","39.5902","25.8290","76.5350","29.8698","37.4240","22.2014","75.6705","30.5736","40.1222","131.9404","23.4748","93.6086","44.4291","37.1164","42.7448","148.9890","139.0636","157.7695","122.0188","22.6369","11.0000","85.2614","71.8817","160.3625","44.7435","57.8484","46.1423"
"C:\Users\cfg364\Sommerlab Dropbox\Casper van der Luijt\Casper\Data\BioLog\OmniLog\CL3\DATA_2024\08\_RIB40_Aspergillus oryzae__2_30_CL3_769_8#19#2024_A_ 7B_4.OKA","8/19/2024 7:16:29 PM"," 7-B","PM02A","","RIB40","Aspergillus oryzae","",90.5000,"25.0475","76.8323","137.9924","187.1904","180.9241","185.5759","101.1347","117.8443","34.4262","138.8037","33.8183","95.1173","88.2189","36.3222","52.7393","192.9394","151.6723","149.6174","53.6194","245.0853","147.0805","85.8632","32.8815","53.6675","184.6138","21.1783","28.7293","29.9894","80.2955","46.5799","22.3558","24.9836","18.8704","21.4360","27.5618","221.2981","170.8913","82.7473","23.3504","133.1445","126.5364","54.2007","167.5323","40.0853","15.1689","99.6381","42.6024","50.6785","26.2082","112.2317","22.5025","21.1063","75.9955","40.3244","110.6859","28.2916","34.7724","40.1176","28.7097","107.9600","117.8610","28.8840","25.1007","21.3196","106.2383","105.8230","77.4764","47.5745","181.2480","41.8188","28.8335","62.1224","59.2501","36.9103","23.1971","76.4132","26.7946","43.4849","125.5484","23.3478","100.9815","39.8633","33.3078","31.4876","147.5674","136.5760","157.5206","127.8000","20.5702","11.0000","79.1098","70.9948","154.3020","30.3695","44.1049","40.2955"
"C:\Users\cfg364\Sommerlab Dropbox\Casper van der Luijt\Casper\Data\BioLog\OmniLog\CL3\DATA_2024\08\_RIB40_Aspergillus oryzae__2_30_CL3_769_8#19#2024_A_ 7B_4.OKA","8/19/2024 7:16:29 PM"," 7-B","PM02A","","RIB40","Aspergillus oryzae","",90.7500,"35.6143","97.0412","136.4957","187.6303","182.7903","178.3660","99.6015","114.9388","38.4789","138.5701","45.0612","81.3503","94.4849","44.0304","54.0608","193.0660","152.5829","147.8963","55.2648","247.1690","146.3011","86.4857","32.8487","61.1894","179.8438","25.9238","24.8314","27.6318","79.5109","46.6431","25.4413","24.8878","22.0697","23.6977","29.7401","224.3216","170.5100","80.9520","25.3088","127.6509","126.0280","49.7274","169.1793","36.8536","19.2085","100.2249","42.1453","63.2258","23.8732","110.0512","20.8504","21.8596","78.0316","40.7625","110.2408","27.9129","30.5604","40.6732","22.6341","116.8122","111.9827","29.1075","26.7396","21.7859","104.4841","104.3719","77.7925","55.9172","176.2566","41.2775","18.7214","80.6034","30.7610","38.7725","24.0683","74.5566","30.0891","42.3111","132.9530","25.4428","94.1536","41.2043","40.0929","41.3727","147.3820","140.9530","158.2363","121.3695","24.0994","11.0000","89.4572","75.2077","155.6808","45.5169","56.7692","47.3116"
"C:\Users\cfg364\Sommerlab Dropbox\Casper van der Luijt\Casper\Data\BioLog\OmniLog\CL3\DATA_2024\08\_RIB40_Aspergillus oryzae__2_30_CL3_769_8#19#2024_A_ 7B_4.OKA","8/19/2024 7:16:29 PM"," 7-B","PM02A","","RIB40","Aspergillus oryzae","",91.0000,"23.1828","79.0634","138.2527","187.7874","183.4230","180.9295","99.1448","118.0754","32.3505","141.7744","37.4107","93.7670","89.3412","35.2070","51.1278","193.0343","150.6989","147.3226","52.0062","246.7783","145.8789","85.8632","29.0760","54.6201","186.0985","23.1419","26.4031","28.4069","82.7748","48.3810","20.2564","26.6119","21.0459","23.9884","27.8501","220.6737","172.7020","82.3883","21.7711","129.5143","126.7271","56.7659","169.4960","43.8239","16.7201","100.5509","42.0474","55.6712","24.3341","109.4740","23.0012","22.7070","72.7187","36.8192","109.7004","28.8595","36.0488","41.9150","26.8030","104.3300","116.6235","29.3311","26.9561","21.3818","108.0882","105.7914","76.5281","53.4746","180.0717","37.9028","28.3489","61.3970","58.5125","37.9378","22.2014","76.5060","29.4432","42.9773","125.0421","24.3636","99.4749","38.9055","34.8760","31.2381","145.8986","136.1667","159.2319","127.5527","22.7640","11.0000","89.0471","70.2346","154.7830","33.3345","42.0418","37.3106"
"C:\Users\cfg364\Sommerlab Dropbox\Casper van der Luijt\Casper\Data\BioLog\OmniLog\CL3\DATA_2024\08\_RIB40_Aspergillus oryzae__2_30_CL3_769_8#19#2024_A_ 7B_4.OKA","8/19/2024 7:16:29 PM"," 7-B","PM02A","","RIB40","Aspergillus oryzae","",91.2500,"24.2084","78.8370","139.2939","188.5102","179.2793","185.2234","101.7871","118.9999","38.7754","139.7717","36.3131","95.8419","90.0270","39.2743","52.6104","191.5150","150.2593","147.8007","57.6522","248.0480","141.9166","85.4700","29.7321","54.8171","183.4450","22.6837","27.5348","29.5695","81.3626","47.3067","22.9602","26.0691","18.6144","24.5377","27.2735","222.5469","170.4147","80.7561","22.3712","130.0604","126.0598","56.2653","167.5639","40.6873","16.3969","99.7033","38.2603","50.9084","26.0239","112.0393","25.6820","22.6129","76.3136","40.4183","110.1773","25.4201","36.8784","40.7059","29.9054","107.2913","116.8710","29.6824","24.7605","22.2210","105.9193","105.9807","75.4849","53.2843","178.3867","40.2906","27.4120","61.8701","57.1910","36.4287","22.1392","76.4132","29.2494","41.5498","127.6369","23.8557","101.3021","36.1916","33.9479","32.0177","145.0023","137.3947","156.8983","130.0878","21.2697","11.0000","88.9840","74.3208","153.1156","30.4017","43.1210","40.2339"
"C:\Users\cfg364\Sommerlab Dropbox\Casper van der Luijt\Casper\Data\BioLog\OmniLog\CL3\DATA_2024\08\_RIB40_Aspergillus oryzae__2_30_CL3_769_8#19#2024_A_ 7B_4.OKA","8/19/2024 7:16:29 PM"," 7-B","PM02A","","RIB40","Aspergillus oryzae","",91.5000,"34.3711","100.9213","138.7733","188.6673","182.6638","179.6798","97.6115","118.0094","39.5991","142.3752","46.9905","80.5598","101.3121","42.9152","57.0261","197.8772","153.1795","148.7887","54.3292","248.1783","147.7950","87.3375","35.6700","63.2915","183.2555","26.7420","29.6409","29.7956","80.0758","47.4015","24.6461","26.8673","21.6538","22.9868","28.9392","224.5845","172.8609","82.6820","25.3088","131.1206","127.2355","54.7951","169.8128","39.0714","17.7866","97.7147","41.1006","66.2477","27.1914","111.3339","20.9127","21.8910","77.0135","38.2275","112.3706","29.6799","35.1234","40.5425","23.4420","119.5825","112.3540","30.4169","28.4403","25.6712","106.4615","105.5706","75.0740","56.9639","178.8000","40.7045","25.0536","80.4772","30.8532","42.4648","23.3527","75.4230","31.4457","40.1222","130.6746","23.3796","98.5132","44.3653","38.9727","42.3082","151.8013","146.0226","158.1118","126.7489","27.0245","11.0000","89.6149","75.0493","161.8696","46.1938","56.1344","45.9884"
"C:\Users\cfg364\Sommerlab Dropbox\Casper van der Luijt\Casper\Data\BioLog\OmniLog\CL3\DATA_2024\08\_RIB40_Aspergillus oryzae__2_30_CL3_769_8#19#2024_A_ 7B_4.OKA","8/19/2024 7:16:29 PM"," 7-B","PM02A","","RIB40","Aspergillus oryzae","",91.7500,"20.3857","81.3268","138.8384","187.6932","179.3741","183.5892","100.5149","115.9293","33.2401","138.9706","34.4503","94.1622","97.9765","36.3550","52.7716","194.9335","152.5201","149.6812","55.3293","247.4620","147.0805","87.7307","29.7321","53.2734","183.4134","20.3928","27.7548","28.2131","82.6179","45.8848","21.2425","23.6108","20.5340","21.9853","28.7470","219.2934","168.5086","83.8245","19.3389","130.1568","126.6000","54.6074","171.8399","39.2932","14.9750","98.6275","41.9168","55.2113","24.5798","110.5963","22.4090","22.0165","74.2139","39.0099","114.2461","26.1774","30.0818","38.7124","31.2627","105.8266","116.4069","27.9259","27.8528","21.8791","108.2477","105.9807","76.9074","54.5849","181.6613","41.0547","25.5705","63.2893","58.8505","36.2040","20.7701","75.3302","26.3424","39.6463","126.8142","27.5378","100.4045","35.9042","33.9479","30.7392","142.4991","137.1114","159.8854","129.3767","21.9056","11.0000","91.2869","72.9587","155.0075","31.8520","46.1680","37.4336"
"C:\Users\cfg364\Sommerlab Dropbox\Casper van der Luijt\Casper\Data\BioLog\OmniLog\CL3\DATA_2024\08\_RIB40_Aspergillus oryzae__2_30_CL3_769_8#19#2024_A_ 7B_4.OKA","8/19/2024 7:16:29 PM"," 7-B","PM02A","","RIB40","Aspergillus oryzae","",92.0000,"33.6874","106.2241","139.0336","188.1017","182.5689","179.4555","99.8298","116.9528","43.3882","143.4099","48.3210","82.1078","104.4607","44.9160","56.0592","198.3520","155.0949","150.7330","55.2325","248.1131","149.1916","89.2705","37.6384","63.2915","183.0343","23.6983","26.3717","29.2143","76.4667","47.5911","24.9960","24.6963","20.0861","20.2728","29.8682","225.4061","171.8761","79.6137","24.0138","127.8437","127.4579","51.6043","172.6634","39.7685","16.6878","98.8557","42.4718","66.1820","27.6522","114.4442","21.9102","21.2633","82.8673","36.9131","108.7786","29.4275","32.6983","43.5490","25.4780","120.2830","113.4987","31.7263","24.8224","24.3036","107.4184","102.4477","75.2637","61.0560","174.0311","42.9013","23.6967","77.6388","30.0234","41.1806","25.0951","78.4864","30.4121","41.2642","131.4974","23.0939","92.6790","41.2682","41.5332","44.4287","149.2672","144.1333","161.3167","124.8630","25.4030","11.0000","89.3625","76.4748","158.4064","49.0943","56.6105","46.6039"
"C:\Users\cfg364\Sommerlab Dropbox\Casper van der Luijt\Casper\Data\BioLog\OmniLog\CL3\DATA_2024\08\_RIB40_Aspergillus oryzae__2_30_CL3_769_8#19#2024_A_ 7B_4.OKA","8/19/2024 7:16:29 PM"," 7-B","PM02A","","RIB40","Aspergillus oryzae","",92.2500,"21.8051","86.4845","139.1622","189.2420","180.7905","180.8967","97.4368","120.2508","36.3910","141.6249","32.6642","91.7878","101.0387","34.5617","51.1770","189.4469","156.7356","149.4284","56.1825","249.0090","144.4208","86.1143","26.5609","51.0238","184.1728","22.9302","24.9272","25.5470","82.9347","48.6869","23.7423","23.8029","20.6264","22.7814","22.4200","221.7944","172.0229","82.4801","21.2642","132.2999","129.2381","52.4296","167.1302","37.9593","15.5581","100.6556","41.0558","53.4308","26.7193","112.1523","19.8026","22.5777","71.2502","34.9055","116.8852","25.1836","36.3290","39.2831","21.6421","110.9049","113.2909","29.2166","26.6576","22.2774","105.6899","106.5610","76.6136","51.8867","183.1114","33.3633","30.9541","65.7517","56.6429","37.2179","20.7257","72.9273","30.9951","41.8307","126.7964","23.0313","99.0206","36.0094","36.4917","30.0150","141.7190","130.5953","159.7251","130.1236","20.6090","11.0000","88.6062","71.4837","150.9868","35.3635","37.0224","31.5022"
"C:\Users\cfg364\Sommerlab Dropbox\Casper van der Luijt\Casper\Data\BioLog\OmniLog\CL3\DATA_2024\08\_RIB40_Aspergillus oryzae__2_30_CL3_769_8#19#2024_A_ 7B_4.OKA","8/19/2024 7:16:29 PM"," 7-B","PM02A","","RIB40","Aspergillus oryzae","",92.5000,"33.8832","105.5736","140.5581","184.6177","180.1239","176.3119","99.3722","119.1626","40.5120","142.5628","43.6639","78.0654","102.5590","43.9864","55.9132","194.8582","155.5212","150.4795","53.6293","251.0756","151.3213","91.3832","30.5585","63.1401","182.5230","27.2536","25.4313","31.3659","78.2146","48.4981","23.4230","23.3537","19.9868","22.7170","26.0110","223.3841","171.2287","79.4474","20.2535","127.9908","124.3567","53.6574","169.5161","38.2146","16.6572","99.7101","40.8269","62.5890","23.7891","110.4531","19.8653","18.2873","75.3676","35.7885","111.6512","26.5163","33.0239","41.4437","18.1492","122.5970","116.4520","30.2357","26.2269","25.2288","105.9461","102.7689","76.8353","58.0356","176.4222","35.1653","23.7655","83.4065","30.8501","38.5000","23.8117","72.3364","32.4394","41.9575","125.4610","23.6344","95.0765","41.6919","39.7779","41.5486","147.8091","140.1642","157.1366","125.5800","22.4606","11.0000","87.2147","74.4905","160.1994","51.5631","55.8322","45.0872"
"C:\Users\cfg364\Sommerlab Dropbox\Casper van der Luijt\Casper\Data\BioLog\OmniLog\CL3\DATA_2024\08\_RIB40_Aspergillus oryzae__2_30_CL3_769_8#19#2024_A_ 7B_4.OKA","8/19/2024 7:16:29 PM"," 7-B","PM02A","","RIB40","Aspergillus oryzae","",92.7500,"20.3458","86.2907","141.2074","188.3927","180.0287","182.8017","97.8304","119.8222","36.6569","140.4527","32.3959","95.3089","100.7595","34.2321","54.8178","190.5355","156.3308","150.4476","55.6331","250.0423","147.1549","87.5962","26.4287","50.4941","184.6488","28.4564","25.1793","27.5836","82.5571","50.6688","20.1975","25.5357","23.3448","23.3286","21.8701","219.7411","171.6417","81.1105","20.9168","133.6506","127.1005","55.6722","169.7070","40.1288","13.6508","103.5246","44.0319","54.8144","25.1931","112.4088","21.4316","20.1486","71.6683","36.9869","115.2040","24.1999","34.1997","36.9589","21.7727","111.6654","117.6183","29.5987","26.9959","24.3900","104.6973","106.2450","77.6586","54.7393","183.2382","34.2000","31.8567","69.4834","60.8090","36.8974","22.9077","74.5758","34.7181","40.9425","122.8220","24.7773","99.9826","34.7895","34.7051","30.8566","145.4166","133.1555","159.1325","131.3291","20.6090","11.0000","82.0600","74.6487","153.2338","35.1394","38.9923","34.6492"
"C:\Users\cfg364\Sommerlab Dropbox\Casper van der Luijt\Casper\Data\BioLog\OmniLog\CL3\DATA_2024\08\_RIB40_Aspergillus oryzae__2_30_CL3_769_8#19#2024_A_ 7B_4.OKA","8/19/2024 7:16:29 PM"," 7-B","PM02A","","RIB40","Aspergillus oryzae","",93.0000,"19.4764","73.5323","139.7790","191.2239","179.6795","181.4779","100.0611","119.6243","36.2581","142.4623","28.8746","93.9268","100.1079","33.7049","53.8512","192.9690","156.3620","149.8425","52.8213","249.3319","148.8801","85.9826","26.9573","49.1037","183.2844","28.4239","23.9504","29.1676","80.0082","50.5115","23.5188","22.5836","21.4259","24.1656","23.2935","220.7678","170.9428","81.2083","21.0115","133.9400","126.3029","51.2333","165.4124","40.4479","16.2046","100.1991","42.7237","54.2544","25.4678","112.7615","18.7689","19.5177","69.7061","35.3785","117.0438","25.7547","30.8946","42.0002","22.3930","108.9404","119.6132","30.6178","27.0575","23.5201","105.6259","110.1319","78.5453","52.4255","179.2437","34.6826","29.9548","62.8040","57.9295","35.6795","21.7855","74.1715","30.4816","41.0694","124.1892","23.5710","103.7343","33.5053","35.8536","30.0461","143.8630","132.1634","162.0952","131.0818","20.5771","11.0000","93.7926","72.7814","156.2832","36.3239","39.1194","33.7144"
"C:\Users\cfg364\Sommerlab Dropbox\Casper van der Luijt\Casper\Data\BioLog\OmniLog\CL3\DATA_2024\08\_RIB40_Aspergillus oryzae__2_30_CL3_769_8#19#2024_A_ 7B_4.OKA","8/19/2024 7:16:29 PM"," 7-B","PM02A","","RIB40","Aspergillus oryzae","",93.2500,"34.5663","104.2816","137.2794","191.4127","179.9969","177.3773","98.7817","118.2063","41.7749","140.2517","40.4445","78.6249","106.0339","43.2614","55.8165","195.4025","155.8326","148.5684","54.8251","254.3369","150.1821","87.5632","32.4416","57.2475","182.4912","30.2768","24.6751","27.7129","78.6551","51.4552","21.4749","22.7120","18.1318","22.6848","20.2525","224.8744","173.0712","77.0669","21.9906","125.1930","126.0477","52.1778","170.2796","36.1408","15.5257","100.3948","39.5514","66.2128","25.5899","110.7737","18.5496","19.1391","79.0991","35.2839","113.0469","23.8192","35.3756","38.3666","20.8587","119.7136","116.9431","29.1847","27.3651","21.8114","108.0276","101.2837","76.6453","59.6203","180.6069","32.2050","23.8944","76.4449","29.6248","38.6603","22.1284","73.4250","32.1505","39.1346","129.4035","20.8409","99.0847","38.6420","39.9693","42.9202","144.8884","130.0512","158.1658","123.6327","25.1741","11.0000","98.6311","74.9652","159.8142","48.6177","50.2083","41.0678"
"C:\Users\cfg364\Sommerlab Dropbox\Casper van der Luijt\Casper\Data\BioLog\OmniLog\CL3\DATA_2024\08\_RIB40_Aspergillus oryzae__2_30_CL3_769_8#19#2024_A_ 7B_4.OKA","8/19/2024 7:16:29 PM"," 7-B","PM02A","","RIB40","Aspergillus oryzae","",93.5000,"14.7259","76.1163","143.3174","187.0400","183.1395","183.1568","100.2579","119.5913","33.9649","141.1895","30.4508","92.1827","114.4111","33.6390","52.1758","192.7129","153.0300","150.3521","53.9848","249.8809","142.8258","84.4348","26.3957","48.5740","184.2997","25.8558","24.4861","26.1613","84.0675","48.4038","23.8062","22.6799","19.2192","23.9081","24.5552","222.5562","169.7357","79.6431","19.7482","135.4514","128.7596","54.5704","171.9338","38.6931","13.5861","102.0575","39.5841","53.8920","28.5812","113.2424","21.5255","20.7480","69.1592","38.5954","113.5228","22.2009","36.2655","38.5957","19.8140","109.0989","117.7410","29.8854","28.8109","22.3395","108.3798","106.1502","77.7536","52.0452","181.5263","35.5514","27.6983","62.0201","60.1351","37.7628","22.1908","70.4390","31.2839","40.7205","123.4897","23.7297","101.7783","35.0142","34.1627","32.5087","144.3291","130.2112","158.2281","128.2073","21.9498","11.0000","100.0542","76.6110","153.1375","35.2994","40.1044","33.7768"
"C:\Users\cfg364\Sommerlab Dropbox\Casper van der Luijt\Casper\Data\BioLog\OmniLog\CL3\DATA_2024\08\_RIB40_Aspergillus oryzae__2_30_CL3_769_8#19#2024_A_ 7B_4.OKA","8/19/2024 7:16:29 PM"," 7-B","PM02A","","RIB40","Aspergillus oryzae","",93.7500,"30.9025","102.3114","143.4473","187.4804","183.2347","180.3155","98.1913","121.5040","40.6117","146.8499","42.5908","77.7693","120.6784","44.4807","60.1661","196.6193","156.9848","151.8491","51.3992","251.1725","148.6848","87.0363","32.9702","61.1207","182.0153","27.6437","23.3832","27.9392","77.0503","51.2665","21.6026","20.7867","17.7800","22.6205","22.4200","222.0263","171.0381","75.2734","25.0540","129.1806","126.3986","51.9574","172.8563","34.9922","15.2671","98.4712","40.7287","63.0832","27.7570","113.1141","16.2314","19.3284","79.3886","34.4955","114.1572","23.8509","33.8819","42.3930","20.9240","122.2801","112.3089","30.0127","26.1961","23.7997","107.0989","99.4508","77.9753","62.2827","178.9901","34.5217","23.8944","70.9258","29.3491","38.4679","22.5648","71.3721","29.8397","42.0844","127.3051","24.9677","102.0027","39.3162","40.8307","44.2294","145.7894","132.0034","155.6085","126.3527","22.9075","11.0000","96.0063","74.1423","157.5030","51.3390","52.5277","43.8721"
"C:\Users\cfg364\Sommerlab Dropbox\Casper van der Luijt\Casper\Data\BioLog\OmniLog\CL3\DATA_2024\08\_RIB40_Aspergillus oryzae__2_30_CL3_769_8#19#2024_A_ 7B_4.OKA","8/19/2024 7:16:29 PM"," 7-B","PM02A","","RIB40","Aspergillus oryzae","",94.0000,"18.9486","78.6034","140.4283","189.9656","180.6953","183.6734","107.2778","118.7999","36.6901","143.8690","32.5636","92.2485","115.7142","37.5604","53.0135","194.2498","151.0370","150.4476","53.7262","253.6588","142.3376","88.4853","27.3538","46.5215","182.6181","22.9952","23.6038","27.0664","78.2146","50.6688","22.2094","25.7924","20.0827","25.5819","23.8758","221.0327","169.5133","83.7519","20.0009","134.8726","125.6967","55.4519","168.3391","39.5226","13.2629","101.2424","40.7614","54.5838","26.5056","111.3187","19.1134","19.5177","70.6711","36.9239","118.4395","21.4711","34.1997","37.5154","22.2624","111.7288","118.1707","27.5287","27.0575","20.6930","107.5472","104.2858","76.4553","53.0911","181.4628","34.5539","25.8608","60.4522","56.6123","36.3526","21.1933","74.8246","31.7654","41.6403","122.5359","25.3169","105.2414","34.7895","34.8965","27.7394","145.1991","130.2112","165.1514","128.4855","19.4917","11.0000","90.3139","72.2749","151.1473","37.9567","37.7849","32.0319"
"C:\Users\cfg364\Sommerlab Dropbox\Casper van der Luijt\Casper\Data\BioLog\OmniLog\CL3\DATA_2024\08\_RIB40_Aspergillus oryzae__2_30_CL3_769_8#19#2024_A_ 7B_4.OKA","8/19/2024 7:16:29 PM"," 7-B","PM02A","","RIB40","Aspergillus oryzae","",94.2500,"21.0815","77.2065","140.5970","189.4798","182.2325","180.6248","107.2128","115.3854","36.6830","149.2923","33.1100","95.2488","111.2414","34.5764","54.2231","196.5179","152.8752","152.1780","54.5848","248.9450","146.1785","89.5059","25.6597","45.8225","180.1242","23.4444","27.1857","29.5893","83.2380","49.1966","23.3864","21.6258","18.3852","24.3704","25.9394","219.6826","167.7209","79.9030","20.0405","132.4332","130.3122","55.9534","166.5345","39.4122","12.5202","101.1555","42.6750","56.6552","25.2720","111.4569","20.7805","21.5496","77.2234","41.4042","114.3835","26.8283","30.4786","43.9198","21.4713","107.6459","113.9127","23.0128","29.4957","22.1415","107.3648","107.7346","77.4013","54.5703","183.3934","38.6616","28.4764","62.3271","53.7145","41.1605","23.2614","72.2288","31.5329","44.1432","122.1207","22.8912","102.6214","37.3588","31.9801","25.4812","147.2740","131.3221","161.8581","129.6306","25.6355","11.4174","93.2896","74.0451","151.7346","32.3830","38.1073","34.8022"
"C:\Users\cfg364\Sommerlab Dropbox\Casper van der Luijt\Casper\Data\BioLog\OmniLog\CL3\DATA_2024\08\_RIB40_Aspergillus oryzae__2_30_CL3_769_8#19#2024_A_ 7B_4.OKA","8/19/2024 7:16:29 PM"," 7-B","PM02A","","RIB40","Aspergillus oryzae","",94.5000,"21.3289","78.1104","141.9646","189.4483","182.6098","180.4954","109.0139","114.3199","37.5479","148.5930","34.3124","93.6343","115.1280","35.3008","56.8582","194.7596","154.5954","151.9868","57.5873","250.6479","146.4710","91.3735","25.2957","50.4435","182.1550","26.5718","28.0013","30.6885","81.7285","46.5405","20.8006","23.0062","20.7934","24.1460","23.4280","224.1115","170.7043","79.2139","20.0087","134.8406","132.4786","55.0424","168.0340","39.1565","14.3314","103.1083","42.6750","59.4758","24.9651","114.7306","20.3431","24.5324","77.3188","40.3698","115.2753","25.1887","32.1794","45.8696","25.5363","110.4173","112.7330","22.4638","26.6951","19.6136","108.1301","107.9559","80.1206","56.8818","181.8063","38.4049","25.4989","61.8258","52.6727","39.7197","22.7622","75.6132","32.4633","45.9493","119.8995","22.0010","104.9953","36.1006","31.7552","29.9007","144.3607","132.4377","161.3875","128.4839","22.7844","14.7889","94.9284","77.5300","153.1487","36.2443","39.1255","35.1741"
"C:\Users\cfg364\Sommerlab Dropbox\Casper van der Luijt\Casper\Data\BioLog\OmniLog\CL3\DATA_2024\08\_RIB40_Aspergillus oryzae__2_30_CL3_769_8#19#2024_A_ 7B_4.OKA","8/19/2024 7:16:29 PM"," 7-B","PM02A","","RIB40","Aspergillus oryzae","",94.7500,"19.8754","79.2724","140.9877","189.1333","178.1451","180.1719","106.6561","117.1168","35.4188","148.6263","31.9745","95.0181","113.8532","34.2471","54.1588","193.9284","152.7814","153.5165","56.9416","248.6503","143.0265","87.5400","27.9431","48.9912","184.1540","23.0861","27.3739","28.7811","82.7663","46.0662","22.8437","23.0062","17.4219","23.7612","24.4261","222.5911","167.3718","78.7874","19.5949","136.7666","128.8148","52.2780","168.7359","39.7637","13.1024","106.6885","40.7810","52.8506","24.9344","114.2170","22.6554","18.7238","74.8072","41.0907","115.1479","24.8419","31.0563","44.6022","23.0973","107.5504","114.0679","22.9482","26.5721","21.1116","102.4222","106.1540","77.2748","52.9237","182.1872","38.0519","28.2498","58.3162","56.6561","40.4561","21.2646","69.4344","31.7575","45.3156","120.9466","22.8276","102.1723","32.5194","32.8797","27.3305","144.8256","131.2265","161.1052","131.9859","22.0242","11.0000","95.0860","75.0589","150.6098","36.8933","38.0437","35.6700"
"C:\Users\cfg364\Sommerlab Dropbox\Casper van der Luijt\Casper\Data\BioLog\OmniLog\CL3\DATA_2024\08\_RIB40_Aspergillus oryzae__2_30_CL3_769_8#19#2024_A_ 7B_4.OKA","8/19/2024 7:16:29 PM"," 7-B","PM02A","","RIB40","Aspergillus oryzae","",95.0000,"19.1023","82.5650","141.8344","189.9523","184.5592","184.3446","111.0116","115.0857","39.1115","148.9926","37.4519","87.9343","112.2675","37.7045","56.6011","193.5128","152.1558","155.0143","57.3290","251.2373","146.6985","91.7012","27.1489","52.6880","180.9492","23.8354","28.5972","27.6496","85.0935","47.0464","21.7583","22.2678","19.0595","24.6911","27.2917","225.4004","168.6413","81.3138","19.3084","132.8826","131.1724","54.4456","168.1297","37.4626","14.0727","103.8894","45.1241","59.6070","25.4255","114.5380","21.2492","21.7066","74.4257","35.6995","115.7212","25.9455","31.6018","43.9523","24.8534","113.4116","115.5270","25.6284","27.6184","20.9556","108.8316","104.0043","83.8201","57.5784","180.7270","37.0892","29.1560","65.0533","57.7592","38.5030","20.8591","75.8926","29.1588","47.1850","120.5658","24.3538","102.0760","36.0683","34.1006","30.6843","144.0198","129.4734","161.7012","132.1408","26.2691","11.2569","76.7749","77.6884","151.4133","40.8843","42.2435","42.5813"
"C:\Users\cfg364\Sommerlab Dropbox\Casper van der Luijt\Casper\Data\BioLog\OmniLog\CL3\DATA_2024\08\_RIB40_Aspergillus oryzae__2_30_CL3_769_8#19#2024_A_ 7B_4.OKA","8/19/2024 7:16:29 PM"," 7-B","PM02A","","RIB40","Aspergillus oryzae","",95.2500,"20.2156","80.9510","142.3553","187.7158","182.3583","181.3687","111.0443","117.6163","36.9159","150.1914","32.1415","98.3459","110.8372","35.4654","52.4556","196.5818","152.2809","152.9110","55.1659","251.3028","145.4636","91.4063","25.9576","49.9814","181.3935","21.7504","26.9661","27.4879","83.7098","47.3626","22.8437","21.3048","18.7384","27.8333","25.9394","224.3097","169.8791","80.7232","17.6212","137.0555","128.9741","56.4246","172.2135","39.5080","14.9783","102.5875","41.7933","51.9322","23.8602","113.8961","19.2494","23.9987","74.1078","40.2444","116.9315","25.9455","32.9496","42.5874","28.3655","110.4810","113.3539","25.1441","30.2650","21.8918","108.6722","109.7262","80.5317","55.4885","181.9015","34.6824","27.9586","58.0029","54.5725","38.4390","18.4567","75.5200","31.8538","43.1293","124.3735","22.7958","104.3216","36.5200","32.0122","28.3649","146.2512","130.1428","159.2543","127.0274","24.4634","11.1605","72.5517","76.9281","151.3490","37.6071","35.7211","37.9635"
"C:\Users\cfg364\Sommerlab Dropbox\Casper van der Luijt\Casper\Data\BioLog\OmniLog\CL3\DATA_2024\08\_RIB40_Aspergillus oryzae__2_30_CL3_769_8#19#2024_A_ 7B_4.OKA","8/19/2024 7:16:29 PM"," 7-B","PM02A","","RIB40","Aspergillus oryzae","",95.5000,"33.0803","109.0993","142.4856","186.3613","184.0562","180.0749","102.5954","113.9203","44.4344","145.7293","46.3360","77.4238","118.6103","44.2901","57.8223","198.1164","154.8770","151.5406","55.1336","248.2900","149.5905","93.8965","29.3329","57.8041","181.0127","26.3112","28.5345","23.9317","77.7030","47.0780","20.3856","24.9323","16.2338","25.2682","23.3636","223.2191","167.4035","73.4392","20.3270","132.0159","130.2485","54.4141","172.3411","38.5173","17.0807","103.4338","40.2912","70.9880","25.7017","113.5110","22.0617","20.1053","79.9894","35.9502","116.7086","27.9950","30.9279","42.9449","21.6014","119.0498","110.6220","24.1107","26.8182","21.7046","107.5880","100.2108","75.7571","60.4598","175.6482","34.9712","24.4957","74.2659","25.4016","41.8008","21.3894","74.5885","31.5650","42.3688","126.2456","22.7958","99.7983","37.9073","35.9641","40.9967","146.2202","132.0552","157.3408","131.0562","27.5679","11.0000","70.7868","76.8964","155.9127","54.4150","49.6884","42.6123"
"C:\Users\cfg364\Sommerlab Dropbox\Casper van der Luijt\Casper\Data\BioLog\OmniLog\CL3\DATA_2024\08\_RIB40_Aspergillus oryzae__2_30_CL3_769_8#19#2024_A_ 7B_4.OKA","8/19/2024 7:16:29 PM"," 7-B","PM02A","","RIB40","Aspergillus oryzae","",95.7500,"18.1746","81.8871","140.4016","187.4008","184.0876","183.6007","111.8303","117.5497","40.0098","153.5880","36.2495","94.3921","113.5423","35.9264","53.7089","196.5179","154.9082","151.5406","54.8108","251.0736","146.5360","91.9961","25.2295","47.8360","178.9185","22.3694","26.0878","27.4556","83.3324","49.7973","24.7591","21.7863","19.9906","26.6149","23.0417","224.1775","170.3869","80.5264","18.2897","132.3369","130.2166","56.4246","168.5764","41.2978","15.3341","104.9960","44.0791","60.6894","23.1543","113.2542","19.0932","21.6124","76.1425","40.6519","113.7147","28.2157","30.7354","45.5447","23.0973","111.0543","112.4226","24.6274","27.5261","21.3301","108.0344","106.7862","82.3024","57.1351","181.0444","39.0788","28.2498","59.6010","50.6810","36.6140","20.9214","74.0297","29.9288","44.4284","122.0889","23.3046","103.2951","34.2293","32.6227","25.7006","143.9268","130.6846","160.6660","134.7750","24.7485","11.0000","70.1565","76.2628","151.9596","39.7811","38.2982","36.6308"
"C:\Users\cfg364\Sommerlab Dropbox\Casper van der Luijt\Casper\Data\BioLog\OmniLog\CL3\DATA_2024\08\_RIB40_Aspergillus oryzae__2_30_CL3_769_8#19#2024_A_ 7B_4.OKA","8/19/2024 7:16:29 PM"," 7-B","PM02A","","RIB40","Aspergillus oryzae","",96.0000,"17.6488","86.9874","144.9277","186.1408","187.0431","182.0804","110.0291","110.8903","43.2701","154.4204","34.0118","99.6968","117.0246","33.7202","54.3516","196.8696","152.4373","155.1418","53.4225","252.2852","147.2834","92.0616","24.7001","48.3971","180.2829","21.3921","27.4366","26.9706","83.8985","48.5009","20.3536","22.0110","18.6099","26.5187","24.3617","224.1775","169.5300","76.5234","15.3611","134.5838","131.3317","56.7702","171.1606","39.4441","14.3314","104.0522","41.3688","63.0837","24.8423","116.3674","17.2495","23.3079","76.0789","39.2100","115.7531","28.6886","32.6287","45.5447","25.8615","112.7426","114.1300","22.0440","25.2180","19.8009","108.8316","104.4785","82.6818","55.8685","182.2189","38.0198","25.0782","59.0056","51.4776","38.9513","21.8574","74.4954","28.9022","39.8973","120.7562","24.4174","106.0861","34.3584","34.0364","25.6379","144.4227","133.9676","159.6935","133.8763","27.1561","11.4495","62.4664","75.1223","149.0993","38.4832","39.4436","36.1969"
