"Plate File","Setup Time","Position","Plate Type","Field 1","Field 2","Field 3","Field 4","Hour","A01","A02","A03","A04","A05","A06","A07","A08","A09","A10","A11","A12","B01","B02","B03","B04","B05","B06","B07","B08","B09","B10","B11","B12","C01","C02","C03","C04","C05","C06","C07","C08","C09","C10","C11","C12","D01","D02","D03","D04","D05","D06","D07","D08","D09","D10","D11","D12","E01","E02","E03","E04","E05","E06","E07","E08","E09","E10","E11","E12","F01","F02","F03","F04","F05","F06","F07","F08","F09","F10","F11","F12","G01","G02","G03","G04","G05","G06","G07","G08","G09","G10","G11","G12","H01","H02","H03","H04","H05","H06","H07","H08","H09","H10","H11","H12"
"C:\Users\cfg364\Sommerlab Dropbox\Casper van der Luijt\Casper\Data\BioLog\OmniLog\CL3\DATA_2024\08\_RIB40_Aspergillus oryzae__1_30_CL3_769_8#19#2024_A_ 9A_7.OKA","8/19/2024 7:16:29 PM"," 9-A","PM01","","RIB40","Aspergillus oryzae","",0.0000,"12.8855","30.6530","11.0000","11.0000","11.0000","11.0000","11.0000","11.0000","11.0000","11.0000","11.0000","17.0168","11.8244","11.0000","11.0000","11.0000","11.0000","11.0000","11.0000","46.5223","11.0000","11.0000","11.0000","12.7916","15.3302","11.0000","11.0000","53.6247","11.0000","11.0000","11.0000","11.0000","11.0000","11.0000","11.0000","11.0000","11.7556","11.0000","11.0000","11.0000","11.0000","11.0000","11.0000","11.0000","11.0000","11.0000","11.0000","13.4259","13.7930","11.0000","11.0000","11.0000","11.0000","11.0000","11.0000","11.0000","11.0000","11.0000","13.9034","14.0642","13.0778","11.0000","11.0000","11.0000","11.0000","11.0000","11.0000","11.0000","11.0000","11.0000","11.0000","19.2693","16.0419","11.0000","11.1887","11.0000","11.0000","11.0000","11.0000","11.0000","11.0000","11.0000","11.0000","18.9004","22.0343","17.3144","11.0000","17.0926","19.1210","84.9034","13.7625","11.3243","15.1183","14.3624","19.5000","24.7666"
"C:\Users\cfg364\Sommerlab Dropbox\Casper van der Luijt\Casper\Data\BioLog\OmniLog\CL3\DATA_2024\08\_RIB40_Aspergillus oryzae__1_30_CL3_769_8#19#2024_A_ 9A_7.OKA","8/19/2024 7:16:29 PM"," 9-A","PM01","","RIB40","Aspergillus oryzae","",0.2500,"17.2127","29.7754","11.0000","11.0000","11.0000","11.0000","11.0000","11.0000","11.0000","11.0000","11.0000","20.1332","11.0000","11.0000","11.0000","11.0000","11.0000","11.0000","11.0000","47.5046","11.0000","11.0000","11.0000","11.8031","13.4831","11.0000","11.0000","56.7889","11.0000","11.0000","11.0000","11.0000","11.0000","11.0000","11.0000","15.7989","13.6899","11.0000","11.0000","11.0000","11.0000","11.0000","11.0000","11.0000","11.0000","11.0000","11.0000","14.6078","15.1435","11.0000","11.9812","11.0000","11.0000","11.0000","11.0000","11.0000","11.0000","11.0000","17.1224","14.6068","13.2917","11.0000","11.0000","11.0000","11.0000","11.0000","13.2759","11.0000","11.0000","11.0000","12.5416","26.1129","14.2003","11.0000","11.0000","11.0000","11.0000","11.0000","11.0000","11.0000","11.0000","11.0000","11.7414","20.5840","22.8483","19.5650","11.6686","20.1235","20.0234","86.9748","16.5570","11.3243","15.1508","15.2112","21.9942","21.7822"
"C:\Users\cfg364\Sommerlab Dropbox\Casper van der Luijt\Casper\Data\BioLog\OmniLog\CL3\DATA_2024\08\_RIB40_Aspergillus oryzae__1_30_CL3_769_8#19#2024_A_ 9A_7.OKA","8/19/2024 7:16:29 PM"," 9-A","PM01","","RIB40","Aspergillus oryzae","",0.5000,"18.5804","36.3834","11.0000","11.0000","11.0000","11.0000","11.0000","11.0000","11.0000","11.0000","11.0000","11.7436","11.2140","11.0000","11.0000","11.0000","11.0000","11.0000","11.0000","49.8689","11.0000","11.0000","11.0000","11.0000","17.1625","11.0000","11.0000","52.5768","11.0000","11.0000","11.0000","11.0000","11.0000","11.0000","11.0000","15.0464","13.3960","11.0000","11.0000","11.0000","11.0000","11.0000","11.0000","11.0000","11.0000","11.0000","11.0000","19.1445","15.7884","11.0000","11.0000","11.0000","11.0000","11.0000","11.0000","11.0000","11.0000","11.0000","11.0000","12.0530","13.0833","11.0000","11.0000","11.0000","11.0000","11.0000","15.6609","11.0000","11.0000","11.0000","11.1885","25.6190","14.0756","11.0000","11.0000","11.0000","11.0000","11.0000","11.0000","11.0638","11.0000","11.0000","12.7347","20.0259","21.4771","17.0991","14.5475","21.1734","20.5380","87.0452","17.5692","11.0000","15.9562","14.5291","24.0779","24.4814"
"C:\Users\cfg364\Sommerlab Dropbox\Casper van der Luijt\Casper\Data\BioLog\OmniLog\CL3\DATA_2024\08\_RIB40_Aspergillus oryzae__1_30_CL3_769_8#19#2024_A_ 9A_7.OKA","8/19/2024 7:16:29 PM"," 9-A","PM01","","RIB40","Aspergillus oryzae","",0.7500,"11.0000","32.4580","11.0000","11.0000","11.0000","11.0000","11.0000","11.0000","11.0000","11.0000","11.0000","11.0000","18.1258","13.8367","11.0000","11.0000","11.0000","11.0000","11.0000","51.1455","11.0000","11.0000","11.0000","11.1541","18.9005","11.0000","11.0000","53.8069","11.0000","11.0000","11.0000","11.6942","11.0000","11.0000","11.0000","13.2886","17.0602","12.9744","11.0000","11.0000","11.0000","11.0000","11.0000","11.0000","11.0000","11.0000","11.0000","13.6490","11.0000","11.0000","11.0000","11.0000","11.0000","11.0000","11.0000","11.0000","11.0000","11.0000","11.0000","16.2214","12.3414","11.0000","11.0000","11.6932","11.0000","11.0000","18.0591","11.0000","11.1574","11.7223","11.0000","31.4023","11.3329","11.0000","11.0000","11.0000","11.0000","12.4528","11.0000","11.0000","11.0000","11.0000","12.9751","25.6775","25.9144","15.0974","11.0000","22.9483","18.3082","86.8001","19.3863","11.0000","12.8893","11.2943","19.9782","20.0487"
"C:\Users\cfg364\Sommerlab Dropbox\Casper van der Luijt\Casper\Data\BioLog\OmniLog\CL3\DATA_2024\08\_RIB40_Aspergillus oryzae__1_30_CL3_769_8#19#2024_A_ 9A_7.OKA","8/19/2024 7:16:29 PM"," 9-A","PM01","","RIB40","Aspergillus oryzae","",1.0000,"11.0000","35.1832","11.0000","11.0000","11.0000","11.0000","11.0000","11.0000","11.0000","11.0000","11.0000","13.3431","16.1762","12.4339","11.0000","11.0000","11.0000","11.0000","11.0000","54.3764","11.0000","11.0000","11.0000","11.0000","17.6948","11.0000","11.0000","55.1586","11.0000","11.0000","11.0000","15.2497","11.0000","11.0000","11.0000","11.0000","11.0000","13.9784","11.0000","11.0000","11.0000","11.0000","11.0000","11.0000","11.0000","11.0000","11.0000","15.6748","11.0000","11.0000","11.0000","12.9732","11.0000","11.0000","11.0000","11.0000","11.0000","11.0000","11.0000","15.9419","12.0998","11.0000","11.0000","12.5734","11.0000","11.0000","20.2329","11.0000","11.0000","11.0000","13.1346","32.0867","15.4867","11.0000","11.0000","11.0000","11.0000","15.9926","11.0000","11.0000","11.0000","11.0000","13.7198","30.9602","17.4289","21.4649","11.9562","18.6292","22.0345","88.8381","21.6742","11.0644","11.0000","12.5050","27.1760","20.1951"
"C:\Users\cfg364\Sommerlab Dropbox\Casper van der Luijt\Casper\Data\BioLog\OmniLog\CL3\DATA_2024\08\_RIB40_Aspergillus oryzae__1_30_CL3_769_8#19#2024_A_ 9A_7.OKA","8/19/2024 7:16:29 PM"," 9-A","PM01","","RIB40","Aspergillus oryzae","",1.2500,"11.0000","34.5432","11.0000","11.0000","11.0000","11.0000","11.0000","11.0000","11.0000","11.0000","11.0000","12.9503","15.2246","11.2182","11.0000","11.0000","11.0000","11.0000","11.0000","52.9472","11.0000","11.0000","11.0000","11.0000","16.0570","11.0000","11.0000","57.7053","11.0000","11.0000","11.0000","11.8240","11.0000","11.0000","11.0000","11.0000","11.0000","14.7469","11.0000","11.0000","11.0000","11.0000","11.0000","11.0000","11.0000","11.0000","11.0000","13.8710","11.6168","11.0000","11.0000","11.0000","11.0000","11.0000","11.0000","11.0000","11.0000","11.0000","11.0000","16.7196","11.0000","11.0000","11.0000","11.0000","11.0000","11.0000","19.9654","11.0000","11.0000","11.0000","11.0000","31.9042","13.2962","11.0000","11.0000","11.0000","11.0000","16.6587","11.0000","11.0000","11.0000","11.0000","13.7884","25.6887","22.6719","20.6106","16.0179","11.0000","16.3117","86.7153","20.1585","11.0000","20.5108","13.5807","35.5458","22.0964"
"C:\Users\cfg364\Sommerlab Dropbox\Casper van der Luijt\Casper\Data\BioLog\OmniLog\CL3\DATA_2024\08\_RIB40_Aspergillus oryzae__1_30_CL3_769_8#19#2024_A_ 9A_7.OKA","8/19/2024 7:16:29 PM"," 9-A","PM01","","RIB40","Aspergillus oryzae","",1.5000,"11.0000","34.4242","11.0000","11.0000","11.0000","11.0000","11.0000","11.0000","11.0000","11.0000","11.0000","11.6503","11.0000","12.1803","11.0000","11.0000","11.0000","11.0000","11.0000","51.7577","11.0000","12.4536","11.0000","11.0000","14.2908","11.0000","11.0000","59.5251","11.0000","11.0000","11.0000","11.0000","11.5399","11.0000","11.0000","11.0000","11.0000","13.7954","11.0000","11.0000","11.0000","11.0000","11.0000","11.0000","11.0000","11.0000","11.0000","15.0698","14.1948","11.0000","11.0000","11.8791","11.0000","11.0000","11.0000","11.0000","11.0000","11.0000","11.0000","15.9567","11.0000","11.0000","11.0000","11.0000","11.0000","11.0000","22.8012","11.0000","11.0000","11.0000","15.9379","40.5033","12.3557","11.0000","11.0000","11.0000","11.0000","16.1702","11.0000","11.0000","11.0000","11.0000","13.0900","25.7538","20.7098","19.7713","13.5309","11.0000","15.6324","93.4964","15.9779","11.0000","13.9025","18.1437","41.0342","22.2086"
"C:\Users\cfg364\Sommerlab Dropbox\Casper van der Luijt\Casper\Data\BioLog\OmniLog\CL3\DATA_2024\08\_RIB40_Aspergillus oryzae__1_30_CL3_769_8#19#2024_A_ 9A_7.OKA","8/19/2024 7:16:29 PM"," 9-A","PM01","","RIB40","Aspergillus oryzae","",1.7500,"11.0000","35.4934","11.0000","11.0000","11.0000","11.0000","11.0000","11.0000","11.0000","11.0000","11.0000","13.9967","14.3387","14.3172","11.0000","11.0000","11.0000","11.0000","11.0000","54.8957","11.0000","11.0000","11.0000","11.3702","17.6865","11.0000","11.0000","59.5496","11.0000","11.0000","11.0000","11.0000","11.0000","11.0000","11.0000","11.0311","11.0000","15.9684","11.0000","11.0000","11.0000","11.0000","11.0000","11.0000","11.0000","11.0000","11.0000","19.6218","12.1992","11.0000","11.0000","11.0000","11.0000","11.0000","11.0000","11.0000","11.0000","11.0000","11.0000","16.0900","14.0077","11.0000","12.3576","12.2901","11.0000","11.0000","24.7822","11.0000","11.6898","11.0000","11.1569","40.3774","15.2127","11.0000","11.0000","11.0000","11.0000","13.8575","11.0000","11.0000","11.0000","11.0000","11.5188","28.1812","20.7905","19.2890","18.2351","11.1547","17.1531","92.7136","18.2017","14.0520","15.9903","16.2288","37.6472","22.9822"
"C:\Users\cfg364\Sommerlab Dropbox\Casper van der Luijt\Casper\Data\BioLog\OmniLog\CL3\DATA_2024\08\_RIB40_Aspergillus oryzae__1_30_CL3_769_8#19#2024_A_ 9A_7.OKA","8/19/2024 7:16:29 PM"," 9-A","PM01","","RIB40","Aspergillus oryzae","",2.0000,"11.0000","40.5539","11.0000","11.0000","11.0000","11.0000","11.0000","11.0000","11.0000","11.0000","11.0000","11.0000","19.4373","12.1525","11.0000","11.0000","11.0000","11.0000","11.0000","56.8414","11.0000","12.7316","11.0000","11.0000","12.7880","11.0000","11.0000","55.3666","11.0000","11.0000","11.0000","11.0000","11.0000","11.0000","11.0000","11.0000","11.0000","19.3094","11.0000","11.0000","11.0000","11.0000","11.0000","11.0000","11.0000","11.0000","11.0000","18.4845","12.8042","11.0000","11.0000","11.0000","11.0000","11.0000","11.0000","11.0000","11.0000","11.0000","11.0000","11.0000","12.3469","11.0000","11.0000","13.8152","11.0000","11.0000","29.2993","11.0000","11.0000","11.0000","11.0000","41.9952","17.7651","11.0000","11.0000","11.0000","11.0000","11.0000","11.0000","11.0000","11.0000","11.0000","15.2584","28.1567","19.9990","22.0146","11.0000","11.0000","15.6771","90.8461","17.4033","11.0000","13.4614","11.0328","38.6240","24.8511"
"C:\Users\cfg364\Sommerlab Dropbox\Casper van der Luijt\Casper\Data\BioLog\OmniLog\CL3\DATA_2024\08\_RIB40_Aspergillus oryzae__1_30_CL3_769_8#19#2024_A_ 9A_7.OKA","8/19/2024 7:16:29 PM"," 9-A","PM01","","RIB40","Aspergillus oryzae","",2.2500,"11.0000","38.0667","11.0000","11.0000","11.0000","11.0000","11.0000","11.0000","11.0000","11.0000","11.0000","11.0000","17.8465","15.2429","11.0000","11.0000","11.0000","11.0000","11.0000","54.6148","11.0000","11.0000","11.0000","12.5996","16.4356","11.0000","11.0000","56.6999","11.0000","11.0000","11.0000","11.0000","11.3169","11.0000","11.0000","11.0000","11.0000","18.5635","11.0000","11.0000","11.0000","11.0000","11.0000","11.0000","11.0000","11.0000","11.0000","19.4888","16.5255","11.0000","11.0000","11.0000","11.0000","11.0000","11.0000","11.0000","11.0000","11.0000","11.0000","11.8579","15.9725","11.0000","12.5995","11.0000","11.0000","11.0000","12.7752","11.0000","11.0000","11.0000","13.5985","43.3994","13.2632","11.0000","11.0000","11.0000","11.0000","11.0000","11.0000","11.0000","11.0000","11.0000","18.8430","27.7180","21.9021","13.4717","11.0000","12.3032","12.2138","91.0068","20.8420","11.6768","12.4393","16.7034","42.9790","21.6050"
"C:\Users\cfg364\Sommerlab Dropbox\Casper van der Luijt\Casper\Data\BioLog\OmniLog\CL3\DATA_2024\08\_RIB40_Aspergillus oryzae__1_30_CL3_769_8#19#2024_A_ 9A_7.OKA","8/19/2024 7:16:29 PM"," 9-A","PM01","","RIB40","Aspergillus oryzae","",2.5000,"11.0924","37.3989","11.0000","11.0000","11.0000","11.0000","11.0000","11.0000","11.0000","11.0000","11.0000","13.7764","19.0527","12.8266","11.0000","11.0000","11.0000","11.0000","11.0000","52.2135","11.0000","11.0000","11.0000","11.5857","20.7213","11.0000","11.0000","58.7760","11.0000","11.0000","11.0000","11.0000","13.1173","11.0000","11.0000","11.0000","11.0000","19.0130","11.0000","11.0000","11.0000","11.0000","11.0000","11.0000","11.0000","11.0000","11.0000","17.8318","12.8800","11.0000","11.0000","11.0000","11.0000","11.0000","11.0000","11.0000","11.0000","11.0000","11.0000","11.0000","11.0000","11.0000","15.0602","14.3462","11.0000","11.0000","11.0950","11.0000","11.0627","11.0000","11.0000","44.9049","17.4931","11.0000","11.0000","11.0000","11.0000","11.0000","11.0000","11.0000","11.0000","14.6507","15.7143","27.2729","18.7694","13.5096","12.4661","11.0000","19.4505","90.8287","24.1674","11.0000","18.7143","18.8619","33.6263","20.5502"
"C:\Users\cfg364\Sommerlab Dropbox\Casper van der Luijt\Casper\Data\BioLog\OmniLog\CL3\DATA_2024\08\_RIB40_Aspergillus oryzae__1_30_CL3_769_8#19#2024_A_ 9A_7.OKA","8/19/2024 7:16:29 PM"," 9-A","PM01","","RIB40","Aspergillus oryzae","",2.7500,"11.0000","34.6250","11.0000","11.0000","11.0000","11.0000","12.8855","11.0000","11.0000","11.0000","11.0000","11.8329","17.5637","15.1794","11.0000","11.0000","11.0000","11.0000","11.0000","53.2856","11.0000","12.1987","11.0000","14.1134","20.8718","11.0000","11.0000","57.4839","11.0000","11.0000","11.0000","11.0000","13.5913","11.0000","11.0000","11.0000","11.0000","12.3146","11.0000","11.0000","11.0000","11.0000","11.0000","11.0000","11.0000","11.0000","11.0000","19.2913","12.3252","11.0000","11.0000","11.0000","11.0000","11.0000","11.0000","11.0000","11.0000","11.0000","11.0000","11.0000","11.7357","11.0000","14.9987","15.4511","11.0000","11.0000","14.1986","11.0000","13.9133","11.0000","11.2513","43.3825","16.7416","11.0000","11.0000","11.0000","11.0000","11.0000","11.0000","11.0000","11.0000","11.3554","17.8132","29.9527","19.8234","13.3841","11.5418","11.0000","16.2622","91.6357","24.7107","11.6147","17.3205","17.0751","30.6336","22.6902"
"C:\Users\cfg364\Sommerlab Dropbox\Casper van der Luijt\Casper\Data\BioLog\OmniLog\CL3\DATA_2024\08\_RIB40_Aspergillus oryzae__1_30_CL3_769_8#19#2024_A_ 9A_7.OKA","8/19/2024 7:16:29 PM"," 9-A","PM01","","RIB40","Aspergillus oryzae","",3.0000,"11.0000","30.5769","11.0000","11.0000","11.0000","11.0000","11.0000","11.0000","11.0000","11.0000","11.0000","13.7587","14.1315","12.2815","11.2744","11.0000","11.0000","11.0000","11.0000","50.4663","11.0000","11.9769","11.0000","12.2652","17.8167","11.0000","11.5746","60.0137","11.0000","11.0000","11.0000","11.0000","15.6568","11.0000","11.0000","11.0000","11.0000","11.0000","11.0000","11.0000","11.0000","11.0000","11.0000","11.0000","11.0000","11.0000","11.0000","17.2705","14.3686","11.0000","11.0000","11.0000","11.0000","11.0000","11.0000","11.0000","11.0000","11.0000","11.0000","12.9405","11.0000","11.0000","11.0000","11.0000","11.0000","11.0000","11.0000","11.0000","14.2929","11.0000","11.0000","47.6001","13.8106","11.0000","11.0000","11.0000","11.0000","11.0000","11.0000","11.0000","11.0000","12.3854","17.5305","24.9773","20.4357","12.1289","11.0000","12.4551","13.8429","91.6799","20.6900","12.4168","15.9962","14.8669","31.4187","20.5660"
"C:\Users\cfg364\Sommerlab Dropbox\Casper van der Luijt\Casper\Data\BioLog\OmniLog\CL3\DATA_2024\08\_RIB40_Aspergillus oryzae__1_30_CL3_769_8#19#2024_A_ 9A_7.OKA","8/19/2024 7:16:29 PM"," 9-A","PM01","","RIB40","Aspergillus oryzae","",3.2500,"11.0000","29.0758","11.0000","11.0000","11.0000","11.0000","11.0000","11.0000","11.0000","11.0000","11.0000","11.0000","14.9605","11.5939","13.1343","11.0000","11.0000","11.0000","11.0000","49.5787","11.0000","14.7187","11.0000","11.6480","15.4233","12.2792","11.0000","61.9484","11.0000","11.0000","11.0000","11.0000","14.4530","11.0000","11.0000","11.7408","11.0000","11.0000","11.0000","11.0000","11.0000","11.0000","11.0000","11.0000","11.0000","11.0000","11.0000","17.8603","11.7108","11.0000","11.0000","11.0000","11.0000","11.0000","11.0000","11.0000","11.0000","11.0000","11.0000","12.0816","11.0000","11.0000","11.0000","14.7941","11.0000","11.0000","11.0000","11.0000","11.0000","11.0000","11.0000","45.0902","12.7226","11.0000","11.0000","11.0000","11.0000","11.0000","11.0000","11.0000","11.0000","11.0000","20.0076","19.8770","19.3505","12.0035","11.3815","11.1858","11.5936","93.7692","17.3520","11.9982","14.9512","17.3365","28.1531","19.6702"
"C:\Users\cfg364\Sommerlab Dropbox\Casper van der Luijt\Casper\Data\BioLog\OmniLog\CL3\DATA_2024\08\_RIB40_Aspergillus oryzae__1_30_CL3_769_8#19#2024_A_ 9A_7.OKA","8/19/2024 7:16:29 PM"," 9-A","PM01","","RIB40","Aspergillus oryzae","",3.5000,"11.0000","29.0758","11.0000","11.0000","11.0000","11.0000","11.0000","11.0000","11.0000","11.0000","11.0000","11.0000","17.8157","13.4068","12.4330","11.0000","11.0000","11.0000","11.0000","49.2300","11.0000","17.0822","11.0000","12.2034","18.5741","14.1512","11.0000","60.5664","11.0000","11.0000","11.0000","11.0000","16.6388","11.0000","11.0000","14.7351","11.0000","11.0000","11.0000","11.0000","11.0000","11.0000","11.0000","11.0000","11.0000","11.0000","11.0000","11.1242","12.2671","11.0000","11.0000","11.0000","11.0000","11.0000","11.0000","11.0000","11.0000","11.0000","11.0000","11.0000","11.0000","11.0000","11.0000","13.3397","11.0000","11.0000","11.0000","11.0000","11.3450","11.0000","11.5351","43.5335","13.9617","11.0000","11.0000","11.0000","11.0000","11.0000","11.0000","11.0000","11.0000","11.0000","20.6510","20.6840","20.6468","11.6585","13.5430","11.0000","13.0619","94.4121","20.3011","15.7011","16.6166","15.0294","32.5403","19.8302"
"C:\Users\cfg364\Sommerlab Dropbox\Casper van der Luijt\Casper\Data\BioLog\OmniLog\CL3\DATA_2024\08\_RIB40_Aspergillus oryzae__1_30_CL3_769_8#19#2024_A_ 9A_7.OKA","8/19/2024 7:16:29 PM"," 9-A","PM01","","RIB40","Aspergillus oryzae","",3.7500,"11.0000","28.1938","11.0000","11.0000","11.0000","11.0000","11.0000","11.0000","11.0000","11.0000","11.0000","11.0000","17.3880","14.7357","15.5633","11.0000","11.0000","11.0000","11.0000","52.3633","11.0000","11.5381","11.0000","17.1839","19.1076","15.0794","11.0000","61.7806","11.0000","11.0000","11.0000","11.0000","19.8345","11.0000","11.0000","11.0623","11.0000","11.0000","11.0000","11.0000","11.0000","11.0000","11.0000","11.0000","11.0000","11.0000","11.0000","11.3736","16.4499","11.0000","11.0000","11.0000","11.0000","11.0000","11.0000","11.0000","11.0000","11.0000","11.0000","11.0000","11.0307","11.0000","14.5476","11.0000","11.0000","11.0000","13.2187","11.0000","11.0000","11.0000","14.0953","45.9324","12.9024","11.0000","11.0000","11.0000","11.0000","11.0000","11.0000","11.0000","11.0000","11.0000","19.5644","24.3729","22.6030","14.6426","14.5284","11.0000","14.7408","95.7756","18.9319","11.0000","15.4257","17.8879","41.8566","20.1846"
"C:\Users\cfg364\Sommerlab Dropbox\Casper van der Luijt\Casper\Data\BioLog\OmniLog\CL3\DATA_2024\08\_RIB40_Aspergillus oryzae__1_30_CL3_769_8#19#2024_A_ 9A_7.OKA","8/19/2024 7:16:29 PM"," 9-A","PM01","","RIB40","Aspergillus oryzae","",4.0000,"11.0000","31.1011","11.0000","11.0000","11.0000","11.0000","11.0000","11.0000","11.0000","11.0000","11.0000","13.4794","19.7720","12.2764","15.9893","11.0000","11.0000","11.0000","11.0000","51.7318","11.0000","12.5509","11.0000","15.5534","21.0968","11.6851","11.0000","59.8499","11.0000","11.0000","11.0000","11.0000","24.2046","11.0000","11.0000","11.6848","11.7231","11.0000","11.0000","11.0000","11.0000","11.0000","11.0000","11.0000","11.0000","11.0000","11.0000","11.0000","16.9425","11.0000","11.0000","11.0000","11.0000","11.0000","11.0000","11.0000","11.0000","11.0000","11.0000","11.0000","11.0000","11.0000","11.3702","11.0000","11.0000","11.0000","13.8843","11.0000","12.9885","11.0000","13.2824","48.2824","15.8316","11.0000","11.0000","11.0000","11.0000","11.0000","11.0000","11.0000","11.0000","11.0000","22.4621","25.9841","21.6687","15.7323","14.0834","11.0000","15.8538","95.0064","22.0595","11.2268","11.0000","14.1515","47.6996","23.9664"
"C:\Users\cfg364\Sommerlab Dropbox\Casper van der Luijt\Casper\Data\BioLog\OmniLog\CL3\DATA_2024\08\_RIB40_Aspergillus oryzae__1_30_CL3_769_8#19#2024_A_ 9A_7.OKA","8/19/2024 7:16:29 PM"," 9-A","PM01","","RIB40","Aspergillus oryzae","",4.2500,"11.0000","29.1004","11.0000","11.0000","11.0000","11.0000","11.0000","11.0000","11.0000","11.0000","11.0000","11.0620","18.8245","12.7433","19.2445","11.0000","11.0000","11.0000","11.0000","50.5004","11.0000","12.9307","11.0000","17.3685","18.7459","13.9894","11.0000","58.9918","11.0000","11.0000","11.0000","11.0000","11.0000","11.0000","11.0000","11.0000","11.0000","11.0000","11.0000","11.0000","11.0000","11.0000","11.0000","11.0000","11.0000","11.0000","11.0000","12.0273","16.3883","11.0000","11.0000","11.0000","11.0000","11.0000","11.0000","11.0000","11.0000","11.0000","11.0000","11.0000","11.0000","11.0000","11.0000","11.0000","11.0000","11.0000","14.0744","11.0000","11.0000","11.0000","12.6571","49.1080","15.6806","11.0000","11.0000","11.0000","11.0000","11.0000","11.0000","11.0000","11.0000","11.0000","18.9205","23.7929","22.8441","15.2653","12.4940","11.0000","14.9263","94.2372","22.7043","11.0000","13.6882","14.2165","42.3161","22.8223"
"C:\Users\cfg364\Sommerlab Dropbox\Casper van der Luijt\Casper\Data\BioLog\OmniLog\CL3\DATA_2024\08\_RIB40_Aspergillus oryzae__1_30_CL3_769_8#19#2024_A_ 9A_7.OKA","8/19/2024 7:16:29 PM"," 9-A","PM01","","RIB40","Aspergillus oryzae","",4.5000,"11.0000","28.4459","11.0000","11.0000","11.0000","11.0000","11.0000","11.0000","11.5130","11.0000","11.0000","11.5276","13.8119","12.1564","17.3406","11.0000","11.0000","11.0000","11.0000","55.0046","11.0000","13.9678","11.0000","11.0000","19.9375","11.0000","11.0000","60.4920","11.0000","11.0000","11.0000","11.0000","11.0000","11.0000","11.0000","11.0000","11.0000","11.0000","11.0000","11.0000","11.0000","11.0000","11.0000","11.0000","11.0000","11.0000","11.0000","11.0000","17.1005","11.0000","11.0000","11.0000","11.0000","11.0000","11.0000","11.0000","11.0000","11.0000","11.0000","11.0000","11.0000","11.0000","15.2352","11.9790","11.0000","11.0000","13.1287","11.0000","11.5371","11.0000","12.8192","44.0945","16.4773","11.0000","11.0000","11.0000","11.0000","11.0000","11.0000","11.0000","11.0000","11.0000","18.6879","24.2581","23.5239","15.1081","11.3820","11.0000","11.2811","94.2551","21.3312","12.7979","14.6787","13.4948","36.5151","19.7603"
"C:\Users\cfg364\Sommerlab Dropbox\Casper van der Luijt\Casper\Data\BioLog\OmniLog\CL3\DATA_2024\08\_RIB40_Aspergillus oryzae__1_30_CL3_769_8#19#2024_A_ 9A_7.OKA","8/19/2024 7:16:29 PM"," 9-A","PM01","","RIB40","Aspergillus oryzae","",4.7500,"11.0000","27.3437","11.0000","11.0000","11.0000","11.0000","11.0000","11.0000","11.5130","11.0000","11.0000","12.1794","12.2837","13.5941","20.4350","11.0000","11.0000","11.0000","11.0000","55.8859","11.0000","14.1257","11.0000","11.0000","20.3919","12.2521","11.0000","62.9421","11.0000","11.0000","11.0000","11.0000","11.0000","11.0000","11.0000","12.6076","11.0000","11.0000","11.0000","11.0000","11.0000","11.0000","11.0000","11.0000","11.0000","11.0000","11.0000","11.0000","15.4675","11.0000","11.0000","11.0000","11.0000","11.0000","11.0000","11.0000","11.0000","11.0000","11.0000","11.0000","11.0000","11.0000","14.4932","14.2211","11.0000","11.0000","11.0000","11.0000","16.3709","11.0000","11.0314","45.8800","16.2967","11.0000","11.0000","11.0000","11.0000","11.0000","11.0000","11.0000","11.0000","11.0000","28.3786","23.0645","21.9584","13.6765","11.0000","11.0000","14.0924","95.4785","19.7492","14.3068","15.2646","11.8535","30.0215","23.0214"
"C:\Users\cfg364\Sommerlab Dropbox\Casper van der Luijt\Casper\Data\BioLog\OmniLog\CL3\DATA_2024\08\_RIB40_Aspergillus oryzae__1_30_CL3_769_8#19#2024_A_ 9A_7.OKA","8/19/2024 7:16:29 PM"," 9-A","PM01","","RIB40","Aspergillus oryzae","",5.0000,"11.0000","27.4697","11.0000","11.0000","11.0000","11.0000","11.0000","11.0000","13.8216","11.0000","11.0000","12.0863","13.5369","12.0939","24.4699","11.0000","11.0000","11.0000","11.0000","55.9174","11.0000","15.6728","11.0000","11.3730","22.7854","11.0000","11.0000","61.0432","11.0000","11.0000","11.0000","11.0000","11.0000","11.0000","11.0000","11.0000","11.0000","11.0000","11.0000","11.0000","11.0000","11.0000","11.0000","11.0000","11.0000","11.0000","11.0000","12.0285","15.5291","11.0000","11.0000","11.0000","11.0000","11.0000","11.0000","11.0000","11.0000","11.0000","11.0000","11.0000","11.0000","11.0000","14.1223","11.1263","11.0000","11.0000","11.5083","11.0000","14.2542","11.0000","11.0000","45.0191","14.9725","11.0000","11.0000","11.0000","11.0000","11.0000","11.0000","11.0000","11.0000","11.0000","22.7903","23.5484","23.9454","13.8632","11.3183","13.4756","12.6243","95.6394","19.1358","13.8573","15.7204","11.0000","30.9726","21.8384"
"C:\Users\cfg364\Sommerlab Dropbox\Casper van der Luijt\Casper\Data\BioLog\OmniLog\CL3\DATA_2024\08\_RIB40_Aspergillus oryzae__1_30_CL3_769_8#19#2024_A_ 9A_7.OKA","8/19/2024 7:16:29 PM"," 9-A","PM01","","RIB40","Aspergillus oryzae","",5.2500,"11.0000","34.2654","11.0000","11.0000","11.0000","11.0000","11.4118","11.0000","11.0000","12.2832","11.0000","12.6775","12.4676","11.0000","23.8014","11.0000","11.0000","11.0000","11.0000","54.6374","11.0000","14.9552","11.0000","12.3582","18.5627","11.0000","11.0000","58.8969","11.0000","11.0000","11.0000","11.0000","11.0000","11.0000","11.0000","11.0000","11.0000","11.0000","11.0000","11.0000","11.0000","11.0000","11.0000","11.0000","11.0000","11.0000","11.0000","12.2110","18.6629","11.0000","11.0000","11.0000","11.0000","11.0000","11.0000","11.0000","11.0000","11.0000","11.0000","11.0000","11.9142","11.0000","11.4314","11.6994","11.0000","11.0000","14.9637","11.0000","17.2053","11.0000","11.4390","45.5414","16.1415","11.0000","11.0000","11.0000","11.0000","11.0000","11.0000","11.0000","11.0000","11.0000","23.6837","23.6885","20.8014","14.2555","16.0467","11.0000","11.0000","101.5654","26.4534","11.0000","17.3575","16.6484","30.1037","20.9951"
"C:\Users\cfg364\Sommerlab Dropbox\Casper van der Luijt\Casper\Data\BioLog\OmniLog\CL3\DATA_2024\08\_RIB40_Aspergillus oryzae__1_30_CL3_769_8#19#2024_A_ 9A_7.OKA","8/19/2024 7:16:29 PM"," 9-A","PM01","","RIB40","Aspergillus oryzae","",5.5000,"11.0000","32.9208","11.0000","11.0000","11.0000","11.0000","11.0000","11.0000","11.4203","11.0000","11.0000","11.0000","12.3147","11.9679","24.3183","11.0000","11.0000","11.0000","11.0000","53.0305","11.0000","18.7849","11.0000","14.0251","19.6561","11.0000","11.0000","57.3788","11.0000","11.0000","11.0000","11.0000","11.0000","11.0000","11.0000","11.0000","11.0000","11.0000","11.0000","11.0000","11.0000","11.0000","11.0000","11.0000","11.0000","11.0000","11.0000","12.8010","19.4938","11.0000","11.0000","11.0000","11.0000","11.0000","11.0000","11.0000","11.0000","11.0000","11.0000","11.0000","14.6265","11.0000","17.3175","11.0000","11.0000","11.0000","16.8198","11.0000","17.8634","11.0000","13.5714","46.3714","16.8030","11.0000","11.0000","11.0000","11.0000","11.0000","11.0000","11.0000","11.0000","11.4170","22.6908","23.0088","22.1022","13.1286","15.6658","11.5590","15.1703","103.7354","22.0427","11.6461","16.8987","13.8732","32.3473","23.9649"
"C:\Users\cfg364\Sommerlab Dropbox\Casper van der Luijt\Casper\Data\BioLog\OmniLog\CL3\DATA_2024\08\_RIB40_Aspergillus oryzae__1_30_CL3_769_8#19#2024_A_ 9A_7.OKA","8/19/2024 7:16:29 PM"," 9-A","PM01","","RIB40","Aspergillus oryzae","",5.7500,"11.0000","31.4510","11.0000","11.0000","11.0000","11.0000","11.0000","11.0000","14.8832","11.2551","11.0000","11.3405","13.7770","13.1171","24.1047","11.0000","11.0000","11.0000","11.0000","55.9956","11.0000","16.5248","11.0000","11.0000","16.7265","11.0000","11.0000","60.8934","11.6696","11.0000","11.0000","11.0000","11.0000","11.0000","11.0000","11.0000","11.0000","11.0000","11.0000","11.0000","11.0000","11.0000","11.0000","11.0000","11.0000","11.0000","11.0000","11.0000","16.4823","11.0000","11.0000","11.0000","11.0000","11.0000","11.0000","11.0000","11.0000","11.0000","11.0000","11.0000","11.0000","11.0000","14.5068","13.6755","11.0000","11.0000","13.2839","11.0000","17.9047","11.0000","11.4711","45.0621","16.5375","11.0000","11.0000","11.0000","11.0000","11.0000","11.0000","11.0000","11.0000","11.0000","20.3651","22.8416","20.0297","14.9008","11.0000","11.0000","11.0000","97.4538","22.0075","11.0000","14.7804","14.5218","29.7849","22.9885"
"C:\Users\cfg364\Sommerlab Dropbox\Casper van der Luijt\Casper\Data\BioLog\OmniLog\CL3\DATA_2024\08\_RIB40_Aspergillus oryzae__1_30_CL3_769_8#19#2024_A_ 9A_7.OKA","8/19/2024 7:16:29 PM"," 9-A","PM01","","RIB40","Aspergillus oryzae","",6.0000,"11.0000","32.8812","11.0000","11.0000","11.0000","11.0000","11.0000","11.0000","13.7405","11.0000","11.0000","13.6630","13.0212","13.3726","28.9624","11.0000","11.0000","11.0000","11.0000","53.7591","11.0000","11.7300","11.0000","14.1415","14.6004","11.6578","11.0000","64.5387","11.0000","11.0000","11.0000","11.0000","11.0000","11.0000","11.0000","11.0000","11.0000","11.9712","11.0000","11.0000","11.0000","11.0000","11.0000","11.0000","11.0000","11.0000","11.0000","11.1246","19.3532","11.0000","11.0000","11.0000","11.0000","11.0000","11.0000","11.0000","11.0000","11.0000","11.0000","12.7471","12.4674","11.0000","14.6962","12.4860","11.0000","11.0000","11.6656","11.0000","11.0000","11.0000","11.0000","47.5578","15.6680","11.0000","11.0000","11.0000","11.0000","11.0000","11.0000","11.0000","11.0000","11.0000","20.6393","26.6710","19.5242","11.3458","11.0000","11.0000","16.5066","100.8780","22.1986","11.0972","13.8776","15.8562","35.2791","22.0755"
"C:\Users\cfg364\Sommerlab Dropbox\Casper van der Luijt\Casper\Data\BioLog\OmniLog\CL3\DATA_2024\08\_RIB40_Aspergillus oryzae__1_30_CL3_769_8#19#2024_A_ 9A_7.OKA","8/19/2024 7:16:29 PM"," 9-A","PM01","","RIB40","Aspergillus oryzae","",6.2500,"11.0000","31.1980","11.0000","11.0000","11.0000","11.0000","11.0000","11.0000","13.2569","11.0000","11.0000","11.0929","11.0000","11.0000","29.9637","11.0000","11.0000","11.0000","11.0000","51.4837","11.0000","16.1102","11.0000","13.2792","12.3120","12.5663","11.0000","62.4548","11.2249","11.0000","11.0000","11.0000","11.0000","11.0000","11.0000","11.0000","11.0000","11.0000","11.0000","11.0000","11.0000","11.0000","11.0000","11.0000","11.0000","11.0000","11.0000","11.0000","22.0557","11.0000","11.0000","11.0000","11.0000","11.0000","11.0000","11.0000","11.0000","11.0000","11.0000","11.6036","11.1223","11.0000","18.7620","13.8456","11.0000","11.0000","14.5184","11.0000","11.0000","11.0000","11.0000","46.5387","15.3669","11.0000","11.0000","11.0000","11.0000","11.0000","11.0000","11.0000","13.0517","11.0000","20.8650","24.8217","22.3051","12.1318","11.0000","11.9585","13.1777","102.0623","26.8647","11.5507","17.5073","17.3554","33.5379","23.4520"
"C:\Users\cfg364\Sommerlab Dropbox\Casper van der Luijt\Casper\Data\BioLog\OmniLog\CL3\DATA_2024\08\_RIB40_Aspergillus oryzae__1_30_CL3_769_8#19#2024_A_ 9A_7.OKA","8/19/2024 7:16:29 PM"," 9-A","PM01","","RIB40","Aspergillus oryzae","",6.5000,"11.0000","27.8342","11.0000","11.0000","11.0000","11.0000","11.0000","11.0000","14.7194","11.0000","11.0000","11.9603","13.0543","15.7928","30.2188","11.0000","11.0000","11.0000","11.0000","56.8299","11.0000","15.5392","11.0000","11.7397","11.8221","11.2195","11.0000","62.1727","11.3829","11.0000","11.0000","11.0000","11.0000","11.0000","11.0000","11.0000","11.0000","11.0000","11.0000","11.0000","11.0000","11.0000","11.0000","11.0000","11.0000","11.0000","11.0000","13.7068","14.3543","11.0000","11.0000","11.0000","12.2402","11.0000","11.0000","11.0000","11.0000","11.0000","11.0000","11.0000","13.7214","11.0000","15.3579","13.9448","11.0000","11.0000","13.1551","11.0000","11.0000","11.0000","11.2832","46.1365","14.7154","11.0000","11.0000","11.0000","11.0000","11.0000","11.0000","11.0000","11.0000","11.0000","20.5981","21.6047","22.5207","11.5332","11.0000","11.0000","12.6207","96.2826","19.7289","13.2341","12.7692","16.6173","36.7376","21.3604"
"C:\Users\cfg364\Sommerlab Dropbox\Casper van der Luijt\Casper\Data\BioLog\OmniLog\CL3\DATA_2024\08\_RIB40_Aspergillus oryzae__1_30_CL3_769_8#19#2024_A_ 9A_7.OKA","8/19/2024 7:16:29 PM"," 9-A","PM01","","RIB40","Aspergillus oryzae","",6.7500,"11.0000","32.6894","11.0000","11.0000","11.0000","11.0000","11.0000","11.0000","17.2533","14.6322","11.0000","13.4149","14.8140","12.8936","31.0018","11.0000","11.0000","11.0000","11.0000","52.9765","11.0000","15.3668","11.0000","11.0000","11.8816","13.2467","11.0000","59.9273","11.9560","11.0000","11.0000","11.0000","11.0000","11.0000","11.0000","14.2886","11.0000","11.0000","11.0000","11.0000","11.0000","11.0000","11.0000","11.0000","11.0000","11.0643","11.0000","11.5612","22.1413","11.0000","11.0000","11.0000","11.0000","11.0000","11.0000","11.0000","11.0000","11.0000","11.0000","11.0000","11.0000","11.0000","14.2754","13.9006","11.0000","11.0000","13.2211","11.0000","11.0000","11.0000","11.0000","44.8701","16.5019","11.0000","11.0000","11.0000","11.0000","11.0000","11.0000","11.0000","12.0884","11.0000","21.4408","23.9976","21.4946","12.9999","11.0000","11.0000","15.3180","98.7885","23.2099","12.5466","17.0621","12.5006","37.2427","20.9910"
"C:\Users\cfg364\Sommerlab Dropbox\Casper van der Luijt\Casper\Data\BioLog\OmniLog\CL3\DATA_2024\08\_RIB40_Aspergillus oryzae__1_30_CL3_769_8#19#2024_A_ 9A_7.OKA","8/19/2024 7:16:29 PM"," 9-A","PM01","","RIB40","Aspergillus oryzae","",7.0000,"11.0000","32.6894","11.0000","11.0000","11.0000","11.0000","11.0000","11.0000","13.7721","15.8429","11.0000","13.8794","16.2175","14.6940","29.1143","11.0000","11.0000","11.0000","11.0000","53.1034","11.0000","16.2844","11.0000","11.0000","11.9120","12.7474","11.0000","63.7406","11.0637","11.0000","11.0000","11.0000","11.0000","11.0000","11.0000","13.4819","11.0000","11.0000","11.0000","11.0000","11.0000","11.0000","11.0000","11.0000","11.0000","12.8645","11.0000","11.0000","21.5565","11.0000","11.0000","11.0000","11.0000","11.0000","11.0000","11.0000","11.0000","11.0000","11.0000","11.0000","11.7952","11.0000","15.8513","15.4770","11.0000","11.0000","12.3327","11.0000","12.4164","11.0000","11.0000","49.0721","20.1698","11.0000","11.0000","11.0000","11.0000","11.0000","11.0000","11.0000","13.3689","11.0000","19.2427","26.0721","24.0579","14.0310","11.0000","11.0000","17.1819","95.7115","25.2341","11.0967","13.7197","14.0991","35.6353","20.5747"
"C:\Users\cfg364\Sommerlab Dropbox\Casper van der Luijt\Casper\Data\BioLog\OmniLog\CL3\DATA_2024\08\_RIB40_Aspergillus oryzae__1_30_CL3_769_8#19#2024_A_ 9A_7.OKA","8/19/2024 7:16:29 PM"," 9-A","PM01","","RIB40","Aspergillus oryzae","",7.2500,"11.0000","34.8912","11.0000","11.0000","11.0000","11.0000","11.0000","11.0000","18.2800","13.1793","11.0000","11.6532","15.9924","11.0000","29.1151","11.0000","11.0000","11.0000","11.0000","55.5782","11.0000","17.1443","11.0000","11.2781","16.8058","11.0000","11.0000","64.7570","12.1797","11.0000","11.0000","11.0000","11.0000","11.0000","11.0000","14.3307","11.0000","11.0000","11.0000","11.0000","11.0000","11.0000","11.0000","11.0000","11.0000","11.0000","11.0000","11.0000","22.0104","11.0000","11.0000","11.0000","11.0000","11.0000","11.0000","11.0000","11.0000","11.0000","11.0000","11.0000","11.0000","11.0000","19.7562","13.9212","11.0000","11.0000","11.7316","11.0000","14.1435","11.0000","12.7931","45.5583","14.3867","11.0000","11.0000","11.0000","11.0000","11.0000","11.0000","11.0000","11.0000","11.0000","21.0300","25.2849","24.6833","14.3499","11.0000","11.0000","16.2908","101.3571","22.3882","11.0000","19.0238","11.0000","31.1814","17.6214"
"C:\Users\cfg364\Sommerlab Dropbox\Casper van der Luijt\Casper\Data\BioLog\OmniLog\CL3\DATA_2024\08\_RIB40_Aspergillus oryzae__1_30_CL3_769_8#19#2024_A_ 9A_7.OKA","8/19/2024 7:16:29 PM"," 9-A","PM01","","RIB40","Aspergillus oryzae","",7.5000,"11.0000","30.4992","11.0000","11.0000","11.0000","11.0000","11.0000","11.0000","17.7440","12.1560","11.0000","12.3342","14.0895","12.7485","32.4101","11.0000","11.0000","11.0000","11.0000","55.5925","11.0000","14.6276","11.0000","13.0075","11.0000","11.9694","11.0000","62.9886","13.3677","11.0000","11.0000","11.0000","11.0000","11.0000","11.0000","11.0000","11.0000","12.6336","11.0000","11.0000","11.0000","11.0000","11.0000","11.0000","11.0000","11.0000","11.0000","11.9023","17.6455","11.3457","11.0000","11.0000","11.0000","11.0000","11.0000","11.0000","11.0000","11.0000","11.0000","12.4260","11.3079","11.0000","14.7509","15.3345","11.0000","11.0000","11.0954","11.0000","11.0000","11.0000","12.9205","48.0739","14.4420","11.0000","11.0000","11.0000","11.0000","11.0000","11.0000","11.0000","13.4262","11.0000","17.9380","26.1971","25.0126","13.5999","13.8972","13.8718","14.9372","100.8275","26.7158","11.0324","16.7754","13.0968","31.7898","22.7228"
"C:\Users\cfg364\Sommerlab Dropbox\Casper van der Luijt\Casper\Data\BioLog\OmniLog\CL3\DATA_2024\08\_RIB40_Aspergillus oryzae__1_30_CL3_769_8#19#2024_A_ 9A_7.OKA","8/19/2024 7:16:29 PM"," 9-A","PM01","","RIB40","Aspergillus oryzae","",7.7500,"11.0000","31.4544","11.0000","11.0000","11.0000","11.0000","11.0000","11.0000","17.2533","11.0000","11.0000","13.5062","11.7348","11.0000","31.9101","11.0000","11.0000","11.0000","11.0000","53.5983","11.0000","15.4987","11.0000","12.3845","13.4211","11.0000","11.0000","59.2406","12.8846","11.0000","11.0000","11.0000","11.0000","11.0000","11.0000","11.0000","11.0000","11.9705","11.0000","11.0000","11.0000","11.0000","11.0000","11.0000","11.0000","13.6850","11.0000","14.3580","18.2816","11.0000","11.0000","11.0000","11.0000","11.0000","11.0000","11.0000","11.0000","11.0000","11.0000","11.0000","13.9654","11.0000","14.0571","11.0000","11.0000","11.0000","11.0000","11.0000","12.4081","11.0000","11.0000","47.7798","15.1072","11.0000","11.0000","11.0000","11.5205","11.0000","11.0000","11.0000","11.0000","11.0000","20.8402","26.5978","22.1180","12.8471","12.7219","11.0000","11.0000","94.5855","20.3389","13.1997","14.6400","11.3598","30.0098","19.3728"
"C:\Users\cfg364\Sommerlab Dropbox\Casper van der Luijt\Casper\Data\BioLog\OmniLog\CL3\DATA_2024\08\_RIB40_Aspergillus oryzae__1_30_CL3_769_8#19#2024_A_ 9A_7.OKA","8/19/2024 7:16:29 PM"," 9-A","PM01","","RIB40","Aspergillus oryzae","",8.0000,"11.0000","34.6456","11.0000","11.0000","11.0000","11.0000","11.0000","11.0000","19.6938","14.0539","11.0000","13.3618","13.5065","11.0000","34.6348","11.0000","11.0000","11.0000","11.0000","55.7818","11.0000","19.9673","11.0000","13.0034","14.3605","13.6921","11.0000","61.8786","14.9603","11.0000","11.0000","11.0000","11.0000","11.0000","11.0000","11.0000","11.0000","11.0000","11.0000","11.0000","11.0000","11.0000","11.0000","11.0000","11.0000","11.3560","11.0000","11.9305","20.6092","11.0000","11.0000","11.0000","11.0000","11.0000","11.0000","11.0000","11.0000","11.0000","11.0000","11.0000","11.5211","11.0000","13.5062","15.1366","11.0000","11.0000","11.0000","11.0000","13.5033","11.0000","12.4477","47.1939","14.4989","11.0000","11.0000","11.0000","11.0000","11.0000","11.0000","11.0000","11.1933","11.0000","18.0790","29.6548","25.6375","11.0000","12.3375","11.0000","18.7667","98.9058","25.0326","11.0000","13.7969","12.6379","32.9199","18.6002"
"C:\Users\cfg364\Sommerlab Dropbox\Casper van der Luijt\Casper\Data\BioLog\OmniLog\CL3\DATA_2024\08\_RIB40_Aspergillus oryzae__1_30_CL3_769_8#19#2024_A_ 9A_7.OKA","8/19/2024 7:16:29 PM"," 9-A","PM01","","RIB40","Aspergillus oryzae","",8.2500,"11.0000","36.3833","11.0000","11.0000","11.0000","11.0000","11.0000","11.0000","22.0035","12.5751","11.0000","13.1443","16.0129","15.6057","34.0561","11.0000","11.0000","11.0000","11.0000","57.3642","11.0000","16.9993","11.0000","14.1746","13.4825","12.9721","11.0000","65.1907","16.8447","11.0000","11.0000","11.0000","11.0000","11.0000","11.0000","11.0000","11.0000","11.0000","11.0000","11.0000","11.0000","11.0000","11.0000","11.0000","11.0000","11.0000","11.0000","11.4652","19.8677","11.0000","11.0000","11.0000","11.0000","11.0000","11.0000","11.0000","11.0000","11.0000","11.0000","11.0000","11.8890","11.0000","15.0532","11.8210","11.0000","11.0000","12.2375","11.0000","11.9387","11.0000","12.2589","46.9393","16.1881","11.0000","11.0000","11.0000","11.0000","11.0000","11.0000","11.0000","11.0000","11.0000","16.6502","30.4925","26.8423","11.0000","14.3755","11.0000","13.1660","98.2367","25.8050","11.0000","19.2591","11.0000","30.2338","19.0833"
"C:\Users\cfg364\Sommerlab Dropbox\Casper van der Luijt\Casper\Data\BioLog\OmniLog\CL3\DATA_2024\08\_RIB40_Aspergillus oryzae__1_30_CL3_769_8#19#2024_A_ 9A_7.OKA","8/19/2024 7:16:29 PM"," 9-A","PM01","","RIB40","Aspergillus oryzae","",8.5000,"11.0000","28.0251","11.0000","11.0000","11.0000","11.0000","11.0000","11.0000","16.9501","11.4811","11.0000","11.0000","14.5840","11.0000","37.1219","11.0000","11.0000","11.0000","11.0000","55.1682","11.0000","18.9460","11.0000","12.1095","12.0911","12.3149","11.0000","58.0602","19.4035","11.0000","11.0000","11.0000","11.0000","11.0000","11.0000","11.0000","11.0000","11.0000","11.0000","11.0000","11.0000","11.0000","11.0000","11.0000","11.0000","11.0000","11.0000","11.0000","19.9230","11.0000","11.0000","11.0000","11.0000","11.0000","11.0000","11.0000","11.0000","11.0000","11.0000","11.0000","11.3050","11.0000","18.7480","11.0634","11.0000","11.0000","11.4429","11.0000","13.9176","11.0000","13.2024","46.1650","11.0000","11.0000","11.0000","11.0000","11.0000","11.0000","11.0000","11.0000","11.1613","12.3759","19.8394","24.9927","26.8393","11.0000","11.0000","11.0000","14.4279","100.5289","24.3808","12.9005","15.0579","11.8851","32.9720","23.6517"
"C:\Users\cfg364\Sommerlab Dropbox\Casper van der Luijt\Casper\Data\BioLog\OmniLog\CL3\DATA_2024\08\_RIB40_Aspergillus oryzae__1_30_CL3_769_8#19#2024_A_ 9A_7.OKA","8/19/2024 7:16:29 PM"," 9-A","PM01","","RIB40","Aspergillus oryzae","",8.7500,"11.0000","29.0617","11.0000","11.0000","11.0000","11.0962","11.0000","11.0000","19.7805","15.2013","11.0000","12.3345","15.1354","11.0000","36.7252","11.0000","11.0000","11.0000","11.0000","56.2168","11.0000","17.9013","11.0000","13.4039","15.0009","12.7532","11.0000","62.6825","21.0970","11.0000","11.0000","11.0000","11.0000","11.0000","11.0000","11.0000","11.0000","11.0000","11.0000","11.0000","11.0000","11.0000","11.0000","11.0000","11.0000","11.0000","11.0000","11.0000","21.4050","11.0000","11.0000","11.0000","11.0624","11.0000","11.0000","11.0000","11.0000","11.0000","11.0000","11.0000","12.3114","11.0000","15.5504","11.0000","11.0000","11.0000","12.5185","11.0000","13.0706","11.0000","14.9329","43.3670","12.2783","11.0000","11.0000","11.0000","11.0000","11.0000","11.0000","11.0000","11.0000","11.8320","20.9040","23.2314","25.0861","11.0000","12.0527","11.0000","11.8102","104.9497","26.7932","15.7995","18.2322","11.9179","36.4914","24.5165"
"C:\Users\cfg364\Sommerlab Dropbox\Casper van der Luijt\Casper\Data\BioLog\OmniLog\CL3\DATA_2024\08\_RIB40_Aspergillus oryzae__1_30_CL3_769_8#19#2024_A_ 9A_7.OKA","8/19/2024 7:16:29 PM"," 9-A","PM01","","RIB40","Aspergillus oryzae","",9.0000,"11.0000","32.4549","11.0000","11.0000","11.0000","11.0000","11.0000","11.0000","19.8233","13.9492","11.0000","14.6106","14.7513","11.0000","35.9481","11.0000","11.0000","11.0000","11.0000","59.3335","11.0000","18.0232","11.0000","13.2541","12.8524","11.5349","11.0000","66.6342","20.9163","11.0000","11.0000","11.0000","11.0000","11.0000","11.0000","11.0000","11.0000","11.0000","11.0000","11.0000","11.0000","11.0000","11.0000","11.0000","11.0000","12.5778","11.0000","14.0166","24.0581","11.0000","11.0000","11.0000","11.0000","11.0000","11.0000","11.0000","11.0000","11.0000","11.0000","12.1144","11.0000","11.0000","16.8557","14.0267","11.0000","11.0000","11.0000","11.0000","11.0000","11.0000","12.4737","46.6724","13.8992","11.0000","11.0000","11.0000","14.4123","11.0000","11.0000","11.0000","11.0000","11.0000","21.6975","25.9432","23.2448","11.5021","11.3189","11.0618","12.4028","97.6567","25.0453","11.0000","14.0167","11.0000","36.1466","20.6817"
"C:\Users\cfg364\Sommerlab Dropbox\Casper van der Luijt\Casper\Data\BioLog\OmniLog\CL3\DATA_2024\08\_RIB40_Aspergillus oryzae__1_30_CL3_769_8#19#2024_A_ 9A_7.OKA","8/19/2024 7:16:29 PM"," 9-A","PM01","","RIB40","Aspergillus oryzae","",9.2500,"11.2466","30.6096","11.0000","11.0000","11.0000","11.2247","11.0000","11.0000","18.9539","15.8084","11.0000","15.7215","18.7467","11.0000","37.3781","11.0000","11.0000","11.0000","11.0000","54.6011","11.0000","18.6559","11.0000","11.0309","11.2126","11.0000","11.0000","67.4347","22.9570","11.0000","11.0000","11.0000","11.0000","11.0000","11.0000","11.0000","11.0000","11.0000","11.0000","11.0000","11.0000","11.0000","11.0000","11.0000","11.0000","15.7333","11.0000","13.1458","21.0847","11.0000","11.0000","11.0000","11.0000","11.0000","11.0000","11.0000","11.0000","11.0000","11.0000","12.8467","11.0000","11.0000","19.1055","14.2789","11.0000","11.0000","13.6935","11.0000","11.0000","11.0000","13.3831","41.1106","16.4359","11.0000","11.0000","11.0000","11.0000","11.0000","11.0000","11.0000","11.0000","11.0000","20.8920","24.7686","25.6333","11.0000","11.2870","14.1495","13.4316","95.6340","25.1098","11.0000","14.7381","11.0000","36.8023","21.6434"
"C:\Users\cfg364\Sommerlab Dropbox\Casper van der Luijt\Casper\Data\BioLog\OmniLog\CL3\DATA_2024\08\_RIB40_Aspergillus oryzae__1_30_CL3_769_8#19#2024_A_ 9A_7.OKA","8/19/2024 7:16:29 PM"," 9-A","PM01","","RIB40","Aspergillus oryzae","",9.5000,"11.0000","31.9544","11.0000","11.0000","11.0000","11.0000","11.0000","11.0000","21.4656","16.1931","11.0000","13.6539","15.7578","11.0000","37.1955","11.0000","11.0000","11.0000","11.0000","56.3994","11.0000","17.1690","11.0000","11.0000","12.7917","13.8631","11.0000","65.1256","23.8498","11.0000","11.0000","11.0000","11.0000","11.0000","11.0000","11.0000","11.0000","11.5664","11.0000","11.0000","11.0000","11.0000","11.0000","11.0000","11.0000","17.5365","11.0000","11.0000","24.3646","11.0000","11.0000","11.0000","11.0000","11.0000","11.0000","11.0000","11.0000","11.0000","11.0000","11.0000","11.0000","11.0000","17.7495","13.8060","11.0000","11.0000","11.9190","11.0000","11.0000","11.0000","12.0661","44.7865","13.1140","11.0000","11.0000","11.0000","11.0000","11.0000","11.0000","11.0000","11.0000","11.0000","23.1152","25.0623","23.4564","11.7532","11.0000","12.1116","14.9591","96.6614","23.8534","11.0000","14.7709","11.0984","38.0154","20.5214"
"C:\Users\cfg364\Sommerlab Dropbox\Casper van der Luijt\Casper\Data\BioLog\OmniLog\CL3\DATA_2024\08\_RIB40_Aspergillus oryzae__1_30_CL3_769_8#19#2024_A_ 9A_7.OKA","8/19/2024 7:16:29 PM"," 9-A","PM01","","RIB40","Aspergillus oryzae","",9.7500,"12.3869","31.8919","11.0000","11.0000","11.0000","11.0000","11.0000","11.0000","17.7302","16.2893","11.0000","16.5856","18.7467","11.0000","37.0738","11.0000","11.0000","11.0000","11.0000","52.3295","11.0000","19.4785","11.0000","12.8527","14.4620","11.0000","11.0000","65.2796","24.1687","11.0000","11.0000","11.0000","11.0000","11.0000","11.0000","11.0000","11.0000","11.1259","11.0000","11.0000","11.0000","11.0000","11.0000","11.0000","11.0000","16.3129","11.0000","13.6123","22.9239","11.0000","11.0000","11.0000","11.0000","11.0000","11.0000","11.0000","11.0000","11.0000","11.0000","11.0000","11.0000","11.0000","17.2563","13.5538","11.0000","11.0000","11.4436","11.0000","11.0000","11.0000","11.6271","43.7316","15.8621","11.0000","11.0000","11.0000","12.6600","11.0000","11.0000","11.0000","11.0000","11.0000","22.4386","27.2809","25.9659","11.0000","13.0725","11.8646","11.2494","97.4641","24.7876","12.1057","18.0500","12.4103","36.8351","18.3414"
"C:\Users\cfg364\Sommerlab Dropbox\Casper van der Luijt\Casper\Data\BioLog\OmniLog\CL3\DATA_2024\08\_RIB40_Aspergillus oryzae__1_30_CL3_769_8#19#2024_A_ 9A_7.OKA","8/19/2024 7:16:29 PM"," 9-A","PM01","","RIB40","Aspergillus oryzae","",10.0000,"11.0000","30.9243","11.0000","11.0000","11.0000","12.7619","11.0000","11.0000","25.9673","16.9188","11.0000","11.5890","15.9518","13.8984","40.1924","11.0000","11.0000","11.0000","11.0000","59.7850","11.0000","22.2207","11.1589","13.6352","14.6711","15.0871","11.0000","67.5375","27.9683","11.0000","11.0000","11.0000","11.0000","11.0000","11.0000","11.3728","11.0000","12.4847","11.0000","11.0000","11.0000","11.0000","11.5979","11.0000","11.0000","17.0036","11.0000","17.2026","23.7063","11.0000","11.0000","11.0000","11.4382","11.0000","11.0000","11.0000","11.0000","11.0000","11.0000","11.0000","13.2858","11.0000","16.6120","14.9252","11.0000","11.0000","14.0809","11.0000","11.0000","11.0000","11.1582","44.9389","15.8716","11.0000","11.0000","11.0000","11.0000","11.0000","11.0000","11.0000","11.0000","11.0000","18.4750","32.1965","26.1743","15.4957","13.0631","12.2666","16.6023","100.1523","23.7523","11.0000","22.3664","11.0655","35.7790","21.1542"
"C:\Users\cfg364\Sommerlab Dropbox\Casper van der Luijt\Casper\Data\BioLog\OmniLog\CL3\DATA_2024\08\_RIB40_Aspergillus oryzae__1_30_CL3_769_8#19#2024_A_ 9A_7.OKA","8/19/2024 7:16:29 PM"," 9-A","PM01","","RIB40","Aspergillus oryzae","",10.2500,"11.0000","33.2428","11.0000","11.0000","11.0000","11.0000","11.0000","11.0000","23.2420","13.3124","11.0000","11.8701","18.3471","12.2180","35.0566","11.0000","11.0000","11.0000","11.0000","60.4230","11.0000","18.4411","11.0000","11.3405","12.7333","13.0360","11.0000","69.0146","25.9022","11.0000","11.0000","11.0000","11.0000","11.0000","11.0000","11.6170","11.0000","12.9198","11.0000","11.0000","11.0000","11.0000","11.0000","11.0000","11.0000","15.3318","11.0000","13.2360","20.4177","11.0000","11.0000","11.0000","11.0000","11.0000","11.0000","11.0000","11.0000","11.0000","11.0000","11.0000","13.5599","11.0000","16.7403","14.5438","11.0000","11.0000","12.6126","11.0000","11.0000","11.0000","12.4212","48.0227","15.9037","11.0000","11.0000","11.0000","11.0000","11.0000","11.0000","11.0000","11.0000","11.0000","21.5252","29.1938","28.3629","11.4703","12.9114","11.0000","15.6604","97.2448","23.6068","11.0000","15.3699","12.5960","35.2829","23.7673"
"C:\Users\cfg364\Sommerlab Dropbox\Casper van der Luijt\Casper\Data\BioLog\OmniLog\CL3\DATA_2024\08\_RIB40_Aspergillus oryzae__1_30_CL3_769_8#19#2024_A_ 9A_7.OKA","8/19/2024 7:16:29 PM"," 9-A","PM01","","RIB40","Aspergillus oryzae","",10.5000,"11.0000","30.1729","11.0000","11.0000","11.0000","11.0000","11.0000","11.0000","22.0477","17.4636","11.0000","12.9259","16.6540","13.8063","37.4633","11.0000","11.0000","11.0000","11.0000","58.0957","11.0000","20.8881","11.0000","11.0000","11.0000","15.2116","11.0000","65.9418","22.1050","11.0000","11.0000","11.0000","11.0000","11.0000","11.0000","11.0000","11.0000","12.5100","11.0000","11.0000","11.0000","11.0000","11.0000","11.0000","11.0000","11.0325","11.0000","14.1675","20.5800","11.0000","11.0000","11.0000","13.0879","11.0000","11.0000","11.0000","11.0000","11.0000","11.0000","11.0000","11.0000","11.0000","15.3493","12.4498","11.0000","11.0000","11.0000","11.0000","11.0000","11.0000","13.6380","47.6756","15.7533","11.0000","11.0000","11.0000","11.0000","11.0000","11.0000","11.0000","11.0000","11.0000","22.4370","29.7881","25.8441","11.8775","11.0000","11.0928","13.3093","101.9389","23.1761","11.0000","20.1853","11.0000","36.5540","22.3008"
"C:\Users\cfg364\Sommerlab Dropbox\Casper van der Luijt\Casper\Data\BioLog\OmniLog\CL3\DATA_2024\08\_RIB40_Aspergillus oryzae__1_30_CL3_769_8#19#2024_A_ 9A_7.OKA","8/19/2024 7:16:29 PM"," 9-A","PM01","","RIB40","Aspergillus oryzae","",10.7500,"11.0000","34.2531","11.0000","11.0000","11.0000","11.0000","11.0000","11.0000","21.9905","17.5350","11.0000","11.0000","18.0417","12.2452","40.3491","11.0000","11.0000","11.0000","11.0000","57.2122","11.0000","18.9336","11.0000","11.0000","11.3332","13.0636","11.0000","66.8976","22.6808","11.0000","11.0000","11.0000","11.0000","11.0000","11.0000","11.0000","11.0000","15.4395","11.0000","11.0000","11.0000","11.0000","11.0000","11.0000","11.0000","18.1080","11.0000","13.3044","19.5800","11.0000","11.0000","11.0000","11.9357","11.0000","11.0000","11.0000","11.0000","11.0000","11.0000","11.0000","11.9468","11.0000","17.5846","12.2995","11.0000","11.0000","11.0000","11.0000","11.0000","11.0000","12.7626","45.9633","15.9436","11.0000","11.0000","11.0000","11.0000","11.0000","11.0000","11.0000","11.0000","11.0000","21.8149","25.6765","25.4058","11.5977","12.8429","13.1212","15.4397","98.6847","23.7768","11.0000","19.1699","13.9709","30.9018","19.6584"
"C:\Users\cfg364\Sommerlab Dropbox\Casper van der Luijt\Casper\Data\BioLog\OmniLog\CL3\DATA_2024\08\_RIB40_Aspergillus oryzae__1_30_CL3_769_8#19#2024_A_ 9A_7.OKA","8/19/2024 7:16:29 PM"," 9-A","PM01","","RIB40","Aspergillus oryzae","",11.0000,"11.0000","33.5265","11.0000","11.0000","11.0000","11.0000","11.0000","11.0000","21.8397","17.1673","11.0000","11.6200","16.8858","15.5279","37.1182","11.0000","11.0000","11.0000","11.0000","58.2964","11.0000","20.3640","11.0000","11.0000","11.3951","13.6651","11.0000","71.3558","22.8466","11.0000","11.0000","11.0000","11.0000","11.0000","11.0000","11.0000","11.0000","16.8034","11.0000","11.0000","11.0000","11.0000","11.0000","11.0000","11.0000","15.0753","11.0000","11.0000","21.0913","11.0000","11.0000","11.0000","11.8136","11.0000","11.0000","11.0000","11.0000","11.0000","11.0000","11.4128","15.4147","11.0000","21.3546","11.0000","11.0000","11.0000","13.0826","11.0000","11.0000","11.0000","12.5763","46.9562","17.3899","11.0000","11.0000","11.0000","15.8731","11.0000","11.0000","11.0000","11.0000","11.0000","26.6448","27.6979","23.9429","11.3137","11.6678","13.6210","15.6085","101.7646","25.5698","11.0000","12.9688","15.7085","33.2061","19.8708"
"C:\Users\cfg364\Sommerlab Dropbox\Casper van der Luijt\Casper\Data\BioLog\OmniLog\CL3\DATA_2024\08\_RIB40_Aspergillus oryzae__1_30_CL3_769_8#19#2024_A_ 9A_7.OKA","8/19/2024 7:16:29 PM"," 9-A","PM01","","RIB40","Aspergillus oryzae","",11.2500,"11.0000","31.3336","11.0000","11.0000","11.0000","12.8852","11.0000","11.0000","23.4566","15.9856","11.0000","15.5829","17.1191","11.0000","38.3385","11.0000","11.0000","11.0000","11.0000","58.0359","11.0000","20.7229","11.0000","11.0000","11.0000","15.8883","11.0000","69.0635","29.6559","11.0000","11.0000","11.0000","11.0000","11.0000","11.0000","11.9282","11.0000","16.6734","11.0000","11.0000","11.0000","11.0000","11.0000","11.0000","11.0000","15.3274","11.0000","11.0000","21.3200","11.0000","11.0000","11.0000","13.6457","11.0000","11.0000","11.0000","11.0000","11.0000","11.0000","11.0000","16.6277","11.0000","20.1219","13.7896","11.0000","11.0000","12.2334","11.0000","11.0000","11.0000","14.4718","47.0186","15.0568","11.8267","11.0000","11.0000","15.3405","11.0000","11.0000","11.0000","11.0000","12.7028","19.3403","35.8005","26.7642","12.0321","14.2506","11.9593","11.0000","99.1538","27.0214","11.0000","19.0698","12.4744","34.9216","21.8086"
"C:\Users\cfg364\Sommerlab Dropbox\Casper van der Luijt\Casper\Data\BioLog\OmniLog\CL3\DATA_2024\08\_RIB40_Aspergillus oryzae__1_30_CL3_769_8#19#2024_A_ 9A_7.OKA","8/19/2024 7:16:29 PM"," 9-A","PM01","","RIB40","Aspergillus oryzae","",11.5000,"11.0000","31.2426","11.0000","11.0000","11.0000","11.0000","11.0000","11.0000","26.1865","17.8316","11.0000","18.3644","20.5040","11.4672","37.1477","11.0000","11.0000","11.0000","11.0000","60.7521","11.0000","18.9747","11.0000","11.9242","12.7291","18.0459","11.0000","69.7127","28.7585","11.0000","11.0000","11.0000","11.0000","11.0000","11.0000","11.0000","11.0000","16.7539","11.0000","11.0000","11.0000","11.0000","11.0000","11.0000","11.0000","16.6896","11.0000","12.3639","25.4239","11.0000","11.0000","11.0000","13.0616","11.0000","11.0000","11.0000","11.0000","11.0000","11.0000","14.5557","11.0000","11.0000","18.6590","14.1322","11.0000","11.0000","14.8636","11.0000","11.0000","11.0000","13.6724","47.3033","13.8090","11.0000","11.0000","11.0000","11.0000","11.0000","11.0000","11.0000","11.0000","11.0000","23.7919","31.0328","25.1486","11.4380","11.0000","11.0000","15.7391","100.5025","23.6072","14.0142","18.1791","11.0000","31.1737","19.7958"
"C:\Users\cfg364\Sommerlab Dropbox\Casper van der Luijt\Casper\Data\BioLog\OmniLog\CL3\DATA_2024\08\_RIB40_Aspergillus oryzae__1_30_CL3_769_8#19#2024_A_ 9A_7.OKA","8/19/2024 7:16:29 PM"," 9-A","PM01","","RIB40","Aspergillus oryzae","",11.7500,"11.0000","33.1253","11.0000","11.0000","11.0000","11.0000","11.0000","11.0000","23.2652","19.6950","11.0000","14.7575","18.8681","11.1563","36.9364","11.0000","11.0000","11.0000","11.0000","56.3807","11.0000","23.6955","11.0000","11.0000","15.2642","13.6674","11.0000","71.8935","29.8259","11.0000","11.0000","11.0000","11.0000","11.0000","11.0000","11.0000","11.0000","14.0337","11.0000","11.0000","11.0000","11.0000","11.0000","11.0000","11.0000","15.3463","11.0000","11.0000","20.3036","11.0000","11.0000","11.0000","12.9089","11.0000","11.0000","11.0000","11.0000","11.0000","11.0000","11.0000","11.0000","11.0000","14.2029","15.2750","11.0000","11.0000","11.0000","11.0000","11.0000","11.0000","15.4196","46.4246","16.0574","11.0000","11.0000","11.0000","12.5372","11.0000","11.0000","11.0000","11.0000","13.0832","19.2060","29.4165","24.4945","11.5638","11.3519","11.5908","15.6389","104.4592","27.4801","11.0000","17.3812","12.7382","32.3828","22.8011"
"C:\Users\cfg364\Sommerlab Dropbox\Casper van der Luijt\Casper\Data\BioLog\OmniLog\CL3\DATA_2024\08\_RIB40_Aspergillus oryzae__1_30_CL3_769_8#19#2024_A_ 9A_7.OKA","8/19/2024 7:16:29 PM"," 9-A","PM01","","RIB40","Aspergillus oryzae","",12.0000,"11.0000","33.7981","11.0000","11.0000","11.0000","11.2564","11.0000","11.0000","24.5923","16.6581","11.0000","14.5065","17.0775","13.0992","37.7512","11.0000","11.0000","11.0000","11.0000","62.9336","11.0000","22.1801","11.0000","11.8971","13.1475","14.0088","11.0000","71.8279","31.0220","11.0000","11.0000","11.0000","11.0000","11.0000","11.0000","11.0000","11.0000","13.6759","11.0000","11.0000","11.0000","11.0000","11.0000","11.0000","11.0000","15.0560","11.0000","14.5157","22.2076","11.0000","11.0000","11.0000","12.4375","11.0000","11.0000","11.0000","11.0000","11.0000","11.0000","12.4304","13.4404","11.0000","20.7744","16.8751","11.0000","11.0000","11.1266","11.0000","11.0000","11.0000","12.0456","50.3899","11.4856","11.0000","11.0000","11.0000","11.5235","11.0000","11.0000","11.0000","11.0000","11.0000","20.6870","28.5381","26.1516","14.2495","11.5727","11.6518","13.5837","102.9127","22.5618","11.6451","18.5467","13.7453","31.3275","24.5052"
"C:\Users\cfg364\Sommerlab Dropbox\Casper van der Luijt\Casper\Data\BioLog\OmniLog\CL3\DATA_2024\08\_RIB40_Aspergillus oryzae__1_30_CL3_769_8#19#2024_A_ 9A_7.OKA","8/19/2024 7:16:29 PM"," 9-A","PM01","","RIB40","Aspergillus oryzae","",12.2500,"11.0000","34.0598","11.0000","11.0000","11.0000","14.2282","11.0000","11.0000","26.0038","16.5740","11.0000","20.6033","22.5696","12.9611","43.0646","11.0000","11.0000","11.0000","11.0000","60.9519","11.0000","18.2609","11.0000","11.0000","13.5096","14.0589","11.0000","66.9097","30.9129","11.0000","11.0000","11.0000","11.0000","11.0000","11.0000","11.0000","11.0000","15.9211","11.0000","11.0000","11.0000","11.0000","11.0000","11.0000","11.0000","12.0713","11.0000","12.0251","19.6590","11.0000","11.0000","11.0000","11.6244","11.0000","11.0000","11.0000","11.0000","11.0000","11.0000","11.2879","11.0000","11.0000","18.8044","12.6797","11.0000","11.0000","11.0000","11.0000","11.0000","11.0000","12.5710","46.8132","17.7062","11.0000","11.0000","11.0000","11.0000","11.0000","11.0000","11.0000","11.0000","12.0601","22.0900","27.4135","28.9271","11.7510","15.1931","13.2431","15.7600","102.3105","26.3955","11.0000","19.7347","11.0000","35.6658","24.0066"
"C:\Users\cfg364\Sommerlab Dropbox\Casper van der Luijt\Casper\Data\BioLog\OmniLog\CL3\DATA_2024\08\_RIB40_Aspergillus oryzae__1_30_CL3_769_8#19#2024_A_ 9A_7.OKA","8/19/2024 7:16:29 PM"," 9-A","PM01","","RIB40","Aspergillus oryzae","",12.5000,"12.4521","31.6843","11.0000","11.0000","11.0000","11.0000","11.0000","11.0000","26.2333","18.3757","11.0000","14.6367","16.9911","14.1412","40.4847","11.0000","11.0000","11.0000","11.0000","65.1497","11.0000","24.3149","11.0000","12.8187","16.5422","15.9274","11.0000","72.5835","31.9053","11.0000","11.0000","11.0000","11.0000","11.0000","11.0000","11.0000","11.0000","17.7416","11.0000","11.0000","11.0000","11.0000","11.0000","11.0000","11.0000","11.3913","11.0000","13.0521","23.6889","11.0000","11.0000","11.0000","14.5885","11.0000","11.0000","11.0000","11.0000","11.0000","11.0000","11.0000","11.0000","11.0000","17.8514","11.0000","11.0000","11.0000","11.5679","11.0000","11.0000","11.0000","13.4148","47.5482","16.8026","11.0000","11.0000","11.0000","14.6160","11.0000","11.0000","11.0000","11.0000","11.0000","25.5810","30.7937","27.7096","14.7089","13.9227","12.7921","12.9653","100.8797","25.9777","11.4199","15.9754","13.8271","34.8616","21.4558"
"C:\Users\cfg364\Sommerlab Dropbox\Casper van der Luijt\Casper\Data\BioLog\OmniLog\CL3\DATA_2024\08\_RIB40_Aspergillus oryzae__1_30_CL3_769_8#19#2024_A_ 9A_7.OKA","8/19/2024 7:16:29 PM"," 9-A","PM01","","RIB40","Aspergillus oryzae","",12.7500,"11.0000","30.3994","11.0000","11.0000","11.0000","11.0000","11.0000","11.0000","26.4569","15.0085","11.0000","16.1777","17.9081","13.7991","40.7284","11.0000","11.0000","11.0000","11.0000","63.2652","11.0000","21.9112","11.0000","11.0000","17.1446","15.3972","11.0000","72.0304","32.6996","11.0000","11.0000","11.0000","11.0000","11.0000","11.0000","11.7129","11.0000","17.0517","11.0000","11.0000","11.0000","11.0000","11.6037","11.0000","11.0000","13.3481","11.0000","11.2798","22.4906","11.0000","11.0000","11.0000","12.9971","11.0000","11.0000","11.0000","11.0000","11.0000","11.0000","11.5726","11.0000","11.0000","16.1848","11.2539","11.7935","11.0000","13.1140","11.0000","11.0000","11.0000","15.3278","45.3274","16.4718","11.0000","11.0000","11.0000","17.0675","11.0000","11.0000","11.0000","11.0000","12.8372","21.8233","27.8231","27.9796","15.3946","13.7639","12.0505","13.4956","100.8797","26.3634","11.2907","21.6708","16.1992","34.6312","22.0652"
"C:\Users\cfg364\Sommerlab Dropbox\Casper van der Luijt\Casper\Data\BioLog\OmniLog\CL3\DATA_2024\08\_RIB40_Aspergillus oryzae__1_30_CL3_769_8#19#2024_A_ 9A_7.OKA","8/19/2024 7:16:29 PM"," 9-A","PM01","","RIB40","Aspergillus oryzae","",13.0000,"11.0000","33.3189","11.0000","11.0000","11.0000","11.0000","11.0000","11.0000","26.2862","17.1347","11.0000","14.9896","18.9519","11.0000","38.3476","11.0000","11.0000","11.0000","11.0000","63.6289","11.0000","17.9139","11.0000","11.0000","11.3956","17.2912","11.0000","70.8535","27.9399","11.0000","11.0000","11.0000","11.0000","11.0000","11.0000","11.0000","11.0000","13.5859","11.0000","11.0000","11.0000","11.0000","11.0000","11.0000","11.0000","13.0873","11.0000","12.4640","23.6135","11.0000","11.0000","11.0000","15.5555","11.0000","11.0000","11.0000","11.0000","11.0000","11.0000","11.0959","16.0820","11.0000","17.1076","12.7089","11.0000","11.0000","11.0000","11.0000","11.0000","11.0000","14.0080","43.2365","16.4065","11.0000","11.0000","11.0000","11.0000","11.0000","11.0000","11.0000","11.0000","11.0000","18.5494","26.7155","29.7243","11.0000","11.2228","11.0000","15.2005","106.3226","26.2868","11.0000","16.1083","12.9594","34.5307","20.0343"
"C:\Users\cfg364\Sommerlab Dropbox\Casper van der Luijt\Casper\Data\BioLog\OmniLog\CL3\DATA_2024\08\_RIB40_Aspergillus oryzae__1_30_CL3_769_8#19#2024_A_ 9A_7.OKA","8/19/2024 7:16:29 PM"," 9-A","PM01","","RIB40","Aspergillus oryzae","",13.2500,"11.0000","33.0677","11.0000","11.0000","11.0000","11.0000","11.0000","11.0000","28.8178","17.6165","11.0000","13.7216","15.9241","11.8154","40.2683","11.0000","11.0000","11.0000","11.0000","58.5897","11.0000","19.8575","11.0000","11.0000","14.6819","15.9831","11.0000","70.6998","28.6111","11.0000","11.0000","11.0000","11.0000","11.0000","11.0000","11.0000","11.0000","11.8515","11.0000","11.0000","11.0000","11.0000","11.0000","11.0000","11.0000","12.2720","11.0000","11.0000","23.1542","11.0000","11.0000","11.0000","14.2138","11.0000","11.0000","11.0000","11.0000","11.0000","11.0000","11.0000","12.0651","11.0000","18.8658","13.4051","11.0000","11.0000","11.6020","11.0000","11.0000","11.0000","14.4780","45.2115","16.6179","11.0000","11.0000","11.0000","11.0000","11.0000","11.0000","11.0000","11.0000","11.0000","18.2578","30.1179","25.7808","11.8177","11.7639","13.4086","13.8315","106.7066","25.4483","12.1325","17.4836","13.4166","34.2016","19.9698"
"C:\Users\cfg364\Sommerlab Dropbox\Casper van der Luijt\Casper\Data\BioLog\OmniLog\CL3\DATA_2024\08\_RIB40_Aspergillus oryzae__1_30_CL3_769_8#19#2024_A_ 9A_7.OKA","8/19/2024 7:16:29 PM"," 9-A","PM01","","RIB40","Aspergillus oryzae","",13.5000,"11.0000","37.5001","11.0000","11.0000","11.0000","11.0000","11.0000","11.0000","24.7791","18.4601","11.0000","15.1712","15.8442","13.5563","47.4398","11.0000","11.0000","11.0000","11.0000","63.0065","11.0000","25.3074","11.0000","11.3401","13.5429","13.8899","11.0000","75.6480","29.1014","11.0000","11.0000","11.0000","11.0000","11.0000","11.0000","11.0000","11.0000","15.8213","11.0000","11.0000","11.0000","11.0000","11.0000","11.0000","11.0000","19.1122","11.0000","14.3218","19.7056","11.0000","11.0000","11.0000","16.6721","11.0000","11.0000","11.0000","11.0000","11.0000","11.0000","11.9562","13.3916","11.0000","20.7733","13.9617","11.0000","11.0000","14.2026","11.0000","11.0000","11.0000","14.6212","47.3805","14.6526","11.0000","11.0000","11.0000","11.0000","11.0000","11.0000","11.0000","11.0000","11.0000","20.9198","30.4886","29.0217","15.0953","16.2426","12.6125","15.8840","106.1212","27.0651","11.1292","18.3907","15.0809","30.0604","23.9788"
"C:\Users\cfg364\Sommerlab Dropbox\Casper van der Luijt\Casper\Data\BioLog\OmniLog\CL3\DATA_2024\08\_RIB40_Aspergillus oryzae__1_30_CL3_769_8#19#2024_A_ 9A_7.OKA","8/19/2024 7:16:29 PM"," 9-A","PM01","","RIB40","Aspergillus oryzae","",13.7500,"11.0000","33.2239","11.0000","11.0000","11.0000","11.0000","11.0000","11.0000","24.8755","18.3960","11.0000","16.5925","15.2923","11.8417","44.2724","11.0000","11.0000","11.0000","11.0000","58.1834","11.0000","21.3051","11.0000","14.0609","15.3593","13.0418","11.0000","73.0474","29.8050","11.0000","11.0000","11.0000","11.0000","11.0000","11.0000","11.0000","11.0000","12.3235","11.0000","11.0000","11.0000","11.0000","11.0000","11.0000","11.0000","14.7167","11.0000","11.5588","20.1995","11.0000","11.0000","11.0000","12.6922","11.0000","11.0000","11.0000","11.0000","11.0000","11.0000","11.7331","11.9505","11.0000","19.7251","13.5521","11.0000","11.0000","11.0000","11.0000","11.0000","11.0000","13.3301","41.2800","17.0072","11.0000","11.0000","11.0000","11.0000","11.0000","11.0000","11.0000","11.0000","11.0000","20.4997","26.5779","26.9458","12.0629","11.0000","11.0000","19.5006","105.4834","24.1354","11.0000","18.2272","11.4244","29.9614","24.5556"
"C:\Users\cfg364\Sommerlab Dropbox\Casper van der Luijt\Casper\Data\BioLog\OmniLog\CL3\DATA_2024\08\_RIB40_Aspergillus oryzae__1_30_CL3_769_8#19#2024_A_ 9A_7.OKA","8/19/2024 7:16:29 PM"," 9-A","PM01","","RIB40","Aspergillus oryzae","",14.0000,"11.0000","34.5657","11.0000","11.0000","11.0000","11.0000","11.0000","11.0000","28.8077","17.9892","11.0000","17.9713","18.6237","13.6753","39.6227","11.0000","11.0000","11.0000","11.0000","63.6392","11.0000","21.9007","11.0000","12.6938","15.5087","17.2240","11.0000","75.5995","25.4416","11.0000","11.0000","11.0000","11.0000","11.0000","11.0000","11.0000","11.0000","15.6551","11.0000","11.0000","11.0000","11.0000","11.0000","11.0000","11.0000","16.1798","11.0000","18.1324","21.8549","11.0000","11.0000","11.0000","16.7963","11.0000","11.0000","11.0000","11.0000","11.0000","11.0000","11.6046","13.6887","11.0000","18.8966","15.9588","11.0000","11.0000","12.8076","11.0000","11.0000","11.0000","13.6704","42.8814","16.6299","11.0000","11.0000","11.0000","11.0000","11.0000","11.0000","11.0000","11.0000","14.6055","22.4874","27.2789","23.7425","11.6892","16.3093","12.8209","14.3644","104.4692","23.8945","11.0000","19.8066","17.3045","32.4663","23.8273"
"C:\Users\cfg364\Sommerlab Dropbox\Casper van der Luijt\Casper\Data\BioLog\OmniLog\CL3\DATA_2024\08\_RIB40_Aspergillus oryzae__1_30_CL3_769_8#19#2024_A_ 9A_7.OKA","8/19/2024 7:16:29 PM"," 9-A","PM01","","RIB40","Aspergillus oryzae","",14.2500,"11.0000","33.6041","11.0000","11.0000","11.0000","11.0000","11.0000","11.0000","24.5638","17.6003","11.0000","18.8350","15.6096","11.0000","41.4070","11.0000","11.0000","11.0000","11.0000","62.2284","11.0000","19.1950","11.0000","13.3382","16.8998","12.8473","11.0000","75.0238","28.6607","11.0000","11.0000","11.0000","11.0000","11.0000","11.0000","11.0000","11.0000","19.1214","11.0000","11.0000","11.0000","11.0000","11.0000","11.0000","11.0000","18.5841","11.0000","11.0000","24.9775","11.0000","11.0000","11.0000","16.1408","11.0000","11.0000","11.0000","11.0000","11.0000","11.0000","12.6254","11.9194","11.0000","21.1761","13.5763","11.0000","11.0000","12.0793","11.0000","11.0000","11.0000","16.4294","46.6906","13.2394","11.0000","11.0000","11.0000","11.0000","11.0000","11.0000","11.0000","11.0000","13.1255","18.7097","28.8215","27.3092","13.6836","11.0000","11.7104","18.0440","106.9719","27.8853","13.5470","22.5673","11.0000","30.9547","18.0925"
"C:\Users\cfg364\Sommerlab Dropbox\Casper van der Luijt\Casper\Data\BioLog\OmniLog\CL3\DATA_2024\08\_RIB40_Aspergillus oryzae__1_30_CL3_769_8#19#2024_A_ 9A_7.OKA","8/19/2024 7:16:29 PM"," 9-A","PM01","","RIB40","Aspergillus oryzae","",14.5000,"11.0000","38.3659","11.0000","11.0000","11.0000","11.0000","11.0000","11.0000","27.5005","13.4020","11.0000","18.1605","20.7967","11.6268","42.9153","11.0000","11.0000","11.0000","11.0000","64.4643","11.0000","19.2164","11.0000","12.8528","16.8169","16.4363","11.0000","73.3125","30.3530","11.0000","11.0000","11.0000","11.0000","11.0000","11.0000","11.7179","12.1444","18.9296","11.0000","11.0000","11.0000","11.0000","11.0000","11.0000","11.0000","13.7574","11.0000","11.5944","20.0655","11.0000","11.0000","11.0000","13.2119","11.0000","11.0000","11.0000","11.0000","11.0000","11.0000","11.0000","13.7714","11.0000","19.2864","11.0000","11.0000","11.0000","11.8866","11.0000","11.0000","11.0000","14.9081","40.1135","15.6471","11.0000","11.0000","11.0000","12.3274","11.0000","11.0000","11.0000","11.0000","11.5825","19.5542","26.8498","26.1334","18.4041","14.5546","12.1795","15.5203","109.0917","23.0636","14.7255","17.2543","11.0000","32.5429","23.4329"
"C:\Users\cfg364\Sommerlab Dropbox\Casper van der Luijt\Casper\Data\BioLog\OmniLog\CL3\DATA_2024\08\_RIB40_Aspergillus oryzae__1_30_CL3_769_8#19#2024_A_ 9A_7.OKA","8/19/2024 7:16:29 PM"," 9-A","PM01","","RIB40","Aspergillus oryzae","",14.7500,"11.0000","35.6772","11.0000","11.0000","11.0000","11.9288","11.0000","11.0000","26.0832","16.3025","11.0000","17.1913","17.7917","17.1414","44.3428","11.0000","11.0000","11.0000","11.0000","64.9144","11.0000","21.4160","11.0000","14.5681","21.1054","16.2747","11.0000","77.8467","33.0878","11.0000","11.0000","11.0000","11.0000","11.0000","11.0000","12.3290","11.0000","16.6462","11.0000","11.0000","11.0000","11.0000","12.3625","11.0000","11.0000","16.5947","11.0000","13.5181","22.1428","11.0000","11.0000","11.0000","18.3770","11.0000","11.0000","11.0000","11.0000","11.0000","11.0000","12.6582","14.2017","11.0000","17.5650","17.3578","11.0000","11.0000","15.2257","11.0000","11.0000","11.0000","18.2585","41.2727","18.5499","11.0000","11.0000","11.0000","11.0000","11.0000","11.0000","11.0000","11.0000","11.0000","21.6331","32.5699","27.0530","15.5375","12.8986","11.0000","21.2720","107.7122","27.0238","13.7291","17.9817","13.0655","36.2352","20.4545"
"C:\Users\cfg364\Sommerlab Dropbox\Casper van der Luijt\Casper\Data\BioLog\OmniLog\CL3\DATA_2024\08\_RIB40_Aspergillus oryzae__1_30_CL3_769_8#19#2024_A_ 9A_7.OKA","8/19/2024 7:16:29 PM"," 9-A","PM01","","RIB40","Aspergillus oryzae","",15.0000,"11.0000","36.7747","11.0000","11.0000","11.0000","11.0000","11.0000","11.0000","26.8551","17.7719","11.0000","17.3461","14.6100","17.8548","43.7669","11.0000","11.0000","11.0000","11.0000","66.0769","11.0000","21.6377","11.0000","14.9064","20.3814","17.0237","11.0000","80.4874","31.3106","11.0000","11.0000","11.0000","11.0000","11.0000","11.0000","15.1724","11.3629","19.2183","11.0000","11.0000","11.0000","11.0000","12.2357","11.0000","11.0000","18.8584","11.0000","15.3834","19.5191","11.0000","11.0000","11.0000","20.3379","11.0000","11.0000","11.0000","11.0000","11.0000","11.0000","11.6378","14.2932","11.0000","18.7979","17.3578","11.0000","11.0000","13.1444","11.0000","11.0000","11.0000","21.6375","41.2727","16.3755","11.0000","11.0000","11.0000","11.6478","11.0000","11.0000","11.0000","11.0000","14.4844","19.1445","32.2805","30.0236","20.3857","15.0820","11.0620","15.7791","106.6515","27.8587","18.6094","21.6356","16.0818","34.8915","22.5842"
"C:\Users\cfg364\Sommerlab Dropbox\Casper van der Luijt\Casper\Data\BioLog\OmniLog\CL3\DATA_2024\08\_RIB40_Aspergillus oryzae__1_30_CL3_769_8#19#2024_A_ 9A_7.OKA","8/19/2024 7:16:29 PM"," 9-A","PM01","","RIB40","Aspergillus oryzae","",15.2500,"11.0000","35.3607","11.0000","11.0000","11.0000","11.0000","11.0000","11.0000","22.3911","12.9621","11.0000","16.9187","18.8783","13.9205","41.7262","11.0000","11.0000","11.0000","11.0000","68.0938","11.0000","18.4322","11.0000","15.7715","18.2931","11.0000","11.0000","77.2162","29.8818","11.0000","11.0000","11.0000","11.0000","11.0000","11.0000","11.0000","11.0000","14.0845","11.0000","11.0000","11.0000","11.0000","11.0000","11.0000","11.0000","18.6434","11.0000","13.9592","22.7526","11.0000","11.0000","11.0000","14.5013","11.0000","11.0000","11.0000","11.0000","11.0000","11.0000","11.5112","14.0185","11.0000","20.9648","12.2671","11.0000","11.0000","11.0000","11.0000","11.0000","11.0000","16.8534","37.9882","19.5585","11.0000","11.0000","11.0000","11.0000","11.0000","11.0000","11.0000","11.0000","11.1611","19.6873","28.7339","25.5134","16.3469","11.0000","11.9636","16.2347","107.4628","23.4229","16.1586","18.3669","11.4912","33.2766","24.0459"
"C:\Users\cfg364\Sommerlab Dropbox\Casper van der Luijt\Casper\Data\BioLog\OmniLog\CL3\DATA_2024\08\_RIB40_Aspergillus oryzae__1_30_CL3_769_8#19#2024_A_ 9A_7.OKA","8/19/2024 7:16:29 PM"," 9-A","PM01","","RIB40","Aspergillus oryzae","",15.5000,"11.0000","37.7343","11.0000","11.0000","11.0000","11.0000","11.0000","11.0000","25.2790","14.3452","11.0000","16.1130","19.6722","14.3555","41.7568","11.0000","11.0000","11.0000","11.0000","62.8178","11.0000","17.7334","11.0000","13.5858","20.2602","13.1346","11.0000","75.0049","28.8931","11.0000","11.0000","11.0000","11.0000","11.0000","11.0000","11.0000","12.5419","12.6052","11.0000","11.0000","11.0000","11.0000","11.0000","11.0000","11.0000","17.6759","11.0000","14.8625","22.9064","11.0000","11.0000","11.0000","18.3152","11.0000","11.0000","11.0000","11.0000","11.0000","11.0000","11.0000","18.8359","11.0000","16.7074","14.6114","11.0000","11.0000","12.1119","11.0000","11.0000","11.0000","17.4513","39.7149","21.0050","11.0000","11.0000","11.0000","11.0000","11.0000","11.0000","11.0000","11.0000","16.2851","19.3644","25.0515","24.5458","17.8165","12.6708","11.0000","19.9826","108.1035","24.1994","16.1263","22.6697","15.0607","36.2052","24.9113"
"C:\Users\cfg364\Sommerlab Dropbox\Casper van der Luijt\Casper\Data\BioLog\OmniLog\CL3\DATA_2024\08\_RIB40_Aspergillus oryzae__1_30_CL3_769_8#19#2024_A_ 9A_7.OKA","8/19/2024 7:16:29 PM"," 9-A","PM01","","RIB40","Aspergillus oryzae","",15.7500,"11.0000","40.5815","11.0000","11.0000","11.0000","11.0000","11.0000","11.0000","25.3499","14.2638","11.7863","22.4740","19.2901","14.7958","38.2192","11.0000","11.0000","11.0000","11.0000","67.4824","11.0000","23.0601","11.0000","11.0000","17.2821","13.6859","11.0000","80.2901","28.2655","11.0000","11.0000","11.0000","11.0000","11.0000","11.0000","11.9936","11.0000","13.1792","11.0000","11.0000","11.0000","11.0000","11.0000","11.0000","11.0000","16.3323","11.0320","13.9859","21.9352","11.0000","11.0000","11.0000","16.8837","11.0000","11.0000","11.0000","11.0000","11.0000","11.0000","11.0000","18.1770","11.0000","17.3136","14.8682","11.0000","11.0000","11.9819","11.0000","11.0000","11.0000","19.9817","39.4732","15.5585","11.0000","11.0000","11.0000","12.5352","11.0000","11.0000","11.0000","11.0000","11.0000","20.6348","27.8061","28.8164","13.9007","13.8282","12.2719","19.7786","108.3412","28.2045","14.9445","19.6801","14.8028","32.4175","27.0794"
"C:\Users\cfg364\Sommerlab Dropbox\Casper van der Luijt\Casper\Data\BioLog\OmniLog\CL3\DATA_2024\08\_RIB40_Aspergillus oryzae__1_30_CL3_769_8#19#2024_A_ 9A_7.OKA","8/19/2024 7:16:29 PM"," 9-A","PM01","","RIB40","Aspergillus oryzae","",16.0000,"11.8321","38.1005","11.0000","11.0000","11.0000","11.0000","11.0000","11.0000","23.4345","16.6577","11.0000","15.7763","19.6310","14.9821","36.1798","11.0000","11.0000","11.0000","11.0000","65.1379","11.0000","19.2866","11.0000","15.5835","20.0978","15.7483","11.0000","80.0441","26.3036","11.0000","11.0000","11.0000","11.0000","11.0000","11.0000","14.2235","12.2691","13.7367","11.0000","11.0000","11.0000","11.0000","11.0000","11.0000","11.0000","14.3802","11.0000","12.6538","22.4234","11.0000","11.0000","11.0000","16.2184","11.0000","11.0000","11.0000","11.0000","11.0000","11.0000","12.3404","12.9930","11.0000","23.7879","16.0480","11.0000","11.0000","11.0000","11.0000","11.0000","11.0000","16.6435","41.8831","19.3475","11.0000","11.0000","11.0000","11.0000","11.0000","11.0000","11.0000","11.0000","17.0917","22.2519","28.4631","30.7997","16.6217","14.4156","12.6705","21.3636","107.0847","26.5338","16.1115","19.6027","17.0053","30.1685","28.4377"
"C:\Users\cfg364\Sommerlab Dropbox\Casper van der Luijt\Casper\Data\BioLog\OmniLog\CL3\DATA_2024\08\_RIB40_Aspergillus oryzae__1_30_CL3_769_8#19#2024_A_ 9A_7.OKA","8/19/2024 7:16:29 PM"," 9-A","PM01","","RIB40","Aspergillus oryzae","",16.2500,"13.1572","42.1546","11.0000","11.0000","11.0000","11.0000","11.0000","11.0000","18.7836","16.9454","11.0000","19.6532","17.2437","14.0177","36.7604","11.0000","11.0000","11.0000","11.0000","65.7685","11.0000","17.7309","13.5421","16.9062","18.0828","18.8409","11.0000","78.6332","26.6217","11.0000","11.0000","11.0000","11.0000","11.0000","11.0000","16.1141","11.7856","15.1207","11.0000","11.0000","11.0000","11.0000","11.6352","11.0000","11.0000","18.0855","11.0000","14.8381","22.0856","11.0000","11.0000","11.0000","19.7181","11.0000","11.0000","11.0000","11.0000","11.0000","11.0000","12.2766","14.5261","11.0000","24.2162","16.5183","11.0000","11.0000","12.2425","11.0000","11.0000","11.0000","16.6751","38.8678","19.5886","11.0000","11.6584","11.0000","12.6644","11.0000","11.0000","11.0000","11.0000","16.2859","21.8018","27.4606","31.3128","19.6824","13.4260","12.1137","19.5949","106.4750","23.4335","13.5558","21.7289","14.1503","30.9919","25.6541"
"C:\Users\cfg364\Sommerlab Dropbox\Casper van der Luijt\Casper\Data\BioLog\OmniLog\CL3\DATA_2024\08\_RIB40_Aspergillus oryzae__1_30_CL3_769_8#19#2024_A_ 9A_7.OKA","8/19/2024 7:16:29 PM"," 9-A","PM01","","RIB40","Aspergillus oryzae","",16.5000,"12.8815","41.0389","11.0000","11.0000","11.0000","12.7274","11.0000","11.0000","26.6083","17.9252","11.0000","17.2376","17.8257","15.9883","38.0629","11.0000","11.0000","11.0000","11.0000","65.5058","11.0000","17.6361","11.0000","16.7491","18.4026","15.1581","11.0000","83.5445","29.1453","11.0000","11.0000","11.0000","11.0000","11.0000","11.0000","13.0795","11.0000","14.3907","11.0000","11.0000","11.0000","11.0000","11.0000","11.0000","11.0000","18.0406","11.0000","16.3585","25.4928","11.0000","11.0000","11.9419","17.5620","11.0000","11.0000","11.0000","11.0000","11.0000","11.0000","15.0148","14.8842","13.2126","25.4591","11.0000","11.0000","11.0000","11.1583","11.0000","11.0000","11.0000","19.2882","41.0801","22.7489","11.0000","11.0000","11.0000","11.0000","11.0000","11.0000","11.0000","11.0000","14.5682","24.6008","25.8071","30.3743","12.9814","13.9330","15.0223","16.7137","112.3080","23.8199","18.1442","21.0154","16.2320","39.5698","26.5969"
"C:\Users\cfg364\Sommerlab Dropbox\Casper van der Luijt\Casper\Data\BioLog\OmniLog\CL3\DATA_2024\08\_RIB40_Aspergillus oryzae__1_30_CL3_769_8#19#2024_A_ 9A_7.OKA","8/19/2024 7:16:29 PM"," 9-A","PM01","","RIB40","Aspergillus oryzae","",16.7500,"14.6396","39.7924","11.0000","11.0000","11.0000","11.1599","11.0000","11.0000","24.6613","13.3084","11.0000","16.6450","16.7544","16.2377","35.9015","11.0000","11.0000","11.0000","11.0000","64.7799","11.0000","16.2004","11.0000","15.6364","19.8831","15.4082","11.0000","83.2371","22.2494","11.0000","11.0000","11.0000","11.0000","11.0000","11.0000","15.0970","11.0000","14.2965","11.0000","11.0000","11.0000","11.0000","11.0000","11.0000","11.0000","13.7254","11.0000","13.6481","23.3697","11.0000","11.0000","11.3454","19.4681","11.0000","11.0000","11.0000","11.0000","11.0000","11.0000","12.6251","16.1382","12.3088","22.9525","12.2406","11.0000","11.0000","11.2533","11.0000","11.0000","11.0000","19.0046","37.9003","22.7489","11.0000","11.0000","11.0000","12.3276","11.0000","11.0000","11.0000","11.0000","17.3970","20.9996","26.8763","29.2896","14.4596","14.1881","14.1250","16.9323","108.1108","23.0430","16.1400","18.6588","16.0685","35.8277","29.1964"
"C:\Users\cfg364\Sommerlab Dropbox\Casper van der Luijt\Casper\Data\BioLog\OmniLog\CL3\DATA_2024\08\_RIB40_Aspergillus oryzae__1_30_CL3_769_8#19#2024_A_ 9A_7.OKA","8/19/2024 7:16:29 PM"," 9-A","PM01","","RIB40","Aspergillus oryzae","",17.0000,"11.2480","38.3670","11.0000","11.0000","11.0000","11.0000","11.0000","11.0000","18.7642","15.1377","14.2858","18.7916","16.4941","15.1670","34.6604","11.0000","11.0000","11.0000","11.0000","64.1684","11.0000","18.9267","11.0000","16.7366","17.7571","14.3366","11.0000","81.7614","24.9334","11.0000","11.0000","11.0000","11.0000","11.0000","11.0000","16.7969","12.6344","14.6357","11.0000","11.0000","11.0000","11.0000","11.0000","11.0000","11.0000","18.0437","11.0000","17.3016","25.5877","11.0000","11.0000","11.0000","19.2703","11.0000","11.0000","11.0000","11.0000","11.0000","11.0000","13.9644","16.4338","11.0000","22.4790","14.8846","11.7072","11.0000","11.3470","11.0000","11.0000","11.0000","17.8844","38.8287","23.0096","11.0000","11.0000","11.0000","13.9217","11.0000","11.0000","11.0000","11.0000","15.4723","23.1979","25.5440","30.9139","21.2285","20.1289","14.8369","16.2431","108.8724","25.4079","14.4708","21.0688","19.2493","34.1049","28.0854"
"C:\Users\cfg364\Sommerlab Dropbox\Casper van der Luijt\Casper\Data\BioLog\OmniLog\CL3\DATA_2024\08\_RIB40_Aspergillus oryzae__1_30_CL3_769_8#19#2024_A_ 9A_7.OKA","8/19/2024 7:16:29 PM"," 9-A","PM01","","RIB40","Aspergillus oryzae","",17.2500,"15.8218","41.9392","11.0000","11.0000","11.0000","11.2877","11.0000","11.0000","21.8258","16.2829","12.6447","17.5318","12.1422","13.8379","36.5797","11.0000","11.0000","11.0000","11.0000","64.3071","11.0000","22.2978","11.0000","16.0584","16.5218","14.9117","11.0000","82.7320","25.4490","11.0000","11.0000","11.0000","11.0000","11.0000","13.0156","15.4151","15.7115","14.6791","11.0000","11.0000","11.0000","11.0000","12.0493","11.0000","11.0000","20.2958","12.7699","16.3319","24.6037","11.0000","11.0000","12.3544","19.8393","11.0000","11.0000","11.0000","11.0000","11.0961","11.0000","13.7556","15.8794","11.0000","18.2338","16.5178","11.0000","11.0000","11.4752","11.0000","11.0000","13.7890","16.9015","38.0692","22.3305","11.2549","11.0000","11.0000","12.3258","11.0000","11.0000","11.0000","12.4715","16.2867","18.3593","27.0054","33.1901","23.0758","20.5095","14.8049","17.4778","110.2179","26.3925","18.8345","20.7844","14.5083","34.0829","29.3654"
"C:\Users\cfg364\Sommerlab Dropbox\Casper van der Luijt\Casper\Data\BioLog\OmniLog\CL3\DATA_2024\08\_RIB40_Aspergillus oryzae__1_30_CL3_769_8#19#2024_A_ 9A_7.OKA","8/19/2024 7:16:29 PM"," 9-A","PM01","","RIB40","Aspergillus oryzae","",17.5000,"17.0467","48.6916","11.0000","11.0000","11.0000","14.7858","11.0000","11.0000","21.5697","16.2584","17.7024","22.3222","19.3646","16.9894","36.7714","11.0000","11.0000","11.0000","11.0000","72.0756","11.0000","18.5876","11.0320","19.9435","21.5222","18.5567","11.0000","91.7753","25.1962","11.0000","11.0000","11.0000","11.0000","11.2850","11.0000","15.4900","15.4817","11.1894","11.0000","11.0000","11.0000","11.0000","12.5531","11.0000","11.0000","15.5288","12.1654","21.2715","24.2928","11.0000","11.9864","14.1745","20.5947","11.0000","11.0000","11.0000","11.0000","11.1271","11.0000","14.7121","23.2660","12.7540","20.8973","19.3036","13.1216","11.8403","11.0000","11.0000","12.3863","12.2886","23.0280","39.3100","23.1316","12.8779","11.0000","11.0000","14.7703","11.1888","11.0000","11.0000","12.1196","21.8274","23.0689","31.0299","33.9657","21.0372","16.0595","18.6699","24.0998","115.1260","27.2791","18.3131","23.8491","20.6294","38.4850","28.0992"
"C:\Users\cfg364\Sommerlab Dropbox\Casper van der Luijt\Casper\Data\BioLog\OmniLog\CL3\DATA_2024\08\_RIB40_Aspergillus oryzae__1_30_CL3_769_8#19#2024_A_ 9A_7.OKA","8/19/2024 7:16:29 PM"," 9-A","PM01","","RIB40","Aspergillus oryzae","",17.7500,"11.2484","47.3352","11.0000","11.0000","11.0000","11.0000","11.0000","11.0000","21.0303","17.7617","14.6384","19.5268","18.7356","21.7618","35.0761","11.0000","11.0000","11.0000","11.0000","73.2611","11.0000","20.2570","11.0000","18.4849","22.6380","17.7342","11.0000","91.3600","20.2246","11.0000","11.0000","11.0000","11.0000","11.0000","14.4517","17.2153","13.5478","12.8901","11.0000","11.0000","11.0000","11.0000","11.0000","11.0000","11.0000","15.4992","11.0000","21.0394","22.8433","11.0000","11.7994","13.6382","19.4981","11.0000","11.0000","11.0000","11.0000","11.0000","11.0000","15.9910","20.6104","11.0000","18.8206","16.4626","14.9751","11.0000","13.2487","11.0000","11.0000","11.0000","25.7567","37.3551","24.5408","11.0000","11.0000","11.0000","17.3250","11.0000","11.0000","11.0000","12.6270","19.8904","16.7406","29.3606","28.6315","24.2930","20.0520","17.5618","23.7009","112.7146","29.4783","19.6947","21.9276","19.3892","34.3766","32.6248"
"C:\Users\cfg364\Sommerlab Dropbox\Casper van der Luijt\Casper\Data\BioLog\OmniLog\CL3\DATA_2024\08\_RIB40_Aspergillus oryzae__1_30_CL3_769_8#19#2024_A_ 9A_7.OKA","8/19/2024 7:16:29 PM"," 9-A","PM01","","RIB40","Aspergillus oryzae","",18.0000,"14.8032","45.4265","11.0000","11.0000","11.0000","12.0898","11.0000","11.0000","21.9443","15.3685","18.2872","21.1501","22.1296","17.6035","31.7139","12.0725","11.0000","11.0000","11.0000","70.8017","11.0000","18.3194","11.0000","21.7599","21.9385","18.0349","11.0000","90.9550","23.1129","11.0000","11.0000","11.0000","11.0000","11.0000","11.0317","15.5107","16.9637","15.0296","11.0000","11.0000","11.0000","11.0000","11.9514","11.0000","11.0000","16.8343","14.2931","19.4682","25.2927","11.0000","12.5633","11.0000","23.5238","11.0000","11.0000","11.0000","11.0000","16.0971","13.0534","18.3150","25.1748","11.0000","24.8092","16.2665","12.7922","12.5270","12.3619","11.0000","12.5152","11.0000","24.1912","38.5437","26.1171","11.0000","11.0000","11.0000","12.7875","13.8789","11.0000","12.6537","11.7365","17.2154","18.6055","26.3583","31.7744","25.2613","18.7761","19.0439","22.7838","112.3471","28.8720","19.5388","24.3249","21.8916","32.9133","31.9726"
"C:\Users\cfg364\Sommerlab Dropbox\Casper van der Luijt\Casper\Data\BioLog\OmniLog\CL3\DATA_2024\08\_RIB40_Aspergillus oryzae__1_30_CL3_769_8#19#2024_A_ 9A_7.OKA","8/19/2024 7:16:29 PM"," 9-A","PM01","","RIB40","Aspergillus oryzae","",18.2500,"15.6152","48.2043","11.0000","11.0000","11.0000","17.1211","11.0000","11.0000","22.5494","19.7494","18.8080","19.6665","19.8915","15.1344","28.8871","11.0000","11.0000","11.0000","11.0000","72.0031","11.0000","20.4676","11.0000","22.5330","25.1797","17.6313","11.5731","90.2002","18.9906","11.0000","11.0000","11.0000","11.4146","11.0000","11.0000","19.1516","18.0058","15.6710","11.0000","11.0000","11.0000","11.0000","15.4448","11.0000","11.0000","11.4230","17.0590","17.1815","24.3121","11.0000","11.4914","15.5682","19.4016","11.0000","11.0000","11.0000","11.0000","14.0060","11.0000","16.5737","20.5302","11.9990","19.6741","14.0751","11.0000","13.3602","11.9492","11.0000","11.1884","12.8860","22.2801","36.2016","21.6098","11.1277","12.2311","11.0000","14.1629","12.1025","11.0000","11.0000","13.5235","15.3047","20.9032","26.8138","33.1049","22.5228","15.9993","19.4165","25.7131","114.4813","28.6788","18.7857","20.5892","20.4669","35.9961","30.0668"
"C:\Users\cfg364\Sommerlab Dropbox\Casper van der Luijt\Casper\Data\BioLog\OmniLog\CL3\DATA_2024\08\_RIB40_Aspergillus oryzae__1_30_CL3_769_8#19#2024_A_ 9A_7.OKA","8/19/2024 7:16:29 PM"," 9-A","PM01","","RIB40","Aspergillus oryzae","",18.5000,"17.4765","49.2991","11.0000","11.0000","11.0000","14.9842","11.0000","11.0000","20.9947","13.1811","14.3178","20.9368","17.6254","18.9777","29.7643","11.0000","11.0000","11.0000","11.0000","71.6559","11.0000","18.7261","12.9176","22.4441","21.9681","18.5529","11.0000","93.2868","14.1335","11.0000","11.0000","11.4053","12.2333","11.8839","11.5702","14.6370","15.7101","15.6820","11.0000","11.0000","11.0000","11.0000","13.1672","11.0000","11.0000","11.0000","13.5097","17.8398","23.6567","15.7596","11.0000","15.5658","19.0313","11.0000","11.0000","11.0000","11.0000","11.0000","11.0000","20.1811","23.8343","11.0000","19.2109","13.8104","11.4332","15.3371","12.2995","11.0000","11.3139","11.7565","20.3407","35.0950","24.7496","11.0000","14.4469","11.0000","12.0211","16.0015","11.0000","11.0000","11.0962","17.3385","19.7045","26.4587","32.8601","22.6125","18.2104","21.5106","27.0371","110.6074","27.6053","19.1212","20.1670","25.2691","32.8609","30.6480"
"C:\Users\cfg364\Sommerlab Dropbox\Casper van der Luijt\Casper\Data\BioLog\OmniLog\CL3\DATA_2024\08\_RIB40_Aspergillus oryzae__1_30_CL3_769_8#19#2024_A_ 9A_7.OKA","8/19/2024 7:16:29 PM"," 9-A","PM01","","RIB40","Aspergillus oryzae","",18.7500,"16.8122","51.9104","11.0000","11.0000","11.0000","13.2114","11.0000","11.0000","18.9586","12.1783","17.0147","22.7944","20.3889","17.5606","28.7752","13.0160","11.0000","11.0000","11.0000","73.1629","11.0000","22.6862","14.5690","22.6535","22.3301","17.9093","11.5435","94.1983","19.6915","11.0000","11.0000","11.0000","11.0000","11.0000","13.5587","15.9357","17.2429","14.6078","11.3627","11.0000","11.0000","11.0000","11.7308","11.0000","11.0000","17.5330","18.0170","22.3784","24.2669","13.5373","14.8661","14.8268","20.3988","11.0000","11.0000","11.0000","12.3842","15.3036","12.3575","19.2686","29.3619","17.2670","21.3982","15.3864","14.3901","13.2721","15.3909","11.0000","14.7256","16.1209","24.4118","34.5462","26.0483","11.0000","13.0527","11.0000","16.8845","13.2473","13.8804","11.0000","11.0000","22.3534","18.7766","25.2835","34.6027","21.2714","15.9661","17.1567","26.5779","118.2350","30.5506","24.1582","23.7900","23.9890","35.1747","32.4075"
"C:\Users\cfg364\Sommerlab Dropbox\Casper van der Luijt\Casper\Data\BioLog\OmniLog\CL3\DATA_2024\08\_RIB40_Aspergillus oryzae__1_30_CL3_769_8#19#2024_A_ 9A_7.OKA","8/19/2024 7:16:29 PM"," 9-A","PM01","","RIB40","Aspergillus oryzae","",19.0000,"18.1416","49.9118","11.0000","12.0983","11.0000","13.2755","11.0000","11.0000","22.9538","12.4650","19.8174","25.3196","15.9383","16.6546","25.5654","13.5658","11.0000","11.0000","11.0000","73.3518","11.0000","18.8329","13.1669","23.7912","23.1783","18.5346","11.0000","93.4911","17.4475","11.0000","11.0000","11.0000","12.4674","11.7303","11.0000","19.8781","15.1215","13.9490","11.5440","11.0000","11.0000","11.0000","11.0000","11.0000","11.0000","14.7975","19.1165","23.1845","25.5567","14.1399","13.3933","11.6642","21.2080","11.0000","11.0000","11.0000","12.2269","14.7616","11.4420","18.1469","26.4435","11.6548","18.9606","11.8264","13.0033","12.9608","14.0010","11.0000","14.5378","15.2153","25.3855","33.3784","27.2545","11.1607","11.0000","11.2513","14.4633","11.7280","11.6964","11.0638","13.8133","22.4173","18.1957","25.7380","32.3030","27.6091","15.9661","18.7346","28.3431","117.8537","32.6085","24.6704","25.9380","25.5802","32.7704","29.6432"
"C:\Users\cfg364\Sommerlab Dropbox\Casper van der Luijt\Casper\Data\BioLog\OmniLog\CL3\DATA_2024\08\_RIB40_Aspergillus oryzae__1_30_CL3_769_8#19#2024_A_ 9A_7.OKA","8/19/2024 7:16:29 PM"," 9-A","PM01","","RIB40","Aspergillus oryzae","",19.2500,"17.7951","48.7561","11.0000","12.2491","11.0000","13.5322","11.0000","11.0000","17.1844","11.0000","19.5894","21.8056","20.4478","14.7182","24.5144","12.6252","11.3176","11.0000","11.0000","73.6754","11.0000","19.7147","14.2569","22.3966","23.4946","17.8362","11.0000","97.3976","13.4910","11.0000","11.0000","11.0000","15.0494","11.0000","12.2341","20.8485","14.8129","14.4330","11.0000","11.0000","11.0000","11.0000","11.0000","11.0000","13.2314","11.0000","18.1925","15.7437","26.2225","14.0137","11.2150","15.0708","18.9579","11.0000","11.0000","11.0000","11.0000","13.1479","11.2860","21.3923","26.9843","11.0000","18.8881","15.0458","11.4324","13.2113","14.8115","11.0946","12.9487","14.3287","26.6618","31.8673","30.3277","11.4157","11.0000","11.0000","11.3699","13.0162","11.0000","11.9551","14.0435","20.2887","19.1431","29.7362","34.2748","20.6114","19.6391","22.0049","29.8193","116.7352","23.7849","22.3445","24.7297","20.5230","34.7700","34.0779"
"C:\Users\cfg364\Sommerlab Dropbox\Casper van der Luijt\Casper\Data\BioLog\OmniLog\CL3\DATA_2024\08\_RIB40_Aspergillus oryzae__1_30_CL3_769_8#19#2024_A_ 9A_7.OKA","8/19/2024 7:16:29 PM"," 9-A","PM01","","RIB40","Aspergillus oryzae","",19.5000,"16.8751","57.8526","11.0000","11.0000","11.0000","14.4197","11.0000","11.2517","19.1503","11.3210","22.0955","22.5066","20.1322","21.4885","26.7599","12.5007","11.0000","11.0000","11.0000","76.8708","13.0348","22.6189","18.9149","21.7096","26.1829","15.6202","12.1457","95.5874","11.9873","11.0000","14.7949","11.1578","16.7757","14.6314","16.3302","20.6774","17.3635","13.7300","11.0000","11.0000","11.0000","11.0000","14.5234","11.0000","12.7927","13.0018","18.6261","20.5823","25.3413","14.7904","16.0450","18.9140","20.5094","11.0000","11.0000","11.0000","11.0000","12.1294","13.2682","25.6443","25.0799","11.0000","20.9855","17.0288","16.2366","13.7244","12.4856","11.0000","14.1463","14.0256","24.9241","32.4701","31.7851","13.0408","16.5662","14.1174","11.8335","15.4458","11.0000","11.0000","13.2593","18.5196","24.7273","25.1138","41.1796","22.6829","18.2196","19.8709","29.5459","116.0129","26.4693","23.7594","25.9897","23.9370","34.9233","29.7815"
"C:\Users\cfg364\Sommerlab Dropbox\Casper van der Luijt\Casper\Data\BioLog\OmniLog\CL3\DATA_2024\08\_RIB40_Aspergillus oryzae__1_30_CL3_769_8#19#2024_A_ 9A_7.OKA","8/19/2024 7:16:29 PM"," 9-A","PM01","","RIB40","Aspergillus oryzae","",19.7500,"21.0815","50.0938","11.0000","11.4280","11.0000","12.7314","11.0000","11.0000","15.1156","11.0000","19.9989","21.0686","17.2441","18.2666","21.5831","12.5358","11.0000","11.0000","11.0000","72.2053","11.0000","22.3136","11.5105","22.4408","24.7872","17.2083","11.0000","96.0736","11.0000","12.2476","11.0000","11.0000","11.9863","15.4189","13.3036","20.2492","17.7906","15.4876","11.0000","11.0000","11.0000","11.0000","11.0000","11.0000","12.1953","11.0000","18.3404","22.9792","21.7732","11.8263","12.9954","15.0515","21.0606","11.4344","11.0000","11.0000","14.2021","15.3619","13.2457","20.4812","26.1392","11.4071","23.0315","15.5455","17.6770","14.3254","11.9203","12.8843","13.7328","15.0554","22.8482","28.7374","30.8163","13.0747","11.0317","14.9641","13.9923","14.2610","11.0000","11.0000","11.7667","24.1447","25.1075","29.2494","35.2314","28.0807","18.3819","18.1558","23.6590","115.7676","30.7622","22.4795","21.7943","23.6095","40.6889","31.3432"
"C:\Users\cfg364\Sommerlab Dropbox\Casper van der Luijt\Casper\Data\BioLog\OmniLog\CL3\DATA_2024\08\_RIB40_Aspergillus oryzae__1_30_CL3_769_8#19#2024_A_ 9A_7.OKA","8/19/2024 7:16:29 PM"," 9-A","PM01","","RIB40","Aspergillus oryzae","",20.0000,"20.6176","55.9375","11.0000","11.0000","11.0000","13.3727","11.0000","11.0000","15.8230","11.0000","24.1036","20.6945","16.5402","16.1367","20.2411","12.1980","11.6367","11.0000","11.0000","78.9218","11.0000","21.7463","14.7969","25.2395","24.3916","18.2066","13.7732","104.3233","11.0956","12.7155","13.3418","11.0000","11.0000","17.8808","15.6703","22.7465","20.1748","13.1339","11.6395","11.0000","11.0000","11.9033","11.7943","11.0000","11.9122","13.5280","22.3325","22.9173","21.7423","12.7161","14.6225","17.2039","20.6259","11.0000","11.0000","11.0000","14.5788","16.5166","11.0000","20.8630","24.4843","12.3153","21.1899","14.0303","15.5330","13.7038","11.4443","11.0000","11.0000","16.9731","26.8290","26.6432","29.8856","14.2876","13.1865","14.2462","14.4550","14.9258","11.0000","11.0000","16.9103","25.9632","21.3627","26.3424","36.1367","28.3913","20.1319","23.0909","26.7222","113.5440","29.3805","22.1885","24.5419","26.3536","37.8630","32.8146"
"C:\Users\cfg364\Sommerlab Dropbox\Casper van der Luijt\Casper\Data\BioLog\OmniLog\CL3\DATA_2024\08\_RIB40_Aspergillus oryzae__1_30_CL3_769_8#19#2024_A_ 9A_7.OKA","8/19/2024 7:16:29 PM"," 9-A","PM01","","RIB40","Aspergillus oryzae","",20.2500,"21.0065","58.2567","11.0000","11.0000","11.0000","14.0954","11.0000","11.8174","14.0781","13.1389","22.3511","21.3121","19.6660","21.5808","23.5170","14.9168","11.0000","11.0000","11.0000","79.2963","12.8526","17.7843","17.3462","23.1455","27.8442","14.4466","16.1306","100.9819","12.8750","14.4665","16.4349","11.0000","18.2216","16.4288","17.5192","23.0254","18.8592","11.0000","11.0000","11.0000","11.0000","13.0763","12.1111","11.0000","11.5678","13.2952","21.6218","25.1233","26.4712","13.0628","18.7423","16.8025","21.2792","11.0000","12.4481","11.0000","13.8606","16.8119","14.6570","19.0824","30.5049","13.9622","20.1596","18.6809","16.6535","15.3651","11.0000","12.1927","17.0005","13.7458","24.7330","27.3108","31.9509","14.7365","16.3227","12.5367","16.7574","17.8113","14.8462","11.0000","14.0785","23.2992","18.7538","28.0206","36.8517","27.4649","18.0604","21.0360","30.3421","120.5946","24.2742","22.9800","25.4782","23.4413","32.5813","33.9280"
"C:\Users\cfg364\Sommerlab Dropbox\Casper van der Luijt\Casper\Data\BioLog\OmniLog\CL3\DATA_2024\08\_RIB40_Aspergillus oryzae__1_30_CL3_769_8#19#2024_A_ 9A_7.OKA","8/19/2024 7:16:29 PM"," 9-A","PM01","","RIB40","Aspergillus oryzae","",20.5000,"20.3271","59.7771","11.8537","11.0000","11.0000","20.2863","11.0000","11.0000","12.6352","16.6505","27.9949","23.3621","18.3234","22.7599","18.9488","15.3452","11.0000","11.0000","11.0000","80.6459","13.7318","16.8966","15.6795","24.7751","28.0857","15.5433","14.6604","104.2724","11.2225","15.8093","16.9089","13.1425","22.4473","15.0319","19.9325","23.5818","19.9474","11.0000","11.0000","15.1094","11.0000","11.0000","12.0793","11.0000","11.3785","13.2629","19.2721","21.4996","27.6637","15.8872","16.7226","19.1676","21.7776","11.3411","11.8500","11.0000","14.0806","20.5161","13.2383","21.7765","32.7262","14.1181","19.9445","18.0199","13.1316","15.4586","11.0000","13.0087","18.5399","15.4185","26.3709","29.2782","30.6283","16.8762","12.9212","14.9514","15.0948","18.7530","12.9861","14.2187","12.2827","20.3049","17.1317","30.1160","37.8472","25.5939","16.2714","23.0740","31.2410","121.8138","25.5045","21.5878","27.9294","27.2391","33.7292","31.3342"
"C:\Users\cfg364\Sommerlab Dropbox\Casper van der Luijt\Casper\Data\BioLog\OmniLog\CL3\DATA_2024\08\_RIB40_Aspergillus oryzae__1_30_CL3_769_8#19#2024_A_ 9A_7.OKA","8/19/2024 7:16:29 PM"," 9-A","PM01","","RIB40","Aspergillus oryzae","",20.7500,"21.6551","63.2833","14.3539","11.1839","11.0000","16.9675","11.0000","13.4207","13.8216","16.8420","22.9218","21.8090","17.1944","22.5737","18.3092","17.1506","11.0000","11.0000","11.0000","81.6502","12.4758","17.7209","16.0962","27.4195","28.1159","17.1099","16.5807","108.3625","11.0000","14.4665","17.7305","12.6384","21.5643","13.4445","20.9982","23.7364","22.0935","11.5688","11.0000","11.0000","11.0000","11.4339","11.0000","11.0000","13.3028","13.3599","24.4864","24.1941","27.5108","14.2370","19.0177","17.4647","16.7003","11.0000","12.2278","11.6001","13.6405","19.4943","16.1387","20.2691","29.3790","11.6860","17.7621","16.0052","15.7267","15.7704","11.0000","14.0758","16.1523","17.8172","23.6621","29.1195","31.1393","14.8003","16.5747","15.9550","17.7426","18.7216","16.4855","12.7846","15.8423","21.1420","18.6889","27.2147","38.6918","27.0595","19.2425","21.0668","31.4890","121.8459","25.3102","22.5591","29.7596","26.8790","35.5331","32.6151"
"C:\Users\cfg364\Sommerlab Dropbox\Casper van der Luijt\Casper\Data\BioLog\OmniLog\CL3\DATA_2024\08\_RIB40_Aspergillus oryzae__1_30_CL3_769_8#19#2024_A_ 9A_7.OKA","8/19/2024 7:16:29 PM"," 9-A","PM01","","RIB40","Aspergillus oryzae","",21.0000,"20.0419","65.2527","12.1626","11.0000","11.1896","14.5925","11.0000","12.5745","11.0000","14.5502","27.5119","25.2100","18.6571","22.4664","18.4124","18.7589","11.0000","11.0000","11.0000","81.0920","13.6787","18.3172","14.4341","20.9985","26.7329","14.0681","15.5848","107.4677","11.4450","14.8887","15.3939","12.5747","15.1163","16.4414","14.7158","20.9141","16.4074","12.6349","12.3058","11.0000","11.0000","11.0000","11.0000","12.2886","12.2964","14.9985","24.1686","23.4461","24.7672","11.0000","16.9237","14.1322","19.3882","15.4750","11.0634","11.0000","14.1599","22.3631","13.3226","26.3378","26.4123","15.5369","20.5238","15.4468","17.0872","14.5714","13.3493","12.7645","15.4071","15.8199","26.8559","25.3592","29.1923","17.1502","16.6692","13.9936","16.0743","17.7690","12.8722","11.4157","12.1526","21.3518","18.9653","24.6773","41.0797","24.7906","24.3330","17.4790","31.3138","120.3614","30.4810","25.2399","27.3361","29.3322","36.7833","33.4459"
"C:\Users\cfg364\Sommerlab Dropbox\Casper van der Luijt\Casper\Data\BioLog\OmniLog\CL3\DATA_2024\08\_RIB40_Aspergillus oryzae__1_30_CL3_769_8#19#2024_A_ 9A_7.OKA","8/19/2024 7:16:29 PM"," 9-A","PM01","","RIB40","Aspergillus oryzae","",21.2500,"22.3024","62.3285","12.6216","11.0000","11.4739","15.2340","11.0000","11.0000","11.0000","14.3583","28.4869","26.4174","15.5636","22.5283","16.1948","17.1094","11.0000","11.0000","11.0000","82.7639","11.0000","18.5389","11.0000","22.7685","25.5156","13.8803","12.1160","108.7001","11.0000","13.2893","17.9730","11.7243","16.4246","16.9792","12.3339","19.5155","18.9593","11.1572","14.2797","11.0000","11.0000","11.0000","11.0000","13.1687","11.0000","13.1927","21.8826","23.8186","23.3228","12.7879","15.6039","15.9989","18.9843","14.7343","11.4755","11.0000","13.2751","21.0545","11.0000","27.5712","29.2562","14.2541","19.3333","12.9869","19.6872","13.5155","11.0000","12.8906","16.5089","15.5049","25.0976","23.6042","27.3218","14.5690","14.3572","12.9222","13.7537","19.2488","14.9349","11.8314","16.4750","21.2877","19.0943","27.6521","39.5742","23.5055","21.9146","19.8464","30.2545","126.4246","30.5130","23.7868","25.0398","31.7786","36.7180","34.6307"
"C:\Users\cfg364\Sommerlab Dropbox\Casper van der Luijt\Casper\Data\BioLog\OmniLog\CL3\DATA_2024\08\_RIB40_Aspergillus oryzae__1_30_CL3_769_8#19#2024_A_ 9A_7.OKA","8/19/2024 7:16:29 PM"," 9-A","PM01","","RIB40","Aspergillus oryzae","",21.5000,"24.0364","69.1101","15.3751","11.0000","11.0000","12.2509","11.0000","13.1099","11.2576","14.8380","29.1159","25.3029","18.6571","29.3278","18.4428","16.3763","11.0000","11.0000","11.0000","84.5304","13.1745","17.5887","17.6115","24.4763","24.3592","12.1584","15.5546","108.4844","11.0000","17.2094","19.1829","12.7321","18.4030","18.0232","16.4308","22.9342","18.2302","13.2322","14.4923","11.0000","11.0000","11.0000","11.9214","12.3515","12.6126","11.5482","24.3617","23.6013","26.8568","12.4047","17.8444","17.0430","17.4309","16.1848","11.6974","11.0000","14.5706","23.1611","11.8909","30.1011","28.0024","11.5632","21.8669","13.5861","20.6049","17.4907","11.1587","14.0249","15.3441","19.7577","25.0348","26.6675","30.4293","17.5644","14.7689","14.4033","15.9196","19.3432","11.8568","12.2791","15.5145","23.2747","22.6416","27.9754","38.6709","27.5487","25.7967","21.1235","30.0675","123.6483","33.4880","22.7212","25.4663","29.9520","33.8786","33.4139"
"C:\Users\cfg364\Sommerlab Dropbox\Casper van der Luijt\Casper\Data\BioLog\OmniLog\CL3\DATA_2024\08\_RIB40_Aspergillus oryzae__1_30_CL3_769_8#19#2024_A_ 9A_7.OKA","8/19/2024 7:16:29 PM"," 9-A","PM01","","RIB40","Aspergillus oryzae","",21.7500,"21.6521","68.0213","14.1513","11.0000","11.0000","14.4000","11.0000","14.9364","11.0000","16.6611","32.0408","24.4670","19.3616","26.3607","18.7466","15.9486","11.0000","11.0000","11.0000","87.7164","11.0000","16.7334","16.2636","22.8927","26.7633","12.6593","14.5291","114.3692","11.0000","17.6171","14.8845","11.6299","20.3175","16.3149","14.5253","20.9762","18.8377","12.3519","11.0000","11.6189","11.0000","12.9331","11.0000","12.2258","12.2015","11.6772","24.3617","23.4772","21.7863","13.2668","16.7702","17.7074","19.6056","15.1664","11.0000","11.0000","13.7807","22.5866","11.0000","28.2985","30.3877","15.7247","19.6996","15.5414","19.7484","16.7764","13.4763","11.2836","16.3515","17.3950","28.1118","22.6150","29.9164","12.7526","16.1941","16.4831","16.7550","20.0359","11.1587","13.7820","16.3789","22.8901","19.2556","27.0701","41.1700","26.4830","22.0419","19.7218","28.7901","125.2439","32.2084","27.0804","24.1541","29.6584","34.9556","35.6233"
"C:\Users\cfg364\Sommerlab Dropbox\Casper van der Luijt\Casper\Data\BioLog\OmniLog\CL3\DATA_2024\08\_RIB40_Aspergillus oryzae__1_30_CL3_769_8#19#2024_A_ 9A_7.OKA","8/19/2024 7:16:29 PM"," 9-A","PM01","","RIB40","Aspergillus oryzae","",22.0000,"25.1163","68.2804","13.2993","11.0000","11.0000","16.9535","11.0000","11.0000","11.0000","16.4158","30.7175","25.6306","19.6461","24.5039","18.0266","18.1982","12.1739","11.0000","11.0000","90.0171","16.0521","17.0791","19.5939","30.4824","29.5600","12.7476","15.4696","117.1807","11.0000","16.2748","20.7723","12.1645","24.4114","23.3753","18.0580","24.0755","21.5362","12.6028","13.9170","11.1550","11.4428","11.0000","11.0000","13.8708","12.4888","11.0000","24.5910","23.5492","26.8813","15.8213","17.7308","20.5166","16.7034","15.5742","13.7726","13.9334","19.4855","24.1529","17.3329","22.8883","28.7581","16.6992","17.1452","12.9582","14.4030","13.2802","12.0484","15.2440","18.3281","16.3449","27.0911","27.6095","31.8622","15.3950","14.9442","15.1482","19.1743","13.3511","13.2921","12.5014","15.9285","18.9653","21.2833","26.5722","41.0845","27.0431","21.8546","22.2191","32.1205","126.7492","30.5499","26.4093","27.4442","32.7666","34.6348","33.3030"
"C:\Users\cfg364\Sommerlab Dropbox\Casper van der Luijt\Casper\Data\BioLog\OmniLog\CL3\DATA_2024\08\_RIB40_Aspergillus oryzae__1_30_CL3_769_8#19#2024_A_ 9A_7.OKA","8/19/2024 7:16:29 PM"," 9-A","PM01","","RIB40","Aspergillus oryzae","",22.2500,"19.9999","70.3542","11.8891","11.5521","11.0000","15.3531","11.1580","11.5410","11.0000","15.3583","30.2751","27.3664","17.4237","23.3215","17.3574","16.7279","12.3009","11.0000","11.0000","90.6148","14.0124","16.7625","17.9007","27.0552","27.3765","14.1206","14.7448","114.9019","11.0000","14.4852","21.5972","14.5564","25.2950","17.1085","14.5765","25.7526","19.3804","11.4086","15.4970","11.0000","11.0000","11.0000","11.0000","11.0000","11.0000","11.0000","29.1105","21.9689","29.0233","11.7295","13.5627","20.1069","17.4869","11.6800","11.1260","11.5993","15.5571","22.1960","13.6915","22.6320","31.4830","17.1690","17.0530","14.7901","15.2692","17.1848","12.9379","11.0000","15.6233","15.5226","26.8711","28.9408","31.5917","11.4812","16.9637","14.3625","16.7066","16.9094","13.4831","15.5362","18.1687","22.7061","20.9609","26.7022","43.8796","23.8407","17.4871","24.0067","32.6821","127.9326","26.4850","25.9247","26.4635","33.1877","29.6849","36.8078"
"C:\Users\cfg364\Sommerlab Dropbox\Casper van der Luijt\Casper\Data\BioLog\OmniLog\CL3\DATA_2024\08\_RIB40_Aspergillus oryzae__1_30_CL3_769_8#19#2024_A_ 9A_7.OKA","8/19/2024 7:16:29 PM"," 9-A","PM01","","RIB40","Aspergillus oryzae","",22.5000,"23.7910","68.4375","13.9124","12.6563","13.4400","14.9690","12.8008","11.0000","11.0000","15.6788","27.6840","28.3273","18.9155","26.8687","18.0266","17.3712","11.0000","11.0000","11.0000","90.2373","12.9769","17.8073","18.2841","24.8631","28.2560","15.3689","13.2650","117.1191","11.1273","13.4490","21.1213","11.0000","26.0839","21.2230","16.9503","22.6468","21.4147","11.0000","14.4032","12.8291","12.7712","11.0000","11.0000","11.9464","12.2354","11.4543","28.8845","22.0929","28.1359","15.3138","15.0447","19.9809","20.6520","12.8235","12.7959","14.1227","14.8028","21.6186","14.6414","21.8950","30.2890","13.3173","17.6982","13.5583","14.0317","12.4681","12.2072","14.3009","15.6548","17.7681","25.7711","29.1627","29.9984","13.8872","15.2598","16.4052","17.5394","16.0198","11.0000","11.0639","18.1047","18.0624","22.8629","26.7022","40.8140","26.4466","19.8635","26.0718","31.0598","127.0050","25.6463","22.5328","29.7327","33.8031","34.3070","34.4182"
"C:\Users\cfg364\Sommerlab Dropbox\Casper van der Luijt\Casper\Data\BioLog\OmniLog\CL3\DATA_2024\08\_RIB40_Aspergillus oryzae__1_30_CL3_769_8#19#2024_A_ 9A_7.OKA","8/19/2024 7:16:29 PM"," 9-A","PM01","","RIB40","Aspergillus oryzae","",22.7500,"25.8198","70.1859","18.1580","11.7959","11.0000","14.4425","11.0000","11.6318","11.0000","15.4066","33.6797","26.9955","14.5900","24.2822","17.2621","16.9963","11.0000","11.0000","11.0000","92.2657","11.1896","18.0665","20.5294","29.7677","27.9915","13.9375","13.6035","120.5804","12.8462","17.3808","24.0521","15.2538","29.4961","22.0168","15.9102","23.8203","19.4624","11.0000","12.8960","11.4360","11.5732","11.0000","11.1589","11.0000","11.9171","11.0000","30.8171","21.6897","25.5761","13.7005","21.1088","21.3359","21.0930","13.2264","11.0000","11.7592","14.5807","25.6430","12.4330","27.5406","30.5591","15.8398","17.3534","13.7074","16.4384","13.2849","11.2866","11.0000","19.3972","13.7440","29.9313","30.3846","31.6375","15.6157","19.4056","15.4317","20.9051","20.3629","11.8597","13.3923","18.1909","19.2364","24.5410","27.8484","43.2428","31.0942","22.5028","25.3706","35.8048","126.5163","27.8429","24.2296","33.0052","27.6269","32.0451","32.7079"
"C:\Users\cfg364\Sommerlab Dropbox\Casper van der Luijt\Casper\Data\BioLog\OmniLog\CL3\DATA_2024\08\_RIB40_Aspergillus oryzae__1_30_CL3_769_8#19#2024_A_ 9A_7.OKA","8/19/2024 7:16:29 PM"," 9-A","PM01","","RIB40","Aspergillus oryzae","",23.0000,"21.7893","71.6562","21.0516","14.0613","12.2682","14.5712","14.7608","14.4748","11.0000","15.7283","33.5538","26.9643","14.7127","24.2196","17.9342","18.6177","11.3188","11.0000","11.0000","98.9723","11.0000","19.3915","20.6888","29.9834","30.9545","12.8750","14.0878","122.1765","14.8197","20.0526","30.0567","13.4577","24.4460","22.1434","19.7433","25.3762","20.6453","11.9133","11.8868","11.0000","13.2291","11.3431","11.4767","14.1858","12.1069","11.9415","33.0514","24.0894","32.1767","14.8443","17.2491","19.7918","18.0620","13.4429","11.0000","14.6060","15.1511","23.3952","14.2163","23.5414","30.6201","15.6837","16.9216","14.2741","18.1379","15.6638","11.1592","12.2942","18.8019","18.6642","31.7149","28.3826","32.2409","16.7376","21.3889","18.7947","21.5184","16.7886","11.0000","13.8070","16.3053","21.6589","26.4983","29.9544","42.3951","31.2500","25.0520","26.3596","35.6188","129.7170","28.4595","23.7108","31.8659","33.0273","32.8974","33.2521"
"C:\Users\cfg364\Sommerlab Dropbox\Casper van der Luijt\Casper\Data\BioLog\OmniLog\CL3\DATA_2024\08\_RIB40_Aspergillus oryzae__1_30_CL3_769_8#19#2024_A_ 9A_7.OKA","8/19/2024 7:16:29 PM"," 9-A","PM01","","RIB40","Aspergillus oryzae","",23.2500,"21.7893","76.1921","21.6912","13.9082","11.4122","16.9198","12.6118","15.2645","11.2574","17.8834","37.0140","29.9518","14.4366","26.8196","18.5451","21.7076","11.0638","11.0000","11.0000","98.7204","13.4654","18.6974","20.7525","31.0004","28.9893","15.7188","17.5087","123.9875","12.6552","17.4751","25.6007","14.9072","28.9595","21.3836","16.4804","23.8826","22.7988","11.0000","12.2232","12.0899","11.0000","12.5283","11.0000","13.0187","14.0043","11.0000","28.6476","23.8401","32.6045","13.3193","20.9557","21.1153","20.8743","13.8140","11.0000","13.9734","15.5948","24.7439","17.6556","25.0131","35.0072","14.6221","18.7413","12.7315","18.8486","13.5041","11.1274","12.6730","19.8359","17.0557","35.3760","29.3677","31.9392","16.8017","20.1926","18.5118","23.1131","18.2120","15.5535","14.4768","19.7570","19.7209","23.9955","28.7556","40.3364","28.8200","26.7089","27.0395","34.5646","129.7491","28.9139","24.2620","33.1680","32.1109","33.4875","33.9885"
"C:\Users\cfg364\Sommerlab Dropbox\Casper van der Luijt\Casper\Data\BioLog\OmniLog\CL3\DATA_2024\08\_RIB40_Aspergillus oryzae__1_30_CL3_769_8#19#2024_A_ 9A_7.OKA","8/19/2024 7:16:29 PM"," 9-A","PM01","","RIB40","Aspergillus oryzae","",23.5000,"22.0684","80.4465","21.3562","13.0817","11.5390","12.9947","11.0000","14.4432","11.0000","19.7490","33.9942","28.4581","16.9526","24.9087","19.0339","19.7802","14.0289","11.0000","11.0000","99.1927","14.7297","19.3915","20.1470","29.4903","28.9893","13.9688","13.3916","126.3203","11.8276","19.8326","25.8851","15.8210","31.0427","21.3203","17.1773","26.0919","20.2510","11.4409","12.9877","12.0276","12.1783","12.1540","12.3030","12.5140","13.3718","11.0000","31.1086","25.3360","29.2431","13.3828","19.5159","21.7770","23.7803","14.6798","11.0000","12.2969","14.1688","26.4137","14.8851","25.8129","31.7168","16.8390","20.1909","16.5407","15.6350","14.8187","11.9871","13.9040","19.5852","19.0427","33.4359","30.2575","30.5513","15.1349","19.9722","16.3746","23.0824","21.4700","13.0061","16.4863","15.9857","19.9793","24.3163","32.3845","39.2465","33.2438","22.6940","26.2978","36.9831","130.4212","19.9894","24.3268","33.4284","31.8818","32.1107","32.9640"
"C:\Users\cfg364\Sommerlab Dropbox\Casper van der Luijt\Casper\Data\BioLog\OmniLog\CL3\DATA_2024\08\_RIB40_Aspergillus oryzae__1_30_CL3_769_8#19#2024_A_ 9A_7.OKA","8/19/2024 7:16:29 PM"," 9-A","PM01","","RIB40","Aspergillus oryzae","",23.7500,"19.8308","80.8527","15.2694","15.0302","11.0000","14.1673","14.5562","12.7984","11.5436","18.8727","35.0578","30.2434","16.0007","27.4518","21.0886","17.6780","12.2459","11.0000","11.0000","99.7872","12.7023","15.3945","14.2408","28.5238","29.1436","11.5034","14.4851","127.3090","13.1973","19.8745","26.6352","11.0000","30.0435","20.7763","19.1785","27.8121","26.4891","15.3933","13.9007","11.0000","15.2111","13.3713","11.0000","11.2212","12.5779","12.3302","34.8662","26.2096","29.2319","15.8076","17.0485","19.0177","22.0018","12.4259","11.0000","13.3985","17.3268","30.0461","16.7526","21.7858","34.0965","13.4432","19.3774","12.1343","12.3291","16.8305","12.9048","11.6317","16.5830","21.5471","31.7654","29.2799","34.0087","15.3207","19.2021","17.7856","22.7395","20.4796","14.0566","14.9845","18.9159","23.7426","18.7779","27.4109","44.0599","28.4932","25.0796","22.9872","36.3013","132.0812","20.9062","21.9986","31.9118","34.4037","28.1532","34.2785"
"C:\Users\cfg364\Sommerlab Dropbox\Casper van der Luijt\Casper\Data\BioLog\OmniLog\CL3\DATA_2024\08\_RIB40_Aspergillus oryzae__1_30_CL3_769_8#19#2024_A_ 9A_7.OKA","8/19/2024 7:16:29 PM"," 9-A","PM01","","RIB40","Aspergillus oryzae","",24.0000,"23.1243","83.3092","21.2354","11.0000","12.4555","15.1063","11.4751","19.0718","11.7996","22.2909","36.8448","29.8366","14.8901","29.2427","20.8192","18.8652","13.0667","11.0000","11.0000","95.7007","14.4445","14.5773","12.0336","29.3045","31.1343","11.0000","17.2002","128.2594","13.0764","21.5136","27.1433","13.3491","26.2504","21.7421","15.3629","25.4604","25.5562","12.8507","13.3447","11.0000","11.3818","12.2452","11.5399","12.6383","12.5533","13.1646","37.1598","23.0625","28.3885","12.1386","17.1760","19.5626","21.5569","11.0000","13.6225","17.2842","13.7519","27.5710","17.3305","26.0562","31.8891","11.6895","17.9955","17.6759","15.4782","17.9978","12.4556","14.1444","16.8284","17.9859","29.1627","28.7852","28.1256","18.7238","19.9711","19.6664","21.5582","16.1876","13.0969","12.8930","16.2783","23.8543","17.4828","30.5194","42.7367","24.2901","23.1052","23.9427","33.7323","132.7486","20.6385","24.5656","29.7692","29.1158","29.6875","35.6828"
"C:\Users\cfg364\Sommerlab Dropbox\Casper van der Luijt\Casper\Data\BioLog\OmniLog\CL3\DATA_2024\08\_RIB40_Aspergillus oryzae__1_30_CL3_769_8#19#2024_A_ 9A_7.OKA","8/19/2024 7:16:29 PM"," 9-A","PM01","","RIB40","Aspergillus oryzae","",24.2500,"23.5291","84.1915","21.3494","15.7185","11.0000","11.0000","12.9275","18.0219","14.1484","18.5119","37.6991","26.4648","17.3346","30.1584","17.6821","19.6483","14.6646","11.0000","11.0000","100.5795","15.6488","17.0858","19.3509","31.7166","25.5046","13.5339","15.0712","131.7798","12.3076","22.0052","28.6195","15.8095","31.7001","21.4923","18.4767","25.6232","24.0545","14.3269","14.1423","11.0000","14.3297","13.5498","12.4920","14.7876","16.7007","12.2969","37.3431","22.6199","31.2716","13.2873","21.2842","20.5655","24.3086","13.3212","11.0000","15.9426","17.1457","28.2915","15.8723","23.4265","30.5364","15.6318","20.1520","11.0000","19.0253","18.3624","14.5746","14.4244","19.2460","15.7700","30.5344","32.1196","31.4689","16.4524","16.9116","21.3399","20.4383","22.0993","15.0170","16.8621","17.0531","22.7553","25.3910","28.8124","43.3999","30.8254","20.7543","24.8600","32.1706","130.5874","19.2229","25.6608","30.8963","33.0378","33.2218","35.2208"
"C:\Users\cfg364\Sommerlab Dropbox\Casper van der Luijt\Casper\Data\BioLog\OmniLog\CL3\DATA_2024\08\_RIB40_Aspergillus oryzae__1_30_CL3_769_8#19#2024_A_ 9A_7.OKA","8/19/2024 7:16:29 PM"," 9-A","PM01","","RIB40","Aspergillus oryzae","",24.5000,"23.1269","87.2346","20.1824","12.1949","11.0000","12.5780","11.0000","16.4790","13.9258","20.8875","36.3689","25.7788","16.7838","29.8785","18.2923","17.6786","13.3581","11.0000","11.0000","106.8928","12.7077","16.8336","17.1432","32.8298","24.9550","16.6934","16.2774","133.7130","13.2644","19.1206","28.1425","17.0669","30.9416","23.3363","15.9105","29.3331","25.5421","13.3540","14.9660","14.0171","15.7568","12.0883","11.0000","11.0000","14.9684","12.7833","39.0499","22.6511","32.7415","13.6686","20.2405","16.7013","24.1208","12.5165","11.0000","13.2037","16.2002","30.6567","15.4294","23.5546","32.0345","16.6646","19.3200","13.4347","15.1670","16.3742","13.8787","13.8589","19.2774","17.1283","29.2426","26.1718","29.7230","15.1695","16.8163","19.4599","19.4821","21.0558","14.3793","16.7665","19.1669","22.0448","18.9520","28.3906","45.3910","29.6721","23.6646","23.6562","39.3001","135.6850","17.1186","25.6284","31.3224","35.9023","29.5837","36.8846"
"C:\Users\cfg364\Sommerlab Dropbox\Casper van der Luijt\Casper\Data\BioLog\OmniLog\CL3\DATA_2024\08\_RIB40_Aspergillus oryzae__1_30_CL3_769_8#19#2024_A_ 9A_7.OKA","8/19/2024 7:16:29 PM"," 9-A","PM01","","RIB40","Aspergillus oryzae","",24.7500,"24.8647","88.9785","20.9738","15.7017","12.8007","17.7491","12.3572","16.7274","11.0000","23.7609","42.4652","29.3476","16.0592","30.0755","21.3644","17.9960","16.1806","11.0000","11.0000","106.2881","14.8519","11.5089","23.6694","35.4239","32.5228","16.4563","16.7412","137.4488","15.4787","27.1934","32.4467","19.6563","32.4312","25.3308","13.7264","27.0021","24.5645","14.7829","15.4204","13.3057","16.0777","15.0654","13.2218","14.8530","14.5845","13.8430","39.9875","24.4332","27.9153","17.6313","19.9719","23.6612","21.9841","14.2902","11.0000","14.0535","13.9472","31.5320","16.0198","24.4423","35.0589","15.6412","17.6580","13.6194","20.3743","14.0295","12.3324","11.0000","19.9912","20.8742","29.5152","31.8521","31.6392","16.7514","22.2595","18.9483","21.7466","19.7606","13.2379","14.8613","18.2398","22.2461","25.2320","32.7254","44.4836","29.2437","21.6234","25.0800","37.7928","140.0303","17.6467","27.0475","35.3924","31.8193","27.8141","37.3633"
"C:\Users\cfg364\Sommerlab Dropbox\Casper van der Luijt\Casper\Data\BioLog\OmniLog\CL3\DATA_2024\08\_RIB40_Aspergillus oryzae__1_30_CL3_769_8#19#2024_A_ 9A_7.OKA","8/19/2024 7:16:29 PM"," 9-A","PM01","","RIB40","Aspergillus oryzae","",25.0000,"19.1922","87.5551","21.6303","15.5138","13.4663","11.8347","14.4081","17.9843","12.6903","25.5822","40.5240","30.1484","15.2689","32.7957","18.7095","18.2684","11.0000","11.0000","11.0000","108.4811","11.6014","12.5220","14.8303","33.4302","30.8046","12.1886","12.6975","133.0426","15.5396","22.7102","30.8426","12.9291","31.3858","21.5454","17.8548","26.4105","22.9620","11.0000","14.6554","11.0000","16.2500","11.1248","11.0000","11.0000","17.4902","11.0000","37.8387","26.3203","29.2506","11.0000","19.9441","25.9117","27.2426","13.8018","11.0000","13.9103","15.7746","28.7030","15.2325","26.9915","29.6439","12.4758","19.5430","11.0000","12.7021","17.7035","11.5074","15.9565","17.6998","20.1492","30.9878","30.5778","31.7405","16.5698","22.9241","20.5284","24.4449","21.5351","18.4888","14.2122","16.8517","22.3664","18.3812","28.8872","45.0410","30.8906","22.2984","20.3352","37.9262","135.3988","22.8325","23.9024","31.9860","34.6436","28.4419","32.7261"
"C:\Users\cfg364\Sommerlab Dropbox\Casper van der Luijt\Casper\Data\BioLog\OmniLog\CL3\DATA_2024\08\_RIB40_Aspergillus oryzae__1_30_CL3_769_8#19#2024_A_ 9A_7.OKA","8/19/2024 7:16:29 PM"," 9-A","PM01","","RIB40","Aspergillus oryzae","",25.2500,"25.4294","87.8370","23.3410","15.3909","11.9170","14.6275","16.5855","17.4155","18.6542","23.3388","43.3057","29.8059","17.7388","33.3227","22.7172","19.9858","11.0318","11.0000","11.0000","111.7242","12.2345","15.7881","15.4418","35.3766","33.2764","12.2512","15.3043","137.5569","16.2430","24.5990","34.9950","14.0992","33.2851","21.5454","16.9028","24.9813","23.8100","11.6924","15.1123","11.6525","19.7922","15.1505","11.6339","11.0000","19.8104","11.0000","44.1290","26.7855","32.1903","11.0000","21.4450","26.0993","21.8284","12.1207","13.2766","14.7961","17.1026","30.8799","16.2827","26.3239","30.2274","13.8574","22.1858","11.0632","14.2804","14.8038","13.6321","16.5211","20.7053","19.7106","29.5084","30.8951","32.4640","17.3060","23.7713","19.2788","24.5062","21.0304","18.1729","16.1205","18.7703","21.7224","23.4314","28.0091","43.1130","27.1630","22.1708","23.9828","39.5974","137.8823","22.1859","25.7178","35.1470","38.7414","30.7697","37.3269"
"C:\Users\cfg364\Sommerlab Dropbox\Casper van der Luijt\Casper\Data\BioLog\OmniLog\CL3\DATA_2024\08\_RIB40_Aspergillus oryzae__1_30_CL3_769_8#19#2024_A_ 9A_7.OKA","8/19/2024 7:16:29 PM"," 9-A","PM01","","RIB40","Aspergillus oryzae","",25.5000,"21.9539","95.2294","25.5098","14.5619","12.8023","11.4494","14.1556","18.1739","13.9660","27.5693","41.5671","31.1758","16.9460","35.4930","21.6464","19.3724","13.6740","12.1685","11.0000","115.6914","11.1583","13.3465","16.4396","34.4498","32.6132","14.9725","14.9102","138.9174","16.0512","23.8120","32.2373","14.7317","35.6276","24.4445","14.8400","25.9444","25.7481","11.0000","12.7668","12.8332","18.5588","11.9050","12.9966","12.2036","18.6190","11.0000","41.8387","28.5223","36.2017","11.3831","21.1387","26.4119","25.6152","11.0000","12.7391","13.2144","16.5334","32.5125","15.6780","29.9482","32.6539","13.7318","21.5098","11.0000","18.1179","17.0175","15.7885","13.1645","20.3610","21.9352","30.2009","31.3393","31.9817","15.4494","21.0727","20.4347","24.5980","23.5223","20.1004","14.9755","20.2412","23.9764","22.1365","28.9522","44.3481","27.1944","24.0538","27.7230","39.4427","138.8375","24.0610","26.1716","35.2122","36.1397","31.2943","37.1352"
"C:\Users\cfg364\Sommerlab Dropbox\Casper van der Luijt\Casper\Data\BioLog\OmniLog\CL3\DATA_2024\08\_RIB40_Aspergillus oryzae__1_30_CL3_769_8#19#2024_A_ 9A_7.OKA","8/19/2024 7:16:29 PM"," 9-A","PM01","","RIB40","Aspergillus oryzae","",25.7500,"24.3743","91.5646","23.4021","15.7287","12.2015","11.4494","13.5245","20.6074","11.5741","25.2617","43.7798","30.8956","19.2329","33.6328","23.9715","21.7339","11.9232","11.0000","11.0000","115.2506","11.2532","13.3782","17.5662","36.8596","32.2817","18.9764","14.5465","137.4642","12.9182","29.3523","35.0267","14.6684","35.6592","23.7436","18.1405","26.5348","24.7185","11.0000","13.2542","12.3672","19.2229","12.4043","13.4720","11.0000","19.5596","11.0000","40.6774","26.5684","33.1396","13.5858","21.0775","26.5682","23.8940","11.0000","11.8854","11.3796","16.5967","32.5765","15.8371","27.1187","29.5824","13.6062","20.9873","11.6323","16.2301","14.8974","11.5708","15.8937","18.7017","21.3712","28.8474","30.9903","32.0420","18.2983","22.7044","21.3095","25.3024","21.4405","19.9424","15.7706","18.7383","22.2376","22.4602","27.4888","45.7640","26.4426","26.4476","26.7957","41.1449","141.2573","22.0243","26.3661","35.4403","39.6846","30.7697","34.9626"
"C:\Users\cfg364\Sommerlab Dropbox\Casper van der Luijt\Casper\Data\BioLog\OmniLog\CL3\DATA_2024\08\_RIB40_Aspergillus oryzae__1_30_CL3_769_8#19#2024_A_ 9A_7.OKA","8/19/2024 7:16:29 PM"," 9-A","PM01","","RIB40","Aspergillus oryzae","",26.0000,"22.2953","96.9522","27.1288","15.8208","11.0000","11.0000","13.4929","19.5961","14.2211","26.2873","43.8431","31.3315","15.5433","35.1830","23.6044","21.2432","14.8199","11.0000","11.0000","119.7217","11.0000","13.2514","16.5684","38.2499","31.3170","13.0958","14.4858","138.5773","15.8274","26.0470","36.9286","14.8265","34.6463","26.5472","17.2201","25.7891","27.2623","12.5108","15.6606","13.6722","20.5829","11.5929","11.0000","12.4570","16.5496","11.0000","42.3548","26.1343","35.4056","11.0000","17.9532","26.9434","25.3649","11.4358","11.0000","14.5746","17.9879","34.0491","15.3598","28.1361","32.9918","13.0724","21.7863","11.5691","15.5493","14.8350","15.0274","14.9840","18.5138","22.5619","30.9563","32.1643","33.6096","13.5288","20.9472","18.1854","23.9243","18.8540","16.9405","19.5871","20.1773","23.9764","18.6725","27.3261","45.0108","26.8811","23.3198","23.6427","39.9379","143.7409","22.2506","25.1018","36.9067","37.6357","31.6222","36.0489"
"C:\Users\cfg364\Sommerlab Dropbox\Casper van der Luijt\Casper\Data\BioLog\OmniLog\CL3\DATA_2024\08\_RIB40_Aspergillus oryzae__1_30_CL3_769_8#19#2024_A_ 9A_7.OKA","8/19/2024 7:16:29 PM"," 9-A","PM01","","RIB40","Aspergillus oryzae","",26.2500,"23.8713","97.1689","28.4386","17.8066","11.9509","13.4951","12.6756","20.8469","11.0000","23.4309","48.5362","33.0116","14.6092","36.8926","26.1645","22.5396","14.3389","11.0000","11.0000","117.9992","14.2503","14.3786","16.0023","38.4810","32.5778","17.6690","17.1843","143.9982","16.4740","30.0462","35.1124","19.0479","36.1178","27.7228","21.1475","26.6592","26.9156","12.7568","12.5540","11.0000","17.3447","11.3128","11.0000","12.5517","20.8077","11.5177","43.5462","25.8675","35.1547","13.6740","16.6539","27.7478","28.2762","14.8960","15.9619","15.4710","19.8607","37.0021","21.9612","29.0587","34.3594","13.1079","22.8183","15.6429","22.0867","18.4169","13.1627","15.3879","18.6061","21.6344","32.8190","35.8776","37.7030","17.9651","21.6643","21.4323","28.3019","22.6013","15.6282","16.9588","19.9291","27.3004","25.4912","29.9430","44.0206","30.1784","27.1267","23.1765","37.3690","141.6517","23.7126","26.6953","35.3156","37.5219","30.8638","39.6913"
"C:\Users\cfg364\Sommerlab Dropbox\Casper van der Luijt\Casper\Data\BioLog\OmniLog\CL3\DATA_2024\08\_RIB40_Aspergillus oryzae__1_30_CL3_769_8#19#2024_A_ 9A_7.OKA","8/19/2024 7:16:29 PM"," 9-A","PM01","","RIB40","Aspergillus oryzae","",26.5000,"23.3440","99.9855","29.1619","13.5333","11.1899","11.0000","13.4757","19.6561","11.0000","28.8695","49.2591","33.0396","16.0267","32.9027","26.5458","23.7957","15.5528","11.4115","11.0000","121.0826","11.5706","11.3182","18.1941","42.1298","33.0842","13.7923","17.8125","144.2199","16.9521","32.1015","34.2207","16.1471","36.5267","29.2952","21.1356","27.0278","24.2203","11.0000","12.8027","11.0000","22.2268","11.4998","11.0000","16.8271","16.0821","11.0000","50.5274","29.3257","29.5534","12.6875","21.7125","22.1142","25.3283","15.0074","14.5020","15.2408","16.9600","37.0559","19.8793","29.7073","32.4572","15.0844","21.2882","13.4311","17.0432","19.0148","12.6844","15.1317","19.8195","20.1238","33.1004","31.8399","30.2275","16.0997","19.0135","21.0347","27.2397","18.2233","15.6300","11.0000","19.9504","21.3997","23.4250","30.2177","45.7350","28.0779","25.3452","27.8200","39.7715","143.7985","25.8061","22.8972","34.7384","40.2788","26.4564","36.9968"
"C:\Users\cfg364\Sommerlab Dropbox\Casper van der Luijt\Casper\Data\BioLog\OmniLog\CL3\DATA_2024\08\_RIB40_Aspergillus oryzae__1_30_CL3_769_8#19#2024_A_ 9A_7.OKA","8/19/2024 7:16:29 PM"," 9-A","PM01","","RIB40","Aspergillus oryzae","",26.7500,"19.9944","101.8907","31.6996","15.9738","11.0000","12.8002","14.3962","19.8772","14.2529","30.5957","49.9822","33.3193","16.3025","34.0555","25.8461","22.5771","12.1780","11.0000","11.0000","119.3198","13.6630","11.8909","20.5708","40.9620","29.9293","14.8591","17.7221","152.9421","20.1522","34.5399","38.6924","16.0524","36.9077","28.5989","19.1148","27.3078","25.9566","11.0000","15.0331","11.4685","22.0048","13.1241","11.0000","16.0396","19.2386","11.0000","45.3044","25.0083","32.3009","13.4198","23.4621","19.3911","24.3272","15.6547","16.9313","15.3041","15.9138","35.3831","19.3085","25.2699","32.3958","16.8439","19.8052","14.0626","21.2057","19.1390","12.2077","12.6716","18.6896","18.7032","33.9806","28.3932","30.9228","20.4345","20.5910","23.3552","25.0559","22.2467","15.5980","12.9808","19.3088","22.4009","20.6496","29.2747","45.1035","26.9163","27.6085","25.2132","41.5697","144.8562","26.4177","27.1969","38.4711","36.8150","25.1656","34.0120"
"C:\Users\cfg364\Sommerlab Dropbox\Casper van der Luijt\Casper\Data\BioLog\OmniLog\CL3\DATA_2024\08\_RIB40_Aspergillus oryzae__1_30_CL3_769_8#19#2024_A_ 9A_7.OKA","8/19/2024 7:16:29 PM"," 9-A","PM01","","RIB40","Aspergillus oryzae","",27.0000,"22.5066","104.4207","30.2014","14.0893","12.6777","11.0000","14.1740","22.0570","11.0000","31.2670","53.3774","35.4021","16.4558","36.0806","26.4850","22.2419","13.6425","11.5065","11.0000","124.1046","11.0000","13.2273","20.6029","42.0376","30.5360","16.3023","17.4508","149.9429","20.4722","34.5712","39.4909","15.4840","35.7329","31.4476","18.5464","25.9074","24.5249","11.0000","13.1693","11.0000","19.6896","12.7492","11.0000","14.6537","16.2083","13.6969","46.8519","27.3689","35.2954","14.4706","19.2569","22.6842","27.0177","16.8570","15.0699","16.2536","17.8794","36.2517","19.8158","25.4934","34.4525","14.9273","21.1029","16.2411","20.2499","17.8964","13.1929","11.0000","21.8910","17.9770","35.8983","31.3293","32.8274","20.4664","23.7143","20.7211","27.2397","23.0704","16.3325","12.2779","16.3895","22.2718","25.0709","31.2582","46.8176","29.2080","25.1220","25.8959","42.9339","143.9908","24.8083","30.2682","40.4684","39.4945","27.5817","34.1083"
"C:\Users\cfg364\Sommerlab Dropbox\Casper van der Luijt\Casper\Data\BioLog\OmniLog\CL3\DATA_2024\08\_RIB40_Aspergillus oryzae__1_30_CL3_769_8#19#2024_A_ 9A_7.OKA","8/19/2024 7:16:29 PM"," 9-A","PM01","","RIB40","Aspergillus oryzae","",27.2500,"22.1344","106.7320","32.3417","16.6535","12.4878","11.0000","12.5235","20.0983","11.0000","31.3310","48.2217","31.1744","18.2029","36.3610","28.0061","25.0143","11.0955","11.0000","11.0000","129.0153","11.6023","13.1955","19.3503","40.1631","30.7181","16.6160","19.8623","151.4731","18.0401","33.4770","40.8005","19.1470","37.5427","31.8274","20.2515","25.1293","24.6772","11.0000","14.3914","11.0000","21.6876","11.7184","11.8291","13.1419","16.3030","11.0000","47.9804","26.8408","37.1168","14.6934","17.8449","20.0244","28.4880","13.6819","15.8586","12.6140","14.7409","34.7398","20.1964","28.7815","32.7335","13.7963","19.5890","14.1257","16.9816","16.3742","12.4937","11.7254","20.5100","17.6613","36.3699","30.5953","30.2275","17.5659","19.4867","19.7490","27.3935","23.7991","18.4718","17.9007","17.5444","22.9823","22.2309","32.8516","46.5470","28.0151","29.3300","22.6375","39.0274","141.1380","24.1968","26.0008","37.4888","36.4556","27.0521","36.1945"
"C:\Users\cfg364\Sommerlab Dropbox\Casper van der Luijt\Casper\Data\BioLog\OmniLog\CL3\DATA_2024\08\_RIB40_Aspergillus oryzae__1_30_CL3_769_8#19#2024_A_ 9A_7.OKA","8/19/2024 7:16:29 PM"," 9-A","PM01","","RIB40","Aspergillus oryzae","",27.5000,"19.7702","108.2982","28.8274","21.7076","11.4751","11.0000","11.6978","19.8462","11.6092","27.6239","53.0827","35.8636","15.3395","37.8230","27.4070","18.6626","14.9903","12.3240","11.0000","125.4643","15.4724","16.3638","23.3904","38.7965","33.0379","18.0276","17.8798","152.6155","20.6380","35.6667","41.7179","18.8399","36.4173","33.5563","19.0952","25.0858","28.4306","11.0000","15.2460","11.6846","23.9972","13.7512","11.0000","16.2551","19.5240","11.0000","46.8406","27.6673","31.7958","13.9549","18.7539","25.9200","27.6128","13.2894","14.3475","17.9326","17.8284","35.6577","17.1046","27.6085","31.8734","12.2906","21.6928","11.0000","20.1140","14.9462","16.7330","14.1192","20.4993","20.1226","36.8837","32.0223","32.9078","16.9859","20.9911","17.2122","21.7008","19.6890","18.2677","13.1752","23.1210","23.9687","20.2856","32.8247","41.1300","27.2235","28.5411","25.8039","42.6974","149.4624","28.4873","21.8991","41.0008","38.8215","28.1717","35.9303"
"C:\Users\cfg364\Sommerlab Dropbox\Casper van der Luijt\Casper\Data\BioLog\OmniLog\CL3\DATA_2024\08\_RIB40_Aspergillus oryzae__1_30_CL3_769_8#19#2024_A_ 9A_7.OKA","8/19/2024 7:16:29 PM"," 9-A","PM01","","RIB40","Aspergillus oryzae","",27.7500,"21.1338","107.7670","28.9504","22.2889","13.8825","11.0000","13.0617","22.2560","13.0521","32.3094","51.4069","35.6780","15.8896","37.7290","27.8941","21.8809","17.5555","12.4816","11.0000","129.4375","15.2834","15.4488","23.1037","45.1826","30.4719","16.5284","14.7278","150.8960","17.8523","39.1413","46.4535","18.2709","38.4850","32.6717","19.5063","26.9515","32.4717","13.9496","13.2605","11.6846","19.3894","11.8754","11.0000","15.3110","17.4404","11.0000","50.3405","26.9534","38.0685","14.9717","21.7151","22.9927","29.3615","15.7954","12.2316","17.4914","19.3074","39.2905","16.9456","30.9876","31.8119","12.5425","23.2644","11.0000","19.0979","14.4138","17.1110","15.1905","23.8116","20.9377","36.0387","34.0289","32.2138","14.4571","22.7300","18.3216","26.4945","22.0040","16.4189","15.5744","20.1864","22.7428","20.2856","37.0540","45.4906","29.4117","30.2162","25.3074","40.5574","147.3934","27.2015","23.7536","41.8160","40.3307","28.1717","35.8023"
"C:\Users\cfg364\Sommerlab Dropbox\Casper van der Luijt\Casper\Data\BioLog\OmniLog\CL3\DATA_2024\08\_RIB40_Aspergillus oryzae__1_30_CL3_769_8#19#2024_A_ 9A_7.OKA","8/19/2024 7:16:29 PM"," 9-A","PM01","","RIB40","Aspergillus oryzae","",28.0000,"22.6184","114.2789","32.6065","17.5007","13.3899","11.4801","14.7672","19.8357","12.8262","32.9082","56.7948","36.4876","18.7433","37.8187","29.9778","23.1455","16.3073","11.0000","11.0000","130.6645","14.4609","18.8453","22.6902","41.3286","35.3349","13.0756","15.0886","155.4963","20.8637","39.0035","45.5141","20.1008","43.7921","31.2351","22.5385","27.0442","28.0772","13.8835","16.8897","15.8373","19.6061","12.6792","11.0000","16.1776","17.9335","13.9747","52.7912","27.7347","38.9047","15.7497","18.2420","26.1662","28.6328","13.7517","11.0000","13.0548","21.7698","38.8662","22.8590","32.8095","33.2782","13.6917","21.8022","15.3024","19.0838","20.1204","14.3384","12.9513","18.4855","20.6455","34.7897","30.6090","34.0811","14.5960","20.8654","21.8604","26.6521","23.8096","19.5293","13.2315","18.3832","20.8040","20.4740","31.0641","48.5071","29.1176","24.1456","28.7831","31.2679","147.3226","25.9027","30.2346","41.1520","38.4162","31.4807","35.4429"
"C:\Users\cfg364\Sommerlab Dropbox\Casper van der Luijt\Casper\Data\BioLog\OmniLog\CL3\DATA_2024\08\_RIB40_Aspergillus oryzae__1_30_CL3_769_8#19#2024_A_ 9A_7.OKA","8/19/2024 7:16:29 PM"," 9-A","PM01","","RIB40","Aspergillus oryzae","",28.2500,"25.5859","110.1845","33.5509","19.6039","13.9110","13.9772","19.3241","21.9502","11.0321","36.5494","53.6361","38.5369","16.3735","42.3214","29.1786","23.3126","11.7989","11.4432","11.0000","132.6636","15.7208","16.8839","24.8175","41.8154","36.3399","17.4703","14.8554","157.8432","24.4006","39.6492","44.2106","20.2008","44.0591","32.3467","22.2924","26.2397","29.9778","11.3453","15.5981","13.4912","22.2770","15.2211","11.0000","16.4802","16.3007","13.7188","52.3932","25.5177","38.0491","15.9500","20.3999","24.6540","31.1609","13.7786","14.2646","13.5595","18.4823","45.0498","23.8385","28.5159","35.1790","17.2169","25.2098","16.5395","22.7868","15.4724","15.4063","12.9855","19.4171","22.0606","36.9024","35.1121","34.7486","19.3371","25.1353","24.4861","28.7483","22.7475","19.2772","14.9535","22.6199","27.5052","23.5391","28.1664","50.4840","32.0374","27.0293","25.3015","40.9199","144.6904","23.3702","28.3562","40.1609","40.7712","30.1400","38.3986"
"C:\Users\cfg364\Sommerlab Dropbox\Casper van der Luijt\Casper\Data\BioLog\OmniLog\CL3\DATA_2024\08\_RIB40_Aspergillus oryzae__1_30_CL3_769_8#19#2024_A_ 9A_7.OKA","8/19/2024 7:16:29 PM"," 9-A","PM01","","RIB40","Aspergillus oryzae","",28.5000,"23.3454","112.6366","37.0080","20.9315","15.8858","11.0641","16.1121","22.4264","12.9545","40.0476","56.3662","37.7951","16.9656","40.3114","26.4229","21.2406","12.9756","11.1587","12.0378","133.2862","13.0205","17.6169","28.0178","41.9780","34.4487","15.3695","18.5333","156.6290","19.7935","41.6472","42.9068","17.7004","43.3617","32.9075","19.3408","28.4196","25.6499","12.7874","11.3974","12.5588","20.1115","13.1200","11.0319","13.1118","15.4660","11.0000","51.0974","24.2696","37.6127","15.4350","18.9080","22.2456","31.3925","12.4162","13.8434","15.7131","18.2183","43.0737","19.1414","28.1120","34.9195","15.3604","24.6273","13.7171","19.8529","16.3273","18.1381","13.4235","18.7993","24.3155","36.2643","31.2851","33.1414","16.5249","25.8661","23.9195","25.0008","25.9911","17.7107","17.8595","20.1805","20.7237","24.4248","30.4948","47.1139","31.9877","26.1059","32.4260","39.9512","146.9386","26.7180","28.5057","42.9060","50.0356","31.3289","35.8816"
"C:\Users\cfg364\Sommerlab Dropbox\Casper van der Luijt\Casper\Data\BioLog\OmniLog\CL3\DATA_2024\08\_RIB40_Aspergillus oryzae__1_30_CL3_769_8#19#2024_A_ 9A_7.OKA","8/19/2024 7:16:29 PM"," 9-A","PM01","","RIB40","Aspergillus oryzae","",28.7500,"23.9191","113.4540","39.8265","22.6689","15.1867","14.1398","14.0389","24.7777","11.0000","39.1738","56.9622","40.8582","20.4763","41.6402","33.1760","22.7302","18.0891","11.0951","13.3233","134.3840","13.6574","15.0856","21.5025","49.4889","33.1821","16.2750","19.6858","160.3607","25.3216","41.7962","50.7805","22.6292","46.5695","32.1991","20.5502","29.0904","29.3046","11.0000","17.3174","15.1383","23.0116","15.6418","13.3562","17.2101","20.3766","11.0000","58.2544","27.1495","41.2758","13.6364","20.1457","25.3983","31.4745","12.4272","13.0579","16.1656","19.6224","44.6624","16.7523","28.5004","35.0243","13.7868","23.4294","11.4441","20.4828","18.7403","14.1840","11.0000","19.0937","20.8271","35.1732","32.6753","38.8929","18.1638","26.0956","20.9057","30.7496","26.8179","19.6819","15.9182","24.4591","21.4739","23.4563","36.7625","48.6216","32.1658","24.8451","30.2115","37.2269","148.9754","23.6492","31.8948","42.1104","44.2841","32.6687","35.6144"
"C:\Users\cfg364\Sommerlab Dropbox\Casper van der Luijt\Casper\Data\BioLog\OmniLog\CL3\DATA_2024\08\_RIB40_Aspergillus oryzae__1_30_CL3_769_8#19#2024_A_ 9A_7.OKA","8/19/2024 7:16:29 PM"," 9-A","PM01","","RIB40","Aspergillus oryzae","",29.0000,"24.4136","116.3462","42.5052","20.7750","16.7922","14.2680","16.8245","29.6219","14.8265","38.4718","58.6364","40.2709","20.1106","43.3563","30.6173","25.8684","18.1208","14.9008","15.4268","136.6337","13.3411","17.2710","25.8252","47.9286","33.9689","19.1155","18.2683","163.2077","29.6212","43.7719","51.2232","22.5349","47.4864","33.3131","21.4958","32.5479","29.8190","12.5754","18.5931","14.1426","25.7054","18.4887","12.8467","15.3502","22.0757","13.6205","60.3117","28.5525","41.1220","15.0340","21.5268","24.9581","35.1350","11.8687","13.7227","17.8350","19.9394","44.8217","21.4876","29.7161","38.2071","16.3231","26.9367","11.0000","20.7291","19.2687","14.0566","15.0665","19.4717","18.3309","33.8810","35.8488","41.1650","19.8908","24.7461","21.0629","30.1660","25.2709","23.6109","18.1077","20.5269","22.9609","23.9404","33.3684","48.2595","30.6384","27.6334","30.6439","37.2893","149.5164","27.9833","28.2777","45.8883","47.1855","31.9519","36.4177"
"C:\Users\cfg364\Sommerlab Dropbox\Casper van der Luijt\Casper\Data\BioLog\OmniLog\CL3\DATA_2024\08\_RIB40_Aspergillus oryzae__1_30_CL3_769_8#19#2024_A_ 9A_7.OKA","8/19/2024 7:16:29 PM"," 9-A","PM01","","RIB40","Aspergillus oryzae","",29.2500,"23.0412","116.9216","41.3746","23.1646","11.9518","14.7789","16.9089","24.5642","11.0000","39.5806","57.9092","38.3201","19.1801","41.4556","33.5642","19.7499","16.1771","12.5147","11.0000","139.2409","16.1322","17.2733","26.3869","49.1134","34.6766","16.3483","16.5747","164.6513","25.5332","42.2005","54.2780","17.3843","42.1679","37.1607","16.1312","30.7718","31.4257","11.7865","17.5146","12.2117","25.8042","12.8425","13.2579","21.5423","16.9291","13.2620","58.8165","28.9153","42.1239","15.4596","23.9843","23.3973","28.7487","13.8381","13.3474","16.4459","18.9037","42.8053","20.8492","29.4284","34.3308","18.3573","23.6457","15.1589","18.0539","17.0875","17.4910","12.6154","14.5781","24.1194","38.6372","37.0790","37.5306","17.3136","24.5320","20.1652","32.3434","22.8568","22.0997","15.2516","19.1473","21.2752","24.0508","30.2750","48.7758","33.6592","28.7587","27.3832","41.5476","149.4048","26.8503","26.9229","49.2096","47.9438","29.7034","35.7986"
"C:\Users\cfg364\Sommerlab Dropbox\Casper van der Luijt\Casper\Data\BioLog\OmniLog\CL3\DATA_2024\08\_RIB40_Aspergillus oryzae__1_30_CL3_769_8#19#2024_A_ 9A_7.OKA","8/19/2024 7:16:29 PM"," 9-A","PM01","","RIB40","Aspergillus oryzae","",29.5000,"22.8262","118.6211","40.3630","26.2860","13.0894","13.0887","16.6519","29.4755","17.6672","42.5146","63.1952","39.7633","17.1155","44.8806","34.4621","23.0242","14.5982","15.0671","11.0000","142.7251","15.7693","18.1862","24.6424","46.2719","35.2658","17.3522","19.5597","166.8037","26.8174","45.0815","52.4873","21.1876","43.9022","38.1377","19.2681","31.0011","31.5909","13.1601","16.6081","16.0296","27.1312","18.9009","12.9380","17.4797","18.6855","16.2191","57.4516","25.4174","44.7429","13.4637","21.1513","25.1845","31.0812","12.6084","16.2165","16.9944","25.0330","41.1561","22.6451","30.0108","35.0653","13.3985","25.7370","13.3428","25.0060","18.4327","17.1649","13.2004","21.2906","20.4047","37.5449","32.2404","33.7506","16.0015","23.6238","23.7650","33.7739","22.8241","18.9330","16.2261","23.4934","22.4813","26.2050","34.0598","48.9615","30.1225","27.7303","28.6748","34.4031","147.9388","25.6107","31.7396","48.1324","44.8756","32.1523","39.0351"
"C:\Users\cfg364\Sommerlab Dropbox\Casper van der Luijt\Casper\Data\BioLog\OmniLog\CL3\DATA_2024\08\_RIB40_Aspergillus oryzae__1_30_CL3_769_8#19#2024_A_ 9A_7.OKA","8/19/2024 7:16:29 PM"," 9-A","PM01","","RIB40","Aspergillus oryzae","",29.7500,"24.2503","118.8092","44.5446","25.8302","13.6592","14.6632","15.9573","26.8542","13.4681","40.6608","65.3294","40.9361","15.4949","45.9375","32.9082","20.9946","16.8908","13.8375","11.0000","142.7881","18.5305","15.7803","25.6375","46.6131","33.2967","17.2270","19.7104","167.7530","25.9899","45.2383","53.9701","18.8780","46.8847","38.0116","19.4582","31.1866","31.7118","15.3827","17.2750","13.6700","26.1842","18.0610","13.7958","17.2606","21.7408","17.2178","59.7097","26.4830","40.0152","12.3758","18.5673","26.1932","31.3299","11.2475","14.4460","17.0890","24.5945","46.8804","21.9824","30.6488","36.5349","12.2623","24.2880","13.2795","26.5317","18.8681","15.4577","16.5954","18.7416","23.5710","39.4566","32.3362","36.8544","16.3862","23.6238","25.2042","33.0986","25.8755","25.0329","15.6843","23.8121","24.1260","23.8534","32.7624","50.1337","31.3703","29.7341","30.6249","37.7731","151.5247","28.9328","30.6412","50.3512","48.3777","29.3056","36.2348"
"C:\Users\cfg364\Sommerlab Dropbox\Casper van der Luijt\Casper\Data\BioLog\OmniLog\CL3\DATA_2024\08\_RIB40_Aspergillus oryzae__1_30_CL3_769_8#19#2024_A_ 9A_7.OKA","8/19/2024 7:16:29 PM"," 9-A","PM01","","RIB40","Aspergillus oryzae","",30.0000,"26.8679","121.6083","46.2308","21.4757","12.3988","15.5260","16.7914","27.2122","15.4650","38.3184","61.1714","39.4640","18.2642","46.5642","35.3387","26.1764","15.2688","14.6775","11.7586","143.8007","18.0524","16.1258","25.4343","45.8655","31.9768","18.2794","18.8760","166.1276","25.1262","44.8015","53.2188","22.2533","46.8182","37.8991","21.4438","31.0880","30.3978","13.9131","17.9622","12.8032","26.0265","18.8167","14.2933","15.4952","21.3011","12.7566","58.9535","29.8661","46.7678","18.1293","22.8184","24.8823","29.0114","18.0956","11.5384","19.9417","19.0391","50.2675","21.7244","38.7394","36.2463","18.0729","23.3251","12.3955","19.8131","21.3136","14.5941","15.2472","20.5027","21.0748","39.8805","36.6735","37.5981","15.7749","27.3449","23.5970","33.4724","25.2298","19.9407","19.3015","20.5293","24.4451","25.7623","31.9941","51.0591","30.8803","26.7041","34.5356","38.3159","149.8753","30.8041","27.2639","53.3276","49.2202","33.6339","38.7439"
"C:\Users\cfg364\Sommerlab Dropbox\Casper van der Luijt\Casper\Data\BioLog\OmniLog\CL3\DATA_2024\08\_RIB40_Aspergillus oryzae__1_30_CL3_769_8#19#2024_A_ 9A_7.OKA","8/19/2024 7:16:29 PM"," 9-A","PM01","","RIB40","Aspergillus oryzae","",30.2500,"24.4862","121.7961","44.9169","24.4162","13.9883","17.5022","13.3229","26.3889","18.1439","40.5439","63.9270","38.9974","19.7354","49.8256","34.1840","22.0235","15.8422","13.5045","11.0000","148.8565","17.3282","16.2207","30.2776","49.6055","33.7679","19.7228","15.2409","168.3949","27.6190","48.2570","57.5165","24.7821","50.3683","38.7863","21.9818","29.5119","31.0626","13.4746","16.6245","11.0000","25.2006","16.5433","13.7550","15.8724","17.3513","12.8542","58.4348","30.3945","46.5525","18.1926","20.9410","25.7952","32.2578","17.4813","13.7869","18.3303","19.8903","50.1720","23.9008","34.2060","37.2549","16.7898","24.4400","14.7743","21.6928","19.8535","13.8626","14.9326","18.2296","20.4137","39.7865","34.1859","38.0179","14.5251","28.1920","27.1782","31.7438","26.2394","21.8113","17.5204","20.8501","26.2463","22.4926","31.9289","48.1096","29.6280","27.1510","33.3310","40.7765","151.9529","29.5161","30.9573","53.0998","48.0105","32.0944","38.1031"
"C:\Users\cfg364\Sommerlab Dropbox\Casper van der Luijt\Casper\Data\BioLog\OmniLog\CL3\DATA_2024\08\_RIB40_Aspergillus oryzae__1_30_CL3_769_8#19#2024_A_ 9A_7.OKA","8/19/2024 7:16:29 PM"," 9-A","PM01","","RIB40","Aspergillus oryzae","",30.5000,"24.1874","122.2976","45.8806","23.0352","14.1542","15.2958","20.1752","31.6521","16.4483","45.1404","58.5949","42.8324","16.0646","49.9012","37.8737","24.1094","15.7141","15.0820","11.0000","146.9685","18.5149","15.7518","27.7708","48.4873","31.8548","15.3450","18.7694","168.7162","32.4886","49.2472","54.6993","24.7593","45.4338","39.3016","24.4005","28.7926","33.8700","11.4707","17.3351","16.1712","25.8783","17.0874","13.2502","16.6772","22.3150","11.0000","60.6032","28.4147","47.6915","17.1590","20.7183","24.0507","33.2043","14.8283","14.9637","18.8366","19.1925","50.3005","17.0587","29.2744","35.6741","17.0571","26.4327","14.1910","22.3743","19.7952","19.2647","16.2294","20.5245","24.9739","37.0773","36.6323","37.6281","18.6565","28.9776","22.8771","31.5406","26.4068","19.9847","18.0998","21.9754","27.2970","27.6131","32.7999","49.7482","30.5818","23.2139","34.4191","43.6542","156.0169","30.0961","29.3616","53.7754","55.4895","34.3800","37.8555"
"C:\Users\cfg364\Sommerlab Dropbox\Casper van der Luijt\Casper\Data\BioLog\OmniLog\CL3\DATA_2024\08\_RIB40_Aspergillus oryzae__1_30_CL3_769_8#19#2024_A_ 9A_7.OKA","8/19/2024 7:16:29 PM"," 9-A","PM01","","RIB40","Aspergillus oryzae","",30.7500,"22.5550","124.1243","46.4141","24.9000","16.4524","15.9415","19.1688","32.3462","14.4472","41.5797","65.5956","43.4250","17.9491","48.9063","35.3832","18.2216","16.1965","14.0258","13.0196","149.2375","14.0751","17.8793","23.9626","49.3984","32.0997","13.3016","16.8015","173.1134","28.3567","51.2700","55.5767","21.6447","50.1489","36.6427","17.2093","29.1805","32.3545","11.1886","19.6790","13.4646","27.8977","15.2253","14.3680","18.5988","17.2900","11.1624","64.0527","30.2211","46.0236","13.0730","20.4123","24.0465","31.5185","12.6714","13.5895","15.9330","17.8543","46.9931","16.2171","33.4086","36.6146","14.5516","27.3627","13.1878","19.9633","15.9227","16.6268","16.2147","20.4227","20.4514","38.4791","37.4557","37.0585","14.6006","26.1707","20.6812","32.2116","28.6529","23.1673","16.1744","20.7079","25.9297","23.1595","35.9062","47.7411","28.4301","23.0651","33.6310","39.8093","155.4641","28.0297","26.7311","52.1269","46.7777","34.6494","38.0697"
"C:\Users\cfg364\Sommerlab Dropbox\Casper van der Luijt\Casper\Data\BioLog\OmniLog\CL3\DATA_2024\08\_RIB40_Aspergillus oryzae__1_30_CL3_769_8#19#2024_A_ 9A_7.OKA","8/19/2024 7:16:29 PM"," 9-A","PM01","","RIB40","Aspergillus oryzae","",31.0000,"25.9844","127.0089","49.8423","27.5158","18.1227","17.8347","19.7681","32.9768","16.4262","45.5306","64.6809","43.8904","18.8715","50.3125","33.5545","22.1858","13.0404","17.3038","11.5680","152.6037","13.8849","18.7944","24.1556","50.7225","32.1908","15.1302","16.2548","173.3892","28.1975","53.7305","59.3495","24.0697","48.2168","39.4140","20.6482","26.0051","31.5064","15.8413","21.4935","13.7766","29.5401","14.0359","16.6239","16.2438","17.1635","14.7346","63.6674","30.4068","46.8252","16.2623","18.6590","26.4671","30.7354","12.0214","13.6843","18.7158","17.5687","52.3728","18.6984","32.2627","37.9627","14.9288","30.2539","11.0000","21.4417","20.6272","15.9910","18.3823","19.0676","19.5378","41.5882","40.0506","36.2159","16.1301","27.2051","24.5789","32.6112","27.2267","21.7414","16.1424","22.0215","26.2508","23.8729","36.3945","48.4058","30.6872","23.8972","37.2026","41.9514","150.2109","29.9326","26.1161","58.7477","48.4517","32.6157","38.5828"
"C:\Users\cfg364\Sommerlab Dropbox\Casper van der Luijt\Casper\Data\BioLog\OmniLog\CL3\DATA_2024\08\_RIB40_Aspergillus oryzae__1_30_CL3_769_8#19#2024_A_ 9A_7.OKA","8/19/2024 7:16:29 PM"," 9-A","PM01","","RIB40","Aspergillus oryzae","",31.2500,"24.6868","125.2217","51.8012","29.7970","14.9396","18.4122","18.6327","31.4633","15.2452","46.1410","66.2579","43.7042","17.7953","49.5000","36.8158","21.0488","12.1158","16.3897","12.7672","150.6846","14.1702","22.2025","24.8632","52.6932","33.5266","18.1884","14.7968","173.1747","29.5350","56.5958","57.2887","22.2745","51.6059","39.5096","21.5398","28.9314","32.1728","12.8548","18.6206","14.5253","30.2981","14.2550","12.3980","18.3790","18.4279","14.2150","63.9885","31.5211","48.7367","13.7747","20.6892","28.0075","33.1162","14.2499","15.3264","18.4628","18.6794","51.9885","20.6707","32.6447","35.6954","15.8403","29.3004","12.4268","22.3658","18.4775","14.8784","17.8168","20.9900","20.7980","41.4626","40.5570","36.1257","18.3924","29.9007","25.7733","35.4394","23.9623","22.1217","16.2063","21.0603","25.5445","23.4189","33.6597","48.5267","30.3738","23.6412","31.9067","39.0643","153.1258","28.7070","28.1877","58.0628","52.0623","35.6006","37.2999"
"C:\Users\cfg364\Sommerlab Dropbox\Casper van der Luijt\Casper\Data\BioLog\OmniLog\CL3\DATA_2024\08\_RIB40_Aspergillus oryzae__1_30_CL3_769_8#19#2024_A_ 9A_7.OKA","8/19/2024 7:16:29 PM"," 9-A","PM01","","RIB40","Aspergillus oryzae","",31.5000,"24.1615","125.8801","52.8725","30.8007","17.8706","16.6795","22.6067","35.3416","20.7991","48.9034","68.1818","46.1555","18.0413","50.8750","37.7301","19.8196","12.0202","17.7450","13.0196","153.5476","16.8332","22.5812","28.6587","55.7417","33.3748","16.5490","19.8390","172.6844","27.3376","57.0318","60.0153","27.7544","51.0674","39.2866","20.8711","30.7059","33.7478","11.2201","17.8646","12.9966","28.8136","13.6291","15.3529","19.5094","17.8589","13.6629","67.6816","30.1592","47.5034","16.5174","21.1505","24.9896","31.6438","15.6428","16.1791","20.8028","18.0130","51.7003","19.6527","33.5996","37.2887","14.2687","31.6379","12.2683","21.8422","19.8795","13.9247","19.7959","19.1622","20.6405","37.7254","38.4051","37.3293","17.9463","32.4710","26.5906","36.3924","32.7095","22.6920","16.0785","23.9759","23.8428","23.0298","31.3482","49.5842","29.8722","23.7692","37.3566","38.9091","152.6453","29.5133","30.4535","56.1059","56.3950","34.2886","39.8657"
"C:\Users\cfg364\Sommerlab Dropbox\Casper van der Luijt\Casper\Data\BioLog\OmniLog\CL3\DATA_2024\08\_RIB40_Aspergillus oryzae__1_30_CL3_769_8#19#2024_A_ 9A_7.OKA","8/19/2024 7:16:29 PM"," 9-A","PM01","","RIB40","Aspergillus oryzae","",31.7500,"24.0898","125.8997","54.4429","22.2232","17.8010","15.1968","18.4484","30.0076","14.6047","49.3623","67.5781","46.5148","20.7104","52.7693","37.3028","21.3209","14.2535","18.5403","11.0000","155.6835","17.6932","17.8615","25.7416","53.0703","33.8765","17.9205","19.7192","171.9639","29.2129","52.0297","63.8353","25.3983","50.4183","43.4563","24.2082","29.1043","30.3389","12.2911","13.2307","12.5858","25.2703","15.2904","11.0000","17.2083","18.1633","13.7503","64.8501","31.8848","50.6806","16.0171","18.6307","28.5446","32.5044","11.0000","13.3105","17.9357","22.7837","50.6761","19.8654","32.2213","40.7235","18.3298","28.4365","12.8338","22.5596","21.8017","18.0470","17.0696","21.8450","17.0403","41.4110","37.2110","37.1627","14.4023","26.1447","28.6499","34.0677","31.1705","19.9054","18.2910","18.5051","24.1493","23.1613","30.9153","49.6391","31.6747","23.4802","36.0073","41.8169","152.9233","28.1740","29.9478","62.8237","50.8427","33.4239","37.1193"
"C:\Users\cfg364\Sommerlab Dropbox\Casper van der Luijt\Casper\Data\BioLog\OmniLog\CL3\DATA_2024\08\_RIB40_Aspergillus oryzae__1_30_CL3_769_8#19#2024_A_ 9A_7.OKA","8/19/2024 7:16:29 PM"," 9-A","PM01","","RIB40","Aspergillus oryzae","",32.0000,"24.4921","129.3911","56.4636","25.2139","20.0365","16.7025","20.5945","32.0736","16.5036","48.8491","66.2807","46.5768","20.4051","56.1133","37.2417","23.3175","15.2742","16.1741","11.0000","156.7873","18.6044","17.8933","28.6642","55.6669","32.6661","16.2295","16.8733","176.1803","27.3597","53.8833","60.3743","27.4731","50.8626","43.5512","25.0297","26.2473","29.7908","11.0000","13.3224","14.5137","23.0822","15.7568","11.0000","18.7840","20.0251","14.9798","66.6548","30.4552","51.2948","17.8788","18.2908","29.6136","35.1573","11.1866","13.4687","21.1513","23.9464","48.9413","20.4986","32.9872","36.8213","16.3164","27.9419","13.3713","21.3913","18.3464","19.0582","14.7424","19.2359","20.9933","42.3221","35.0824","36.8307","15.2047","24.5954","25.4068","35.4826","31.7386","18.2775","19.8443","23.5726","24.7617","27.3337","31.9583","52.3111","30.9886","21.1122","31.8342","38.8627","154.6877","27.4007","29.8185","60.7677","52.6208","31.4482","38.6916"
"C:\Users\cfg364\Sommerlab Dropbox\Casper van der Luijt\Casper\Data\BioLog\OmniLog\CL3\DATA_2024\08\_RIB40_Aspergillus oryzae__1_30_CL3_769_8#19#2024_A_ 9A_7.OKA","8/19/2024 7:16:29 PM"," 9-A","PM01","","RIB40","Aspergillus oryzae","",32.2500,"25.8536","130.5548","54.5654","26.4473","20.7292","16.7987","20.5945","28.9269","14.9587","53.4359","68.4957","48.3742","20.1608","58.3736","38.3721","22.6724","17.3157","15.5115","11.0000","157.3864","19.1386","19.9263","31.5226","53.7504","35.0869","20.7701","17.2064","176.5189","26.0177","57.6532","63.5177","27.1273","51.8147","46.6197","22.7230","28.2969","28.8771","14.4325","13.8113","13.5808","28.2829","18.1507","11.0000","16.9247","16.9641","16.2417","70.6830","30.4241","52.1548","19.3933","18.3217","30.4625","30.6941","11.0000","13.3105","19.7957","25.3604","51.6399","21.1952","35.9230","40.4491","16.3793","29.7350","13.6242","24.8961","18.4709","20.1326","18.3590","20.8391","19.6335","42.3849","36.1308","34.6279","15.6220","27.6307","29.9596","36.1592","29.7184","18.4690","20.6368","19.2107","24.1171","25.9106","36.0652","51.1402","33.1091","27.2243","35.1727","43.0297","158.3128","28.2707","28.6868","65.4345","52.1928","32.8641","34.1672"
"C:\Users\cfg364\Sommerlab Dropbox\Casper van der Luijt\Casper\Data\BioLog\OmniLog\CL3\DATA_2024\08\_RIB40_Aspergillus oryzae__1_30_CL3_769_8#19#2024_A_ 9A_7.OKA","8/19/2024 7:16:29 PM"," 9-A","PM01","","RIB40","Aspergillus oryzae","",32.5000,"24.3064","131.5614","59.0965","25.9231","18.8086","18.4646","19.6161","32.4868","15.4093","51.1906","68.7489","45.4611","21.2296","55.1225","35.9892","20.4608","16.5820","17.4360","11.0000","159.0893","19.5157","21.1334","27.9897","54.4923","35.5408","17.9518","19.4467","178.3963","29.5963","58.5643","61.9301","25.9956","53.4968","44.7216","24.1450","30.5638","30.7958","13.5822","15.7059","12.8346","26.3485","19.4876","11.4493","14.5926","20.9402","17.8919","70.6830","31.0146","56.3317","17.1846","15.4486","28.2616","33.7216","11.5908","13.4687","19.4174","26.2403","53.7602","25.1529","30.8172","38.7724","13.4223","30.1060","15.9007","26.0644","19.9028","18.1102","14.5852","18.7959","18.6215","40.6256","38.8314","36.9816","17.3232","25.7337","29.8037","36.7128","29.4659","19.3627","20.1930","23.6368","27.5011","24.4228","32.0887","50.7199","33.1715","26.7123","34.6163","39.5780","157.2862","29.1084","30.0448","62.6605","54.9587","34.3129","40.7131"
"C:\Users\cfg364\Sommerlab Dropbox\Casper van der Luijt\Casper\Data\BioLog\OmniLog\CL3\DATA_2024\08\_RIB40_Aspergillus oryzae__1_30_CL3_769_8#19#2024_A_ 9A_7.OKA","8/19/2024 7:16:29 PM"," 9-A","PM01","","RIB40","Aspergillus oryzae","",32.7500,"21.7998","128.5104","58.3617","26.1389","17.8955","17.7918","21.3520","35.9196","15.6346","50.1000","69.1602","48.7151","20.9547","59.3954","39.4413","21.3209","15.6889","18.2879","11.0000","163.7250","18.2588","19.9263","28.8248","55.2341","34.3909","17.4821","20.8696","175.8418","29.1810","59.4754","63.2002","27.6617","55.0520","44.4053","24.4294","31.4022","32.1662","12.1652","12.9863","13.0522","24.9531","16.7827","11.0000","15.0338","19.7095","16.5976","68.5239","32.5996","55.1953","20.6555","19.6192","29.0791","30.7253","13.7676","14.1334","22.5069","24.1978","55.2059","23.3799","30.4661","38.7114","16.0648","27.7873","13.2448","23.0515","17.2257","17.1938","16.4092","19.7389","18.9693","42.2278","36.1626","35.9254","13.8567","28.6425","29.4295","39.5425","32.2753","18.3413","17.2449","24.4707","23.7303","26.2017","33.0013","52.1910","33.9822","28.2163","35.5127","42.5944","158.5053","30.2362","28.7514","64.1617","52.6538","34.2141","39.5900"
"C:\Users\cfg364\Sommerlab Dropbox\Casper van der Luijt\Casper\Data\BioLog\OmniLog\CL3\DATA_2024\08\_RIB40_Aspergillus oryzae__1_30_CL3_769_8#19#2024_A_ 9A_7.OKA","8/19/2024 7:16:29 PM"," 9-A","PM01","","RIB40","Aspergillus oryzae","",33.0000,"23.7796","134.3649","62.3857","31.6580","15.4873","16.6069","24.6364","40.7077","17.3696","51.2679","73.4814","50.7124","23.9662","56.5523","43.8250","23.8594","12.3160","15.6313","11.0000","163.8716","20.5006","18.0227","35.5254","59.1184","33.5945","17.2459","20.7037","182.7961","30.7437","61.1860","67.8146","29.9932","52.8844","45.1870","27.5355","31.5070","35.5448","16.1508","20.1359","13.8057","27.6362","17.7084","17.7757","19.5824","19.5329","14.0299","70.0600","29.7546","55.9422","17.5028","24.1506","29.1066","34.0335","14.4292","16.1748","19.5996","25.8452","55.7183","21.0791","32.6794","41.6651","19.3951","33.2423","11.7596","22.5758","21.8768","21.0648","17.5848","23.5553","18.0407","45.2299","36.7768","35.5970","16.3457","33.2442","31.0667","41.6237","28.0494","19.2803","17.2228","22.9183","26.8181","29.9991","38.0910","50.2475","33.8967","32.1534","35.0619","42.1617","160.4481","32.5340","31.3794","64.5525","60.5795","34.3715","36.6148"
"C:\Users\cfg364\Sommerlab Dropbox\Casper van der Luijt\Casper\Data\BioLog\OmniLog\CL3\DATA_2024\08\_RIB40_Aspergillus oryzae__1_30_CL3_769_8#19#2024_A_ 9A_7.OKA","8/19/2024 7:16:29 PM"," 9-A","PM01","","RIB40","Aspergillus oryzae","",33.2500,"25.3539","134.6779","62.1721","33.2448","18.0470","19.2982","22.3321","39.1292","19.3220","53.1655","69.1789","50.9596","23.9966","57.7918","47.1226","23.7066","13.4715","17.5980","13.2827","164.8158","16.9970","19.6677","35.6848","61.9706","36.1957","19.5881","22.0641","181.2636","26.7822","63.1584","67.5610","28.3868","53.8363","44.4874","25.9261","29.8317","35.9075","14.5804","17.5040","11.7170","25.7349","16.2731","17.5857","20.3369","22.7248","15.8869","72.3824","28.7936","57.6932","17.1856","23.0217","27.7186","34.4071","15.5104","18.8885","17.8861","24.5925","56.1035","24.2486","31.6897","39.3109","18.8958","33.1809","12.9938","21.7114","23.9530","17.3301","16.8322","24.3067","19.5878","46.4167","36.0784","37.6794","15.5455","31.0104","26.4648","40.2667","30.3945","20.6497","15.5315","25.1550","23.9246","29.7415","35.2616","51.7245","33.5203","30.9184","37.3844","42.7806","162.7537","31.1220","33.2174","69.6016","65.0307","32.5940","38.8909"
"C:\Users\cfg364\Sommerlab Dropbox\Casper van der Luijt\Casper\Data\BioLog\OmniLog\CL3\DATA_2024\08\_RIB40_Aspergillus oryzae__1_30_CL3_769_8#19#2024_A_ 9A_7.OKA","8/19/2024 7:16:29 PM"," 9-A","PM01","","RIB40","Aspergillus oryzae","",33.5000,"24.9817","140.9107","65.9971","33.9383","15.9709","20.4749","22.2293","39.5123","20.1862","57.9388","72.7053","51.8017","21.1743","57.5600","44.4972","24.1440","14.8924","16.8895","11.0000","160.8674","16.9485","18.0600","33.6923","58.9709","33.9164","17.5278","21.6024","183.7808","31.1879","64.4025","70.0576","30.1891","54.1169","47.5932","25.0710","34.3139","33.2262","11.6940","13.6522","12.9029","27.7943","17.0835","14.8131","17.5787","19.5467","18.3896","70.7788","31.4426","59.0122","19.3016","21.4018","30.9234","34.6596","15.8059","12.0463","18.6996","21.0597","58.3963","25.6693","29.4866","40.1796","15.7323","31.9587","12.7043","23.8890","20.9452","16.0934","14.3778","19.3668","22.2374","41.9899","35.0741","34.5179","12.3784","30.6639","26.0273","35.7519","33.9610","22.0596","16.4455","20.7819","24.0392","25.9379","39.1440","50.6610","33.0467","28.8863","38.3228","40.2396","157.7369","33.0563","30.5391","67.8323","62.3038","34.3646","35.0311"
"C:\Users\cfg364\Sommerlab Dropbox\Casper van der Luijt\Casper\Data\BioLog\OmniLog\CL3\DATA_2024\08\_RIB40_Aspergillus oryzae__1_30_CL3_769_8#19#2024_A_ 9A_7.OKA","8/19/2024 7:16:29 PM"," 9-A","PM01","","RIB40","Aspergillus oryzae","",33.7500,"20.6725","137.5877","66.7902","34.4276","16.6358","19.0712","21.1825","42.2593","21.0825","56.6952","74.1941","53.1319","21.8465","59.7444","44.5888","20.6123","14.6052","14.3109","12.2995","165.7879","17.3598","17.9010","36.0321","61.7527","34.8573","18.9715","21.1506","181.4944","29.6546","67.8418","70.3736","32.0512","57.2802","47.8148","27.4687","30.5107","33.5298","11.0946","14.5973","12.7157","25.0323","15.2116","15.9252","19.7191","21.9120","18.0007","72.6266","27.8332","56.2422","17.5906","19.3460","29.3182","32.0723","11.5581","14.3924","18.9531","21.1228","61.6584","23.4295","31.7535","38.4973","16.3905","34.9176","14.3455","27.5016","19.9817","17.1690","14.2831","19.9351","19.6806","39.8462","34.9144","33.9688","16.1290","27.9495","25.6508","38.0161","34.2764","21.9643","17.1779","24.9695","24.2651","24.7065","37.3688","50.9926","36.6952","29.5559","38.1066","41.6082","161.6280","29.6260","31.2196","69.8597","61.8127","33.4117","36.1892"
"C:\Users\cfg364\Sommerlab Dropbox\Casper van der Luijt\Casper\Data\BioLog\OmniLog\CL3\DATA_2024\08\_RIB40_Aspergillus oryzae__1_30_CL3_769_8#19#2024_A_ 9A_7.OKA","8/19/2024 7:16:29 PM"," 9-A","PM01","","RIB40","Aspergillus oryzae","",34.0000,"25.9956","136.1848","62.6367","36.5848","19.4333","19.2415","25.8318","39.5672","17.7700","54.0982","73.7686","49.5265","19.5000","63.1413","46.7774","22.9027","15.8508","18.0902","12.4541","168.4601","18.4302","23.0030","35.4441","62.2947","37.3092","21.2316","20.6756","184.6020","30.3311","64.9017","71.9726","29.5526","54.8796","47.9140","28.8614","31.4336","32.4475","11.5053","12.3786","15.3124","27.7470","17.2757","14.0489","16.7535","19.5164","20.2046","75.3226","31.0182","60.0963","22.3203","18.1825","26.1231","35.0148","14.3735","14.0359","21.7127","23.4815","58.7340","25.6161","27.5180","43.0312","17.4195","33.9438","14.0269","22.8500","20.3526","16.3311","13.4874","21.3811","20.7629","47.0345","39.6510","39.1561","19.0454","30.2395","29.2228","45.5987","36.7308","20.7228","16.5719","20.6174","23.0957","28.5131","38.5073","48.3930","31.8367","25.6321","37.4189","38.9724","159.4484","32.9983","30.0318","74.2910","64.6104","32.7331","40.7795"
"C:\Users\cfg364\Sommerlab Dropbox\Casper van der Luijt\Casper\Data\BioLog\OmniLog\CL3\DATA_2024\08\_RIB40_Aspergillus oryzae__1_30_CL3_769_8#19#2024_A_ 9A_7.OKA","8/19/2024 7:16:29 PM"," 9-A","PM01","","RIB40","Aspergillus oryzae","",34.2500,"22.8090","139.6989","66.9670","34.3993","18.5481","21.6322","24.6475","42.0388","19.9759","61.8976","75.9376","52.8211","21.1081","64.5930","44.6585","23.5548","14.9372","18.2900","14.1287","166.6423","21.9805","21.0030","36.8236","61.5437","31.1828","19.6798","18.8143","187.4557","37.3030","67.3196","73.6122","31.2996","57.1922","47.4713","28.8894","29.5918","38.1611","13.1615","14.1443","15.2571","29.6698","18.4748","14.1740","18.7675","18.0201","19.3712","75.9198","27.8363","59.8995","16.5232","18.1581","29.2935","36.2748","11.0000","18.1532","23.6866","24.1868","63.5429","21.8323","39.0489","39.1969","14.1495","36.9946","15.1738","24.3332","18.6121","23.5037","19.3198","23.2282","21.2637","43.8330","38.9443","38.0493","18.1311","29.7332","27.8880","40.8170","33.5832","19.7342","13.4153","21.8933","27.7949","29.3732","35.8886","51.5093","31.0935","26.6165","43.1121","41.9779","158.6790","31.5126","28.7326","72.2616","66.6302","34.0993","35.2802"
"C:\Users\cfg364\Sommerlab Dropbox\Casper van der Luijt\Casper\Data\BioLog\OmniLog\CL3\DATA_2024\08\_RIB40_Aspergillus oryzae__1_30_CL3_769_8#19#2024_A_ 9A_7.OKA","8/19/2024 7:16:29 PM"," 9-A","PM01","","RIB40","Aspergillus oryzae","",34.5000,"22.4061","138.2315","68.0073","34.8298","16.8743","17.2899","23.9209","42.4192","19.2093","61.8656","73.7583","50.1549","23.2153","63.7266","45.5122","24.8072","19.9541","19.5839","15.2980","168.6056","16.2858","22.0159","35.6061","59.2561","33.2897","19.8672","18.9657","187.0868","35.6551","70.3614","70.7517","35.8072","58.9956","49.6335","26.9682","29.7473","38.7653","13.1928","14.2054","14.4492","28.5287","17.1612","14.4597","17.3782","18.7790","21.7216","74.6595","29.9604","58.6647","16.8089","21.3531","28.7582","33.7975","11.6222","18.1847","23.2132","25.9493","63.7035","23.6112","34.1778","40.2356","13.5196","33.4527","13.5928","23.7789","19.2049","19.0201","16.4000","19.7703","21.5156","43.8330","39.0390","36.8116","22.0468","28.7189","28.7372","42.3603","33.8995","18.9344","11.1610","24.0400","25.6154","27.5681","32.5244","51.7509","31.5317","29.4908","42.2192","43.6231","157.9060","30.5787","30.4800","73.3421","61.1852","30.4139","39.7240"
"C:\Users\cfg364\Sommerlab Dropbox\Casper van der Luijt\Casper\Data\BioLog\OmniLog\CL3\DATA_2024\08\_RIB40_Aspergillus oryzae__1_30_CL3_769_8#19#2024_A_ 9A_7.OKA","8/19/2024 7:16:29 PM"," 9-A","PM01","","RIB40","Aspergillus oryzae","",34.7500,"23.9519","142.2440","71.0165","39.3679","18.4933","22.0344","27.6282","44.3247","18.1450","60.3805","80.6031","52.0443","22.0119","59.2562","44.0769","21.6059","17.3927","22.1967","11.0000","170.5680","20.2473","23.3033","39.3757","62.6153","35.0583","17.8376","21.8082","188.5040","33.6328","71.7188","75.9345","33.2142","57.3890","48.2165","26.4890","33.1202","36.0801","14.7686","16.4894","12.1856","23.9290","18.5026","15.1259","14.9643","19.1007","19.5646","74.7855","30.7660","62.0922","14.8398","19.4110","26.3882","32.2998","12.2392","15.0714","19.0284","24.3009","68.6644","20.9869","31.4580","43.6923","20.0525","32.6023","13.4649","24.4019","18.9843","15.5563","16.6423","20.2179","19.2405","48.7443","38.8642","39.0838","16.1009","31.0522","27.5253","44.4367","31.2956","19.3634","15.5029","20.1890","24.2591","26.6939","37.5302","50.7475","32.6773","28.6154","45.5501","42.0567","157.4497","29.2490","33.4752","76.1212","71.3327","32.0386","40.5232"
"C:\Users\cfg364\Sommerlab Dropbox\Casper van der Luijt\Casper\Data\BioLog\OmniLog\CL3\DATA_2024\08\_RIB40_Aspergillus oryzae__1_30_CL3_769_8#19#2024_A_ 9A_7.OKA","8/19/2024 7:16:29 PM"," 9-A","PM01","","RIB40","Aspergillus oryzae","",35.0000,"21.6266","138.6349","68.8641","40.1121","20.4845","18.5383","22.6274","46.1117","21.9304","59.2529","78.4837","56.3953","24.4588","63.8995","46.0104","26.1666","17.2861","18.1771","12.4554","172.4867","20.4087","20.5445","38.8673","62.8579","32.3046","20.9614","21.8225","186.9554","35.3657","71.9694","74.0698","32.0765","59.5443","48.6378","27.4406","31.9410","36.4418","14.7077","17.0470","12.3441","29.0844","18.1864","14.1576","19.4077","21.6660","18.8422","77.6105","32.7583","61.6966","13.4098","20.4657","28.9946","35.0831","13.2005","11.0000","23.7465","23.4481","64.2655","22.1013","35.8012","42.7073","19.8099","34.2105","16.4156","27.1284","18.3458","20.8764","13.8555","22.2124","22.4507","46.0926","37.0373","37.3585","13.4104","31.8633","30.6771","43.1104","32.5697","18.7935","14.6709","25.1496","27.7323","26.7755","36.9020","52.9519","30.7253","29.4769","45.0556","39.6831","161.0698","26.7575","33.8093","74.0541","69.1972","32.2780","37.2369"
"C:\Users\cfg364\Sommerlab Dropbox\Casper van der Luijt\Casper\Data\BioLog\OmniLog\CL3\DATA_2024\08\_RIB40_Aspergillus oryzae__1_30_CL3_769_8#19#2024_A_ 9A_7.OKA","8/19/2024 7:16:29 PM"," 9-A","PM01","","RIB40","Aspergillus oryzae","",35.2500,"22.9081","144.3580","72.8650","37.0279","17.6550","17.4633","23.8058","44.8162","15.0516","63.9696","79.9870","54.0687","20.1224","61.2966","48.1780","25.8962","18.5418","20.4423","12.5830","173.3660","18.8124","21.7422","40.4095","63.8575","36.2799","19.1838","20.8247","187.1065","32.8855","73.9362","76.8513","30.1658","58.7599","46.7322","27.0688","27.4404","35.1023","13.9599","17.1140","12.0309","28.3275","19.0682","12.7208","18.2994","19.6703","19.1830","73.8671","27.4605","63.4095","16.1262","20.7363","26.8307","34.1439","14.3970","13.8188","21.2212","23.3330","63.0165","23.8922","36.6553","40.9261","19.3041","38.6926","16.1372","24.5825","22.8712","18.4595","17.4934","21.0764","19.2040","47.1749","37.7536","38.6138","12.8622","33.3305","26.9850","41.9963","35.5668","20.0907","17.0893","19.4955","24.1241","26.0156","40.2858","50.9002","31.2620","27.5759","40.0837","38.4123","161.8137","31.5666","30.4588","76.0354","72.3260","28.0849","40.0188"
"C:\Users\cfg364\Sommerlab Dropbox\Casper van der Luijt\Casper\Data\BioLog\OmniLog\CL3\DATA_2024\08\_RIB40_Aspergillus oryzae__1_30_CL3_769_8#19#2024_A_ 9A_7.OKA","8/19/2024 7:16:29 PM"," 9-A","PM01","","RIB40","Aspergillus oryzae","",35.5000,"22.1018","144.9230","69.4654","41.0747","17.4965","17.8813","22.4428","45.9571","16.7047","66.2006","78.4763","55.4359","21.0072","65.9030","45.4941","26.1709","20.6332","21.5125","12.5513","172.4481","18.5910","23.9287","39.9620","63.1750","33.0669","19.9929","22.3362","190.0830","32.8218","71.4539","71.6417","31.9053","57.8427","51.3459","27.9545","30.4183","38.0394","13.9284","14.5589","11.0937","31.9771","19.7847","11.6055","20.7220","19.1343","22.0180","79.4295","27.7421","63.9942","17.8774","20.2158","29.9211","35.6079","16.0338","12.6786","22.4200","24.6578","62.7262","25.2193","36.9418","41.6271","22.1032","36.1051","13.4268","25.1677","18.6137","15.6027","14.0260","22.8029","21.9492","46.3535","36.8300","39.3374","11.9953","35.5259","26.1999","46.6704","31.6311","18.7511","14.5895","24.1761","26.8327","28.5074","37.8885","52.6755","30.7908","30.7058","42.1301","38.8177","161.3345","30.1160","33.5515","75.0881","68.6648","29.2460","41.8124"
"C:\Users\cfg364\Sommerlab Dropbox\Casper van der Luijt\Casper\Data\BioLog\OmniLog\CL3\DATA_2024\08\_RIB40_Aspergillus oryzae__1_30_CL3_769_8#19#2024_A_ 9A_7.OKA","8/19/2024 7:16:29 PM"," 9-A","PM01","","RIB40","Aspergillus oryzae","",35.7500,"21.8545","150.1972","73.7622","40.4418","18.2698","22.1195","24.2307","46.2767","23.8014","66.9135","77.6735","55.9913","19.9715","63.3537","50.2504","20.5978","15.0670","19.0177","15.7286","178.0766","21.3097","24.8363","37.4580","68.5396","35.8204","20.5189","19.5684","192.9278","33.0070","74.0744","83.4994","37.6336","62.7488","55.3945","31.2937","30.8238","37.4828","13.2635","15.4084","11.1250","29.1459","20.1250","16.0822","17.8837","18.3614","16.5262","81.7046","30.1289","66.6679","16.8093","22.6463","27.6212","34.9265","14.6935","16.8405","18.8539","24.6005","67.8870","26.1028","35.2483","40.8680","19.7419","38.5120","15.9014","27.1881","18.1785","16.8949","14.2392","24.5279","24.6359","48.2504","41.4023","41.2860","17.3769","34.5604","30.7689","46.3961","35.4966","24.1936","14.9405","25.2251","31.0375","30.1015","37.9407","50.5433","33.3553","29.2758","45.5456","43.9022","161.5275","30.3152","32.8995","82.1429","72.6265","35.2435","41.2043"
"C:\Users\cfg364\Sommerlab Dropbox\Casper van der Luijt\Casper\Data\BioLog\OmniLog\CL3\DATA_2024\08\_RIB40_Aspergillus oryzae__1_30_CL3_769_8#19#2024_A_ 9A_7.OKA","8/19/2024 7:16:29 PM"," 9-A","PM01","","RIB40","Aspergillus oryzae","",36.0000,"27.1518","145.9764","78.6012","46.0825","20.1500","23.2341","27.5490","54.0460","23.8730","67.3704","82.1697","57.5745","27.1003","65.4028","50.8114","27.6283","20.9698","22.0936","14.0012","180.3102","22.5198","28.2259","44.0729","70.6432","34.7580","21.5914","20.9359","193.8168","38.5525","80.6819","82.8934","41.7595","62.6144","52.2117","32.0775","30.2134","41.7536","16.9855","15.8917","11.4059","31.4306","23.9268","19.1352","20.5917","21.9362","19.8074","85.3548","32.4895","69.6111","18.3133","19.1938","31.7225","38.1721","13.3873","18.9149","23.3482","29.1864","69.1383","24.4251","36.9605","44.1645","22.2164","42.1006","14.5677","27.6443","22.3163","18.5927","17.4118","25.9993","25.2569","51.7281","43.4220","45.4003","14.6522","36.5623","31.4209","47.9351","37.3848","24.8369","18.5380","27.9157","29.0085","33.5140","40.8212","54.7442","35.8255","35.5467","47.6048","42.8127","165.3421","36.2552","30.9340","83.6255","74.2619","42.8215","41.2744"
"C:\Users\cfg364\Sommerlab Dropbox\Casper van der Luijt\Casper\Data\BioLog\OmniLog\CL3\DATA_2024\08\_RIB40_Aspergillus oryzae__1_30_CL3_769_8#19#2024_A_ 9A_7.OKA","8/19/2024 7:16:29 PM"," 9-A","PM01","","RIB40","Aspergillus oryzae","",36.2500,"24.2687","150.4296","81.0100","46.2968","21.1912","27.2909","27.8648","51.5844","21.4072","70.9515","81.9174","59.4660","27.5569","65.0265","50.4456","25.7026","20.8116","20.6397","12.5480","180.5297","23.6875","27.8473","44.1368","70.2421","33.0870","22.1538","24.6921","193.3267","36.2035","79.0176","84.4123","43.0111","63.4731","57.1495","31.1281","31.5525","41.4806","17.1735","17.4815","11.9054","33.2445","22.5906","14.6863","19.1403","21.0853","20.4574","81.3548","34.0444","69.7956","17.7092","21.9045","32.5413","38.5460","14.6584","16.5088","24.7097","26.4757","70.1971","25.4407","39.8628","42.1184","19.8039","46.9042","14.1257","30.1364","20.8823","21.1236","19.3604","25.1206","21.1655","51.1020","42.1871","41.8045","16.4463","39.1719","30.4455","49.5999","38.0167","25.8866","16.7173","26.9582","31.9670","33.9643","40.6594","51.4303","33.5147","33.7390","48.0077","43.6851","163.0733","33.2348","31.7444","83.6255","78.4273","42.1727","42.8509"
"C:\Users\cfg364\Sommerlab Dropbox\Casper van der Luijt\Casper\Data\BioLog\OmniLog\CL3\DATA_2024\08\_RIB40_Aspergillus oryzae__1_30_CL3_769_8#19#2024_A_ 9A_7.OKA","8/19/2024 7:16:29 PM"," 9-A","PM01","","RIB40","Aspergillus oryzae","",36.5000,"24.4547","151.4018","78.3572","46.9396","24.6618","23.5855","30.1072","55.4030","24.8016","71.2712","83.7148","61.3265","25.3351","65.2773","52.4575","27.4143","23.8817","26.3603","14.2855","183.1320","25.0762","26.2383","47.0099","71.8774","36.7935","21.4664","23.5713","193.0816","35.2195","81.6868","82.9250","44.1063","62.5508","56.3899","30.7167","30.4626","39.7519","16.4214","14.8522","12.2800","32.4807","22.3110","17.8005","22.8950","21.1483","20.8799","86.6774","31.1833","69.1501","19.8714","22.6746","32.4468","39.4497","12.8912","14.3876","26.7677","27.0746","72.2506","24.8694","38.5233","42.1490","22.4357","44.1945","18.5143","27.8289","20.5394","20.3327","17.4746","25.4972","22.0467","50.9455","43.4220","44.3216","18.2083","38.1343","29.4701","48.5517","40.4498","26.8727","16.9409","30.1180","27.1112","34.2537","46.3843","54.9551","35.8567","32.2167","49.1855","42.7192","164.1917","36.0945","32.4574","82.8738","79.0456","39.8372","39.6658"
"C:\Users\cfg364\Sommerlab Dropbox\Casper van der Luijt\Casper\Data\BioLog\OmniLog\CL3\DATA_2024\08\_RIB40_Aspergillus oryzae__1_30_CL3_769_8#19#2024_A_ 9A_7.OKA","8/19/2024 7:16:29 PM"," 9-A","PM01","","RIB40","Aspergillus oryzae","",36.7500,"22.8736","150.6491","82.4432","48.1029","25.0405","27.3867","28.1806","56.7600","22.8483","72.8699","87.3411","59.7761","28.0134","67.2841","52.4575","26.0694","22.5207","23.4526","15.9283","185.4522","22.4251","28.7307","47.7442","70.5197","38.3125","21.0915","23.5107","195.1034","36.9971","81.4356","82.9250","46.8287","63.1868","59.2386","30.9065","29.5284","42.4512","18.4897","19.6828","13.8723","32.8944","23.4918","17.6734","21.0334","24.7727","22.4399","88.4516","34.6664","68.3818","21.1115","24.0300","31.8800","39.3562","14.6274","16.4138","27.2426","29.6276","73.0206","27.8210","35.4935","45.0195","22.1850","47.1814","16.2726","28.2904","25.9013","24.7301","20.7748","26.6896","25.9807","52.5108","43.8652","45.5801","18.4966","39.4549","33.5920","52.0972","43.4201","28.0496","19.2726","27.9796","30.3270","33.9000","40.2713","54.8647","36.6686","34.9758","52.0370","41.2859","167.1316","33.1384","33.0085","88.6590","80.8679","41.0050","41.8535"
"C:\Users\cfg364\Sommerlab Dropbox\Casper van der Luijt\Casper\Data\BioLog\OmniLog\CL3\DATA_2024\08\_RIB40_Aspergillus oryzae__1_30_CL3_769_8#19#2024_A_ 9A_7.OKA","8/19/2024 7:16:29 PM"," 9-A","PM01","","RIB40","Aspergillus oryzae","",37.0000,"25.3324","151.6236","82.6316","51.0384","21.4864","24.2261","32.0715","54.6003","25.3751","73.5217","84.3381","63.4455","23.5234","74.2787","55.3148","25.0923","19.9121","25.7752","15.2490","188.9172","26.4523","28.9399","46.8939","71.9123","38.8723","19.9919","24.2275","193.6090","36.4325","83.4906","86.1030","41.9251","67.2454","59.1108","34.7058","33.2165","42.3793","17.7635","20.0141","11.0000","37.1184","21.9126","21.2738","19.4494","26.2248","27.8077","88.3195","34.3928","69.2365","17.7425","21.7716","30.8152","40.5425","17.9475","19.0099","25.2301","28.1969","73.6960","28.4692","37.9709","44.8865","22.9379","45.0764","13.5088","28.6558","24.3064","19.2703","17.5842","26.6465","25.6421","52.9792","39.1646","44.0522","19.6114","41.0824","31.6030","52.6243","40.2776","26.3561","20.8712","29.4046","27.1117","33.9050","44.2051","54.4062","33.9475","39.7868","54.7148","42.8454","165.8338","31.4078","36.2160","86.8434","80.4940","35.6725","38.4245"
"C:\Users\cfg364\Sommerlab Dropbox\Casper van der Luijt\Casper\Data\BioLog\OmniLog\CL3\DATA_2024\08\_RIB40_Aspergillus oryzae__1_30_CL3_769_8#19#2024_A_ 9A_7.OKA","8/19/2024 7:16:29 PM"," 9-A","PM01","","RIB40","Aspergillus oryzae","",37.2500,"22.2774","149.4961","81.9962","49.1126","20.0797","24.6031","27.9647","53.3230","22.9132","70.2273","84.9625","60.4179","25.6352","70.0764","55.0578","26.5820","16.1775","21.2784","14.3778","184.4887","25.1792","30.0299","49.5493","74.8319","35.3509","22.1464","27.4456","198.6754","36.6242","88.4832","90.0698","42.9771","67.1882","56.1271","30.9862","35.1280","45.9758","13.2665","17.1085","13.7735","41.4069","27.5854","18.1727","21.2535","21.1085","26.4007","87.3356","33.6110","72.5831","21.3419","22.1527","31.7317","38.6241","16.4380","19.6050","28.2098","30.5026","73.9416","26.1616","37.0250","45.5261","23.0669","46.0446","15.8400","28.1894","24.2939","21.9534","17.1452","28.6719","31.0809","53.3492","38.3466","43.0834","18.6298","40.8929","35.8141","55.0609","43.3328","23.3175","20.1789","28.8867","28.4167","33.1921","42.7454","53.7936","35.5891","31.6320","55.5869","46.3267","166.3857","33.5746","33.5061","93.1207","81.4196","35.6577","39.9292"
"C:\Users\cfg364\Sommerlab Dropbox\Casper van der Luijt\Casper\Data\BioLog\OmniLog\CL3\DATA_2024\08\_RIB40_Aspergillus oryzae__1_30_CL3_769_8#19#2024_A_ 9A_7.OKA","8/19/2024 7:16:29 PM"," 9-A","PM01","","RIB40","Aspergillus oryzae","",37.5000,"24.7356","154.4854","82.2613","48.6329","22.8556","24.4936","27.7350","57.1901","24.4123","72.2199","82.3049","65.0993","24.5013","73.7876","53.9478","25.3647","20.9467","25.6247","19.7548","186.7557","23.6100","29.6914","50.9117","73.2515","36.7169","17.4137","19.9787","197.2104","33.4746","83.0912","83.9297","40.4910","64.7622","57.5349","30.0048","35.7681","45.9319","19.5495","17.6946","13.3419","33.7997","23.7857","18.2282","20.6699","21.0793","19.3640","89.2598","33.8102","71.7626","17.7855","23.0297","33.8133","38.3831","13.7204","16.1273","23.5964","28.3198","77.2321","27.1678","39.7253","43.7441","18.8954","44.2355","15.7803","29.8072","20.8286","17.8554","18.4102","24.4005","22.8056","53.5974","38.3916","45.8997","21.1944","40.4688","32.7294","52.4196","42.8189","25.5849","20.1151","25.7192","25.8839","34.5753","42.6662","53.8935","37.6250","38.8129","52.5118","45.3097","163.8514","31.6107","31.9624","89.8791","80.9073","38.3317","41.8310"
"C:\Users\cfg364\Sommerlab Dropbox\Casper van der Luijt\Casper\Data\BioLog\OmniLog\CL3\DATA_2024\08\_RIB40_Aspergillus oryzae__1_30_CL3_769_8#19#2024_A_ 9A_7.OKA","8/19/2024 7:16:29 PM"," 9-A","PM01","","RIB40","Aspergillus oryzae","",37.7500,"22.5445","154.9183","84.8535","55.3916","21.5335","30.1818","30.4403","61.2063","22.8448","72.6635","85.5343","67.9359","24.4707","73.6431","57.7991","25.3534","22.0748","25.6192","15.8436","188.4649","28.0188","26.9696","50.5118","74.5895","40.3748","18.1148","28.4153","201.9585","40.8323","86.9576","88.5310","44.0109","70.1076","58.9292","34.9419","31.9634","44.1090","17.3858","17.4269","13.9259","38.4989","23.4771","17.1048","23.9913","25.2484","25.0263","88.3344","39.3498","78.3219","21.7274","22.7233","32.5062","41.7921","17.0842","19.1118","27.9722","28.1991","78.1707","27.7567","39.0192","44.2745","23.3683","49.3984","18.0128","30.5955","19.9800","24.9195","19.2802","23.7172","21.2276","56.4554","45.6104","44.2800","14.2143","41.1092","37.3542","54.5692","41.2418","26.6477","20.3546","26.3807","28.5394","35.7276","45.5465","55.3651","39.1333","33.0396","55.8623","49.7234","167.0387","34.5610","34.0655","94.0225","85.1805","34.0398","43.6726"
"C:\Users\cfg364\Sommerlab Dropbox\Casper van der Luijt\Casper\Data\BioLog\OmniLog\CL3\DATA_2024\08\_RIB40_Aspergillus oryzae__1_30_CL3_769_8#19#2024_A_ 9A_7.OKA","8/19/2024 7:16:29 PM"," 9-A","PM01","","RIB40","Aspergillus oryzae","",38.0000,"23.6602","156.6105","84.6317","57.8184","19.6392","27.5647","31.8923","59.7356","28.5509","74.4477","85.6075","66.2747","24.2045","72.5115","54.8599","23.7688","22.7263","27.1152","15.2430","190.7715","27.0009","30.2966","50.6756","73.4275","36.9083","18.3815","28.1766","202.7224","36.2579","91.7859","90.2024","40.4605","65.7137","58.1202","33.8518","30.8043","46.5722","15.0213","20.0995","16.0492","35.9906","21.9601","19.9640","22.1999","24.8573","24.6732","90.8759","34.9849","76.5950","19.5553","22.6657","33.7472","33.6181","12.5528","16.2532","27.4657","31.0926","81.7639","29.9464","39.7029","45.6366","22.3705","46.3858","14.4530","30.1713","22.0031","20.9388","18.1352","27.9787","27.1634","49.5762","39.2338","41.2171","18.0037","42.8152","34.7574","53.5526","46.1781","25.7254","21.5390","25.4854","27.6521","32.1308","45.2680","53.7648","35.2492","37.5149","55.9398","39.2016","166.5999","35.4595","31.4866","90.0072","81.1428","37.3428","39.4577"
"C:\Users\cfg364\Sommerlab Dropbox\Casper van der Luijt\Casper\Data\BioLog\OmniLog\CL3\DATA_2024\08\_RIB40_Aspergillus oryzae__1_30_CL3_769_8#19#2024_A_ 9A_7.OKA","8/19/2024 7:16:29 PM"," 9-A","PM01","","RIB40","Aspergillus oryzae","",38.2500,"21.8649","155.2646","88.2339","56.1692","23.2468","28.6562","32.3671","60.1166","26.9175","72.8398","85.2596","64.2333","23.7746","76.9386","58.1984","28.6609","24.5328","26.7045","18.9161","191.5232","27.3474","31.3089","52.7571","75.9862","38.1218","22.8542","30.3687","199.4506","40.1975","92.4414","92.0082","43.2572","66.9211","60.0202","34.2306","34.5040","47.6255","14.2359","16.4171","20.3550","38.8840","23.4945","18.8277","22.8292","24.0682","25.4490","95.0444","33.5209","78.6227","20.3504","22.6964","35.8748","34.1835","15.5963","18.0570","23.1510","30.7462","77.4373","30.6727","38.8427","48.1368","23.0283","48.9156","18.2227","30.0482","26.1254","24.9458","19.8640","25.7818","29.7270","56.0634","43.0767","45.3486","21.4738","41.6496","35.0081","56.4286","46.7759","26.9657","21.8893","27.4679","31.7749","33.5803","49.0039","58.7606","40.9291","35.9291","60.9365","41.1465","167.6922","38.1808","35.0299","94.8919","85.0231","35.7334","46.1782"
"C:\Users\cfg364\Sommerlab Dropbox\Casper van der Luijt\Casper\Data\BioLog\OmniLog\CL3\DATA_2024\08\_RIB40_Aspergillus oryzae__1_30_CL3_769_8#19#2024_A_ 9A_7.OKA","8/19/2024 7:16:29 PM"," 9-A","PM01","","RIB40","Aspergillus oryzae","",38.5000,"27.3438","158.4260","93.5151","57.0854","23.5316","30.3897","29.7398","61.6406","25.0599","74.6085","90.0984","67.9141","20.8880","73.8521","56.6976","24.9687","23.9623","27.5892","14.8947","190.9281","28.0403","31.1824","52.2447","76.3253","37.5151","20.2269","29.4978","204.4654","38.7678","93.5964","90.4558","45.0686","66.7304","59.8619","35.9035","32.5143","49.7923","17.2204","16.3867","19.0849","34.3055","22.0540","18.7961","23.3954","24.5417","26.2571","94.3390","32.9602","79.2986","20.5731","21.0386","36.8448","35.8485","13.6708","16.3165","28.8934","31.8485","77.8539","28.3044","38.7153","47.7404","23.3415","49.2858","16.0369","30.9099","24.0178","22.0431","19.9897","25.3110","28.1326","53.2607","42.0286","41.4885","21.7921","42.0906","33.9111","59.3664","45.9263","25.2165","17.2088","26.1888","27.7488","33.1616","46.2342","59.1217","38.7445","33.5187","63.1881","44.2208","167.6601","35.9397","35.3520","94.5641","83.7078","36.5545","44.1524"
"C:\Users\cfg364\Sommerlab Dropbox\Casper van der Luijt\Casper\Data\BioLog\OmniLog\CL3\DATA_2024\08\_RIB40_Aspergillus oryzae__1_30_CL3_769_8#19#2024_A_ 9A_7.OKA","8/19/2024 7:16:29 PM"," 9-A","PM01","","RIB40","Aspergillus oryzae","",38.7500,"24.1555","156.1723","89.1497","58.9179","24.8608","30.5181","32.5254","60.4341","24.4514","75.9913","87.3469","66.1510","21.5636","74.9745","55.8706","23.3688","23.9940","24.0502","16.2563","192.8386","25.5205","30.7395","54.8385","76.1712","37.3331","19.1635","27.9664","203.3034","39.8480","96.0937","93.1804","42.5580","68.1920","59.5135","33.2521","31.7370","47.2944","16.6235","17.6649","19.9832","34.4327","23.2440","20.4690","23.9932","25.2677","25.2550","96.1988","31.8388","78.6227","23.2446","20.4554","37.7522","37.0422","15.2236","17.8038","23.4365","31.1556","78.9436","28.3676","39.4162","45.6976","20.6164","50.3347","15.5934","27.5864","25.2576","23.3682","16.7522","26.9116","27.9762","50.6784","41.8381","44.5344","19.9775","39.8541","34.4440","56.6760","43.3777","26.1388","18.8326","29.0667","32.8056","33.8702","43.8509","55.0288","37.1841","36.2463","64.5761","40.5191","166.9533","34.2109","33.9991","96.4000","81.8991","34.3538","41.1941"
"C:\Users\cfg364\Sommerlab Dropbox\Casper van der Luijt\Casper\Data\BioLog\OmniLog\CL3\DATA_2024\08\_RIB40_Aspergillus oryzae__1_30_CL3_769_8#19#2024_A_ 9A_7.OKA","8/19/2024 7:16:29 PM"," 9-A","PM01","","RIB40","Aspergillus oryzae","",39.0000,"25.5794","161.8690","91.4698","59.0095","24.0380","29.8118","31.0060","61.6088","28.8071","78.7247","88.9283","70.1412","21.9935","75.9409","58.2597","25.1226","25.5787","26.8309","18.6945","195.4068","26.2134","32.0681","53.7818","75.2772","36.4836","20.7586","28.1465","207.9206","40.1657","93.8461","92.1983","43.1300","67.3977","62.5535","35.5878","32.5143","51.9290","16.6549","17.5127","18.0007","39.1065","23.8702","22.2050","24.6224","27.3826","28.0672","94.7879","36.3243","77.5167","20.3186","25.1523","38.8473","35.2516","16.4658","17.6772","27.3388","31.9744","81.0909","29.2517","40.5630","48.6856","19.5827","50.7358","16.4170","28.8789","25.3506","22.7687","17.6951","28.0728","32.0718","52.0325","43.5213","44.2027","18.9906","40.7046","31.8426","61.0364","48.3806","26.9339","21.0933","29.7702","30.2933","32.6140","48.8429","59.0916","37.1529","35.2631","63.6816","40.3309","166.6641","35.2674","37.0270","99.0554","85.7795","36.2261","43.1556"
"C:\Users\cfg364\Sommerlab Dropbox\Casper van der Luijt\Casper\Data\BioLog\OmniLog\CL3\DATA_2024\08\_RIB40_Aspergillus oryzae__1_30_CL3_769_8#19#2024_A_ 9A_7.OKA","8/19/2024 7:16:29 PM"," 9-A","PM01","","RIB40","Aspergillus oryzae","",39.2500,"23.9698","159.4276","90.4318","58.2765","23.0253","30.8391","31.5757","63.0693","28.5509","81.2009","87.5999","70.9454","21.9014","79.8068","58.5047","23.3996","21.1417","24.8717","15.6547","196.4716","30.1822","32.5110","56.6958","78.2059","35.6038","18.3815","26.8553","203.8844","41.4683","95.0635","95.8099","43.0983","66.6351","58.6269","37.8288","35.4367","50.3942","14.2987","14.8042","16.0492","36.5312","23.8076","23.6885","22.1370","24.3523","23.5095","97.6418","35.1718","80.7426","20.2868","20.6089","37.5332","32.5186","15.3789","16.6646","24.5152","28.2268","81.5716","30.0412","42.4425","43.0145","21.2115","52.6177","15.2449","30.6329","25.0716","23.2736","18.7953","25.9701","28.1326","57.5749","40.5042","43.6598","18.3221","41.6496","35.5096","62.9846","47.5940","28.3969","18.8963","27.9156","28.6828","34.6755","50.9686","57.3762","37.4026","37.0075","64.9771","39.1075","167.2424","34.4670","33.4193","99.6455","90.0545","34.0582","44.6669"
"C:\Users\cfg364\Sommerlab Dropbox\Casper van der Luijt\Casper\Data\BioLog\OmniLog\CL3\DATA_2024\08\_RIB40_Aspergillus oryzae__1_30_CL3_769_8#19#2024_A_ 9A_7.OKA","8/19/2024 7:16:29 PM"," 9-A","PM01","","RIB40","Aspergillus oryzae","",39.5000,"27.4057","163.3402","94.0340","63.4378","23.1519","31.5133","33.0635","65.2600","27.4940","79.9467","90.5412","72.1208","22.1777","77.1568","58.8416","26.6917","24.2159","29.4219","15.0847","197.8497","32.9540","32.0365","55.0947","81.2270","37.3027","21.0714","30.6690","207.8595","41.1506","97.1238","92.6418","44.3695","68.7639","61.3819","35.8403","32.5143","52.5610","15.0841","16.5084","17.5361","37.0717","26.4067","20.7846","22.0112","28.1086","26.8712","96.0385","34.4554","80.4661","20.5731","22.8806","37.6896","35.8171","16.5901","17.5506","30.2576","30.7462","82.9497","29.5675","40.4993","47.8014","23.2476","54.7772","13.3759","31.9253","22.8400","24.7880","21.7499","26.5664","25.6940","56.9766","43.0767","46.4041","21.1873","41.1456","34.0052","64.8092","50.6461","29.1920","17.8456","26.5086","29.8102","36.2861","47.2004","58.9712","40.3986","37.6735","68.4624","41.4602","169.2666","37.0603","38.0578","100.1372","87.3579","37.7370","43.4450"
"C:\Users\cfg364\Sommerlab Dropbox\Casper van der Luijt\Casper\Data\BioLog\OmniLog\CL3\DATA_2024\08\_RIB40_Aspergillus oryzae__1_30_CL3_769_8#19#2024_A_ 9A_7.OKA","8/19/2024 7:16:29 PM"," 9-A","PM01","","RIB40","Aspergillus oryzae","",39.7500,"24.1555","162.2447","91.5613","65.0259","26.5063","31.4491","34.3614","68.7208","26.5332","80.3326","89.7189","72.0899","24.8186","81.2721","58.8110","24.0457","25.6738","28.0632","17.3962","196.1271","30.0562","35.9274","60.7627","82.0902","38.8500","21.8220","33.2214","207.3091","40.2293","98.2163","93.7506","47.1344","68.4462","64.0102","39.2807","34.3175","53.1328","17.7545","17.9692","17.3812","36.7537","23.5571","21.1950","24.5909","26.9722","29.9097","99.6619","35.2652","83.1084","21.1137","24.0472","37.1577","36.6338","15.6584","20.1772","28.5127","32.8247","83.3022","29.2201","43.8761","48.2283","19.2068","52.8953","15.9102","31.0022","24.1728","22.8950","19.2982","26.1898","27.8824","56.0634","43.7436","44.8058","21.2828","40.7991","34.3186","62.3352","47.9401","26.8703","17.5909","28.1714","29.9390","37.0914","46.8783","58.2791","38.9630","36.5000","68.1540","42.7150","169.8127","37.1243","36.6727","98.1702","90.8108","34.7151","46.7248"
"C:\Users\cfg364\Sommerlab Dropbox\Casper van der Luijt\Casper\Data\BioLog\OmniLog\CL3\DATA_2024\08\_RIB40_Aspergillus oryzae__1_30_CL3_769_8#19#2024_A_ 9A_7.OKA","8/19/2024 7:16:29 PM"," 9-A","PM01","","RIB40","Aspergillus oryzae","",40.0000,"24.1245","165.0304","93.6067","61.5749","23.4051","34.0493","33.2535","66.3713","28.1665","81.0401","92.6918","71.1619","22.0242","79.8068","59.5461","26.5994","24.1208","27.5576","17.0162","196.1898","29.5837","31.3722","58.1368","83.0459","37.1814","22.1348","30.6990","207.0339","37.1475","98.5285","95.4614","43.5114","71.7188","62.7752","36.5663","34.2553","51.8990","17.8488","16.6910","16.3899","41.0778","23.9329","22.4259","20.9730","24.3523","25.0934","97.8342","36.7293","80.9884","20.7321","23.6481","36.4693","35.4715","13.8882","17.4241","29.0838","29.7384","82.9176","28.5570","41.7736","46.4903","19.0815","52.4634","15.1816","32.1100","25.5675","24.1570","19.9269","27.6962","26.2880","58.9920","41.9333","43.2376","18.9588","38.6571","34.2246","66.8812","49.8595","25.4709","18.8008","28.6830","31.2596","35.6419","50.3244","58.2490","38.4012","37.9907","68.2465","39.8290","169.3951","36.1959","35.5775","98.7603","90.9095","38.1312","41.7086"
"C:\Users\cfg364\Sommerlab Dropbox\Casper van der Luijt\Casper\Data\BioLog\OmniLog\CL3\DATA_2024\08\_RIB40_Aspergillus oryzae__1_30_CL3_769_8#19#2024_A_ 9A_7.OKA","8/19/2024 7:16:29 PM"," 9-A","PM01","","RIB40","Aspergillus oryzae","",40.2500,"15.4822","165.7156","97.3195","61.4424","26.2349","32.6536","36.5686","68.7219","23.9450","81.8548","95.4230","71.8555","26.5332","84.8320","62.4763","28.4603","21.7336","25.5177","18.4639","194.6190","27.6028","33.9772","64.6195","78.8152","37.1795","21.2447","30.6938","209.1986","39.9008","97.7520","96.8589","51.1844","72.0300","60.8952","40.7355","34.3438","51.8607","19.5830","18.0646","15.4300","38.2656","28.6294","16.9014","26.3826","28.3386","28.1397","98.7451","31.8637","80.6883","20.4001","23.1147","35.7170","39.5364","16.4749","19.6696","27.5654","31.2200","89.2551","27.7625","41.6609","46.7760","21.0929","55.3081","16.9037","29.4662","20.6250","22.7379","20.3133","26.9391","27.5134","55.4203","42.8853","48.2033","13.0947","45.4136","36.9571","65.0304","44.9670","28.4141","19.4553","29.4407","30.1517","35.5753","41.8145","57.2310","40.6562","33.3684","71.4368","48.2764","168.2282","38.2028","34.5251","105.4046","94.4250","38.4151","47.7917"
"C:\Users\cfg364\Sommerlab Dropbox\Casper van der Luijt\Casper\Data\BioLog\OmniLog\CL3\DATA_2024\08\_RIB40_Aspergillus oryzae__1_30_CL3_769_8#19#2024_A_ 9A_7.OKA","8/19/2024 7:16:29 PM"," 9-A","PM01","","RIB40","Aspergillus oryzae","",40.5000,"21.9657","164.5801","93.0904","64.9357","23.7386","35.9434","34.7831","72.1831","30.1361","86.5215","90.7484","71.9896","30.3527","81.9891","61.8295","28.6436","25.5971","30.6964","16.1319","194.8912","29.8728","36.0649","60.5833","80.1328","35.6903","20.7600","27.4557","206.6427","40.0509","100.5978","98.7903","48.4603","69.0395","64.7062","42.3532","35.0467","50.1069","19.0964","16.3983","16.8678","38.9961","26.2310","18.0398","26.1428","23.3436","26.6085","103.3732","35.1569","84.5459","22.4632","22.9563","35.3629","34.8922","15.0782","16.6599","32.7543","29.5696","86.1655","30.3124","39.9483","42.2446","20.3358","57.1376","16.5026","31.5640","25.7117","21.4170","19.2845","25.3436","24.9643","59.0394","42.8575","47.3279","18.5092","44.1992","38.4365","68.2975","44.5651","27.7856","19.3190","26.8433","31.5048","34.7154","43.8195","55.5258","38.1968","36.2718","70.5829","43.5150","169.8193","36.7040","37.2973","106.1624","94.5164","40.2077","44.7623"
"C:\Users\cfg364\Sommerlab Dropbox\Casper van der Luijt\Casper\Data\BioLog\OmniLog\CL3\DATA_2024\08\_RIB40_Aspergillus oryzae__1_30_CL3_769_8#19#2024_A_ 9A_7.OKA","8/19/2024 7:16:29 PM"," 9-A","PM01","","RIB40","Aspergillus oryzae","",40.7500,"23.8243","166.9607","93.4287","64.5380","22.1542","35.1098","36.6465","76.4744","31.1297","89.3281","92.2264","70.0934","26.7374","80.6497","60.7259","29.1921","24.3568","28.6794","19.6799","198.9286","29.6522","36.8531","64.5717","82.2043","39.8356","19.9467","26.3647","211.4809","40.0191","99.2141","101.3845","53.0761","71.1304","62.3973","42.1014","33.9001","51.1058","19.7815","17.5877","15.4707","38.1053","25.9189","20.3970","26.0802","24.5463","26.8681","97.7583","38.4214","84.4538","19.2153","22.7110","35.6140","39.0772","14.8311","17.0077","31.2366","34.9962","86.4213","30.5021","44.0974","43.6284","23.2180","58.9487","14.0359","30.5774","25.9898","21.7981","17.9615","25.8807","27.1030","59.5088","42.0619","44.5265","18.6364","44.3247","38.2492","66.7872","47.6079","26.2538","19.8289","23.9451","31.1507","37.4331","41.6791","59.2036","39.9766","34.7421","74.5737","42.8298","172.9215","33.6156","37.0722","108.0878","94.4514","39.9133","45.5654"
"C:\Users\cfg364\Sommerlab Dropbox\Casper van der Luijt\Casper\Data\BioLog\OmniLog\CL3\DATA_2024\08\_RIB40_Aspergillus oryzae__1_30_CL3_769_8#19#2024_A_ 9A_7.OKA","8/19/2024 7:16:29 PM"," 9-A","PM01","","RIB40","Aspergillus oryzae","",41.0000,"21.8418","166.0210","95.7663","65.0887","22.1859","33.8274","35.8254","76.2851","25.9370","86.9999","96.1887","71.4612","27.4057","85.6335","60.9711","25.6877","23.8161","30.2867","13.5343","197.3199","27.5728","36.9792","67.1242","81.7406","40.5921","21.0416","29.1225","208.5719","37.8602","100.0632","97.1769","51.5689","68.6910","62.9982","38.6702","32.5056","50.9242","22.3661","15.6053","15.0050","35.3057","26.1061","17.9442","24.7349","27.7430","25.6999","98.9454","36.1829","85.9892","18.6740","21.4541","39.4129","35.1108","17.2409","18.3674","33.7029","34.0866","92.5598","28.8269","42.1824","44.3665","20.4298","61.7114","18.9693","29.0359","28.0915","20.6548","20.7965","25.4384","23.8950","61.0110","42.5392","45.3097","16.2501","45.0151","38.7486","69.4071","48.2418","27.2111","19.1596","24.8146","29.6700","36.0419","46.0572","56.4905","37.6659","37.3235","73.7693","45.5706","170.9387","32.5862","35.6577","107.5657","95.1020","39.8479","46.1757"
"C:\Users\cfg364\Sommerlab Dropbox\Casper van der Luijt\Casper\Data\BioLog\OmniLog\CL3\DATA_2024\08\_RIB40_Aspergillus oryzae__1_30_CL3_769_8#19#2024_A_ 9A_7.OKA","8/19/2024 7:16:29 PM"," 9-A","PM01","","RIB40","Aspergillus oryzae","",41.2500,"23.7624","167.3366","98.1038","66.2818","23.8337","38.0594","35.3832","79.7876","27.9885","87.5102","94.8679","73.6371","28.1957","86.6615","65.3858","25.7182","22.7667","29.4043","17.2090","200.4111","26.1864","34.6777","64.9865","85.3889","38.5648","19.9154","26.8496","210.4704","41.3209","102.4533","98.6321","52.1655","70.5919","68.8180","39.1109","32.5676","55.3433","20.4666","17.1302","14.8188","37.9463","28.9151","16.2241","26.8624","25.6857","27.1926","104.0790","32.8563","88.2001","23.0683","22.9256","38.1571","39.0772","17.7352","17.4820","29.2129","35.2785","90.0021","29.0797","40.6823","41.3527","22.7794","59.0715","17.5779","28.2035","27.5352","20.3054","20.1665","25.9439","25.6877","57.4433","43.6531","45.0988","19.2728","46.1761","39.0295","70.8557","49.5730","24.4986","20.8170","24.2994","30.9576","35.4595","47.6139","58.2390","40.6011","34.9333","76.5226","43.5150","170.5869","35.1598","36.4614","107.8594","97.9651","42.3337","48.4565"
"C:\Users\cfg364\Sommerlab Dropbox\Casper van der Luijt\Casper\Data\BioLog\OmniLog\CL3\DATA_2024\08\_RIB40_Aspergillus oryzae__1_30_CL3_769_8#19#2024_A_ 9A_7.OKA","8/19/2024 7:16:29 PM"," 9-A","PM01","","RIB40","Aspergillus oryzae","",41.5000,"23.5765","171.0015","94.7513","65.3028","21.5204","37.1617","36.8361","75.2754","27.2833","88.1481","95.4340","75.1603","27.3450","87.8763","60.8179","31.3252","24.7066","29.2782","17.1456","201.4204","29.5892","38.6187","68.0496","84.7087","39.5633","21.4795","29.5468","210.4704","39.0984","100.5035","101.8906","54.0809","72.7779","64.4532","41.5977","33.2803","54.9499","17.1035","15.7578","16.0917","38.7416","28.1036","20.4926","25.2981","25.1160","28.6529","103.1165","37.7996","88.7529","23.4822","24.7957","34.4838","37.2346","16.9629","17.7666","34.2721","34.2434","93.5190","31.0710","40.2355","44.3050","22.9987","60.2687","16.3445","30.0533","27.4424","20.5912","20.5445","26.8601","28.2982","60.6355","41.4572","46.1832","20.3546","45.5485","37.8122","71.3180","50.3020","28.3600","18.1396","24.0740","31.4082","40.5714","45.9924","57.7265","41.2568","37.3235","80.3896","44.0445","171.4823","32.3288","37.1044","108.5447","98.1928","40.8946","51.6047"
"C:\Users\cfg364\Sommerlab Dropbox\Casper van der Luijt\Casper\Data\BioLog\OmniLog\CL3\DATA_2024\08\_RIB40_Aspergillus oryzae__1_30_CL3_769_8#19#2024_A_ 9A_7.OKA","8/19/2024 7:16:29 PM"," 9-A","PM01","","RIB40","Aspergillus oryzae","",41.7500,"23.6075","170.6569","99.1803","64.9663","21.2986","36.8732","39.2049","81.3022","30.9374","91.0184","97.0063","74.0413","25.2487","88.9042","65.5697","28.0646","24.7384","30.5388","17.2407","202.3983","31.9208","39.3123","67.7943","83.9976","39.9566","22.6370","29.0013","211.6647","41.4479","104.0258","102.4285","55.7765","71.7007","67.6161","40.4960","34.1170","53.7391","19.0964","18.7467","14.7877","38.1371","30.1323","22.1809","27.5194","27.0783","30.4052","104.1111","37.6441","89.8891","18.9287","26.2366","36.9012","40.0766","16.4067","18.3674","33.1021","32.9573","92.7836","29.9964","42.3420","44.3050","24.9411","62.1412","15.8069","32.4889","28.2769","22.3380","19.5680","25.5963","24.8385","60.5416","40.5660","46.5146","22.1683","48.3726","38.9983","74.9550","50.4287","29.5088","18.7134","26.8755","31.1829","35.1036","48.1328","59.2639","40.8196","34.0410","78.2241","43.7019","171.4823","37.6691","38.1653","109.1648","100.0148","37.7547","49.8057"
"C:\Users\cfg364\Sommerlab Dropbox\Casper van der Luijt\Casper\Data\BioLog\OmniLog\CL3\DATA_2024\08\_RIB40_Aspergillus oryzae__1_30_CL3_769_8#19#2024_A_ 9A_7.OKA","8/19/2024 7:16:29 PM"," 9-A","PM01","","RIB40","Aspergillus oryzae","",42.0000,"23.2358","170.1557","100.2260","65.0887","25.2596","40.2717","39.6787","83.0376","28.1487","90.0297","100.3396","76.3105","29.9274","89.1846","67.0413","27.6075","24.2614","31.4842","19.7750","201.6097","32.5509","36.6009","67.0285","89.2846","37.5058","19.1959","27.0921","211.9403","42.6543","104.2459","100.1823","57.2523","72.7462","64.2318","40.6848","31.2661","57.1897","18.8162","13.2264","15.3466","39.8551","26.3558","18.2309","26.5495","25.4325","29.3019","104.5603","35.2191","87.0639","21.2532","24.9490","37.4036","36.6099","16.5612","19.8535","33.3551","33.4906","93.9346","31.3555","44.7996","42.7674","23.7820","61.6808","17.3881","33.2905","27.1952","23.4813","21.1430","25.2172","28.0151","63.2331","41.6481","46.6953","19.4319","45.9878","39.4977","75.0166","48.3686","25.7113","16.4185","26.8433","35.1101","34.4242","45.5383","60.0779","41.0694","37.4191","82.6789","44.3559","171.8022","37.6047","35.6577","111.0902","98.2579","38.0490","48.1674"
"C:\Users\cfg364\Sommerlab Dropbox\Casper van der Luijt\Casper\Data\BioLog\OmniLog\CL3\DATA_2024\08\_RIB40_Aspergillus oryzae__1_30_CL3_769_8#19#2024_A_ 9A_7.OKA","8/19/2024 7:16:29 PM"," 9-A","PM01","","RIB40","Aspergillus oryzae","",42.2500,"22.8641","170.4377","100.0107","68.1174","23.6435","37.8030","40.5946","80.9866","28.8860","92.3898","96.9119","75.6266","28.5298","91.3961","68.4515","31.2033","25.7561","29.6879","16.2586","204.0384","31.2276","38.3980","71.3998","83.4411","37.8386","17.8821","30.7893","212.8589","39.2571","107.0448","101.7325","58.0059","75.2807","71.7278","44.8401","33.8691","58.9756","21.8368","18.0452","15.1603","40.7141","28.6030","20.4289","24.8288","24.8628","29.2045","105.7796","37.3332","90.2883","21.0303","25.4702","37.5605","40.3890","15.5417","19.0630","33.7345","35.6863","93.9666","29.3958","41.7675","42.9826","20.9311","66.0704","19.0958","31.4715","26.8552","19.4797","20.1665","27.8395","26.8200","60.6668","45.5627","50.4606","19.4001","46.0820","39.1232","76.6502","55.3098","26.6367","21.7413","26.9399","31.1829","36.5272","50.7921","59.8367","41.6627","35.7301","83.9782","45.5394","172.3778","34.5164","36.2042","113.6357","99.9172","40.4367","50.8016"
"C:\Users\cfg364\Sommerlab Dropbox\Casper van der Luijt\Casper\Data\BioLog\OmniLog\CL3\DATA_2024\08\_RIB40_Aspergillus oryzae__1_30_CL3_769_8#19#2024_A_ 9A_7.OKA","8/19/2024 7:16:29 PM"," 9-A","PM01","","RIB40","Aspergillus oryzae","",42.5000,"23.3309","170.6415","104.6766","67.1020","26.3076","37.3539","36.6583","83.0360","30.2992","89.3332","96.0944","82.0437","29.1995","86.3449","66.3432","28.1504","24.2105","30.0327","19.9887","205.2677","31.4910","41.1434","69.9397","88.5786","38.9561","20.8823","26.0774","211.1754","42.1425","108.3690","102.4067","50.9276","68.3705","63.9816","38.2831","31.4969","57.3110","14.7145","18.0981","13.4293","39.3312","30.0819","20.9473","21.8320","29.5527","31.9282","102.2817","33.8980","88.7235","23.7743","24.7917","32.6730","36.7404","14.6627","16.5055","31.0499","32.3036","93.6166","31.0743","39.0989","44.3742","24.8658","58.9242","19.9802","37.1803","27.8602","23.7395","21.6889","27.8731","27.1236","60.5173","41.9189","47.2694","16.1923","45.3377","36.0889","75.2219","52.2772","29.0519","18.2857","28.7897","32.0845","34.8863","49.4474","63.6064","41.7601","33.1100","88.6014","45.6641","172.3684","36.1079","33.8495","108.7969","96.6863","37.5154","48.9131"
"C:\Users\cfg364\Sommerlab Dropbox\Casper van der Luijt\Casper\Data\BioLog\OmniLog\CL3\DATA_2024\08\_RIB40_Aspergillus oryzae__1_30_CL3_769_8#19#2024_A_ 9A_7.OKA","8/19/2024 7:16:29 PM"," 9-A","PM01","","RIB40","Aspergillus oryzae","",42.7500,"25.7415","173.3691","106.8990","65.3526","26.3076","37.4501","39.2019","88.5506","29.4001","92.2735","97.5111","77.6111","26.5428","89.9312","67.8397","29.2510","24.7210","32.8876","18.0897","206.2788","32.2139","42.1198","70.6761","85.2446","39.0167","21.7293","28.8492","215.3860","41.6341","107.9921","103.8022","52.9792","73.7133","67.3906","42.1897","33.8882","58.9391","16.4144","16.9100","15.8897","40.3793","31.4515","19.3265","25.0439","27.5864","32.8339","106.2926","36.3592","89.4983","25.4818","24.4240","37.4575","34.0027","13.7315","17.8977","36.2363","36.5895","92.7814","30.1274","44.5653","46.1840","23.1482","62.9307","17.8060","31.9258","25.2306","22.8522","22.6032","29.7269","25.2267","62.8124","45.6126","48.4199","15.8077","47.0703","35.1760","76.1782","52.1822","28.9564","16.1447","26.6139","32.9201","33.6806","48.7006","59.5182","44.1598","33.2384","90.5175","43.5228","169.6410","35.4319","33.8819","111.9453","100.7386","38.2356","49.3962"
"C:\Users\cfg364\Sommerlab Dropbox\Casper van der Luijt\Casper\Data\BioLog\OmniLog\CL3\DATA_2024\08\_RIB40_Aspergillus oryzae__1_30_CL3_769_8#19#2024_A_ 9A_7.OKA","8/19/2024 7:16:29 PM"," 9-A","PM01","","RIB40","Aspergillus oryzae","",43.0000,"20.2114","175.7128","105.6820","67.1159","27.9355","39.9809","43.5831","87.4184","29.3179","93.9923","96.3926","83.7689","22.5179","93.8007","71.9477","24.5772","21.8021","35.0204","17.2584","207.4148","29.9134","37.6436","74.0410","86.9964","36.5524","19.5244","32.5545","217.8105","38.5686","113.5603","103.1373","53.3864","73.7884","68.3794","44.6982","38.4034","61.7238","21.4362","16.8277","17.2537","41.3231","33.0755","21.8623","24.9965","27.6555","31.5217","108.4827","35.7017","91.4253","23.1102","22.8935","37.4773","38.3962","13.0798","17.5919","33.9318","33.5274","96.4484","34.4974","49.7463","45.0883","20.4479","64.0441","19.1688","33.0587","23.9052","24.9765","18.8756","31.7683","27.0621","59.2740","42.8455","47.0789","14.9651","48.6447","37.9991","76.7474","55.7252","30.1591","19.3823","23.9275","31.1707","38.4975","48.0088","58.9580","41.4153","36.8360","90.4783","47.3501","171.9360","34.2387","32.8536","112.8209","99.6469","37.6348","46.6391"
"C:\Users\cfg364\Sommerlab Dropbox\Casper van der Luijt\Casper\Data\BioLog\OmniLog\CL3\DATA_2024\08\_RIB40_Aspergillus oryzae__1_30_CL3_769_8#19#2024_A_ 9A_7.OKA","8/19/2024 7:16:29 PM"," 9-A","PM01","","RIB40","Aspergillus oryzae","",43.2500,"20.4915","177.3922","108.1254","64.7905","26.7665","41.6857","41.3121","86.9121","31.6276","90.6995","99.8121","83.3056","25.1453","92.0562","72.5832","25.5886","20.0071","35.0204","17.9221","207.9489","32.2500","37.5170","70.9433","89.6191","37.7416","18.9603","32.6148","216.4340","43.8605","113.9668","101.8673","54.0492","68.5985","69.0753","40.9260","36.1146","60.4270","18.7409","18.8310","13.2712","39.6703","31.8318","20.0148","25.9672","28.1287","32.1691","108.8032","37.3506","93.6696","20.8852","22.8320","31.3574","39.3958","16.0909","15.2035","33.2013","34.7544","94.5588","33.1430","44.6882","44.4139","21.7035","63.0276","18.1911","32.5042","23.0012","24.2476","19.4112","31.3617","27.1878","60.4062","42.9412","46.7163","18.4825","47.9826","35.2929","82.7580","51.2369","27.6767","17.2387","25.8570","32.2645","35.7833","48.2037","59.8349","41.2587","35.5266","93.8248","45.4780","173.1816","36.9138","39.4711","113.4092","96.1705","37.8000","48.9229"
"C:\Users\cfg364\Sommerlab Dropbox\Casper van der Luijt\Casper\Data\BioLog\OmniLog\CL3\DATA_2024\08\_RIB40_Aspergillus oryzae__1_30_CL3_769_8#19#2024_A_ 9A_7.OKA","8/19/2024 7:16:29 PM"," 9-A","PM01","","RIB40","Aspergillus oryzae","",43.5000,"17.7218","177.2678","108.7668","67.7585","27.9039","39.5949","43.1731","88.4626","31.7239","90.6356","97.6274","82.6570","23.4344","91.4020","73.7937","25.7418","23.0522","33.1315","18.9020","208.7029","33.7972","39.6371","72.8594","88.7243","39.2663","20.1826","32.4339","216.4646","40.6917","113.3415","102.5976","55.1854","71.8144","73.3772","43.0007","33.4238","61.8745","17.9888","20.1665","16.9736","41.1959","34.6923","19.5688","26.9692","27.4032","32.5899","108.7391","37.7239","94.4997","24.3180","22.1559","33.0380","36.3032","12.6452","15.9996","34.0906","33.9049","93.8542","30.5601","43.8612","43.0651","22.2685","63.6129","19.4842","34.1986","24.1858","26.4661","20.3247","28.5780","29.7024","60.5005","44.8877","43.7551","16.7878","46.4377","39.9501","79.5215","52.0903","29.2361","17.6546","25.8248","33.2618","38.7883","49.7309","62.4657","42.5743","38.7840","95.4980","45.9772","174.3952","33.9808","34.3385","115.4032","99.1222","32.4797","49.2767"
"C:\Users\cfg364\Sommerlab Dropbox\Casper van der Luijt\Casper\Data\BioLog\OmniLog\CL3\DATA_2024\08\_RIB40_Aspergillus oryzae__1_30_CL3_769_8#19#2024_A_ 9A_7.OKA","8/19/2024 7:16:29 PM"," 9-A","PM01","","RIB40","Aspergillus oryzae","",43.7500,"20.0168","173.7733","106.7127","68.0918","26.1367","42.5874","41.2689","88.9008","28.8088","95.9615","95.8419","80.0145","20.4199","92.5606","72.1973","27.1613","25.4413","27.1959","15.9632","207.1953","31.7487","39.9585","75.6871","89.4116","34.5227","15.9470","29.3530","215.0012","39.5209","112.9185","99.9386","50.8942","70.4055","68.7682","42.1422","36.2331","59.6926","14.4604","16.0054","13.3710","39.7487","29.1800","20.4564","23.0799","28.6439","31.2042","105.4158","37.6110","93.9577","21.0379","19.9301","35.3941","37.5605","13.1918","15.6842","37.6731","32.2674","96.3964","32.1725","43.5644","48.0005","22.7829","66.1200","16.4617","35.6124","22.8783","25.6825","17.8416","29.3646","26.8436","62.5438","43.0761","48.2638","16.1666","45.8677","39.7960","80.4551","52.0637","28.3333","13.9866","29.2686","30.9571","35.3527","48.9493","57.5928","45.7582","40.1614","99.8952","47.1016","174.5793","31.7506","32.6179","115.5730","98.8577","39.3638","44.7836"
"C:\Users\cfg364\Sommerlab Dropbox\Casper van der Luijt\Casper\Data\BioLog\OmniLog\CL3\DATA_2024\08\_RIB40_Aspergillus oryzae__1_30_CL3_769_8#19#2024_A_ 9A_7.OKA","8/19/2024 7:16:29 PM"," 9-A","PM01","","RIB40","Aspergillus oryzae","",44.0000,"23.3936","176.1108","108.3481","66.9170","29.4810","47.6952","40.0412","91.6982","29.8283","93.9424","97.8000","81.6936","23.2732","92.2952","75.9398","27.4272","23.1136","34.0934","19.4728","210.4621","31.5002","41.5871","74.6574","91.7392","38.8882","19.8613","32.0259","216.7598","37.5026","114.0265","107.0798","53.4874","73.2539","68.5992","41.7756","32.7845","61.7250","16.0659","17.2219","16.2277","41.4998","30.0178","19.2215","21.0164","31.2471","35.8651","107.2956","34.1144","94.3845","23.7150","25.1431","35.5349","39.8574","13.2853","18.5280","35.4227","33.7583","99.2039","28.7043","47.5721","47.1676","22.6276","66.4187","16.3822","33.7546","23.7307","23.7500","20.0419","30.1619","26.3797","61.9283","42.4226","50.0753","18.2018","49.2068","37.7447","85.2671","55.5524","27.6060","18.6324","28.2608","32.1082","40.6676","52.0665","62.9273","49.5853","37.2180","99.8171","46.8663","173.6496","36.2040","35.6816","113.6392","105.9235","38.7038","49.6539"
"C:\Users\cfg364\Sommerlab Dropbox\Casper van der Luijt\Casper\Data\BioLog\OmniLog\CL3\DATA_2024\08\_RIB40_Aspergillus oryzae__1_30_CL3_769_8#19#2024_A_ 9A_7.OKA","8/19/2024 7:16:29 PM"," 9-A","PM01","","RIB40","Aspergillus oryzae","",44.2500,"23.1721","178.4327","108.2039","70.9335","29.9029","45.9534","43.0066","90.8996","33.5856","97.9456","101.7865","85.7568","28.2767","98.5511","75.6766","28.1671","27.4637","30.8719","19.0599","210.6198","33.7712","39.7749","74.2033","95.5760","37.9726","20.7238","33.0928","216.8665","40.1087","117.8040","107.2539","55.0955","76.2924","65.7020","44.9367","32.2329","61.6689","15.4605","19.1923","14.6824","36.1356","34.2322","19.5147","23.7664","27.4265","31.8549","110.5379","35.9009","95.2301","22.8919","23.0876","36.5872","35.2660","16.5767","17.4787","42.9919","33.4881","99.2768","34.0012","43.6654","47.4853","24.1579","67.8264","19.3432","29.9559","22.5898","27.2988","18.3445","29.4933","24.8918","64.5522","46.0463","50.1891","16.5199","48.4083","39.2767","85.4763","59.7834","31.3393","16.3543","29.0155","32.3272","36.8385","52.0176","63.3940","43.1596","41.0249","98.3535","45.6850","172.9382","37.1841","36.5283","113.5377","103.2952","39.0360","48.7162"
"C:\Users\cfg364\Sommerlab Dropbox\Casper van der Luijt\Casper\Data\BioLog\OmniLog\CL3\DATA_2024\08\_RIB40_Aspergillus oryzae__1_30_CL3_769_8#19#2024_A_ 9A_7.OKA","8/19/2024 7:16:29 PM"," 9-A","PM01","","RIB40","Aspergillus oryzae","",44.5000,"24.5658","179.5232","111.6820","66.9114","30.7850","43.7169","43.0384","94.8010","31.4742","96.5741","98.4252","86.3122","27.2711","99.6063","77.7727","26.8864","30.9348","33.4983","20.8230","211.1584","33.5815","40.7256","73.7877","95.6375","37.1221","21.8493","31.8888","220.4044","42.8416","116.7116","107.9826","57.8907","77.4910","68.0277","43.7970","32.1707","66.1566","16.6541","18.0738","14.9320","37.2563","30.5574","18.7493","26.0303","23.8817","31.1425","109.7010","36.8058","96.4928","25.2703","24.6523","33.1124","36.5828","16.4843","17.9211","41.0768","35.2884","101.7361","30.6159","42.6784","48.9813","22.8421","68.5329","19.2173","33.8025","25.4484","27.0145","17.5214","27.6126","22.2910","62.7337","44.8083","46.7578","15.5946","50.2346","38.8993","87.8094","57.4469","30.5143","17.5654","30.4260","33.1957","40.9894","51.8561","61.7359","44.4073","39.9809","100.8128","41.7790","174.4394","35.8958","35.8201","116.6449","104.6931","40.1837","49.7800"
"C:\Users\cfg364\Sommerlab Dropbox\Casper van der Luijt\Casper\Data\BioLog\OmniLog\CL3\DATA_2024\08\_RIB40_Aspergillus oryzae__1_30_CL3_769_8#19#2024_A_ 9A_7.OKA","8/19/2024 7:16:29 PM"," 9-A","PM01","","RIB40","Aspergillus oryzae","",44.7500,"19.9379","182.4414","110.9603","68.8081","26.5174","46.1091","42.8623","96.0825","32.8425","95.4858","101.8779","82.4959","24.1944","98.6094","78.8275","27.7771","25.5506","33.2914","20.0821","213.9944","36.0628","42.5188","76.2045","93.6038","36.4884","20.5580","32.3513","217.2907","42.0314","118.7394","109.0525","57.4460","72.9778","72.9040","40.6120","30.5377","65.0424","15.2148","16.8812","14.1070","38.7859","34.1297","18.6600","24.1235","30.0186","34.8327","106.1661","34.9239","96.9288","22.8126","21.7502","33.6084","38.7713","16.5110","18.3031","38.3203","34.4093","98.2931","31.3724","43.6776","47.3217","23.1366","69.2002","18.8745","34.5479","23.7901","27.1400","21.7400","30.5777","27.6163","65.0726","45.7488","50.3241","16.5946","52.1979","40.0834","81.7610","53.8902","29.8938","19.4127","27.0462","34.5933","43.1867","51.2748","61.0977","46.8111","42.1959","104.4404","43.7235","170.0327","35.8977","34.2886","116.7830","104.9378","40.4107","50.8085"
"C:\Users\cfg364\Sommerlab Dropbox\Casper van der Luijt\Casper\Data\BioLog\OmniLog\CL3\DATA_2024\08\_RIB40_Aspergillus oryzae__1_30_CL3_769_8#19#2024_A_ 9A_7.OKA","8/19/2024 7:16:29 PM"," 9-A","PM01","","RIB40","Aspergillus oryzae","",45.0000,"19.4084","181.3680","113.9746","66.9501","24.6122","48.5731","43.8995","97.1657","29.5465","100.1134","98.5990","82.7828","24.0948","97.8764","73.9246","25.0749","26.0586","32.4464","18.2330","211.4411","35.1251","39.4351","73.7506","90.6759","33.2994","18.7889","31.5450","221.0504","40.6489","118.9464","106.0474","58.1594","73.7028","71.1161","41.6616","35.3957","65.4600","16.0733","17.9801","15.5489","40.4734","33.3799","19.5820","25.1372","28.8741","32.7260","111.8529","38.1864","98.4982","22.9266","19.4816","39.8972","35.0678","12.7323","19.1488","38.9020","32.1033","101.4085","28.8377","44.0517","49.6198","23.7472","75.4570","16.7091","33.3717","21.7093","22.7687","23.2813","33.5163","27.0039","62.5247","41.2890","45.5288","18.3716","51.2402","40.5451","88.7405","57.7522","28.4636","19.4956","28.8140","30.6926","39.6953","48.6956","59.5610","45.8212","38.1765","107.6713","46.7541","173.1799","33.0017","38.3380","114.4669","106.0901","38.4851","53.7844"
"C:\Users\cfg364\Sommerlab Dropbox\Casper van der Luijt\Casper\Data\BioLog\OmniLog\CL3\DATA_2024\08\_RIB40_Aspergillus oryzae__1_30_CL3_769_8#19#2024_A_ 9A_7.OKA","8/19/2024 7:16:29 PM"," 9-A","PM01","","RIB40","Aspergillus oryzae","",45.2500,"19.0036","181.6487","115.9337","69.7981","27.8244","50.1028","45.4209","101.1668","30.5395","101.2009","103.5076","82.4715","24.4314","98.3767","81.1430","25.2891","28.7849","32.5731","19.3433","212.0131","35.6935","41.0891","79.0359","91.2324","37.6006","19.4485","33.7841","221.5403","42.3014","117.3516","107.2851","57.7195","74.0206","71.9092","45.7035","34.0921","67.0636","17.9210","19.2548","17.9936","39.9975","33.3488","19.7091","23.6856","31.1479","36.7085","108.4869","36.0784","98.4059","25.2801","20.2191","38.3250","36.8495","14.9286","17.6959","41.0167","35.6048","100.5444","31.6575","48.6916","49.2238","26.9652","74.2021","17.4977","34.2357","23.2392","29.2999","22.5313","32.8293","29.1420","62.9336","46.3477","48.0038","15.5634","50.6090","41.8568","89.7573","59.2043","32.8453","21.3273","27.8832","32.3658","39.3398","50.9989","61.7766","47.7245","38.4317","111.4252","47.0967","172.9564","32.4855","35.7852","113.8120","108.3627","38.3207","55.7335"
"C:\Users\cfg364\Sommerlab Dropbox\Casper van der Luijt\Casper\Data\BioLog\OmniLog\CL3\DATA_2024\08\_RIB40_Aspergillus oryzae__1_30_CL3_769_8#19#2024_A_ 9A_7.OKA","8/19/2024 7:16:29 PM"," 9-A","PM01","","RIB40","Aspergillus oryzae","",45.5000,"20.1870","182.6154","117.7398","68.9406","26.2660","53.0028","45.8013","101.6079","30.5075","99.8895","107.0946","83.8100","24.8903","101.5353","78.7369","29.5421","30.6554","31.6544","18.9309","213.3477","35.2830","40.8028","79.2281","91.0160","32.2317","18.7889","35.6600","220.1931","41.6976","120.9790","112.2993","58.5050","70.3023","72.6705","47.2824","31.2677","69.0302","15.8854","14.7025","15.7965","40.7906","34.3111","20.3449","23.3069","30.4215","35.6076","113.6331","37.7524","98.8366","25.4073","23.7531","37.4760","38.3498","16.2897","17.9170","38.4916","33.3020","101.9206","30.0417","45.6089","46.1476","24.4345","74.6306","19.2010","33.5260","25.1438","28.7320","24.5938","33.2977","31.0599","64.6951","44.9478","47.2492","19.3290","52.2817","44.1680","90.5893","56.0791","31.0355","21.6432","28.1399","33.3312","39.0490","51.1935","59.6217","46.6013","37.7938","112.4180","45.6640","175.4461","33.9050","36.8193","115.1545","105.7006","36.6440","54.7110"
"C:\Users\cfg364\Sommerlab Dropbox\Casper van der Luijt\Casper\Data\BioLog\OmniLog\CL3\DATA_2024\08\_RIB40_Aspergillus oryzae__1_30_CL3_769_8#19#2024_A_ 9A_7.OKA","8/19/2024 7:16:29 PM"," 9-A","PM01","","RIB40","Aspergillus oryzae","",45.7500,"20.7787","188.6343","113.2400","69.2162","27.3156","49.4973","42.7585","99.6861","32.9099","102.5124","101.6197","83.6232","26.9402","99.3149","80.7775","26.9107","31.7333","32.1613","19.8509","214.2056","37.5882","41.4707","81.1500","93.8296","36.3194","17.1872","35.9324","221.8465","42.5874","123.0742","109.6652","60.3901","73.4804","70.6402","47.8824","35.4267","68.4553","16.0107","18.5871","17.1271","38.7284","37.5703","21.4891","22.2340","32.0953","34.4744","111.4322","36.8224","102.8054","22.7358","25.4432","38.9225","38.5061","15.1142","20.7596","41.3323","36.9296","101.0565","29.7565","48.3420","49.8939","25.4656","76.8649","20.5258","36.5191","26.3614","29.2684","25.6875","33.8286","29.4564","66.1736","45.9023","49.2714","18.4354","51.1140","43.3247","92.1607","62.8347","31.9563","25.0224","29.2954","31.8832","41.9573","51.5828","59.1058","47.2565","39.1015","111.0839","46.4115","174.8716","37.1633","35.6236","114.2049","105.7006","39.5372","58.1299"
"C:\Users\cfg364\Sommerlab Dropbox\Casper van der Luijt\Casper\Data\BioLog\OmniLog\CL3\DATA_2024\08\_RIB40_Aspergillus oryzae__1_30_CL3_769_8#19#2024_A_ 9A_7.OKA","8/19/2024 7:16:29 PM"," 9-A","PM01","","RIB40","Aspergillus oryzae","",46.0000,"23.6002","183.3582","114.6459","67.3041","28.8737","50.3715","46.1919","106.0418","32.6837","101.2156","103.1759","84.7324","24.1298","104.2714","85.3780","29.3019","31.9900","36.3746","17.0958","219.4662","31.5133","43.1702","80.4093","93.6526","38.2351","22.7570","35.2104","220.7861","44.9646","123.6055","111.2841","60.0929","75.3556","70.9294","47.6745","37.3463","69.6560","17.8553","17.0362","14.5772","36.8328","35.8453","20.7840","21.6163","26.6549","34.4615","114.6097","34.6684","102.0714","23.2075","22.3525","32.2817","39.2710","15.3020","20.7490","37.4636","35.2105","103.4736","29.2741","46.3690","46.3885","27.3859","74.2073","19.0916","36.8269","25.3265","28.6177","22.7209","33.4545","30.2043","63.0498","45.0051","47.3648","19.1031","51.8066","42.5118","92.3060","61.9559","33.9353","18.5496","30.1166","33.3498","43.1369","47.9438","64.9884","49.9685","38.1452","115.3361","48.4634","175.4493","38.0414","37.2617","115.3474","105.2017","38.1298","54.7665"
"C:\Users\cfg364\Sommerlab Dropbox\Casper van der Luijt\Casper\Data\BioLog\OmniLog\CL3\DATA_2024\08\_RIB40_Aspergillus oryzae__1_30_CL3_769_8#19#2024_A_ 9A_7.OKA","8/19/2024 7:16:29 PM"," 9-A","PM01","","RIB40","Aspergillus oryzae","",46.2500,"21.8665","184.3590","117.1507","67.2114","27.4133","52.8846","43.2407","110.2547","32.7800","100.5749","102.6079","84.4844","24.4979","103.3994","84.6812","30.7965","27.2974","34.0303","20.5069","216.0627","33.0693","45.2854","76.9532","96.0681","37.5096","21.1978","37.1800","221.0314","42.9444","125.0092","111.1894","57.4180","76.3043","69.5955","46.6935","34.2576","73.9965","16.4467","16.9752","14.2350","38.1371","36.0928","21.8958","20.4192","27.2582","34.1045","115.5140","35.0743","105.0856","21.1039","23.1787","34.0551","37.3073","15.1782","17.8370","39.9960","31.7836","102.0623","29.5279","46.1148","44.9767","25.5374","79.1098","17.4164","33.9538","24.4233","28.1765","19.2643","31.7563","30.4549","63.4279","45.3235","46.5500","16.8241","51.1443","39.8072","95.9877","60.7907","30.8942","19.9454","28.5102","31.0023","44.9097","47.9112","64.0232","47.3144","42.4580","118.2378","46.1317","174.4615","33.5989","34.2899","116.6595","106.2125","40.2267","56.3055"
"C:\Users\cfg364\Sommerlab Dropbox\Casper van der Luijt\Casper\Data\BioLog\OmniLog\CL3\DATA_2024\08\_RIB40_Aspergillus oryzae__1_30_CL3_769_8#19#2024_A_ 9A_7.OKA","8/19/2024 7:16:29 PM"," 9-A","PM01","","RIB40","Aspergillus oryzae","",46.5000,"25.3648","184.4215","120.1138","68.6329","29.4134","52.1436","45.4303","108.0225","30.0495","107.0463","105.5426","87.4919","23.7310","103.5240","86.7717","28.2343","30.6583","34.1254","20.0963","219.1826","37.0386","46.9271","84.1854","97.2139","38.2955","22.7259","35.7861","224.3433","47.0480","127.5982","118.1023","60.4391","77.3796","77.2494","47.2948","38.3347","71.8865","19.3579","18.9263","17.3767","43.9591","37.8564","22.1182","25.5856","28.1156","36.8303","115.8047","33.7628","106.4082","24.5143","26.5447","35.8920","40.7360","16.0757","19.4829","41.7687","34.7662","106.4245","31.6853","47.1317","46.8182","27.9185","75.4098","19.2181","35.1586","26.6969","30.3826","22.8152","30.1524","29.8910","67.7129","44.4957","50.9560","23.0280","54.2663","41.2853","96.6320","66.1445","31.7812","21.4045","29.8917","32.8996","43.5237","52.7370","64.9884","48.6570","43.2825","121.9420","44.6394","176.7557","36.8181","39.1029","120.4647","106.5386","39.6697","57.5881"
"C:\Users\cfg364\Sommerlab Dropbox\Casper van der Luijt\Casper\Data\BioLog\OmniLog\CL3\DATA_2024\08\_RIB40_Aspergillus oryzae__1_30_CL3_769_8#19#2024_A_ 9A_7.OKA","8/19/2024 7:16:29 PM"," 9-A","PM01","","RIB40","Aspergillus oryzae","",46.7500,"21.8355","185.0783","116.9980","67.1187","26.5561","52.3691","46.7948","108.2740","34.3541","104.1950","103.6177","87.8950","22.5959","106.2334","87.5594","27.5327","31.2290","36.0578","20.0963","219.5922","33.4821","44.1173","80.6653","96.9043","40.5626","20.6988","35.6043","225.1406","45.5960","126.4752","116.0189","58.2991","80.4155","75.0898","49.6996","33.6399","72.6099","16.9163","14.1095","12.8041","38.7098","37.0520","21.0381","23.2545","27.5758","35.1105","114.2867","34.6996","105.8238","24.4825","25.0147","34.2452","38.6788","12.1451","20.2742","39.3629","35.9720","100.9075","33.2716","48.1168","46.4806","23.4696","78.2773","19.5341","35.5911","27.5067","29.0274","23.8207","30.6870","31.8020","64.5622","44.0499","48.7831","21.6669","56.9153","41.3796","97.7059","62.4283","32.0979","21.2459","28.9921","31.6776","44.0072","47.5851","65.4709","51.2175","42.7117","124.9054","48.2458","175.9273","34.5324","37.2940","116.0363","106.0821","37.3106","53.8046"
"C:\Users\cfg364\Sommerlab Dropbox\Casper van der Luijt\Casper\Data\BioLog\OmniLog\CL3\DATA_2024\08\_RIB40_Aspergillus oryzae__1_30_CL3_769_8#19#2024_A_ 9A_7.OKA","8/19/2024 7:16:29 PM"," 9-A","PM01","","RIB40","Aspergillus oryzae","",47.0000,"24.1055","185.9522","119.5760","72.3889","32.5138","51.6217","48.7946","110.6029","34.4545","107.6402","108.5685","87.0392","26.0737","108.3406","85.4483","28.1569","29.3266","35.6883","23.9841","222.7920","39.2052","44.5651","85.8494","98.8585","40.0591","20.2473","37.1297","227.5774","41.2502","122.6933","115.6374","59.6772","79.0770","74.5058","47.8820","35.6108","75.3628","18.5385","18.8035","15.3133","40.1031","35.9634","24.1940","19.9320","28.8452","37.2177","119.1197","35.4006","105.5266","25.8548","25.3666","35.8955","42.6453","12.0924","22.2715","45.5141","34.5830","107.8646","29.6576","45.6282","44.4038","26.5843","72.8401","21.1385","37.6878","25.1594","27.8944","23.2157","31.0889","30.6759","66.0004","43.8025","49.7105","20.6519","53.8505","43.5252","97.6841","62.3503","27.3867","16.7523","34.1431","35.4625","45.1735","49.0714","66.4177","53.1526","38.1570","122.3857","47.6487","178.2845","38.5827","36.0475","118.7660","108.3531","40.4629","55.5797"
"C:\Users\cfg364\Sommerlab Dropbox\Casper van der Luijt\Casper\Data\BioLog\OmniLog\CL3\DATA_2024\08\_RIB40_Aspergillus oryzae__1_30_CL3_769_8#19#2024_A_ 9A_7.OKA","8/19/2024 7:16:29 PM"," 9-A","PM01","","RIB40","Aspergillus oryzae","",47.2500,"26.5164","183.7012","120.4050","69.6292","29.8917","54.5485","52.8890","112.6311","33.0126","106.3015","106.1648","89.9578","25.7680","107.8418","85.0512","26.8701","31.5461","34.4507","21.1409","223.3269","39.2682","42.5107","86.2654","100.1269","43.0224","20.5909","39.0954","227.6080","44.3071","126.8405","117.0991","58.5701","79.6135","74.5692","47.9772","37.1258","74.5457","18.0380","19.0160","18.5405","41.2481","34.8132","22.0056","23.6062","32.5406","37.4124","118.8940","35.8057","107.0661","25.3140","23.3670","35.8638","38.7519","11.9675","21.2611","41.8827","38.8507","108.9537","29.4038","47.5396","46.1862","26.1149","78.4956","22.8388","35.9909","28.5203","26.5899","25.4826","32.4051","28.1259","65.5246","48.4204","50.7371","17.6357","55.1452","39.2116","103.5324","61.3385","28.9519","18.5100","34.3020","35.3984","45.3676","53.8221","68.8311","50.0859","40.6229","128.4150","47.8046","175.6267","34.0017","36.8878","117.3489","107.5391","41.0200","53.4936"
"C:\Users\cfg364\Sommerlab Dropbox\Casper van der Luijt\Casper\Data\BioLog\OmniLog\CL3\DATA_2024\08\_RIB40_Aspergillus oryzae__1_30_CL3_769_8#19#2024_A_ 9A_7.OKA","8/19/2024 7:16:29 PM"," 9-A","PM01","","RIB40","Aspergillus oryzae","",47.5000,"21.6636","187.6717","119.8216","69.4145","30.6499","56.7034","53.9283","108.0994","34.1340","107.0027","104.8998","88.0018","23.5054","107.2182","86.7314","24.9093","31.5144","35.6248","21.1409","222.2257","41.0015","44.9128","87.6094","97.5901","41.0569","19.7162","35.1639","227.1193","41.5687","125.3010","113.6673","57.2101","80.0554","74.7595","50.5482","35.8581","73.8195","17.8190","19.5018","17.7337","39.3079","36.4297","22.3228","19.9954","34.2146","37.0555","119.3131","35.9303","107.3124","23.4691","22.0134","33.8975","38.7831","11.4994","21.3243","44.0299","38.4714","108.3131","29.9749","46.7432","46.8315","26.5530","76.7032","20.3199","35.1579","25.5017","28.1489","25.3566","32.9379","28.2519","66.1272","44.4713","49.5595","17.2229","56.9767","41.5416","102.1545","63.1092","27.1631","18.4141","33.6027","34.9816","43.5230","51.6094","65.4825","48.7715","40.1745","125.0274","45.5901","175.4345","38.3569","35.5951","114.9431","107.3112","39.4797","51.8567"
"C:\Users\cfg364\Sommerlab Dropbox\Casper van der Luijt\Casper\Data\BioLog\OmniLog\CL3\DATA_2024\08\_RIB40_Aspergillus oryzae__1_30_CL3_769_8#19#2024_A_ 9A_7.OKA","8/19/2024 7:16:29 PM"," 9-A","PM01","","RIB40","Aspergillus oryzae","",47.7500,"24.1673","188.2657","122.1553","72.5729","34.7568","58.0221","52.7000","113.8354","35.7682","106.8115","109.9284","90.5167","25.6457","110.7102","88.0450","28.2488","33.5754","34.6093","22.5625","225.9386","38.9846","50.4437","84.9534","97.6520","39.3031","22.1530","37.9462","227.7607","41.1229","129.7625","116.7495","60.6893","82.1069","76.3456","47.5963","37.3113","76.6034","18.9451","21.4451","19.6887","42.4249","39.8805","27.2071","24.8732","31.8141","38.5481","123.8906","36.9587","111.8386","30.5307","24.2899","35.3881","42.2404","11.5930","22.5872","45.1352","38.6294","107.8646","30.8634","51.3306","47.0466","27.0224","80.3190","22.6814","35.3739","27.2444","28.8489","23.0268","34.4109","31.8722","64.7633","47.4968","49.6501","17.5404","60.1976","44.7846","104.3592","66.8087","30.3574","20.5233","37.0042","37.4823","47.2446","55.1563","67.4133","55.7500","42.8966","133.4808","49.3330","175.6907","38.2924","37.1141","118.2057","112.3579","41.6755","56.1575"
"C:\Users\cfg364\Sommerlab Dropbox\Casper van der Luijt\Casper\Data\BioLog\OmniLog\CL3\DATA_2024\08\_RIB40_Aspergillus oryzae__1_30_CL3_769_8#19#2024_A_ 9A_7.OKA","8/19/2024 7:16:29 PM"," 9-A","PM01","","RIB40","Aspergillus oryzae","",48.0000,"27.0279","189.2662","126.4355","70.3088","33.2684","57.9794","57.0571","114.9475","36.8245","112.2797","114.1796","90.3213","27.2744","112.9477","92.4860","31.6415","31.2411","41.0801","19.6858","226.0723","40.3190","43.5505","87.1771","101.7168","41.8712","21.2361","39.5253","229.4390","45.3560","135.1037","116.5333","61.0870","80.1047","76.9630","53.0184","37.5567","80.7112","18.0519","17.8637","17.8939","44.1957","35.6712","25.6618","25.6377","32.2832","39.8904","120.0441","40.0105","112.3237","32.1568","23.2027","38.2266","41.3861","14.0669","19.6702","46.6270","42.6046","111.7798","32.9512","44.8017","49.0817","30.0462","81.4025","20.4451","37.7342","27.5018","30.1725","21.5059","33.3287","32.2563","69.3333","52.1841","54.1098","16.0908","59.9499","45.1257","106.5629","65.5630","33.8741","20.4027","32.0377","36.6601","44.6464","51.6908","69.5999","52.2512","45.2542","135.6716","48.5192","177.2446","38.0598","37.3601","116.7160","109.1144","39.8281","51.3311"
"C:\Users\cfg364\Sommerlab Dropbox\Casper van der Luijt\Casper\Data\BioLog\OmniLog\CL3\DATA_2024\08\_RIB40_Aspergillus oryzae__1_30_CL3_769_8#19#2024_A_ 9A_7.OKA","8/19/2024 7:16:29 PM"," 9-A","PM01","","RIB40","Aspergillus oryzae","",48.2500,"28.5353","190.1123","128.4580","70.8007","33.0783","58.3329","55.8013","112.4385","36.5685","110.9141","112.0326","92.1502","25.7754","110.2403","90.7808","28.4917","33.1188","41.8684","21.4927","227.7663","40.9811","47.3968","88.3279","101.0693","40.9943","19.8274","38.5856","229.9915","40.1563","135.0414","117.9667","63.7000","78.6545","75.8257","55.4420","32.9801","78.1148","17.0444","19.7466","17.6455","45.3971","34.2659","22.6404","23.2666","31.7779","40.6353","121.9231","38.9233","114.6600","31.3358","20.9532","38.8906","41.9165","16.7311","22.6873","48.9938","41.3504","112.9936","33.8355","45.0914","46.4754","30.7041","83.5872","20.3188","38.2590","28.3425","29.6963","24.9448","32.1336","29.0079","70.2487","48.5149","54.6506","18.6842","58.2152","45.2200","106.1025","67.2154","32.0607","21.5820","30.9523","36.1456","48.6619","50.6458","71.1943","52.7520","46.1121","133.8419","51.8480","179.1926","34.9350","37.2630","122.0396","111.2579","37.3213","52.9197"
"C:\Users\cfg364\Sommerlab Dropbox\Casper van der Luijt\Casper\Data\BioLog\OmniLog\CL3\DATA_2024\08\_RIB40_Aspergillus oryzae__1_30_CL3_769_8#19#2024_A_ 9A_7.OKA","8/19/2024 7:16:29 PM"," 9-A","PM01","","RIB40","Aspergillus oryzae","",48.5000,"25.8281","189.5483","123.8614","72.1228","33.9653","61.2249","58.6897","118.7586","37.2085","115.5509","110.4224","96.9857","26.0813","113.2900","91.0853","29.4703","33.4689","42.4359","20.5417","228.2682","44.4489","45.7756","92.8992","101.4393","42.1735","21.9247","38.8281","229.1628","39.7735","135.3219","119.0498","63.8889","82.9420","79.0480","54.7810","35.0660","83.1265","17.3907","19.3518","18.6702","41.5084","38.1071","23.4991","25.9539","32.2516","41.9633","122.1175","40.9423","116.3201","29.2201","24.4661","39.3650","41.5421","15.0892","18.3363","47.2582","42.4792","112.8339","36.2675","45.3168","48.3458","27.6341","85.4027","18.7393","39.2160","27.9377","29.9820","27.1217","35.1527","28.7241","69.9331","47.6292","55.0111","17.4035","60.6122","44.2773","102.8496","66.4527","31.9016","19.0321","33.4743","35.8562","47.2370","54.0094","70.6829","50.5924","44.8411","138.8660","45.7815","174.8497","39.3806","35.7409","117.1432","108.8871","39.7951","55.8699"
"C:\Users\cfg364\Sommerlab Dropbox\Casper van der Luijt\Casper\Data\BioLog\OmniLog\CL3\DATA_2024\08\_RIB40_Aspergillus oryzae__1_30_CL3_769_8#19#2024_A_ 9A_7.OKA","8/19/2024 7:16:29 PM"," 9-A","PM01","","RIB40","Aspergillus oryzae","",48.7500,"22.3635","190.8680","128.1590","74.6674","32.6930","62.7948","55.3733","120.1553","34.6343","109.4079","108.7535","94.2398","26.1994","116.2017","91.9016","28.7861","35.6616","36.7122","23.2581","228.9017","39.4739","49.6736","88.4419","99.1260","37.8460","19.0539","39.1575","229.4853","44.7428","131.0262","118.8902","62.6550","80.9335","75.4180","52.3661","36.2765","82.3230","15.9586","16.9321","15.6525","45.7190","38.9871","24.9417","23.7720","31.0531","37.3719","122.8489","40.6735","114.6623","27.5012","23.0062","41.8008","46.1662","17.6922","20.9528","48.6902","39.1065","111.1336","34.8598","51.6541","50.1082","28.8548","82.0183","21.9427","41.8438","26.6922","32.8694","25.1959","36.4725","31.3765","71.6110","44.9541","54.2198","17.4491","58.8686","45.3945","106.7625","68.3140","32.4155","22.1733","34.0477","33.0028","48.7714","58.3124","70.4464","54.4432","41.2224","140.2367","50.9909","179.1466","40.2292","40.9391","120.1900","109.3818","38.7217","57.4044"
"C:\Users\cfg364\Sommerlab Dropbox\Casper van der Luijt\Casper\Data\BioLog\OmniLog\CL3\DATA_2024\08\_RIB40_Aspergillus oryzae__1_30_CL3_769_8#19#2024_A_ 9A_7.OKA","8/19/2024 7:16:29 PM"," 9-A","PM01","","RIB40","Aspergillus oryzae","",49.0000,"25.0634","187.7044","129.9780","72.9612","35.5821","64.0849","56.0772","120.1152","33.2941","108.2771","112.2905","97.3296","27.4510","115.3860","93.5382","30.7461","32.5117","38.5674","23.5121","226.6131","39.0518","48.5724","88.5847","100.8920","39.8474","21.5331","38.4830","228.7742","42.2299","139.3314","118.9052","61.0149","78.2603","76.9735","52.7298","36.3520","80.4460","19.3192","20.0199","18.1092","42.6137","39.1761","28.5343","28.3232","31.5349","43.5656","128.3902","38.4083","114.0181","26.3176","25.4374","35.6331","42.9227","15.4161","20.6892","46.1794","36.4143","111.6866","33.5812","47.2840","47.6676","27.6126","84.2440","18.8943","40.4299","28.4888","32.8207","26.7814","30.5805","30.9332","71.4040","45.4371","53.8954","21.7595","61.5509","47.4500","107.1708","67.4145","28.4731","19.4917","35.5635","37.9235","46.5410","51.2111","66.5769","52.1919","43.9849","142.9072","49.6532","176.9077","38.1626","43.7368","120.9481","109.5347","42.9428","58.1866"
"C:\Users\cfg364\Sommerlab Dropbox\Casper van der Luijt\Casper\Data\BioLog\OmniLog\CL3\DATA_2024\08\_RIB40_Aspergillus oryzae__1_30_CL3_769_8#19#2024_A_ 9A_7.OKA","8/19/2024 7:16:29 PM"," 9-A","PM01","","RIB40","Aspergillus oryzae","",49.2500,"22.9644","191.7522","130.9345","71.7494","35.5022","64.3782","50.0757","123.4202","34.1701","111.9002","113.6981","93.9609","31.0593","117.1567","93.4563","25.3048","32.2372","39.8887","21.6904","228.5786","44.4576","48.1322","89.1384","103.4195","36.2119","21.8942","40.6448","231.7820","44.1185","137.5938","125.2759","65.4888","84.3117","76.4845","53.9740","37.0653","80.8892","19.1984","19.3930","16.0015","43.3752","40.7040","25.6859","28.1013","30.0492","39.4800","126.3530","39.3230","114.4788","28.0127","23.2132","41.5170","40.4238","15.2101","24.1424","49.3698","39.7456","109.6028","34.5183","50.0713","48.8901","23.2255","86.5172","18.5039","41.3044","26.0202","32.7220","25.4142","35.6518","29.1274","74.0720","52.7731","52.7074","19.7362","62.0795","46.1506","108.0531","66.7787","30.4601","21.2295","33.3988","30.2902","52.2874","58.7586","68.2336","52.2685","46.4378","142.3834","50.1868","180.0090","32.2825","39.3226","120.5904","109.0343","40.0369","60.2651"
"C:\Users\cfg364\Sommerlab Dropbox\Casper van der Luijt\Casper\Data\BioLog\OmniLog\CL3\DATA_2024\08\_RIB40_Aspergillus oryzae__1_30_CL3_769_8#19#2024_A_ 9A_7.OKA","8/19/2024 7:16:29 PM"," 9-A","PM01","","RIB40","Aspergillus oryzae","",49.5000,"26.7900","192.4582","130.1161","75.2257","33.0771","65.0254","54.8487","126.1975","33.1619","111.2528","115.6144","96.9818","29.0968","117.8577","95.3363","25.3151","36.4733","41.2602","25.8461","229.9031","42.2286","50.7418","96.8605","102.5783","44.4260","21.8668","40.5097","230.1766","43.8296","133.8085","125.9262","65.6811","76.8060","77.7989","53.0528","37.3263","80.1790","19.5802","18.7692","16.8283","43.6387","39.8663","20.2398","25.9744","30.2345","39.3507","126.3525","40.0289","115.6771","28.1320","26.9222","40.7535","42.5253","17.9748","20.8174","50.4695","40.5557","113.8521","37.4620","48.2869","50.2783","26.3312","85.1487","23.2669","42.1313","28.9906","34.9410","26.8488","33.0067","30.4529","75.4536","47.6932","56.1163","18.3441","61.5675","44.9257","108.2651","70.8494","30.7282","17.7035","30.8751","38.3458","50.8277","57.2649","71.0596","54.8572","43.6137","145.8886","51.4585","179.8902","39.2134","40.5739","122.1498","107.2488","39.7767","55.5962"
"C:\Users\cfg364\Sommerlab Dropbox\Casper van der Luijt\Casper\Data\BioLog\OmniLog\CL3\DATA_2024\08\_RIB40_Aspergillus oryzae__1_30_CL3_769_8#19#2024_A_ 9A_7.OKA","8/19/2024 7:16:29 PM"," 9-A","PM01","","RIB40","Aspergillus oryzae","",49.7500,"23.5454","192.3016","134.7585","77.1165","33.0138","66.3439","58.7112","126.9550","34.5450","115.2296","116.2120","97.3214","27.1098","117.0474","96.1583","30.9368","35.4874","41.6704","23.6129","230.8493","42.7660","48.3668","94.7252","101.4058","43.2827","20.1080","39.2990","231.1282","39.7817","137.0495","124.9806","67.1309","77.2838","78.8486","54.3214","36.2733","81.9396","18.8912","18.3747","15.0518","42.8148","39.5241","24.0313","25.5321","31.6311","36.1572","127.0614","38.6896","118.4528","28.1637","25.6362","42.0730","39.3790","16.9209","22.7493","49.3634","44.1600","114.8803","35.2857","47.6165","51.3787","27.8077","85.6414","22.6693","45.3242","29.8295","35.7622","28.6691","34.6146","33.6688","80.4260","49.1520","53.6832","17.2585","65.0038","46.7842","113.1575","73.1828","30.2182","20.4168","30.7465","38.5707","53.7898","54.0137","70.2757","57.3391","45.6900","147.2856","52.0471","182.1225","38.6028","43.7990","122.3134","106.9188","40.3694","55.5640"
"C:\Users\cfg364\Sommerlab Dropbox\Casper van der Luijt\Casper\Data\BioLog\OmniLog\CL3\DATA_2024\08\_RIB40_Aspergillus oryzae__1_30_CL3_769_8#19#2024_A_ 9A_7.OKA","8/19/2024 7:16:29 PM"," 9-A","PM01","","RIB40","Aspergillus oryzae","",50.0000,"24.4930","192.6156","133.1074","73.0718","39.8926","67.0802","51.3419","128.0729","36.4570","113.8030","116.2201","97.0441","23.7866","120.4164","96.9237","25.0150","35.1528","40.1300","21.5563","230.6286","44.0594","51.9855","96.7259","102.1667","44.1828","22.7412","45.3950","229.5573","41.4369","138.2903","126.0400","62.0176","80.5849","77.1870","52.7561","35.4502","82.5032","20.3134","18.6585","18.4976","42.5707","37.6330","24.0691","27.0211","31.4705","40.9611","129.9637","36.5569","117.7340","33.7104","24.6471","39.1499","40.3297","16.3535","23.8769","48.4310","42.7725","114.1003","31.7278","51.9122","52.9276","24.3940","90.5933","19.6838","39.9647","26.5431","32.5919","23.6913","34.3375","32.4097","73.3014","47.0957","53.5572","16.9651","65.8246","45.9143","111.8516","73.9688","29.9681","18.5796","29.5077","36.5097","52.0287","57.5882","71.4823","58.4343","47.7500","150.6834","51.6225","180.7370","39.3633","42.3815","117.9753","111.9962","41.1080","56.3252"
"C:\Users\cfg364\Sommerlab Dropbox\Casper van der Luijt\Casper\Data\BioLog\OmniLog\CL3\DATA_2024\08\_RIB40_Aspergillus oryzae__1_30_CL3_769_8#19#2024_A_ 9A_7.OKA","8/19/2024 7:16:29 PM"," 9-A","PM01","","RIB40","Aspergillus oryzae","",50.2500,"22.5940","192.9598","135.6867","74.4740","32.8322","69.8792","52.8835","126.4173","35.9321","116.9475","114.6900","92.3473","27.0072","121.7109","98.9740","31.9126","35.5894","42.6664","19.3601","233.1627","42.2928","51.2006","98.3214","101.8969","40.1992","24.2529","45.6705","235.8864","44.1574","141.0187","124.0168","61.9260","79.8141","77.5491","54.7081","34.6008","84.5343","18.4501","17.0779","13.3806","43.6266","39.6682","28.5447","27.1025","30.6168","42.7492","128.4610","36.4571","115.2244","27.1316","24.2177","44.3987","39.6289","15.8243","21.1823","48.1027","41.9751","112.4005","33.0706","48.5850","48.2173","29.3843","89.4008","23.6828","42.1769","24.4594","33.1100","24.9645","33.8967","33.8603","73.6368","43.5672","53.7860","15.7122","62.9830","46.4876","111.3365","69.7874","33.1082","16.7311","33.6739","34.4665","50.7314","52.0433","69.5300","59.6382","46.9276","153.8829","45.8141","180.1710","37.0703","41.0352","118.4720","111.2875","40.4998","55.5746"
"C:\Users\cfg364\Sommerlab Dropbox\Casper van der Luijt\Casper\Data\BioLog\OmniLog\CL3\DATA_2024\08\_RIB40_Aspergillus oryzae__1_30_CL3_769_8#19#2024_A_ 9A_7.OKA","8/19/2024 7:16:29 PM"," 9-A","PM01","","RIB40","Aspergillus oryzae","",50.5000,"20.9466","193.3349","130.6661","72.5115","35.5849","72.1216","54.0593","126.7653","34.5862","114.6865","113.9024","93.5586","28.7147","124.2158","95.6594","30.5752","37.1758","40.9914","21.0767","234.0139","42.0080","54.5978","96.9858","103.0725","40.6250","23.9091","42.8667","232.5752","43.6801","141.7980","124.8715","63.4939","82.9622","75.9305","52.9370","35.1900","83.3508","19.0788","17.0172","13.6938","39.0425","38.8883","25.4095","25.0543","30.0772","44.1043","129.3663","37.5761","118.2744","27.8922","23.1393","43.8012","41.0962","13.5668","23.3010","49.6248","39.1965","115.6921","36.4032","49.3793","47.5134","30.7310","89.3699","20.7487","41.7473","26.7650","33.0150","24.5853","36.4686","33.9857","76.7905","43.3439","52.5816","18.2767","64.9047","45.7306","109.9216","73.6096","30.6836","16.7631","30.4530","37.0381","52.3829","54.7336","68.2609","57.1455","47.3723","151.3165","48.0893","179.7566","37.3917","40.2626","119.4562","107.8664","42.9854","55.9921"
"C:\Users\cfg364\Sommerlab Dropbox\Casper van der Luijt\Casper\Data\BioLog\OmniLog\CL3\DATA_2024\08\_RIB40_Aspergillus oryzae__1_30_CL3_769_8#19#2024_A_ 9A_7.OKA","8/19/2024 7:16:29 PM"," 9-A","PM01","","RIB40","Aspergillus oryzae","",50.7500,"26.9781","195.9641","134.7888","74.8159","36.5963","73.1920","53.0694","129.7025","31.6986","115.4291","119.4513","99.5262","26.3145","121.8289","100.2975","27.2028","36.2371","47.0495","23.2232","233.6865","44.2625","49.9708","97.0070","103.2734","40.8442","23.2307","42.3304","231.8315","41.9605","142.4533","125.7436","64.0063","85.5942","80.0201","59.9402","36.7040","85.3992","16.4633","23.0000","15.3634","42.2286","37.5038","24.9308","27.2163","34.9988","44.4179","132.7059","35.3421","122.0264","29.2134","26.2860","39.2031","44.5264","19.7192","17.6680","50.0996","40.1398","117.4570","34.4130","47.2376","51.4036","27.0259","89.6866","21.9534","43.8603","27.3498","33.7820","27.4480","35.5053","30.1946","75.3321","47.5509","55.4568","16.7769","66.6697","50.7132","115.7477","74.2616","30.3341","20.6627","35.6739","36.4807","54.5022","55.2076","71.2951","59.3457","44.8097","153.2215","49.2120","182.0686","35.6591","40.2859","120.4563","111.6364","37.3213","62.3571"
"C:\Users\cfg364\Sommerlab Dropbox\Casper van der Luijt\Casper\Data\BioLog\OmniLog\CL3\DATA_2024\08\_RIB40_Aspergillus oryzae__1_30_CL3_769_8#19#2024_A_ 9A_7.OKA","8/19/2024 7:16:29 PM"," 9-A","PM01","","RIB40","Aspergillus oryzae","",51.0000,"21.4044","194.9362","133.9015","72.9146","33.1117","71.4894","53.7073","130.4937","30.4696","116.5791","117.4772","98.2889","25.7007","123.6386","97.0713","24.3380","36.5569","44.8752","26.2237","234.2218","46.6810","47.8462","101.1496","103.9514","41.6017","21.7567","43.0857","232.9998","42.4685","143.1447","125.9981","62.4240","79.6444","80.8448","59.1513","34.7196","83.2476","17.5054","21.0303","18.4179","43.2401","36.9406","22.9862","26.5222","32.3779","38.1297","129.0502","34.1516","123.5854","26.5797","25.1810","38.8880","43.7786","18.4297","20.4118","55.8246","41.0219","115.5781","36.4009","50.7878","53.6889","29.5083","90.5165","20.1490","41.3066","31.5620","33.8771","23.6038","31.4421","33.1987","77.4347","42.5347","56.0580","17.3833","67.3609","53.5187","114.3301","73.2815","30.9084","19.3233","33.7192","38.0572","54.9211","58.6358","72.6867","59.7190","46.8211","157.2594","49.5854","178.3573","40.3914","39.8666","120.0627","111.1134","36.7276","61.1732"
"C:\Users\cfg364\Sommerlab Dropbox\Casper van der Luijt\Casper\Data\BioLog\OmniLog\CL3\DATA_2024\08\_RIB40_Aspergillus oryzae__1_30_CL3_769_8#19#2024_A_ 9A_7.OKA","8/19/2024 7:16:29 PM"," 9-A","PM01","","RIB40","Aspergillus oryzae","",51.2500,"22.6037","194.8837","133.5018","73.9278","35.6308","74.4213","57.4191","133.9341","37.7007","114.4769","117.3605","99.5017","26.7407","124.4851","100.8568","29.0942","36.8917","42.9678","22.9567","235.5674","45.1374","52.5026","97.9122","103.6796","41.2338","23.3470","44.6235","234.5119","41.4940","144.0568","127.9830","63.0485","82.2666","79.4900","51.1600","36.5912","87.7227","19.4404","16.3778","18.3426","41.6593","40.5048","27.0245","22.2402","33.2006","42.7865","131.5608","35.5888","118.8161","27.8231","24.9017","38.4794","43.5839","13.6064","23.4693","50.5334","42.6530","115.2029","34.0122","48.4238","50.7388","30.9057","86.3443","19.5935","40.7209","28.3801","30.9472","23.3042","35.6036","37.0965","74.4844","48.5829","54.7162","19.2363","65.1365","47.0025","112.0342","75.2990","28.0993","18.6697","32.9938","33.1001","55.4155","60.0234","73.4920","55.0750","49.5668","162.3829","49.6364","182.7814","42.1697","36.8380","123.0211","110.0161","41.8555","60.2437"
"C:\Users\cfg364\Sommerlab Dropbox\Casper van der Luijt\Casper\Data\BioLog\OmniLog\CL3\DATA_2024\08\_RIB40_Aspergillus oryzae__1_30_CL3_769_8#19#2024_A_ 9A_7.OKA","8/19/2024 7:16:29 PM"," 9-A","PM01","","RIB40","Aspergillus oryzae","",51.5000,"19.6716","197.0452","133.6245","74.8771","34.5530","74.5496","63.0447","134.8177","36.5789","114.7646","116.8553","102.0692","27.5932","123.9861","101.0403","30.0111","36.0318","44.9023","20.3629","235.3160","45.3266","54.9883","98.9354","105.0366","41.0520","20.0879","43.5643","231.3612","40.4722","145.8080","128.0147","63.9002","84.3589","77.6810","54.0970","34.5129","87.4201","16.3968","17.3556","17.2848","39.5284","41.2525","24.9579","22.2084","34.3058","43.4300","135.0963","37.4611","121.8562","25.2276","26.4054","42.2338","38.8216","14.3511","23.4693","53.1501","40.0073","118.3177","37.1960","48.6477","51.7467","31.1561","89.2243","20.6993","40.5972","28.7552","32.0925","22.7679","34.1932","31.2381","76.9358","48.0130","54.6859","16.7782","62.8834","46.3090","115.0987","75.3939","32.5573","17.8069","35.0457","34.8101","54.3172","60.7721","75.7464","54.3519","49.2159","162.0440","47.6390","180.2047","40.7558","37.0323","119.9802","109.5251","46.2775","59.1187"
"C:\Users\cfg364\Sommerlab Dropbox\Casper van der Luijt\Casper\Data\BioLog\OmniLog\CL3\DATA_2024\08\_RIB40_Aspergillus oryzae__1_30_CL3_769_8#19#2024_A_ 9A_7.OKA","8/19/2024 7:16:29 PM"," 9-A","PM01","","RIB40","Aspergillus oryzae","",51.7500,"21.6367","196.7319","132.5206","74.5709","33.7605","74.0366","60.5304","138.5726","35.7134","118.7285","119.1606","103.8015","27.9586","125.5142","103.4259","28.6052","37.6561","45.0292","20.9006","238.3643","44.9483","50.3944","101.3657","106.7946","43.9906","21.6234","43.7761","233.1837","42.0687","144.0881","128.1100","64.3103","84.8662","81.0452","55.8209","32.8688","87.7832","17.5264","16.7139","15.8536","39.1786","38.6978","24.0994","23.6055","31.3689","46.7438","135.2891","32.7181","121.3342","25.7082","27.0499","40.6878","37.6937","12.6135","23.5642","52.8663","45.0151","117.7718","39.1820","47.2723","49.9140","28.9339","88.2023","21.8683","40.7519","27.3798","34.9239","27.0901","33.7858","34.6529","76.1815","50.3876","49.8454","15.2778","67.6117","49.1463","115.0987","76.8812","31.6020","19.3728","33.1221","36.1974","52.7344","58.6888","72.7406","59.2562","48.4822","163.4922","48.7937","179.4412","39.9524","38.4570","121.9094","108.8705","38.8092","63.2009"
"C:\Users\cfg364\Sommerlab Dropbox\Casper van der Luijt\Casper\Data\BioLog\OmniLog\CL3\DATA_2024\08\_RIB40_Aspergillus oryzae__1_30_CL3_769_8#19#2024_A_ 9A_7.OKA","8/19/2024 7:16:29 PM"," 9-A","PM01","","RIB40","Aspergillus oryzae","",52.0000,"23.6954","197.6090","136.7522","74.9996","33.9824","75.4794","60.2161","139.7085","37.8610","117.4818","120.9290","100.3369","28.8415","128.2586","100.9791","30.9586","37.6879","43.9192","22.9567","236.8245","44.0027","52.0306","101.9412","102.4151","43.6271","21.9368","43.6853","234.0795","40.7596","143.0874","127.0938","65.5721","84.2955","81.0134","58.4705","34.2647","88.4790","18.5932","15.3695","16.4758","42.6770","43.0596","24.1312","21.9862","34.4006","44.7169","137.9247","35.6825","121.3956","26.5734","21.9250","40.7194","36.2212","14.5993","23.7225","51.6684","41.2042","116.5837","35.8090","49.9591","52.9991","30.1859","90.5559","21.1100","38.9581","29.1303","32.8242","25.9543","35.6663","33.1805","79.1672","48.5196","55.3818","16.5228","67.5482","46.0883","113.1176","75.8686","32.6528","17.5832","35.2701","36.3910","53.2513","58.2005","76.1973","57.3699","49.0245","165.1869","50.1669","182.9723","38.7314","36.7733","124.4598","111.0635","39.0385","60.8223"
"C:\Users\cfg364\Sommerlab Dropbox\Casper van der Luijt\Casper\Data\BioLog\OmniLog\CL3\DATA_2024\08\_RIB40_Aspergillus oryzae__1_30_CL3_769_8#19#2024_A_ 9A_7.OKA","8/19/2024 7:16:29 PM"," 9-A","PM01","","RIB40","Aspergillus oryzae","",52.2500,"23.8202","197.0765","135.3416","74.8771","34.4262","76.7940","62.1018","139.8347","37.5084","121.9891","118.3079","102.3476","27.7759","125.1088","104.1905","28.7274","39.3121","43.2532","21.9761","235.5360","43.6559","52.7857","102.6127","102.9702","37.6288","20.9653","42.2024","233.8941","43.7611","145.7454","130.4916","61.6290","83.3445","80.1565","51.4473","33.5823","90.8085","19.1894","15.4611","17.0981","39.5920","41.1279","26.9927","22.9070","33.9269","41.6605","137.6675","36.4314","124.2514","24.1701","23.9504","43.2118","38.5710","13.1410","23.8174","54.3165","43.8183","119.1205","37.5113","50.2790","51.7467","29.8416","91.3301","23.0688","40.5354","28.2551","31.3926","24.6608","35.4156","35.7180","76.4958","50.5776","55.2002","17.9274","67.8021","46.5927","118.6894","77.7672","31.3473","18.8615","34.1480","33.4873","56.5784","59.1771","76.0771","59.0361","51.3531","164.4782","48.0135","182.1452","40.8522","36.6761","120.1110","112.4056","43.1002","60.9187"
"C:\Users\cfg364\Sommerlab Dropbox\Casper van der Luijt\Casper\Data\BioLog\OmniLog\CL3\DATA_2024\08\_RIB40_Aspergillus oryzae__1_30_CL3_769_8#19#2024_A_ 9A_7.OKA","8/19/2024 7:16:29 PM"," 9-A","PM01","","RIB40","Aspergillus oryzae","",52.5000,"23.5714","196.2087","139.8743","73.5162","37.3232","77.1793","59.1917","141.3644","37.2718","120.0180","124.2727","102.2239","27.0446","125.7669","102.7917","25.9042","40.7716","45.5609","24.0128","240.0330","44.6231","49.7805","101.7798","104.4500","39.6302","19.5307","45.6543","235.4361","42.5924","140.8978","133.8644","66.7356","81.3079","81.8175","58.3654","31.7904","89.7015","17.4517","16.0661","16.2224","40.3697","47.2117","23.9501","24.2023","33.8230","43.8245","135.4698","39.3729","123.6347","28.6187","23.9423","42.8552","41.6903","17.4994","20.5527","59.3627","42.7842","119.6831","32.0628","51.2053","52.3862","30.9901","96.5292","20.4163","39.8036","28.1695","39.6076","28.2590","36.5797","35.7286","78.9312","49.3124","52.1769","18.8479","74.7327","50.1715","118.9893","76.4212","32.1435","14.5695","36.3421","36.5711","53.9018","57.8146","75.2515","60.7063","47.0169","166.7330","53.9015","181.7947","39.3506","39.3355","121.5742","111.4236","41.1560","61.0813"
"C:\Users\cfg364\Sommerlab Dropbox\Casper van der Luijt\Casper\Data\BioLog\OmniLog\CL3\DATA_2024\08\_RIB40_Aspergillus oryzae__1_30_CL3_769_8#19#2024_A_ 9A_7.OKA","8/19/2024 7:16:29 PM"," 9-A","PM01","","RIB40","Aspergillus oryzae","",52.7500,"26.6466","198.9976","141.2223","73.4117","38.6007","80.1605","56.6374","141.2054","36.7859","120.3290","121.0044","103.2581","29.9729","129.3675","102.6973","29.8034","37.9887","46.5986","22.5996","239.2431","48.9610","50.1855","102.4888","101.7512","44.1738","21.3758","46.4442","237.1608","45.3505","144.7563","136.4989","66.5928","82.6944","77.7232","57.9851","36.3330","93.2989","18.5271","18.8625","16.1404","46.2090","45.4092","26.1218","23.2096","36.9876","41.1100","139.6210","41.3483","121.5099","34.7617","25.3079","42.7400","43.7979","15.5223","23.4438","55.4049","43.8519","119.2780","35.0757","53.7260","53.7345","30.9522","94.7331","23.0871","42.4529","27.7558","37.4502","25.7224","37.4386","33.1753","77.3248","49.2688","57.6199","19.4841","73.0509","53.4219","120.6695","78.7641","32.7002","21.2640","33.8560","31.5116","59.2267","62.8743","79.4764","63.9263","54.6500","166.8096","53.9158","179.3387","38.8345","38.5793","121.6182","114.9734","40.0929","62.5268"
"C:\Users\cfg364\Sommerlab Dropbox\Casper van der Luijt\Casper\Data\BioLog\OmniLog\CL3\DATA_2024\08\_RIB40_Aspergillus oryzae__1_30_CL3_769_8#19#2024_A_ 9A_7.OKA","8/19/2024 7:16:29 PM"," 9-A","PM01","","RIB40","Aspergillus oryzae","",53.0000,"22.5861","198.2463","140.5743","72.2164","41.4383","82.0900","54.9743","141.9441","38.8226","119.7172","121.0742","104.7650","27.9902","130.9679","103.8196","33.1373","39.5235","46.7905","23.2785","235.7083","45.9833","49.7311","101.4822","103.8670","44.0733","20.6705","44.6233","236.5127","44.0829","149.5318","132.3334","63.0382","86.6516","80.7785","56.7163","35.6988","92.6482","20.7395","16.8094","16.7787","41.4069","42.6275","24.7999","24.5517","34.9406","43.6203","135.9924","38.1435","121.0929","29.4023","23.3402","45.3510","42.2299","13.6019","21.4314","53.9683","41.9758","117.5625","35.8346","49.3933","53.6190","29.2569","94.7517","22.7100","44.0627","28.0512","36.4495","21.3258","35.3930","34.4472","79.0910","51.9266","52.5077","12.8676","73.9005","47.3170","117.9512","81.4810","34.2620","17.1590","35.8474","36.4034","55.4068","58.2331","76.9514","63.6322","53.6455","167.8684","50.3582","183.9503","40.1852","36.7064","122.0207","112.1343","36.6088","57.8138"
"C:\Users\cfg364\Sommerlab Dropbox\Casper van der Luijt\Casper\Data\BioLog\OmniLog\CL3\DATA_2024\08\_RIB40_Aspergillus oryzae__1_30_CL3_769_8#19#2024_A_ 9A_7.OKA","8/19/2024 7:16:29 PM"," 9-A","PM01","","RIB40","Aspergillus oryzae","",53.2500,"23.9182","198.4338","144.1685","77.1675","41.1228","83.3411","58.6282","146.7740","39.7842","121.9922","124.1651","107.1431","27.9902","133.8494","106.8177","35.5600","40.9814","47.1064","25.4304","235.9610","46.8027","53.3611","105.4302","111.4573","43.1672","22.3605","47.1888","235.6841","43.4442","151.0365","136.2371","66.8636","89.0503","82.9304","60.8550","34.2095","90.4096","20.0192","20.6114","15.7479","47.0706","46.9107","26.4534","26.4471","36.1707","42.7805","139.6439","44.0927","124.1058","30.8961","26.4406","42.6243","45.2072","14.8408","23.6125","55.9933","42.7343","123.8440","36.4665","51.0169","54.0766","29.9482","96.9039","25.7716","47.3444","28.1137","37.9967","25.9361","36.6237","37.3977","86.5078","49.5934","55.9263","15.1537","76.2116","53.1126","124.5162","82.6484","33.5004","19.9672","37.0322","36.8542","59.8669","64.7896","80.7551","65.8539","54.8477","174.0171","49.9860","184.6498","40.5063","38.6214","124.2503","113.7411","42.3765","62.1341"
"C:\Users\cfg364\Sommerlab Dropbox\Casper van der Luijt\Casper\Data\BioLog\OmniLog\CL3\DATA_2024\08\_RIB40_Aspergillus oryzae__1_30_CL3_769_8#19#2024_A_ 9A_7.OKA","8/19/2024 7:16:29 PM"," 9-A","PM01","","RIB40","Aspergillus oryzae","",53.5000,"25.3081","196.8471","143.7497","76.3517","37.8963","85.8230","57.9773","145.7830","37.6367","123.4057","120.4988","105.7454","22.1161","134.6082","105.9607","27.8797","40.4637","47.5625","22.0875","240.1103","46.7156","50.4245","103.2528","107.4532","38.9037","21.0698","46.5398","239.1205","45.9389","145.5446","135.1055","61.5854","85.5541","80.1242","59.9886","35.4031","91.4169","20.8451","18.7090","18.3271","45.3962","44.1205","26.4256","25.4951","32.3956","46.4409","139.8220","34.8367","120.0051","30.7409","26.8856","41.9102","40.7434","14.6994","24.3566","55.9833","45.4442","123.5179","34.2686","49.3415","51.6999","29.0576","93.7431","23.4129","43.6139","25.3085","36.2799","25.8024","37.8577","37.3527","81.1037","52.6928","56.6636","13.8605","75.7784","56.8526","125.6303","77.2354","30.7578","19.0682","34.8207","34.3556","57.5931","64.2179","76.8540","63.5449","51.6463","171.1203","48.1311","181.6549","40.2713","40.5040","123.2376","115.8187","36.5862","66.1384"
"C:\Users\cfg364\Sommerlab Dropbox\Casper van der Luijt\Casper\Data\BioLog\OmniLog\CL3\DATA_2024\08\_RIB40_Aspergillus oryzae__1_30_CL3_769_8#19#2024_A_ 9A_7.OKA","8/19/2024 7:16:29 PM"," 9-A","PM01","","RIB40","Aspergillus oryzae","",53.7500,"20.0214","199.8402","143.7608","73.5270","37.9751","84.7412","62.4482","144.3420","35.4335","125.8475","125.9233","108.3694","27.3778","134.3801","108.9319","28.7799","39.2823","49.0240","22.9981","237.2163","45.3575","52.2127","105.1021","107.6961","40.3448","22.0345","47.1837","237.5945","41.5443","150.7544","136.1997","65.1076","91.7731","81.7116","62.1922","36.3392","93.5867","17.3358","14.3619","15.8851","41.0531","40.8598","25.9201","27.1069","33.1384","43.7396","137.8821","39.3603","125.7770","26.6145","23.4946","41.7778","44.6084","16.6567","24.5187","58.6038","48.7198","120.6381","34.4633","52.3703","51.7584","31.9099","97.3557","20.5672","42.1307","30.8705","37.9861","27.9321","40.4224","33.1802","80.5994","48.7941","57.0047","22.6599","72.7935","47.8964","125.2523","84.5050","35.0937","16.1556","32.6499","37.2259","61.9575","59.9105","76.6018","64.7615","50.7388","177.8221","48.5402","183.1434","40.2012","41.5992","121.1355","111.6484","41.0937","60.6086"
"C:\Users\cfg364\Sommerlab Dropbox\Casper van der Luijt\Casper\Data\BioLog\OmniLog\CL3\DATA_2024\08\_RIB40_Aspergillus oryzae__1_30_CL3_769_8#19#2024_A_ 9A_7.OKA","8/19/2024 7:16:29 PM"," 9-A","PM01","","RIB40","Aspergillus oryzae","",54.0000,"18.9948","199.5275","145.9950","74.6305","41.5760","85.1910","58.8815","149.3684","36.6293","126.1042","124.6070","110.1966","28.9943","135.9982","107.4720","29.8221","42.0913","49.4017","21.1620","238.1995","45.2941","52.6555","108.5683","108.6831","43.7971","21.6281","48.7228","236.9454","42.0874","153.0742","137.9765","67.3489","88.5460","86.2521","61.7180","30.4797","87.0683","20.4096","16.9902","14.5471","40.4495","42.7103","28.5024","24.8014","35.1970","43.2543","140.7937","42.9053","125.9304","27.2199","25.5565","42.2528","41.4284","13.6730","22.7141","57.0915","50.7927","127.5105","35.8882","51.8929","53.2861","29.9976","95.3748","24.1036","40.8348","31.3665","39.6332","28.0578","41.5780","38.0115","79.9434","47.4886","56.1896","19.1334","75.4485","49.9392","126.1157","81.7336","35.6326","19.4859","35.5087","38.3801","58.9014","64.0190","82.9697","66.5108","49.2670","176.7731","52.0518","184.2951","38.2954","43.6327","119.9576","120.2184","39.3158","60.9316"
"C:\Users\cfg364\Sommerlab Dropbox\Casper van der Luijt\Casper\Data\BioLog\OmniLog\CL3\DATA_2024\08\_RIB40_Aspergillus oryzae__1_30_CL3_769_8#19#2024_A_ 9A_7.OKA","8/19/2024 7:16:29 PM"," 9-A","PM01","","RIB40","Aspergillus oryzae","",54.2500,"23.7232","201.3415","142.5367","74.2014","42.8079","86.0907","60.8385","149.4949","34.9487","122.2545","125.3592","110.7231","29.3297","137.3051","110.8175","29.0558","39.8249","50.2516","24.6127","240.9586","46.4985","53.0351","104.2034","105.3519","39.4060","22.2846","44.6185","238.1200","43.0140","149.5318","139.1187","64.7919","90.6657","83.5215","64.0262","30.6355","89.3118","20.0959","16.6846","17.1608","41.8155","42.7103","23.1465","24.2013","34.3736","47.1688","142.5407","38.3652","125.1942","28.3671","24.1408","42.5378","41.2413","13.9216","22.3342","55.1698","45.1080","123.6889","38.6747","48.9652","51.9723","32.9130","96.2414","24.3562","47.6534","29.1036","37.9861","29.6599","40.9533","34.9370","83.4109","49.2716","56.0085","20.8490","74.8164","49.9706","125.9307","85.6702","34.9986","19.5179","37.3397","38.5404","63.5660","61.3452","81.1975","64.1367","51.9546","180.0435","52.1140","183.3673","39.8136","40.8568","124.7347","114.2652","39.2170","63.2893"
"C:\Users\cfg364\Sommerlab Dropbox\Casper van der Luijt\Casper\Data\BioLog\OmniLog\CL3\DATA_2024\08\_RIB40_Aspergillus oryzae__1_30_CL3_769_8#19#2024_A_ 9A_7.OKA","8/19/2024 7:16:29 PM"," 9-A","PM01","","RIB40","Aspergillus oryzae","",54.5000,"23.8166","201.2476","147.0967","72.7301","40.8179","85.7373","58.8500","149.9058","34.9487","124.0510","127.0516","109.2675","28.4453","136.8072","112.9161","29.9141","40.2718","48.5204","22.8082","241.2757","41.6492","52.3076","107.5413","106.4623","44.1303","20.1902","45.9464","237.6255","41.6082","152.1651","140.5782","66.9069","92.3110","82.6959","60.1054","34.0639","91.1309","21.6015","16.7763","20.6145","42.1332","40.6089","23.7841","24.4224","32.8850","46.8130","142.0554","37.5256","124.0286","27.9210","25.7104","43.0127","41.3349","13.4865","21.4160","59.9900","45.1394","121.5051","36.9332","51.9566","50.9335","31.8785","97.8509","23.2195","45.5245","32.5445","39.5065","27.9321","39.8601","35.5959","81.8802","48.8577","58.5140","22.5329","75.5117","51.3535","126.3933","82.3005","36.2350","17.7247","36.5687","37.4503","61.8289","60.4649","79.8158","64.9177","53.2984","178.0381","50.2183","180.8081","38.8445","40.7600","120.7101","115.3119","40.1718","60.6086"
"C:\Users\cfg364\Sommerlab Dropbox\Casper van der Luijt\Casper\Data\BioLog\OmniLog\CL3\DATA_2024\08\_RIB40_Aspergillus oryzae__1_30_CL3_769_8#19#2024_A_ 9A_7.OKA","8/19/2024 7:16:29 PM"," 9-A","PM01","","RIB40","Aspergillus oryzae","",54.7500,"22.0434","199.2460","147.0049","73.0366","37.5013","86.1229","58.7553","149.7162","38.6977","126.3287","127.1769","110.9709","26.8898","137.4918","108.3844","29.0251","39.7930","48.1426","23.7896","241.5294","42.4733","50.7261","108.9535","104.7042","38.7701","22.5034","48.6926","238.4291","42.6945","149.9393","140.5465","62.8031","87.3753","80.6003","61.8761","30.5732","88.7661","19.6882","14.8814","15.5739","41.4978","41.2048","24.4536","26.5384","34.7853","44.0955","141.3437","36.0018","124.2740","29.3868","23.5253","38.5481","40.2125","13.4243","24.1071","59.1709","46.6784","125.7442","33.8301","48.3287","49.1614","30.0916","98.2842","20.1883","43.1180","29.4446","35.5789","26.9583","40.6410","34.4664","82.7549","47.1384","55.2539","18.2755","73.4572","51.4478","121.9835","82.4265","35.0937","15.1949","34.1596","38.9892","59.8021","61.6061","82.9697","66.4171","53.1065","179.6733","50.7156","181.7998","38.1338","41.1473","126.0435","113.0550","37.0769","61.8682"
"C:\Users\cfg364\Sommerlab Dropbox\Casper van der Luijt\Casper\Data\BioLog\OmniLog\CL3\DATA_2024\08\_RIB40_Aspergillus oryzae__1_30_CL3_769_8#19#2024_A_ 9A_7.OKA","8/19/2024 7:16:29 PM"," 9-A","PM01","","RIB40","Aspergillus oryzae","",55.0000,"24.1277","200.1530","146.6376","75.6113","39.0175","88.1471","55.9146","153.5097","36.5970","124.0190","127.7097","108.1836","25.7919","137.3051","108.6581","27.9828","42.4744","50.9441","22.6182","241.4977","45.5477","52.5290","107.1562","108.6214","39.2546","21.7844","47.8476","237.5945","41.7360","152.9801","137.4054","65.9599","91.1720","80.6638","59.9473","35.2483","93.7686","20.9428","14.2702","18.7788","38.8610","41.1107","25.1231","24.4224","32.5683","43.0926","143.7377","35.1000","126.8199","28.1759","25.5873","39.9730","41.8025","11.7149","23.0940","59.6119","46.0503","124.4275","36.6165","51.5429","52.0640","30.6559","98.0057","21.3882","42.3775","32.0485","37.3843","27.9950","40.7347","33.7763","84.1918","45.6737","56.1595","22.7553","77.4714","52.0763","126.2082","84.6310","29.4507","16.5719","33.5814","38.3159","60.9281","60.3996","80.1162","68.8537","51.6666","179.8584","47.7322","182.5995","38.4892","42.5998","121.9862","114.3633","38.8548","60.6409"
"C:\Users\cfg364\Sommerlab Dropbox\Casper van der Luijt\Casper\Data\BioLog\OmniLog\CL3\DATA_2024\08\_RIB40_Aspergillus oryzae__1_30_CL3_769_8#19#2024_A_ 9A_7.OKA","8/19/2024 7:16:29 PM"," 9-A","PM01","","RIB40","Aspergillus oryzae","",55.2500,"25.6017","200.2897","149.6122","75.8036","36.7068","92.9354","54.1752","154.0831","40.5574","127.2004","123.5682","111.1160","26.2706","131.5466","111.5265","28.1822","45.0254","53.4842","24.4354","240.7179","46.9950","50.6502","110.9981","109.7355","40.2935","22.0812","48.0734","241.3951","47.5833","151.9987","140.7439","67.9464","90.3367","87.1568","60.8884","37.1300","91.1583","16.0085","16.6720","17.9514","38.8485","45.1130","27.9364","26.5721","35.1175","44.7768","144.9971","41.3172","123.4368","26.0330","24.4136","41.3413","42.5415","15.6737","19.4670","60.0494","45.5147","124.8404","37.3221","51.6633","51.5604","35.5966","102.9321","27.9862","43.2114","31.0307","35.7874","28.2718","40.2411","37.0530","80.5369","49.0118","55.3944","19.3044","78.0161","56.3379","127.0017","80.3508","35.2350","20.0486","36.3899","36.3386","60.6270","67.1852","79.9996","69.2702","54.1294","180.4499","49.8577","183.0635","40.9890","41.5897","124.8878","118.4442","44.1632","65.9743"
"C:\Users\cfg364\Sommerlab Dropbox\Casper van der Luijt\Casper\Data\BioLog\OmniLog\CL3\DATA_2024\08\_RIB40_Aspergillus oryzae__1_30_CL3_769_8#19#2024_A_ 9A_7.OKA","8/19/2024 7:16:29 PM"," 9-A","PM01","","RIB40","Aspergillus oryzae","",55.5000,"25.5087","204.3985","151.0173","76.1705","40.4063","96.9175","58.7083","153.6392","42.1569","124.4444","127.5191","112.2565","27.4051","139.8408","111.6787","31.0867","43.9780","50.4249","22.7915","244.2554","46.6165","53.0198","111.3490","105.0544","41.7552","21.4552","50.1280","242.2545","47.6150","155.7874","141.2199","68.0095","89.3537","82.0818","61.3943","33.9956","90.3989","18.0560","14.5069","16.3377","41.8335","50.0794","27.5234","27.3884","31.5094","46.5511","144.8684","37.3101","121.8095","30.9059","23.8918","39.4985","42.7597","16.0452","23.4944","59.3853","47.1508","126.1242","40.5060","50.9925","51.0725","34.9419","101.3834","24.1171","48.1386","32.2127","39.3693","28.6493","43.3158","35.0152","84.1439","49.2980","56.4486","15.2965","82.4085","53.9912","129.5013","81.6851","33.0779","21.3821","34.0526","38.2679","57.9418","65.5013","78.3115","68.1129","55.0559","183.4785","48.7965","181.5896","43.0828","43.7493","123.8727","117.5935","40.3002","65.1078"
"C:\Users\cfg364\Sommerlab Dropbox\Casper van der Luijt\Casper\Data\BioLog\OmniLog\CL3\DATA_2024\08\_RIB40_Aspergillus oryzae__1_30_CL3_769_8#19#2024_A_ 9A_7.OKA","8/19/2024 7:16:29 PM"," 9-A","PM01","","RIB40","Aspergillus oryzae","",55.7500,"25.1677","202.3284","150.8951","74.8861","43.2521","93.4451","59.1521","154.4954","38.0303","128.4182","127.9267","112.4106","23.2348","138.6559","111.4656","31.8510","46.2633","51.7180","24.4354","243.0971","46.1433","54.7890","109.8817","106.2862","40.2631","22.6760","51.0043","241.4258","44.8594","153.2512","143.3781","65.2963","88.1171","84.0484","61.2362","33.9336","91.2798","18.8120","16.0316","15.6860","41.3571","46.4167","26.3477","27.6710","35.0542","47.0350","144.4501","40.1989","125.7396","27.2114","25.1503","42.9933","43.5389","15.8594","26.7290","58.1203","50.1398","122.6580","41.4517","48.9481","52.8108","32.8532","101.7551","26.0988","46.7220","31.8083","38.3232","27.9887","38.5155","36.9590","83.7048","50.2523","55.7860","16.5149","79.1142","56.0563","127.1868","84.6713","33.4903","20.8106","37.5745","38.0428","59.9800","62.8135","82.9838","69.0199","56.9727","186.4145","48.9838","181.9741","42.9539","43.4915","125.6410","119.8183","39.7109","65.2362"
"C:\Users\cfg364\Sommerlab Dropbox\Casper van der Luijt\Casper\Data\BioLog\OmniLog\CL3\DATA_2024\08\_RIB40_Aspergillus oryzae__1_30_CL3_769_8#19#2024_A_ 9A_7.OKA","8/19/2024 7:16:29 PM"," 9-A","PM01","","RIB40","Aspergillus oryzae","",56.0000,"26.7774","202.3686","150.7808","74.3856","42.3078","93.1332","62.0063","156.3102","39.8985","127.5405","129.0189","109.8494","23.2132","140.5238","109.5073","29.9699","43.5724","49.0270","24.9138","244.3828","49.2089","53.6417","106.4351","108.0848","41.3114","26.1194","47.9657","239.3472","46.0168","153.2728","142.9968","62.5638","88.6114","79.6306","64.1839","36.7426","94.4321","20.1536","19.1591","13.9056","47.5303","48.6147","23.2201","27.9874","37.3447","42.3175","147.6521","40.9020","124.1165","28.6234","23.6751","44.9723","42.4446","13.7038","27.2499","61.6065","49.8901","127.4186","36.2269","54.5506","51.5097","29.3909","100.5337","23.4571","48.4756","30.2588","37.4873","29.5631","42.8915","33.8505","81.5778","48.9855","56.1480","15.2968","79.1530","51.8757","128.9114","85.5099","34.4259","17.2088","35.7245","38.6950","60.5429","64.1494","84.2904","74.1698","55.5657","185.0762","47.8874","182.7684","39.1997","44.0491","126.2559","117.3571","40.0190","58.6257"
"C:\Users\cfg364\Sommerlab Dropbox\Casper van der Luijt\Casper\Data\BioLog\OmniLog\CL3\DATA_2024\08\_RIB40_Aspergillus oryzae__1_30_CL3_769_8#19#2024_A_ 9A_7.OKA","8/19/2024 7:16:29 PM"," 9-A","PM01","","RIB40","Aspergillus oryzae","",56.2500,"27.1177","202.9305","149.7046","73.3707","42.6225","98.2845","60.4941","157.0347","39.9627","130.2292","128.7673","115.0552","24.7821","138.3755","113.0538","27.3344","43.0953","51.7908","21.4511","245.2339","49.3970","55.2164","106.2098","107.2229","41.9207","20.4653","48.3587","243.4973","44.4916","156.4393","142.6176","67.1255","93.9792","81.7962","62.3923","31.3899","92.7134","21.7468","20.6453","14.3118","44.1578","46.6953","24.8750","24.2439","38.2239","41.4385","146.2639","38.1045","125.3747","28.0178","26.6828","43.6487","42.3200","13.2998","21.4215","60.1832","50.4233","125.5931","36.0372","51.6854","51.6320","31.3367","101.0881","21.6187","48.9053","31.3477","39.5784","28.1158","38.0166","34.0079","86.7398","49.1439","59.6162","16.1305","82.8522","52.9439","127.6140","86.7723","33.1880","19.2784","38.9744","39.2734","62.7124","63.9220","79.8376","71.0672","57.9247","181.2044","47.3885","182.5450","38.5529","40.9890","128.8033","117.6536","39.2329","64.3781"
"C:\Users\cfg364\Sommerlab Dropbox\Casper van der Luijt\Casper\Data\BioLog\OmniLog\CL3\DATA_2024\08\_RIB40_Aspergillus oryzae__1_30_CL3_769_8#19#2024_A_ 9A_7.OKA","8/19/2024 7:16:29 PM"," 9-A","PM01","","RIB40","Aspergillus oryzae","",56.5000,"26.2824","202.7744","149.2741","74.0780","42.8427","96.0768","60.7146","158.3892","44.1690","129.3009","127.8239","118.7825","23.7669","140.7418","113.1455","30.7667","45.5128","53.0616","26.7711","242.8698","51.0896","52.0041","110.9091","108.5158","39.5750","22.1834","50.9278","243.0362","43.7290","156.3766","142.9652","68.4469","93.0319","81.7962","63.9953","33.5866","94.7637","20.9346","19.7657","15.0616","41.7624","48.5219","27.2299","27.8616","38.7891","42.0896","151.3969","37.8869","124.6075","28.9420","26.2224","41.5372","44.0012","13.5795","23.8289","61.2902","51.4896","128.0592","36.1953","52.8633","51.5708","33.4708","101.1804","21.9990","48.9360","31.5655","37.4239","27.8326","39.3375","32.9692","86.0202","50.6646","57.8369","19.0164","80.0308","53.8865","126.6255","87.4034","31.2517","21.7619","38.2097","36.9601","62.4533","64.0844","78.3032","75.5660","55.8845","190.6826","53.3129","182.5769","37.1300","43.3082","127.2683","114.7542","42.2461","65.5992"
"C:\Users\cfg364\Sommerlab Dropbox\Casper van der Luijt\Casper\Data\BioLog\OmniLog\CL3\DATA_2024\08\_RIB40_Aspergillus oryzae__1_30_CL3_769_8#19#2024_A_ 9A_7.OKA","8/19/2024 7:16:29 PM"," 9-A","PM01","","RIB40","Aspergillus oryzae","",56.7500,"26.1852","204.0622","156.2330","75.9051","41.6414","95.7821","60.4761","159.1492","43.1370","130.1699","129.4732","116.4146","27.0389","144.2039","115.4015","29.1826","43.4571","49.3718","25.4255","244.0482","48.2131","49.5495","116.4828","107.1258","43.8014","21.9398","46.8086","241.3127","45.2506","158.5101","145.1117","65.2546","92.9589","83.8289","64.9287","34.0023","91.3956","19.5703","18.4834","15.4284","43.5906","45.3642","29.4769","28.3431","35.4918","45.7757","152.6346","40.2707","126.2893","33.5032","26.2299","46.7693","43.5319","18.0797","24.9697","59.7235","47.9689","128.0831","40.0081","48.6231","53.9037","34.3827","107.8335","23.5549","49.9829","32.7893","39.2869","26.7244","40.8545","32.0739","85.8988","49.1398","60.8313","20.1947","81.4802","56.0876","128.8034","89.1453","33.0080","22.0361","38.5242","38.7251","65.9471","66.3994","80.7226","74.7968","64.6107","191.7174","54.0106","182.0249","35.8475","42.4911","129.3528","122.1283","36.5782","63.2229"
"C:\Users\cfg364\Sommerlab Dropbox\Casper van der Luijt\Casper\Data\BioLog\OmniLog\CL3\DATA_2024\08\_RIB40_Aspergillus oryzae__1_30_CL3_769_8#19#2024_A_ 9A_7.OKA","8/19/2024 7:16:29 PM"," 9-A","PM01","","RIB40","Aspergillus oryzae","",57.0000,"27.1459","202.5090","154.8353","75.8258","42.6839","95.7058","56.6737","156.4073","42.6248","131.2734","125.8452","116.4588","24.9037","142.3665","117.1356","29.8610","47.1155","47.8043","29.1845","245.1445","47.9088","52.4911","113.6305","103.0514","43.4150","24.1048","50.1229","239.9861","43.1699","160.0877","148.5037","65.2432","92.1047","85.8524","62.5103","35.0332","93.4091","17.1991","15.7664","16.6870","41.2212","46.7709","30.2735","26.1290","39.4576","47.3195","152.4744","38.0945","122.1248","29.3014","26.6726","40.8602","44.6221","17.3299","25.2854","60.4657","49.3367","131.9230","35.5727","53.4809","52.2437","32.3975","103.1182","20.3636","46.4269","31.0147","42.2728","29.6016","41.1928","35.8452","83.3818","50.4071","58.6455","18.0332","81.2601","55.5796","130.1000","86.7067","34.5033","20.2075","34.4723","36.7703","61.0382","65.4306","77.9543","74.2674","57.7902","191.3723","48.3684","182.8351","38.9426","39.9257","129.0519","120.0062","42.6189","67.5704"
"C:\Users\cfg364\Sommerlab Dropbox\Casper van der Luijt\Casper\Data\BioLog\OmniLog\CL3\DATA_2024\08\_RIB40_Aspergillus oryzae__1_30_CL3_769_8#19#2024_A_ 9A_7.OKA","8/19/2024 7:16:29 PM"," 9-A","PM01","","RIB40","Aspergillus oryzae","",57.2500,"26.6857","202.5930","155.6718","76.8019","44.1116","94.1738","61.5637","157.8532","41.6390","130.8120","127.8212","117.7458","25.3678","141.8964","114.1174","33.9211","44.1996","57.0440","23.7922","241.9240","53.4624","54.1510","114.5765","101.2292","42.0281","21.2048","50.4792","241.4777","46.4801","157.6263","143.7767","68.2266","92.0795","84.5034","66.7418","35.7028","94.7153","18.4236","19.3769","18.2050","43.6263","46.1701","27.6306","26.6625","35.3594","47.2687","151.9911","41.4722","123.2404","30.3571","24.3389","46.8559","42.6974","15.7253","23.2136","64.8194","49.1087","133.6250","38.5200","53.8534","51.9933","34.8125","106.7786","23.3418","49.0914","29.8917","40.9802","28.7070","41.5724","37.6289","86.7980","51.4822","58.4169","19.1455","81.1566","52.3996","129.2904","87.3316","32.2404","21.4997","35.6423","35.5892","64.1209","63.5215","74.8139","73.5967","60.4939","192.9923","48.7521","182.0025","39.5958","42.3906","126.8972","119.7696","36.8016","68.0251"
"C:\Users\cfg364\Sommerlab Dropbox\Casper van der Luijt\Casper\Data\BioLog\OmniLog\CL3\DATA_2024\08\_RIB40_Aspergillus oryzae__1_30_CL3_769_8#19#2024_A_ 9A_7.OKA","8/19/2024 7:16:29 PM"," 9-A","PM01","","RIB40","Aspergillus oryzae","",57.5000,"26.3889","205.7060","156.0025","75.8871","40.6394","101.8451","58.7176","158.4296","44.8473","132.5963","125.8244","115.1855","27.4788","142.2767","112.8416","30.9775","48.6687","52.8427","24.7918","246.2922","49.5474","51.1946","113.5442","103.1713","41.4113","21.1555","52.9928","243.8094","47.0733","160.3378","150.9460","66.0063","94.6472","90.0382","64.8170","32.8339","90.9109","15.8346","17.8701","20.4383","43.2604","47.7303","24.7640","24.6537","35.2758","46.1363","150.8457","36.6415","124.1934","31.1989","24.1418","44.8805","44.4221","16.5661","25.8967","63.8465","47.5737","128.3179","39.9372","54.1469","51.6834","33.6829","106.8036","23.4750","45.5894","30.8805","37.8867","30.2840","41.6436","35.0198","86.8917","49.0355","58.8427","16.3341","87.7959","51.9297","132.1741","91.6349","34.6886","21.6995","39.2673","39.4492","64.3602","66.0080","82.1084","69.1787","58.2258","192.6588","54.6847","181.7527","44.9897","43.6575","132.8203","119.5831","40.4422","59.5074"
"C:\Users\cfg364\Sommerlab Dropbox\Casper van der Luijt\Casper\Data\BioLog\OmniLog\CL3\DATA_2024\08\_RIB40_Aspergillus oryzae__1_30_CL3_769_8#19#2024_A_ 9A_7.OKA","8/19/2024 7:16:29 PM"," 9-A","PM01","","RIB40","Aspergillus oryzae","",57.7500,"28.7019","206.3292","157.8388","73.7416","43.6317","98.8681","59.1920","162.1977","41.5107","132.9137","125.4426","116.9240","28.4553","142.7456","114.2121","31.5856","44.6214","55.1813","29.5042","245.4697","48.8213","51.9219","110.1110","107.3679","41.3203","20.6868","51.2419","243.4734","47.4530","162.3390","147.3674","68.9345","91.9796","88.4909","66.5155","34.3247","96.1818","17.7305","16.4961","21.1809","43.8631","48.5715","26.8938","25.4105","36.6648","45.5215","153.1915","41.5226","121.4161","34.0483","22.7260","43.0559","43.7979","14.4324","23.3928","67.5495","47.3213","128.1571","39.0880","49.0802","56.9172","34.3087","108.3978","23.6640","48.6106","32.9683","43.3273","32.7884","45.4349","33.7308","86.4846","49.0991","60.2614","15.5355","85.2203","52.7180","131.3143","90.4084","33.2933","14.7480","37.2870","39.4492","63.5492","67.2714","82.5884","73.1369","60.6745","191.3530","56.2581","183.6662","43.6109","41.6528","130.8618","120.2707","44.1020","65.4205"
"C:\Users\cfg364\Sommerlab Dropbox\Casper van der Luijt\Casper\Data\BioLog\OmniLog\CL3\DATA_2024\08\_RIB40_Aspergillus oryzae__1_30_CL3_769_8#19#2024_A_ 9A_7.OKA","8/19/2024 7:16:29 PM"," 9-A","PM01","","RIB40","Aspergillus oryzae","",58.0000,"26.7899","205.1762","151.7791","76.3162","42.9388","102.1972","61.0260","160.5511","42.4090","134.1833","127.5743","115.9927","27.4178","143.9649","111.1362","30.0044","41.6895","53.5379","27.4307","245.3431","48.9476","51.8587","112.7420","105.0227","41.3203","21.0305","50.5475","241.9158","47.0100","159.5249","151.1993","68.6196","92.3924","87.4804","66.1380","31.4984","93.6069","13.3067","14.9389","17.8389","40.2786","49.3503","24.0011","21.0905","37.1067","47.0422","154.8946","42.6657","125.4895","31.3572","26.4193","46.3275","39.9283","13.6284","25.3896","66.9219","45.6804","132.2081","36.8862","52.3305","52.5050","31.4929","105.7306","25.8377","46.4835","31.2544","40.9550","29.9397","42.1136","34.3910","86.8604","49.0355","58.3899","19.3045","80.5403","50.2269","132.3891","89.0246","32.0248","14.7480","38.8521","37.2930","60.9542","65.9756","78.9580","73.3254","60.4519","190.2337","54.1602","185.6754","38.9614","42.0084","128.2504","118.3715","39.7886","63.6336"
"C:\Users\cfg364\Sommerlab Dropbox\Casper van der Luijt\Casper\Data\BioLog\OmniLog\CL3\DATA_2024\08\_RIB40_Aspergillus oryzae__1_30_CL3_769_8#19#2024_A_ 9A_7.OKA","8/19/2024 7:16:29 PM"," 9-A","PM01","","RIB40","Aspergillus oryzae","",58.2500,"28.7327","206.5474","155.3904","75.1209","43.6317","101.1408","58.4330","163.1793","44.7510","133.0724","127.7016","119.9354","25.3732","143.8711","115.1867","34.2614","48.4456","56.1610","28.9387","246.8932","50.8418","52.9655","117.7794","104.0970","41.9874","25.5614","54.3513","243.5956","44.3519","161.9013","149.9959","66.0063","92.3924","85.3332","65.5719","33.4861","93.2737","17.1933","17.0457","20.4692","41.8647","47.2942","27.3388","26.2619","36.2860","47.9804","154.7018","38.8349","126.1376","35.2197","21.0333","45.3523","44.9214","15.7621","23.2026","66.3884","49.9089","132.0795","38.6476","51.6932","55.7609","32.3376","108.7043","23.0655","45.5894","29.8834","40.8284","32.4441","46.1869","37.5664","88.2072","51.1009","58.4201","19.0171","83.8697","52.4342","133.6174","92.8614","35.7034","18.5601","37.4148","36.0700","63.7114","67.5630","83.5485","80.1108","61.6286","190.9799","57.0910","184.3678","45.2783","42.7845","129.0012","123.1196","41.3898","65.1281"
"C:\Users\cfg364\Sommerlab Dropbox\Casper van der Luijt\Casper\Data\BioLog\OmniLog\CL3\DATA_2024\08\_RIB40_Aspergillus oryzae__1_30_CL3_769_8#19#2024_A_ 9A_7.OKA","8/19/2024 7:16:29 PM"," 9-A","PM01","","RIB40","Aspergillus oryzae","",58.5000,"28.4034","204.0193","156.8148","74.8437","40.9631","102.0920","57.6595","160.7754","42.6360","132.6111","131.1087","118.9474","28.6357","146.6390","117.2881","27.0922","49.6018","55.3681","25.0378","246.3802","46.6745","53.1477","115.7143","103.1927","43.7086","21.0967","49.3974","244.5652","43.7389","165.3385","151.5572","68.0745","97.0175","85.7532","62.2366","35.6848","90.7027","18.0572","16.6102","14.4017","40.7557","51.5827","25.4698","27.3134","37.3856","43.3274","156.2887","36.5562","126.4306","27.7919","24.5998","44.3722","39.1289","14.0262","23.1220","60.4702","50.3961","134.2824","38.7589","51.0540","53.2893","34.7898","109.8959","23.9026","47.4795","28.3081","43.6559","28.0591","42.0485","33.3251","83.7645","49.7747","57.3702","15.9853","82.2482","54.2847","133.9233","90.1262","31.8661","18.5131","35.6861","39.2285","64.3832","63.5566","78.6986","76.3005","65.4279","195.8134","48.6294","185.2750","40.3571","44.9265","129.9816","123.4284","42.3646","67.8964"
"C:\Users\cfg364\Sommerlab Dropbox\Casper van der Luijt\Casper\Data\BioLog\OmniLog\CL3\DATA_2024\08\_RIB40_Aspergillus oryzae__1_30_CL3_769_8#19#2024_A_ 9A_7.OKA","8/19/2024 7:16:29 PM"," 9-A","PM01","","RIB40","Aspergillus oryzae","",58.7500,"21.8004","205.9875","155.8711","73.0054","41.1609","106.0136","58.4650","165.0601","42.8806","133.1117","129.7189","122.6716","24.2486","150.0309","118.0931","30.5381","45.8945","55.6187","27.1436","245.6443","49.0757","51.0638","115.8310","105.7462","42.3775","19.7567","53.4245","244.4014","43.0905","161.6007","152.2761","68.5226","97.0507","86.7289","65.8733","33.1309","92.8610","21.4547","15.1067","16.4499","42.1532","47.6965","27.8706","26.1562","37.4977","46.2201","154.6988","35.1718","125.1764","29.1665","26.1654","46.8195","39.0511","12.9171","24.2309","60.5023","49.9518","130.8931","38.3436","51.6725","54.2752","33.1557","108.3534","25.6738","49.7875","32.8883","40.1545","28.0176","44.6103","33.7481","86.1564","53.3827","57.2832","15.8482","83.7358","54.7486","128.0714","87.7207","35.5936","17.9902","35.9586","37.0552","66.2309","63.2072","75.8423","80.6588","59.8238","194.4637","47.7373","184.0995","40.5638","43.4765","123.3386","123.8663","39.8024","64.0483"
"C:\Users\cfg364\Sommerlab Dropbox\Casper van der Luijt\Casper\Data\BioLog\OmniLog\CL3\DATA_2024\08\_RIB40_Aspergillus oryzae__1_30_CL3_769_8#19#2024_A_ 9A_7.OKA","8/19/2024 7:16:29 PM"," 9-A","PM01","","RIB40","Aspergillus oryzae","",59.0000,"26.8902","203.9511","154.8607","76.3562","40.3082","104.6370","56.5018","166.1342","42.3337","135.3260","130.6642","121.5919","24.1256","148.2564","121.0704","28.8232","46.7533","56.3144","28.4994","248.9133","47.0834","49.8901","118.3002","105.5610","42.7097","19.5056","50.9165","243.3571","43.9174","160.7209","151.2310","67.7359","91.1326","89.9052","65.9996","32.5084","92.7098","17.9070","17.5403","16.1385","39.3988","48.6933","26.9193","27.0975","37.4664","45.9616","156.6664","36.2620","124.9922","27.7323","25.7365","43.4605","40.6700","11.9895","25.3677","63.8488","49.3210","134.4119","34.7909","49.0206","52.4135","31.4008","106.3490","20.6029","49.3565","29.9927","38.1493","29.8421","45.3934","33.5899","89.4105","51.8294","59.9488","18.1920","84.3019","54.9059","130.8441","87.9114","34.2625","17.7030","38.1957","37.6028","65.2608","64.7666","73.6940","78.4350","61.9605","196.5974","48.3324","182.8828","40.5317","45.0245","126.3952","122.6663","36.1690","65.8564"
"C:\Users\cfg364\Sommerlab Dropbox\Casper van der Luijt\Casper\Data\BioLog\OmniLog\CL3\DATA_2024\08\_RIB40_Aspergillus oryzae__1_30_CL3_769_8#19#2024_A_ 9A_7.OKA","8/19/2024 7:16:29 PM"," 9-A","PM01","","RIB40","Aspergillus oryzae","",59.2500,"24.4584","208.0184","156.2109","78.2195","42.7665","108.2788","62.8000","165.6999","46.1901","136.9295","130.5785","119.8863","30.1784","149.5612","119.8986","25.1995","50.7694","57.4854","29.7384","245.8509","49.1919","56.5605","122.0212","106.5039","45.3843","22.4333","54.7318","243.2367","44.4155","165.1839","150.7504","68.2019","96.3810","88.4450","67.9535","34.7901","94.9193","21.8154","23.8056","20.3068","47.4077","50.3046","27.4672","24.8957","38.0432","48.2552","160.0189","38.5765","123.2034","31.8554","24.1304","47.9306","43.0866","15.9167","26.1132","67.9345","51.2014","134.9184","35.1011","55.5393","53.8259","35.5006","114.4413","24.0701","50.7969","32.6107","43.4585","31.9478","46.0289","35.6196","89.2862","52.0942","59.5723","16.9980","81.5489","57.0779","132.5167","93.2489","28.0814","19.3152","37.8076","36.9009","69.1613","69.9759","77.3704","82.6819","69.5364","194.7996","48.6328","181.7090","44.4281","48.5557","129.9766","124.7695","40.6374","68.7689"
"C:\Users\cfg364\Sommerlab Dropbox\Casper van der Luijt\Casper\Data\BioLog\OmniLog\CL3\DATA_2024\08\_RIB40_Aspergillus oryzae__1_30_CL3_769_8#19#2024_A_ 9A_7.OKA","8/19/2024 7:16:29 PM"," 9-A","PM01","","RIB40","Aspergillus oryzae","",59.5000,"24.4764","207.1610","157.2813","76.9662","41.8432","106.7296","58.8523","165.2696","43.6625","136.1134","135.9815","124.4985","27.7539","148.4037","117.5555","28.3094","50.6582","57.9591","20.6244","247.9962","49.8500","55.1267","117.5468","102.4963","42.4591","19.1358","53.1087","245.2206","43.1618","166.1191","154.5708","69.4745","93.2274","85.4584","63.3267","35.1749","91.7809","19.5941","16.9430","15.7156","42.0279","50.9427","30.7261","27.9610","38.4143","43.1251","157.0131","35.3638","121.8374","32.7859","26.1557","48.6864","39.6461","17.5147","26.7313","67.3104","52.0771","133.4462","40.1475","52.7562","53.0039","34.1539","115.4314","23.3110","49.9050","32.7694","41.7145","33.1638","39.1750","36.1429","90.9346","51.8733","56.9623","15.8579","83.2126","55.2859","132.9560","87.1739","31.8483","18.7290","36.0753","39.1623","69.5246","63.2210","74.5605","80.8767","66.2233","195.4818","49.7382","183.9565","40.4794","42.7092","129.9162","121.7431","41.0801","68.7714"
"C:\Users\cfg364\Sommerlab Dropbox\Casper van der Luijt\Casper\Data\BioLog\OmniLog\CL3\DATA_2024\08\_RIB40_Aspergillus oryzae__1_30_CL3_769_8#19#2024_A_ 9A_7.OKA","8/19/2024 7:16:29 PM"," 9-A","PM01","","RIB40","Aspergillus oryzae","",59.7500,"26.2073","210.7781","162.2738","75.8948","41.6857","106.8255","56.3673","166.4708","41.8551","134.1218","136.4846","126.8528","28.4240","149.4642","119.6634","26.4986","52.1823","56.8222","21.0374","248.2166","53.7036","52.8525","116.7447","103.8830","43.5178","20.4500","52.6873","245.2819","42.3037","167.3060","155.5546","68.9758","96.9305","85.7441","66.0141","35.5783","91.1453","23.1697","15.7849","15.0910","41.0444","50.6013","24.0028","24.9401","40.5811","42.4105","161.7898","35.1463","128.4569","31.5175","28.9668","44.3875","40.8344","17.4221","24.5746","66.4252","47.9442","135.1148","37.0943","53.2350","51.2994","33.6533","116.0705","21.7603","47.0733","32.2733","42.8861","30.7186","38.3520","33.0828","87.3883","50.7592","58.5692","18.0311","81.8596","55.6311","130.8947","91.5203","32.5178","18.4427","38.3461","37.0453","65.3443","63.6119","73.9843","83.0291","64.1886","195.1420","51.3251","181.4820","39.1248","43.1298","133.4532","121.0569","37.2995","62.8395"
"C:\Users\cfg364\Sommerlab Dropbox\Casper van der Luijt\Casper\Data\BioLog\OmniLog\CL3\DATA_2024\08\_RIB40_Aspergillus oryzae__1_30_CL3_769_8#19#2024_A_ 9A_7.OKA","8/19/2024 7:16:29 PM"," 9-A","PM01","","RIB40","Aspergillus oryzae","",60.0000,"24.6309","208.3771","160.7117","75.6193","44.1116","110.8515","55.5390","167.0083","42.0488","138.9401","137.3649","123.6622","30.8305","147.7798","118.4720","28.9539","50.1819","57.0432","20.4339","246.6423","54.2676","51.0204","118.6376","105.8862","44.9697","20.7942","56.2089","246.4775","43.3207","167.7746","156.3162","69.9421","96.1709","84.6328","65.6347","30.7371","91.9019","19.5941","16.0896","12.9987","45.2322","49.7013","29.2990","27.4260","36.9384","45.6587","159.3046","33.3128","125.5012","29.9953","27.2862","45.5485","43.6803","17.5765","24.0037","67.0891","52.2980","133.9275","37.1887","53.0116","54.7997","30.3367","116.2532","23.6275","50.8899","35.4673","41.5562","32.6309","43.6704","35.6381","88.8005","46.8756","60.3883","14.9310","84.0936","55.4428","131.9715","87.2056","29.2343","16.0254","37.7064","38.0075","66.0896","64.2635","77.3503","84.3081","64.1250","197.3970","51.6051","182.9282","41.5115","43.3887","128.8354","121.0569","38.5159","65.7732"
"C:\Users\cfg364\Sommerlab Dropbox\Casper van der Luijt\Casper\Data\BioLog\OmniLog\CL3\DATA_2024\08\_RIB40_Aspergillus oryzae__1_30_CL3_769_8#19#2024_A_ 9A_7.OKA","8/19/2024 7:16:29 PM"," 9-A","PM01","","RIB40","Aspergillus oryzae","",60.2500,"23.9409","208.7100","160.0938","76.4317","42.7325","107.0722","59.0133","165.0506","45.9496","135.1364","135.2337","126.5694","27.7361","149.8189","122.0861","25.4911","43.5989","48.9585","21.4386","251.2174","48.6514","54.2567","115.8263","102.0981","42.5062","23.9146","47.6762","245.3802","44.1872","163.6159","155.3348","65.8367","97.4929","86.5964","65.0125","30.4271","94.8505","21.4772","15.5427","19.3855","39.3312","49.4447","28.7981","26.0526","32.5250","44.6708","157.6063","36.0110","126.1909","30.0251","25.1482","44.0963","40.5052","12.6168","26.5715","69.4217","54.3910","134.9489","38.6672","57.1012","51.0868","34.0569","110.2262","23.1943","50.5370","30.4783","39.2847","29.6184","43.8834","33.6154","88.7836","46.8135","58.7304","16.0347","83.2133","57.3272","128.8233","90.0507","31.8729","20.6889","34.6521","34.7995","66.8333","65.0803","83.0120","79.8409","65.0324","195.5773","52.6084","186.5651","40.9132","41.0633","130.2005","120.3857","36.5746","70.5626"
"C:\Users\cfg364\Sommerlab Dropbox\Casper van der Luijt\Casper\Data\BioLog\OmniLog\CL3\DATA_2024\08\_RIB40_Aspergillus oryzae__1_30_CL3_769_8#19#2024_A_ 9A_7.OKA","8/19/2024 7:16:29 PM"," 9-A","PM01","","RIB40","Aspergillus oryzae","",60.5000,"25.0581","211.8369","161.2553","78.5740","42.6692","109.6046","59.8955","163.4588","42.8895","136.6784","134.1008","126.9091","27.9805","152.9796","123.4830","30.3112","53.4105","52.3011","24.1672","250.9031","51.3047","48.4555","118.6255","101.3832","43.7203","24.4125","52.2987","244.8589","43.6139","163.3949","153.2066","68.3748","97.3341","89.5429","65.3295","32.1706","92.0374","21.7587","16.7317","19.0142","42.5391","50.4368","29.4948","25.2968","38.0564","43.1743","163.4176","36.6667","125.1499","33.3283","25.6414","43.8749","39.9402","11.0000","26.5084","67.0256","52.9164","133.8180","36.2957","54.7850","51.9137","35.4372","114.3234","24.7739","49.4877","31.0392","42.7410","27.7850","42.5001","36.0093","89.0677","55.7987","59.9115","16.4516","81.8860","56.5122","129.4736","93.7099","29.8047","16.9476","34.6521","35.0901","65.6674","67.1290","77.1740","83.9827","68.1528","202.8010","51.4010","180.7172","41.8792","44.7888","130.6920","120.0226","38.7195","65.9833"
"C:\Users\cfg364\Sommerlab Dropbox\Casper van der Luijt\Casper\Data\BioLog\OmniLog\CL3\DATA_2024\08\_RIB40_Aspergillus oryzae__1_30_CL3_769_8#19#2024_A_ 9A_7.OKA","8/19/2024 7:16:29 PM"," 9-A","PM01","","RIB40","Aspergillus oryzae","",60.7500,"28.1924","207.5844","159.5437","76.2175","41.7824","108.5788","60.1160","166.8015","47.8823","137.1603","137.2791","127.7738","29.0799","149.6938","120.0818","28.1928","48.6805","48.4121","23.2154","252.0973","52.4103","51.5453","119.5264","104.2116","45.2683","23.0744","48.2540","247.3121","48.5187","167.0586","154.2866","69.0329","94.1259","86.3746","66.0585","32.2017","92.0979","22.8533","19.8720","21.1802","42.2850","49.5067","29.2414","26.8399","36.1915","44.4105","162.8687","35.1680","127.0789","34.5988","25.4256","45.8366","40.2227","13.0210","27.4541","68.9173","55.7088","133.1394","37.0230","52.6275","54.1799","34.6216","115.1244","27.3328","46.2469","27.7046","45.0558","26.4258","45.3923","35.9778","87.4261","49.8615","63.2732","17.6702","83.6242","54.0673","129.7213","91.7541","33.4321","18.0668","37.3121","38.1579","66.8009","67.4217","78.4379","83.7944","72.6422","198.8187","54.3730","183.9304","42.5876","43.8493","132.9200","120.4517","38.1256","67.2410"
"C:\Users\cfg364\Sommerlab Dropbox\Casper van der Luijt\Casper\Data\BioLog\OmniLog\CL3\DATA_2024\08\_RIB40_Aspergillus oryzae__1_30_CL3_769_8#19#2024_A_ 9A_7.OKA","8/19/2024 7:16:29 PM"," 9-A","PM01","","RIB40","Aspergillus oryzae","",61.0000,"28.0742","208.0137","161.8183","71.1819","40.6519","111.9268","56.6297","164.4210","46.9739","139.2433","130.7598","123.9130","29.2029","151.7179","122.2807","28.5868","51.0567","59.5895","27.0622","248.5205","50.4976","53.3865","121.4142","101.7321","43.9251","20.2350","51.8747","245.5358","43.9344","167.8188","156.6420","65.7183","97.1899","87.3325","69.2924","34.1181","92.9840","16.8629","18.7123","15.7627","36.8347","51.3501","28.1171","25.5662","34.2038","45.8514","161.3588","37.0160","127.8366","32.2071","23.5787","46.0237","41.8125","12.2402","25.5963","69.0924","53.7014","135.9679","33.0949","54.1164","53.4603","32.9324","113.7818","23.3648","49.7905","30.4262","41.3186","26.9703","45.6437","35.1737","93.0027","47.8886","62.3485","14.6256","81.1670","51.0819","133.8664","90.4912","27.5968","12.2553","40.8435","41.2380","71.2129","69.7165","72.2667","82.8773","67.5163","200.3292","49.2669","184.9669","40.6804","43.7245","129.9593","124.7453","41.1435","67.1651"
"C:\Users\cfg364\Sommerlab Dropbox\Casper van der Luijt\Casper\Data\BioLog\OmniLog\CL3\DATA_2024\08\_RIB40_Aspergillus oryzae__1_30_CL3_769_8#19#2024_A_ 9A_7.OKA","8/19/2024 7:16:29 PM"," 9-A","PM01","","RIB40","Aspergillus oryzae","",61.2500,"26.4967","208.3259","164.2892","75.7402","40.7150","113.7728","60.2763","169.7311","47.9705","139.3073","132.8175","125.8168","28.6828","152.8126","121.8867","30.5512","55.9370","63.1232","26.7771","247.9814","54.5575","52.9449","119.6204","103.6757","43.6225","21.6751","51.2379","243.8750","46.4458","168.9428","157.9390","68.8812","98.0490","88.4746","68.9445","31.1081","91.3152","18.7542","15.5725","14.3308","41.3526","53.4688","28.6580","26.8246","37.3463","47.3695","161.1006","36.7670","126.8225","30.0166","24.8396","47.7843","42.4688","12.4882","27.8711","68.7449","55.1489","135.4544","36.8571","53.5127","55.6918","34.3444","116.0631","22.7941","48.9272","31.5211","41.9224","30.4490","45.8330","36.7728","91.0861","53.8507","61.7176","17.7700","84.5668","54.7028","131.4729","91.7922","26.1843","14.5084","38.1392","39.3782","72.4687","68.9090","73.7168","86.6982","70.5661","198.7813","47.7350","186.5024","40.4870","43.2732","128.6802","124.1895","39.3355","65.7383"
"C:\Users\cfg364\Sommerlab Dropbox\Casper van der Luijt\Casper\Data\BioLog\OmniLog\CL3\DATA_2024\08\_RIB40_Aspergillus oryzae__1_30_CL3_769_8#19#2024_A_ 9A_7.OKA","8/19/2024 7:16:29 PM"," 9-A","PM01","","RIB40","Aspergillus oryzae","",61.5000,"23.9913","210.2929","160.1405","75.7094","42.1345","114.9504","55.9321","168.6818","47.4883","141.0373","135.2551","127.2836","26.0824","150.6232","124.0081","27.9730","53.4968","58.4851","25.9851","249.0913","51.5047","54.6795","119.6524","102.6267","44.1672","21.2055","50.1767","245.9971","42.8535","170.1291","157.4645","64.6113","99.3852","89.2995","70.4311","32.5665","91.9524","16.6738","18.4989","14.6732","39.3482","47.8292","28.1489","27.3909","30.2042","47.0142","161.7138","36.0201","121.8749","31.4135","25.3010","46.4953","46.3438","15.6506","24.2062","67.5129","53.7014","135.7112","35.3905","55.8004","53.3991","32.7128","115.3232","23.0477","52.3190","28.4242","44.1470","30.5439","47.4421","34.2645","91.2432","48.4625","62.1382","18.1871","84.1261","53.7267","134.5722","90.9671","30.0045","18.0812","40.3345","37.7429","72.1467","67.9724","77.8556","83.9421","70.7249","199.2147","46.8283","183.3033","40.1003","43.7245","132.2552","124.7780","37.7577","66.8733"
"C:\Users\cfg364\Sommerlab Dropbox\Casper van der Luijt\Casper\Data\BioLog\OmniLog\CL3\DATA_2024\08\_RIB40_Aspergillus oryzae__1_30_CL3_769_8#19#2024_A_ 9A_7.OKA","8/19/2024 7:16:29 PM"," 9-A","PM01","","RIB40","Aspergillus oryzae","",61.7500,"27.4865","205.7032","161.1776","74.7546","42.3868","112.9453","57.5176","167.3145","43.7269","137.5453","135.0335","125.9416","27.5509","150.4981","121.2200","28.6175","52.1025","61.1986","23.8308","251.3111","52.2285","49.3497","124.5853","102.5342","41.7462","20.5481","51.6625","245.3513","45.4285","171.1594","158.8563","64.2318","98.9398","85.9683","67.4895","34.0560","90.1015","16.3901","15.6030","14.3619","41.9571","47.4864","26.8444","24.7482","37.9494","48.3385","164.2311","35.1799","124.2411","31.4452","23.8555","43.6343","45.8125","14.4104","25.5647","69.9769","53.4811","135.5507","34.7209","57.1984","55.2638","32.2108","117.8203","19.0213","47.4779","28.1114","43.7021","28.8994","43.5612","36.9923","87.1902","49.2915","63.8809","16.2620","86.0463","53.3489","133.7437","88.9045","30.3576","13.8647","41.3208","36.6526","69.9893","67.6494","76.1336","86.7609","74.7913","200.2672","48.3602","186.2145","42.8073","43.8535","132.8784","123.0779","41.0777","67.7164"
"C:\Users\cfg364\Sommerlab Dropbox\Casper van der Luijt\Casper\Data\BioLog\OmniLog\CL3\DATA_2024\08\_RIB40_Aspergillus oryzae__1_30_CL3_769_8#19#2024_A_ 9A_7.OKA","8/19/2024 7:16:29 PM"," 9-A","PM01","","RIB40","Aspergillus oryzae","",62.0000,"23.6769","210.8934","162.8666","75.8170","41.2937","114.2352","57.0102","170.5444","45.1921","141.4512","137.2805","132.7615","25.6605","152.3131","118.4209","28.0098","50.6743","60.3394","24.2536","250.7711","53.2762","51.5168","126.1708","104.2597","44.3797","20.1871","52.1193","247.8006","39.5276","169.8735","158.1044","67.0170","100.5404","89.1138","67.0634","33.9251","90.9544","18.9263","17.7924","16.3222","38.6973","47.7161","23.6885","22.0048","34.6975","46.0103","165.0782","35.9137","120.3526","34.4277","24.4896","44.6990","44.8509","16.7165","21.7631","68.2598","51.0943","133.7357","35.4242","48.2279","52.7648","30.5366","118.1622","25.9604","50.8178","30.3422","44.7161","33.7114","47.5554","33.2490","88.9093","51.0530","58.4376","17.6856","84.0316","58.2153","129.8986","91.9689","29.7035","12.8872","37.8418","33.9353","72.7311","66.2523","76.6504","91.9583","73.7971","198.1983","54.7008","187.0340","40.0653","45.3198","132.7880","125.3137","41.7079","72.6361"
"C:\Users\cfg364\Sommerlab Dropbox\Casper van der Luijt\Casper\Data\BioLog\OmniLog\CL3\DATA_2024\08\_RIB40_Aspergillus oryzae__1_30_CL3_769_8#19#2024_A_ 9A_7.OKA","8/19/2024 7:16:29 PM"," 9-A","PM01","","RIB40","Aspergillus oryzae","",62.2500,"24.6129","205.5983","161.1785","75.4515","40.3158","111.5463","59.3141","167.6241","48.4000","141.5350","137.8553","131.7425","27.1533","152.0428","122.5518","28.7365","53.9501","59.7902","23.5569","249.5211","51.5904","51.4672","124.4978","104.1494","42.2898","18.0577","51.6355","245.7455","42.7240","169.8914","161.3524","65.3990","99.2267","88.7501","64.3320","33.2208","90.3989","17.0413","17.3596","17.6445","38.6758","50.9809","23.9952","27.8676","36.9378","45.2223","166.3885","34.3911","125.2145","31.9594","24.3495","41.4701","44.6158","13.7315","26.5422","72.7414","53.9506","138.1631","35.4727","50.0202","54.0586","31.5822","116.6242","25.1845","48.3576","29.2575","40.8848","29.3902","49.6762","35.2444","91.0883","48.8798","61.8136","18.9448","85.1879","56.6485","130.1173","93.9829","30.7689","14.9346","40.3688","35.1620","72.8223","70.5406","77.3798","94.0248","70.4603","198.5490","52.6911","184.2860","40.2714","45.5030","129.9250","124.2441","37.5790","67.9737"
"C:\Users\cfg364\Sommerlab Dropbox\Casper van der Luijt\Casper\Data\BioLog\OmniLog\CL3\DATA_2024\08\_RIB40_Aspergillus oryzae__1_30_CL3_769_8#19#2024_A_ 9A_7.OKA","8/19/2024 7:16:29 PM"," 9-A","PM01","","RIB40","Aspergillus oryzae","",62.5000,"25.0263","207.4915","161.1548","77.7363","37.4036","113.8799","58.2468","170.4344","52.5339","142.9417","140.7693","135.6547","29.4214","149.1563","121.6315","32.7182","58.6736","59.6085","27.6252","251.0583","49.0197","54.0120","124.5554","102.9069","44.2656","23.0596","53.6087","246.1873","42.3128","171.8362","159.9327","63.6622","96.9009","89.5074","68.5804","34.7316","91.6583","16.0037","19.0854","14.6394","41.0127","48.5459","30.3758","26.8559","40.2379","47.3721","167.9542","36.6327","126.1469","32.9494","24.9465","47.0959","44.2056","18.1574","25.1203","72.9314","53.0150","137.9872","37.1431","53.8133","51.1151","30.6791","119.2317","27.3001","46.7983","31.4838","44.2254","32.8706","51.6437","32.8861","96.9985","53.0682","63.6147","14.5358","82.9976","55.4738","132.8626","90.0483","33.2266","18.7313","37.1105","36.0966","72.6597","67.4185","75.3638","94.3034","76.2671","201.3948","51.0362","184.6131","42.2201","42.2828","133.9447","126.2752","40.4493","72.4861"
"C:\Users\cfg364\Sommerlab Dropbox\Casper van der Luijt\Casper\Data\BioLog\OmniLog\CL3\DATA_2024\08\_RIB40_Aspergillus oryzae__1_30_CL3_769_8#19#2024_A_ 9A_7.OKA","8/19/2024 7:16:29 PM"," 9-A","PM01","","RIB40","Aspergillus oryzae","",62.7500,"27.3176","211.4427","162.0424","76.5118","38.1026","117.4982","55.8750","171.2895","49.6772","143.2932","139.1012","136.1799","29.5126","155.5625","122.4879","32.8402","53.7539","64.4535","28.6032","249.8279","53.4053","52.0526","128.9657","105.1230","44.9321","21.2742","53.3067","246.8623","42.5995","171.6174","160.8224","66.8902","98.7090","88.9680","69.8783","32.7178","91.5069","17.6087","18.5991","17.8744","39.7119","48.0774","26.8558","26.8559","40.2693","46.5300","166.1236","34.3390","125.6879","32.0930","28.1720","47.1588","46.6999","16.3063","28.5636","77.1439","53.1724","138.7243","32.9767","53.2698","53.5917","31.4952","119.3243","27.8361","52.3366","33.6596","46.2505","33.9076","49.1938","36.4131","92.0683","52.1792","60.1676","13.2179","84.5081","57.7054","135.2256","87.6982","33.1949","15.9199","39.7344","37.2564","72.4660","69.5872","78.7720","93.5237","74.0066","201.4566","51.2229","186.8434","40.0293","44.0279","136.4264","123.6361","41.7596","70.0421"
"C:\Users\cfg364\Sommerlab Dropbox\Casper van der Luijt\Casper\Data\BioLog\OmniLog\CL3\DATA_2024\08\_RIB40_Aspergillus oryzae__1_30_CL3_769_8#19#2024_A_ 9A_7.OKA","8/19/2024 7:16:29 PM"," 9-A","PM01","","RIB40","Aspergillus oryzae","",63.0000,"26.6673","208.1814","160.9712","78.3179","41.4071","116.7937","56.4442","169.8960","50.3192","145.5940","142.0912","139.7018","31.3061","152.9375","123.3138","32.1692","54.7061","64.5485","26.6157","250.6166","52.9952","54.1384","126.3957","103.2762","45.3866","22.3705","54.8468","250.6358","45.5619","169.3045","158.5981","66.4788","101.2467","90.3008","70.0049","34.1739","90.9619","20.6612","15.1947","15.6348","42.3769","50.0453","28.9171","27.6722","39.1725","48.7324","168.6608","37.0356","131.5936","34.5671","29.9537","45.9000","47.4482","15.8744","29.5744","74.6290","53.1410","140.9359","34.8532","54.2610","54.9982","31.3382","118.0905","26.3227","50.0470","35.2138","43.7191","37.5527","50.4816","37.0744","95.7192","50.1155","60.3792","15.5965","86.5849","56.7625","135.3790","92.9702","33.3534","19.0189","38.3585","39.5760","75.4037","67.8393","79.0434","96.0187","77.4769","204.4512","50.8185","187.7674","42.2201","46.8718","137.2755","122.3328","42.1199","73.9010"
"C:\Users\cfg364\Sommerlab Dropbox\Casper van der Luijt\Casper\Data\BioLog\OmniLog\CL3\DATA_2024\08\_RIB40_Aspergillus oryzae__1_30_CL3_769_8#19#2024_A_ 9A_7.OKA","8/19/2024 7:16:29 PM"," 9-A","PM01","","RIB40","Aspergillus oryzae","",63.2500,"26.2339","208.7145","163.7258","80.0323","38.9923","118.0105","59.1007","168.8191","51.6031","143.4850","144.7036","139.3928","29.4518","153.7500","124.2314","29.6984","59.6576","63.9469","25.1330","254.2763","53.0267","51.7997","131.4722","103.7687","43.5385","20.1465","53.2463","245.1136","44.9885","175.0241","160.2822","64.8331","101.6590","92.8077","69.5301","33.0586","89.9325","18.7416","17.7784","15.5415","41.8058","51.5446","32.6591","28.9281","40.5513","46.5624","167.5046","37.9344","125.4431","35.6455","27.0969","47.9770","47.6041","18.6510","27.1104","74.2203","57.7393","139.5256","33.9309","51.8949","53.4389","31.7463","120.2187","23.9896","49.7686","31.7946","45.9974","32.9020","50.8899","33.4529","97.1858","52.7190","63.9473","14.0536","84.0675","57.4225","134.0901","90.4930","32.8461","20.2648","42.5182","38.4162","73.3699","70.2022","77.9576","95.6445","77.8271","201.1170","49.4497","187.0346","41.7691","44.7712","134.8917","128.5560","38.9752","71.2319"
"C:\Users\cfg364\Sommerlab Dropbox\Casper van der Luijt\Casper\Data\BioLog\OmniLog\CL3\DATA_2024\08\_RIB40_Aspergillus oryzae__1_30_CL3_769_8#19#2024_A_ 9A_7.OKA","8/19/2024 7:16:29 PM"," 9-A","PM01","","RIB40","Aspergillus oryzae","",63.5000,"27.1008","209.1222","166.1437","77.3689","40.3903","121.1804","57.6143","172.2080","51.3142","143.8684","144.1685","143.3472","32.4917","154.2813","126.8006","32.5657","59.5941","69.2669","29.6442","252.4464","54.8567","53.9172","131.1549","107.8931","42.8417","22.7464","54.2127","246.8929","45.2752","174.4928","164.2224","68.0296","104.3871","92.9981","72.2208","35.6300","92.4455","21.4165","19.9669","18.5276","43.5190","50.2952","31.4223","29.8701","42.6509","50.7405","169.7849","39.7941","129.6046","33.7107","26.9433","51.7220","49.9737","19.1446","29.9219","74.6290","55.6606","142.6346","37.3339","55.3481","58.9730","35.1360","124.3518","29.5701","49.2735","33.8772","49.0668","33.9390","53.5283","33.6419","97.9971","54.3382","65.5500","18.9073","89.6058","60.4084","132.7398","89.4767","35.1290","17.7729","40.2463","37.5142","75.1132","73.0183","78.8926","99.7301","77.9545","205.0996","52.4361","187.2257","45.8287","50.2651","134.4998","126.4381","45.4285","74.9622"
"C:\Users\cfg364\Sommerlab Dropbox\Casper van der Luijt\Casper\Data\BioLog\OmniLog\CL3\DATA_2024\08\_RIB40_Aspergillus oryzae__1_30_CL3_769_8#19#2024_A_ 9A_7.OKA","8/19/2024 7:16:29 PM"," 9-A","PM01","","RIB40","Aspergillus oryzae","",63.7500,"27.7820","210.5333","162.5933","82.2364","40.5174","121.8529","60.6186","174.8051","50.8648","145.0827","143.7594","148.9698","29.9990","152.3125","122.3656","31.0406","59.6893","62.9652","27.0258","255.6329","53.1845","52.1790","133.3759","104.6305","43.6900","21.8380","56.8096","248.2735","48.0784","176.2743","163.6505","63.9470","101.8494","95.8540","71.0495","35.6920","93.1116","18.9304","19.9973","15.8525","42.7576","51.5759","32.2151","27.9234","44.2178","48.6353","169.3673","37.4075","126.6671","35.3917","26.8511","44.9245","48.5083","15.5042","25.3730","76.6095","56.6369","139.9423","34.9486","53.9732","57.4442","35.8578","121.7301","27.8991","50.2636","33.6907","45.7126","33.8447","53.9994","37.7672","97.1546","52.2427","64.4916","14.6001","84.0361","57.1396","138.6013","91.9856","36.6826","20.9038","42.4862","38.4485","73.2408","67.7422","82.5120","97.2662","80.7562","202.8459","53.3382","188.0541","43.7989","45.3206","133.3242","125.9820","39.9579","72.8077"
"C:\Users\cfg364\Sommerlab Dropbox\Casper van der Luijt\Casper\Data\BioLog\OmniLog\CL3\DATA_2024\08\_RIB40_Aspergillus oryzae__1_30_CL3_769_8#19#2024_A_ 9A_7.OKA","8/19/2024 7:16:29 PM"," 9-A","PM01","","RIB40","Aspergillus oryzae","",64.0000,"25.4184","212.8155","168.7094","82.6097","43.2897","121.7718","56.7927","176.1589","56.2374","149.3899","143.1745","149.2126","31.5310","154.8005","126.9422","31.4456","55.5829","66.7704","28.9555","253.6047","52.7883","53.0357","130.8931","108.6863","42.8834","23.0561","53.9792","249.2562","47.6916","171.6240","165.9769","69.4399","105.4763","90.3198","73.5713","29.8416","93.9874","22.8883","19.9220","19.7632","42.7510","50.7464","28.4914","21.1259","40.0138","49.5804","172.1214","36.2050","130.9967","33.9832","28.7887","48.2564","54.0333","15.3677","27.5276","73.5895","59.3911","142.0390","38.7815","54.6993","57.4135","33.8897","123.0953","28.3160","50.4667","33.3668","48.5947","33.3751","52.9147","34.4709","93.2651","47.4677","67.3315","21.2817","88.2899","56.3774","134.0540","91.5066","27.6937","13.6943","39.5172","42.4921","73.9259","72.4715","79.3165","102.0603","80.3832","205.9909","57.2939","186.0585","42.2007","48.5798","134.1452","128.2549","39.1642","69.4516"
"C:\Users\cfg364\Sommerlab Dropbox\Casper van der Luijt\Casper\Data\BioLog\OmniLog\CL3\DATA_2024\08\_RIB40_Aspergillus oryzae__1_30_CL3_769_8#19#2024_A_ 9A_7.OKA","8/19/2024 7:16:29 PM"," 9-A","PM01","","RIB40","Aspergillus oryzae","",64.2500,"22.0624","210.9042","168.1009","86.2633","38.3416","123.9243","57.0157","172.5076","54.1811","149.4537","146.8407","153.2714","30.1541","159.0786","127.8530","33.0605","60.0984","68.0990","28.9240","254.9932","52.6309","57.3648","132.6154","108.1939","43.5520","24.2773","53.2513","250.9189","50.6116","172.0639","163.8570","70.8530","103.5339","94.3589","72.0920","31.6256","91.9264","20.8808","20.0743","16.9565","44.1813","52.1793","30.6501","24.9984","39.8563","50.1311","166.4878","37.5119","127.9011","37.5289","32.1872","49.5476","54.0953","15.8943","24.5197","74.4456","58.8573","144.3983","40.5892","56.0071","59.0580","34.3299","124.1985","26.8309","51.3616","34.7628","48.9735","34.2929","54.0475","36.1429","100.1492","54.7931","65.7960","20.2919","87.5025","58.5472","134.5501","93.6645","30.6736","15.2981","37.1114","44.1866","76.6029","70.2091","83.0166","103.2749","79.1084","204.0163","54.6945","189.6167","44.3302","50.0003","133.8505","126.5593","40.2183","74.6774"
"C:\Users\cfg364\Sommerlab Dropbox\Casper van der Luijt\Casper\Data\BioLog\OmniLog\CL3\DATA_2024\08\_RIB40_Aspergillus oryzae__1_30_CL3_769_8#19#2024_A_ 9A_7.OKA","8/19/2024 7:16:29 PM"," 9-A","PM01","","RIB40","Aspergillus oryzae","",64.5000,"23.8647","211.5621","169.1353","82.8533","38.9442","121.7718","52.7166","173.5463","55.5948","148.1771","142.9532","153.3636","26.9719","157.4860","128.6423","33.5176","63.1511","65.9163","28.9871","255.2772","54.9612","56.7060","131.3077","107.4860","42.1843","24.8097","54.6162","248.2093","46.9615","176.8084","166.3250","67.7441","101.4960","94.7087","76.0578","34.7554","94.5633","21.8218","19.6480","18.9524","44.5309","49.2512","33.5071","25.1571","39.9823","48.1551","172.6365","37.1696","125.4797","36.5475","29.4317","46.1778","50.9639","17.9078","28.7624","73.4310","60.0191","143.9201","37.0055","56.0071","59.1190","35.3046","125.2097","26.7045","54.4782","33.1807","47.1742","33.9764","51.4043","36.2375","98.4595","47.1492","67.4218","19.3978","85.2348","59.5535","134.1161","92.5221","31.2183","16.3887","39.5172","44.2826","79.1509","71.8251","83.0166","100.2229","80.9569","206.9165","56.8297","189.3602","41.0714","47.1592","135.4877","129.4613","42.8206","75.1290"
"C:\Users\cfg364\Sommerlab Dropbox\Casper van der Luijt\Casper\Data\BioLog\OmniLog\CL3\DATA_2024\08\_RIB40_Aspergillus oryzae__1_30_CL3_769_8#19#2024_A_ 9A_7.OKA","8/19/2024 7:16:29 PM"," 9-A","PM01","","RIB40","Aspergillus oryzae","",64.7500,"29.7987","213.8714","167.7159","79.9338","42.2696","121.2066","58.8699","176.4727","56.2162","145.8635","141.6670","150.2016","28.7275","158.9482","129.0403","30.8088","60.2870","67.2206","27.9607","253.2995","52.3199","55.3051","129.9910","105.6287","45.8114","22.5586","54.9582","250.9407","44.3653","175.1932","165.9899","68.0489","102.8214","91.4847","72.1815","35.5437","91.4177","19.3587","22.7489","16.9986","46.7039","48.5878","29.4658","31.7187","38.5810","51.6819","173.4105","34.9182","122.6890","34.4227","28.5927","47.8851","52.1050","17.3465","30.5805","75.7168","59.6262","142.0339","39.5637","50.6953","58.9701","37.1615","123.3276","26.6013","55.4649","34.6629","45.9615","35.6632","53.8622","39.0883","100.1991","53.4079","63.9480","22.9186","88.2756","61.4988","136.7029","98.8647","31.3534","17.0673","42.6097","42.0328","72.3802","70.3628","79.8055","101.4582","82.4882","208.8672","56.4660","186.2111","42.1251","49.9085","133.0710","126.8912","40.9305","68.3281"
"C:\Users\cfg364\Sommerlab Dropbox\Casper van der Luijt\Casper\Data\BioLog\OmniLog\CL3\DATA_2024\08\_RIB40_Aspergillus oryzae__1_30_CL3_769_8#19#2024_A_ 9A_7.OKA","8/19/2024 7:16:29 PM"," 9-A","PM01","","RIB40","Aspergillus oryzae","",65.0000,"25.2771","212.0924","166.8282","81.4963","41.4752","123.0402","56.6839","173.0267","56.2806","147.9205","145.7800","156.2917","28.2667","159.2290","130.7431","30.9621","61.6303","69.4720","28.0241","255.6797","52.6679","53.9434","130.2813","108.0236","50.0912","25.2284","55.8640","251.7401","46.2810","176.6637","164.2438","66.4017","105.4621","94.6735","72.7529","34.9231","92.7191","19.5479","19.2486","19.2675","43.4466","50.7563","28.2220","33.0665","40.3777","53.1003","171.4030","34.8245","121.9463","35.8173","32.4040","48.0746","52.3846","17.1608","29.7607","73.7451","58.5889","141.1657","37.2494","52.9737","57.5628","39.4147","125.7340","28.3418","56.2645","36.2155","47.1999","34.5622","53.7677","36.6062","100.8905","55.5982","64.6109","21.7426","87.0155","60.3766","133.3990","97.3503","30.0156","20.8674","41.5197","39.5061","72.2498","72.1508","80.4697","101.4582","82.9993","209.2075","58.1396","187.5251","42.7063","50.5199","132.9069","128.4954","43.1745","74.8781"
"C:\Users\cfg364\Sommerlab Dropbox\Casper van der Luijt\Casper\Data\BioLog\OmniLog\CL3\DATA_2024\08\_RIB40_Aspergillus oryzae__1_30_CL3_769_8#19#2024_A_ 9A_7.OKA","8/19/2024 7:16:29 PM"," 9-A","PM01","","RIB40","Aspergillus oryzae","",65.2500,"26.1186","211.1015","169.7989","79.2386","41.1506","123.6987","58.2610","171.6881","59.4234","148.9158","145.9690","155.0137","31.0576","157.8421","127.0673","29.8773","57.6358","67.5229","26.0213","255.0519","55.7950","53.2626","133.8563","106.4126","40.9197","23.3470","57.1581","252.2054","44.9158","174.8797","166.1072","69.9910","105.5500","97.0592","70.2197","34.8736","92.2478","20.1702","21.5319","19.1222","42.5876","52.9949","30.4324","22.9049","38.9032","51.5921","172.4144","38.7127","121.8387","30.0108","26.4456","47.2968","48.2851","18.0245","28.3710","79.2849","57.3031","144.1410","40.6877","54.9425","60.3548","41.1527","124.7437","27.7959","53.6915","33.0848","47.0589","38.0338","56.1433","39.9043","98.2326","52.9372","62.7197","19.5933","86.7654","57.8081","134.1409","96.4640","32.3025","17.3905","40.0607","39.6549","77.8400","71.3558","80.2686","101.3672","86.2804","210.1590","55.9349","189.4833","43.1212","45.6992","136.8739","126.6485","40.7831","77.8597"
"C:\Users\cfg364\Sommerlab Dropbox\Casper van der Luijt\Casper\Data\BioLog\OmniLog\CL3\DATA_2024\08\_RIB40_Aspergillus oryzae__1_30_CL3_769_8#19#2024_A_ 9A_7.OKA","8/19/2024 7:16:29 PM"," 9-A","PM01","","RIB40","Aspergillus oryzae","",65.5000,"29.3538","212.4827","169.6776","82.6031","41.2777","123.6343","56.1330","172.3864","62.0141","150.0058","143.6835","153.6799","31.7302","159.3133","128.7163","29.7852","61.9859","67.1740","30.0459","253.9431","55.8266","50.6350","133.5028","102.9211","42.0470","25.2586","53.9758","248.4946","47.8803","178.9012","168.5914","69.9280","108.4948","96.2396","73.7704","31.0501","91.6728","24.0958","16.0065","16.3837","42.3329","54.0238","31.8636","26.0078","37.6002","50.9756","175.1497","34.8204","124.6459","33.0411","26.0148","48.6329","48.8496","16.5082","27.5423","75.2961","57.3982","144.6859","39.9959","56.7893","57.7043","41.3082","124.0322","25.0705","52.8266","37.2663","48.2323","37.1577","59.1570","37.1335","99.4554","50.7752","67.5421","20.9350","84.9652","57.2396","137.5701","94.8337","32.2389","17.9976","39.5779","43.0318","77.0273","68.4553","81.8935","102.0287","85.3206","212.9320","54.5977","183.7548","45.3487","45.9916","135.5678","126.4530","45.1784","80.1288"
"C:\Users\cfg364\Sommerlab Dropbox\Casper van der Luijt\Casper\Data\BioLog\OmniLog\CL3\DATA_2024\08\_RIB40_Aspergillus oryzae__1_30_CL3_769_8#19#2024_A_ 9A_7.OKA","8/19/2024 7:16:29 PM"," 9-A","PM01","","RIB40","Aspergillus oryzae","",65.7500,"23.2255","211.9804","168.8286","79.3609","37.9735","126.0787","58.8327","170.4821","60.8307","148.7555","143.7470","159.8834","30.0791","155.8074","125.9375","29.7852","62.5297","71.3926","26.7818","254.6717","53.0801","52.7561","132.6352","106.0727","41.1025","23.5037","56.0670","248.1266","46.3821","176.8904","166.3301","69.4871","105.1067","93.4655","71.0123","32.2624","93.9423","16.9983","16.6170","19.3089","42.9060","53.5873","32.8177","26.0078","35.8523","49.6777","173.0258","36.7821","127.1138","31.7333","25.3995","43.9248","51.0133","19.0148","26.9048","76.9739","53.5634","143.4680","39.5556","56.4072","57.3082","38.3521","126.4760","29.5389","52.7030","35.1600","45.0292","38.8473","56.4886","35.0239","98.4834","52.3967","65.3720","16.4307","88.0603","60.2717","135.3458","93.8618","31.8249","20.0106","37.0033","45.4438","73.3537","66.7933","83.2476","105.4619","86.3124","207.8791","54.3178","186.7156","42.1527","46.9988","136.2209","122.6741","40.5535","75.0153"
"C:\Users\cfg364\Sommerlab Dropbox\Casper van der Luijt\Casper\Data\BioLog\OmniLog\CL3\DATA_2024\08\_RIB40_Aspergillus oryzae__1_30_CL3_769_8#19#2024_A_ 9A_7.OKA","8/19/2024 7:16:29 PM"," 9-A","PM01","","RIB40","Aspergillus oryzae","",66.0000,"25.2164","212.8279","169.9808","80.4926","41.2459","125.4676","57.3717","174.1320","62.0141","146.5114","144.2549","163.6365","28.6115","160.3150","129.5713","30.3684","61.2183","69.9018","28.9685","255.5587","55.1321","53.9590","133.6314","105.9800","43.4790","23.0963","57.3703","252.3281","49.9841","176.6077","165.3746","66.8730","106.8799","98.6038","79.0013","33.9721","94.2147","23.8445","18.7234","19.3400","44.3708","52.4961","33.5810","26.4194","34.6129","47.7308","174.3774","36.6887","123.3194","30.0108","25.2764","46.4061","49.1004","18.4887","26.2355","77.3222","55.6551","144.3333","41.0966","54.0827","59.1362","39.9080","126.8472","24.6269","53.1973","37.2973","48.1372","34.9675","56.7084","34.7091","98.6715","55.5126","65.1008","18.6988","82.3755","58.7241","138.4969","93.7051","31.7931","19.5313","39.2561","40.0087","77.9376","72.8223","82.5555","104.8950","88.5519","209.8201","55.3129","183.8835","41.2488","45.0169","137.6902","127.8213","41.7344","78.3391"
"C:\Users\cfg364\Sommerlab Dropbox\Casper van der Luijt\Casper\Data\BioLog\OmniLog\CL3\DATA_2024\08\_RIB40_Aspergillus oryzae__1_30_CL3_769_8#19#2024_A_ 9A_7.OKA","8/19/2024 7:16:29 PM"," 9-A","PM01","","RIB40","Aspergillus oryzae","",66.2500,"24.3511","212.2862","167.3760","80.3297","41.8345","129.3134","59.6574","175.6516","55.7858","148.0730","149.5090","164.9998","31.2003","155.5651","125.3996","28.8980","65.7687","67.5649","30.8321","251.8386","57.8196","51.6982","134.7163","105.6779","43.7762","21.4853","56.3470","251.2147","50.7356","179.0604","167.0867","69.0580","107.0996","92.9575","75.6147","36.3422","96.4587","18.4417","18.0951","18.5970","42.6260","54.0455","32.1517","26.0714","39.6676","51.6350","174.9893","34.8722","123.3648","36.7239","28.4253","47.9717","54.6933","17.2554","28.1092","79.2585","59.4082","141.8629","40.3757","54.8059","53.8589","37.4412","127.9164","26.1797","57.9206","33.2653","46.6384","36.0945","55.7749","32.6853","103.1574","57.4411","71.1645","16.1732","84.5260","59.3098","135.0639","93.0292","29.4907","18.9511","43.8570","38.3588","78.3990","69.9395","86.3906","112.0294","90.1626","212.8210","49.6364","184.9892","43.9405","47.2872","136.5601","123.9439","42.0544","73.2881"
"C:\Users\cfg364\Sommerlab Dropbox\Casper van der Luijt\Casper\Data\BioLog\OmniLog\CL3\DATA_2024\08\_RIB40_Aspergillus oryzae__1_30_CL3_769_8#19#2024_A_ 9A_7.OKA","8/19/2024 7:16:29 PM"," 9-A","PM01","","RIB40","Aspergillus oryzae","",66.5000,"27.2697","211.8176","170.5280","79.1370","41.5481","131.0935","57.7263","173.2521","60.6657","150.6049","149.2572","164.9380","31.2308","159.8814","129.7033","29.5745","63.1196","68.6147","29.8847","256.7479","56.2443","49.3826","136.7060","106.2650","43.4127","22.2387","57.1924","251.8610","48.0062","180.8749","165.9734","64.8207","106.5925","96.2535","74.7912","35.3830","93.4411","17.2384","17.7587","21.6235","45.1954","53.2039","31.8029","26.6085","36.8293","47.5553","176.1489","35.8993","125.0304","33.7107","24.5530","49.2389","50.9952","17.1630","26.1094","80.4566","60.0360","145.7702","40.6916","56.8812","58.3381","37.7854","130.1879","24.8777","55.5761","36.2195","47.0186","35.3703","58.6383","34.7747","104.0646","56.5823","65.9629","18.6640","82.2135","59.9413","136.2999","95.3729","30.4472","21.3682","38.3915","41.1400","78.4964","71.2694","84.0769","113.5809","93.7120","209.8580","48.6658","183.6723","47.3926","47.0285","134.8703","123.7799","42.4148","78.0696"
"C:\Users\cfg364\Sommerlab Dropbox\Casper van der Luijt\Casper\Data\BioLog\OmniLog\CL3\DATA_2024\08\_RIB40_Aspergillus oryzae__1_30_CL3_769_8#19#2024_A_ 9A_7.OKA","8/19/2024 7:16:29 PM"," 9-A","PM01","","RIB40","Aspergillus oryzae","",66.7500,"31.5020","211.4576","170.4933","84.2937","41.5083","124.9441","60.0689","173.7244","64.9358","155.0993","145.0840","166.4229","30.8727","159.0225","130.3539","29.3316","63.5227","69.4427","28.5267","259.7162","56.7149","56.1107","139.4173","107.7267","46.7536","26.1407","54.5252","251.0134","51.5575","180.2693","169.3671","67.4690","109.9626","95.9049","74.9459","35.3460","94.6467","20.0432","21.4074","21.1706","45.7877","55.9169","32.8233","26.5357","38.0423","46.8602","174.8773","39.1722","121.7366","36.8083","28.7275","53.3808","53.9374","16.1291","30.8035","82.5144","60.6868","147.5386","40.4734","57.0874","57.9921","36.8191","129.8265","31.4838","56.0000","36.2635","47.9221","35.4448","57.9406","38.6390","98.5065","55.0181","67.4921","16.5182","85.8242","60.0023","138.0501","96.0505","34.1992","20.0303","43.4586","42.4898","82.3148","73.5209","86.5027","110.9241","93.4367","212.3629","57.9200","191.0004","43.7743","46.6716","130.1856","128.3447","38.8178","79.6953"
"C:\Users\cfg364\Sommerlab Dropbox\Casper van der Luijt\Casper\Data\BioLog\OmniLog\CL3\DATA_2024\08\_RIB40_Aspergillus oryzae__1_30_CL3_769_8#19#2024_A_ 9A_7.OKA","8/19/2024 7:16:29 PM"," 9-A","PM01","","RIB40","Aspergillus oryzae","",67.0000,"30.9171","213.9879","170.8599","83.9595","40.6556","127.0088","57.7896","170.9818","61.4530","149.5939","146.3811","169.3000","34.6943","161.3281","131.5438","29.1784","65.4692","68.5823","28.8741","256.8315","56.5571","52.3225","137.2515","109.5436","45.3053","25.2978","55.6171","250.1852","48.1092","178.8954","166.9767","65.4500","109.9626","96.2535","77.1259","33.3276","91.8977","20.1062","16.4472","19.1921","40.2065","55.1704","32.6966","27.6115","36.4627","46.9900","174.1653","35.1741","126.1846","35.6079","28.7890","53.5376","52.2311","16.2845","29.6629","82.3258","61.5375","144.6281","36.8249","56.4172","61.8599","36.6630","132.5341","28.1596","57.1111","31.6589","44.6577","36.7976","60.2250","37.9174","98.4435","53.6842","64.7533","17.9299","85.6039","59.6888","138.1734","89.8673","33.0217","18.4668","43.3627","38.7833","78.4196","73.6177","85.5097","111.5221","97.5190","208.7175","50.9964","188.6072","43.8711","44.1329","133.9380","128.3772","41.8978","77.4503"
"C:\Users\cfg364\Sommerlab Dropbox\Casper van der Luijt\Casper\Data\BioLog\OmniLog\CL3\DATA_2024\08\_RIB40_Aspergillus oryzae__1_30_CL3_769_8#19#2024_A_ 9A_7.OKA","8/19/2024 7:16:29 PM"," 9-A","PM01","","RIB40","Aspergillus oryzae","",67.2500,"28.9752","213.2132","170.2526","76.4485","44.5327","129.6054","56.0335","170.5532","61.5792","149.6903","146.0515","171.6839","32.3172","158.4783","132.4591","31.9408","63.0669","73.2454","23.5740","257.1059","57.6198","50.4310","140.2191","104.3954","41.3550","21.8003","54.3339","254.2962","45.1047","177.4828","170.3987","65.5785","106.0164","96.6665","73.2470","34.8251","93.5052","24.7097","20.4059","15.7462","42.2903","50.7143","30.5812","30.0020","35.3834","54.2673","174.7337","34.0277","124.2024","32.9203","23.4791","50.8299","50.9956","18.6752","28.5415","79.5083","62.4128","144.5586","38.9931","54.3948","57.9158","35.7053","131.6470","29.6817","57.0717","34.4200","50.1452","35.7148","61.0185","40.9243","99.9015","55.5317","65.9890","21.5925","84.0745","62.3261","136.9190","92.9715","30.0940","17.8031","42.7853","42.5090","77.8368","72.1792","86.1010","111.7803","96.7504","213.7780","51.5890","190.5928","40.3974","50.6025","135.6610","124.0619","41.0648","74.5151"
"C:\Users\cfg364\Sommerlab Dropbox\Casper van der Luijt\Casper\Data\BioLog\OmniLog\CL3\DATA_2024\08\_RIB40_Aspergillus oryzae__1_30_CL3_769_8#19#2024_A_ 9A_7.OKA","8/19/2024 7:16:29 PM"," 9-A","PM01","","RIB40","Aspergillus oryzae","",67.5000,"28.8824","213.7165","171.4461","79.2152","45.5088","130.5694","59.9605","172.6438","62.3192","151.6817","148.6194","171.6221","30.3931","161.6341","129.4341","31.1754","64.6640","70.9940","27.0756","257.6436","54.2786","50.4627","139.9644","105.8813","42.7000","21.8942","54.9707","252.3292","43.6997","176.3778","167.8099","67.7528","106.5249","96.5396","77.3100","32.4643","93.5657","24.1150","18.8839","16.0896","40.1236","51.2163","28.9918","25.2910","38.2968","49.3022","176.1491","37.6735","124.2638","35.0488","25.7340","47.9895","52.6154","17.7196","26.2853","78.9987","60.3929","148.3874","36.4886","54.5552","57.6706","37.4901","129.3595","25.6039","58.9824","32.9191","51.6945","34.8332","60.6410","35.9003","101.5402","56.9896","63.2062","24.2882","83.0013","63.2980","136.9500","90.6954","33.5627","19.4718","40.7987","42.0252","79.1690","66.8423","85.3479","112.0300","96.9411","209.3292","51.5578","189.9222","41.3363","48.0829","136.4141","122.9129","37.9627","75.3576"
"C:\Users\cfg364\Sommerlab Dropbox\Casper van der Luijt\Casper\Data\BioLog\OmniLog\CL3\DATA_2024\08\_RIB40_Aspergillus oryzae__1_30_CL3_769_8#19#2024_A_ 9A_7.OKA","8/19/2024 7:16:29 PM"," 9-A","PM01","","RIB40","Aspergillus oryzae","",67.7500,"27.6667","213.1071","171.8942","77.7602","43.8161","132.1538","60.0117","172.0768","64.8190","154.5182","149.3728","177.3809","29.3227","155.5634","132.1981","30.0047","68.5630","73.6426","28.6278","257.8006","56.4636","52.7789","141.7766","104.9910","44.5852","22.2754","57.6195","250.9124","46.8847","176.9999","173.3953","66.8521","105.1542","99.7081","71.5916","36.3330","94.2046","21.8218","21.9068","17.1866","44.1888","55.5732","32.4438","31.7677","38.4978","49.8836","175.7512","37.1701","128.3386","32.0453","31.0682","46.5480","51.2596","16.6873","31.8210","84.2780","60.2804","144.5357","42.0185","62.2452","59.7595","35.4537","134.1527","28.9786","52.6425","36.0659","48.7566","33.8372","57.8792","36.6937","100.9672","53.0886","65.4578","18.4949","87.0301","63.1040","137.4458","96.3601","31.6960","17.9181","42.6824","44.8137","83.9189","73.8247","84.9143","117.2265","101.9174","209.9085","54.7600","190.6312","44.7648","50.8407","138.9000","127.8131","39.8643","79.3779"
"C:\Users\cfg364\Sommerlab Dropbox\Casper van der Luijt\Casper\Data\BioLog\OmniLog\CL3\DATA_2024\08\_RIB40_Aspergillus oryzae__1_30_CL3_769_8#19#2024_A_ 9A_7.OKA","8/19/2024 7:16:29 PM"," 9-A","PM01","","RIB40","Aspergillus oryzae","",68.0000,"29.1473","215.4628","170.6838","80.6897","41.0165","137.3220","58.0217","173.7967","61.7839","153.2552","150.9789","175.9433","31.1476","160.8275","130.2151","31.6833","66.9638","73.7283","28.0532","258.6641","53.6900","51.8764","139.7753","105.8232","46.6286","22.8780","58.6556","251.4053","46.7036","183.3956","172.4292","67.3953","110.1667","97.4763","81.9600","37.9551","94.7249","19.9042","20.5154","20.4885","44.9380","56.4267","35.2458","29.1948","37.2036","50.8205","174.0389","37.0625","123.9965","38.0486","26.0709","49.8868","49.4019","15.9595","29.3957","85.0133","60.6548","150.9114","42.4115","53.0054","60.3200","34.8849","134.4278","29.6869","56.9451","29.8715","49.8833","35.6009","61.4344","38.9137","100.0107","55.5493","66.1501","20.9762","84.1379","64.1525","138.1207","92.1479","31.3033","16.9512","41.3160","41.8845","81.0984","73.2465","82.7536","116.7961","103.0054","213.1436","55.4655","189.8376","44.9188","46.0382","136.7774","123.7223","39.7863","79.0244"
"C:\Users\cfg364\Sommerlab Dropbox\Casper van der Luijt\Casper\Data\BioLog\OmniLog\CL3\DATA_2024\08\_RIB40_Aspergillus oryzae__1_30_CL3_769_8#19#2024_A_ 9A_7.OKA","8/19/2024 7:16:29 PM"," 9-A","PM01","","RIB40","Aspergillus oryzae","",68.2500,"29.1162","214.2745","172.5750","80.8429","38.8225","135.5662","60.0165","174.2681","61.4281","152.6774","152.8029","177.9808","29.7676","159.4553","133.0878","30.4001","66.3268","76.1994","29.0023","255.6654","56.5086","50.3542","147.1585","105.6063","43.9647","22.0924","57.9299","251.2201","44.5996","178.4413","170.7542","67.0166","109.1502","96.7127","76.7670","36.1292","94.3926","16.9361","19.2690","17.1086","44.3371","55.3370","33.1195","24.5749","36.1567","51.5981","175.1700","32.3750","127.2312","33.2865","27.1474","45.2318","47.3261","14.4097","27.2743","80.2118","59.5191","149.9540","40.4601","53.2302","60.6860","34.2258","134.9199","27.7298","54.9368","31.9683","50.7993","36.2984","60.7431","37.4032","101.6503","54.4674","65.8484","15.9400","86.9727","60.0735","137.8431","96.2842","32.2898","18.1031","44.2261","41.5299","83.4653","71.8208","85.0167","116.7648","97.3425","212.7101","55.1550","187.8480","45.7241","47.4656","136.4158","124.6422","39.2283","78.8318"
"C:\Users\cfg364\Sommerlab Dropbox\Casper van der Luijt\Casper\Data\BioLog\OmniLog\CL3\DATA_2024\08\_RIB40_Aspergillus oryzae__1_30_CL3_769_8#19#2024_A_ 9A_7.OKA","8/19/2024 7:16:29 PM"," 9-A","PM01","","RIB40","Aspergillus oryzae","",68.5000,"27.1534","218.2751","173.7146","77.8272","41.4860","135.0977","61.4098","177.2482","69.7096","151.3193","151.8450","175.0923","29.8875","163.2151","133.2226","33.1335","65.0776","73.2470","32.4516","255.4145","54.1288","55.4631","141.0497","102.5199","44.1046","24.4836","58.1451","252.9742","46.9834","181.4962","167.7868","69.7049","107.6183","101.1255","80.4045","37.8683","94.9996","22.7131","18.5996","13.9429","40.8385","57.2287","30.3647","25.0498","38.3491","50.8549","174.4516","36.2954","122.2244","36.7595","24.2020","50.4945","51.1602","19.7937","31.7201","82.7471","61.1170","150.9733","37.2397","57.3475","61.4258","39.2896","135.1851","25.8895","52.9345","34.8890","48.7496","36.6479","59.1114","36.6745","102.5303","55.4285","60.8752","18.2316","86.1057","61.6438","139.1873","92.3060","29.1231","19.6421","40.3601","43.1189","86.1580","73.7885","86.7617","123.5156","103.0522","213.2589","54.3121","190.0264","45.6406","49.9967","139.2103","127.2558","40.8746","81.8493"
"C:\Users\cfg364\Sommerlab Dropbox\Casper van der Luijt\Casper\Data\BioLog\OmniLog\CL3\DATA_2024\08\_RIB40_Aspergillus oryzae__1_30_CL3_769_8#19#2024_A_ 9A_7.OKA","8/19/2024 7:16:29 PM"," 9-A","PM01","","RIB40","Aspergillus oryzae","",68.7500,"29.5753","215.7507","177.1205","82.8851","43.9956","136.8146","59.8176","173.7211","66.9135","158.4230","147.1289","179.9285","31.7585","162.1194","134.6309","34.9407","70.5285","75.4084","28.2978","257.0410","59.3298","55.2281","143.0860","106.7265","43.7528","21.9499","57.9368","252.9439","47.6095","184.4522","173.1503","64.4609","108.8245","99.4918","77.9423","35.0936","91.3776","24.0606","19.7576","19.6019","44.5018","57.0765","32.7892","32.7740","39.1187","52.0204","179.5184","37.4149","120.5771","35.4668","28.6623","48.6762","52.1772","18.3010","32.3084","85.7020","63.6701","149.6721","36.7442","54.1280","56.8580","35.9871","134.3563","30.8701","55.3524","32.7404","52.0506","34.7023","61.2181","39.1428","102.2174","55.9166","65.7339","23.2810","91.0629","63.6268","134.2782","89.5385","31.0574","21.5612","44.1318","39.9113","85.0870","74.3908","86.2114","121.8804","104.0922","216.7780","56.1270","187.0175","44.6264","50.8478","140.1628","126.9539","39.7824","84.0524"
"C:\Users\cfg364\Sommerlab Dropbox\Casper van der Luijt\Casper\Data\BioLog\OmniLog\CL3\DATA_2024\08\_RIB40_Aspergillus oryzae__1_30_CL3_769_8#19#2024_A_ 9A_7.OKA","8/19/2024 7:16:29 PM"," 9-A","PM01","","RIB40","Aspergillus oryzae","",69.0000,"30.4546","215.5346","172.4846","84.3512","44.1439","136.1844","61.8598","173.0134","67.4672","152.0126","150.4165","180.2873","31.8546","164.0647","136.3486","30.7895","70.0014","73.1267","31.2966","255.7399","56.5177","51.0238","140.2299","101.9219","48.4848","24.8441","57.2507","252.5240","44.7945","182.8801","170.8066","66.3554","109.6144","100.1465","79.8371","35.5640","93.6767","22.6046","18.5681","19.7552","40.9944","56.4227","29.7632","27.7970","35.4913","48.1199","175.8157","36.7679","124.7350","33.9927","29.1231","48.8338","52.1512","13.6135","29.6387","84.1974","61.6999","148.7054","39.9622","52.3527","57.5393","40.1651","134.1634","26.8813","54.4210","33.0331","49.9356","38.4538","62.9500","38.0255","103.9815","53.9818","68.8781","20.9327","83.9258","62.4551","135.6658","93.0871","30.2676","23.4197","42.8670","41.3733","85.9238","71.4923","86.7408","125.5295","101.4099","214.3230","54.2377","188.1450","48.1062","50.0309","139.4610","128.4178","44.5630","76.7842"
"C:\Users\cfg364\Sommerlab Dropbox\Casper van der Luijt\Casper\Data\BioLog\OmniLog\CL3\DATA_2024\08\_RIB40_Aspergillus oryzae__1_30_CL3_769_8#19#2024_A_ 9A_7.OKA","8/19/2024 7:16:29 PM"," 9-A","PM01","","RIB40","Aspergillus oryzae","",69.2500,"22.7321","213.1710","172.9150","79.6303","40.4708","134.5506","61.0539","175.1794","70.1752","155.4318","149.5089","181.2413","31.3591","161.4988","133.5269","32.2287","67.0338","71.4192","30.3384","259.1765","57.7688","54.6092","143.5341","107.0314","48.3407","23.7123","58.7650","251.5753","49.2811","186.8891","171.3798","73.0372","108.1893","101.7616","79.3239","38.1145","91.8628","19.9454","19.2580","18.9509","44.2487","59.2122","31.2351","24.3749","37.5665","52.7713","178.8566","35.5582","123.5009","33.0585","30.4906","53.1657","52.1049","14.0658","27.3803","88.4477","64.4314","147.0474","38.2863","55.2322","59.1167","39.1937","135.5923","30.0148","52.6467","35.5403","51.9182","34.8108","62.9563","37.6606","105.6675","56.3388","66.3002","21.0596","89.2671","60.5076","136.0417","98.2254","29.4117","18.6047","41.0246","39.5142","84.6563","73.1311","89.0199","125.9539","106.1067","216.9218","52.0336","190.0650","44.0850","52.3536","138.9440","125.9528","42.3165","82.8898"
"C:\Users\cfg364\Sommerlab Dropbox\Casper van der Luijt\Casper\Data\BioLog\OmniLog\CL3\DATA_2024\08\_RIB40_Aspergillus oryzae__1_30_CL3_769_8#19#2024_A_ 9A_7.OKA","8/19/2024 7:16:29 PM"," 9-A","PM01","","RIB40","Aspergillus oryzae","",69.5000,"24.1013","215.1864","174.3248","79.2019","41.8953","137.6306","62.6960","171.4150","69.1460","154.5959","145.2490","180.0967","34.2063","162.3996","132.6116","32.8674","71.9547","73.8347","28.4362","259.7121","57.2980","53.7244","142.6749","107.0006","46.7974","21.9546","59.3078","255.5685","49.8212","188.3002","174.4298","70.2216","106.9462","103.7561","78.8811","40.6160","92.2268","19.2209","19.6542","19.0441","43.8997","57.6600","33.8993","28.7596","36.1116","49.3554","178.6952","33.8441","123.6547","33.3768","27.4683","50.1066","54.4093","18.9277","29.1229","84.0942","65.6572","146.9513","38.3180","54.4971","54.6953","35.9743","132.5738","28.3778","55.1819","30.7885","50.7816","36.3562","65.5290","38.1317","100.7428","59.1586","66.1800","20.8994","88.0727","62.5769","137.5531","91.8446","31.7091","18.2213","44.5247","39.0621","84.8822","72.9690","86.1191","127.4460","104.8069","218.4077","54.2130","193.0334","42.3726","50.1839","139.1399","124.1777","43.4630","84.5779"
"C:\Users\cfg364\Sommerlab Dropbox\Casper van der Luijt\Casper\Data\BioLog\OmniLog\CL3\DATA_2024\08\_RIB40_Aspergillus oryzae__1_30_CL3_769_8#19#2024_A_ 9A_7.OKA","8/19/2024 7:16:29 PM"," 9-A","PM01","","RIB40","Aspergillus oryzae","",69.7500,"25.5919","219.0080","177.0407","81.2703","39.4453","139.6771","58.7649","174.7519","71.5862","155.3414","153.1571","186.3052","31.8375","166.9829","136.5945","32.3645","71.3783","76.1926","31.7526","256.4301","60.4691","59.5191","143.9185","107.3975","45.8698","23.7324","55.0647","253.6585","47.8098","186.0389","174.6244","68.4829","108.9111","98.7973","82.3580","35.9471","95.2024","22.6851","20.3155","15.6799","43.3401","59.2285","32.7761","28.4137","35.9218","54.2324","177.1097","34.0242","125.0566","37.9891","25.9177","48.2862","53.0573","14.6854","25.5463","89.3766","57.6703","147.3020","40.7254","56.9874","60.4775","35.1224","135.0134","28.4788","58.4980","34.0603","51.8142","34.9983","63.6080","39.2518","107.0452","55.7452","66.2711","21.1964","89.9304","58.2152","141.7243","94.2494","27.3818","20.5617","47.7178","44.0713","78.9922","73.7081","86.2462","123.1632","110.7129","216.3831","54.5378","193.1202","47.3171","49.9597","138.4147","132.7669","40.2490","80.6510"
"C:\Users\cfg364\Sommerlab Dropbox\Casper van der Luijt\Casper\Data\BioLog\OmniLog\CL3\DATA_2024\08\_RIB40_Aspergillus oryzae__1_30_CL3_769_8#19#2024_A_ 9A_7.OKA","8/19/2024 7:16:29 PM"," 9-A","PM01","","RIB40","Aspergillus oryzae","",70.0000,"27.9564","213.7804","172.7965","80.1646","40.0471","138.9715","56.2910","171.4216","72.1306","156.1439","152.0927","183.3407","31.0737","164.9716","137.6599","32.2118","71.0606","78.7839","30.6120","257.0009","60.2175","55.7335","143.6945","108.6310","45.8395","22.9798","57.2134","251.5882","47.3640","183.0822","175.0983","62.8200","110.1159","98.7019","78.5421","34.3025","96.4411","20.8319","19.4908","14.2448","43.2129","57.9879","27.8487","29.6710","36.9034","51.3610","177.6894","34.7078","124.0731","37.8627","26.5033","49.4238","54.5538","16.2649","27.8431","87.0111","65.0426","149.7755","40.8201","59.2867","58.2799","35.5307","133.3238","26.0406","57.4255","34.8062","47.7264","38.1833","67.9320","40.8823","109.9453","56.3803","68.9518","21.7063","88.3298","59.8216","139.3291","93.8715","25.8460","12.8548","45.5466","41.1731","83.4081","73.3494","85.3363","127.5121","110.9981","221.0657","51.4213","193.7227","45.6722","49.4424","135.9209","128.3219","38.6021","78.0391"
"C:\Users\cfg364\Sommerlab Dropbox\Casper van der Luijt\Casper\Data\BioLog\OmniLog\CL3\DATA_2024\08\_RIB40_Aspergillus oryzae__1_30_CL3_769_8#19#2024_A_ 9A_7.OKA","8/19/2024 7:16:29 PM"," 9-A","PM01","","RIB40","Aspergillus oryzae","",70.2500,"24.5963","216.6290","173.8272","77.0627","41.0924","137.5603","57.3060","172.8489","73.5075","154.7958","153.0319","183.8039","30.3098","164.7859","137.5077","32.4560","69.5034","75.4342","30.8021","254.6861","60.8465","55.9859","146.9270","109.4944","45.5976","21.1609","58.4845","253.5040","48.4148","183.9944","172.1916","63.2629","109.6403","95.9682","81.5312","34.4267","92.4228","23.3762","17.8110","15.8047","41.9409","56.2821","30.9005","26.8420","38.5818","52.4902","176.7877","38.1878","125.2718","37.2939","26.5649","47.5595","52.4961","14.8403","26.2800","87.1373","60.7394","147.9444","37.2506","53.7619","58.6156","34.3057","136.7336","26.8006","60.7044","35.1481","50.1664","36.1651","67.2740","37.4959","107.3882","52.2202","64.5241","19.0616","87.3883","61.9320","137.9473","94.8476","27.6058","18.9628","43.8544","37.9207","81.0053","72.0776","89.6127","126.9802","110.1424","215.1426","53.1354","192.3274","41.3825","45.0129","138.5788","127.1539","35.6047","79.5224"
"C:\Users\cfg364\Sommerlab Dropbox\Casper van der Luijt\Casper\Data\BioLog\OmniLog\CL3\DATA_2024\08\_RIB40_Aspergillus oryzae__1_30_CL3_769_8#19#2024_A_ 9A_7.OKA","8/19/2024 7:16:29 PM"," 9-A","PM01","","RIB40","Aspergillus oryzae","",70.5000,"25.0807","217.4705","177.2831","75.9769","36.3475","138.4354","58.0881","170.2048","77.8173","155.7158","150.9217","186.7988","32.4982","162.3082","135.1887","32.3142","69.2061","74.2195","30.6300","258.5719","57.0710","54.6639","144.3446","104.7127","42.5333","23.0434","56.4654","255.4612","47.5242","182.8584","174.6414","65.4338","109.8180","100.0034","84.6721","34.7409","92.7576","24.1962","19.5116","19.7488","41.2821","59.4244","35.6823","28.0783","39.2406","49.8906","180.3442","35.7299","125.2188","35.8657","27.2656","46.6984","50.4768","11.9344","27.4096","86.6975","61.4387","142.5982","39.1459","59.6285","56.7259","36.7972","135.2683","33.3866","57.9459","31.0375","50.2454","37.6532","65.9948","35.6556","106.4324","57.5884","64.5013","19.0824","86.2398","61.9170","137.8698","90.8318","29.7786","19.7171","45.8680","39.7797","79.2984","73.1500","89.6892","127.3907","109.9722","222.0641","53.2130","192.7003","39.7652","52.9968","139.3705","122.9196","47.0036","82.7632"
"C:\Users\cfg364\Sommerlab Dropbox\Casper van der Luijt\Casper\Data\BioLog\OmniLog\CL3\DATA_2024\08\_RIB40_Aspergillus oryzae__1_30_CL3_769_8#19#2024_A_ 9A_7.OKA","8/19/2024 7:16:29 PM"," 9-A","PM01","","RIB40","Aspergillus oryzae","",70.7500,"27.9055","217.2977","174.9281","79.7011","41.0201","140.3729","57.6957","169.1857","67.4631","160.1563","152.6877","184.2350","31.1974","162.5472","137.4758","29.4371","71.0714","76.5239","30.6850","259.5861","59.6451","54.5012","145.8891","100.7391","41.6961","21.6901","54.3630","254.4877","43.1941","184.2383","171.7585","65.4669","112.2461","100.2358","81.2778","32.9034","96.2726","16.7407","18.4215","16.5966","41.6189","56.7296","32.5849","27.4565","36.6773","51.7719","175.5517","34.0843","124.8885","32.5896","25.6817","49.9284","49.0015","17.7827","28.1115","85.7656","62.9536","149.3669","33.8621","54.2986","58.0323","34.1053","132.8114","29.3054","52.6201","33.7963","48.8850","38.6187","64.7176","36.5000","103.5867","53.3032","65.5496","19.6149","86.8156","60.1171","137.8574","93.1503","31.5712","15.5080","40.1695","38.9114","82.8726","72.9771","88.3248","129.9713","111.5957","222.5860","50.5660","188.6749","43.8086","50.5379","135.8597","124.8978","39.1891","81.0464"
"C:\Users\cfg364\Sommerlab Dropbox\Casper van der Luijt\Casper\Data\BioLog\OmniLog\CL3\DATA_2024\08\_RIB40_Aspergillus oryzae__1_30_CL3_769_8#19#2024_A_ 9A_7.OKA","8/19/2024 7:16:29 PM"," 9-A","PM01","","RIB40","Aspergillus oryzae","",71.0000,"24.7668","215.9886","174.3154","82.6628","38.1384","142.5217","58.4223","173.4073","73.2798","159.9333","149.5664","187.1984","31.2585","162.1728","136.0735","32.8254","71.2948","78.4613","29.4191","255.4593","61.7533","52.5685","142.3292","104.6677","44.5863","22.6932","55.0923","254.5183","43.7684","187.0213","175.7545","64.8986","112.2145","98.6236","84.0394","33.8679","93.0314","17.1507","19.2427","21.4470","42.7340","56.4814","34.5529","26.7945","38.4122","53.6062","175.0977","31.7446","122.4087","32.6853","28.1133","50.5268","52.4931","17.5053","29.1256","84.1210","59.3127","151.3148","33.9257","53.9137","55.6517","32.2531","138.9404","30.2522","55.1210","32.2641","50.0837","36.3802","68.2653","36.7204","107.1066","56.1912","66.5420","19.7425","87.0038","60.2115","139.8251","93.4340","33.3835","18.1297","40.7484","37.2238","86.0229","71.6121","93.9577","134.3106","112.4902","223.5155","52.0578","190.4658","47.3146","47.5140","139.5849","127.8823","42.2375","79.5588"
"C:\Users\cfg364\Sommerlab Dropbox\Casper van der Luijt\Casper\Data\BioLog\OmniLog\CL3\DATA_2024\08\_RIB40_Aspergillus oryzae__1_30_CL3_769_8#19#2024_A_ 9A_7.OKA","8/19/2024 7:16:29 PM"," 9-A","PM01","","RIB40","Aspergillus oryzae","",71.2500,"30.7703","217.9473","177.4263","78.6999","41.2167","141.8601","61.3231","170.9554","71.9347","157.7571","151.3519","190.1376","32.1228","164.8766","134.5839","29.6237","72.4688","81.2088","34.5622","257.1207","60.2873","56.1288","144.5329","106.1350","44.5494","23.9119","57.7020","256.9783","44.3938","190.0375","174.1371","66.1037","114.1830","101.2321","83.1055","36.4994","92.1509","18.6969","21.0453","17.4446","46.6269","56.1638","31.7053","25.4736","39.8221","55.7910","178.3365","37.9659","125.0199","32.2564","29.3303","51.2201","54.1091","14.1659","31.4309","85.8908","63.8540","150.1972","37.2439","57.0627","64.1326","38.6181","136.9680","30.5960","55.1623","34.1015","49.2689","39.6073","64.5973","37.2092","108.0400","54.5799","66.0837","17.9217","88.1896","61.1216","140.9294","92.6056","35.0183","24.4170","45.4982","46.4756","83.1332","71.6772","90.6330","131.8753","111.0583","222.5579","53.9737","192.5953","44.1750","51.8021","137.1201","126.9121","41.4109","84.3553"
"C:\Users\cfg364\Sommerlab Dropbox\Casper van der Luijt\Casper\Data\BioLog\OmniLog\CL3\DATA_2024\08\_RIB40_Aspergillus oryzae__1_30_CL3_769_8#19#2024_A_ 9A_7.OKA","8/19/2024 7:16:29 PM"," 9-A","PM01","","RIB40","Aspergillus oryzae","",71.5000,"33.4803","218.2904","177.8532","80.1390","40.5826","143.2336","60.5339","168.7443","75.1807","157.0207","150.8155","190.7245","30.2527","165.1260","137.2250","30.8202","72.8824","77.3666","32.6118","257.5940","60.1295","51.9315","145.7530","105.7043","42.6670","23.0074","57.7926","256.0884","42.6599","191.5012","173.1857","65.8193","112.5029","104.0509","82.5693","34.9192","96.1088","19.8640","22.0165","15.5988","46.5953","57.8734","31.7690","28.7530","36.9902","54.7935","179.4946","33.6216","122.2001","32.9882","29.4223","50.2767","54.0467","13.0485","29.1854","89.5394","65.9593","152.2090","40.0298","54.9821","64.1326","35.9908","137.3364","31.4781","55.7790","35.1587","50.4056","38.7290","66.5024","33.9252","106.8405","55.0578","70.1362","19.1019","86.0463","63.7530","137.6389","91.4045","29.4658","21.1500","47.8236","44.4833","82.2918","76.1922","93.9122","132.4687","116.1714","226.3572","51.7923","190.9023","43.9819","50.8659","135.7764","127.9575","42.0002","84.1633"
"C:\Users\cfg364\Sommerlab Dropbox\Casper van der Luijt\Casper\Data\BioLog\OmniLog\CL3\DATA_2024\08\_RIB40_Aspergillus oryzae__1_30_CL3_769_8#19#2024_A_ 9A_7.OKA","8/19/2024 7:16:29 PM"," 9-A","PM01","","RIB40","Aspergillus oryzae","",71.7500,"31.6018","218.4152","178.4630","80.1390","37.6973","145.9485","58.7028","168.3337","79.6479","156.6685","149.7111","191.1570","29.3023","163.3802","136.8000","30.5441","74.4414","76.1281","27.6414","260.5601","58.7096","54.9927","148.6426","106.3812","45.1263","24.6604","56.9770","253.6029","41.3113","190.0375","174.2957","65.2506","112.5663","101.5489","85.7866","37.0881","92.9667","19.9587","20.1956","12.9084","43.4110","56.5368","31.2912","27.9016","36.8014","58.0756","177.1142","35.7937","127.1041","33.1155","28.2575","49.7736","54.2029","17.6110","30.3556","89.0676","66.9335","150.7081","37.1490","54.9501","63.1249","36.5851","139.5776","32.8643","57.2902","32.8889","51.0687","38.6976","67.0105","34.3988","107.0614","55.3445","65.6634","19.4209","88.9461","62.2180","139.4533","93.1429","31.5282","20.7377","48.6518","42.2339","84.6218","73.9184","93.0999","135.9669","113.6149","223.1448","53.7867","191.7967","44.7863","53.8680","139.0539","125.1479","39.9378","86.2428"
"C:\Users\cfg364\Sommerlab Dropbox\Casper van der Luijt\Casper\Data\BioLog\OmniLog\CL3\DATA_2024\08\_RIB40_Aspergillus oryzae__1_30_CL3_769_8#19#2024_A_ 9A_7.OKA","8/19/2024 7:16:29 PM"," 9-A","PM01","","RIB40","Aspergillus oryzae","",72.0000,"30.6163","219.1951","173.7673","80.6596","40.8680","147.7372","57.5031","167.0071","76.4983","155.0358","149.8689","188.7784","32.1534","165.4066","136.6482","30.3907","72.9142","80.9865","34.6566","258.7300","56.6901","55.4661","145.1750","105.1504","44.6405","22.2277","57.7926","255.4440","44.1690","190.3489","174.6128","66.6724","111.0448","100.7887","84.7142","35.6628","95.2930","19.1700","22.0165","13.7218","45.7756","55.0448","32.1513","26.3880","38.1859","55.0831","179.8162","37.0350","126.3992","31.2063","30.1273","51.2830","53.2657","15.3453","29.0905","87.3692","66.5564","152.8157","40.4097","59.2394","60.8958","37.0542","134.7575","30.2809","58.4621","33.9150","52.7422","41.4266","67.1375","34.7146","104.1887","53.4650","67.4946","17.7303","84.7541","64.2229","141.8213","92.8584","30.6398","23.5924","49.3526","43.5835","84.4923","74.8604","93.9122","137.3100","117.1302","225.0599","52.8206","192.0842","43.4027","50.4140","136.6941","126.2587","44.1934","85.3150"
"C:\Users\cfg364\Sommerlab Dropbox\Casper van der Luijt\Casper\Data\BioLog\OmniLog\CL3\DATA_2024\08\_RIB40_Aspergillus oryzae__1_30_CL3_769_8#19#2024_A_ 9A_7.OKA","8/19/2024 7:16:29 PM"," 9-A","PM01","","RIB40","Aspergillus oryzae","",72.2500,"25.0939","215.2228","177.8911","79.9562","37.9962","147.2282","61.7814","168.6010","77.7574","158.8205","150.9298","190.5740","35.7266","163.9463","138.1207","30.6035","77.9403","81.5597","30.3556","255.9435","57.2460","54.5300","149.1602","105.0186","47.6774","25.0718","53.7834","254.6096","46.5151","188.0964","174.8367","70.3388","110.4108","104.0989","86.9502","36.3205","93.3745","22.1512","17.3848","18.0220","38.8344","57.3993","33.4390","27.5339","37.3154","50.8711","177.7974","34.2519","125.8332","36.0502","29.8602","53.1308","52.7251","14.7888","30.0100","88.7643","66.3208","152.4200","40.5311","58.6722","59.9588","39.4103","137.6102","31.7471","58.1469","35.6467","51.0394","38.8539","69.8297","36.5997","111.9241","55.7201","64.9447","19.3766","86.3093","66.2066","138.7953","93.0242","28.6550","21.2475","49.2192","47.8090","86.0703","78.1787","96.4765","137.5078","121.7228","226.9354","56.6190","191.6450","47.2840","55.9184","140.7530","133.0416","38.4673","83.9600"
"C:\Users\cfg364\Sommerlab Dropbox\Casper van der Luijt\Casper\Data\BioLog\OmniLog\CL3\DATA_2024\08\_RIB40_Aspergillus oryzae__1_30_CL3_769_8#19#2024_A_ 9A_7.OKA","8/19/2024 7:16:29 PM"," 9-A","PM01","","RIB40","Aspergillus oryzae","",72.5000,"28.4794","219.9450","176.2897","81.2386","38.8949","146.0989","55.7619","166.9108","80.6632","157.4998","148.0459","189.0690","30.5240","164.0013","138.3567","30.7212","70.6334","79.3438","28.8010","256.6089","60.1004","49.0554","147.8867","102.2527","42.2857","23.6086","53.3085","253.8395","46.8099","188.1303","173.9716","68.8686","106.7456","102.1031","84.4877","31.7423","90.3879","19.5000","20.4885","17.2404","43.1066","58.1980","36.3147","28.9706","35.6358","54.4142","179.7170","34.5626","124.1942","33.2241","28.2148","53.1698","56.1405","17.0962","31.3540","88.7089","63.3486","151.0793","38.4686","57.9678","56.9071","36.5314","135.2957","33.7357","58.3180","32.7678","49.1341","38.9464","67.5892","36.8958","110.6925","52.2957","62.8918","19.0623","85.3592","57.8340","139.0708","92.2184","27.5655","12.9953","40.1348","44.4739","88.8333","72.4827","90.0473","139.6508","117.4983","226.9396","50.1685","189.3785","42.8147","53.8935","143.2294","123.5778","38.9774","84.1397"
"C:\Users\cfg364\Sommerlab Dropbox\Casper van der Luijt\Casper\Data\BioLog\OmniLog\CL3\DATA_2024\08\_RIB40_Aspergillus oryzae__1_30_CL3_769_8#19#2024_A_ 9A_7.OKA","8/19/2024 7:16:29 PM"," 9-A","PM01","","RIB40","Aspergillus oryzae","",72.7500,"26.9788","221.8080","180.3577","74.3372","38.6495","146.5440","56.2417","166.4555","80.8828","159.7979","148.5549","188.6591","33.0740","166.1488","140.4834","32.6055","73.6582","79.1130","28.5421","259.7913","64.6922","52.8520","149.1802","104.8677","46.2525","27.4688","58.1515","254.7252","44.5425","187.1652","174.7070","63.4789","106.3939","99.8879","85.1308","34.2032","92.8469","22.8177","18.9959","17.6682","46.2419","53.9730","31.6624","25.5732","38.3928","51.3292","176.4447","36.3922","121.6851","31.2548","25.4355","46.1635","52.7402","15.1812","30.7475","87.4791","65.1206","151.4258","39.9312","54.9023","58.5190","38.6387","137.3372","31.2140","55.9807","31.5433","47.8682","35.9033","69.4608","38.8781","107.8394","56.4371","64.4413","17.3500","84.1326","62.3546","136.3661","92.1894","25.2542","21.4443","45.5072","45.3444","85.0129","76.7237","91.5637","139.7803","120.0792","227.7978","51.4569","190.9480","43.2465","51.9082","135.8997","128.3033","41.6640","87.2656"
"C:\Users\cfg364\Sommerlab Dropbox\Casper van der Luijt\Casper\Data\BioLog\OmniLog\CL3\DATA_2024\08\_RIB40_Aspergillus oryzae__1_30_CL3_769_8#19#2024_A_ 9A_7.OKA","8/19/2024 7:16:29 PM"," 9-A","PM01","","RIB40","Aspergillus oryzae","",73.0000,"28.0297","218.4867","178.0943","76.6168","34.5403","147.8285","55.8302","170.6868","82.7412","160.0214","146.4990","193.1207","34.4498","164.0299","139.2610","33.6736","72.0893","79.6529","29.1437","258.7512","60.8795","53.2945","148.9243","104.9604","45.4947","24.0938","57.1508","255.2469","46.3954","188.5463","175.8759","64.7711","109.7416","99.6976","86.0760","37.7348","93.7832","23.8494","20.0904","22.5376","42.4921","55.9149","32.7482","26.9038","34.7467","49.1194","175.7986","33.5258","122.5767","30.6169","27.3130","47.2712","54.6787","16.7298","29.0303","87.7322","66.9392","150.3669","40.4382","52.2649","55.1116","36.5175","133.5843","27.3486","54.2507","31.0118","50.4065","35.3661","66.2743","37.8713","107.5566","56.4371","62.6338","17.9273","81.8809","61.4713","140.9343","88.1632","27.4324","24.5330","45.0899","43.4418","86.4356","73.2884","92.3830","137.8395","119.6037","231.9877","54.5450","189.6037","39.0700","52.2957","135.4078","129.3800","40.5818","85.1205"
"C:\Users\cfg364\Sommerlab Dropbox\Casper van der Luijt\Casper\Data\BioLog\OmniLog\CL3\DATA_2024\08\_RIB40_Aspergillus oryzae__1_30_CL3_769_8#19#2024_A_ 9A_7.OKA","8/19/2024 7:16:29 PM"," 9-A","PM01","","RIB40","Aspergillus oryzae","",73.2500,"25.4848","220.3050","180.9450","79.7216","36.0225","149.4453","52.9843","166.2141","80.6647","161.2328","149.6219","192.3424","34.2806","160.0459","139.4203","31.9262","73.7656","79.7387","33.6376","257.8007","58.7315","55.6239","147.3530","104.2039","44.4324","24.0740","54.9509","256.5793","48.7898","191.6266","178.1000","63.8339","106.1712","100.5372","85.9574","34.5334","94.8614","21.4714","18.3932","18.3522","40.3158","54.8299","32.5968","26.7688","36.5069","51.2998","174.7356","33.7718","123.8595","31.3279","26.4311","49.7971","54.4227","11.0000","26.3902","89.0438","66.4239","150.5690","36.0708","54.3033","58.1848","38.0577","137.7652","28.4471","56.2101","31.7514","52.6518","35.1726","73.8652","36.2969","111.4078","59.2142","67.7188","20.8268","89.2341","62.6913","142.1797","94.0340","28.2772","20.7588","45.7806","44.2016","84.7662","78.4829","93.8930","142.0925","122.5733","227.0881","55.0713","188.4403","38.1443","51.4115","138.6273","122.8006","38.7052","85.5124"
"C:\Users\cfg364\Sommerlab Dropbox\Casper van der Luijt\Casper\Data\BioLog\OmniLog\CL3\DATA_2024\08\_RIB40_Aspergillus oryzae__1_30_CL3_769_8#19#2024_A_ 9A_7.OKA","8/19/2024 7:16:29 PM"," 9-A","PM01","","RIB40","Aspergillus oryzae","",73.5000,"27.5936","221.0557","179.0915","75.0214","44.9183","151.4582","56.7444","167.6189","80.8994","157.2978","148.2422","191.6614","31.0831","166.1063","138.3020","30.5244","77.7843","80.4757","32.4294","261.7317","57.7715","52.3817","151.4612","105.9396","46.7273","20.5791","59.0126","254.9553","47.9966","193.2414","175.2355","64.2588","109.8005","103.7694","85.6251","33.1904","89.3487","23.2228","18.8563","15.2768","43.8071","55.3983","35.4118","30.4683","40.9398","52.6021","179.2521","34.4011","123.0284","36.6611","28.0332","52.9590","49.3197","19.9932","29.6629","90.5080","67.5221","150.7124","37.2896","57.3249","57.9263","36.0074","136.5360","28.1778","56.7887","30.4811","51.5982","41.3908","67.8222","38.4671","113.7486","54.3180","65.4029","17.7673","87.2901","62.0301","139.4963","89.6955","29.7754","17.5365","49.2372","45.3856","84.5900","76.5408","96.8440","140.6954","122.8740","229.7623","56.1653","192.0132","46.2370","54.1896","138.3593","124.4264","45.6427","86.1232"
"C:\Users\cfg364\Sommerlab Dropbox\Casper van der Luijt\Casper\Data\BioLog\OmniLog\CL3\DATA_2024\08\_RIB40_Aspergillus oryzae__1_30_CL3_769_8#19#2024_A_ 9A_7.OKA","8/19/2024 7:16:29 PM"," 9-A","PM01","","RIB40","Aspergillus oryzae","",73.7500,"28.4389","221.8374","181.5002","81.7005","40.0863","150.4836","60.3078","165.8648","80.0077","160.9511","151.6652","191.2410","30.3433","163.2950","140.7201","32.1152","74.4699","81.8598","31.0623","256.4632","60.4531","54.2396","152.8371","103.6155","40.7835","21.6737","57.1337","254.0724","49.3361","194.0452","174.4468","64.3695","113.9995","101.5007","87.3974","34.4350","93.8103","18.9298","19.8015","18.0481","45.5743","57.9285","36.2780","26.9379","41.8834","50.8214","178.5639","33.3059","116.9243","33.8047","32.0148","52.1596","53.7873","12.9215","31.9512","91.9569","69.1890","153.7236","39.6176","56.0724","60.2121","37.7288","138.9777","28.4064","54.4918","33.3028","50.1252","40.2097","75.2878","36.0891","112.1785","56.7478","66.1369","19.0467","85.0390","63.0856","136.5358","91.0752","31.0850","17.7146","46.5073","41.8298","90.6289","75.0754","93.4195","138.8483","123.2003","226.8996","53.2072","191.2547","43.5832","53.4579","133.7413","123.4702","37.6362","83.0361"
"C:\Users\cfg364\Sommerlab Dropbox\Casper van der Luijt\Casper\Data\BioLog\OmniLog\CL3\DATA_2024\08\_RIB40_Aspergillus oryzae__1_30_CL3_769_8#19#2024_A_ 9A_7.OKA","8/19/2024 7:16:29 PM"," 9-A","PM01","","RIB40","Aspergillus oryzae","",74.0000,"26.4184","220.8022","178.8771","76.2431","41.3166","152.7838","54.8502","160.8957","80.4588","162.3265","151.3806","193.6305","32.6154","162.7968","136.9282","29.8473","75.7431","77.2226","32.0718","257.8591","62.3757","55.3459","146.7342","99.7553","45.5294","23.0863","54.2522","256.5023","45.8741","191.8564","173.2050","65.0318","112.5725","100.8004","90.5125","38.2579","94.9898","21.6360","19.1924","16.4025","47.3062","58.8304","33.9310","27.7883","41.1623","52.4793","178.0805","32.2735","120.5223","34.5988","32.2592","51.2449","53.2252","17.4464","28.6130","92.6192","65.1630","149.4317","39.9967","55.8174","58.8697","39.0746","138.8246","27.8050","56.8019","33.5520","51.6750","40.6490","72.6925","36.2469","112.9310","57.2533","63.4998","19.1108","83.9687","66.2233","135.5134","90.8853","24.8144","20.8161","45.8675","40.9905","87.6881","69.8361","94.2334","144.5598","125.9797","225.5957","51.4940","191.7336","48.6109","51.0595","139.2220","118.7948","41.5022","83.7126"
"C:\Users\cfg364\Sommerlab Dropbox\Casper van der Luijt\Casper\Data\BioLog\OmniLog\CL3\DATA_2024\08\_RIB40_Aspergillus oryzae__1_30_CL3_769_8#19#2024_A_ 9A_7.OKA","8/19/2024 7:16:29 PM"," 9-A","PM01","","RIB40","Aspergillus oryzae","",74.2500,"29.4850","221.7211","181.1039","78.3373","40.4364","150.6241","59.4533","164.7616","85.6570","162.6573","148.9477","194.9020","31.2614","163.0146","141.7178","32.2347","80.8430","79.5637","30.6545","257.8699","63.3371","49.2284","149.9731","103.9900","44.5534","26.3900","52.5665","255.5020","47.9745","194.4849","180.5293","62.3573","111.1661","104.4697","88.8428","33.5790","91.4563","19.1803","19.8631","18.6744","42.3478","57.1334","35.1488","28.2144","38.6614","51.8332","176.9893","36.7266","122.4507","36.1138","32.7651","49.9284","58.5308","17.4587","29.6189","91.0683","65.8095","152.3993","40.1178","54.7989","58.3994","38.7378","139.7302","35.0631","60.5501","34.2283","48.9981","35.9047","76.3701","36.3816","112.1260","54.7997","63.5305","19.7827","84.4731","67.2418","141.1273","92.7709","29.9002","19.3277","46.9354","45.9042","86.7700","77.7690","97.5741","142.9344","125.6699","224.6007","53.3639","189.9321","45.2555","50.8739","141.4250","126.2487","40.2163","84.5435"
"C:\Users\cfg364\Sommerlab Dropbox\Casper van der Luijt\Casper\Data\BioLog\OmniLog\CL3\DATA_2024\08\_RIB40_Aspergillus oryzae__1_30_CL3_769_8#19#2024_A_ 9A_7.OKA","8/19/2024 7:16:29 PM"," 9-A","PM01","","RIB40","Aspergillus oryzae","",74.5000,"27.8543","219.6723","179.1611","78.3574","38.5248","150.5325","54.3914","160.3012","83.4849","160.6750","151.7615","194.2378","30.9137","165.6675","142.4317","29.9135","79.4132","80.2171","30.8213","260.0200","61.3123","53.0704","150.5121","100.3219","42.9978","26.7315","55.9580","256.4593","46.6008","192.3876","173.1849","62.9304","112.4006","99.6268","84.9611","34.3650","91.6217","23.1563","21.4358","18.7471","43.7339","56.4253","32.6129","33.2122","35.4602","51.8710","174.3194","34.4686","123.8286","32.7795","24.6947","49.6335","55.4234","17.0361","31.3284","92.7891","67.5321","152.7740","36.8922","59.2562","58.9279","36.8687","139.3905","29.2134","56.1458","32.2936","46.8903","38.4794","75.0515","38.0380","115.5211","54.2788","66.1495","20.5228","84.5317","63.3740","137.7922","94.8220","32.6172","19.8502","45.0232","40.8783","85.4343","76.6853","89.8713","145.1708","131.5947","224.7660","52.4899","191.2039","44.6266","54.5732","135.9328","128.4686","39.8605","89.5291"
"C:\Users\cfg364\Sommerlab Dropbox\Casper van der Luijt\Casper\Data\BioLog\OmniLog\CL3\DATA_2024\08\_RIB40_Aspergillus oryzae__1_30_CL3_769_8#19#2024_A_ 9A_7.OKA","8/19/2024 7:16:29 PM"," 9-A","PM01","","RIB40","Aspergillus oryzae","",74.7500,"30.9720","222.0568","179.2832","80.9375","40.5884","156.4845","54.3596","163.4057","84.6431","161.6065","150.4038","196.6582","29.6250","163.4192","139.8450","29.3608","73.8800","83.2058","27.9670","260.5268","61.4703","48.5515","153.9679","102.0891","41.4116","24.3233","56.8046","255.5071","44.6798","192.8568","176.1736","63.7215","111.1625","103.6176","87.8678","37.4533","92.6223","22.5297","17.8046","18.8093","44.2741","57.9863","34.4909","33.9932","37.2955","51.3833","177.7570","30.3694","117.9810","35.4663","26.9823","49.6652","56.5401","14.5597","30.9490","90.0080","68.9832","149.6828","38.5105","57.5613","59.2348","38.7501","140.7110","33.3485","54.2339","33.7256","49.9557","35.6715","73.0627","35.5857","116.6842","56.5767","67.4740","17.3165","87.2667","62.2416","140.2234","92.3837","27.8169","21.4419","45.0232","40.6204","86.3440","75.1991","93.2120","145.9256","131.3396","225.9085","51.7751","192.7761","43.2699","53.3448","138.5098","127.5554","37.0601","88.4710"
"C:\Users\cfg364\Sommerlab Dropbox\Casper van der Luijt\Casper\Data\BioLog\OmniLog\CL3\DATA_2024\08\_RIB40_Aspergillus oryzae__1_30_CL3_769_8#19#2024_A_ 9A_7.OKA","8/19/2024 7:16:29 PM"," 9-A","PM01","","RIB40","Aspergillus oryzae","",75.0000,"26.3343","222.1365","182.2979","80.1087","38.7794","155.1042","56.2788","165.2471","83.2772","156.9877","150.2899","192.0853","32.7149","165.2351","140.0299","31.9733","80.1615","80.8187","29.3316","261.2014","57.8950","52.7861","152.4849","103.3967","41.4463","24.8699","55.0336","256.8186","42.9575","196.2460","174.2246","62.4243","111.2061","100.5410","86.8024","33.8837","93.9261","21.2216","14.8634","14.8480","42.8814","56.6081","32.9285","31.0341","38.7311","47.5069","174.9751","33.1377","123.5651","33.5039","27.8241","49.5526","49.1875","13.2593","29.0284","91.6574","67.8722","154.9745","38.5904","54.5930","59.3233","34.4487","136.6272","26.6631","56.2042","33.7929","49.5754","38.0331","76.2342","39.5222","113.6587","57.5226","68.7865","16.8627","84.1869","62.7556","138.4660","92.8596","25.0110","17.5089","46.2939","38.7968","83.2968","75.2502","90.2608","144.4485","128.6967","225.6248","54.5358","191.7475","43.9370","52.6456","135.2152","126.2504","40.5604","87.5714"
"C:\Users\cfg364\Sommerlab Dropbox\Casper van der Luijt\Casper\Data\BioLog\OmniLog\CL3\DATA_2024\08\_RIB40_Aspergillus oryzae__1_30_CL3_769_8#19#2024_A_ 9A_7.OKA","8/19/2024 7:16:29 PM"," 9-A","PM01","","RIB40","Aspergillus oryzae","",75.2500,"30.5434","220.3715","182.5728","81.6299","37.6022","156.9619","53.3100","165.4278","84.3980","163.9731","150.0401","198.8303","35.3975","164.7520","142.5127","34.9406","79.5030","81.5532","30.5489","260.0888","62.6355","52.8630","156.2970","103.2461","42.5839","23.1581","57.9843","255.9324","42.7879","196.0441","175.3359","64.9688","110.4959","100.3977","84.7931","35.2857","94.7176","20.5888","20.2080","17.8865","43.8486","57.2884","34.4122","26.7782","34.4929","52.0767","179.2847","37.8735","120.3086","32.6463","30.3739","53.5815","55.5678","17.3068","31.4379","97.3936","68.6341","150.6221","41.4065","56.9425","60.1420","36.2559","140.6569","31.0037","59.6410","31.1357","46.3875","37.2506","74.4652","40.2170","115.0406","55.3459","64.8804","18.9712","86.1976","65.4654","137.5615","94.5125","31.0659","17.7836","46.8352","41.6498","84.4440","75.3495","92.0141","148.8328","134.4445","226.0077","56.2644","191.7144","43.7917","56.0152","137.0469","126.9538","41.3829","88.8119"
"C:\Users\cfg364\Sommerlab Dropbox\Casper van der Luijt\Casper\Data\BioLog\OmniLog\CL3\DATA_2024\08\_RIB40_Aspergillus oryzae__1_30_CL3_769_8#19#2024_A_ 9A_7.OKA","8/19/2024 7:16:29 PM"," 9-A","PM01","","RIB40","Aspergillus oryzae","",75.5000,"29.7382","221.0318","184.6230","80.2265","38.9689","157.2840","54.4817","163.7551","83.7219","160.4246","151.0447","195.5822","33.1657","166.5351","141.1669","31.8219","80.1109","84.6608","33.1975","258.3781","67.2695","50.1376","156.5212","103.5553","43.2223","24.7875","59.4017","253.6904","44.1936","195.6033","176.7328","64.2433","106.8639","100.7829","87.2983","35.5037","91.2839","20.3996","19.5067","16.5466","43.6264","58.7825","34.5706","25.4818","34.2072","55.0918","183.0751","34.1100","122.0607","32.0415","30.0367","52.9858","52.6361","18.1106","31.0883","94.6190","65.9152","147.9104","39.7731","57.8652","58.7964","36.3811","140.1054","30.8460","56.4333","33.1617","49.7578","37.9771","78.0523","36.6278","117.2107","57.3544","69.2402","18.5870","87.9245","61.7862","137.5925","93.9453","23.7692","17.2396","45.8693","40.5851","87.2387","73.2643","92.0443","150.6505","133.5546","224.8931","52.2485","196.8257","46.1501","55.0156","137.7326","121.7784","40.8579","88.5875"
"C:\Users\cfg364\Sommerlab Dropbox\Casper van der Luijt\Casper\Data\BioLog\OmniLog\CL3\DATA_2024\08\_RIB40_Aspergillus oryzae__1_30_CL3_769_8#19#2024_A_ 9A_7.OKA","8/19/2024 7:16:29 PM"," 9-A","PM01","","RIB40","Aspergillus oryzae","",75.7500,"32.2130","224.7786","179.4795","81.3358","39.1306","158.1762","57.9956","161.1586","86.0774","161.1075","153.2403","196.6582","34.6536","165.9827","144.8059","30.1566","83.4782","83.6322","33.1446","262.4178","66.4962","54.7118","154.2768","101.7557","46.8689","19.6136","55.0602","255.3521","42.7398","197.0232","175.9981","63.7625","113.4709","101.9876","87.4503","38.8952","91.2923","20.9305","17.6888","18.3967","48.4208","55.5318","38.2550","28.1128","36.6684","53.4547","178.4902","35.5950","119.5521","33.4883","29.5901","56.6710","54.0099","18.3430","30.5847","94.3687","66.9410","150.7001","40.0074","55.8953","60.9356","38.8699","142.1675","32.0165","57.5127","32.2685","50.8398","40.3763","76.0619","38.3838","114.3902","50.3276","70.5403","22.2186","87.2772","65.8610","141.0148","90.9746","31.8361","21.5430","47.1320","43.3359","86.8709","72.8335","91.2969","152.1661","137.8752","225.8430","53.1979","192.0881","42.4202","56.0232","136.2379","128.0347","41.3759","85.9735"
"C:\Users\cfg364\Sommerlab Dropbox\Casper van der Luijt\Casper\Data\BioLog\OmniLog\CL3\DATA_2024\08\_RIB40_Aspergillus oryzae__1_30_CL3_769_8#19#2024_A_ 9A_7.OKA","8/19/2024 7:16:29 PM"," 9-A","PM01","","RIB40","Aspergillus oryzae","",76.0000,"32.3363","225.6206","180.5218","78.0764","40.0176","157.0786","58.1525","158.7475","87.8436","160.2100","151.1752","194.2378","33.6756","163.9525","142.0907","31.0761","85.3821","86.3940","33.2706","259.1325","65.8995","50.6197","155.0125","102.7758","44.5646","22.0115","57.7763","255.5662","43.3797","197.8330","175.8070","61.9975","113.8811","100.8459","84.6790","39.0494","88.8656","21.9675","15.4592","19.5777","42.7491","52.7272","36.2290","24.4050","37.8078","53.8756","177.8500","33.9822","118.1616","35.8288","32.6221","55.6693","53.9473","15.1652","31.5037","97.3089","68.2030","152.7842","37.2268","51.6363","60.3882","36.2081","140.7275","32.1743","56.4688","34.8344","54.7034","42.1947","80.0382","35.1381","117.6496","55.9504","71.2026","19.3821","85.2199","65.1697","139.1087","92.5273","28.7282","17.8163","48.5415","44.6551","87.2588","74.3615","103.4320","153.5427","138.0027","225.6878","50.3328","194.3673","42.3554","53.3996","138.2107","124.2551","40.8176","85.2023"
"C:\Users\cfg364\Sommerlab Dropbox\Casper van der Luijt\Casper\Data\BioLog\OmniLog\CL3\DATA_2024\08\_RIB40_Aspergillus oryzae__1_30_CL3_769_8#19#2024_A_ 9A_7.OKA","8/19/2024 7:16:29 PM"," 9-A","PM01","","RIB40","Aspergillus oryzae","",76.2500,"30.2957","225.5096","183.6897","75.5267","42.1183","159.2147","56.0279","164.4451","85.4516","162.2875","150.1926","197.4281","34.8506","164.1118","141.9281","30.4156","81.0157","88.3900","32.9124","263.4850","61.5712","51.5984","153.9484","102.0648","45.6858","26.1998","60.2841","255.7929","46.8468","193.3768","178.9489","63.7269","114.7148","108.2884","90.9963","39.5148","96.2953","23.1134","18.7589","15.3310","40.9726","62.1984","34.5074","30.4040","40.0579","53.4578","180.2249","31.6517","119.5616","32.4695","31.1258","52.4873","57.2105","13.8815","33.0145","96.4396","67.0136","154.7726","40.3267","56.3041","56.9022","38.1955","138.7800","31.7517","58.4480","34.2957","50.1784","39.4577","76.8384","38.7605","115.6983","56.1288","69.5656","19.0195","83.4715","67.4375","142.4753","91.6569","31.6930","19.5616","45.1095","43.0413","90.2753","75.7767","103.4844","152.6876","137.9850","225.6027","53.1308","194.6237","44.4821","55.2877","140.0741","122.7437","38.4151","87.0435"
"C:\Users\cfg364\Sommerlab Dropbox\Casper van der Luijt\Casper\Data\BioLog\OmniLog\CL3\DATA_2024\08\_RIB40_Aspergillus oryzae__1_30_CL3_769_8#19#2024_A_ 9A_7.OKA","8/19/2024 7:16:29 PM"," 9-A","PM01","","RIB40","Aspergillus oryzae","",76.5000,"29.3864","223.5312","183.6505","77.6456","36.7499","160.5299","58.1170","157.0369","90.3723","163.7059","151.0096","197.6585","34.5688","167.8379","147.4826","32.0378","80.7141","82.6299","30.7963","257.7029","64.7041","53.2465","159.9674","101.6543","45.0486","23.8484","53.5753","254.1059","46.2786","192.7979","173.9341","59.4410","110.1751","104.0622","90.4769","30.3082","89.5839","16.3394","16.0762","14.7729","43.3927","55.1635","32.8251","24.9313","34.3669","52.4382","178.5784","31.9610","116.9729","32.2007","27.5210","55.0701","56.6054","12.8311","31.3568","94.3037","70.4496","153.2231","40.3483","58.1375","56.7016","38.9156","139.6302","28.8267","56.0431","33.1017","49.2783","42.8624","81.7758","36.4768","117.6264","58.9502","67.3355","18.6127","85.8869","64.9086","135.8802","91.9177","30.9675","15.9726","49.0792","42.1953","89.1995","72.1925","107.0987","156.4851","138.2815","219.3693","53.3577","193.2436","46.1218","55.4396","136.9125","126.5545","40.3942","91.1566"
"C:\Users\cfg364\Sommerlab Dropbox\Casper van der Luijt\Casper\Data\BioLog\OmniLog\CL3\DATA_2024\08\_RIB40_Aspergillus oryzae__1_30_CL3_769_8#19#2024_A_ 9A_7.OKA","8/19/2024 7:16:29 PM"," 9-A","PM01","","RIB40","Aspergillus oryzae","",76.7500,"31.3742","225.2451","182.9194","78.1684","39.5337","159.2140","56.0342","158.9828","88.8305","164.0575","149.6253","198.5864","35.6041","168.3020","149.4532","30.2058","80.0105","84.3392","29.3028","261.3680","65.3975","54.7994","157.7455","101.2526","47.1728","25.4466","59.4509","256.7022","48.5731","195.2127","174.7557","59.6629","111.4356","111.4001","91.8939","35.6196","92.5168","19.6251","23.1585","15.1471","43.0127","57.1923","33.2712","27.5474","35.2207","53.7614","178.6106","34.3039","117.9581","33.4721","29.0564","54.2256","57.0388","15.0656","31.9249","98.3711","68.4018","153.9294","40.9774","59.4081","59.6343","36.5971","140.4616","31.1299","58.7833","33.1328","49.9136","44.5344","78.7614","41.8171","120.5752","54.6141","69.8948","18.3248","85.6034","67.1025","139.1819","91.8228","32.2373","19.3833","47.4514","40.4174","92.5223","72.3549","107.5800","158.5139","141.5111","221.6986","55.0285","192.9871","45.5107","54.6005","136.5181","127.0746","38.7831","90.4830"
"C:\Users\cfg364\Sommerlab Dropbox\Casper van der Luijt\Casper\Data\BioLog\OmniLog\CL3\DATA_2024\08\_RIB40_Aspergillus oryzae__1_30_CL3_769_8#19#2024_A_ 9A_7.OKA","8/19/2024 7:16:29 PM"," 9-A","PM01","","RIB40","Aspergillus oryzae","",77.0000,"30.1955","224.3891","184.8456","79.2893","36.3836","164.4263","55.2919","160.7393","96.1216","164.4198","153.7096","198.7965","35.3545","163.5833","147.2469","31.5130","84.5865","89.1783","31.4594","262.8978","63.8795","51.8233","157.4709","100.3306","47.0144","25.7347","59.6879","255.3966","51.1398","199.6691","175.6792","62.6098","110.7735","106.6545","88.1573","33.1163","92.2669","19.5435","19.5329","16.0432","43.9983","54.4879","35.2048","28.1008","34.3725","53.3090","180.5406","36.6591","121.1897","35.6842","27.6528","49.8543","57.9863","13.5115","31.3319","98.2793","68.5731","153.3617","38.2883","58.3393","60.2466","38.5941","140.0837","29.9369","57.0319","30.4730","52.6356","39.7239","80.0217","37.6685","123.7710","58.6950","70.2479","17.9199","85.8322","69.9013","139.5875","94.3557","31.7403","21.8361","49.7742","44.0047","89.1743","75.5340","107.5991","160.4540","143.3237","223.7340","55.9839","192.7424","46.2342","51.6691","136.5459","126.3693","41.8128","88.1584"
"C:\Users\cfg364\Sommerlab Dropbox\Casper van der Luijt\Casper\Data\BioLog\OmniLog\CL3\DATA_2024\08\_RIB40_Aspergillus oryzae__1_30_CL3_769_8#19#2024_A_ 9A_7.OKA","8/19/2024 7:16:29 PM"," 9-A","PM01","","RIB40","Aspergillus oryzae","",77.2500,"30.3816","227.1033","184.0508","80.1476","36.5744","169.1662","56.3645","160.3911","90.2975","162.3721","150.6433","195.2607","36.5738","166.3280","145.5049","30.6532","85.1912","87.9489","31.2697","258.7339","59.7606","53.2179","157.6956","104.3153","50.4645","28.8187","58.3295","255.8584","50.7279","196.1212","175.9334","63.9987","111.3782","105.2215","90.0306","36.9423","91.9639","19.1967","21.7880","18.1913","41.8981","55.9573","33.2328","29.4550","38.5100","53.6651","179.0202","39.0424","119.7123","34.8900","32.1777","50.3589","57.6117","16.6121","32.0943","96.5382","69.7403","154.9977","36.9874","58.3073","56.4866","36.0884","141.1065","26.6007","55.7043","29.0665","53.5538","38.6788","81.7810","40.4013","124.0522","57.6471","71.7486","18.0481","86.0858","68.9659","138.5989","90.4029","29.3827","19.5096","43.5484","46.6477","90.1142","76.4717","108.2325","160.2359","140.0674","219.8333","55.7041","195.8358","46.2020","54.5208","140.7286","127.8375","40.0700","88.9000"
"C:\Users\cfg364\Sommerlab Dropbox\Casper van der Luijt\Casper\Data\BioLog\OmniLog\CL3\DATA_2024\08\_RIB40_Aspergillus oryzae__1_30_CL3_769_8#19#2024_A_ 9A_7.OKA","8/19/2024 7:16:29 PM"," 9-A","PM01","","RIB40","Aspergillus oryzae","",77.5000,"29.8124","225.9786","185.5911","78.9116","38.9388","163.9117","54.0773","161.7269","91.5853","160.3356","148.2999","197.9614","34.7606","165.5625","145.1274","29.5569","82.1152","83.4695","29.6715","261.4459","62.8921","54.1864","156.4786","103.2211","46.9518","23.0856","56.1138","253.3607","46.6666","198.3528","176.2212","61.0482","107.8455","105.1494","92.0503","33.6163","89.8819","23.2383","22.0061","17.1131","44.7104","56.6382","36.1308","29.3603","38.1317","56.0626","181.4038","34.6042","119.4071","36.6656","30.3112","52.8301","55.3862","11.8102","32.0252","93.4433","66.1206","151.1117","39.5013","58.1547","58.7038","39.9148","137.8192","32.0384","53.4382","33.1523","49.0621","38.7730","82.1940","36.4064","119.1379","59.6031","67.5384","18.4741","85.7977","66.9927","140.3156","89.4552","26.6186","19.7475","50.2086","46.1569","93.5747","74.3109","107.0704","160.8208","147.4516","221.4441","51.1285","193.6229","41.1347","53.2409","139.0026","123.8594","38.3407","93.2446"
"C:\Users\cfg364\Sommerlab Dropbox\Casper van der Luijt\Casper\Data\BioLog\OmniLog\CL3\DATA_2024\08\_RIB40_Aspergillus oryzae__1_30_CL3_769_8#19#2024_A_ 9A_7.OKA","8/19/2024 7:16:29 PM"," 9-A","PM01","","RIB40","Aspergillus oryzae","",77.7500,"29.4366","225.0082","184.0018","74.3267","33.1109","165.1276","49.8100","158.9324","88.8155","162.6001","146.7924","199.9646","36.4604","167.4869","147.8174","32.5604","82.6031","86.1505","31.2712","263.8004","62.2784","53.6681","156.8673","100.6865","46.5452","23.5203","56.0078","250.9094","48.9629","199.9549","174.8955","62.3302","109.4170","105.7186","90.9311","31.7446","86.2207","18.0917","21.1473","12.5959","40.5741","55.8172","38.1843","25.0273","35.0255","49.6539","180.4072","34.1261","116.1565","30.4887","27.7856","48.0074","53.0932","19.4816","29.3729","97.3839","65.8336","154.0721","38.4989","54.3974","58.8998","35.2794","139.6816","29.3658","57.8218","30.1018","51.3693","43.7383","79.4560","38.0177","118.2327","55.4904","70.5271","17.1927","80.6425","62.9514","138.2929","93.5689","27.3156","22.9889","48.7479","43.7769","89.2469","76.9992","103.9041","162.0295","142.3024","220.8152","55.3330","193.5516","42.9799","48.2289","136.5555","123.2118","42.7267","89.2295"
"C:\Users\cfg364\Sommerlab Dropbox\Casper van der Luijt\Casper\Data\BioLog\OmniLog\CL3\DATA_2024\08\_RIB40_Aspergillus oryzae__1_30_CL3_769_8#19#2024_A_ 9A_7.OKA","8/19/2024 7:16:29 PM"," 9-A","PM01","","RIB40","Aspergillus oryzae","",78.0000,"30.0677","226.5633","187.5193","80.2094","42.2676","166.1970","52.5390","160.8783","90.8662","165.6752","148.7926","202.2083","34.0556","164.8529","150.4092","30.2835","85.1997","87.3153","35.3713","263.4265","66.3528","53.7871","159.9130","103.9186","46.3179","27.5548","56.8860","254.1504","49.5216","196.5868","175.9974","64.2434","113.3183","108.5949","90.1406","35.7744","90.6781","22.7116","20.9438","17.0897","45.6322","54.0648","33.9403","28.3071","37.4463","51.1944","177.6679","32.2250","120.4044","37.1969","28.6969","53.4341","59.4750","19.5952","33.8797","96.2026","70.5372","154.4104","38.8642","54.8111","60.3306","37.0127","142.2382","33.5297","54.7851","29.6289","54.4821","46.3750","81.7126","38.3990","120.8016","51.5172","68.6440","21.7832","87.6491","67.6038","138.0044","92.4105","27.9504","19.8131","51.2006","42.8887","91.8173","72.2812","109.1116","163.2294","148.1213","225.3500","53.6214","194.0120","46.6576","54.4140","140.6749","125.0905","39.5025","86.5362"
"C:\Users\cfg364\Sommerlab Dropbox\Casper van der Luijt\Casper\Data\BioLog\OmniLog\CL3\DATA_2024\08\_RIB40_Aspergillus oryzae__1_30_CL3_769_8#19#2024_A_ 9A_7.OKA","8/19/2024 7:16:29 PM"," 9-A","PM01","","RIB40","Aspergillus oryzae","",78.2500,"28.2524","226.5519","186.0144","79.3287","37.7250","163.5806","55.3902","160.2833","93.6727","161.1117","144.5841","202.7600","35.5594","166.5779","147.2246","27.0210","85.2585","86.6378","31.2638","262.2310","63.7819","54.2996","159.9245","103.0189","50.1379","24.6188","56.8003","255.3934","47.9954","201.6294","176.0667","64.5413","110.1900","104.4537","92.8967","35.6552","92.1248","22.6727","19.0470","13.4397","43.3042","54.8589","35.1060","31.5863","35.7144","52.3325","175.9539","33.4718","117.7112","32.5202","30.6338","52.9520","54.5416","16.4384","32.6440","96.2096","67.7536","153.5653","34.1859","54.5611","62.5945","36.2943","140.9503","30.3658","55.8392","31.6459","52.6741","43.0296","79.4549","36.3613","117.8212","57.8792","67.2451","18.8450","86.2338","68.2837","137.9915","90.0052","29.5406","19.2512","48.5885","43.1445","89.9231","76.1799","111.5679","168.4512","146.3742","223.1585","53.4907","194.8088","45.5840","53.4837","134.3733","128.4308","36.4299","91.3775"
"C:\Users\cfg364\Sommerlab Dropbox\Casper van der Luijt\Casper\Data\BioLog\OmniLog\CL3\DATA_2024\08\_RIB40_Aspergillus oryzae__1_30_CL3_769_8#19#2024_A_ 9A_7.OKA","8/19/2024 7:16:29 PM"," 9-A","PM01","","RIB40","Aspergillus oryzae","",78.5000,"30.6149","225.6395","185.5547","79.1149","40.5782","163.8692","51.2853","159.1756","92.8072","163.4296","145.6604","203.9964","34.4542","168.9867","145.6072","32.7493","88.7050","83.1620","29.2311","265.4192","64.2236","57.0493","157.3949","104.8741","45.0476","24.4309","58.3962","252.0136","45.6313","204.5684","176.1300","64.4785","109.3313","102.1054","95.3717","34.1976","91.9739","21.3827","16.2428","14.3467","46.1284","56.6395","35.2337","32.9357","36.8493","48.9180","177.9296","34.0639","118.6027","32.1070","27.1925","53.0150","52.5397","17.5199","31.9478","93.6689","64.7967","155.4268","33.8670","54.5291","58.8178","38.5454","140.2405","28.6197","57.1970","31.1788","50.0161","41.8620","79.3289","35.6014","122.5785","57.6883","70.2260","19.1001","87.4325","70.8164","135.3872","94.0754","30.1459","18.4517","51.7262","43.3711","94.2039","73.1611","106.3927","165.4916","147.3980","221.4818","53.4907","192.8918","45.2920","50.8163","138.1219","128.2683","37.8849","92.8301"
"C:\Users\cfg364\Sommerlab Dropbox\Casper van der Luijt\Casper\Data\BioLog\OmniLog\CL3\DATA_2024\08\_RIB40_Aspergillus oryzae__1_30_CL3_769_8#19#2024_A_ 9A_7.OKA","8/19/2024 7:16:29 PM"," 9-A","PM01","","RIB40","Aspergillus oryzae","",78.7500,"29.1850","224.2866","183.3478","77.4349","38.2005","166.6270","50.2670","159.2072","93.8009","159.1158","151.2633","204.1818","36.1120","166.5779","148.4453","31.2177","84.7160","83.7360","31.5179","265.4507","63.6242","55.5954","159.7964","103.3281","42.4566","23.3352","58.2456","256.2230","46.6536","201.0353","173.9452","62.4675","108.0911","103.2161","92.1035","35.2520","91.3401","22.2322","19.9615","16.0044","44.6370","55.6711","35.0421","30.5821","38.6776","52.8529","174.1401","31.8511","120.5703","34.4592","32.5695","54.9362","56.7312","16.6547","34.2894","93.6054","66.0049","151.2866","36.0675","56.8302","61.8331","37.8888","141.2589","30.1118","57.5982","33.4831","52.8323","41.6096","83.6447","36.0447","123.7366","55.6196","69.1119","20.1525","87.8426","66.1574","137.0924","90.6993","27.7248","17.6841","51.3420","43.7272","93.7533","72.1548","109.1468","167.6724","147.9740","223.8105","53.0237","194.3935","44.5134","53.3536","135.6886","128.8208","36.9590","92.0231"
"C:\Users\cfg364\Sommerlab Dropbox\Casper van der Luijt\Casper\Data\BioLog\OmniLog\CL3\DATA_2024\08\_RIB40_Aspergillus oryzae__1_30_CL3_769_8#19#2024_A_ 9A_7.OKA","8/19/2024 7:16:29 PM"," 9-A","PM01","","RIB40","Aspergillus oryzae","",79.0000,"30.1486","223.8461","185.0030","78.1069","40.1978","166.1460","51.3171","157.0868","94.6344","163.5583","148.6359","200.2873","35.2831","165.0762","148.4453","29.8698","88.5454","82.1416","32.8201","263.4937","64.6968","54.0784","159.0920","100.6380","42.5176","24.6188","58.2155","253.4577","46.6856","202.6924","175.5601","65.1697","109.0451","105.7547","90.7073","34.8179","92.6983","20.2501","20.1139","17.0679","44.1292","57.0768","35.3614","27.8519","38.1417","51.6496","178.2859","35.4665","119.0024","34.5864","29.0361","53.9283","53.6658","17.3345","31.3466","97.7023","68.8346","152.3136","35.2064","57.2457","59.8534","36.8258","141.5057","30.9373","56.4564","30.3380","50.8704","41.7674","82.8887","37.0579","122.3908","56.1606","70.7379","18.0477","86.8962","63.2808","140.5029","93.8229","26.4823","17.8440","49.2609","47.8707","91.0174","73.5506","107.7546","168.4201","147.2701","221.1092","50.6891","192.9877","43.8645","53.8090","139.4043","128.5933","40.7288","91.3775"
"C:\Users\cfg364\Sommerlab Dropbox\Casper van der Luijt\Casper\Data\BioLog\OmniLog\CL3\DATA_2024\08\_RIB40_Aspergillus oryzae__1_30_CL3_769_8#19#2024_A_ 9A_7.OKA","8/19/2024 7:16:29 PM"," 9-A","PM01","","RIB40","Aspergillus oryzae","",79.2500,"30.3662","225.5136","185.8612","76.6713","37.7884","165.6650","53.7991","155.5994","95.7564","158.3754","149.1108","202.1418","32.0290","164.2941","151.0086","32.2898","83.4715","84.1505","30.1204","264.6301","65.7064","53.9204","160.5649","99.1848","42.7615","24.9945","58.4263","252.2901","47.5162","201.7544","174.5151","62.4361","111.0168","103.6286","88.6448","36.1514","91.0383","19.4950","18.0716","19.6013","43.9071","56.3271","31.9451","32.6846","38.6461","50.7066","175.5329","30.2615","120.3859","33.5056","29.1283","50.5583","53.6032","15.9440","34.9856","96.2096","67.1813","150.2917","34.2497","57.5333","62.0768","35.5439","139.7467","29.8896","59.2955","31.8639","50.3642","40.5367","83.5817","35.3798","123.4236","58.2293","67.9075","21.2048","87.0540","68.1586","141.9600","93.0973","29.1902","17.8120","49.0688","43.4682","92.4337","73.7454","112.0219","170.6632","149.9897","221.7612","52.4634","194.3615","44.3511","54.3620","136.8394","125.6031","40.8611","91.7326"
"C:\Users\cfg364\Sommerlab Dropbox\Casper van der Luijt\Casper\Data\BioLog\OmniLog\CL3\DATA_2024\08\_RIB40_Aspergillus oryzae__1_30_CL3_769_8#19#2024_A_ 9A_7.OKA","8/19/2024 7:16:29 PM"," 9-A","PM01","","RIB40","Aspergillus oryzae","",79.5000,"32.0182","230.3296","183.6811","73.6196","38.9659","166.9704","54.6611","156.6528","96.2690","163.5042","151.7755","205.0809","34.4086","166.9008","148.5684","28.7327","85.3525","85.9310","29.9325","263.3958","66.0932","57.3239","161.8758","102.6758","47.0016","24.2881","57.2271","254.9644","46.2708","200.5941","177.6506","59.7881","111.3358","101.3085","92.3129","38.9170","89.7306","22.9807","19.2181","16.2257","41.3344","55.5065","34.0291","27.5180","38.2780","52.0495","179.0696","32.9258","115.6430","32.8446","30.1060","52.3541","53.3718","14.9590","32.8657","97.7760","70.8150","156.4378","39.9284","56.5198","54.4282","35.3197","143.9569","32.1444","55.9880","33.0214","54.2739","40.8616","84.2121","36.2774","121.3284","55.7469","68.4381","20.4430","87.6575","65.0031","138.6885","88.8272","27.7142","18.5722","50.3127","47.7391","90.0728","74.9872","112.5249","170.7730","152.4221","221.8388","53.2949","194.8623","46.2176","48.3816","138.2037","128.3800","39.2282","93.6782"
"C:\Users\cfg364\Sommerlab Dropbox\Casper van der Luijt\Casper\Data\BioLog\OmniLog\CL3\DATA_2024\08\_RIB40_Aspergillus oryzae__1_30_CL3_769_8#19#2024_A_ 9A_7.OKA","8/19/2024 7:16:29 PM"," 9-A","PM01","","RIB40","Aspergillus oryzae","",79.7500,"32.4424","227.0581","185.8945","78.5495","38.7091","168.2378","51.1255","157.8009","96.3406","163.0101","147.8885","205.8588","35.9174","168.1948","146.7635","32.3420","84.8361","91.7576","35.1356","265.6026","63.6259","52.5076","160.9773","103.4596","47.8997","23.3665","57.0218","253.9141","46.1192","202.4925","178.9555","68.9574","109.5503","103.5419","94.8339","36.7238","91.7374","19.2386","18.3742","17.4981","45.9319","57.3800","37.1001","28.9077","37.1029","51.1654","181.5787","36.8760","119.8298","32.9756","29.9683","48.3689","55.8798","14.6806","34.1275","99.8447","72.7786","158.1461","34.6040","60.1304","58.9294","37.2825","143.0442","36.4249","58.8094","33.1511","48.6033","43.3737","86.2598","37.3800","124.7531","54.7664","68.2956","15.7684","87.9802","68.2789","135.9452","90.4259","28.9506","18.0195","53.5351","42.4121","87.5582","72.7733","114.7390","169.7119","153.3354","220.7021","55.0127","192.3770","45.9841","57.2383","141.2582","124.2242","42.2902","90.6834"
"C:\Users\cfg364\Sommerlab Dropbox\Casper van der Luijt\Casper\Data\BioLog\OmniLog\CL3\DATA_2024\08\_RIB40_Aspergillus oryzae__1_30_CL3_769_8#19#2024_A_ 9A_7.OKA","8/19/2024 7:16:29 PM"," 9-A","PM01","","RIB40","Aspergillus oryzae","",80.0000,"30.1771","225.9609","185.5601","75.7566","40.5818","166.2848","53.3476","152.0962","96.9511","162.2408","148.6480","204.2466","35.7952","167.4147","149.1410","30.1955","85.6726","83.8626","34.3489","264.6565","69.5361","50.4402","160.2695","100.8109","45.2272","20.3297","55.5732","254.6507","45.6093","203.2433","175.0312","61.7481","110.9776","102.2076","94.6448","35.2051","91.7374","18.6705","20.6198","15.4362","41.2595","57.0072","34.8775","27.0508","36.3769","51.6525","176.5635","32.2841","116.4414","34.2142","27.1045","51.6885","53.1315","15.3610","33.2698","97.9792","73.8835","151.3661","40.0047","55.9565","58.1376","36.9066","142.5205","34.7531","56.7508","28.3642","52.7498","44.9861","84.1149","39.3899","129.4211","55.9786","66.6680","16.1872","85.6140","60.8311","133.3997","92.4869","29.1412","18.6896","49.7351","39.6651","88.9167","76.1545","116.2819","172.4115","150.6288","220.4239","53.0829","194.1105","47.3705","57.1096","138.4577","126.6799","39.3289","92.1747"
"C:\Users\cfg364\Sommerlab Dropbox\Casper van der Luijt\Casper\Data\BioLog\OmniLog\CL3\DATA_2024\08\_RIB40_Aspergillus oryzae__1_30_CL3_769_8#19#2024_A_ 9A_7.OKA","8/19/2024 7:16:29 PM"," 9-A","PM01","","RIB40","Aspergillus oryzae","",80.2500,"30.8679","226.8272","186.6158","80.1377","41.0495","170.5114","57.6322","157.4185","98.3209","162.4527","146.9115","206.1439","35.7303","167.1835","149.9441","32.5546","89.7250","83.4338","32.8274","264.8784","66.5535","58.0004","159.7388","98.8492","47.7628","21.7674","56.4118","251.1945","45.6932","201.1316","177.2190","66.1560","110.6238","105.2106","91.6629","35.9945","89.7853","24.6312","19.2747","14.0315","44.7867","58.8355","34.9325","28.1406","32.5665","52.5511","177.2411","33.5892","121.5110","33.1255","30.2541","53.9821","56.5301","14.7088","34.2192","101.1142","70.5328","156.1477","38.2018","55.6306","59.5147","35.8077","140.7767","32.7202","58.3280","30.6375","50.3701","44.9205","86.1317","38.9101","123.6978","57.9164","65.2073","19.0629","90.1527","64.5505","139.2648","89.2244","27.2762","21.6585","49.9758","46.1112","92.5441","76.2698","115.8474","176.7859","155.4981","220.8109","55.7958","195.2384","47.0416","53.8088","141.9352","126.6308","40.4256","95.1747"
"C:\Users\cfg364\Sommerlab Dropbox\Casper van der Luijt\Casper\Data\BioLog\OmniLog\CL3\DATA_2024\08\_RIB40_Aspergillus oryzae__1_30_CL3_769_8#19#2024_A_ 9A_7.OKA","8/19/2024 7:16:29 PM"," 9-A","PM01","","RIB40","Aspergillus oryzae","",80.5000,"30.3705","226.9841","186.2190","78.0297","38.6114","167.8475","56.8152","155.3277","97.3912","165.2824","146.4055","205.4007","34.8743","168.9605","148.7816","34.2998","89.0847","87.8218","33.1447","263.4527","68.2170","54.6726","165.8143","106.9588","49.3085","24.5532","60.6663","251.8127","46.5518","201.5411","176.7757","62.9504","109.6056","101.7024","94.5438","37.2922","90.2383","23.7266","17.9312","17.2505","45.6701","57.6505","35.7270","30.5579","36.4154","55.5954","176.4323","34.6146","120.5641","33.0618","31.2352","52.9107","54.0960","14.3070","33.8396","101.4935","75.3939","155.6352","39.9751","56.4636","58.9041","35.5247","140.4355","32.5935","58.7887","31.2619","49.9570","42.6802","85.8479","38.8472","122.0562","60.5422","68.7250","18.4550","83.3015","67.3872","139.0805","91.0959","31.8399","18.1163","49.0102","47.7189","94.6798","78.6055","117.7779","177.0044","157.6932","221.4327","55.3603","193.8903","45.5547","56.1567","138.8628","128.3571","45.2753","95.1102"
"C:\Users\cfg364\Sommerlab Dropbox\Casper van der Luijt\Casper\Data\BioLog\OmniLog\CL3\DATA_2024\08\_RIB40_Aspergillus oryzae__1_30_CL3_769_8#19#2024_A_ 9A_7.OKA","8/19/2024 7:16:29 PM"," 9-A","PM01","","RIB40","Aspergillus oryzae","",80.7500,"33.5419","230.8135","184.0826","77.3576","45.0709","170.4472","56.6266","155.5811","98.0965","161.0378","146.6269","208.6211","35.8526","166.8406","149.2711","31.1769","91.1337","84.8647","32.4784","266.0190","67.8403","53.5000","166.0393","104.7387","47.9750","23.1446","56.4721","255.7073","49.6682","202.2658","176.6490","61.4733","109.4465","103.6478","96.9181","37.3540","89.6042","25.1927","20.9846","17.8130","43.5880","59.3968","34.5193","31.2800","34.6659","52.0005","178.2439","32.4085","121.9692","35.0037","29.1810","52.3120","56.0308","15.3270","30.5180","98.3327","72.0795","154.3538","38.2968","56.3675","60.0643","34.6443","141.1489","30.3139","57.2224","31.1058","50.2748","43.3112","85.9425","38.5643","123.8240","63.1364","70.3785","22.4225","82.9542","64.7396","144.0256","90.4932","23.9571","20.7331","49.7827","48.5870","91.3468","75.2966","120.0401","178.3779","157.8523","222.3964","54.7692","194.9174","46.0396","58.1507","135.5290","129.1388","39.2787","94.5944"
"C:\Users\cfg364\Sommerlab Dropbox\Casper van der Luijt\Casper\Data\BioLog\OmniLog\CL3\DATA_2024\08\_RIB40_Aspergillus oryzae__1_30_CL3_769_8#19#2024_A_ 9A_7.OKA","8/19/2024 7:16:29 PM"," 9-A","PM01","","RIB40","Aspergillus oryzae","",81.0000,"30.1528","226.7016","185.8528","80.2905","40.0046","168.0401","57.3179","155.8029","98.6414","162.4527","145.9628","204.7505","37.7784","166.8718","152.6361","29.9215","89.1168","87.1223","31.3363","263.1675","65.8316","55.9403","163.8856","103.4128","46.0656","24.6471","58.4033","253.0491","49.8272","204.9122","174.6540","66.0303","108.8738","102.1489","95.8101","38.2808","90.4799","24.2257","19.2747","13.7815","46.2379","54.6257","37.6340","30.5893","31.9621","55.6278","178.5350","37.7839","121.2361","32.0431","33.0134","54.9275","56.4053","16.6250","30.3599","100.9877","73.5316","153.4889","39.2151","57.4568","58.1713","35.9963","140.4975","34.2083","57.3452","32.3546","52.4991","43.5952","85.5011","38.2500","125.2762","59.1186","67.3720","17.8791","86.3640","69.1523","138.2205","88.7486","30.5633","20.7331","48.2700","47.8475","90.6349","73.4475","124.3534","177.4102","155.8799","222.4275","54.2715","197.1963","46.5244","61.9138","138.1764","125.8490","42.1295","95.0135"
"C:\Users\cfg364\Sommerlab Dropbox\Casper van der Luijt\Casper\Data\BioLog\OmniLog\CL3\DATA_2024\08\_RIB40_Aspergillus oryzae__1_30_CL3_769_8#19#2024_A_ 9A_7.OKA","8/19/2024 7:16:29 PM"," 9-A","PM01","","RIB40","Aspergillus oryzae","",81.2500,"31.5209","227.7688","185.7612","76.0744","35.4133","169.7411","55.6525","153.5853","94.6985","158.7869","148.8404","206.6393","34.7521","166.1548","152.0549","31.7892","90.5895","85.6278","34.0013","263.8645","70.7906","55.8453","161.5711","108.1922","47.2779","23.2072","56.3213","253.3582","48.3008","203.0849","180.1640","64.8675","104.2283","100.7456","98.0261","36.7669","90.9932","25.3798","19.3357","18.1568","46.6480","57.8376","37.2526","28.7057","31.4532","54.0408","177.9851","35.4846","121.5110","33.7622","28.3839","54.2972","53.7528","12.7308","35.6427","101.2090","70.9116","152.9443","40.3551","56.4957","58.4156","36.1850","138.3573","33.3851","57.3145","29.8258","50.0841","44.8574","85.8479","41.7388","123.5715","59.6564","67.6727","16.8872","85.2274","65.7167","143.2270","95.5051","25.7124","19.9672","48.6562","47.6867","90.1495","75.9130","124.3836","177.7224","156.4843","222.4275","53.9293","194.6927","46.0719","58.1507","136.8690","125.3279","42.6210","95.1425"
"C:\Users\cfg364\Sommerlab Dropbox\Casper van der Luijt\Casper\Data\BioLog\OmniLog\CL3\DATA_2024\08\_RIB40_Aspergillus oryzae__1_30_CL3_769_8#19#2024_A_ 9A_7.OKA","8/19/2024 7:16:29 PM"," 9-A","PM01","","RIB40","Aspergillus oryzae","",81.5000,"29.9041","229.6161","187.2873","76.1624","39.0150","166.1327","51.0717","154.5353","97.1630","161.7703","148.0033","207.2802","36.0918","161.7351","153.5671","31.1497","91.7340","89.3394","32.0302","262.8273","67.5781","56.7843","163.4684","101.5971","47.7190","24.5279","53.7210","253.5491","49.7084","202.8920","173.6042","61.8066","109.5319","103.8267","96.2087","38.7832","90.6326","18.8371","18.5038","14.7043","41.3299","56.4179","34.8967","24.5051","32.7729","49.0728","175.7457","32.1940","117.1958","34.8347","29.9114","50.6154","53.4969","15.0803","33.8163","98.8797","71.8895","154.4865","40.3027","57.9690","59.3735","37.6798","143.8966","34.2578","55.3693","36.1911","53.6167","47.1742","88.9156","38.1678","119.4576","59.0709","69.2217","19.0387","88.0105","70.4184","139.0358","90.6796","26.3231","15.6555","56.3214","45.0916","91.3050","73.6810","127.6328","179.2768","158.5996","220.4892","52.2866","195.5509","47.4212","55.3569","141.1852","124.7181","41.8918","96.1812"
"C:\Users\cfg364\Sommerlab Dropbox\Casper van der Luijt\Casper\Data\BioLog\OmniLog\CL3\DATA_2024\08\_RIB40_Aspergillus oryzae__1_30_CL3_769_8#19#2024_A_ 9A_7.OKA","8/19/2024 7:16:29 PM"," 9-A","PM01","","RIB40","Aspergillus oryzae","",81.7500,"27.7898","230.8049","184.5099","73.6727","41.4497","172.0783","54.6399","154.7887","94.3359","162.8909","151.9734","203.9340","34.9902","166.0979","150.9264","33.9499","88.5264","87.6948","34.0858","263.1117","63.6227","56.2464","160.2504","103.2651","46.4748","23.5884","56.4762","254.2576","51.4189","204.1135","173.9874","61.8382","110.2278","105.7341","97.9476","40.4830","89.3907","19.6240","20.2424","17.5682","40.6312","58.3155","36.9595","26.5024","32.3609","51.2150","177.1693","34.5592","114.2236","32.9647","28.1030","49.0588","55.3988","17.1514","35.4865","99.6076","71.1032","157.6015","35.3501","55.7216","56.8904","35.6780","145.9770","33.8780","54.1025","32.8798","53.8060","43.6705","91.4615","36.8786","123.9360","59.7653","68.8299","20.6337","89.7978","64.2349","139.7440","92.1925","26.2912","17.2609","55.3320","47.4461","90.5947","74.6204","126.8155","179.1515","160.2932","219.3466","53.5000","194.1061","46.5486","55.8447","140.5660","124.2918","39.8564","89.3525"
"C:\Users\cfg364\Sommerlab Dropbox\Casper van der Luijt\Casper\Data\BioLog\OmniLog\CL3\DATA_2024\08\_RIB40_Aspergillus oryzae__1_30_CL3_769_8#19#2024_A_ 9A_7.OKA","8/19/2024 7:16:29 PM"," 9-A","PM01","","RIB40","Aspergillus oryzae","",82.0000,"33.7369","227.5661","183.1523","76.4837","42.5597","172.8071","52.4665","152.9300","102.6454","161.8756","150.0178","207.3608","35.9567","169.8569","151.4863","29.8862","90.6995","88.7825","32.2849","267.6738","64.7327","54.9100","167.0495","104.8248","49.3470","25.1469","53.1324","257.7347","49.7863","208.4697","175.6104","60.5570","109.5881","106.1526","96.4787","40.0699","91.4184","20.1693","17.1497","17.5308","43.7895","58.9638","36.8787","28.1838","34.9753","52.7641","175.8902","32.5684","120.7904","35.7943","32.3082","50.5910","53.0653","15.3279","35.8014","99.9086","72.7026","156.6603","40.8495","55.4392","59.2920","37.7345","141.2947","32.4394","59.8238","33.5631","54.5420","47.7171","87.0500","42.9731","125.2541","57.1660","69.7056","20.0344","85.4491","69.6423","139.0392","90.0072","29.6013","21.1100","53.3015","48.2253","89.4595","74.8003","129.7080","182.0214","155.6409","221.6280","51.9744","194.8183","49.7036","55.7674","139.7098","122.3041","41.0425","96.3221"
"C:\Users\cfg364\Sommerlab Dropbox\Casper van der Luijt\Casper\Data\BioLog\OmniLog\CL3\DATA_2024\08\_RIB40_Aspergillus oryzae__1_30_CL3_769_8#19#2024_A_ 9A_7.OKA","8/19/2024 7:16:29 PM"," 9-A","PM01","","RIB40","Aspergillus oryzae","",82.2500,"29.5860","231.3194","184.5626","78.0165","40.3212","168.5760","54.1732","152.6140","100.6365","162.5799","152.0594","209.0922","35.8953","168.0496","153.0126","32.7375","94.1799","88.0221","31.3954","264.5276","64.9537","56.8658","168.0715","99.9255","48.8014","27.1412","55.8056","251.5908","51.6891","204.5678","173.7991","61.3481","111.1459","105.9940","98.9039","38.7737","92.1418","21.6817","17.2720","16.7533","44.2318","61.3853","35.3564","29.6000","33.5184","55.4752","176.5362","29.3846","115.3224","32.7109","30.1957","51.5109","52.3459","15.6680","37.5369","100.3203","74.2053","154.0655","37.0591","55.1517","57.5804","38.4849","145.1196","30.1660","56.6036","34.1846","50.5951","47.4025","90.6954","41.6238","124.3692","58.4335","66.5510","21.0206","85.6068","68.3294","139.7169","91.3361","30.7142","23.9306","48.9785","45.7780","92.1093","74.9624","128.3864","181.6166","160.6120","220.8234","55.1813","197.7584","45.2353","57.1240","141.1120","125.6134","40.1222","95.1948"
"C:\Users\cfg364\Sommerlab Dropbox\Casper van der Luijt\Casper\Data\BioLog\OmniLog\CL3\DATA_2024\08\_RIB40_Aspergillus oryzae__1_30_CL3_769_8#19#2024_A_ 9A_7.OKA","8/19/2024 7:16:29 PM"," 9-A","PM01","","RIB40","Aspergillus oryzae","",82.5000,"31.5375","231.0379","181.2821","77.4647","40.0375","174.5059","56.1960","151.6659","101.3061","162.8680","148.8242","208.7830","32.7028","167.8627","151.3336","31.4191","91.5935","89.9231","31.2366","264.9680","67.2268","56.4873","165.4206","103.1917","46.1034","28.5123","55.8056","255.1671","48.7397","205.6291","175.5469","61.5696","111.4320","107.4525","97.7071","38.4034","92.0816","19.8542","16.0482","19.4590","45.9692","56.7597","37.3544","28.7818","34.0885","53.6356","178.4418","31.5383","120.5754","33.6010","28.2363","51.1303","55.9113","18.1410","31.9518","99.0850","74.1114","155.4109","41.1022","59.5605","56.3272","39.2354","145.3047","34.2708","58.8117","31.7605","52.4264","48.5981","90.1611","40.2433","129.2048","59.4791","70.4267","22.7702","83.2418","67.5166","141.3498","91.0830","26.8350","20.9198","52.0206","45.1984","89.9766","74.6705","130.0084","181.8968","161.2174","222.3706","50.6978","196.7358","46.8426","54.7985","138.2750","122.6972","39.6949","97.4494"
"C:\Users\cfg364\Sommerlab Dropbox\Casper van der Luijt\Casper\Data\BioLog\OmniLog\CL3\DATA_2024\08\_RIB40_Aspergillus oryzae__1_30_CL3_769_8#19#2024_A_ 9A_7.OKA","8/19/2024 7:16:29 PM"," 9-A","PM01","","RIB40","Aspergillus oryzae","",82.7500,"30.0507","231.7573","183.3056","73.8471","40.6680","174.8906","57.2705","153.8465","102.9324","160.2750","149.7351","204.7636","35.1278","170.3244","154.6306","29.7022","93.7648","87.7687","33.4922","264.6848","68.2686","53.9322","164.8457","103.9620","50.8930","27.0477","57.3548","254.9532","50.8328","207.0026","177.4536","60.3038","111.8135","102.6965","100.1322","38.7429","91.0567","18.3417","18.0981","16.5667","44.1370","59.1501","38.4327","30.3239","32.0932","54.1197","178.0543","32.4123","117.7492","30.2951","29.1854","50.2420","54.5665","15.6370","33.6557","103.5511","73.8609","157.4932","41.6708","58.1867","58.9558","37.2967","144.4718","33.8288","59.1184","35.2413","53.1842","50.1398","89.2498","37.9528","129.3944","58.5919","71.7486","21.5932","84.0301","71.8929","139.5629","93.7408","28.1704","21.6171","52.0206","43.5883","92.1417","72.9190","128.2662","186.3187","164.6271","223.6393","53.5934","197.7265","48.9964","53.7649","137.8837","122.7300","42.1272","98.2546"
"C:\Users\cfg364\Sommerlab Dropbox\Casper van der Luijt\Casper\Data\BioLog\OmniLog\CL3\DATA_2024\08\_RIB40_Aspergillus oryzae__1_30_CL3_769_8#19#2024_A_ 9A_7.OKA","8/19/2024 7:16:29 PM"," 9-A","PM01","","RIB40","Aspergillus oryzae","",83.0000,"28.6318","231.4776","184.9746","77.0600","39.4196","172.6437","55.2564","152.8039","102.7887","159.4967","144.9684","208.8636","36.7956","166.1597","152.5244","31.7467","92.0238","89.3796","33.6767","264.1338","68.2431","52.5268","165.6096","101.3075","50.5680","25.4031","59.0395","254.2902","45.8564","205.9031","180.5191","61.4205","108.1121","102.5709","98.6253","35.1188","88.1430","22.1319","17.8990","19.5874","41.6884","60.5456","32.8868","30.4847","36.2357","52.0394","180.4518","33.4777","119.1286","31.1031","28.8714","57.0095","55.1494","15.0818","37.2190","104.6650","71.2210","151.3682","41.3549","58.6120","56.3664","38.1571","145.0468","36.0167","55.1478","29.1584","49.8256","45.0911","91.8342","36.2044","132.4241","56.0887","69.6072","19.7171","88.0804","66.1911","144.4434","92.9865","26.3925","15.6951","57.3532","47.1545","90.6895","72.7375","129.7181","183.3024","161.6434","223.4229","57.1505","196.4797","47.2605","55.1777","137.9769","128.9133","42.7502","94.7610"
"C:\Users\cfg364\Sommerlab Dropbox\Casper van der Luijt\Casper\Data\BioLog\OmniLog\CL3\DATA_2024\08\_RIB40_Aspergillus oryzae__1_30_CL3_769_8#19#2024_A_ 9A_7.OKA","8/19/2024 7:16:29 PM"," 9-A","PM01","","RIB40","Aspergillus oryzae","",83.2500,"26.8250","230.7853","184.1199","70.9512","39.6403","172.2268","56.6729","153.4056","103.6870","161.2282","148.0139","208.8946","36.7650","162.9064","153.2867","30.7339","96.2681","87.5406","36.3854","263.8186","65.1821","51.5758","164.7432","103.6808","46.3232","26.9652","58.6763","257.8730","47.4176","206.2805","177.4818","65.5146","110.5826","101.1022","97.3222","36.2377","89.9038","21.7535","20.2391","21.6645","42.6733","61.0420","32.6628","29.7584","35.1631","52.5564","178.5171","32.7337","119.8370","31.2305","29.0254","53.6850","57.6749","15.2982","35.8606","98.5660","71.4111","155.2315","38.7277","57.8466","54.9898","34.6722","143.8144","36.8359","59.3524","30.3794","53.9889","44.4902","92.7139","36.8992","131.4219","58.2750","69.8480","17.5139","87.8594","65.8133","141.0376","90.3591","27.2211","15.0841","50.2342","45.7701","91.4002","74.0014","132.5189","183.6798","164.1870","223.6079","52.4982","198.8893","47.8070","55.5016","138.9577","129.2050","43.5054","100.6333"
"C:\Users\cfg364\Sommerlab Dropbox\Casper van der Luijt\Casper\Data\BioLog\OmniLog\CL3\DATA_2024\08\_RIB40_Aspergillus oryzae__1_30_CL3_769_8#19#2024_A_ 9A_7.OKA","8/19/2024 7:16:29 PM"," 9-A","PM01","","RIB40","Aspergillus oryzae","",83.5000,"25.9216","227.3551","188.2716","72.7931","36.8015","170.9442","55.1620","149.8905","101.7621","162.9598","150.0125","209.3602","36.8874","167.3484","154.0491","30.6725","92.5344","87.7625","34.3696","265.3317","69.6316","54.0167","166.1873","100.8143","48.2940","24.0909","55.2557","255.6682","49.1382","205.4627","178.5259","63.8770","109.6958","100.7510","97.0043","34.0620","90.1164","18.6631","19.2970","18.1304","41.7837","59.7079","33.1108","29.7268","34.4692","53.1381","179.1620","32.9197","116.2645","32.6004","29.3336","56.3509","53.0604","13.7830","33.9653","104.9494","71.8546","159.7065","38.3479","58.7714","54.2250","36.6187","144.7695","35.0400","54.4986","30.0663","51.4026","44.1423","90.4205","35.0357","132.2675","56.4056","69.0955","19.3340","88.1751","67.4505","141.4057","89.9476","28.4959","15.3735","53.3947","44.8686","92.7246","74.7144","133.1212","185.1896","164.2505","222.8988","58.4841","197.5078","48.5785","56.4085","136.4077","126.7087","39.2370","96.1807"
"C:\Users\cfg364\Sommerlab Dropbox\Casper van der Luijt\Casper\Data\BioLog\OmniLog\CL3\DATA_2024\08\_RIB40_Aspergillus oryzae__1_30_CL3_769_8#19#2024_A_ 9A_7.OKA","8/19/2024 7:16:29 PM"," 9-A","PM01","","RIB40","Aspergillus oryzae","",83.7500,"27.2299","228.1733","183.7841","76.9065","39.1041","171.5855","53.7770","151.8856","99.1954","163.3766","149.8856","208.2738","36.5814","170.2890","156.0922","29.0459","94.6725","91.0601","32.8579","264.9534","66.3813","52.7170","166.2835","102.1397","51.1138","26.3404","57.4655","254.5658","48.1505","206.2805","180.4875","63.3101","112.1663","102.8902","97.3222","36.9215","84.6820","17.3070","20.3911","20.5175","43.4993","58.1877","30.1029","29.5373","37.4659","53.9783","176.0664","34.3459","118.8822","35.4040","29.4260","54.4378","55.2429","15.4529","38.3878","104.3173","71.3160","152.7847","35.8473","55.6462","55.4486","35.0803","143.1366","32.6769","54.2203","30.0663","49.7310","44.5851","90.9860","35.7306","131.7977","59.2890","71.5036","19.9087","85.1753","70.7878","139.4420","89.8209","26.7431","16.9171","55.3420","46.2208","89.9143","74.0986","133.0610","185.7558","163.4239","220.7715","54.4212","196.8009","49.3178","57.2182","141.3769","125.9630","41.0757","98.5683"
"C:\Users\cfg364\Sommerlab Dropbox\Casper van der Luijt\Casper\Data\BioLog\OmniLog\CL3\DATA_2024\08\_RIB40_Aspergillus oryzae__1_30_CL3_769_8#19#2024_A_ 9A_7.OKA","8/19/2024 7:16:29 PM"," 9-A","PM01","","RIB40","Aspergillus oryzae","",84.0000,"26.6381","232.2014","183.9978","75.2488","38.6625","172.8361","54.2177","151.9172","105.5157","163.9538","146.8084","210.1984","34.9596","168.1931","153.1038","31.0715","97.8636","87.5723","33.4248","266.3405","68.8111","51.8928","168.1127","101.9239","47.4450","25.4343","55.0438","254.9333","45.6015","205.0224","176.1213","60.5387","107.1935","100.8467","93.9214","38.8796","90.1467","20.9967","18.8107","19.0294","39.5600","59.7390","33.6547","27.4530","37.5921","54.3983","179.2587","35.1520","117.8967","33.4288","28.5016","53.7791","56.7395","16.6588","33.5862","101.4417","70.2073","153.7184","41.0700","59.3774","55.1427","36.8070","144.4306","33.5906","54.1585","30.2855","52.9796","44.3005","91.5515","36.3939","133.3324","55.7402","68.3730","19.8768","86.4068","68.8987","138.9204","92.2267","26.6156","14.5052","55.7570","49.8266","93.0153","74.9736","129.9590","189.1213","161.7388","222.4055","54.8243","196.5439","46.3283","55.0482","138.7288","127.2274","40.8130","95.7290"
"C:\Users\cfg364\Sommerlab Dropbox\Casper van der Luijt\Casper\Data\BioLog\OmniLog\CL3\DATA_2024\08\_RIB40_Aspergillus oryzae__1_30_CL3_769_8#19#2024_A_ 9A_7.OKA","8/19/2024 7:16:29 PM"," 9-A","PM01","","RIB40","Aspergillus oryzae","",84.2500,"27.7907","231.2888","185.7378","77.3362","39.2618","174.2790","56.0748","148.8455","104.5853","161.7413","148.4263","209.5775","37.2240","167.9741","154.8114","28.4321","92.7897","89.9186","33.9917","266.1513","69.2529","53.5412","166.1231","97.9479","49.5068","25.4968","55.2557","252.8816","46.2706","206.4377","175.3620","60.7592","113.8451","100.7190","97.7671","35.7715","86.2911","20.5867","17.2303","17.7273","42.3874","61.4143","32.5668","28.2110","36.2041","52.6210","173.9704","32.4546","116.1105","32.3137","28.6865","56.0686","53.1539","15.0818","36.3661","106.4978","69.2569","151.5291","41.6081","57.2726","57.0394","36.1791","145.0159","34.3783","54.6841","29.8471","53.7050","44.3637","92.9652","37.6888","132.8939","59.7959","68.7945","18.1525","85.8700","70.0951","138.8283","88.3015","26.3607","15.5664","55.0228","45.2550","90.8187","72.8995","132.8502","190.9771","167.4936","222.0047","54.3591","194.5841","48.6749","55.9226","136.0808","128.9133","40.2220","100.1816"
"C:\Users\cfg364\Sommerlab Dropbox\Casper van der Luijt\Casper\Data\BioLog\OmniLog\CL3\DATA_2024\08\_RIB40_Aspergillus oryzae__1_30_CL3_769_8#19#2024_A_ 9A_7.OKA","8/19/2024 7:16:29 PM"," 9-A","PM01","","RIB40","Aspergillus oryzae","",84.5000,"28.6050","231.5055","184.9691","75.0428","39.0230","174.2304","57.3568","148.3731","103.7027","161.7476","146.6430","210.8654","34.7642","165.8015","156.2690","33.0604","97.0792","90.8201","34.1703","266.8915","69.7475","57.3895","167.4028","102.3082","47.5971","25.8270","56.6449","254.0104","47.7106","211.2903","178.5316","60.2189","108.8474","107.8904","100.6040","36.9525","90.1869","18.5082","21.2869","16.6137","40.8083","58.4762","37.6403","27.9036","33.7758","50.6189","176.6480","36.5691","113.7987","32.7016","32.2515","56.4480","54.9872","15.8478","34.6958","104.0251","74.0698","153.9522","38.5187","59.5788","59.1896","34.2225","148.7025","34.1226","59.6815","32.1830","54.1041","50.0370","92.7925","37.7027","134.9884","55.1749","69.1751","20.3266","84.8592","66.4389","139.4955","90.8924","27.3191","16.8791","51.6354","46.4140","88.2609","71.8029","136.1065","187.7348","166.4211","221.7179","55.9489","201.9105","47.5098","58.5899","141.1670","126.9091","40.1195","101.0688"
"C:\Users\cfg364\Sommerlab Dropbox\Casper van der Luijt\Casper\Data\BioLog\OmniLog\CL3\DATA_2024\08\_RIB40_Aspergillus oryzae__1_30_CL3_769_8#19#2024_A_ 9A_7.OKA","8/19/2024 7:16:29 PM"," 9-A","PM01","","RIB40","Aspergillus oryzae","",84.7500,"27.8921","231.3797","185.4576","76.4837","38.1997","173.3994","54.2348","147.1358","102.8355","163.5723","145.1239","209.0405","36.9998","170.4024","160.0133","31.0995","93.6628","88.1921","34.6445","264.1094","68.2387","55.8400","169.1240","100.2323","50.7887","25.3568","55.1617","255.7880","46.9758","211.2903","176.3797","58.0321","108.1809","106.4650","101.2391","39.9363","88.9126","19.9909","21.1961","15.9314","41.1925","58.2257","33.9074","23.5905","34.7591","51.2375","178.5150","35.0760","116.9419","32.6697","29.8630","55.4086","53.7322","15.9095","35.8075","102.7287","72.9600","157.2625","39.6613","56.5987","57.3196","35.0732","148.7025","32.5726","55.7969","30.0336","55.0794","50.0685","91.6604","37.5131","136.7426","56.8051","67.4766","19.5281","85.4623","71.0352","137.2456","93.4147","23.0633","18.0678","55.9433","45.1861","89.8868","71.3784","134.3559","194.3691","168.1696","221.9659","55.1740","201.9105","50.0946","56.9030","141.1995","126.3900","37.3196","102.4500"
"C:\Users\cfg364\Sommerlab Dropbox\Casper van der Luijt\Casper\Data\BioLog\OmniLog\CL3\DATA_2024\08\_RIB40_Aspergillus oryzae__1_30_CL3_769_8#19#2024_A_ 9A_7.OKA","8/19/2024 7:16:29 PM"," 9-A","PM01","","RIB40","Aspergillus oryzae","",85.0000,"28.8686","230.0269","184.5289","77.0334","38.8304","175.6301","51.6891","152.0051","106.3421","167.5655","146.6962","209.5686","33.8293","166.7740","158.4889","31.7138","93.1645","89.2920","31.2638","264.9769","63.6001","54.9938","169.2529","97.5844","47.2405","25.8183","57.0883","254.4624","46.8403","210.3216","173.6029","64.4251","109.0891","106.6820","98.7738","35.1371","86.9232","17.4666","20.8504","14.6255","40.3125","57.0614","36.1274","26.1097","36.2422","52.7709","178.5422","30.7188","116.6956","32.5194","28.6493","54.3097","54.4096","13.9997","32.8242","106.8789","74.3764","151.2857","41.3346","59.3573","58.4804","35.7481","144.7598","33.6540","54.5724","31.5494","51.1362","50.7035","92.4667","36.9863","134.4679","58.6134","72.0862","17.6311","83.7822","70.7172","138.4319","93.8782","26.4163","21.3846","52.9963","49.4025","93.4714","71.8957","135.3535","193.7243","165.8217","221.3576","51.8492","199.0355","47.0653","56.0919","137.8623","122.1941","39.3465","104.3663"
"C:\Users\cfg364\Sommerlab Dropbox\Casper van der Luijt\Casper\Data\BioLog\OmniLog\CL3\DATA_2024\08\_RIB40_Aspergillus oryzae__1_30_CL3_769_8#19#2024_A_ 9A_7.OKA","8/19/2024 7:16:29 PM"," 9-A","PM01","","RIB40","Aspergillus oryzae","",85.2500,"25.7664","230.8741","181.9513","75.5306","37.0870","176.0797","50.7060","155.7539","103.4248","163.2874","148.8165","208.5470","33.9215","169.7703","156.9010","31.0090","96.1593","93.5871","30.6921","263.4296","67.7993","52.2520","168.3872","100.7098","51.5773","23.9386","54.2419","252.4668","50.3036","210.8230","176.6877","61.2974","109.1526","105.7960","102.7319","35.7289","87.2268","19.6748","17.2518","13.6566","42.3242","60.6790","36.7962","29.5868","34.5953","55.2013","181.7271","31.5000","115.4022","31.2442","29.5425","56.9773","53.6882","16.1954","33.1731","104.6323","74.0611","152.8594","40.1035","57.3398","55.6676","35.7481","142.1721","31.2744","56.1439","28.5780","50.3430","48.1298","96.0567","39.0702","133.0591","60.8022","69.6040","16.6380","85.8680","69.6218","136.7918","88.3044","29.3786","19.9147","54.5684","45.9289","93.9874","72.7750","136.0762","194.1314","166.0455","219.6810","56.9165","201.8836","45.3464","59.9652","138.0585","125.3374","40.2354","101.5390"
"C:\Users\cfg364\Sommerlab Dropbox\Casper van der Luijt\Casper\Data\BioLog\OmniLog\CL3\DATA_2024\08\_RIB40_Aspergillus oryzae__1_30_CL3_769_8#19#2024_A_ 9A_7.OKA","8/19/2024 7:16:29 PM"," 9-A","PM01","","RIB40","Aspergillus oryzae","",85.5000,"32.6843","234.1689","182.1354","75.2545","36.8018","174.4739","52.3551","148.1303","105.4765","163.9579","149.0063","211.2404","37.1170","167.6167","155.0383","31.1316","95.5858","89.5130","31.0732","265.9558","64.8314","57.8931","170.6315","100.9265","47.7864","24.5652","53.8785","255.6291","49.4775","210.6037","177.4827","59.5913","108.1365","106.9351","101.2120","36.9124","88.4411","17.3405","17.3738","14.1255","41.4301","59.2444","36.6688","27.0896","30.8897","52.8357","178.7674","32.2188","114.7554","32.8063","27.0784","56.4438","52.5277","15.1439","32.6655","105.0753","71.7278","152.7630","41.3662","57.9803","57.7466","35.8111","144.3593","31.9089","58.5167","31.7058","52.3419","48.5692","95.3639","35.7233","138.3810","59.0258","65.5780","16.1896","80.4955","71.7501","138.7414","92.6114","28.5504","16.2402","52.9963","46.7973","93.5681","70.0395","136.3472","195.7908","167.3887","219.4326","56.0772","201.2116","45.6707","58.3191","136.1616","122.1614","39.7745","102.1495"
"C:\Users\cfg364\Sommerlab Dropbox\Casper van der Luijt\Casper\Data\BioLog\OmniLog\CL3\DATA_2024\08\_RIB40_Aspergillus oryzae__1_30_CL3_769_8#19#2024_A_ 9A_7.OKA","8/19/2024 7:16:29 PM"," 9-A","PM01","","RIB40","Aspergillus oryzae","",85.7500,"29.6442","232.9451","183.4856","79.7631","37.7210","177.4929","55.1777","148.8549","109.2274","163.5747","150.5253","212.3858","38.3767","166.8677","160.5348","29.5076","98.0071","92.6081","32.8519","266.8400","68.7780","57.3573","170.6315","103.4330","48.5446","26.4449","56.3010","257.9009","49.1280","210.5723","178.5640","63.1298","108.9621","105.2581","101.4020","35.9780","87.0750","20.4949","19.1121","17.7197","38.2051","58.7143","40.0127","27.9431","32.4099","56.1087","178.3492","31.4375","117.5580","34.0178","29.0805","56.7263","56.0406","15.7006","35.3936","108.9674","76.7727","151.8638","43.1338","58.0763","59.5810","35.3073","143.2811","35.1452","55.9590","34.3956","50.9776","53.6538","94.1987","39.9859","133.6852","60.2312","65.6991","18.2718","85.8680","72.6890","136.4514","91.3130","24.0911","22.6307","52.1622","50.2709","91.8587","71.0816","137.7623","198.8905","167.2608","219.2152","53.5280","199.5795","45.7356","58.4804","137.2081","125.0755","40.2354","99.4828"
"C:\Users\cfg364\Sommerlab Dropbox\Casper van der Luijt\Casper\Data\BioLog\OmniLog\CL3\DATA_2024\08\_RIB40_Aspergillus oryzae__1_30_CL3_769_8#19#2024_A_ 9A_7.OKA","8/19/2024 7:16:29 PM"," 9-A","PM01","","RIB40","Aspergillus oryzae","",86.0000,"26.8832","229.9955","182.0740","77.0948","35.5656","177.3965","51.0548","147.4373","109.6441","162.4893","143.8165","213.2837","34.4746","168.5531","155.9544","31.7751","97.4337","92.0396","30.9144","262.4507","68.1781","56.8531","172.4910","99.4101","48.9085","23.5940","58.4813","254.0940","48.8103","209.0680","176.8785","61.6765","109.7560","108.8019","101.4020","37.0992","86.8929","21.2204","18.0447","16.7196","39.6101","56.3441","35.9363","26.6787","33.2967","54.4236","178.1883","30.0313","113.8931","33.6033","28.2181","55.8161","49.1716","14.9275","33.3634","108.0181","73.7458","155.7178","40.2298","54.7778","57.8689","35.7166","147.2243","29.2755","55.4352","29.5476","51.5170","51.6137","97.2533","37.9335","137.0349","55.4413","68.8775","19.2649","85.2043","70.5294","133.7283","90.2679","25.3652","16.4958","51.4884","44.6423","90.8911","71.8306","138.8162","198.4208","170.3630","220.4883","54.2741","199.2915","43.8869","57.3830","140.4132","125.0755","40.8609","101.5069"
"C:\Users\cfg364\Sommerlab Dropbox\Casper van der Luijt\Casper\Data\BioLog\OmniLog\CL3\DATA_2024\08\_RIB40_Aspergillus oryzae__1_30_CL3_769_8#19#2024_A_ 9A_7.OKA","8/19/2024 7:16:29 PM"," 9-A","PM01","","RIB40","Aspergillus oryzae","",86.2500,"31.9088","232.7569","183.8231","79.2417","36.8652","177.7498","51.3720","149.0439","106.1497","162.7127","148.1835","215.4198","35.6729","166.9925","156.3208","31.5912","99.2815","92.5765","33.6459","266.6189","67.5151","57.1367","170.5353","99.5030","48.8479","24.3145","54.3327","254.9843","50.8120","209.9769","178.5958","59.3701","108.3588","107.5046","99.3438","34.1716","86.2554","17.4351","18.8071","17.1572","41.4301","61.5210","35.6497","28.5437","34.8170","53.5810","177.6736","31.9688","114.5706","34.1134","29.8198","57.4167","50.3321","15.4532","35.8059","104.8854","77.3402","157.1309","38.6515","59.5815","59.7033","35.8426","145.0370","33.0511","58.4859","31.4868","50.8824","51.8334","93.6634","37.5230","134.3114","62.1662","68.9078","19.5852","85.7732","71.4371","138.7104","90.3312","28.3911","18.9881","57.1029","46.5078","94.1487","71.6352","139.0269","196.9179","170.4590","221.2955","53.5591","202.1396","44.6329","62.6765","137.5679","124.0932","40.1037","101.6675"
"C:\Users\cfg364\Sommerlab Dropbox\Casper van der Luijt\Casper\Data\BioLog\OmniLog\CL3\DATA_2024\08\_RIB40_Aspergillus oryzae__1_30_CL3_769_8#19#2024_A_ 9A_7.OKA","8/19/2024 7:16:29 PM"," 9-A","PM01","","RIB40","Aspergillus oryzae","",86.5000,"27.9380","230.6858","183.3628","75.1932","34.6780","179.1308","51.3086","148.2248","107.5924","161.4676","145.9684","212.6954","32.3545","166.1498","159.9241","29.2624","96.9239","93.3661","31.2003","266.3347","69.6936","55.6871","169.8300","99.6577","48.8479","22.3722","57.4214","254.9843","47.3487","213.1422","177.3555","61.5501","110.4228","106.5870","102.3202","35.4486","85.1625","18.8861","19.1731","16.0945","42.5796","59.7746","35.4268","29.9662","33.3918","54.0671","176.9980","30.9063","115.4638","31.4992","28.3721","56.9146","54.2841","14.9275","32.4752","103.7779","75.9214","154.0477","38.9040","57.0515","57.1046","34.7091","143.8972","32.8925","58.9173","31.2366","51.0728","53.3713","93.3800","37.5230","135.3757","57.2177","71.2689","15.7411","86.1208","73.2837","136.4824","91.7880","24.5052","18.4449","51.7772","48.8557","88.9882","73.3611","136.2568","199.5793","171.4504","222.2891","53.4347","200.7636","47.7140","58.1899","137.7968","122.9472","39.6428","103.2097"
"C:\Users\cfg364\Sommerlab Dropbox\Casper van der Luijt\Casper\Data\BioLog\OmniLog\CL3\DATA_2024\08\_RIB40_Aspergillus oryzae__1_30_CL3_769_8#19#2024_A_ 9A_7.OKA","8/19/2024 7:16:29 PM"," 9-A","PM01","","RIB40","Aspergillus oryzae","",86.7500,"26.1387","232.8510","180.1408","77.3708","34.6780","176.0797","50.8646","149.1384","107.2397","164.8199","145.5253","211.2404","33.8600","168.6779","155.7406","31.8976","98.5487","90.4289","33.2648","264.5348","68.1150","55.5610","170.1185","99.7815","48.0290","26.1316","53.7271","255.5983","48.3019","212.8288","174.7796","60.8866","108.9939","106.9034","104.2201","36.3829","85.7393","21.5359","17.0993","16.0007","39.8655","58.9638","34.7898","29.5868","35.9571","52.7385","180.3116","28.8125","115.9257","29.8095","28.4953","55.9103","52.5590","11.3711","29.4300","100.5819","70.4350","156.7455","38.7462","59.3573","58.2664","33.3552","143.8664","31.5916","56.2056","29.7978","51.3266","52.4297","93.7264","35.0602","137.4106","55.8854","68.1510","19.3930","82.1704","71.4058","136.8537","89.1278","26.7667","16.7195","51.0713","47.7943","90.9234","72.2865","138.0634","197.5754","170.4270","220.0846","54.9580","199.0995","45.7680","57.8026","136.4232","124.3552","40.1696","103.0491"
"C:\Users\cfg364\Sommerlab Dropbox\Casper van der Luijt\Casper\Data\BioLog\OmniLog\CL3\DATA_2024\08\_RIB40_Aspergillus oryzae__1_30_CL3_769_8#19#2024_A_ 9A_7.OKA","8/19/2024 7:16:29 PM"," 9-A","PM01","","RIB40","Aspergillus oryzae","",87.0000,"28.1241","233.1648","180.4170","73.1689","33.0932","178.6812","50.8011","151.5956","106.5024","161.3718","146.9494","215.7603","33.8908","168.6155","159.7714","32.0202","96.2230","92.3870","31.5179","263.8085","70.1357","52.3781","172.7154","98.6675","52.4871","23.0614","55.3017","256.4273","48.4608","211.6065","175.5428","60.0020","109.1844","107.2831","106.9432","32.9570","86.3161","18.5392","17.2518","17.8135","40.5041","57.8411","35.7771","27.1212","33.1701","53.1921","179.7003","30.1250","114.9402","34.3366","28.4953","55.5023","52.7472","13.7832","31.6505","106.1511","75.4169","152.8915","41.9028","57.1476","57.9912","31.1196","144.3901","31.2426","57.1608","29.6102","49.4229","51.1743","93.1280","35.3128","139.2889","55.9172","66.5467","18.2718","81.3804","72.5012","136.4824","86.6576","28.4548","20.7455","52.1301","44.9961","89.6332","71.1467","136.0461","200.4559","171.2265","220.3640","55.5798","201.3396","46.0599","56.3501","135.2459","121.2446","38.7210","102.7599"
"C:\Users\cfg364\Sommerlab Dropbox\Casper van der Luijt\Casper\Data\BioLog\OmniLog\CL3\DATA_2024\08\_RIB40_Aspergillus oryzae__1_30_CL3_769_8#19#2024_A_ 9A_7.OKA","8/19/2024 7:16:29 PM"," 9-A","PM01","","RIB40","Aspergillus oryzae","",87.2500,"25.6659","233.3154","183.4209","75.4211","38.6920","179.4143","52.5308","144.7057","109.3620","161.5604","148.7414","214.3776","35.7301","167.0028","159.8852","31.5571","101.1409","89.9798","34.0498","263.8673","67.8119","51.6049","169.8309","96.6383","49.2179","21.0627","58.6773","256.5576","47.9386","212.2099","173.7666","60.5042","109.0061","103.6825","97.8604","38.6576","81.9395","19.0605","21.7817","19.1719","42.7828","59.7552","35.2430","24.8831","32.6714","53.1862","175.2684","31.7104","115.6442","32.8708","31.8544","52.5761","49.9570","15.8031","30.5896","109.4154","76.4792","153.9303","34.3860","57.5749","59.5219","37.7463","142.4523","32.9265","53.5711","34.1012","55.9017","53.2801","93.5472","37.4697","139.2901","58.1374","70.9147","15.6276","83.9174","69.2760","137.7365","88.6564","19.9105","11.8697","55.2555","45.8598","91.2882","72.1335","139.9414","202.3155","172.3358","219.8084","54.3034","198.5529","45.3793","56.1844","137.5130","126.1945","34.9493","101.0091"
"C:\Users\cfg364\Sommerlab Dropbox\Casper van der Luijt\Casper\Data\BioLog\OmniLog\CL3\DATA_2024\08\_RIB40_Aspergillus oryzae__1_30_CL3_769_8#19#2024_A_ 9A_7.OKA","8/19/2024 7:16:29 PM"," 9-A","PM01","","RIB40","Aspergillus oryzae","",87.5000,"26.4444","233.3154","179.3657","73.1996","38.4397","177.4642","46.8748","147.1350","107.9762","157.9879","144.5426","214.8098","34.3750","167.2523","161.7986","28.0392","97.8839","91.1217","33.6709","265.7602","70.4331","53.1947","170.7270","96.3594","52.1251","24.0279","59.5508","256.2819","47.0175","211.5809","177.8873","61.3219","113.1638","104.7565","99.7652","39.9864","87.7323","20.1310","22.2966","16.0958","43.2914","60.4388","34.8935","28.1088","32.8932","52.0539","176.4625","30.0261","118.9941","32.4569","31.7930","53.5886","54.3272","15.8961","36.6561","107.4844","77.6457","152.8059","36.5555","57.9888","57.6382","37.4335","144.2530","31.0570","56.4750","32.8525","50.4907","52.1493","93.8931","37.2170","140.0111","57.0560","71.0952","16.7845","85.6813","69.7789","139.4675","88.9738","19.1384","14.9298","55.9590","46.4060","90.3497","70.4707","139.4589","204.1875","172.1441","219.0949","55.6062","200.6104","45.8308","55.4379","140.4871","122.8026","38.2902","100.3009"
"C:\Users\cfg364\Sommerlab Dropbox\Casper van der Luijt\Casper\Data\BioLog\OmniLog\CL3\DATA_2024\08\_RIB40_Aspergillus oryzae__1_30_CL3_769_8#19#2024_A_ 9A_7.OKA","8/19/2024 7:16:29 PM"," 9-A","PM01","","RIB40","Aspergillus oryzae","",87.7500,"29.4647","233.2841","180.3719","74.4955","35.9165","176.5371","53.3570","145.6838","110.3289","158.4385","145.4265","216.4769","34.3134","166.0983","158.8525","32.5360","95.1059","93.8495","34.9970","264.7191","69.8330","52.5906","171.7511","97.4128","51.4892","20.7473","58.1352","257.7218","48.6056","210.3544","176.0489","63.8066","110.3074","106.5887","101.9875","39.2447","84.7298","21.5479","21.9332","17.9912","42.1790","59.6620","35.6561","24.8515","35.1427","52.7009","177.0111","29.8702","116.7199","33.3165","31.8850","52.9241","51.8612","13.7889","33.5281","108.6240","74.4300","153.9303","37.0022","61.9682","59.1270","37.9965","143.5699","32.1027","58.3904","29.9805","49.8262","50.6729","95.6226","37.0275","136.4684","57.0242","73.0814","16.7845","84.2009","69.4332","136.7473","89.3229","21.9370","13.8668","54.7439","49.5867","91.5471","71.7422","137.9813","205.0923","174.0929","219.9325","56.7229","200.1604","45.3793","54.7237","137.4476","123.0309","41.4658","104.5502"
"C:\Users\cfg364\Sommerlab Dropbox\Casper van der Luijt\Casper\Data\BioLog\OmniLog\CL3\DATA_2024\08\_RIB40_Aspergillus oryzae__1_30_CL3_769_8#19#2024_A_ 9A_7.OKA","8/19/2024 7:16:29 PM"," 9-A","PM01","","RIB40","Aspergillus oryzae","",88.0000,"27.8144","235.1909","181.3171","70.0218","39.4805","179.0946","50.9738","147.0088","109.3620","163.2662","144.7320","214.6246","35.7609","169.4043","159.6118","30.2417","98.5545","90.9631","34.2077","264.0250","70.7173","51.5095","171.5911","100.5732","48.8242","23.1447","59.4303","257.5380","48.3515","212.9961","175.0979","62.0138","107.9905","105.7042","101.8923","35.5674","84.5174","22.1776","21.0852","19.5758","42.3379","59.6620","40.7398","25.6421","30.6120","55.3861","178.2697","34.4552","115.1832","33.3165","32.7131","54.0632","54.4521","17.3215","36.0874","104.5089","73.1059","155.9864","35.5665","59.3895","59.8865","36.7453","145.4948","34.9544","56.5368","31.1980","52.3577","49.7620","96.5660","35.1007","141.8609","60.1412","69.9216","17.9735","85.4923","69.8732","138.1693","86.9745","22.4195","15.3808","54.8718","50.5506","89.7025","71.6770","140.0922","204.1251","176.3293","220.9562","57.9637","202.0571","47.9593","61.3131","134.7677","126.4881","38.6541","105.4516"
"C:\Users\cfg364\Sommerlab Dropbox\Casper van der Luijt\Casper\Data\BioLog\OmniLog\CL3\DATA_2024\08\_RIB40_Aspergillus oryzae__1_30_CL3_769_8#19#2024_A_ 9A_7.OKA","8/19/2024 7:16:29 PM"," 9-A","PM01","","RIB40","Aspergillus oryzae","",88.2500,"26.3821","232.5339","181.5000","78.9691","36.4842","177.1765","52.3084","145.9046","110.8123","158.6638","150.3199","213.2663","34.0978","166.7533","158.7917","30.8535","96.4151","92.0415","34.1129","264.5929","69.4857","53.5763","175.0154","99.2409","50.2173","22.0406","58.1653","258.1201","49.3996","211.1720","177.8873","62.6743","110.2122","108.5156","102.5907","39.2757","85.0027","21.1700","22.7206","17.0279","43.3231","61.6197","36.2916","27.4131","33.8754","56.9066","173.9774","33.3947","115.0296","32.9345","30.2903","53.1140","56.0753","12.7663","36.4033","107.4528","74.9975","158.8456","37.5126","60.6311","59.9777","34.6181","143.9425","31.6591","55.3320","32.0096","53.5918","52.0551","99.2075","35.5113","138.7257","55.7519","70.1323","17.1059","86.6578","71.0048","139.0348","88.5295","18.1412","17.0558","54.7119","50.0365","88.4404","70.3076","138.8860","205.6851","177.2877","219.1569","59.4216","200.8355","45.7340","59.4954","137.4149","125.4118","39.8780","101.6207"
"C:\Users\cfg364\Sommerlab Dropbox\Casper van der Luijt\Casper\Data\BioLog\OmniLog\CL3\DATA_2024\08\_RIB40_Aspergillus oryzae__1_30_CL3_769_8#19#2024_A_ 9A_7.OKA","8/19/2024 7:16:29 PM"," 9-A","PM01","","RIB40","Aspergillus oryzae","",88.5000,"27.5342","233.5029","181.0427","71.1325","35.5380","178.0716","48.1776","145.9046","108.8464","160.9489","147.7627","215.7977","34.3442","166.4102","162.2846","30.8229","96.4790","90.9631","34.2392","266.0442","69.2962","53.2583","175.8155","97.9706","50.6412","18.9177","57.3521","256.1287","50.1301","212.9332","175.7002","62.7058","109.7996","107.0625","101.8288","37.9777","85.2150","18.2103","20.8429","19.4205","43.6410","61.9304","37.0224","26.7806","31.2140","54.7391","175.9461","32.6149","114.9681","34.2397","33.2958","56.4363","54.0463","11.0620","35.9610","108.0542","77.8663","152.7095","37.8317","60.1854","57.6686","36.4011","139.1302","34.5741","55.2084","29.9492","54.2563","52.8718","96.5346","38.9859","142.2998","55.6565","72.4494","13.8280","83.9174","66.5099","139.0348","93.0359","22.5482","11.0966","55.5113","48.9441","91.9678","69.5251","138.0718","201.2547","178.8851","219.4672","55.1409","205.4970","44.8310","58.1970","140.1603","123.5854","38.0587","102.7475"
"C:\Users\cfg364\Sommerlab Dropbox\Casper van der Luijt\Casper\Data\BioLog\OmniLog\CL3\DATA_2024\08\_RIB40_Aspergillus oryzae__1_30_CL3_769_8#19#2024_A_ 9A_7.OKA","8/19/2024 7:16:29 PM"," 9-A","PM01","","RIB40","Aspergillus oryzae","",88.7500,"26.9114","234.0031","184.2137","73.9401","38.0297","180.6931","50.5290","149.8798","109.0720","160.9811","148.0784","217.8352","33.9746","168.7805","162.8616","31.8018","97.7562","88.5207","37.4915","264.9084","69.1067","52.3362","173.7673","99.9845","51.6406","23.7440","56.5992","257.5993","48.4785","211.6123","175.1613","60.7243","109.3552","108.3577","105.8607","40.4499","85.1847","22.4610","24.1440","19.7622","42.0836","61.4643","37.0541","29.5003","33.7486","53.3479","176.5270","29.2464","118.4716","34.1124","34.2158","56.8476","52.7352","14.2537","36.2137","107.6427","76.0378","155.2475","35.1198","59.6124","58.4282","35.4627","147.2335","36.9506","55.1466","34.0076","53.0855","53.4686","100.6541","39.9651","143.2090","56.8651","69.8313","18.1985","87.6657","69.2760","141.2604","92.4012","22.8056","14.1245","55.0317","46.2453","89.2171","68.2862","139.4288","205.6539","177.0640","219.3741","55.7613","202.5072","48.6688","60.5341","138.9510","127.5970","39.1503","100.3331"
"C:\Users\cfg364\Sommerlab Dropbox\Casper van der Luijt\Casper\Data\BioLog\OmniLog\CL3\DATA_2024\08\_RIB40_Aspergillus oryzae__1_30_CL3_769_8#19#2024_A_ 9A_7.OKA","8/19/2024 7:16:29 PM"," 9-A","PM01","","RIB40","Aspergillus oryzae","",89.0000,"28.0945","230.0173","181.6647","77.1870","35.0063","178.2004","50.6388","143.9331","116.3408","160.2781","146.2028","216.4146","35.4702","164.9501","158.5822","29.9641","99.7157","88.6396","33.0944","263.3665","67.1130","52.7617","170.9555","99.7050","47.5742","22.1867","53.5639","256.3469","41.9446","211.0496","179.5252","61.3827","111.6479","102.6417","109.9466","35.5342","83.5068","21.0735","15.8766","14.2781","44.0190","59.8150","35.4671","26.9430","32.7867","51.8722","174.2970","30.7313","112.6124","33.4671","25.5870","56.3148","53.9768","11.0000","33.4905","105.0820","76.3797","154.7929","36.5312","55.7554","53.7335","39.2564","146.1233","34.2095","57.4551","32.2111","51.1465","51.8605","98.3060","35.2531","141.5416","56.0236","72.4374","18.9923","83.1519","70.1160","137.2471","88.2756","23.9338","17.0022","52.9467","49.0942","90.8250","71.1744","140.3135","204.9366","179.7115","218.2550","51.1543","201.7010","47.9062","56.7248","136.8942","123.6919","41.2443","105.5086"
"C:\Users\cfg364\Sommerlab Dropbox\Casper van der Luijt\Casper\Data\BioLog\OmniLog\CL3\DATA_2024\08\_RIB40_Aspergillus oryzae__1_30_CL3_769_8#19#2024_A_ 9A_7.OKA","8/19/2024 7:16:29 PM"," 9-A","PM01","","RIB40","Aspergillus oryzae","",89.2500,"29.7107","231.3959","182.0306","78.8036","29.3858","180.7807","53.9341","145.1989","117.0107","161.5699","145.2205","215.0162","35.4087","168.8043","164.4058","31.5650","102.3744","91.3092","33.6023","264.7909","68.6603","55.9620","173.9663","95.9382","48.9481","22.9723","52.2252","256.4390","42.0406","212.1119","178.2276","60.9427","111.6164","102.8644","107.2938","34.7860","88.3142","20.4772","18.6198","13.4664","39.1013","62.0637","36.2646","29.8475","34.8511","56.0303","179.6127","32.7231","117.9037","36.2318","29.0483","55.3366","54.6356","12.3396","33.7446","108.4071","78.4367","153.6390","36.1496","57.4213","55.8225","38.7886","147.0198","33.2900","59.7564","32.6783","51.4641","50.8832","100.8507","36.1397","141.1637","59.5605","72.1964","18.6087","86.0633","71.9702","139.8393","91.0275","26.3549","18.1256","56.9033","46.6572","91.9893","72.7708","139.7070","203.5267","183.1559","219.6516","54.6744","201.6053","51.2175","61.4986","138.0788","125.4858","37.1964","105.3803"
"C:\Users\cfg364\Sommerlab Dropbox\Casper van der Luijt\Casper\Data\BioLog\OmniLog\CL3\DATA_2024\08\_RIB40_Aspergillus oryzae__1_30_CL3_769_8#19#2024_A_ 9A_7.OKA","8/19/2024 7:16:29 PM"," 9-A","PM01","","RIB40","Aspergillus oryzae","",89.5000,"27.7215","235.8138","182.5490","75.0215","32.3707","179.9099","52.6984","144.7875","116.3089","158.1464","145.3473","215.5755","37.6528","166.8615","158.7968","25.7465","101.2666","90.4193","34.7769","264.7276","67.4919","53.3321","173.6140","102.6382","48.1543","23.5065","52.5599","259.4460","46.7767","217.6732","179.9999","62.7342","112.0582","106.7451","108.9360","34.1625","86.2756","21.0735","18.0407","14.1532","41.1131","56.0048","33.0427","27.6060","32.5962","58.2867","178.1217","33.9990","113.8429","34.8336","29.3573","56.3779","52.0633","11.7165","37.0483","111.7321","76.0633","156.0109","36.1496","57.9019","52.4739","38.3520","145.1650","33.2266","58.7438","28.9095","52.8298","51.7975","98.0546","36.8046","141.3841","52.3911","72.8291","17.0742","84.7975","66.7532","135.4881","91.4704","27.7248","18.5429","54.9411","48.7094","90.4045","72.1844","138.0087","208.7276","181.6570","221.3586","56.9485","203.4245","47.1668","62.7002","134.4264","122.9417","41.4418","106.1823"
"C:\Users\cfg364\Sommerlab Dropbox\Casper van der Luijt\Casper\Data\BioLog\OmniLog\CL3\DATA_2024\08\_RIB40_Aspergillus oryzae__1_30_CL3_769_8#19#2024_A_ 9A_7.OKA","8/19/2024 7:16:29 PM"," 9-A","PM01","","RIB40","Aspergillus oryzae","",89.7500,"31.1145","233.0814","181.9985","76.3494","34.5988","178.3173","53.3163","141.1630","117.4577","161.8868","147.7859","221.8458","39.2824","166.2169","164.2396","30.6643","99.2039","90.5785","37.9159","265.2989","71.3317","56.2605","177.1062","103.1922","52.0919","23.7931","57.0771","259.4030","47.5329","215.1808","178.6445","59.2122","109.8571","106.8098","110.5416","37.9011","87.8932","21.7440","16.9675","16.1547","41.2733","65.6331","37.8521","31.0296","36.7154","54.6280","176.7261","31.8181","116.7951","33.1736","28.8339","55.1813","56.6919","14.6261","34.9379","111.1264","81.9169","155.4564","37.8344","57.9658","55.1694","38.9704","145.3463","32.5607","56.1327","32.7806","53.3452","52.1843","98.5957","40.4303","142.9355","55.2795","72.9974","18.4094","87.1368","74.9798","139.0890","91.4864","24.8126","18.8164","58.6285","43.6402","91.1320","71.1802","145.0820","209.2404","179.1735","222.4122","59.6811","205.3131","46.4918","59.1634","139.2490","124.2833","42.6591","106.9108"
"C:\Users\cfg364\Sommerlab Dropbox\Casper van der Luijt\Casper\Data\BioLog\OmniLog\CL3\DATA_2024\08\_RIB40_Aspergillus oryzae__1_30_CL3_769_8#19#2024_A_ 9A_7.OKA","8/19/2024 7:16:29 PM"," 9-A","PM01","","RIB40","Aspergillus oryzae","",90.0000,"31.6707","231.5132","179.2113","76.7160","35.9627","182.2644","52.3027","143.4510","115.5407","162.1743","148.1953","218.8156","38.1205","168.3761","161.9169","31.4595","99.3635","93.2100","33.9354","265.6147","70.0085","55.6604","178.2215","99.4475","52.0616","22.6301","55.6607","253.5061","47.0885","214.4902","174.2003","58.2643","110.9347","106.6203","104.0153","35.5348","86.8648","22.1826","18.9160","14.2803","44.9543","62.4158","41.0579","27.8803","31.7433","54.3687","177.9850","35.7642","116.3632","35.9572","32.4622","52.1474","56.3507","12.1777","35.0011","110.2731","79.7223","158.1820","37.5168","57.9016","55.8432","35.4976","143.6263","33.9241","54.2830","34.9214","52.9659","47.9358","98.5957","40.5870","143.2808","55.1840","71.6365","18.0566","87.0424","72.9160","140.1682","90.7289","24.8126","18.3038","53.0157","44.0276","94.2997","71.0826","144.4190","212.6776","181.9101","218.9000","58.3805","201.0264","46.6206","60.2994","137.4904","124.1854","43.7428","108.6768"
"C:\Users\cfg364\Sommerlab Dropbox\Casper van der Luijt\Casper\Data\BioLog\OmniLog\CL3\DATA_2024\08\_RIB40_Aspergillus oryzae__1_30_CL3_769_8#19#2024_A_ 9A_7.OKA","8/19/2024 7:16:29 PM"," 9-A","PM01","","RIB40","Aspergillus oryzae","",90.2500,"33.3391","234.3673","180.3139","77.0826","36.6605","180.8203","53.2846","143.5781","120.0776","161.5993","146.4320","216.6821","39.3435","169.4088","162.1614","31.3065","98.1189","91.1809","34.7252","266.1516","71.8673","58.4082","177.0425","98.3644","50.9715","23.6673","57.7099","258.8808","48.2311","214.9297","177.1525","60.4443","113.7873","106.6834","108.5773","35.9084","88.0445","20.9923","19.7076","14.9676","42.5743","61.7352","36.6460","28.3527","32.3767","57.7720","182.4397","30.7306","113.5873","36.4317","32.7696","55.5921","56.4127","15.0600","36.7719","109.7674","79.7537","158.8554","39.0412","62.6142","57.4973","39.0643","146.3292","34.9388","56.9035","33.1529","55.5256","51.1063","98.0904","39.6468","146.5769","58.2081","72.3019","18.2170","88.0810","75.0737","140.0757","93.0331","24.1746","16.6380","57.4097","47.2561","91.3259","70.1072","144.4492","210.6648","183.7239","219.3041","59.1547","205.3451","51.0652","61.9870","138.9234","131.6266","38.9808","106.0438"
"C:\Users\cfg364\Sommerlab Dropbox\Casper van der Luijt\Casper\Data\BioLog\OmniLog\CL3\DATA_2024\08\_RIB40_Aspergillus oryzae__1_30_CL3_769_8#19#2024_A_ 9A_7.OKA","8/19/2024 7:16:29 PM"," 9-A","PM01","","RIB40","Aspergillus oryzae","",90.5000,"33.4936","234.7750","180.2833","73.9969","34.6622","177.1620","48.8820","139.8283","114.1349","162.8770","148.2583","218.8774","40.1691","168.1258","163.6589","30.6337","98.5338","92.2906","38.2003","264.5725","70.7016","56.5763","178.2215","96.2290","51.3954","25.0818","56.8963","256.9460","47.9772","216.5621","175.9462","56.0844","108.6844","107.3468","108.9258","36.1264","86.9858","22.5898","17.6677","15.2488","43.8437","61.6424","35.7255","25.4868","32.6300","52.1970","179.5345","32.4706","112.9395","37.8551","31.3860","54.2016","56.8160","12.5186","34.1157","108.3767","76.6185","155.7450","37.1675","59.5366","54.7712","36.9993","144.7320","32.9412","54.5297","32.5013","55.0200","50.2186","96.4800","40.1796","144.9131","54.1016","70.5175","20.0453","82.9507","73.0098","137.8864","91.7390","24.8126","16.3177","52.7912","41.6385","89.4834","72.5782","142.8820","211.5938","177.2961","218.2162","58.6592","200.9944","48.3598","58.0924","137.0345","125.4256","39.8019","106.7502"
"C:\Users\cfg364\Sommerlab Dropbox\Casper van der Luijt\Casper\Data\BioLog\OmniLog\CL3\DATA_2024\08\_RIB40_Aspergillus oryzae__1_30_CL3_769_8#19#2024_A_ 9A_7.OKA","8/19/2024 7:16:29 PM"," 9-A","PM01","","RIB40","Aspergillus oryzae","",90.7500,"30.3112","231.9837","178.8438","76.4410","34.6622","181.8472","49.8322","139.8283","115.8602","161.5993","145.6447","218.3208","37.3255","171.0674","163.6284","31.2760","102.8738","95.4610","33.8090","265.2357","71.6468","57.1764","177.4567","99.9117","50.9412","24.7989","55.6607","258.5123","50.0086","218.1318","178.8033","60.4443","109.6035","104.6617","106.0429","32.2967","85.5338","23.6235","18.2767","15.1550","43.2090","63.0036","37.6934","33.1712","34.4668","53.8501","179.6636","34.2728","111.9525","36.3051","29.8486","53.3483","54.7997","14.0373","35.9498","109.6410","78.7818","157.1879","36.8182","60.6266","56.3946","38.4698","148.0185","32.9095","52.6183","33.2770","52.8079","50.3137","97.7431","41.9974","141.5857","56.0434","66.8884","19.1151","85.6260","73.4788","138.6264","92.9384","25.1954","15.4207","53.0157","46.4490","90.0329","70.7900","139.4463","210.7887","184.8058","215.4811","59.1237","201.5062","46.1698","63.7721","135.2107","123.7937","39.4406","108.8694"
"C:\Users\cfg364\Sommerlab Dropbox\Casper van der Luijt\Casper\Data\BioLog\OmniLog\CL3\DATA_2024\08\_RIB40_Aspergillus oryzae__1_30_CL3_769_8#19#2024_A_ 9A_7.OKA","8/19/2024 7:16:29 PM"," 9-A","PM01","","RIB40","Aspergillus oryzae","",91.0000,"34.2970","231.7328","178.9663","74.4552","34.3767","182.4248","54.0448","142.3706","111.9303","161.3758","147.0932","222.0313","43.4101","167.8128","165.6760","32.9580","98.7253","91.7199","35.9573","266.3095","70.1660","55.9762","175.9591","101.7067","54.0299","22.2529","56.9565","257.1917","44.0414","215.9342","177.1525","60.8550","109.5402","108.7999","108.7674","37.7454","85.5943","26.0667","20.8037","15.8423","42.4791","63.9007","36.8364","28.1953","34.6252","55.4383","177.6622","31.4452","116.1473","37.1276","32.7081","55.4657","58.2119","11.3409","38.4795","109.1353","77.6531","155.0716","35.4844","61.7487","56.1189","36.9993","146.5135","32.7193","56.0094","31.7567","53.5980","55.3864","97.5852","40.8691","146.4199","55.1203","70.7292","19.3396","88.2384","73.2912","135.3579","90.3502","24.3660","14.5878","53.2402","47.4498","93.4593","69.6846","143.6355","210.2933","187.0014","218.8068","57.8850","203.8735","48.3920","63.2203","139.8353","125.1645","36.2550","107.9704"
"C:\Users\cfg364\Sommerlab Dropbox\Casper van der Luijt\Casper\Data\BioLog\OmniLog\CL3\DATA_2024\08\_RIB40_Aspergillus oryzae__1_30_CL3_769_8#19#2024_A_ 9A_7.OKA","8/19/2024 7:16:29 PM"," 9-A","PM01","","RIB40","Aspergillus oryzae","",91.2500,"35.5329","232.2660","177.1286","75.0051","37.8975","182.8741","53.2213","139.4152","115.1892","162.5256","148.3213","221.3201","39.7716","166.1856","164.9731","30.2056","99.8741","92.7661","37.6000","266.6253","71.9303","56.3868","177.4886","101.7686","54.8172","22.8187","58.8551","256.8231","49.0881","216.6563","177.9461","58.2328","110.8080","105.3251","106.8983","34.4139","85.6548","23.4355","20.6819","15.7798","43.9071","63.2201","36.1382","27.0300","32.9151","56.4431","176.9844","32.8124","113.0938","34.3124","28.7416","56.2558","53.0316","14.3162","33.7046","112.1378","80.5061","155.1678","37.8662","59.6969","58.9676","37.0932","148.5714","32.8461","54.1597","33.4011","56.9161","51.3599","99.8903","39.1453","145.6351","52.9875","72.3623","16.7415","87.4201","74.6046","139.3048","88.4248","22.2925","18.3359","59.0454","41.4771","91.9077","67.8314","148.0958","211.2841","187.3833","218.0298","60.6411","207.2006","49.3904","62.2142","137.9138","123.5000","38.3897","106.3649"
"C:\Users\cfg364\Sommerlab Dropbox\Casper van der Luijt\Casper\Data\BioLog\OmniLog\CL3\DATA_2024\08\_RIB40_Aspergillus oryzae__1_30_CL3_769_8#19#2024_A_ 9A_7.OKA","8/19/2024 7:16:29 PM"," 9-A","PM01","","RIB40","Aspergillus oryzae","",91.5000,"33.3700","236.1550","177.2817","74.6996","38.3733","178.7024","51.5426","140.6546","120.7485","163.1644","148.0379","222.8043","39.3435","166.3420","165.0342","30.6949","98.8848","91.3077","36.2732","266.9727","72.4344","53.0389","180.9936","97.2503","54.6961","20.3669","57.5894","256.0553","49.3738","216.3738","175.1208","59.0542","111.5370","107.5363","105.4092","32.8883","87.6815","23.1849","20.0121","15.5924","48.3180","60.5287","37.9473","30.5887","33.9285","53.7528","178.5015","31.5074","116.1473","36.0521","28.7109","54.5176","56.2887","12.9525","36.3609","107.1757","81.3213","155.3923","36.3419","57.3246","58.4468","35.8417","145.6535","30.9754","54.0981","35.3247","49.1422","50.4722","101.3745","38.5498","143.3122","52.1280","70.6385","17.0623","84.4300","74.1355","140.2298","89.1192","25.8334","13.8190","54.8759","47.0301","91.1320","70.5624","147.7341","208.8379","186.0468","220.7027","54.9741","203.2657","51.4839","61.3379","135.1782","124.6097","42.0679","105.9475"
"C:\Users\cfg364\Sommerlab Dropbox\Casper van der Luijt\Casper\Data\BioLog\OmniLog\CL3\DATA_2024\08\_RIB40_Aspergillus oryzae__1_30_CL3_769_8#19#2024_A_ 9A_7.OKA","8/19/2024 7:16:29 PM"," 9-A","PM01","","RIB40","Aspergillus oryzae","",91.7500,"30.0331","237.0018","180.5590","76.3494","36.4702","181.5584","55.8502","142.2117","119.9178","161.5355","149.0770","219.9287","40.9946","166.8427","162.9254","34.1813","99.1082","96.8243","34.5356","266.0569","73.9151","58.4398","180.2926","99.9117","54.0905","23.8559","59.0057","257.2531","47.5646","216.3424","177.4382","58.1696","111.4736","110.6637","108.6090","37.1850","88.3772","23.9680","15.3234","16.8108","43.3677","63.0964","38.0426","28.2897","33.0101","55.8921","178.7275","34.0553","118.4298","38.2663","32.7389","53.6327","56.1025","14.5641","36.7719","111.9166","80.1926","155.1678","36.6594","58.8955","58.6306","34.4651","148.0492","34.1778","57.2734","34.8283","50.5327","52.0574","101.0903","40.5243","148.5545","55.3113","70.9712","18.7623","87.1997","74.6984","138.9964","90.3817","24.8445","18.2077","57.8587","44.1567","91.8431","68.6117","149.8136","209.7049","187.9561","218.2784","59.2476","205.8250","49.1006","64.8755","140.1609","126.4373","38.6853","106.6218"
"C:\Users\cfg364\Sommerlab Dropbox\Casper van der Luijt\Casper\Data\BioLog\OmniLog\CL3\DATA_2024\08\_RIB40_Aspergillus oryzae__1_30_CL3_769_8#19#2024_A_ 9A_7.OKA","8/19/2024 7:16:29 PM"," 9-A","PM01","","RIB40","Aspergillus oryzae","",92.0000,"33.0920","234.2105","178.3843","76.3494","36.4702","182.4248","50.6557","138.4619","117.9689","163.4519","150.0531","219.6504","38.4263","167.1244","166.8374","31.8264","98.8529","95.4293","36.2732","264.9831","72.5919","56.7027","177.8073","101.3044","51.1835","22.7244","59.0660","256.5160","47.0568","218.0376","175.5653","60.4443","110.7446","109.1474","108.7991","35.9707","86.2598","24.2499","18.2158","15.2488","44.3831","64.7669","38.5504","31.5020","31.7433","53.7852","177.0812","31.9424","115.0369","38.1398","30.3405","53.0955","56.8780","17.8803","37.8471","112.1378","80.3494","157.0917","35.7385","59.5687","57.5279","37.5625","146.4828","31.8632","54.2830","30.6708","55.1148","54.4353","100.0166","40.2423","145.1643","56.7438","73.5720","18.7302","85.8149","72.5407","135.8513","89.7189","25.1635","18.3679","56.1268","46.2230","89.9360","72.8708","146.7396","208.7760","184.2330","220.5473","58.0708","204.8972","50.4532","60.2020","137.4579","121.8681","41.6410","108.7731"
"C:\Users\cfg364\Sommerlab Dropbox\Casper van der Luijt\Casper\Data\BioLog\OmniLog\CL3\DATA_2024\08\_RIB40_Aspergillus oryzae__1_30_CL3_769_8#19#2024_A_ 9A_7.OKA","8/19/2024 7:16:29 PM"," 9-A","PM01","","RIB40","Aspergillus oryzae","",92.2500,"31.2160","236.2982","179.3376","73.5045","37.2030","181.5981","50.3895","143.3626","119.4456","163.5871","143.3885","223.9326","39.5863","167.1621","168.3046","30.1350","104.7163","93.8696","39.0209","264.5132","70.6436","55.1489","175.9898","101.8691","51.2072","23.2397","55.4838","258.7353","48.3030","218.3171","174.3857","57.3475","111.7918","105.5717","112.8055","33.6804","86.0943","20.9042","16.7123","18.3821","46.9137","59.0040","37.9942","28.2754","36.2706","53.7113","175.4440","31.8600","113.5161","35.3873","31.2821","54.7533","52.6832","14.4089","36.4339","114.9675","80.1295","159.4955","41.2939","59.9367","54.3273","36.8533","142.4145","38.6638","54.6948","30.1816","52.7845","55.9652","100.6029","38.5831","147.2821","53.3028","72.7832","18.3067","85.5448","71.7724","138.2894","88.7099","24.9815","15.4598","58.4393","44.3036","94.6546","74.3200","146.4648","206.9356","185.8718","219.0057","59.7557","202.4948","52.0815","59.4792","137.1036","125.7127","39.7371","105.3480"
"C:\Users\cfg364\Sommerlab Dropbox\Casper van der Luijt\Casper\Data\BioLog\OmniLog\CL3\DATA_2024\08\_RIB40_Aspergillus oryzae__1_30_CL3_769_8#19#2024_A_ 9A_7.OKA","8/19/2024 7:16:29 PM"," 9-A","PM01","","RIB40","Aspergillus oryzae","",92.5000,"33.3521","234.4632","179.3376","73.4432","34.1054","186.1967","51.4369","143.9913","113.5906","160.4228","146.9074","222.1713","39.6170","168.3517","166.0474","28.9352","99.6265","92.6332","38.2662","266.6010","66.9435","52.5537","178.2759","101.6227","55.5802","21.8588","55.5745","256.7122","46.0489","219.2850","177.1205","55.9824","111.0650","101.9760","111.2266","35.2091","82.2519","21.4387","16.6817","16.6762","48.9966","57.9095","38.0259","26.6963","34.0019","54.8489","176.2220","32.3552","115.7334","32.5612","29.4047","56.4579","51.1185","12.9524","33.9223","112.9141","76.3118","155.8143","38.9222","61.0206","55.5836","36.9783","142.9426","37.6849","53.3399","27.9912","52.6891","54.9276","98.2102","37.5113","147.7859","57.7239","73.3842","20.6678","87.5347","71.1462","138.5681","87.6658","22.6513","18.4117","58.6636","46.4678","93.0130","69.4192","144.7734","202.4911","182.8590","219.2219","56.7783","199.7887","50.5446","57.9469","138.8980","127.0549","35.8528","104.2551"
"C:\Users\cfg364\Sommerlab Dropbox\Casper van der Luijt\Casper\Data\BioLog\OmniLog\CL3\DATA_2024\08\_RIB40_Aspergillus oryzae__1_30_CL3_769_8#19#2024_A_ 9A_7.OKA","8/19/2024 7:16:29 PM"," 9-A","PM01","","RIB40","Aspergillus oryzae","",92.7500,"33.3521","236.3915","179.0332","79.5098","39.9212","182.9809","50.3895","143.2055","115.9391","161.3177","146.0198","222.7893","38.9130","165.9411","165.9559","29.5505","101.2171","94.4085","37.6686","265.3040","72.2248","56.7629","176.9557","101.9922","54.2136","25.0600","56.6027","259.1644","49.0967","219.8782","174.3221","59.2204","113.7507","104.2034","110.1530","34.9283","83.9159","21.6902","18.9422","18.9715","47.1662","58.2535","39.2615","29.0965","38.4133","53.6138","178.9773","34.8002","114.0396","37.6101","32.6670","56.7736","52.6519","12.9524","34.4627","114.1461","80.8868","155.8784","41.0725","59.2991","58.1269","37.1971","144.6202","36.2006","54.6640","30.0252","49.8272","57.7261","103.3735","39.0559","149.7697","57.5331","72.8734","21.2421","88.0717","73.7449","135.4408","90.9248","25.5561","19.5667","58.6956","49.5688","92.3693","73.7682","147.1293","207.2824","188.1474","218.2952","58.7012","201.1095","50.7367","61.5983","137.5930","125.5817","37.3341","104.6408"
"C:\Users\cfg364\Sommerlab Dropbox\Casper van der Luijt\Casper\Data\BioLog\OmniLog\CL3\DATA_2024\08\_RIB40_Aspergillus oryzae__1_30_CL3_769_8#19#2024_A_ 9A_7.OKA","8/19/2024 7:16:29 PM"," 9-A","PM01","","RIB40","Aspergillus oryzae","",93.0000,"37.3148","236.7647","181.2862","76.9055","38.1196","183.4633","52.6113","146.8202","121.6975","164.1943","145.2906","221.2134","43.2897","172.3904","169.2502","32.2269","103.9528","95.2011","40.6248","267.8347","72.5410","54.2627","178.2437","104.2709","54.8817","24.1184","55.7559","259.6855","48.3665","221.4705","176.4527","58.2998","113.1188","106.9718","113.0897","35.9890","87.3046","23.7025","21.6914","19.9020","49.3753","61.0368","38.8496","29.9808","38.2557","58.1969","177.2917","33.6861","117.7042","38.1817","32.2977","59.1412","55.3432","18.8095","40.4079","114.0198","83.4109","161.3841","42.8434","61.4670","57.9430","38.1037","146.2047","39.2954","59.9911","32.3407","54.3745","57.9148","104.3810","37.5743","152.3833","57.0560","77.5912","21.0188","87.0294","75.1226","139.6828","95.5760","25.7476","16.6470","58.0870","48.5352","95.4271","74.4498","147.0689","206.9356","188.8846","222.4034","60.5001","207.8750","53.8106","64.9564","138.4413","127.4150","39.7700","107.5661"
"C:\Users\cfg364\Sommerlab Dropbox\Casper van der Luijt\Casper\Data\BioLog\OmniLog\CL3\DATA_2024\08\_RIB40_Aspergillus oryzae__1_30_CL3_769_8#19#2024_A_ 9A_7.OKA","8/19/2024 7:16:29 PM"," 9-A","PM01","","RIB40","Aspergillus oryzae","",93.2500,"32.4543","237.5112","180.0988","72.3096","35.0220","183.6884","51.0877","140.3451","115.1670","163.7149","144.9419","223.8090","40.4433","168.3517","164.5222","28.7199","106.2115","95.4864","38.8322","265.8735","67.0384","53.4399","176.2152","104.3941","49.5977","24.6520","55.2116","256.6203","47.3823","219.4723","176.5481","55.9507","112.5185","101.7214","115.9001","36.8625","88.8778","20.7155","14.5129","19.2816","48.6810","58.4724","36.9486","27.8017","37.5940","52.7361","176.3840","33.9337","116.2877","36.8798","28.5737","57.8153","52.6519","13.5412","33.6679","111.6188","78.9621","160.3918","39.0171","60.7975","55.7062","36.1030","142.9426","36.0111","54.0481","34.0931","49.9226","57.0343","102.2086","37.6058","146.3375","57.1196","73.8650","17.8919","84.9130","76.1871","138.5681","92.7283","22.0448","16.7753","57.6706","43.8190","92.0152","71.3016","149.9080","206.3367","188.9487","219.2528","55.2275","203.1070","54.5150","60.9463","139.1917","119.6889","31.8369","104.8015"
"C:\Users\cfg364\Sommerlab Dropbox\Casper van der Luijt\Casper\Data\BioLog\OmniLog\CL3\DATA_2024\08\_RIB40_Aspergillus oryzae__1_30_CL3_769_8#19#2024_A_ 9A_7.OKA","8/19/2024 7:16:29 PM"," 9-A","PM01","","RIB40","Aspergillus oryzae","",93.5000,"35.2096","236.4537","179.0941","74.7607","37.2346","185.4249","53.0556","141.0052","117.8693","161.4456","146.1149","224.1180","37.9948","168.5709","165.8949","30.8118","99.3720","92.6015","37.7944","265.0510","68.7145","55.0223","178.5335","101.6535","51.4805","21.8274","57.2377","257.0494","50.0491","217.0994","172.7003","56.1412","113.5611","103.5670","112.2687","33.3684","84.7631","22.5392","18.4229","19.9950","45.7145","62.1001","38.2793","28.8439","38.7284","53.3862","176.4813","34.6764","114.5631","35.1015","32.1438","52.5435","52.7771","13.8821","32.9367","112.8825","79.5932","156.9987","40.2504","63.6030","56.7174","37.7911","142.9116","37.0533","54.8487","30.6510","48.5870","58.4493","105.1051","39.8440","150.1476","54.9886","74.0754","17.0942","87.4084","74.7469","136.2459","90.4186","23.7366","17.5454","56.4213","45.6926","94.4936","70.6850","150.7840","207.0302","188.5320","219.9941","56.4992","204.8466","52.3057","61.6309","138.9633","126.5966","35.1287","105.8945"
"C:\Users\cfg364\Sommerlab Dropbox\Casper van der Luijt\Casper\Data\BioLog\OmniLog\CL3\DATA_2024\08\_RIB40_Aspergillus oryzae__1_30_CL3_769_8#19#2024_A_ 9A_7.OKA","8/19/2024 7:16:29 PM"," 9-A","PM01","","RIB40","Aspergillus oryzae","",93.7500,"32.7949","237.0135","176.7801","75.2203","33.8525","183.4633","49.7229","143.2055","116.1321","160.7105","147.3195","223.3146","39.7700","167.3499","165.4373","31.1810","100.9308","92.8868","39.9015","265.2408","70.7068","53.6298","179.8859","101.1609","54.9121","24.2440","57.6611","258.7353","48.3347","222.0325","172.6685","58.3633","109.4536","105.8581","113.5318","34.5539","83.4923","22.5706","18.8200","16.8623","46.3457","58.6288","37.7724","29.6334","34.6951","52.4111","174.8605","31.3029","114.5323","34.4347","33.0671","55.1636","52.6206","16.0824","36.6882","116.4523","78.4258","157.0307","41.5785","61.0525","58.1882","38.5726","144.3406","35.6322","55.1874","28.7422","52.8481","58.5122","103.3735","38.3309","149.7697","57.8193","73.3241","18.3705","89.6511","73.9015","136.7723","90.0072","22.5874","16.8074","55.9408","45.5310","95.3627","68.3482","153.5627","205.8009","189.6539","219.4690","57.4916","206.1997","54.0668","63.3915","136.5163","122.9955","38.0254","105.1873"
"C:\Users\cfg364\Sommerlab Dropbox\Casper van der Luijt\Casper\Data\BioLog\OmniLog\CL3\DATA_2024\08\_RIB40_Aspergillus oryzae__1_30_CL3_769_8#19#2024_A_ 9A_7.OKA","8/19/2024 7:16:29 PM"," 9-A","PM01","","RIB40","Aspergillus oryzae","",94.0000,"38.7080","239.0662","179.7639","77.5796","38.4357","188.5764","54.0396","142.7340","122.8235","163.4272","148.3974","224.9523","40.5658","167.8821","168.8842","32.0423","104.0483","94.1549","41.6626","265.4306","73.5846","56.6680","181.2383","104.5172","52.0879","26.6605","59.2336","259.9614","48.8744","221.9077","176.7707","58.7125","111.3178","107.7355","116.0264","34.6475","86.6087","23.8283","19.7059","20.3983","47.6396","59.8484","40.5289","29.5703","38.4448","54.5239","176.9675","34.0884","116.4108","38.5628","31.0358","59.6463","52.2451","13.7891","37.8327","115.0623","83.0954","154.1178","41.2307","64.4956","57.2996","39.5417","145.1795","39.8007","58.0819","29.5871","51.3217","58.0405","105.0736","39.2135","151.9424","58.1056","76.0887","23.3480","89.6511","73.9641","138.0417","93.3612","27.5033","17.9304","55.3002","49.1166","93.8177","74.9366","154.7407","205.5802","193.1795","218.0790","56.5922","203.2036","54.5791","64.5651","133.2536","127.3496","40.7905","107.4696"
"C:\Users\cfg364\Sommerlab Dropbox\Casper van der Luijt\Casper\Data\BioLog\OmniLog\CL3\DATA_2024\08\_RIB40_Aspergillus oryzae__1_30_CL3_769_8#19#2024_A_ 9A_7.OKA","8/19/2024 7:16:29 PM"," 9-A","PM01","","RIB40","Aspergillus oryzae","",94.2500,"32.2282","236.0756","177.6172","72.9413","35.2694","182.6284","52.5922","137.7215","122.6058","162.1951","146.5077","222.3665","38.3947","168.3404","166.4863","35.1942","102.0896","91.8401","37.4254","266.2402","72.5372","53.8590","181.2757","98.4162","53.1971","22.3425","57.0122","258.4127","45.7238","218.3463","174.8219","55.8418","108.3321","108.9647","112.6959","35.4067","83.4164","22.1503","13.5759","17.8197","42.6449","61.2457","40.3335","29.4454","33.8873","58.0060","178.1163","35.7018","112.6345","32.6356","29.1590","57.8713","52.9498","11.0000","37.6278","109.5420","78.2660","157.6840","39.3017","62.1491","54.2152","35.0542","144.9024","33.4599","56.7517","31.8945","53.4778","60.5572","106.2732","38.6179","150.5113","54.6224","73.7054","17.4753","85.0985","76.4015","135.4949","90.3477","23.9116","16.0413","55.2970","51.2693","88.5106","69.9086","154.2000","205.4740","189.2580","220.4904","56.3739","205.0644","46.0000","66.8973","136.3703","127.5742","37.9841","110.2892"
"C:\Users\cfg364\Sommerlab Dropbox\Casper van der Luijt\Casper\Data\BioLog\OmniLog\CL3\DATA_2024\08\_RIB40_Aspergillus oryzae__1_30_CL3_769_8#19#2024_A_ 9A_7.OKA","8/19/2024 7:16:29 PM"," 9-A","PM01","","RIB40","Aspergillus oryzae","",94.5000,"30.1427","236.8910","177.2225","75.9276","36.2199","182.9192","52.8136","139.8187","122.2851","164.3102","146.3179","222.5217","38.1804","170.2113","167.4355","33.6077","99.6474","93.1461","33.7366","267.1566","69.9876","53.2607","179.9612","99.6862","53.0759","23.8778","56.5887","258.5043","46.9981","219.8593","178.6516","57.0760","111.0393","105.9836","112.2206","36.6208","85.4733","22.5272","17.1332","14.1763","38.7132","58.9080","38.7694","33.1029","35.6308","56.2217","175.9230","36.7220","112.5727","34.5155","30.8182","54.7444","54.8254","13.5559","38.5143","111.8011","80.8156","156.8850","38.8911","62.6909","54.7347","37.1500","144.3170","37.0294","55.9187","31.2396","52.0820","57.9539","106.5866","35.8403","149.5335","54.4316","70.0773","19.1423","85.3829","75.5882","136.5141","93.1612","25.8882","19.6787","55.4584","45.7970","94.1325","68.8039","154.1398","206.9801","189.9338","216.9534","56.7463","205.2894","47.5484","64.2217","137.0226","124.1274","34.9566","110.4171"
"C:\Users\cfg364\Sommerlab Dropbox\Casper van der Luijt\Casper\Data\BioLog\OmniLog\CL3\DATA_2024\08\_RIB40_Aspergillus oryzae__1_30_CL3_769_8#19#2024_A_ 9A_7.OKA","8/19/2024 7:16:29 PM"," 9-A","PM01","","RIB40","Aspergillus oryzae","",94.7500,"33.6912","236.5461","180.2894","74.5114","34.0338","183.0484","51.8648","141.5664","123.3434","163.3809","148.7857","224.9752","40.8127","168.2157","166.6088","34.5535","102.4384","94.1016","38.2522","269.4319","72.5372","59.6533","180.9872","100.3367","51.8339","26.0711","57.4659","258.5959","50.0563","219.7962","179.3162","58.1835","112.7911","106.9033","111.2702","38.5198","85.7153","20.7055","18.1145","16.9478","43.0604","60.3106","37.7480","31.4948","36.9622","58.3304","178.8582","35.1144","116.0305","35.0253","34.6282","59.8611","54.4815","13.1195","38.0394","113.1375","83.3022","159.5694","42.0182","65.3041","62.9560","38.9017","147.3056","42.0521","57.3995","34.1710","52.9068","63.4428","109.4385","38.4285","153.0977","57.1023","75.3078","17.9882","89.5855","77.7777","140.1585","90.3477","27.2591","21.2740","55.4584","48.9838","94.1648","68.5115","155.4627","208.8627","189.4189","219.1563","57.0877","206.9931","50.8710","67.5743","136.5007","128.0620","40.6167","110.2572"
"C:\Users\cfg364\Sommerlab Dropbox\Casper van der Luijt\Casper\Data\BioLog\OmniLog\CL3\DATA_2024\08\_RIB40_Aspergillus oryzae__1_30_CL3_769_8#19#2024_A_ 9A_7.OKA","8/19/2024 7:16:29 PM"," 9-A","PM01","","RIB40","Aspergillus oryzae","",95.0000,"33.0686","235.4484","178.9533","75.5273","34.0021","185.8917","53.0034","136.8953","122.8944","167.7392","148.6275","227.3665","43.0778","169.1511","168.9665","34.4620","103.3899","94.4520","34.5952","270.0007","70.4597","56.0004","182.8788","99.7482","57.8318","28.4211","55.3484","259.9399","45.5008","219.3550","177.0374","61.6329","113.0140","106.1104","115.2303","39.7650","84.8683","21.5535","18.0838","17.3214","44.1791","61.7132","35.9925","33.7335","34.5847","57.2598","179.5356","36.1037","110.5968","34.0694","32.3237","55.7867","55.9507","14.3040","38.1661","117.7511","82.5783","159.4736","42.4920","61.0019","59.8692","37.5254","146.6894","36.1133","58.1091","31.1460","55.2860","62.1255","104.8629","40.6380","153.5078","57.5793","74.7334","23.0852","87.5948","74.2746","137.4098","89.2412","25.1231","18.0833","55.3616","48.5331","95.8772","69.8112","154.8915","207.1997","193.7313","220.4594","56.6532","206.3181","51.7419","68.8315","135.9463","129.4927","39.5308","113.1343"
"C:\Users\cfg364\Sommerlab Dropbox\Casper van der Luijt\Casper\Data\BioLog\OmniLog\CL3\DATA_2024\08\_RIB40_Aspergillus oryzae__1_30_CL3_769_8#19#2024_A_ 9A_7.OKA","8/19/2024 7:16:29 PM"," 9-A","PM01","","RIB40","Aspergillus oryzae","",95.2500,"32.6951","235.7620","180.1376","72.9105","33.3684","184.5993","51.9280","137.1178","121.9644","162.9643","149.6716","222.3044","42.0371","168.5275","170.3750","34.2484","103.9608","93.2098","34.6270","267.9150","71.3725","58.8031","180.7628","97.7657","54.4996","26.6351","56.0744","259.8177","47.0936","219.2604","178.2085","56.4747","109.2239","108.6476","117.4797","38.6754","88.2865","24.6631","19.0958","18.5359","41.8457","62.8354","35.9606","33.2290","37.9449","59.5306","177.8905","34.8052","114.2707","32.5718","32.3237","57.7765","55.4193","14.0546","41.7439","115.1738","81.0989","158.0355","39.9967","62.7865","61.2445","38.3386","143.9473","37.2190","55.0240","34.4205","53.9219","62.4077","107.8402","37.7657","152.7508","54.1136","76.8498","19.9437","86.9628","76.1512","140.4056","94.5205","25.7926","19.9339","56.9102","45.8614","91.0631","66.1395","156.3947","210.1805","192.3797","220.9558","58.4533","205.6430","51.7097","69.7018","137.3487","126.0134","37.0298","110.5449"
"C:\Users\cfg364\Sommerlab Dropbox\Casper van der Luijt\Casper\Data\BioLog\OmniLog\CL3\DATA_2024\08\_RIB40_Aspergillus oryzae__1_30_CL3_769_8#19#2024_A_ 9A_7.OKA","8/19/2024 7:16:29 PM"," 9-A","PM01","","RIB40","Aspergillus oryzae","",95.5000,"36.4614","233.9745","177.5262","74.5730","34.8259","183.8562","50.8843","140.0411","123.2472","163.3488","146.3179","225.7826","41.1494","171.8951","167.6499","34.3704","100.3134","92.7957","36.8530","266.0822","70.9004","57.8268","183.4238","100.9253","55.8325","26.8858","58.2827","260.2454","45.9786","222.4125","177.0690","59.9240","114.9887","104.3027","116.1491","34.5350","85.9875","24.0663","16.7652","19.5324","42.9006","59.6872","39.2801","35.8461","36.9939","56.2217","178.7937","37.6495","112.5418","36.9690","31.1562","52.5967","54.1689","14.2417","40.9840","117.9739","86.2611","158.9622","40.8811","63.4558","58.7384","37.5566","146.2889","36.5556","57.1527","31.1460","56.6184","61.5609","110.0967","43.7312","154.4225","56.9752","75.9427","21.2259","87.0576","79.6231","138.9231","91.2960","25.6013","21.9760","59.1686","51.0761","93.4217","70.9159","155.3124","209.9295","192.9268","220.0871","55.7221","204.5500","49.5161","68.8959","139.1751","130.9235","40.0244","109.3622"
"C:\Users\cfg364\Sommerlab Dropbox\Casper van der Luijt\Casper\Data\BioLog\OmniLog\CL3\DATA_2024\08\_RIB40_Aspergillus oryzae__1_30_CL3_769_8#19#2024_A_ 9A_7.OKA","8/19/2024 7:16:29 PM"," 9-A","PM01","","RIB40","Aspergillus oryzae","",95.7500,"32.7262","237.1732","179.5910","73.4339","37.1387","185.6978","54.2686","133.9084","120.5853","161.8747","145.7167","222.8634","40.5067","168.2469","168.3235","30.3126","105.3563","92.8913","34.9768","268.8630","74.6461","58.2992","180.5383","97.1461","55.2872","24.0972","55.2576","260.2759","45.5645","220.8680","177.7020","62.8354","112.4407","105.1273","112.6325","38.9245","88.4982","19.4177","18.1758","18.6293","43.0284","61.7132","39.4397","29.9183","32.9680","54.4375","176.4391","37.4949","115.0426","35.8857","32.1087","55.5656","54.8254","11.9974","36.5513","115.8420","85.0335","158.4509","40.5968","66.1646","58.5550","39.1832","146.1965","37.5033","59.0655","30.5535","56.3329","62.7528","109.3445","36.6610","153.1608","56.5618","76.6684","17.4753","85.8569","77.8715","139.3555","92.6554","24.9318","20.8592","57.2974","48.5009","95.6834","71.3383","153.4484","207.3566","193.2486","219.3425","57.6774","204.6465","49.5484","68.1545","138.1315","126.1760","37.0298","110.9925"
"C:\Users\cfg364\Sommerlab Dropbox\Casper van der Luijt\Casper\Data\BioLog\OmniLog\CL3\DATA_2024\08\_RIB40_Aspergillus oryzae__1_30_CL3_769_8#19#2024_A_ 9A_7.OKA","8/19/2024 7:16:29 PM"," 9-A","PM01","","RIB40","Aspergillus oryzae","",96.0000,"36.7104","236.3265","180.3805","74.9116","37.6457","188.5410","53.4146","134.3533","124.3697","163.5411","146.7924","224.9752","44.5164","170.3672","172.0285","35.9874","105.5149","92.3816","35.2312","265.7346","76.0311","61.1649","183.9368","100.1818","53.5909","27.1678","61.2171","260.4286","46.9662","220.2691","175.1067","58.0253","115.3709","106.2373","115.8956","37.0255","81.9342","21.7420","18.4825","16.5741","42.9645","61.8379","38.0991","30.7696","36.9305","55.8649","177.5358","36.7838","114.7956","36.8097","33.9215","57.3343","53.9814","12.2780","38.0077","114.9193","87.8034","158.7386","43.3449","63.9338","56.5990","38.1197","147.9219","39.2407","55.5793","31.1460","54.2392","63.5369","110.5668","41.2061","151.9622","56.9434","100.2207","21.4182","86.4257","79.7169","136.7921","91.3909","24.2623","19.5191","61.4915","48.3400","94.0033","69.2913","155.6431","208.4862","194.4715","217.6050","57.2429","206.8645","51.2581","71.7327","139.9579","126.7938","37.4905","109.4261"
